Prscrbr_NPI,Prscrbr_Last_Org_Name,Prscrbr_First_Name,Prscrbr_MI,Prscrbr_Crdntls,Prscrbr_Ent_Cd,Prscrbr_St1,Prscrbr_St2,Prscrbr_City,Prscrbr_State_Abrvtn,Prscrbr_State_FIPS,Prscrbr_Zip5,Prscrbr_RUCA,Prscrbr_RUCA_Desc,Prscrbr_Cntry,Prscrbr_Type,Prscrbr_Type_Src,Tot_Clms,Tot_30day_Fills,Tot_Drug_Cst,Tot_Day_Suply,Tot_Benes,GE65_Sprsn_Flag,GE65_Tot_Clms,GE65_Tot_30day_Fills,GE65_Tot_Drug_Cst,GE65_Tot_Day_Suply,GE65_Bene_Sprsn_Flag,GE65_Tot_Benes,Brnd_Sprsn_Flag,Brnd_Tot_Clms,Brnd_Tot_Drug_Cst,Gnrc_Sprsn_Flag,Gnrc_Tot_Clms,Gnrc_Tot_Drug_Cst,Othr_Sprsn_Flag,Othr_Tot_Clms,Othr_Tot_Drug_Cst,MAPD_Sprsn_Flag,MAPD_Tot_Clms,MAPD_Tot_Drug_Cst,PDP_Sprsn_Flag,PDP_Tot_Clms,PDP_Tot_Drug_Cst,LIS_Sprsn_Flag,LIS_Tot_Clms,LIS_Drug_Cst,NonLIS_Sprsn_Flag,NonLIS_Tot_Clms,NonLIS_Drug_Cst,Opioid_Tot_Clms,Opioid_Tot_Drug_Cst,Opioid_Tot_Suply,Opioid_Tot_Benes,Opioid_Prscrbr_Rate,Opioid_LA_Tot_Clms,Opioid_LA_Tot_Drug_Cst,Opioid_LA_Tot_Suply,Opioid_LA_Tot_Benes,Opioid_LA_Prscrbr_Rate,Antbtc_Tot_Clms,Antbtc_Tot_Drug_Cst,Antbtc_Tot_Benes,Antpsyct_GE65_Sprsn_Flag,Antpsyct_GE65_Tot_Clms,Antpsyct_GE65_Tot_Drug_Cst,Antpsyct_GE65_Bene_Suprsn_Flag,Antpsyct_GE65_Tot_Benes,Bene_Avg_Age,Bene_Age_LT_65_Cnt,Bene_Age_65_74_Cnt,Bene_Age_75_84_Cnt,Bene_Age_GT_84_Cnt,Bene_Feml_Cnt,Bene_Male_Cnt,Bene_Race_Wht_Cnt,Bene_Race_Black_Cnt,Bene_Race_Api_Cnt,Bene_Race_Hspnc_Cnt,Bene_Race_Natind_Cnt,Bene_Race_Othr_Cnt,Bene_Dual_Cnt,Bene_Ndual_Cnt,Bene_Avg_Risk_Scre
1861679433,Nyameh,Marcia,A,"PHARMD, B.S.",I,249 Main St,,Binghamton,NY,36,13905,1,"Metropolitan area core: primary flow within an urbanized area of 50,000 and greater",US,Pharmacist,NPPES-Taxonomy,61,61,11359.41,61,54,"#",,,,,"#",,,61,11359.41,,0,0,,0,0,,13,2450.92,,48,8908.49,,18,3392.69,,43,7966.72,0,0,0,0,0,0,0,0,0,,0,0,0,*,,,*,,72.333333333333,,,,,30,24,14,,11,12,0,,13,41,0.99487428560695
1861682098,Rodriguez,Victor,N,RPA-C,I,750 East Adams St,,Syracuse,NY,36,13210,1,"Metropolitan area core: primary flow within an urbanized area of 50,000 and greater",US,Physician Assistant,Claim-Specialty,169,169,15600.84,918,141,,135,135,14502.88,634,,115,,83,14417.77,,86,1183.07,,0,0,,99,8097.91,,70,7502.93,,74,5784.63,,95,9816.21,,,,,,,,,,,46,621.25,43,,0,0,,0,70.382978723404,26,64,37,14,84,57,87,34,,,0,,56,85,1.3208670458638
1871047951,Inglis,Nicholas,A,PHARM D.,I,112 Fargo Ave,"Apartment #2",Buffalo,NY,36,14201,1,"Metropolitan area core: primary flow within an urbanized area of 50,000 and greater",US,Pharmacist,NPPES-Taxonomy,20,20,3574.12,20,17,,20,20,3574.12,20,,17,,20,3574.12,,0,0,,0,0,*,,,"#",,,*,,,"#",,,0,0,0,0,0,0,0,0,0,,0,0,0,,0,0,,0,75.823529411765,0,,,,,,15,0,0,,0,,,,0.85835294117647
1871511162,Lyons,Andrew,W,M.D.,I,125 Park Dr,,Bronx,NY,36,10464,1,"Metropolitan area core: primary flow within an urbanized area of 50,000 and greater",US,Internal Medicine,Claim-Specialty,11203,11648.766666667,553762.01,304911,470,,11168,11613.733333333,546597.77,303884,"#",,,1361,353680.62,,9750,195549.41,,92,4531.98,,1017,43699.33,,10186,510062.68,,726,33738.34,,10477,520023.67,103,1420.19,2686,24,0.91939659019905,,,,,,240,4391.03,158,,298,13671.4,*,,85.987234042553,,,,,334,136,437,,,,0,11,33,437,1.8593200843646
1871522706,Otello,Toni,A,A.N.P.,I,900 Intervale Ave,First Floor,Bronx,NY,36,10459,1,"Metropolitan area core: primary flow within an urbanized area of 50,000 and greater",US,Nurse Practitioner,NPPES-Specialty,9410,9514.4333333333,861051.6,255955,215,,8895,8968.3,802310.22,241687,,203,,1328,561371.08,,8067,299399.9,,15,280.62,,9234,853221.32,,176,7830.28,"#",,,*,,,72,3246.09,1651,17,0.76514346439957,11,767.47,309,,15.277777777778,63,32281.71,32,,301,42782.65,,32,80.386046511628,12,54,71,78,144,71,39,79,,92,,0,,,2.5445875182943
1871575639,Tran,Tuan Richie,Q,MD,I,356 West 18th Street,Community Health Project Inc.,New York,NY,36,10011,1,"Metropolitan area core: primary flow within an urbanized area of 50,000 and greater",US,Internal Medicine,NPPES-Specialty,1717,2237.8333333333,1527246.39,65056,102,,1111,1516.2666666667,761238.13,44409,,64,,511,1453770.22,,1190,72726.97,,16,749.2,,919,672164.19,,798,855082.2,,1235,1081438.78,,482,445807.61,28,1409.37,764,,1.6307513104252,0,0,0,,0,,,,*,,,*,,63.411764705882,38,52,,,17,85,52,26,,19,0,,63,39,1.1524147549081
1871578658,Tamburrino,Frank,V,ND,I,501 Seaview Ave,Suite 100,Staten Island,NY,36,10305,1,"Metropolitan area core: primary flow within an urbanized area of 50,000 and greater",US,Cardiology,Claim-Specialty,10620,20602.5,1334145.6,613120,1063,,9620,18698.2,1197089.61,556585,,946,,1689,1153992.89,,8901,178126.14,,30,2026.57,,4562,532766.68,,6058,801378.92,,2281,314848.31,,8339,1019297.29,,,,,,,,,,,68,820.9,50,*,,,*,,73.675446848542,117,464,358,124,536,527,923,,22,68,,32,182,881,1.2744885775815
1871594234,Coveney,Carolyn,L,MD,I,308 W Seneca St,,Manlius,NY,36,13104,1,"Metropolitan area core: primary flow within an urbanized area of 50,000 and greater",US,Family Practice,Claim-Specialty,6715,14204.366666667,589515.76,411993,483,,5960,12984.6,543943.09,377172,,436,,746,426847.36,,5888,159131.67,,81,3536.73,,4510,352424.02,,2205,237091.74,,1255,135792.93,,5460,453722.83,233,5165.61,5805,42,3.469843633656,20,1119.78,597,,8.5836909871245,232,4059.81,133,,25,399.85,*,,72.761904761905,47,260,120,56,334,149,430,19,13,,,20,56,427,1.1240643573205
1871609974,Tripodi,Albert,T,MD,I,5417 W Genesee St,,Camillus,NY,36,13031,1,"Metropolitan area core: primary flow within an urbanized area of 50,000 and greater",US,Internal Medicine,Claim-Specialty,8605,18064.066666667,958230.6,521743,684,,8281,17509.633333333,930382.01,506504,,665,,1321,773818.31,,7182,179516.61,,102,4895.68,,4639,571182.78,,3966,387047.82,,1864,170798.53,,6741,787432.07,215,13927.19,4738,48,2.4985473561883,34,9674.53,676,,15.813953488372,156,1983.27,93,,27,2651.1,*,,77.514619883041,19,274,224,167,360,324,613,37,,,0,27,100,584,1.3081471847851
1871611319,Palomino,Lucy,,NURSE PRACTITIONER,I,707 E Main St,,Middletown,NY,36,10940,1,"Metropolitan area core: primary flow within an urbanized area of 50,000 and greater",US,Nurse Practitioner,Claim-Specialty,4148,6632.7333333333,890879.47,193557,169,,3682,6079.3666666667,840472.29,177584,,142,,1037,831041.65,,2880,54762.63,,231,5075.19,,3903,827311.5,,245,63567.97,,3946,855389.74,,202,35489.73,,,,,,,,,,,45,13170.37,27,*,,,*,,69.301775147929,27,94,,,115,54,14,20,,131,0,,132,37,1.3001334992145
1871616870,Aslam,Uzma,,MD,I,1055 Stewart Ave,,Bethpage,NY,36,11714,1,"Metropolitan area core: primary flow within an urbanized area of 50,000 and greater",US,Family Practice,Claim-Specialty,2501,6071.5,259124.55,179679,282,,2413,5884.5,252782.2,174212,,267,,308,210681.98,,2177,48104.7,,16,337.87,,1827,177231.7,,674,81892.85,,935,127290.03,,1566,131834.52,0,0,0,0,0,0,0,0,0,,31,180.16,23,*,,,*,,75.570921985816,15,126,93,48,168,114,149,31,64,24,0,14,87,195,1.1842720971732
1871655944,Zhou,Zhu-Ping,,M.D.,I,13620 38th Ave,"#6k",Flushing,NY,36,11354,1,"Metropolitan area core: primary flow within an urbanized area of 50,000 and greater",US,Internal Medicine,Claim-Specialty,29068,44790.3,6222612.4,1308494,752,,28499,44036.5,6057179.06,1287178,,737,,7780,5666502.78,,20780,543940.14,,508,12169.48,,26477,5511726.2,,2591,710886.2,,26221,5695400.41,,2847,527211.99,,,,,,,,,,,737,6911.49,383,,212,221216.33,,37,74.982712765957,15,375,256,106,395,357,12,,717,,0,12,559,193,1.1428233548926
1871662379,Jean-Francois,T.,R,M.D,I,622 Ocean Ave,,Brooklyn,NY,36,11226,1,"Metropolitan area core: primary flow within an urbanized area of 50,000 and greater",US,Internal Medicine,NPPES-Specialty,7270,16252.066666667,1030778.68,479076,476,,6684,15210.966666667,966180.39,449049,,422,,1097,852223.45,,5976,171584.2,,197,6971.03,,6492,917126.28,,778,113652.4,,5803,892456.07,,1467,138322.61,,,,,,,,,,,56,973.92,43,,17,883.6,*,,72.331932773109,54,246,131,45,305,171,,290,,150,,24,353,123,1.3265046760996
1871735050,Banayan,Emil,,MD,I,170 W 12th St,,New York,NY,36,10011,1,"Metropolitan area core: primary flow within an urbanized area of 50,000 and greater",US,Internal Medicine,Claim-Specialty,7267,18183.833333333,266783.27,532847,1160,,6973,17598.2,259435.13,516580,,1108,,634,134098.61,,6551,129940.02,,82,2744.64,,7182,262258.62,,85,4524.65,,1076,38106.5,,6191,228676.77,197,3392.5,4284,73,2.7108848217972,,,,,,76,2120.05,62,*,,,*,,75.961206896552,52,485,422,201,583,577,819,39,108,143,0,51,166,994,1.3055525014373
1871751925,Maier,Craig,A,MD,I,250 Delaware Ave,,Delmar,NY,36,12054,1,"Metropolitan area core: primary flow within an urbanized area of 50,000 and greater",US,Family Practice,Claim-Specialty,7070,17725.833333333,788830.51,522394,856,,6726,16964.6,725072.07,499912,,819,,843,635507.1,,6121,149425.34,,106,3898.07,,4643,493198.44,,2427,295632.07,,530,80050.29,,6540,708780.22,26,453.59,551,,0.36775106082037,0,0,0,,0,147,1370.08,100,,17,104.18,*,,74.820093457944,37,413,283,123,370,486,784,17,,13,,36,60,796,0.99748157572471
1871770511,Underwood,Joelle,,FNP,I,6 Franklin Rd,,Walton,NY,36,13856,7,"Small town core: primary flow within an urban cluster of 2,500 to 9,999",US,Nurse Practitioner,Claim-Specialty,7191,16706.733333333,1134346.83,488965,562,,6409,15093.966666667,1038956.45,441712,,493,,1196,994952.5,,5945,136072.14,,50,3322.19,,4267,721097.8,,2924,413249.03,,1870,407250.19,,5321,727096.64,207,13763.72,5301,55,2.8785982478098,16,9638.68,456,,7.7294685990338,167,2250.27,107,,34,5498.79,,13,74.290035587189,69,209,195,89,318,244,533,,,,0,16,114,448,1.1073352900629
1871779330,Zacharski,Lidia,,NP,I,128 Glen St,,Glen Cove,NY,36,11542,1,"Metropolitan area core: primary flow within an urbanized area of 50,000 and greater",US,Nurse Practitioner,Claim-Specialty,2444,4037.0333333333,260190.82,98657,554,,2270,3757.2666666667,238517.29,91461,,523,,398,162271.06,,2035,96911.02,,11,1008.74,,700,70402.65,,1744,189788.17,,623,110538.7,,1821,149652.12,,,,,,,,,,,503,6670.12,277,,14,451.28,*,,73.740072202166,31,302,154,67,336,218,492,,,22,0,23,70,484,1.0018598610491
1871851659,Gomez,Elisheva,,PA-C,I,40-35 95th Street,,Elmhurst,NY,36,11373,1,"Metropolitan area core: primary flow within an urbanized area of 50,000 and greater",US,Physician Assistant,NPPES-Specialty,5245,10699,754517.88,315540,350,,4695,9805.2,665326.38,289546,,324,,807,656166.48,,4307,95951.77,,131,2399.63,,4895,723483.13,,350,31034.75,,4200,660480.57,,1045,94037.31,0,0,0,0,0,0,0,0,0,,106,1366.68,84,,0,0,,0,73.645714285714,26,179,104,41,227,123,11,16,,311,0,,253,97,1.184540437268
1871874453,Xie,Yuanli,,M.D.,I,8504 21st Ave,,Brooklyn,NY,36,11214,1,"Metropolitan area core: primary flow within an urbanized area of 50,000 and greater",US,Internal Medicine,Claim-Specialty,3413,6075.1333333333,432863.36,172095,215,,3239,5795.1333333333,408367.3,164204,"#",,,569,327406.76,,2757,103004.82,,87,2451.78,,3230,419998.39,,183,12864.97,,2796,392747.63,,617,40115.73,,,,,,,,,,,132,1432.58,81,,12,694.73,*,,72.437209302326,,,,,127,88,,0,193,,0,,152,63,0.93213096183709
1871981332,Wei,Heng Chao,,MD,I,30 S Highland Ave,,Ossining,NY,36,10562,1,"Metropolitan area core: primary flow within an urbanized area of 50,000 and greater",US,Internal Medicine,Claim-Specialty,6053,11334.4,641871.36,323976,527,,4735,9756.8333333333,519665.27,281260,,456,,711,494563.94,,5282,145155.82,,60,2151.6,,1696,224784.36,,4357,417087,,2885,309060.56,,3168,332810.8,59,790.93,1126,26,0.97472327771353,,,,,,168,7297.08,66,,63,1624.04,,12,72.474383301708,71,229,165,62,278,249,383,61,30,,,28,133,394,1.1183670466529
1881088524,Sunny,Arun,,PA,I,2532 Grand Concourse,,Bronx,NY,36,10458,1,"Metropolitan area core: primary flow within an urbanized area of 50,000 and greater",US,Physician Assistant,Claim-Specialty,7814,15363.8,809796.61,447743,1210,,6543,13126.266666667,701380.05,383653,,1043,,1223,669816.86,,6381,134010.57,,210,5969.18,,5794,592372.13,,2020,217424.48,,4330,498613.34,,3484,311183.27,21,140.01,206,19,0.26874840030714,0,0,0,0,0,126,1283.96,110,*,,,*,,72.255371900826,167,549,363,131,813,397,215,548,,396,,33,507,703,1.3181133857575
1881208262,Siu,Mercede,,PHARMD,I,1827 Main St,,Peekskill,NY,36,10566,1,"Metropolitan area core: primary flow within an urbanized area of 50,000 and greater",US,Pharmacist,NPPES-Taxonomy,19,19,3631.95,19,15,,19,19,3631.95,19,,15,,19,3631.95,,0,0,,0,0,*,,,"#",,,*,,,"#",,,0,0,0,0,0,0,0,0,0,,0,0,0,,0,0,,0,78.066666666667,0,,,,,,,,,0,0,,,,1.3424
1881620227,Petrov,Manana,,MD,I,353 Ocean Ave,,Brooklyn,NY,36,11226,1,"Metropolitan area core: primary flow within an urbanized area of 50,000 and greater",US,Internal Medicine,Claim-Specialty,10936,17838.966666667,2290378.98,520407,556,,9123,14845.166666667,1526280.65,433017,,479,,2224,1677775.74,,8148,566822.66,,564,45780.58,,7837,1791982.15,,3099,498396.83,,9156,2069366.41,,1780,221012.57,41,2967.93,719,16,0.37490855888808,14,2734.68,420,,34.146341463415,155,1158.97,112,,16,165.64,*,,71.913669064748,77,272,167,40,384,172,29,393,12,63,0,59,382,174,1.4122180053176
1881623635,Fotidar,Akhilesh,,MD,I,99 E State St,Mab-Gpcc,Gloversville,NY,36,12078,4,"Micropolitan area core: primary flow within an urban cluster of 10,000 to 49,999",US,Internal Medicine,Claim-Specialty,4201,8527.5666666667,375757.56,246310,521,,3275,6902.5333333333,310220.59,200432,,417,,636,316894.51,,3486,55025.47,,79,3837.58,,3256,305701.81,,945,70055.75,,2095,215004.28,,2106,160753.28,69,742.89,1167,26,1.6424660795049,,,,,,57,354.12,46,,12,1216.16,*,,71.053742802303,104,227,130,60,256,265,492,,,,0,,193,328,1.2101207221651
1881624443,Papa,Louis,J,M.D.,I,2400 S Clinton Ave,Bldg H Suite 230,Rochester,NY,36,14618,1,"Metropolitan area core: primary flow within an urbanized area of 50,000 and greater",US,Internal Medicine,Claim-Specialty,9731,20709.233333333,673972.08,609379,826,,9046,19776.8,643871.02,582370,,788,,865,487431.57,,8785,184124.88,,81,2415.63,,8296,561527.06,,1435,112445.02,,784,41768.9,,8947,632203.18,119,4400.5,3099,28,1.222895899702,22,2951.65,652,,18.487394957983,55,304.64,48,,14,296.83,*,,75.374092009685,38,375,290,123,402,424,699,50,,19,,51,55,771,1.0004795220471
1881629145,Plain,George,B,MD,I,300 White Spruce Blvd,Suite 100,Rochester,NY,36,14623,1,"Metropolitan area core: primary flow within an urbanized area of 50,000 and greater",US,Internal Medicine,Claim-Specialty,9109,21374.2,595096.94,624684,510,,8815,20922.2,574481.24,611474,"#",,,830,402011.21,,8197,188590.03,,82,4495.7,,7901,514116.9,,1208,80980.04,,815,97638.39,,8294,497458.55,74,1592.75,1762,18,0.81238335711933,13,979.05,390,,17.567567567568,245,2411.37,152,,36,2462.36,*,,77.517647058824,,,,,265,245,442,38,,,0,26,27,483,1.1250105251279
1881663904,Chin,Shu,Y,M.D,I,86 Bowery,6f,New York,NY,36,10013,1,"Metropolitan area core: primary flow within an urbanized area of 50,000 and greater",US,Internal Medicine,Claim-Specialty,13760,26887.6,3148322.03,793315,563,,13432,26365.6,3084253.18,778009,,549,,2936,2751060.37,,10560,391672.82,,264,5588.84,,12148,2742905.76,,1612,405416.27,,13012,3080187.95,,748,68134.08,23,1615.78,690,,0.1671511627907,0,0,0,,0,148,1830.03,102,,12,421,*,,73.319715808171,14,347,147,55,345,218,,,535,,,14,498,65,0.97081005351987
1881716934,Eriksen,Roy,H,MD,I,311 N Midland Ave,,Nyack,NY,36,10960,1,"Metropolitan area core: primary flow within an urbanized area of 50,000 and greater",US,Internal Medicine,Claim-Specialty,11015,16568.833333333,921734.64,443671,543,,10565,15821.833333333,873697.65,423043,,513,,1624,696533.13,,9327,222992.71,,64,2208.8,,2310,204895.4,,8705,716839.24,,5160,470967.17,,5855,450767.47,308,13851.38,6696,59,2.7961870177031,41,8892.5,1230,,13.311688311688,399,11952.02,172,,293,10734.34,,31,78.858195211786,30,165,191,157,307,236,415,78,12,19,0,19,132,411,1.3520350632257
1881747848,Rajagopal,Latha,,M.D.,I,3200 Bainbridge Ave,,Bronx,NY,36,10467,1,"Metropolitan area core: primary flow within an urbanized area of 50,000 and greater",US,Internal Medicine,Claim-Specialty,11613,22958.7,1664920.45,679572,814,,9678,19952.133333333,1349146.56,591376,,695,,2140,1435057.98,,9066,213336.93,,407,16525.54,,8715,1312439.74,,2898,352480.71,,6828,1070436.39,,4785,594484.06,50,260.6,1373,16,0.43055196762249,0,0,0,0,0,30,510.23,21,,16,231.25,*,,72.826781326781,119,337,258,100,592,222,77,344,,311,,46,399,415,1.5624287143611
1881761864,Orszulak,Todd,M,DO,I,4515 Military Rd,,Niagara Falls,NY,36,14305,1,"Metropolitan area core: primary flow within an urbanized area of 50,000 and greater",US,Internal Medicine,Claim-Specialty,2861,5748.6333333333,525971.32,161537,600,,2725,5523.4666666667,516403.76,155301,,570,,627,465181.43,,2176,59336.93,,58,1452.96,,2171,375787.58,,690,150183.74,,340,59188.66,,2521,466782.66,52,3459.24,1666,41,1.8175463124782,,,,,,167,1603.45,131,*,,,*,,75.13,30,275,207,88,337,263,561,13,,,,15,48,552,1.386363831096
1881783264,Walders,James,,,I,101 Jordan Rd,Suite 100,Troy,NY,36,12180,1,"Metropolitan area core: primary flow within an urbanized area of 50,000 and greater",US,Internal Medicine,Claim-Specialty,7462,16704.766666667,594273.38,490180,586,,6756,15596.1,532537.55,458266,,556,,837,427035.07,,6529,163831.18,,96,3407.13,,4580,354476.52,,2882,239796.86,,1040,124440.16,,6422,469833.22,266,7395.19,7420,50,3.5647279549719,0,0,0,0,0,139,1245.32,99,,26,409.81,*,,75.493174061433,30,258,198,100,318,268,548,13,,,0,19,54,532,1.2807831019587
1881824605,Gamarnik,Paul,H,MD,I,2 Perlman Dr,"Hudson River Healthcare, Inc.",Spring Valley,NY,36,10977,1,"Metropolitan area core: primary flow within an urbanized area of 50,000 and greater",US,Internal Medicine,Claim-Specialty,5669,13721.4,536006.42,402468,753,,5457,13219.433333333,493810.64,387708,,727,,558,394999.55,,5063,139933.82,,48,1073.05,,1973,156951.24,,3696,379055.18,,1387,165479.69,,4282,370526.73,23,121.04,225,11,0.40571529370259,0,0,0,0,0,124,1869.02,94,,20,592.25,*,,76.106241699867,26,320,272,135,381,372,596,13,20,89,0,35,110,643,1.0990782760696
1881828457,Osborn,Elizabeth,R,MD,I,1991 Balsley Rd,,Seneca Falls,NY,36,13148,4,"Micropolitan area core: primary flow within an urban cluster of 10,000 to 49,999",US,Family Practice,NPPES-Specialty,12297,28650.833333333,1168267.36,839102,999,,10674,25514.966666667,1017780.42,749600,,853,,1749,901686.61,,10423,262730.27,,125,3850.48,,9316,896425.15,,2981,271842.21,,3350,431112.23,,8947,737155.13,345,12463.68,8739,96,2.8055623322762,25,3851.63,715,,7.2463768115942,244,3791.27,146,,29,6559.41,*,,71.561561561562,146,476,274,103,741,258,946,12,11,,,25,213,786,1.0475573720674
1881845600,Simmons,Sylvia,,NP,I,111 E 59th St,,New York,NY,36,10022,1,"Metropolitan area core: primary flow within an urbanized area of 50,000 and greater",US,Nurse Practitioner,NPPES-Specialty,7301,7386.3,787009.07,199145,165,,6868,6945.7333333333,748310.16,187907,,154,,1065,540512.17,,6220,245720.67,,16,776.23,,7202,780909.48,,99,6099.59,,7301,787009.07,,0,0,106,3790.97,2530,15,1.4518559101493,12,847.6,336,,11.320754716981,44,721.05,24,,291,30208.38,,25,78.672727272727,11,52,53,49,105,60,30,55,,76,0,,165,0,2.257876762916
1881850006,Varghese,Justin,,MD,I,2532 Grand Concourse,,Bronx,NY,36,10458,1,"Metropolitan area core: primary flow within an urbanized area of 50,000 and greater",US,Internal Medicine,Claim-Specialty,7745,13906.533333333,728315.61,409856,607,,6449,11931.1,593997.13,352806,,504,,1127,572089.88,,6349,144549.43,,269,11676.3,,6087,591307.44,,1658,137008.17,,4799,502626.61,,2946,225689,85,2046.4,1974,26,1.0974822466107,0,0,0,0,0,13,169.85,11,,27,163.39,*,,71.955518945634,103,252,196,56,365,242,25,239,,317,,13,312,295,1.3201091174424
1881907160,Victoria,Vanessa,,RP.A.-C,I,3751 91st St,,Jackson Heights,NY,36,11372,1,"Metropolitan area core: primary flow within an urbanized area of 50,000 and greater",US,Physician Assistant,NPPES-Specialty,6608,16829,989364.62,494399,625,,6239,15940.666666667,957010.01,468213,,589,,913,810549.67,,5618,177615.87,,77,1199.08,,6020,895477.79,,588,93886.83,,4958,894071.75,,1650,95292.87,0,0,0,0,0,0,0,0,0,,204,8877.18,145,*,,,*,,74.7424,36,292,208,89,363,262,31,,,575,0,,417,208,0.95145253333333
1881926699,Kajda,Katarzyna,,PHARMD,I,957 Curry Rd,,Rotterdam,NY,36,12306,1,"Metropolitan area core: primary flow within an urbanized area of 50,000 and greater",US,Pharmacist,NPPES-Taxonomy,29,29,5081.24,29,24,"#",,,,,"#",,,29,5081.24,,0,0,,0,0,,15,2812.16,,14,2269.08,*,,,"#",,,0,0,0,0,0,0,0,0,0,,0,0,0,*,,,*,,72.875,,,,,,,24,0,0,0,0,0,,,0.66604166666667
1891010286,Chan,York Sing,,D.O.,I,2116 Avenue U,,Brooklyn,NY,36,11229,1,"Metropolitan area core: primary flow within an urbanized area of 50,000 and greater",US,Internal Medicine,Claim-Specialty,19669,32477.666666667,3717104,950412,683,,18981,31224.266666667,3642018.96,914131,,649,,3900,2870818.06,,15270,833027.73,,499,13258.21,,16489,3259061.45,,3180,458042.55,,17541,3574293.29,,2128,142810.71,42,205.48,785,22,0.21353398749301,0,0,0,0,0,272,5483.89,184,,66,2386.25,,14,73.317715959004,34,391,176,82,383,300,55,19,558,27,0,24,515,168,0.98589280613217
1891018727,Mathur,Priyanka,,,I,2 West Rd,,Pleasant Valley,NY,36,12569,1,"Metropolitan area core: primary flow within an urbanized area of 50,000 and greater",US,Pharmacist,NPPES-Taxonomy,73,73,9858.62,81,58,"#",,,,,"#",,,65,9148.86,*,,,"#",,,,59,8032.71,,14,1825.91,,27,3504.45,,46,6354.17,0,0,0,0,0,0,0,0,0,,0,0,0,*,,,*,,71.413793103448,,,,,35,23,47,,,,0,,20,38,1.2797200804095
1891058681,Kadimcherla,Pradeep,,M.D.,I,"2255 Adam Clayton Powell Jr Blvd # 2257",,New York,NY,36,10027,1,"Metropolitan area core: primary flow within an urbanized area of 50,000 and greater",US,Internal Medicine,Claim-Specialty,6115,13284.1,772454.69,390986,718,,5263,11717.333333333,658608.82,345186,,627,,872,650815.42,,5090,113901.74,,153,7737.53,,4874,621109.22,,1241,151345.47,,4028,568612.03,,2087,203842.66,78,1212.29,1897,29,1.2755519215045,0,0,0,0,0,74,609.72,63,,18,659.99,*,,72.740947075209,91,335,218,74,408,310,21,533,22,106,0,36,377,341,1.5407522551987
1891060455,Spitale,Leonard,A,R.PH.,I,1250 Old Country Rd,Costco Pharmacy,Westbury,NY,36,11590,1,"Metropolitan area core: primary flow within an urbanized area of 50,000 and greater",US,Pharmacist,NPPES-Taxonomy,13,13,2488.72,13,12,,13,13,2488.72,13,,12,,13,2488.72,,0,0,,0,0,*,,,*,,,*,,,"#",,,0,0,0,0,0,0,0,0,0,,0,0,0,,0,0,,0,73.75,0,,,0,,,,0,,0,0,0,,,0.56533333333333
1891182960,Sprentall,Kelcie,,,I,198 Parrish St,,Canandaigua,NY,36,14424,1,"Metropolitan area core: primary flow within an urbanized area of 50,000 and greater",US,Family Practice,Claim-Specialty,10915,24533.566666667,1046085.46,725679,1190,,9446,21835.366666667,819600.33,646421,,1057,,1255,834173.73,,9563,206377.12,,97,5534.61,,5920,519978.01,,4995,526107.45,,3554,483377.53,,7361,562707.93,240,11704.98,6696,79,2.19880897847,20,7781.67,567,,8.3333333333333,83,2718.86,59,,48,2394.77,,17,73.181512605042,133,523,391,143,680,510,1145,,,,0,30,263,927,1.1470782149873
1891220109,Petru,Viviana,,,I,234 E 149th St,,Bronx,NY,36,10451,1,"Metropolitan area core: primary flow within an urbanized area of 50,000 and greater",US,Internal Medicine,Claim-Specialty,4969,12943.2,210032.04,380721,792,,4575,12134.8,184140.42,357150,,753,,494,123163.06,,4396,84881.519999999,,79,1987.46,,4930,205520.84,,39,4511.2,,1418,67753.34,,3551,142278.7,155,2500.37,3322,37,3.119339907426,,,,,,66,730.76,61,,12,118.57,*,,74.407828282828,39,391,264,98,519,273,311,46,94,312,,,180,612,1.2127102750156
1891441424,Yang,Jeff,,FNP-BC,I,1902 86th St,,Brooklyn,NY,36,11214,1,"Metropolitan area core: primary flow within an urbanized area of 50,000 and greater",US,Nurse Practitioner,Claim-Specialty,2816,4557.3666666667,513768.52,129428,531,,2750,4436.7,500636.19,126151,,512,,669,423764.49,,2076,88766.6,,71,1237.43,,2623,483188.41,,193,30580.11,,2676,506256.19,,140,7512.33,,,,,,,,,,,130,1503.72,117,,0,0,,0,72.591337099812,19,335,132,45,271,260,12,,501,,0,,475,56,0.98749657497233
1891720058,Leung,Wai,L,M.D.,I,13630 Maple Ave,Suite 1e,Flushing,NY,36,11355,1,"Metropolitan area core: primary flow within an urbanized area of 50,000 and greater",US,Internal Medicine,Claim-Specialty,33944,68001.7,5070155.85,2005255,1261,,33653,67374.7,5059441.14,1986908,"#",,,5452,4143226.27,,28029,914532.99,,463,12396.59,,25174,3771814,,8770,1298341.85,,22506,3713372.34,,11438,1356783.51,58,803.4,1071,25,0.17086966768796,0,0,0,0,0,475,5083.03,346,,79,10149.38,*,,77.735923869944,,,,,761,500,68,39,1052,38,0,64,565,696,1.1568972687193
1891733713,Delerme-Pagan,Cathy,,M.D.,I,321 Pennsylvania Ave,Suite 1,Brooklyn,NY,36,11207,1,"Metropolitan area core: primary flow within an urbanized area of 50,000 and greater",US,Family Practice,Claim-Specialty,2789,4022.2666666667,877111.36,118146,124,,2246,3286.8333333333,747634.6,96835,,98,,678,614239.92,,2036,260174.98,,75,2696.46,,2292,600458.38,,497,276652.98,,2510,859882.06,,279,17229.3,130,6684.8,3693,17,4.661168877734,0,0,0,0,0,21,298.44,15,*,,,*,,68.088709677419,26,70,,,70,54,20,64,,34,0,,102,22,1.6467631293359
1891744314,Hambright,Maya,,MD,I,1 Family Practice Dr,,Kingston,NY,36,12401,1,"Metropolitan area core: primary flow within an urbanized area of 50,000 and greater",US,Family Practice,Claim-Specialty,2042,2810.8,213923.94,76444,234,,1105,1683.9,100603.91,44525,,182,"#",,,,1697,85255.04,*,,,,1282,114157.06,,760,99766.88,,1076,128945.46,,966,84978.48,182,8918.73,4972,24,8.9128305582762,36,3089.26,1080,,19.78021978022,31,659.47,18,,19,299.87,*,,69.149572649573,52,102,,,134,100,212,,0,,0,,69,165,0.92878147732456
1891752275,Lee,Chiyin,,M.D.,I,2068 E 14th St,,Brooklyn,NY,36,11229,1,"Metropolitan area core: primary flow within an urbanized area of 50,000 and greater",US,Family Practice,NPPES-Specialty,5199,5959.2333333333,817677.34,172466,445,,5050,5804.2333333333,799556.36,168157,,433,,1171,651464.54,,3949,164053.69,,79,2159.11,,4930,774654.5,,269,43022.84,,5130,815625.29,,69,2052.05,0,0,0,0,0,0,0,0,0,,43,230.31,40,*,,,*,,71.921348314607,12,310,102,21,223,222,,0,440,,0,,434,11,1.0598279076303
1891778296,Rehman,Syed,I,M.D.,I,147 Hoosick St Ste K,,Troy,NY,36,12180,1,"Metropolitan area core: primary flow within an urbanized area of 50,000 and greater",US,Internal Medicine,Claim-Specialty,9478,18923.133333333,909849.66,550494,573,,6923,14817.5,654938.75,433060,,420,,1318,747074.11,,8014,155176.98,,146,7598.57,,6816,690872.49,,2662,218977.17,,5857,623470.77,,3621,286378.89,458,8742.44,10458,92,4.8322430892593,32,1166.01,752,,6.9868995633188,97,1020.66,75,,45,9591.81,*,,69.30890052356,153,219,152,49,296,277,416,95,14,36,0,12,285,288,1.4118253305426
1891802468,Henriquez,Edmee,M,MD,I,7315 Northern Blvd,,Jackson Heights,NY,36,11372,1,"Metropolitan area core: primary flow within an urbanized area of 50,000 and greater",US,Family Practice,Claim-Specialty,3830,8557.7,305788,254212,318,,3593,8186.9,286277.29,243250,,301,,450,237173.89,,3323,66335.02,,57,2279.09,,3135,266271.46,,695,39516.54,,2327,212912.99,,1503,92875.01,,,,,,,,,,,24,1106.59,21,*,,,*,,74.880503144654,17,152,99,50,222,96,63,31,23,193,,,163,155,1.120464222994
1891812806,Huang,Qing Xiang,,FNP,I,1502 Avenue U,,Brooklyn,NY,36,11229,1,"Metropolitan area core: primary flow within an urbanized area of 50,000 and greater",US,Nurse Practitioner,NPPES-Specialty,7009,13367.4,1288464.08,389774,857,,6899,13183.4,1273223.86,384500,,832,,1536,1092518.59,,5309,190939.83,,164,5005.66,,6099,1134068.24,,910,154395.84,,6678,1253201.53,,331,35262.55,,,,,,,,,,,151,3724.61,131,,20,247.04,*,,73.891481913652,25,509,215,108,466,391,,,825,,,12,784,73,1.244482973511
1952456808,Jordan,Michael,R,M.D.,I,325 Essjay Rd,,Williamsville,NY,36,14221,1,"Metropolitan area core: primary flow within an urbanized area of 50,000 and greater",US,Family Practice,Claim-Specialty,5753,12554.4,634107.84,363642,877,,5233,11641.133333333,522208.37,338024,,815,,771,496477.34,,4946,136547.41,,36,1083.09,,4422,451732.48,,1331,182375.36,,691,149812.37,,5062,484295.47,118,6054.59,4070,53,2.0511037719451,,,,,,133,2173.23,104,*,,,*,,73.720638540479,62,444,260,111,468,409,781,54,,,0,33,88,789,1.3096917568988
1952463937,Daskalakis,Demetre,C,MD,I,275 7th Ave Fl 12,,New York,NY,36,10001,1,"Metropolitan area core: primary flow within an urbanized area of 50,000 and greater",US,Internal Medicine,NPPES-Taxonomy,360,381,69122.79,2199,280,,332,351,63795.78,1908,,259,,358,69115.97,*,,,"#",,,,286,53305.58,,74,15817.21,,233,43511.71,,127,25611.08,0,0,0,0,0,0,0,0,0,,,,,,0,0,,0,71.914285714286,21,158,,,179,101,54,24,97,93,,,174,106,0.9484428964824
1952694382,Aristy,Jose,D,MD,I,295 Fort Washington Ave Apt C,,New York,NY,36,10032,1,"Metropolitan area core: primary flow within an urbanized area of 50,000 and greater",US,Internal Medicine,NPPES-Specialty,7186,15337.5,1617474.29,454838,386,,6235,13508.5,1406731.06,400682,,344,,1606,1474437.95,,5368,137151.68,,212,5884.66,,6526,1510390.74,,660,107083.55,,6503,1501969.99,,683,115504.3,,,,,,,,,,,90,7963.23,64,,21,379.46,*,,72.79792746114,42,203,102,39,246,140,19,13,,348,0,,320,66,1.3209320731988
1952883951,Andrews,Shonna,,PHARMD,I,476 William St,,Buffalo,NY,36,14206,1,"Metropolitan area core: primary flow within an urbanized area of 50,000 and greater",US,Pharmacist,NPPES-Taxonomy,28,28,4538.6,28,27,"#",,,,,"#",,,28,4538.6,,0,0,,0,0,"#",,,*,,,*,,,"#",,,0,0,0,0,0,0,0,0,0,,0,0,0,*,,,*,,72.37037037037,,,,,,,19,,0,,0,,,,1.436
1952895567,Eisenberg,Lily,S,MD,I,731 White Plains Rd,,Bronx,NY,36,10473,1,"Metropolitan area core: primary flow within an urbanized area of 50,000 and greater",US,Family Practice,Claim-Specialty,1690,2596.5666666667,197802.14,75174,210,,1263,1933,125531.16,56267,,146,,292,149591.84,,1347,35702.29,,51,12508.01,,1303,159765.88,,387,38036.26,,1355,180052.07,,335,17750.07,,,,,,,,,,,14,175.28,13,*,,,*,,67.314285714286,64,88,42,16,139,71,16,74,,111,,,162,48,1.3530586526741
1962164764,Smith,Sydney,,,I,2850 Route 112,,Medford,NY,36,11763,1,"Metropolitan area core: primary flow within an urbanized area of 50,000 and greater",US,Pharmacist,NPPES-Taxonomy,15,18.6,2689.69,181,12,"#",,,,,*,,,13,2425.24,*,,,"#",,,*,,,"#",,,*,,,*,,,0,0,0,0,0,0,0,0,0,,0,0,0,*,,,*,,69.416666666667,,,,,,,,0,0,0,0,,,,0.84625
1962407627,Ajemian,Gregory,,M.D.,I,1046 Esther St,,Franklin Square,NY,36,11010,1,"Metropolitan area core: primary flow within an urbanized area of 50,000 and greater",US,Internal Medicine,Claim-Specialty,3399,7456.1666666667,424290.78,215713,370,,3110,6895.1666666667,376764.74,199439,,343,,443,282007.54,,2903,140983.22,,53,1300.02,,1454,249669.04,,1945,174621.74,,675,140501.42,,2724,283789.36,,,,,,,,,,,92,1092.53,64,,26,1231.08,*,,74.27027027027,27,170,121,52,157,213,281,32,,24,,27,57,313,1.3699047475006
1962422972,He,Xiaorong,,M.D.,I,8701 Justice Ave,,Elmhurst,NY,36,11373,1,"Metropolitan area core: primary flow within an urbanized area of 50,000 and greater",US,Internal Medicine,Claim-Specialty,38105,47022.9,5586602.7,1368966,701,,37839,46709.033333333,5564375.31,1359909,,689,,7860,4623717.08,,29570,946360.20000001,,675,16525.42,,31588,4568851.5,,6517,1017751.2,,35452,5352493.23,,2653,234109.47,0,0,0,0,0,0,0,0,0,,697,8913.74,373,,36,618.02,*,,77.791726105563,12,277,228,184,412,289,,,672,,0,16,550,151,1.0431353654527
1962425561,Mcginnis,Mary Joyce,,M.D.,I,24 Computer Dr W,,Albany,NY,36,12205,1,"Metropolitan area core: primary flow within an urbanized area of 50,000 and greater",US,Obstetrics & Gynecology,Claim-Specialty,660,1370.1666666667,76940.6,37127,241,,596,1244.1666666667,68216.33,33876,,221,,118,42136.57,,542,34804.03,,0,0,,398,39531.58,,262,37409.02,,74,10382.04,,586,66558.56,,,,,,,,,,,36,370.43,23,,0,0,,0,71.697095435685,20,143,63,15,,,220,,,,0,14,21,220,0.68410546334717
1962442699,Lam,Kin,,MD,I,110 Lafayette St Ste 601,,New York,NY,36,10013,1,"Metropolitan area core: primary flow within an urbanized area of 50,000 and greater",US,Hematology-Oncology,Claim-Specialty,13998,23855.333333333,11497139.53,685339,1059,,13640,23304.033333333,10933862.54,670199,,1027,,3355,10093256.15,,10423,1397722.35,,220,6161.03,,10860,9091840.17,,3138,2405299.36,,12484,10909069.58,,1514,588069.95,126,4056.05,2709,52,0.90012858979854,11,1474.34,330,,8.7301587301587,291,3417.13,183,,57,1777.6,,15,77.079320113314,32,450,319,258,644,415,,,1020,11,0,25,863,196,1.6534503578302
1962451344,Koretz,Daniel,J,M.D.,I,6200 Slocum Rd,,Ontario,NY,36,14519,1,"Metropolitan area core: primary flow within an urbanized area of 50,000 and greater",US,Internal Medicine,Claim-Specialty,1179,1515.3666666667,148557.41,21157,733,,1017,1311.5333333333,127865.24,17905,,637,,837,143276.39,"#",,,*,,,,965,122283.98,,214,26273.43,,290,33814.06,,889,114743.35,,,,,,,,,,,40,314.12,32,,0,0,,0,71.915416098226,96,364,218,55,434,299,674,14,,,,34,146,587,1.0591722374513
1962464594,Adubor,Christopher,O,MD,I,153 Stevens Ave,Suite 4,Mount Vernon,NY,36,10550,1,"Metropolitan area core: primary flow within an urbanized area of 50,000 and greater",US,Internal Medicine,Claim-Specialty,13759,19644.833333333,2069347.39,528297,581,,11227,16248.033333333,1539202.6,438864,,487,,3011,1696207.76,,10547,362140.91,,201,10998.72,,8245,1341806.7,,5514,727540.69,,10603,1560379.02,,3156,508968.37,160,4648.13,3165,36,1.1628752089541,,,,,,336,19734.25,158,,241,5327.48,,23,72.833046471601,94,245,166,76,371,210,35,467,,33,,39,354,227,2.1649615090408
1962488254,Pong,Perry,,MD,I,268 Canal St,,New York,NY,36,10013,1,"Metropolitan area core: primary flow within an urbanized area of 50,000 and greater",US,Internal Medicine,NPPES-Specialty,5612,11810.966666667,842079.91,349671,308,,5400,11367.166666667,794767.43,336442,,295,,820,640728.05,,4714,198445.03,,78,2906.83,,4381,620469.4,,1231,221610.51,,4797,715908.81,,815,126171.1,,,,,,,,,,,26,601.43,16,*,,,*,,75.762987012987,13,136,96,63,146,162,18,,270,,0,11,237,71,1.0928022791349
1962494948,Ramirez,Julio,A,MD,I,1 East Tremont Avenue,,Bronx,NY,36,10453,1,"Metropolitan area core: primary flow within an urbanized area of 50,000 and greater",US,Internal Medicine,Claim-Specialty,9955,20017.933333333,1935134.79,593080,638,,8708,18392.6,1762207.88,545444,,543,,2007,1703430.01,,7510,223384.66,,438,8320.12,,9630,1880358.48,,325,54776.31,,9326,1879391.84,,629,55742.95,45,987.15,796,18,0.45203415369161,0,0,0,0,0,51,2201.81,43,*,,,*,,71.742946708464,95,316,174,53,320,318,,20,0,606,0,,574,64,1.2205649610075
1962514646,Mcadam,Kelly,S,MD,I,601 Elmwood Ave,,Rochester,NY,36,14642,1,"Metropolitan area core: primary flow within an urbanized area of 50,000 and greater",US,Internal Medicine,Claim-Specialty,7303,19022.533333333,344784.23,556698,1147,,6766,17751.7,306789.41,519734,,1071,,745,200820.82,,6445,141427.83,,113,2535.58,,7208,334863.91,,95,9920.32,,1026,89534.55,,6277,255249.68,688,14236.09,17016,152,9.4207859783651,75,1348.09,2051,17,10.901162790698,123,2186.84,100,*,,,*,,73.795989537925,76,561,381,129,742,405,995,23,19,92,,,135,1012,1.1531395127639
1962546499,Sanchez,Janet,I,M.D.,I,4032 Forley St,,Elmhurst,NY,36,11373,1,"Metropolitan area core: primary flow within an urbanized area of 50,000 and greater",US,Internal Medicine,Claim-Specialty,12607,28383.966666667,4376004.18,831874,614,,11780,26637.7,4135603.22,780985,,568,,3504,3979071.26,,8806,387877.18,,297,9055.74,,11204,3731462.66,,1403,644541.52,,10314,4146672.89,,2293,229331.29,98,3138.56,2664,20,0.77734591893393,0,0,0,0,0,266,58926.16,181,,31,2034.01,*,,74.877850162866,46,266,225,77,442,172,25,,,573,0,,430,184,1.0376711137268
1962547331,Zevallos,Augusto,A,M.D.,I,351 Onderdonk Ave,,Ridgewood,NY,36,11385,1,"Metropolitan area core: primary flow within an urbanized area of 50,000 and greater",US,Family Practice,Claim-Specialty,5658,10510.6,508447.91,311610,337,,5167,9685.4,456236.87,287400,,307,,739,414291.04,,4786,90119.5,,133,4037.37,,5101,444820.26,,557,63627.65,,4873,463353.53,,785,45094.38,21,66.02,207,14,0.3711558854719,0,0,0,0,0,31,11559.99,24,,19,342.5,*,,72.53412462908,30,178,93,36,213,124,15,,,309,0,,262,75,1.0341744024994
1962573121,Aleksandrovich,Viktoriya,,MD,I,3080 W 1st St,Suite 102,Brooklyn,NY,36,11224,1,"Metropolitan area core: primary flow within an urbanized area of 50,000 and greater",US,Internal Medicine,Claim-Specialty,17578,20966.6,2909533.15,607198,350,,17276,20606.566666667,2875605.56,596899,"#",,,4450,2243330.13,,12637,640889.38,,491,25313.64,,897,113678.14,,16681,2795855.01,,16309,2733728.75,,1269,175804.4,75,491.37,1197,28,0.42666970076232,,,,,,423,19906.46,185,,74,1872.14,*,,78.234285714286,,,,,250,100,302,,,,,36,285,65,1.6452547027017
1962586727,Orsi,Richard,,,I,4164 Route 2,,Cropseyville,NY,36,12052,2,"Metropolitan area high commuting: primary flow 30% or more to a urbanized area of 50,000 and greater",US,Family Practice,Claim-Specialty,6347,15250,461955.24,449626,599,,5952,14405.333333333,433990.7,424597,,556,,646,336748.96,,5589,121654.12,,112,3552.16,,4613,323497.71,,1734,138457.53,,812,67629.84,,5535,394325.4,82,2249.55,2216,28,1.2919489522609,,,,,,142,2447.03,99,,28,454.23,*,,74.823038397329,43,261,201,94,253,346,571,,,,0,15,57,542,1.2160219834508
1962591750,Zhao,Jiansheng,,MD,I,3907 Prince Street,Suite 4f,Flushing,NY,36,11354,1,"Metropolitan area core: primary flow within an urbanized area of 50,000 and greater",US,Internal Medicine,Claim-Specialty,15285,27377.133333333,1674114.58,795673,523,,15149,27150.133333333,1662719.26,789164,,512,,2055,1301176.37,,13050,369773.38,,180,3164.83,,14359,1545360.22,,926,128754.36,,13640,1560028.96,,1645,114085.62,0,0,0,0,0,0,0,0,0,,324,2926.66,168,,47,6268.55,,14,73.156787762906,11,325,143,44,245,278,,,494,,0,12,400,123,1.2448839353003
1962598490,Garfinkel,Abraham,G,M.D.,I,15 Hamilton Ave,,Monticello,NY,36,12701,7,"Small town core: primary flow within an urban cluster of 2,500 to 9,999",US,Family Practice,Claim-Specialty,8019,13710.3,954650.03,399289,431,,7135,12580.2,850744.19,366187,,393,,1239,767396.82,,6671,181326.05,,109,5927.16,,2925,325904.2,,5094,628745.83,,2272,262761.89,,5747,691888.14,495,14168.95,13694,79,6.1728395061728,17,428.15,486,,3.4343434343434,220,2030.86,128,,78,3828.99,,18,72.252900232019,38,244,124,25,231,200,337,46,,30,,14,77,354,1.1079917752589
1962678458,Ye,Wei,,D.O.,I,4235 Main St Ste 3n,,Flushing,NY,36,11355,1,"Metropolitan area core: primary flow within an urbanized area of 50,000 and greater",US,Family Practice,Claim-Specialty,9405,15280.766666667,1609094.04,443172,672,,8939,14660.066666667,1543717.98,425247,,649,,2030,1335675.93,,7252,270757.17,,123,2660.94,,8485,1415678.75,,920,193415.29,,8802,1561264.1,,603,47829.94,,,,,,,,,,,167,1557.99,135,*,,,*,,73.275297619048,23,407,169,73,408,264,14,,629,,0,12,589,83,1.1066046136231
1962683383,Campbell,Marybeth,,RPH,I,175 Midtown Plz,,Rochester,NY,36,14604,1,"Metropolitan area core: primary flow within an urbanized area of 50,000 and greater",US,Pharmacist,NPPES-Taxonomy,17,17,2888.54,17,17,,17,17,2888.54,17,,17,,17,2888.54,,0,0,,0,0,"#",,,*,,,*,,,"#",,,0,0,0,0,0,0,0,0,0,,0,0,0,,0,0,,0,76.176470588235,0,,,,,,14,0,,0,0,,,,0.70682352941176
1962708594,Grant,Dacia,,RPH,I,1998 Bruckner Blvd,,Bronx,NY,36,10473,1,"Metropolitan area core: primary flow within an urbanized area of 50,000 and greater",US,Pharmacist,NPPES-Taxonomy,38,38,7037.37,38,37,"#",,,,,"#",,,38,7037.37,,0,0,,0,0,,24,4544.01,,14,2493.36,,15,2854.78,,23,4182.59,0,0,0,0,0,0,0,0,0,,0,0,0,*,,,*,,69.621621621622,,,,,20,17,11,,,21,0,,12,25,0.97376815921575
1962717512,Arkali,Christine,A,ANP,I,76 Southaven Ave,Suite 5,Medford,NY,36,11763,1,"Metropolitan area core: primary flow within an urbanized area of 50,000 and greater",US,Nurse Practitioner,Claim-Specialty,4100,7175.3333333333,498530.57,202921,458,,2727,5108.1333333333,267604.82,145611,,348,,679,417534.61,,3375,79081.85,,46,1914.11,,2484,301359.32,,1616,197171.25,,3114,441609.89,,986,56920.68,66,3750.54,1124,22,1.609756097561,,,,,,167,3498.42,100,,30,666.98,*,,69.558951965066,110,204,109,35,308,150,118,52,,274,0,,297,161,1.3590855225538
1962723924,Persaud,Bianca,,M.D.,I,220 13th St,,Brooklyn,NY,36,11215,1,"Metropolitan area core: primary flow within an urbanized area of 50,000 and greater",US,Family Practice,Claim-Specialty,6710,15739.8,791000.16,457063,588,,5715,13616.5,616962.14,396474,,510,,806,664467.74,,5807,118418.63,,97,8113.79,,5720,671222.09,,990,119778.07,,2795,480327.57,,3915,310672.59,181,2302.68,3755,70,2.6974664679583,0,0,0,0,0,124,2212.02,94,*,,,*,,71.12074829932,78,329,134,47,377,211,296,33,,248,0,,154,434,1.3703714628565
1962866962,Wu,Lydia,,,I,268 Canal St,,New York,NY,36,10013,1,"Metropolitan area core: primary flow within an urbanized area of 50,000 and greater",US,Family Practice,NPPES-Specialty,2430,4873.2666666667,370400.68,143830,331,,2276,4625.9333333333,353665.21,136572,,311,,436,304249.3,,1937,63893.07,,57,2258.31,,2035,318225.7,,395,52174.98,,2276,363969.29,,154,6431.39,0,0,0,0,0,0,0,0,0,,18,245.65,18,,0,0,,0,73.356495468278,20,184,84,43,201,130,,,299,,0,,294,37,1.0497008053545
1962912782,Young,Davis,S,PA,I,1246 State Route 38,,Owego,NY,36,13827,7.1,"Secondary flow 30% to <50% to a urbanized area of 50,000 and greater",US,Physician Assistant,Claim-Specialty,5200,12256.466666667,617087.57,356761,481,,4415,10622.8,472701.82,309817,,421,,861,515978.23,,4276,97075.93,,63,4033.41,,3555,427655.78,,1645,189431.79,,1679,275138.2,,3521,341949.37,56,538.66,1232,19,1.0769230769231,0,0,0,0,0,143,1305.47,116,,29,682.36,*,,72.956340956341,60,205,147,69,259,222,463,,,,,,120,361,1.0430391241831
1962928986,Ouyang,Aimin,,,I,8611 34th Ave Apt 2e,,Jackson Heights,NY,36,11372,1,"Metropolitan area core: primary flow within an urbanized area of 50,000 and greater",US,Physician Assistant,NPPES-Specialty,3811,4439.8666666667,585128.18,125999,273,,3788,4414.8666666667,580848.86,125374,"#",,,731,394426.85,,3002,189239.51,,78,1461.82,,3752,568331.05,,59,16797.13,"#",,,*,,,,,,,,,,,,,126,1078.03,75,*,,,*,,71.029304029304,,,,,137,136,0,0,267,,0,,,,0.92153150109946
1962962738,Chernenkoff,Allen,B,R.PH.,I,454 5th Ave,,Brooklyn,NY,36,11215,1,"Metropolitan area core: primary flow within an urbanized area of 50,000 and greater",US,Pharmacist,NPPES-Taxonomy,83,83,13043.77,83,68,,83,83,13043.77,83,,68,,83,13043.77,,0,0,,0,0,,52,8213.82,,31,4829.95,*,,,"#",,,0,0,0,0,0,0,0,0,0,,0,0,0,,0,0,,0,72.558823529412,0,47,,,45,23,65,,0,0,0,,,,0.7685637254902
1962980391,Feng,Yongyu,,,I,824 55th St Ste 1,,Brooklyn,NY,36,11220,1,"Metropolitan area core: primary flow within an urbanized area of 50,000 and greater",US,Physician Assistant,NPPES-Specialty,2209,3756.3,320781.61,107404,267,,2177,3714.3,318519.96,106245,"#",,,402,256213.84,,1777,63945.6,,30,622.17,,2122,308883.24,,87,11898.37,,2159,318585.38,,50,2196.23,0,0,0,0,0,0,0,0,0,,63,577.18,52,,0,0,*,,70.662921348315,,,,,123,144,,,257,,0,,252,15,0.95010157060341
1972116309,Zheng,Yu-Han,,NP,I,837 59th St,,Brooklyn,NY,36,11220,1,"Metropolitan area core: primary flow within an urbanized area of 50,000 and greater",US,Nurse Practitioner,NPPES-Specialty,5537,6716.2,971292.86,194485,690,,5425,6600.2,961157.65,191054,,677,,1430,800929.65,,4014,168380.36,,93,1982.85,,5189,918584.86,,348,52708,,5407,966308.66,,130,4984.2,0,0,0,0,0,0,0,0,0,,65,4758.9,62,*,,,*,,72.863768115942,13,467,144,66,353,337,,0,680,,0,,656,34,1.0060340597082
1972116564,Koshy,Shawn,,RPH,I,244 E 161st St,,Bronx,NY,36,10451,1,"Metropolitan area core: primary flow within an urbanized area of 50,000 and greater",US,Pharmacist,NPPES-Taxonomy,24,24,4667.28,24,24,,24,24,4667.28,24,,24,,24,4667.28,,0,0,,0,0,"#",,,*,,,"#",,,*,,,0,0,0,0,0,0,0,0,0,,0,0,0,,0,0,,0,74,0,14,,,,,,,0,14,0,0,,,1.5879874228403
1972528032,Wang,Wei,,M.D.,I,5722 7th Ave,First Floor,Brooklyn,NY,36,11220,1,"Metropolitan area core: primary flow within an urbanized area of 50,000 and greater",US,Family Practice,Claim-Specialty,41281,52757.766666667,7092976.91,1528482,803,,38842,49750.566666667,5580449.45,1440480,,770,,7270,4686984.79,,32966,2390011.54,,1045,15980.58,,39970,5713836.18,,1311,1379140.73,,40546,7014654.99,,735,78321.92,159,5221.23,4038,27,0.38516508805504,0,0,0,0,0,782,63659.43,370,,81,1983.83,,13,71.440846824408,33,564,162,44,399,404,14,,751,34,0,,751,52,0.97359001902765
1972539351,Nunno,Patrick,M,M.D.,I,800 Ayrault Rd Ste 200,,Fairport,NY,36,14450,1,"Metropolitan area core: primary flow within an urbanized area of 50,000 and greater",US,Internal Medicine,Claim-Specialty,11390,26678.033333333,903007.05,785251,1015,,10739,25513.666666667,849333.56,751608,,968,,1043,609011.85,,10239,289648.95,,108,4346.25,,9782,744653.23,,1608,158353.82,,847,78066.64,,10543,824940.41,227,14079.4,4595,62,1.9929762949956,21,6989.36,610,,9.2511013215859,214,2503.22,128,,12,671.47,*,,75.485714285714,47,411,420,137,540,475,925,18,15,11,0,46,60,955,0.93152197712506
1972785103,Joshi,Nina,V,,I,304 Maple Ave,,Smithtown,NY,36,11787,1,"Metropolitan area core: primary flow within an urbanized area of 50,000 and greater",US,Pharmacist,NPPES-Taxonomy,57,59,9679.95,170,44,"#",,,,,"#",,,52,9626.39,*,,,"#",,,,15,2695.42,,42,6984.53,*,,,"#",,,0,0,0,0,0,0,0,0,0,,,,,*,,,*,,73.181818181818,,,,,22,22,40,0,,,0,,,,1.033375
1972803401,Bobick,Thomas,D,PHARM.D.,I,19 Miner St,,Canton,NY,36,13617,7,"Small town core: primary flow within an urban cluster of 2,500 to 9,999",US,Pharmacist,NPPES-Taxonomy,17,17,3227.54,17,17,"#",,,,,"#",,,17,3227.54,,0,0,,0,0,"#",,,*,,,*,,,"#",,,0,0,0,0,0,0,0,0,0,,0,0,0,*,,,*,,68.823529411765,,,,,,,15,,,0,0,0,,,0.67947058823529
1972817856,Desai,Sumit,,,I,22 Liggett Rd,,Valley Stream,NY,36,11581,1,"Metropolitan area core: primary flow within an urbanized area of 50,000 and greater",US,Pharmacist,NPPES-Taxonomy,17,17,3368.65,191,12,,17,17,3368.65,191,,12,,17,3368.65,,0,0,,0,0,*,,,*,,,*,,,*,,,0,0,0,0,0,0,0,0,0,,0,0,0,,0,0,,0,75.083333333333,0,,,,,,,0,,,0,,,,1.1999166666667
1972888436,Corrin,William,,PHARMD,I,3564 Delaware Ave,,Buffalo,NY,36,14217,1,"Metropolitan area core: primary flow within an urbanized area of 50,000 and greater",US,Pharmacist,NPPES-Taxonomy,33,33,5366.24,34,29,"#",,,,,"#",,,33,5366.24,,0,0,,0,0,"#",,,*,,,*,,,"#",,,0,0,0,0,0,0,0,0,0,,0,0,0,*,,,*,,73.034482758621,,,,,,,27,,0,0,0,,,,1.1719310344828
1972917425,Piekielniak,Diana,,PHARMD,I,208 Herkimer Rd,,Utica,NY,36,13502,1,"Metropolitan area core: primary flow within an urbanized area of 50,000 and greater",US,Pharmacist,NPPES-Taxonomy,25,25,4449.89,25,20,"#",,,,,"#",,,25,4449.89,,0,0,,0,0,,11,1880.14,,14,2569.75,*,,,"#",,,0,0,0,0,0,0,0,0,0,,0,0,0,*,,,*,,70.2,,,,,,,17,0,0,,0,,,,0.81735
1982253084,Luo,Michelle,Y,PA-C,I,"13668 Roosevelt Ave # 4a-B",,Flushing,NY,36,11354,1,"Metropolitan area core: primary flow within an urbanized area of 50,000 and greater",US,Physician Assistant,NPPES-Specialty,8136,11680.166666667,749044.16,333166,974,,7999,11476.166666667,733534.49,327582,,954,,1070,555224.82,,6865,189458.96,,201,4360.38,,7178,670934.82,,958,78109.34,,7201,702352,,935,46692.16,0,0,0,0,0,0,0,0,0,,379,4181.28,296,,31,465.51,*,,74.535934291581,20,537,285,132,611,363,,,947,,0,20,735,239,1.1690039263067
1982285284,Levchuk,Maria,R,PHARMD,I,6707 Pittsford Palmyra Rd,,Fairport,NY,36,14450,1,"Metropolitan area core: primary flow within an urbanized area of 50,000 and greater",US,Pharmacist,NPPES-Taxonomy,12,12,2196.09,12,12,,12,12,2196.09,12,,12,,12,2196.09,,0,0,,0,0,"#",,,*,,,*,,,*,,,0,0,0,0,0,0,0,0,0,,0,0,0,,0,0,,0,73.166666666667,0,,,0,,,,,0,,0,,,,0.726
1982623146,Buch,Deepak,D,MD,I,175 W Main St,,Little Falls,NY,36,13365,7,"Small town core: primary flow within an urban cluster of 2,500 to 9,999",US,Internal Medicine,Claim-Specialty,10458,16341.566666667,1423648.06,328480,4130,,9419,15031.166666667,1272238.73,308878,,3661,,5977,1335493.35,,4438,85669.01,,43,2485.7,,6992,932168.49,,3466,491479.57,,3065,465482.76,,7393,958165.3,117,706.68,2630,24,1.118760757315,,,,,,69,605.29,49,,67,7427.03,*,,71.861259079903,469,2187,1208,266,2286,1844,3802,52,,80,,150,894,3236,0.95447452496008
1982648572,Nurse,Sandra,,MD,I,20620 Linden Blvd,,Cambria Heights,NY,36,11411,1,"Metropolitan area core: primary flow within an urbanized area of 50,000 and greater",US,Internal Medicine,Claim-Specialty,4681,12306.733333333,452098.67,367284,591,,4563,11998.066666667,441738.45,358087,,566,,496,347604.15,,4104,101813.34,,81,2681.18,,3612,341617.05,,1069,110481.62,,968,127692.45,,3713,324406.22,0,0,0,0,0,0,0,0,0,,20,205.92,20,,15,801.27,*,,76.906937394247,25,220,233,113,438,153,,540,,18,0,19,105,486,1.3639841708602
1982662458,Shan,Zihe,,M.D,I,1508 Avenue U,,Brooklyn,NY,36,11229,1,"Metropolitan area core: primary flow within an urbanized area of 50,000 and greater",US,Internal Medicine,Claim-Specialty,26808,54497.533333333,6736270.01,1595644,1145,,26558,54056.866666667,6702632.68,1583193,,1125,,6711,5968793.72,,19386,746744.92,,711,20731.37,,21997,5330098.47,,4811,1406171.54,,25693,6598064.35,,1115,138205.66,17,153.02,189,12,0.063413906296628,0,0,0,0,0,415,5429.3,286,,42,3215.22,*,,75.356331877729,20,605,323,197,593,552,,,1106,,0,15,1054,91,1.1854367723378
1982670634,Fung,Sandy,M,MD,I,17 Elizabeth St,Suite 509,New York,NY,36,10013,1,"Metropolitan area core: primary flow within an urbanized area of 50,000 and greater",US,Family Practice,Claim-Specialty,23386,40185.166666667,3103522.14,1156882,1020,,22543,38989.133333333,3000864.59,1123226,,984,,3869,2413061.57,,18942,674493.36,,575,15967.21,,19871,2686880.75,,3515,416641.39,,21269,2961824.24,,2117,141697.9,,,,,,,,,,,506,5211.82,331,,47,786.55,,11,73.992156862745,36,588,274,122,704,316,,,969,,0,35,804,216,0.88013791223909
1982671020,Childres,William,J,MD,I,77 Nelson St,3rd Floor,Auburn,NY,36,13021,4,"Micropolitan area core: primary flow within an urban cluster of 10,000 to 49,999",US,Internal Medicine,Claim-Specialty,11747,26749.333333333,1056839.26,786002,1046,,11011,25372.466666667,1000343.78,745661,,990,,1349,812519.9,,10276,237737.17,,122,6582.19,,6747,608524.31,,5000,448314.95,,2408,284206.13,,9339,772633.13,273,24494.94,6948,63,2.3239976164127,31,3878.78,930,,11.355311355311,202,1931.57,142,,41,6275.65,*,,75.263862332696,56,482,338,170,434,612,980,13,,,0,42,146,900,1.2236320130124
1982917886,Hunter,Christina,J,M.D.,I,101 Pennsylvania Avenue,,Brooklyn,NY,36,11207,1,"Metropolitan area core: primary flow within an urbanized area of 50,000 and greater",US,Internal Medicine,Claim-Specialty,6803,16481.133333333,687172.19,487481,744,,6212,15208.666666667,616129.22,450357,,676,,832,521686.12,,5804,153978.68,,167,11507.39,,5215,514598.88,,1588,172573.31,,2587,339570.7,,4216,347601.49,11,43.97,78,,0.16169337057181,0,0,0,,0,50,408.02,44,,14,297.71,*,,74.237903225806,68,310,281,85,590,154,,642,,67,,16,215,529,1.3369626497621
1992020143,Sieczkowski,Renee,A,RPH,I,173 Fairview Ave,,Hudson,NY,36,12534,4,"Micropolitan area core: primary flow within an urban cluster of 10,000 to 49,999",US,Pharmacist,NPPES-Taxonomy,37,37,6500.84,37,34,"#",,,,,"#",,,37,6500.84,,0,0,,0,0,,15,2505.08,,22,3995.76,*,,,"#",,,0,0,0,0,0,0,0,0,0,,0,0,0,*,,,*,,72.823529411765,,,,,21,13,32,,0,0,0,,,,0.71458823529412
1992035257,Huang,Liwen,,M.D.,I,"8409 Queens Blvd # 1a",,Elmhurst,NY,36,11373,1,"Metropolitan area core: primary flow within an urbanized area of 50,000 and greater",US,Internal Medicine,Claim-Specialty,5785,9608.6333333333,666962.18,279214,255,,5646,9384.4666666667,631629.13,272668,"#",,,914,538541.69,,4773,126444.53,,98,1975.96,,5279,585759.41,,506,81202.77,,4666,541532.68,,1119,125429.5,,,,,,,,,,,65,548.22,50,,14,263.85,*,,72.972549019608,,,,,152,103,,0,230,12,0,,163,92,0.94107148168968
1992039861,Zenoski,Christa,,NP,I,14 Center St,,Cuba,NY,36,14727,10,"Rural areas: primary flow to a tract outside a urbanized area of 50,000 and greater or UC",US,Nurse Practitioner,Claim-Specialty,7251,13368.866666667,767525.62,387904,432,,5738,11061.666666667,583563.39,321465,,354,,914,630426.11,,6256,132591.04,,81,4508.47,,4840,524624.37,,2411,242901.25,,2568,391844.97,,4683,375680.65,146,4084.5,3450,36,2.0135153771894,0,0,0,0,0,278,4253.23,141,,15,356.55,*,,70.472222222222,78,206,118,30,267,165,409,,,0,0,22,116,316,1.0986296795364
1992216709,Draovitch,Tyler,S,,I,1710 Crosby Ave,,Bronx,NY,36,10461,1,"Metropolitan area core: primary flow within an urbanized area of 50,000 and greater",US,Pharmacist,NPPES-Taxonomy,17,17,3050.62,17,17,"#",,,,,"#",,,17,3050.62,,0,0,,0,0,"#",,,*,,,*,,,"#",,,0,0,0,0,0,0,0,0,0,,0,0,0,*,,,*,,69.823529411765,,,,,,,11,,,0,0,0,,,0.95958823529412
1992267322,Cook,Andrew,M,PA-C,I,8708 Justice Ave Ste C8,,Elmhurst,NY,36,11373,1,"Metropolitan area core: primary flow within an urbanized area of 50,000 and greater",US,Physician Assistant,NPPES-Specialty,4534,11229.933333333,691055.95,330508,499,,4110,10211.633333333,617342.19,300474,,455,,619,583116.66,,3836,106676.64,,79,1262.65,,4213,660548.11,,321,30507.84,,3484,587464.69,,1050,103591.26,0,0,0,0,0,0,0,0,0,,82,858.16,68,,13,404.62,*,,73.607214428858,44,241,152,62,306,193,44,,11,433,0,,341,158,1.2082144300993
1992374771,Shi,Xiaoyu,,NP,I,4266 Kissena Blvd,,Flushing,NY,36,11355,1,"Metropolitan area core: primary flow within an urbanized area of 50,000 and greater",US,Nurse Practitioner,NPPES-Specialty,6304,8749.6333333333,902919.18,251607,601,,6105,8477.4666666667,886744.31,243836,,586,,1217,747285.41,,4975,152698.51,,112,2935.26,,6167,880092.48,,137,22826.7,,6208,896119.06,,96,6800.12,0,0,0,0,0,0,0,0,0,,91,934.75,77,*,,,*,,72.540765391015,15,399,145,42,311,290,,,581,,0,,577,24,1.2374587988878
1992721104,Shi,Shelly,X,MD,I,185 Canal St,4th Floor,New York,NY,36,10013,1,"Metropolitan area core: primary flow within an urbanized area of 50,000 and greater",US,Internal Medicine,Claim-Specialty,6521,12336.6,1041090.27,362687,298,,6322,12018.333333333,1017973.93,353735,,282,,1308,900440.03,,5056,136258.53,,157,4391.71,,5851,939513.37,,670,101576.9,,5822,988497.19,,699,52593.08,,,,,,,,,,,47,793.4,41,,20,891.96,*,,73.036912751678,16,175,76,31,185,113,14,,254,,0,15,227,71,0.91809249818847
1992723308,Weiss,Mindy,,MD,I,110 E 59th St,Suite 10a,New York,NY,36,10022,1,"Metropolitan area core: primary flow within an urbanized area of 50,000 and greater",US,Internal Medicine,Claim-Specialty,2724,5148.8666666667,167578.47,151011,336,,2687,5095.8666666667,165218,149445,"#",,,307,108758.15,,2388,58316.81,,29,503.51,,172,10503.42,,2552,157075.05,,217,10556.34,,2507,157022.13,13,89.12,78,11,0.47723935389134,0,0,0,0,0,26,286.91,18,,21,279.04,*,,75.755952380952,,,,,306,30,284,17,,,0,20,21,315,0.75430057193459
1992734404,Berlingieri,Dominic,,,I,3 Saint Stephens Ln,Suite 3,Warwick,NY,36,10990,2,"Metropolitan area high commuting: primary flow 30% or more to a urbanized area of 50,000 and greater",US,Pediatric Medicine,NPPES-Specialty,189,189.03333333333,34781.91,299,133,,176,176.03333333333,32544.78,271,"#",,,186,34738.69,*,,,"#",,,,40,7738.45,,149,27043.46,,23,4650.89,,166,30131.02,0,0,0,0,0,0,0,0,0,,,,,,0,0,*,,74.105263157895,,,,,74,59,122,,0,,0,,17,116,1.0317247058975
1992745632,O'Bryan,John,J,M.D.,I,200 Northern Dr,,Troy,NY,36,12182,1,"Metropolitan area core: primary flow within an urbanized area of 50,000 and greater",US,Family Practice,Claim-Specialty,4478,10577.866666667,409707.76,311556,384,,4437,10482.866666667,408202.76,308823,"#",,,620,339998.37,,3789,67473.14,,69,2236.25,,3695,336258.85,,783,73448.91,,243,16684.6,,4235,393023.16,18,96.18,442,,0.40196516301921,0,0,0,,0,36,650.48,32,,0,0,*,,74.354166666667,,,,,169,215,364,,,0,0,14,20,364,1.0672351901779
1992746655,Patel,Sajid,,PHARM D,I,226 Prospect Park W,,Brooklyn,NY,36,11215,1,"Metropolitan area core: primary flow within an urbanized area of 50,000 and greater",US,Pharmacist,NPPES-Taxonomy,19,19,2532.91,23,18,,19,19,2532.91,23,,18,,18,2521.21,*,,,"#",,,*,,,"#",,,*,,,"#",,,0,0,0,0,0,0,0,0,0,,,,,,0,0,,0,72.222222222222,0,13,,,,,15,0,0,,0,,,,0.57027247662322
1992748826,Pappas,Steven,W,M.D.,I,266 White Plains Rd,Suite 1-A,Eastchester,NY,36,10709,1,"Metropolitan area core: primary flow within an urbanized area of 50,000 and greater",US,Internal Medicine,Claim-Specialty,1587,2849,157589.56,71741,468,,1482,2723,146893.15,68766,,445,,640,139288.33,,935,18172.73,,12,128.5,,280,43007.55,,1307,114582.01,,192,40294.36,,1395,117295.2,,,,,,,,,,,40,462.65,27,,0,0,,0,74.615384615385,23,223,162,60,279,189,396,11,20,17,0,24,39,429,0.88606465880183
1992763916,Wu,Qiong,,MD,I,3808 Union St Apt 3j,,Flushing,NY,36,11354,1,"Metropolitan area core: primary flow within an urbanized area of 50,000 and greater",US,Internal Medicine,Claim-Specialty,12228,18984.233333333,1355101.38,551612,443,,12015,18645.333333333,1331874.21,541931,"#",,,1872,1088029.2,,10085,260334.55,,271,6737.63,,11337,1224369.72,,891,130731.66,,11617,1295717.43,,611,59383.95,,,,,,,,,,,234,2380.49,144,*,,,*,,72.534988713318,,,,,226,217,,0,425,,0,11,385,58,1.0584350334997
1992784995,Sangani,Geeta,A,MD,I,191 Intrepid Ln,,Syracuse,NY,36,13205,1,"Metropolitan area core: primary flow within an urbanized area of 50,000 and greater",US,Endocrinology,Claim-Specialty,7599,17332,1998670.36,509945,761,,6951,16120.6,1837038.93,474340,,704,,2211,1844808.97,,5083,122644.53,,305,31216.86,,4709,1289607.22,,2890,709063.14,,1699,431392.96,,5900,1567277.4,27,52.92,559,12,0.35530990919858,0,0,0,0,0,116,1093.91,88,,15,304.02,*,,73.425755584757,57,390,240,74,539,222,640,61,24,,,31,112,649,1.253735804192
1992790976,Kim,Andrew,S,M.D.,I,13710 Franklin Ave,"Suite #l-1",Flushing,NY,36,11355,1,"Metropolitan area core: primary flow within an urbanized area of 50,000 and greater",US,Family Practice,Claim-Specialty,4236,8392.3333333333,747191.79,244372,305,,4150,8234.5333333333,734422.89,239782,"#",,,871,689259.31,,3274,54715.94,,91,3216.54,,3447,603383.42,,789,143808.37,,2510,552789.64,,1726,194402.15,18,171.78,378,,0.42492917847026,0,0,0,,0,79,1083.34,52,*,,,*,,74.311475409836,,,,,171,134,,29,185,37,,33,152,153,0.89809068612478
1992791479,Giannone,John,,MD,I,53 Pine St,Deposit Family Care Center,Deposit,NY,36,13754,2,"Metropolitan area high commuting: primary flow 30% or more to a urbanized area of 50,000 and greater",US,Family Practice,Claim-Specialty,3460,7656.3,402606.08,221446,392,,3051,6937.3666666667,358061.17,201867,,339,,446,323429.75,,2967,76977.61,,47,2198.72,,2019,232144.61,,1441,170461.47,,1072,166906.97,,2388,235699.11,141,3854.78,3356,39,4.0751445086705,0,0,0,0,0,117,10903.84,80,*,,,*,,72.477040816327,53,178,122,39,175,217,365,,0,,,15,107,285,1.18961851966
1992803340,Bondar,Ellen,,MD,I,349 Henry St,,Brooklyn,NY,36,11201,1,"Metropolitan area core: primary flow within an urbanized area of 50,000 and greater",US,Internal Medicine,Claim-Specialty,1082,1118.9666666667,162488.01,13297,590,,1033,1064.9666666667,153305.84,12796,,551,,783,155140.82,"#",,,*,,,,241,43991.38,,841,118496.63,,176,30285.92,,906,132202.09,15,48.14,92,13,1.3863216266174,0,0,0,0,0,34,719.74,27,*,,,*,,73.606779661017,39,293,214,44,349,241,401,44,24,87,0,34,116,474,1.1922468856302
1992812556,Pisipati,Ramasita,C,M.D.,I,2901 White Plains Rd,,Bronx,NY,36,10467,1,"Metropolitan area core: primary flow within an urbanized area of 50,000 and greater",US,Internal Medicine,Claim-Specialty,19727,31759.033333333,2954459.83,922704,628,,15821,26053.9,2323734.46,759020,,512,,3922,2452516.41,,14945,481444.7,,860,20498.72,,16777,2520340.55,,2950,434119.28,,16836,2694781.92,,2891,259677.91,135,588.55,2654,37,0.68434125817408,0,0,0,0,0,422,5941.94,233,,129,6641.02,,21,70.429936305732,116,295,153,64,357,271,63,150,79,285,,,458,170,1.2790093693351
1992856702,Lamm,Steven,,M.D.,I,555 Madison Ave Fl 2,,New York,NY,36,10022,1,"Metropolitan area core: primary flow within an urbanized area of 50,000 and greater",US,Internal Medicine,Claim-Specialty,4048,8404,962301.75,246909,491,,3981,8289.2666666667,941597.14,243557,"#",,,986,870977.42,,3047,90678.25,,15,646.08,,760,117813.56,,3288,844488.19,,197,73913.26,,3851,888388.49,,,,,,,,,,,55,1088.13,31,,59,1244.15,*,,74.103869653768,,,,,163,328,412,13,11,12,0,43,19,472,0.9237094365241
1992871933,Tam,Cynthia,,DO,I,139 Centre St Ste 709,,New York,NY,36,10013,1,"Metropolitan area core: primary flow within an urbanized area of 50,000 and greater",US,Internal Medicine,Claim-Specialty,15634,29343.266666667,2722644.6,863076,910,,15462,29010.433333333,2668984.46,853404,,890,,3371,2356042.59,,12001,358724.37,,262,7877.64,,14088,2494704.52,,1546,227940.08,,14635,2644125.11,,999,78519.49,,,,,,,,,,,220,4051.04,160,,16,311.41,*,,74.349450549451,20,507,276,107,482,428,,,872,,0,22,804,106,1.1543155808963
1992891311,Om,Nam Hee,,M.D.,I,2532 Grand Concourse,,Bronx,NY,36,10458,1,"Metropolitan area core: primary flow within an urbanized area of 50,000 and greater",US,Internal Medicine,Claim-Specialty,9240,12951.133333333,1301879.18,384211,292,,9212,12920.8,1300108.03,383361,"#",,,2050,1165189.03,,7055,131958,,135,4732.15,,8236,1131702.19,,1004,170176.99,,7923,1229745.54,,1317,72133.64,0,0,0,0,0,0,0,0,0,,24,301.92,19,*,,,*,,72.58904109589,,,,,184,108,,0,266,,0,20,221,71,0.95908567122894
1992941314,Hago,Weymin,,MD,I,450 Park Ave S,Suite 202,New York,NY,36,10016,1,"Metropolitan area core: primary flow within an urbanized area of 50,000 and greater",US,Internal Medicine,Claim-Specialty,1881,3474.4333333333,311289.1,101199,238,,1512,2933.3666666667,275128.62,85434,,202,,332,281069.38,,1506,28576.04,,43,1643.68,,1583,281149.54,,298,30139.56,,1234,238437.34,,647,72851.76,,,,,,,,,,,68,2233.32,52,*,,,*,,70.844537815126,36,117,66,19,131,107,33,49,19,119,,,162,76,1.0741209688286
1992978654,Escobar,Gloria,S,MD,I,148 Islip Avenue,Suite 27,Islip,NY,36,11751,1,"Metropolitan area core: primary flow within an urbanized area of 50,000 and greater",US,Family Practice,Claim-Specialty,6479,15404.966666667,793213.63,452535,456,,5690,13644.9,637804.46,401405,,398,,827,665134.29,,5577,124365.58,,75,3713.76,,4678,577677.98,,1801,215535.65,,4390,642161.11,,2089,151052.52,32,1817.74,824,13,0.49390338015126,0,0,0,0,0,134,41593.38,72,,19,579.69,*,,71.5,58,239,120,39,295,161,91,,,345,,,260,196,0.93276756568762
1669451498,Caruana,Joseph,A,DO,I,7318 13th Ave,,Brooklyn,NY,36,11228,1,"Metropolitan area core: primary flow within an urbanized area of 50,000 and greater",US,Family Practice,Claim-Specialty,10006,21711.866666667,1077107.86,633956,602,,9622,21058.2,1033670.73,615315,,569,,1213,793556.48,,8704,280866.97,,89,2684.41,,4139,415655.25,,5867,661452.61,,2238,270818.73,,7768,806289.13,55,400.14,641,23,0.54967019788127,0,0,0,0,0,303,4197.12,200,,28,235.02,*,,77.270764119601,33,203,232,134,366,236,559,,,21,0,13,95,507,1.2988718825858
1669451696,Peluso,Isabella,R,MD,I,8721 5th Ave Fl 2,,Brooklyn,NY,36,11209,1,"Metropolitan area core: primary flow within an urbanized area of 50,000 and greater",US,Internal Medicine,Claim-Specialty,8013,17152.2,901362.58,491342,604,,7384,15837.7,798566.03,454161,,549,,1309,684638.93,,6665,214975.15,,39,1748.5,,3894,382244.48,,4119,519118.1,,4055,546978,,3958,354384.58,15,58.49,157,,0.18719580681393,0,0,0,,0,248,6524.76,141,,45,736.72,*,,76.211920529801,55,207,211,131,444,160,438,53,33,61,0,19,227,377,1.4906219373904
1669458295,Difranco,Fortunato,S,INTERNAL MEDICINE,I,7506 Liberty Ave,,Ozone Park,NY,36,11417,1,"Metropolitan area core: primary flow within an urbanized area of 50,000 and greater",US,Internal Medicine,Claim-Specialty,10714,21366.3,1121821.41,625725,548,,8862,18054.933333333,895438.17,528974,,447,,1545,890929.5,,8900,221412.05,,269,9479.86,,7798,783391.05,,2916,338430.36,,7539,840248.36,,3175,281573.05,50,534.09,1264,11,0.46667911144297,0,0,0,0,0,357,5321,193,,52,3580.28,,11,71.801094890511,101,248,136,63,308,240,146,86,37,233,12,34,307,241,1.4190285363023
1669466363,Impellizeri,John,,D.O,I,13400 Main Rd,,Mattituck,NY,36,11952,1,"Metropolitan area core: primary flow within an urbanized area of 50,000 and greater",US,Internal Medicine,Claim-Specialty,3655,9653,150762.09,282412,538,,3550,9457.6666666667,145355.88,276814,,519,,368,85188.44,,3240,62747.45,,47,2826.2,,3639,149821.73,,16,940.36,,408,15220.77,,3247,135541.32,93,1735.72,2176,26,2.5444596443228,11,214.49,308,,11.827956989247,93,1193.33,70,*,,,*,,74.42750929368,19,278,178,63,274,264,238,63,51,160,0,26,54,484,1.1427750187948
1669492096,Beney,Christopher,,MD,I,1149 Lincoln Ave,,Lockport,NY,36,14094,2,"Metropolitan area high commuting: primary flow 30% or more to a urbanized area of 50,000 and greater",US,Internal Medicine,Claim-Specialty,7659,16913.033333333,1051172.37,491932,704,,6584,15007.766666667,892925.71,438372,,605,,1398,884925.47,,6119,161825.72,,142,4421.18,,4886,675573.93,,2773,375598.44,,1828,275024.16,,5831,776148.21,82,2183.56,1825,24,1.0706358532445,12,1621.2,360,,14.634146341463,261,4086.12,167,,17,161.25,*,,72.559659090909,99,316,195,94,383,321,665,13,,,0,18,141,563,1.2432851158827
1669545166,Ding,Hua,,,I,13338 41st Rd,Suite 2q,Flushing,NY,36,11355,1,"Metropolitan area core: primary flow within an urbanized area of 50,000 and greater",US,Internal Medicine,Claim-Specialty,29629,37796.466666667,2971827.22,1103572,906,,29486,37641.466666667,2948201.74,1098971,"#",,,6095,2424423.22,,22927,534802.83,,607,12601.17,,27980,2800400.08,,1649,171427.14,,27988,2887047.69,,1641,84779.53,0,0,0,0,0,0,0,0,0,,215,1705.86,161,,38,587.17,*,,72.664459161148,,,,,541,365,0,0,894,,0,,778,128,1.0183173346999
1669584728,Wrest,Jennifer,,NP,I,"601 Elmwood Ave # 665",,Rochester,NY,36,14642,1,"Metropolitan area core: primary flow within an urbanized area of 50,000 and greater",US,Nurse Practitioner,NPPES-Specialty,3090,3101.5,237093.44,78370,87,,3033,3044.5,235324.12,76802,"#",,"#",,,,2427,48349.6,*,,,,1089,58168.91,,2001,178924.53,,2474,201942.1,,616,35151.34,184,4011.75,4280,40,5.9546925566343,,,,,,51,1635.6,27,,28,741.98,*,,86.850574712644,,,,,21,66,84,,0,,0,,59,28,1.8649697525335
1669631529,Ang,Roderick,T,M.D.,I,40 Arch St,,Johnson City,NY,36,13790,1,"Metropolitan area core: primary flow within an urbanized area of 50,000 and greater",US,Family Practice,Claim-Specialty,4291,11850.5,162503.86,346969,644,,4198,11615.333333333,157642.18,340104,,626,,359,91674.3,,3852,69137.169999999,,80,1692.39,"#",,,*,,,,634,24859.46,,3657,137644.4,184,2997.55,4260,60,4.2880447448147,14,296.57,355,,7.6086956521739,73,827.7,57,*,,,*,,75.282608695652,18,292,242,92,295,349,480,,52,66,,33,78,566,1.158500507843
1669657847,Nair,Suvarna,,MD,I,2532 Grand Concourse,,Bronx,NY,36,10458,1,"Metropolitan area core: primary flow within an urbanized area of 50,000 and greater",US,Internal Medicine,Claim-Specialty,8402,15597.866666667,797215.56,459164,519,,6361,12496.866666667,559249.99,369461,,430,,1311,657233.95,,6854,129993.4,,237,9988.21,,6873,648362.33,,1529,148853.23,,5448,549838.56,,2954,247377,45,320.61,825,12,0.53558676505594,0,0,0,0,0,21,106.36,17,*,,,*,,71.157996146435,89,247,143,40,378,141,,258,18,212,,16,275,244,1.3623069181671
1669756599,Vohora,Ricky,R,DO,I,558 Larkfield Rd,,East Northport,NY,36,11731,1,"Metropolitan area core: primary flow within an urbanized area of 50,000 and greater",US,Family Practice,Claim-Specialty,19,19,3278,226,17,"#",,,,,"#",,,18,3268,"#",,,*,,,*,,,"#",,,*,,,"#",,,0,0,0,0,0,0,0,0,0,,0,0,0,*,,,*,,76.235294117647,,,,,,,14,0,0,,0,,,,1.1048235294118
1669786422,Padovano,Nicole,J,PHARMD,I,5173 W Taft Rd,,North Syracuse,NY,36,13212,1,"Metropolitan area core: primary flow within an urbanized area of 50,000 and greater",US,Pharmacist,NPPES-Taxonomy,58,58,9493.73,58,52,"#",,,,,"#",,,58,9493.73,,0,0,,0,0,,30,5101.77,,28,4391.96,*,,,"#",,,0,0,0,0,0,0,0,0,0,,0,0,0,*,,,*,,71.730769230769,,,,,35,17,18,33,,0,,0,,,1.0015608974359
1669846242,Zhu,Hang,,,I,878 60th St Fl 3,,Brooklyn,NY,36,11220,1,"Metropolitan area core: primary flow within an urbanized area of 50,000 and greater",US,Nurse Practitioner,Claim-Specialty,11187,13625.5,2119739.75,398434,231,,10965,13380.5,2068560.27,391155,"#",,,2912,1585151.11,,8105,532339.76,,170,2248.88,,10961,2093773.43,,226,25966.32,,11130,2113554.11,,57,6185.64,0,0,0,0,0,0,0,0,0,,127,1695.65,83,,0,0,*,,71.329004329004,,,,,112,119,,,230,0,0,0,,,0.95981640699574
1679044556,Khan,Eesha,,,I,1710 Route 112,,Coram,NY,36,11727,1,"Metropolitan area core: primary flow within an urbanized area of 50,000 and greater",US,Pharmacist,NPPES-Taxonomy,25,25,4804.31,25,25,"#",,,,,"#",,,25,4804.31,,0,0,,0,0,,11,2094.12,,14,2710.19,*,,,"#",,,0,0,0,0,0,0,0,0,0,,0,0,0,*,,,*,,72.84,,,,,,,20,0,,,0,,,,1.03932
1679079941,Schlauch,Amy,,DO,I,645 10th Ave,,New York,NY,36,10036,1,"Metropolitan area core: primary flow within an urbanized area of 50,000 and greater",US,Family Practice,NPPES-Specialty,1260,2588.5666666667,217457.61,75263,216,,1027,2161.6666666667,186830.46,63001,,177,,246,194292.28,,999,22745.51,,15,419.82,,990,162390.13,,270,55067.48,,1074,193246.9,,186,24210.71,0,0,0,0,0,0,0,0,0,,13,197.96,11,*,,,*,,69.824074074074,39,106,54,17,123,93,55,45,,105,0,,169,47,1.2711997101969
1679233860,Chiu,Lisa,L,,I,1231 Madison Ave,,New York,NY,36,10128,1,"Metropolitan area core: primary flow within an urbanized area of 50,000 and greater",US,Pharmacist,NPPES-Taxonomy,30,30,5316.6,59,28,"#",,,,,"#",,,29,5300.29,*,,,"#",,,,0,0,,30,5316.6,*,,,"#",,,0,0,0,0,0,0,0,0,0,,0,0,0,*,,,*,,73.892857142857,,,,,,,24,,,0,0,,0,28,1.0118571428571
1679517619,Khan,Abdus,S,MD,I,1055 Stewart Ave,,Bethpage,NY,36,11714,1,"Metropolitan area core: primary flow within an urbanized area of 50,000 and greater",US,Internal Medicine,Claim-Specialty,6762,16849.2,725125.26,499810,563,,6394,16134.233333333,677090.97,478747,,535,,860,573365.75,,5823,147656.71,,79,4102.8,,5012,555679.5,,1750,169445.76,,1665,199860.03,,5097,525265.23,37,320.01,954,15,0.54717539189589,0,0,0,0,0,124,1424.72,80,*,,,*,,77.536412078153,28,180,231,124,239,324,363,65,81,33,0,21,111,452,1.361537420549
1679542864,Aung,Khin,,MD,I,8708 Justice Ave Apt 1n,,Elmhurst,NY,36,11373,1,"Metropolitan area core: primary flow within an urbanized area of 50,000 and greater",US,Internal Medicine,Claim-Specialty,5100,9833.2333333333,641642.93,290585,299,,4412,8852.5333333333,556921.87,261938,,268,,790,543219.8,,4213,94977.67,,97,3445.46,,4348,542430.23,,752,99212.7,,4311,589272.56,,789,52370.37,0,0,0,0,0,0,0,0,0,,45,559.57,37,,0,0,,0,72.488294314381,31,150,99,19,168,131,24,35,111,113,,,214,85,1.3636680655141
1679570246,Zhang,Jian Wei,,M.D.,I,139 Centre St Ste 709,,New York,NY,36,10013,1,"Metropolitan area core: primary flow within an urbanized area of 50,000 and greater",US,Internal Medicine,Claim-Specialty,28644,59875.333333333,5151877.94,1774664,1610,,28191,58996.066666667,5092560.51,1748800,,1581,,5682,4294279.17,,22573,844969.67,,389,12629.1,,24109,4333177.92,,4535,818700.02,,26657,4926468.41,,1987,225409.53,,,,,,,,,,,218,2128.58,184,,17,306.45,*,,75.895652173913,29,770,524,287,924,686,,,1565,,0,36,1413,197,1.1873019917008
1679576383,Rie,Jonathan,T,M.D.,I,33 Davis Ave,,White Plains,NY,36,10605,1,"Metropolitan area core: primary flow within an urbanized area of 50,000 and greater",US,Internal Medicine,Claim-Specialty,8276,20911.366666667,578169.29,619793,702,,8100,20570.033333333,573626.32,609634,,691,,676,395180.9,,7495,176612.43,,105,6375.96,,1727,115212.73,,6549,462956.56,,610,87302.28,,7666,490867.01,24,461.18,378,15,0.28999516674722,,,,,,108,2010.12,73,,23,346.66,*,,77.393162393162,11,270,273,148,326,376,576,61,15,19,0,31,32,670,1.0021847147325
1679576748,Delaparte,Marie,P,F.N.P.,I,211 Hurley Ave,,Kingston,NY,36,12401,1,"Metropolitan area core: primary flow within an urbanized area of 50,000 and greater",US,Nurse Practitioner,Claim-Specialty,5259,10805.2,454223.21,307896,798,,4580,9711.1666666667,406418.63,277734,,683,,691,341145.95,,4447,108618.77,,121,4458.49,,2887,227250.41,,2372,226972.8,,1660,188150.84,,3599,266072.37,324,12050.93,8532,117,6.1608670849971,36,4036.31,971,20,11.111111111111,238,6847.68,174,*,,,*,,72.473684210526,115,364,237,82,506,292,722,25,,18,,27,215,583,1.1804016542942
1679619233,Disla,Eddys,,M.D.,I,1st Ave & E 16th St,7th Floor,New York,NY,36,10003,1,"Metropolitan area core: primary flow within an urbanized area of 50,000 and greater",US,Internal Medicine,Claim-Specialty,20850,29312.133333333,4555247.92,853987,658,,18517,26128.766666667,3627291.73,761515,,559,,3731,4191150.81,,16859,357881.31,,260,6215.8,,16276,3876385.29,,4574,678862.63,,17715,4231980.69,,3135,323267.23,39,176.76,687,16,0.18705035971223,0,0,0,0,0,304,14004.66,125,,31,755.88,*,,73.734042553191,99,227,230,102,529,129,74,57,15,504,,,469,189,1.7135877923207
1679624811,O'Connor,Kevin,P,M.D.,I,600 Roe Ave,,Elmira,NY,36,14905,1,"Metropolitan area core: primary flow within an urbanized area of 50,000 and greater",US,Emergency Medicine,Claim-Specialty,801,801,127343.47,907,590,,689,689,109798.41,793,,513,,790,127291.15,,11,52.32,,0,0,,565,90312.19,,236,37031.28,,241,38490.66,,560,88852.81,,,,,,,,,,,,,,,0,0,,0,71.45593220339,77,310,174,29,343,247,552,,,,,18,161,429,0.98949241954348
1679674717,George,Jacob,V,MD,I,231 S 3rd St,,Brooklyn,NY,36,11211,1,"Metropolitan area core: primary flow within an urbanized area of 50,000 and greater",US,Internal Medicine,Claim-Specialty,16711,36101.633333333,4046666.84,1066810,803,,14171,31023.4,3415230.77,917622,,689,,3660,3420619.68,,12191,587260.29,,860,38786.87,,14776,3521923.26,,1935,524743.58,,15067,3837616.54,,1644,209050.3,344,5113.36,8002,81,2.0585243252947,0,0,0,0,0,125,3146.67,90,,85,5203.76,,23,72.53798256538,114,372,241,76,486,317,30,15,,739,,12,626,177,1.1006087208913
1679711428,Iversen,Melissa,A,P.A.,I,21 N Main St,,Middleport,NY,36,14105,7,"Small town core: primary flow within an urban cluster of 2,500 to 9,999",US,Physician Assistant,Claim-Specialty,10448,17533.866666667,845828.8,508966,549,,8328,14483.766666667,689076.07,422588,,473,,1508,664085.37,,8855,178423.64,,85,3319.79,,7298,595965.35,,3150,249863.45,,3226,307153.78,,7222,538675.02,525,15386.82,14014,82,5.0248851454824,44,3169.65,1320,,8.3809523809524,181,1417.03,122,,25,679.4,*,,70.661202185792,76,303,138,32,338,211,526,,0,,0,15,102,447,1.1305382033353
1679797088,Koo,Kern,S,D.O.,I,51-33 Marathon Pkwy,,Little Neck,NY,36,11362,1,"Metropolitan area core: primary flow within an urbanized area of 50,000 and greater",US,Family Practice,Claim-Specialty,6171,11766.2,588604.79,343439,505,,5815,11271.133333333,560747.22,329352,,486,,687,480822.16,,5418,106821.26,,66,961.37,,4236,378894.28,,1935,209710.51,,3190,344836.97,,2981,243767.82,19,363.36,413,,0.30789175174202,0,0,0,,0,174,2173.88,118,,0,0,,0,72.330693069307,19,309,141,36,241,264,110,18,320,30,0,27,169,336,0.74183767184086
1679942858,Daloise,John,,,I,3249 Sheridan Dr,,Amherst,NY,36,14226,1,"Metropolitan area core: primary flow within an urbanized area of 50,000 and greater",US,Pharmacist,NPPES-Taxonomy,26,26,4522.15,26,26,"#",,,,,"#",,,26,4522.15,,0,0,,0,0,"#",,,*,,,*,,,"#",,,0,0,0,0,0,0,0,0,0,,0,0,0,*,,,*,,73.807692307692,,,,,14,12,24,0,0,,0,,,,1.5356538461538
1679967616,Kemp,Brett,E,MD,I,42 Nichols St Ste 10,,Spencerport,NY,36,14559,1,"Metropolitan area core: primary flow within an urbanized area of 50,000 and greater",US,Family Practice,Claim-Specialty,5184,12400.566666667,443265.28,362911,463,,4221,10446.233333333,369158.71,306640,,404,,516,323889.78,,4587,115229.86,,81,4145.64,,4002,325802.4,,1182,117462.88,,900,84328.7,,4284,358936.58,111,3369.85,2793,31,2.1412037037037,,,,,,108,1509.02,76,*,,,*,,71.963282937365,59,222,147,35,241,222,425,,,,0,22,64,399,1.1042563094949
1679989677,Rigel,Brett,C,PHARMD,I,364 Long Beach Rd,,Oceanside,NY,36,11572,1,"Metropolitan area core: primary flow within an urbanized area of 50,000 and greater",US,Pharmacist,NPPES-Taxonomy,15,15,2802.23,15,15,"#",,,,,"#",,,15,2802.23,,0,0,,0,0,*,,,*,,,*,,,*,,,0,0,0,0,0,0,0,0,0,,0,0,0,*,,,*,,72.333333333333,,,,,,,,,,,0,,,,1.1264
1679992135,Procopio,Matthew,,MD,I,436 Hinsdale Rd,,Camillus,NY,36,13031,1,"Metropolitan area core: primary flow within an urbanized area of 50,000 and greater",US,Family Practice,Claim-Specialty,7699,18420.9,697352.57,534000,901,,7244,17388.533333333,663993.58,504253,,835,,780,527207.56,,6846,166938.28,,73,3206.73,,5259,444083.22,,2440,253269.35,,858,110529.13,,6841,586823.44,57,2385.31,1287,28,0.74035589037537,,,,,,302,3033.47,184,*,,,*,,73.605993340733,66,458,286,91,512,389,852,,,,0,34,86,815,1.0868343405918
1689036212,Meehan,Leonardo,T,,I,701 N Broadway,,Sleepy Hollow,NY,36,10591,1,"Metropolitan area core: primary flow within an urbanized area of 50,000 and greater",US,Family Practice,Claim-Specialty,4059,9314.3,420152.07,273109,372,,3602,8477.3,390306.29,248953,,338,,500,335077.09,,3516,83101.73,,43,1973.25,,1871,247393.18,,2188,172758.89,,1525,172696.93,,2534,247455.14,56,2378.73,1483,12,1.379650160138,,,,,,71,1159.98,53,*,,,*,,74.123655913978,34,159,130,49,172,200,214,57,,76,,18,90,282,1.1006564569322
1689109720,Pinto,Steven,V,MD,I,20 Main St,,Andover,NY,36,14806,8,"Small town high commuting: primary flow 30% or more to a urban cluster of 2,500 to 9,999",US,Internal Medicine,Claim-Specialty,6736,13764.1,762411.52,400345,608,,5540,11655.1,618425.35,340137,,507,,1150,617272.89,,5520,142633.64,,66,2504.99,,3819,429126.04,,2917,333285.48,,2356,301620.95,,4380,460790.57,355,30010.42,9683,83,5.270190023753,59,13707.25,1759,12,16.619718309859,130,2571.17,81,,48,1013.9,,24,72.246710526316,101,269,161,77,325,283,578,,,,0,18,173,435,1.0525755805798
1689258543,Dibona,Jessica,L,PHARMD,I,330 Pine Tree Rd,,Ithaca,NY,36,14850,1,"Metropolitan area core: primary flow within an urbanized area of 50,000 and greater",US,Pharmacist,NPPES-Taxonomy,14,14,2466.06,14,14,*,,,,,*,,,14,2466.06,,0,0,,0,0,*,,,*,,,*,,,*,,,0,0,0,0,0,0,0,0,0,,0,0,0,*,,,*,,71.071428571429,,,,,,,12,,0,0,0,,,,1.0312142857143
1689601817,Bernstein,Scott,A,MD,I,26 Firemans Memorial Dr,,Pomona,NY,36,10970,1,"Metropolitan area core: primary flow within an urbanized area of 50,000 and greater",US,Internal Medicine,Claim-Specialty,25778,42177.4,3288930.2499999,929166,8938,,24547,40479,3104609.6099999,896673,,8461,,12302,2933060.4999999,,13444,353600.91,,32,2268.84,,6949,960611.65999999,,18829,2328318.5899999,,5270,659342.05,,20508,2629588.1999999,291,13923.77,7434,47,1.1288695787105,89,7365.84,2545,,30.584192439863,285,9070.57,154,,117,5079.06,,20,73.763369881405,477,4645,2969,847,5091,3847,6249,849,,919,,510,1409,7529,0.94362149963067
1689604357,Brink-Cymerman,Dawn,M,MD.,I,132 1/2 Albany Street,,Cazenoviz,NY,36,13035,2,"Metropolitan area high commuting: primary flow 30% or more to a urbanized area of 50,000 and greater",US,Family Practice,Claim-Specialty,4051,8965.2,383240.89,262617,302,,3682,8306.8,328679.61,244577,,270,,531,289882.07,,3461,89741.87,,59,3616.95,,2779,242740.14,,1272,140500.75,,1115,141929.75,,2936,241311.14,81,1287.28,1757,15,1.999506294742,0,0,0,0,0,77,1557.1,43,,22,469.19,*,,72.615894039735,32,146,86,38,240,62,281,,,,0,,63,239,0.88415981766718
1689640914,Jawaid,Mohammad,,M.D.,I,8201 37th Ave,5th Floor,Jackson Heights,NY,36,11372,1,"Metropolitan area core: primary flow within an urbanized area of 50,000 and greater",US,Internal Medicine,Claim-Specialty,18394,31784.266666667,1779634.67,916363,803,,17032,29668.466666667,1633376.16,856685,,756,,2755,1379511.48,,14841,379089.61,,798,21033.58,,14021,1377123.63,,4373,402511.04,,16181,1642804.91,,2213,136829.76,34,824.23,556,14,0.18484288354898,,,,,,215,6140.46,133,,73,11672.71,,13,74.450809464508,47,392,263,101,500,303,103,38,62,580,0,20,629,174,1.6056224043282
1689654220,Patel,Babu,,MD,I,1963a Daly Ave,,Bronx,NY,36,10460,1,"Metropolitan area core: primary flow within an urbanized area of 50,000 and greater",US,Internal Medicine,Claim-Specialty,20197,28008.466666667,1617644.23,822093,528,,16290,23362.866666667,1251277.47,687105,,442,,2896,1362150.84,,16180,233124.04,,1121,22369.35,,18907,1509879.55,,1290,107764.68,,17612,1452704.95,,2585,164939.28,11,83.4,307,,0.054463534188246,0,0,0,,0,310,3171.04,184,,62,907.4,*,,72.244318181818,86,203,187,52,278,250,17,121,13,364,,,377,151,1.1054210063521
1689654840,Mcgowan,Joseph,P,MD,I,300 Community Dr,,Manhasset,NY,36,11030,1,"Metropolitan area core: primary flow within an urbanized area of 50,000 and greater",US,Infectious Disease,Claim-Specialty,6759,7221.6666666667,7546612.3,209335,189,,4022,4347.6666666667,4439401.33,126094,,112,,3078,7308680.51,,3646,237128.96,,35,802.83,,3179,3729048.76,,3580,3817563.54,,4269,4495342.6,,2490,3051269.7,288,31743.09,8145,23,4.2609853528628,119,26295.21,3376,11,41.319444444444,74,2478.99,29,,0,0,,0,63.973544973545,77,95,,,64,125,93,56,,26,0,,99,90,1.4890216731
1689674855,Zhou,Eric,Y,MD,I,98 E Broadway Fl 4,,New York,NY,36,10002,1,"Metropolitan area core: primary flow within an urbanized area of 50,000 and greater",US,Internal Medicine,Claim-Specialty,16973,21500.5,1611062.49,620381,595,,16714,21213.1,1596638.85,612355,,578,,2298,1302669.97,,14452,304478.19,,223,3914.33,,15820,1434066.34,,1153,176996.15,,16925,1607489.9,,48,3572.59,,,,,,,,,,,240,2939.22,149,,22,2710.68,*,,71.484033613445,17,427,118,33,298,297,0,,584,,0,,581,14,0.97375417138772
1689687857,Koleini,Jahangir,,MD,I,2339 Uniun Road,Suite 1,West Seneca,NY,36,14224,1,"Metropolitan area core: primary flow within an urbanized area of 50,000 and greater",US,Family Practice,Claim-Specialty,9202,23515.666666667,764522.62,692658,624,,8822,22625.8,748613.25,666970,,597,,1011,597980.81,,8080,158739.96,,111,7801.85,,7203,582178.16,,1999,182344.46,,774,73289.45,,8428,691233.17,55,922.65,1200,18,0.59769615301022,,,,,,265,2682.72,169,,0,0,,0,76.092948717949,27,246,245,106,360,264,602,,,,0,16,36,588,1.206809789992
1689688541,Sawyer,John,A,MD,I,161 Carey Rd,,Queensbury,NY,36,12804,1,"Metropolitan area core: primary flow within an urbanized area of 50,000 and greater",US,Internal Medicine,Claim-Specialty,5266,12934.033333333,624382.65,380027,584,,4953,12385.666666667,580456.59,364257,,526,,636,510235.37,,4572,110813.8,,58,3333.48,,3661,391863.23,,1605,232519.42,,799,117549.75,,4467,506832.9,141,8710.21,3519,45,2.6775541207748,13,6862.58,366,,9.2198581560284,97,734.88,59,,16,147.09,*,,75.402397260274,58,207,219,100,296,288,558,,,,0,18,95,489,1.1276087871125
1689765901,Narayana,Byagari,,M.D.,I,124 Wyckoff Ave,,Brooklyn,NY,36,11237,1,"Metropolitan area core: primary flow within an urbanized area of 50,000 and greater",US,Internal Medicine,Claim-Specialty,14066,28417.466666667,1564752.7,832175,526,,11953,24562.633333333,1266278.29,720271,,448,,2312,1317922.19,,11311,233515.73,,443,13314.78,,11701,1302389.3,,2365,262363.4,,13029,1498420.07,,1037,66332.63,13,33.09,264,,0.092421441774492,0,0,0,,0,265,2575.81,170,*,,,*,,72.756653992395,78,222,177,49,319,207,20,27,11,456,,,438,88,1.336332366179
1689815961,David,Monica,D,M.D.,I,"70 Charles Lindbergh Blvd, Ste. 100",,Uniondale,NY,36,11553,1,"Metropolitan area core: primary flow within an urbanized area of 50,000 and greater",US,Internal Medicine,Claim-Specialty,7477,18446.2,625058.24,548379,669,,7055,17514.3,588489.28,520892,,614,,882,468208.11,,6496,152580.03,,99,4270.1,,5863,479195.79,,1614,145862.45,,2466,237296.86,,5011,387761.38,0,0,0,0,0,0,0,0,0,,41,289.69,39,*,,,*,,76.118086696562,55,221,278,115,440,229,123,453,,58,,19,190,479,1.5947508247034
1689854218,Mui-Tellado,Ellen,,RPH,I,6962 188th St,,Fresh Meadows,NY,36,11365,1,"Metropolitan area core: primary flow within an urbanized area of 50,000 and greater",US,Pharmacist,NPPES-Taxonomy,26,28,4769.79,115,24,"#",,,,,"#",,,25,4745.14,*,,,"#",,,,13,2391.61,,13,2378.18,*,,,"#",,,0,0,0,0,0,0,0,0,0,,0,0,0,*,,,*,,75.708333333333,,,,,,,12,,,,0,,,,0.84641666666667
1689877920,Roth,Serena,L,MD,I,3444 Kossuth Ave,Adult Medical Practice 4th Floor,Bronx,NY,36,10467,1,"Metropolitan area core: primary flow within an urbanized area of 50,000 and greater",US,Internal Medicine,Claim-Specialty,4716,9326.2666666667,838658.51,275104,324,,3791,7753.3333333333,668667.35,228910,,244,,999,726317.62,,3540,103942.98,,177,8397.91,,3995,721361.86,,721,117296.65,,4194,792940.24,,522,45718.27,175,11161.67,4820,34,3.7107718405428,42,7511.95,1104,,24,25,31963.74,18,*,,,*,,69.688271604938,80,127,97,20,228,96,26,109,11,162,0,16,262,62,1.6156382613009
1689921934,Chen,Hong,,,I,356 Bay Ridge Ave Fl 1,,Brooklyn,NY,36,11220,1,"Metropolitan area core: primary flow within an urbanized area of 50,000 and greater",US,Physician Assistant,NPPES-Specialty,12933,15482.033333333,5136461.26,449637,673,,12784,15310.033333333,5102619.65,444687,,661,,4437,3120608.51,,8313,2012671.89,,183,3180.86,,12518,5044012.07,,415,92449.19,,12748,5041355.33,,185,95105.93,0,0,0,0,0,0,0,0,0,,204,46672.28,140,,18,426.68,*,,73.390787518574,12,436,166,59,352,321,,,660,,0,,639,34,1.0188522756438
1689946691,Singh,Sakshi,M,M.D.,I,8201 37th Ave,4th Floor,Jackson Heights,NY,36,11372,1,"Metropolitan area core: primary flow within an urbanized area of 50,000 and greater",US,Internal Medicine,Claim-Specialty,6111,15523.6,271814.9,456185,646,,5712,14649.066666667,258143.94,431117,,603,,597,153796.49,,5381,114456.61,,133,3561.8,,6024,269259.54,,87,2555.36,,888,48478.89,,5223,223336.01,439,9329.1,11535,89,7.1837669775814,32,619.46,945,,7.2892938496583,99,980.04,83,,0,0,,0,73.447368421053,43,335,209,59,460,186,362,106,31,134,0,13,86,560,1.1667619898785
1689979759,Pachikara,Abin,S,MD,I,123 Genesee St,,New Hartford,NY,36,13413,1,"Metropolitan area core: primary flow within an urbanized area of 50,000 and greater",US,Internal Medicine,Claim-Specialty,3723,7456.2,358724.42,215358,222,,3331,6779.2,323316.7,196772,,194,,534,278917.11,,3141,78278.26,,48,1529.05,,2653,255036.96,,1070,103687.46,,1433,169208.85,,2290,189515.57,111,4106.31,2129,19,2.9814665592264,13,2223.95,283,,11.711711711712,98,703.06,66,*,,,*,,74.040540540541,28,88,64,42,82,140,196,,,,0,,60,162,1.2000512015275
1699055442,Dolk,Nathan,,PHARMD.,I,2760-62 Broadway,,New York,NY,36,10025,1,"Metropolitan area core: primary flow within an urbanized area of 50,000 and greater",US,Pharmacist,NPPES-Taxonomy,12,12,2325.25,12,12,,12,12,2325.25,12,,12,,12,2325.25,,0,0,,0,0,*,,,*,,,*,,,*,,,0,0,0,0,0,0,0,0,0,,0,0,0,,0,0,,0,78,0,,,,,,,,,,0,0,,,1.1301319444444
1699090084,Muniak,Jennifer,,M.D.,I,601 Elmwood Ave,Box Med,Rochester,NY,36,14642,1,"Metropolitan area core: primary flow within an urbanized area of 50,000 and greater",US,Geriatric Medicine,Claim-Specialty,2481,2529.3666666667,218210.16,63532,85,,1622,1642.3666666667,119259.27,40517,,71,"#",,,,1992,46930.62,*,,,,1601,96760.71,,880,121449.45,,2447,215939.83,,34,2270.33,0,0,0,0,0,0,0,0,0,,19,9996.38,,,107,1356.58,*,,76.823529411765,14,19,27,25,39,46,59,20,0,,0,,,,2.6525063731791
1699162388,Frenkel,Leonid,,DO,I,3680 Hill Blvd,,Jefferson Valley,NY,36,10535,1,"Metropolitan area core: primary flow within an urbanized area of 50,000 and greater",US,Internal Medicine,Claim-Specialty,4992,12519.033333333,578899.12,364580,496,,4771,12024.833333333,546805.14,350724,,473,,623,432815.65,,4326,145293.94,,43,789.53,,1529,219063.36,,3463,359835.76,,728,83563.29,,4264,495335.83,12,25.57,40,,0.24038461538462,0,0,0,,0,143,4730.52,82,,18,1803.74,*,,77.054435483871,23,198,155,120,299,197,438,,,26,0,21,68,428,1.3646876775903
1699229203,Tan,Si Min,,,I,852 2nd Ave,,New York,NY,36,10017,1,"Metropolitan area core: primary flow within an urbanized area of 50,000 and greater",US,Pharmacist,NPPES-Taxonomy,12,12,2346.55,12,12,,12,12,2346.55,12,,12,,12,2346.55,,0,0,,0,0,,0,0,,12,2346.55,,0,0,,12,2346.55,0,0,0,0,0,0,0,0,0,,0,0,0,,0,0,,0,74.5,0,,,0,,,12,0,0,0,0,0,0,12,0.94316666666667
1699296285,Chen,Tara,,MD,I,1455 E Ridge Rd,,Rochester,NY,36,14621,1,"Metropolitan area core: primary flow within an urbanized area of 50,000 and greater",US,Internal Medicine,Claim-Specialty,3223,6069.6333333333,223979.48,175977,656,,2672,5261.0333333333,172578.08,152890,,542,,350,168149.77,,2851,55139.56,,22,690.15,,2833,196563.58,,390,27415.9,,1441,139167.18,,1782,84812.3,136,2009.02,3699,27,4.2196711138691,,,,,,41,379.5,35,,17,2632.17,*,,70.969512195122,114,308,188,46,428,228,345,180,,95,,20,229,427,1.2560784549077
1699722736,Matatov,Valeriy,A,M.D.,I,7206 7th Ave,,Brooklyn,NY,36,11209,1,"Metropolitan area core: primary flow within an urbanized area of 50,000 and greater",US,Internal Medicine,Claim-Specialty,312,358,62571.36,8888,71,,246,276.66666666667,45837.65,6651,,58,,179,60686.17,,133,1885.19,,0,0,,185,42211.32,,127,20360.04,,290,61636.71,,22,934.65,,,,,,,,,,,19,82.54,13,,0,0,,0,71.845070422535,13,27,,,48,23,20,24,,22,,,59,12,1.7626333518886
1699723353,Pusatier,Michael,F,DO,I,325 Essjay Rd,,Williamsville,NY,36,14221,1,"Metropolitan area core: primary flow within an urbanized area of 50,000 and greater",US,Family Practice,Claim-Specialty,11223,25473.366666667,1237351.81,742749,628,,9733,22829.233333333,1021856.05,665554,,576,,1513,992692.85,,9595,239291.76,,115,5367.2,,7760,727533.67,,3463,509818.14,,2142,250061.42,,9081,987290.39,387,10988.95,9478,49,3.448275862069,18,853.6,540,,4.6511627906977,258,1896.83,166,,38,876.17,,12,72.972929936306,52,319,196,61,358,270,587,13,,,,19,72,556,1.2730177944158
1699749879,Schreiber,William,D,MD,I,792 N Main St,Ste 200a,N Syracuse,NY,36,13212,1,"Metropolitan area core: primary flow within an urbanized area of 50,000 and greater",US,Family Practice,Claim-Specialty,5417,10624.933333333,660850.62,303267,682,,4703,9497.4,553695.28,271900,,602,,692,551162.54,,4646,107039.13,,79,2648.95,,3490,382448.02,,1927,278402.6,,1436,206896.09,,3981,453954.53,237,8792.82,5764,79,4.3751153775152,27,1311.05,810,,11.392405063291,168,2116.96,116,,25,515.85,*,,72.66275659824,80,334,197,71,383,299,633,,,,,23,130,552,1.1161678655323
1699750943,Poynor,Elizabeth,A,MD,I,157 E 81st St,,New York,NY,36,10028,1,"Metropolitan area core: primary flow within an urbanized area of 50,000 and greater",US,Gynecological Oncology,Claim-Specialty,1037,1772.3333333333,136878.43,45706,300,,966,1663.2666666667,125224.03,42817,,282,"#",,,,823,68987.22,*,,,,68,8892.82,,969,127985.61,,97,7994.46,,940,128883.97,,,,,,,,,,,104,1828.32,65,,0,0,,0,73.296666666667,18,149,119,14,300,0,267,,,,0,18,18,282,0.856375
1699775312,Burns,Patrick,B,M.D.,I,210 E Main St,,Huntington,NY,36,11743,1,"Metropolitan area core: primary flow within an urbanized area of 50,000 and greater",US,Family Practice,Claim-Specialty,4842,12037.733333333,325697.02,355068,647,,4746,11862.066666667,320882.57,349836,,634,,471,232318.24,,4313,84167.03,,58,9211.75,,1237,74097.44,,3605,251599.58,,327,40095.07,,4515,285601.95,28,410.2,381,16,0.57827344072697,,,,,,97,3401.27,63,*,,,*,,76.027820710974,13,284,242,108,312,335,580,,11,11,,41,41,606,0.92392502382809
1699805200,Urbina,Antonio,E,MD,I,1111 Amsterdam Ave,,New York,NY,36,10025,1,"Metropolitan area core: primary flow within an urbanized area of 50,000 and greater",US,Internal Medicine,Claim-Specialty,5872,6913.2666666667,4202166.32,199191,162,,3878,4678.6333333333,2423349.75,135443,,97,,1771,3992800.6,,4046,209074.06,,55,291.66,,3363,2345879.99,,2509,1856286.33,,4650,3214944.94,,1222,987221.38,61,1919.05,1010,17,1.0388283378747,,,,,,59,908.81,29,*,,,*,,65,65,83,,,21,141,53,37,,62,0,,112,50,1.4895108629584
1699864454,Chusid,Arnold,,MD,I,2 Hillside Ave,,Williston Park,NY,36,11596,1,"Metropolitan area core: primary flow within an urbanized area of 50,000 and greater",US,Pediatric Medicine,NPPES-Specialty,49,57,8665.82,734,26,,32,32,4802.44,63,"#",,,26,4921.92,,23,3743.9,,0,0,*,,,"#",,,,21,4300.03,,28,4365.79,0,0,0,0,0,0,0,0,0,,,,,,0,0,*,,71.961538461538,,,,,12,14,23,0,,0,0,,,,0.91403846153846
1699904151,Li,Brian,C,D.O.,I,679 60th Street 1st Floor,,Brooklyn,NY,36,11220,1,"Metropolitan area core: primary flow within an urbanized area of 50,000 and greater",US,Family Practice,Claim-Specialty,5859,9113.3333333333,858316.48,253893,342,,5767,8959.8333333333,841907.38,249468,"#",,,1114,657425.84,,4686,199587.55,,59,1303.09,,5441,772727.96,,418,85588.52,,5605,848124,,254,10192.48,0,0,0,0,0,0,0,0,0,,298,2283.82,160,*,,,*,,73.12865497076,,,,,173,169,,0,318,,0,,317,25,0.95774739168621
1699954032,Lee,Matthew,D,RPH.,I,58 Genesee St,,Greene,NY,36,13778,2,"Metropolitan area high commuting: primary flow 30% or more to a urbanized area of 50,000 and greater",US,Pharmacist,NPPES-Taxonomy,24,24,4274.01,24,22,"#",,,,,"#",,,24,4274.01,,0,0,,0,0,,13,2240.6,,11,2033.41,*,,,"#",,,0,0,0,0,0,0,0,0,0,,0,0,0,*,,,*,,72.681818181818,,,,,,,19,,0,0,0,,,,0.63568181818182
1700059680,Tavakoly,Afshin,,M.D.,I,1664 E 14th St Ste 101,,Brooklyn,NY,36,11229,1,"Metropolitan area core: primary flow within an urbanized area of 50,000 and greater",US,Internal Medicine,Claim-Specialty,4116,7560.0333333333,872381.18,215810,308,,3508,6761.5666666667,753759.61,193015,,289,,802,619431.63,,3247,250200.23,,67,2749.32,,2378,420506.74,,1738,451874.44,,3391,736074.23,,725,136306.95,11,101.7,126,,0.26724975704568,0,0,0,,0,230,18304.62,123,,0,0,,0,73.772727272727,19,162,79,48,177,131,138,,56,64,,40,180,128,1.1304539552709
1700284841,Aye,Yin Yin,,,I,121 Dekalb Ave Apt 19c,,Brooklyn,NY,36,11201,1,"Metropolitan area core: primary flow within an urbanized area of 50,000 and greater",US,Internal Medicine,Claim-Specialty,4154,11765.6,179373.95,347649,566,,4050,11543.4,177288.59,341264,,540,,332,108955.69,,3782,69472.349999999,,40,945.91,"#",,,*,,,,922,39787.25,,3232,139586.7,121,2234.72,3404,29,2.9128550794415,,,,,,64,733.62,55,,0,0,,0,73.549469964664,26,308,181,51,394,172,262,84,36,170,0,14,97,469,1.1318197875743
1700286424,Abalos,Kevin Alfred,,PA-C,I,206-20 Linden Blvd,,Cambria Heights,NY,36,11411,1,"Metropolitan area core: primary flow within an urbanized area of 50,000 and greater",US,Physician Assistant,Claim-Specialty,6525,15464.266666667,641863.16,459175,839,,5981,14246.2,589129.92,423564,,788,,844,508583.76,,5449,122709,,232,10570.4,,4977,500536.06,,1548,141327.1,,1898,196740.36,,4627,445122.8,0,0,0,0,0,0,0,0,0,,51,394.47,46,*,,,*,,75.794994040524,51,316,337,135,564,275,15,753,11,26,0,34,176,663,1.4293956157239
1700821832,Berg,Debra,E,MD,I,900 Intervale Ave,Archcare Senior Life,Bronx,NY,36,10459,1,"Metropolitan area core: primary flow within an urbanized area of 50,000 and greater",US,Internal Medicine,Claim-Specialty,677,1430,71123.2,41872,94,"#",,,,,"#",,"#",,,,572,14802.12,*,,,,483,46957.2,,194,24166,,308,36257.91,,369,34865.29,0,0,0,0,0,0,0,0,0,,,,,*,,,*,,77.574468085106,,,,,53,41,18,17,,47,0,,29,65,1.0346320921986
1700828092,Martinez De Pimentel,Nadia,A,M.D.,I,3744 75th St,,Jackson Heights,NY,36,11372,1,"Metropolitan area core: primary flow within an urbanized area of 50,000 and greater",US,Internal Medicine,Claim-Specialty,7191,16327.566666667,1083106.69,482436,608,,6786,15519.166666667,1010437.61,458899,,567,,1156,942226.98,,5885,134773.43,,150,6106.28,,6619,1027396.89,,572,55709.8,,5339,910710.47,,1852,172396.22,0,0,0,0,0,0,0,0,0,,106,2759.56,72,,46,1324.3,*,,75.521381578947,41,258,203,106,447,161,42,,,543,,,408,200,1.4628301532905
1700843315,Chiu,Ronnie,,M.D.,I,60 Madison St,,New York,NY,36,10038,1,"Metropolitan area core: primary flow within an urbanized area of 50,000 and greater",US,Internal Medicine,NPPES-Specialty,16710,19931.4,1791350.4,582908,644,,16505,19681.433333333,1775191.46,575753,,626,,3110,1384002.1,,13220,399417.18,,380,7931.12,,15047,1597245.53,,1663,194104.87,,16509,1779443.46,,201,11906.94,,,,,,,,,,,157,2077.49,118,,16,730.42,*,,73.024844720497,18,399,168,59,337,307,,,601,30,0,,622,22,1.0206757411677
1700851375,Skezas,Jacob,W,MD,I,1780 Hanshaw Rd,,Ithaca,NY,36,14850,1,"Metropolitan area core: primary flow within an urbanized area of 50,000 and greater",US,Internal Medicine,Claim-Specialty,12155,23022.766666667,1133752.91,659043,691,,11139,21514.5,1034732.72,615741,,650,,1606,809397.41,,10460,321342.15,,89,3013.35,,4412,466076.44,,7743,667676.47,,1606,181468.95,,10549,952283.96,362,75870.79,7694,87,2.9781982723159,60,65455.83,1539,,16.574585635359,323,12356.25,153,,48,2909.8,*,,77.373371924747,41,223,265,162,333,358,626,20,,,,29,77,614,1.1693782435447
1700969920,Lam,Wai-Kuen,,M.D.,I,13630 Maple Ave Ste 2l,,Flushing,NY,36,11355,1,"Metropolitan area core: primary flow within an urbanized area of 50,000 and greater",US,Internal Medicine,Claim-Specialty,11989,21222.566666667,1436222.07,630464,497,,11766,20852.666666667,1410687.88,619553,,486,,1688,1139079.27,,10083,289063.29,,218,8079.51,,9225,1001008.42,,2764,435213.65,,9582,1246938.55,,2407,189283.52,,,,,,,,,,,89,2222,68,,15,244.56,*,,75.501006036217,11,246,170,70,345,152,0,,470,,,16,296,201,0.98244861822368
1700970670,Rojas,Henry,,MD,I,1071 Stoneleigh Ave,,Carmel,NY,36,10512,1,"Metropolitan area core: primary flow within an urbanized area of 50,000 and greater",US,Internal Medicine,Claim-Specialty,4376,7637.8666666667,374663.65,213185,660,,3355,6358.8666666667,284487.69,175748,,598,,830,292291.12,,3530,81986.8,,16,385.73,,1866,129050.9,,2510,245612.75,,1228,113773.72,,3148,260889.93,194,8357.47,5407,27,4.4332723948812,12,1941.42,360,,6.1855670103093,57,486.72,45,,18,40.61,*,,73.142424242424,62,328,203,67,344,316,566,13,15,47,0,19,91,569,1.0554493184088
1700979879,Reed,Thomas,M,MD,I,3078 Us Route 9w,,New Windsor,NY,36,12553,1,"Metropolitan area core: primary flow within an urbanized area of 50,000 and greater",US,Internal Medicine,Claim-Specialty,5140,12855.766666667,702401.95,378993,713,,4925,12366.4,644509.3,364657,,682,,868,596493.25,,4250,105247.99,,22,660.71,,1372,166816.34,,3768,535585.61,,511,114706.89,,4629,587695.06,60,2337.26,1693,15,1.1673151750973,,,,,,139,1314.87,119,*,,,*,,75.544179523142,31,293,296,93,379,334,610,39,,33,,21,58,655,1.1867693436508
1700979911,Ansari-Ezabadi,Amir,,MD,I,Mmg - Grand Concourse,2532 Grand Concourse,Bronx,NY,36,10458,1,"Metropolitan area core: primary flow within an urbanized area of 50,000 and greater",US,Internal Medicine,Claim-Specialty,19605,36211.4,2687735.49,1072504,982,,17690,32905.733333333,2393257.21,975175,,873,,3404,2265073.17,,15685,399367,,516,23295.32,,17280,2354536.71,,2325,333198.78,,14894,2140091.99,,4711,547643.5,69,877.31,1380,24,0.35195103289977,0,0,0,0,0,53,508.51,45,,45,589.86,*,,73.264765784114,109,446,324,103,597,385,34,239,,672,,27,626,356,1.5019954176873
1710053145,Berger,Aaron,H,MD,I,1203 Avenue J,2nd Floor,Brooklyn,NY,36,11230,1,"Metropolitan area core: primary flow within an urbanized area of 50,000 and greater",US,Cardiology,Claim-Specialty,688,1201.3333333333,123897.82,33667,178,,646,1128.3333333333,110339.06,31637,"#",,"#",,,,471,10050.35,*,,,,284,39053.83,,404,84843.99,,225,43963.63,,463,79934.19,0,0,0,0,0,0,0,0,0,,,,,,0,0,*,,74.724719101124,,,,,100,78,105,52,,,0,11,56,122,1.3570913536643
1710077409,Cortes,Jose,A,M.D.,I,247 3rd Ave Rm 501,,New York,NY,36,10010,1,"Metropolitan area core: primary flow within an urbanized area of 50,000 and greater",US,Internal Medicine,Claim-Specialty,8617,17425.833333333,3270668.37,514544,563,,7365,15383.166666667,2498679.03,454853,,495,,1866,3027816.08,,6581,237758.59,,170,5093.7,,6494,1954925.34,,2123,1315743.03,,5999,1995649.78,,2618,1275018.59,0,0,0,0,0,0,0,0,0,,162,2074.87,101,,23,1521.55,*,,73.02486678508,68,262,164,69,300,263,74,27,,452,0,,362,201,1.2372529164535
1710078993,Lee,Colleen,I,MD,I,1270 Broadway,"Ste #405",New York,NY,36,10001,1,"Metropolitan area core: primary flow within an urbanized area of 50,000 and greater",US,Internal Medicine,Claim-Specialty,7713,16365.233333333,1153219.81,484374,745,,7595,16097.233333333,1114557.46,476627,,733,,1157,997876.41,,6407,150655.6,,149,4687.8,,6715,1006536.99,,998,146682.82,,5762,955081.78,,1951,198138.03,0,0,0,0,0,0,0,0,0,,100,1119.87,78,*,,,*,,74.570469798658,12,393,258,82,447,298,11,,672,,0,52,489,256,1.0166300576052
1710092234,Tang,David,,M.D.,I,1010 N Broadway,,Yonkers,NY,36,10701,1,"Metropolitan area core: primary flow within an urbanized area of 50,000 and greater",US,Internal Medicine,Claim-Specialty,10115,20795.6,1413438.95,597216,655,,8707,18740.6,1123357.77,540056,,599,,1498,1050159.39,,8522,356958.18,,95,6321.38,,4015,661615.28,,6100,751823.67,,3466,727046.22,,6649,686392.73,409,22113.47,9986,70,4.0434997528423,23,6861.75,665,,5.6234718826406,496,37139.6,230,,58,22068.3,,15,74.172519083969,56,305,192,102,398,257,497,44,,64,,29,119,536,1.229499442504
1710122262,Taylor-Kamara,N'Gadie,C,M.D.,I,85 W Burnside Ave,,Bronx,NY,36,10453,1,"Metropolitan area core: primary flow within an urbanized area of 50,000 and greater",US,Internal Medicine,NPPES-Specialty,6764,9405.6666666667,782403.1,276486,231,,5322,7500.0666666667,549227.53,220380,,182,,1261,671833.41,,5132,101246.4,,371,9323.29,,5939,682883.69,,825,99519.41,,5867,692955.92,,897,89447.18,21,87.2,456,,0.31046717918391,0,0,0,,0,26,4702.58,23,,0,0,,0,70.735930735931,49,115,45,22,176,55,,88,,127,0,,189,42,1.1602439273544
1710139522,Mooney,Stacey,M,PHARM.D.,I,48 E Market St,,Rhinebeck,NY,36,12572,7,"Small town core: primary flow within an urban cluster of 2,500 to 9,999",US,Pharmacist,NPPES-Taxonomy,24,24,4526.48,24,23,,24,24,4526.48,24,,23,,24,4526.48,,0,0,,0,0,*,,,"#",,,,0,0,,24,4526.48,0,0,0,0,0,0,0,0,0,,0,0,0,,0,0,,0,73.913043478261,0,14,,,,,20,,0,,0,0,0,23,0.58469565217391
1710166699,Shah,Samir,K,RPH,I,187 Mill St,,Liberty,NY,36,12754,7,"Small town core: primary flow within an urban cluster of 2,500 to 9,999",US,Pharmacist,NPPES-Taxonomy,27,27,5046.2,114,23,"#",,,,,"#",,,27,5046.2,,0,0,,0,0,,13,2393.33,,14,2652.87,,11,2057.68,,16,2988.52,0,0,0,0,0,0,0,0,0,,0,0,0,*,,,*,,69.782608695652,,,,,,,19,0,,,0,0,,,0.93259420289855
1710200746,Molik,Annette,R,,I,9050 Erie Rd,,Angola,NY,36,14006,1,"Metropolitan area core: primary flow within an urbanized area of 50,000 and greater",US,Pharmacist,NPPES-Taxonomy,20,20,3344.39,20,20,"#",,,,,"#",,,20,3344.39,,0,0,,0,0,"#",,,*,,,*,,,"#",,,0,0,0,0,0,0,0,0,0,,0,0,0,*,,,*,,73.8,,,,,,,17,,0,0,0,,,,1.2705
1710219985,Sheridan,Alison,,,I,10095 Main Rd,,Mattituck,NY,36,11952,1,"Metropolitan area core: primary flow within an urbanized area of 50,000 and greater",US,Pharmacist,NPPES-Taxonomy,13,13,2333.25,13,13,,13,13,2333.25,13,,13,,13,2333.25,,0,0,,0,0,*,,,"#",,,,0,0,,13,2333.25,0,0,0,0,0,0,0,0,0,,0,0,0,,0,0,,0,70.769230769231,0,12,,,,,13,0,0,0,0,0,0,13,0.64384615384615
1710264056,Tacci,James,A,M.D.,I,1445 Portland Ave,G03,Rochester,NY,36,14621,1,"Metropolitan area core: primary flow within an urbanized area of 50,000 and greater",US,Preventive Medicine,NPPES-Specialty,360,376.4,19389.39,3853,197,,347,357.3,17993.83,3413,"#",,,75,9327.22,,285,10062.17,,0,0,,282,15839.18,,78,3550.21,,19,2177.33,,341,17212.06,0,0,0,0,0,0,0,0,0,,164,1936.51,148,,0,0,*,,71.091370558376,,,,,119,78,157,13,,,0,18,11,186,0.66662436548223
1710269923,Philip,Domy,,RPH,I,16 Route 59,,Nyack,NY,36,10960,1,"Metropolitan area core: primary flow within an urbanized area of 50,000 and greater",US,Pharmacist,NPPES-Taxonomy,15,15,2575.89,15,15,"#",,,,,"#",,,15,2575.89,,0,0,,0,0,*,,,"#",,,*,,,"#",,,0,0,0,0,0,0,0,0,0,,0,0,0,*,,,*,,72.466666666667,,,,,,,,,,,0,0,,,0.9854
1710290515,Niyazov,Linda,,PA,I,1st Avenue 16street,Beth Israel Medical Center,Manhattan,NY,36,10003,1,"Metropolitan area core: primary flow within an urbanized area of 50,000 and greater",US,Physician Assistant,NPPES-Specialty,189,212.83333333333,22867.23,3259,112,,171,194.83333333333,21827.35,2942,"#",,,100,21405.43,"#",,,*,,,,88,7407.82,,101,15459.41,,95,6123.8,,94,16743.43,0,0,0,0,0,0,0,0,0,,12,191.47,,,0,0,*,,77.151785714286,,,,,70,42,71,,,24,0,,38,74,1.3263195443335
1710327796,Taufik,Mireille,,MD,I,130 Center Way,,Corning,NY,36,14830,4,"Micropolitan area core: primary flow within an urban cluster of 10,000 to 49,999",US,Family Practice,Claim-Specialty,7651,15936.466666667,794089.46,467914,577,,5918,13224.333333333,612968.98,388703,,470,,924,638057.36,,6659,153330.84,,68,2701.26,,4822,472096.05,,2829,321993.41,,2741,323664.86,,4910,470424.6,106,2282.42,2315,35,1.3854398117893,,,,,,86,1180.71,70,,35,2215.7,*,,70.192374350087,107,278,153,39,379,198,543,13,,,0,11,167,410,1.0769314553895
1710364286,Choe,Seong,,FNP,I,3514 150th Pl Fl 2,,Flushing,NY,36,11354,1,"Metropolitan area core: primary flow within an urbanized area of 50,000 and greater",US,Nurse Practitioner,NPPES-Specialty,16177,17328.533333333,3273608.71,506586,259,,16051,17180.533333333,3254199.23,502237,,240,,3119,1783547.15,,12863,1482668.67,,195,7392.89,,15196,3035342.33,,981,238266.38,,16166,3273499.92,,11,108.79,0,0,0,0,0,0,0,0,0,,109,2414.76,67,*,,,*,,72.223938223938,19,146,79,15,139,120,,,207,25,0,14,,,1.064670840438
1710918818,Din,Iftikhar,U,MD,I,326 7th St,,Brooklyn,NY,36,11215,1,"Metropolitan area core: primary flow within an urbanized area of 50,000 and greater",US,Internal Medicine,Claim-Specialty,3545,7090.1333333333,408695.76,204987,235,,3208,6433.2666666667,352175.34,186605,,200,,590,317107.93,,2862,87376.84,,93,4210.99,,1932,202147.46,,1613,206548.3,,2473,323708.22,,1072,84987.54,46,203.31,790,17,1.2976022566996,0,0,0,0,0,155,3060.03,92,,13,2076.51,*,,72.668085106383,35,87,83,30,157,78,57,58,,105,0,,127,108,1.8366436776956
1710921648,Brammer,Werner,K,M.D.,I,7573 State Route 54,Keuka Family Practice,Bath,NY,36,14810,7,"Small town core: primary flow within an urban cluster of 2,500 to 9,999",US,Family Practice,Claim-Specialty,9358,15075.766666667,1083315.17,390581,1696,,7325,12208.933333333,841308.4,314323,,1498,,2585,933335.71,,6694,147539.96,,79,2439.5,,6639,806311.24,,2719,277003.93,,3774,483496.51,,5584,599818.66,420,19481.83,10070,68,4.4881384911306,43,8399.5,1264,,10.238095238095,238,43236.5,128,,57,12908.79,,11,71.883254716981,198,915,456,127,939,757,1586,,,23,0,72,355,1341,0.94246545901188
1710950365,Barry,Joseph,T,M.D.,I,5415 W Genesee St,Suite 301,Camillus,NY,36,13031,1,"Metropolitan area core: primary flow within an urbanized area of 50,000 and greater",US,Internal Medicine,Claim-Specialty,2878,5035.8333333333,550380.37,140821,297,,2583,4640.5,511513.33,130612,,278,,543,482083.32,,2297,64744.46,,38,3552.59,,1869,277107.38,,1009,273272.99,,125,22492.83,,2753,527887.54,129,2776.01,3253,22,4.4822793606671,17,680.42,471,,13.178294573643,176,1426.06,87,,39,55035.44,*,,76.252525252525,19,114,106,58,169,128,280,,,,0,11,14,283,1.2175802847695
1710967393,Lipetz,Simon,S,M.D.,I,10460 Queens Blvd,,Forest Hills,NY,36,11375,1,"Metropolitan area core: primary flow within an urbanized area of 50,000 and greater",US,Internal Medicine,Claim-Specialty,3484,6255.5,638180.69,180981,300,,3306,5980.1666666667,570376.51,173023,,282,,671,529105.4,,2748,106861.84,,65,2213.45,,1618,348919.18,,1866,289261.51,,1524,453356.85,,1960,184823.84,49,813.78,1401,,1.406429391504,0,0,0,,0,144,1797.78,96,*,,,*,,73.876666666667,18,149,102,31,172,128,230,,15,22,,19,91,209,1.1088786617817
1710967971,Shifrin,Inna,,MD,I,98 Avenue U,,Brooklyn,NY,36,11223,1,"Metropolitan area core: primary flow within an urbanized area of 50,000 and greater",US,Internal Medicine,Claim-Specialty,11324,17222.233333333,1515850.36,485561,416,,9252,14515.3,1171078.02,410518,,365,,2169,1287623.39,,8894,218122.39,,261,10104.58,,5161,688166.13,,6163,827684.23,,6841,1151750.49,,4483,364099.87,168,33367.07,4294,31,1.4835747085835,40,21270.6,1136,,23.809523809524,456,27628.24,205,,101,2649.89,,17,74.038461538462,51,153,159,53,295,121,307,45,,41,,19,155,261,1.3760842984815
1710978812,Greisman,Stewart,,M.D.,I,457 W 57th St,Apt 106,New York,NY,36,10019,1,"Metropolitan area core: primary flow within an urbanized area of 50,000 and greater",US,Rheumatology,Claim-Specialty,3476,7452.9666666667,429072.4,217510,346,,3411,7335.6333333333,426666.92,214138,"#",,,369,352985.42,,3053,74535.36,,54,1551.62,,548,33025.89,,2928,396046.51,,247,12861.75,,3229,416210.65,59,1054.71,1323,14,1.6973532796318,0,0,0,0,0,81,1400.74,48,*,,,*,,77.647398843931,,,,,245,101,282,16,,,0,34,15,331,1.0088790944123
1710989314,De Lara,Francisco,A,MD,I,1525 Pitkin Ave,,Brooklyn,NY,36,11212,1,"Metropolitan area core: primary flow within an urbanized area of 50,000 and greater",US,Internal Medicine,Claim-Specialty,10918,20428.266666667,838113.64,601565,402,,10110,18953.733333333,763728.65,557986,,370,,1395,645633.19,,9015,184320.27,,508,8160.18,,9591,760672.45,,1327,77441.19,,9922,808466.54,,996,29647.1,41,294.08,687,19,0.37552665323319,0,0,0,0,0,156,1550,98,,72,814.06,,15,73.927860696517,32,193,128,49,213,189,11,36,,346,0,,317,85,0.99282006633499
1720040702,Orris,Maxine,,MD,I,1192 Broadway,,Brooklyn,NY,36,11221,1,"Metropolitan area core: primary flow within an urbanized area of 50,000 and greater",US,General Practice,Claim-Specialty,9597,21232.333333333,1984749.74,631235,489,,7986,18048.066666667,1501385.36,536892,,404,,1803,1461876.59,,7319,506005.72,,475,16867.43,,8407,1663280.72,,1190,321469.02,,8547,1748794.42,,1050,235955.32,43,433.13,1177,19,0.44805668438054,0,0,0,0,0,49,701.99,32,,29,17613.25,*,,71.40081799591,85,199,168,37,327,162,23,84,,372,0,,388,101,1.23717048328
1720043920,Sayegh,Nasem,J,M.D.,I,102 Park Ave,,Yonkers,NY,36,10703,1,"Metropolitan area core: primary flow within an urbanized area of 50,000 and greater",US,Family Practice,Claim-Specialty,21391,38420.433333333,5917714.92,1118839,890,,18432,33837.366666667,4960091.91,986515,,770,,4069,3098684.38,,16911,2791024.72,,411,28005.82,,14615,3827366.95,,6776,2090347.97,,16066,5245930.75,,5325,671784.17,27,131.17,387,19,0.12622130802674,0,0,0,0,0,548,6549.4,334,,126,16252.5,,27,73.005617977528,120,390,277,103,468,422,202,244,27,373,0,44,506,384,1.5029439044307
1720072465,Luvera,Vincent,J,DO,I,600 Mcclellan St,St Claires Hospital Wound Care Center,Schenectady,NY,36,12304,1,"Metropolitan area core: primary flow within an urbanized area of 50,000 and greater",US,Family Medicine,NPPES-Taxonomy,203,205,34931.47,536,177,,181,183,30952.06,514,,158,,192,34843.77,,11,87.7,,0,0,,130,22524.9,,73,12406.57,,21,3865.32,,182,31066.15,0,0,0,0,0,0,0,0,0,,,,,,0,0,,0,72.084745762712,19,100,42,16,103,74,156,,,,0,11,17,160,0.77255178907721
1245292192,Stehlik,Edward,A,"M.D., F.A.C.P.",I,1783 Colvin Blvd,,Buffalo,NY,36,14223,1,"Metropolitan area core: primary flow within an urbanized area of 50,000 and greater",US,Internal Medicine,Claim-Specialty,2092,2633.6333333333,161239.16,72823,462,,2045,2579.0333333333,156346.47,71349,,449,,348,141469.2,,1693,19167.06,,51,602.9,,1546,134937.52,,546,26301.64,,123,6965.12,,1969,154274.04,22,656.96,310,18,1.0516252390057,,,,,,55,694.08,46,*,,,*,,74.911255411255,13,229,160,60,233,229,419,16,,,0,21,29,433,1.1250971156592
1245293935,Akhnoukh,Afaf,E,MD,I,9610 Metropolitan Ave,,Forest Hills,NY,36,11375,1,"Metropolitan area core: primary flow within an urbanized area of 50,000 and greater",US,Internal Medicine,Claim-Specialty,4599,11675.533333333,465757.56,345928,560,,4351,11094.433333333,452623.34,328837,,521,,448,227057.01,,4027,234357.19,,124,4343.36,,3174,230198.13,,1425,235559.43,,1460,265206.35,,3139,200551.21,0,0,0,0,0,0,0,0,0,,53,332.17,45,,0,0,,0,74.323214285714,39,261,186,74,347,213,222,111,37,161,,,150,410,1.2488136263356
1245294040,Foster,Mark,,MD,I,1323 Route 9,Suite 204,Wappingers Falls,NY,36,12590,1,"Metropolitan area core: primary flow within an urbanized area of 50,000 and greater",US,Internal Medicine,Claim-Specialty,3258,7152.6666666667,416292.41,201152,492,,3033,6713.1333333333,378974.36,188879,,451,,489,350603.74,,2686,63873.67,,83,1815,,1016,138067.15,,2242,278225.26,,360,73885.06,,2898,342407.35,101,822.72,1971,30,3.1000613873542,,,,,,189,3615.46,120,*,,,*,,72.756097560976,41,262,142,47,247,245,433,16,,16,,19,38,454,0.97699606244319
1245295492,Wani,Rozy,N,MD,I,229 Summit St Ste 1,,Batavia,NY,36,14020,4,"Micropolitan area core: primary flow within an urban cluster of 10,000 to 49,999",US,Internal Medicine,Claim-Specialty,9287,21099.4,950340.06,618789,670,,8443,19646.833333333,813504.31,576607,,624,,1187,741646.14,,7973,202981.44,,127,5712.48,,6797,670335.74,,2490,280004.32,,1974,300529.05,,7313,649811.01,203,5477.44,5144,47,2.1858511898353,0,0,0,0,0,198,2263.68,124,,36,7304.29,*,,75.701492537313,46,274,218,132,423,247,629,17,,,0,11,109,561,1.0472958058613
1245321462,Lee,Junho,,MD,I,"38-25 Parsons Blvd. #1g",,Flushing,NY,36,11354,1,"Metropolitan area core: primary flow within an urbanized area of 50,000 and greater",US,Internal Medicine,Claim-Specialty,25155,39715.033333333,3898940.55,1176196,1005,,24955,39449.033333333,3882312.7,1168434,,989,,4747,3397946.21,,19559,468145.37,,849,32848.97,,22549,3419857.99,,2606,479082.56,,22331,3615858.35,,2824,283082.2,0,0,0,0,0,0,0,0,0,,187,1548.03,130,*,,,*,,73.974129353234,16,568,319,102,546,459,,,924,,0,60,750,255,1.0400393280698
1245355155,Belsare,Tara,J,MD PLLC,I,3220 Pearl St,,Endwell,NY,36,13760,1,"Metropolitan area core: primary flow within an urbanized area of 50,000 and greater",US,Psychiatry,Claim-Specialty,162,262.16666666667,22558.5,6564,47,,113,206.16666666667,7151.83,5227,,33,,52,19865.18,,110,2693.32,,0,0,,108,17466.05,,54,5092.45,,59,17121.26,,103,5437.24,0,0,0,0,0,0,0,0,0,,0,0,0,,0,0,,0,65.851063829787,14,22,,,26,21,42,,0,,0,,25,22,1.1740389410205
1245358274,Bailey,Susan,L,M.D.,I,700 Commons Way,"#227",Rochester,NY,36,14623,1,"Metropolitan area core: primary flow within an urbanized area of 50,000 and greater",US,Internal Medicine,NPPES-Specialty,5522,5524.9333333333,916102.08999999,5988,4088,,4775,4777,787673.42999999,5155,,3554,,5518,916036.99999999,*,,,"#",,,,4698,777977.69999999,,824,138124.39,,1416,243930.71,,4106,672171.38,0,0,0,0,0,0,0,0,0,,0,0,0,,0,0,,0,71.231653620352,534,2227,1102,225,2351,1737,3159,460,,231,,185,935,3153,0.96622689673047
1245364710,Xu,Xinqi,,"M.D.,",I,94-29 59th Avenue,,Elmhurst,NY,36,11373,1,"Metropolitan area core: primary flow within an urbanized area of 50,000 and greater",US,Family Practice,Claim-Specialty,5978,11037.633333333,649028.05,325922,332,,5415,10139.866666667,596594.85,299328,,301,,964,550298.06,,4891,95842.19,,123,2887.8,,4666,512846.47,,1312,136181.58,,4449,508671.34,,1529,140356.71,,,,,,,,,,,99,965.14,64,*,,,*,,72.171686746988,31,175,98,28,210,122,28,40,167,71,,,199,133,1.0560549342734
1245378215,Picca,Joseph,A,MD,I,23 Ontario St,,Honeoye Falls,NY,36,14472,2,"Metropolitan area high commuting: primary flow 30% or more to a urbanized area of 50,000 and greater",US,Family Practice,Claim-Specialty,8828,17616.333333333,723737.53,510992,668,,7510,15440.2,597368.49,449391,,611,,859,522353.99,,7924,194318.36,,45,7065.18,,7320,508771.4,,1508,214966.13,,1251,181538.49,,7577,542199.04,381,15770.44,7818,61,4.3158133212506,36,4889.61,1040,,9.4488188976378,143,6283.83,103,,14,268.04,*,,72.589820359281,57,337,211,63,238,430,620,,,,,39,68,600,0.86419522751358
1245393875,Card,Andrea,D,M.D.,I,3611 21st St,,Long Island City,NY,36,11106,1,"Metropolitan area core: primary flow within an urbanized area of 50,000 and greater",US,Internal Medicine,Claim-Specialty,3938,5597.8666666667,352467.46,165306,181,,3422,4892.1,300327.8,144718,,148,,587,296246.56,,3222,48862.85,,129,7358.05,,3421,302630.23,,517,49837.23,,3736,346242.38,,202,6225.08,,,,,,,,,,,12,128.87,,,0,0,,0,70.005524861878,33,99,,,132,49,17,52,12,95,,,161,20,1.3515654967568
1245422328,Jagarlamudi,Padmavathi,,MD,I,1276 Fulton Avenue,Fulton Family Health Center,Bronx,NY,36,10456,1,"Metropolitan area core: primary flow within an urbanized area of 50,000 and greater",US,Internal Medicine,NPPES-Specialty,5048,9754.1666666667,852899.8,290689,264,,3978,7830.5333333333,671809.22,233428,,196,,1145,736404.06,,3589,107476.51,,314,9019.23,,4351,721156.11,,697,131743.69,,4745,831800.46,,303,21099.34,,,,,,,,,,,11,181.73,,*,,,*,,69.496212121212,68,114,64,18,177,87,,119,,129,0,,216,48,1.4281015483097
1245450204,Hou,Steve,,"M.D.,",I,3916 Prince St Ste 155,,Flushing,NY,36,11354,1,"Metropolitan area core: primary flow within an urbanized area of 50,000 and greater",US,Internal Medicine,Claim-Specialty,9954,14461.2,1146373.75,416081,427,,9853,14318.2,1139789.42,411997,"#",,,1735,924323.11,,7905,212098.3,,314,9952.34,,9298,1089417.09,,656,56956.66,,9614,1131627.67,,340,14746.08,0,0,0,0,0,0,0,0,0,,228,2191.39,154,*,,,*,,72.548009367682,,,,,218,209,,,405,,0,,382,45,1.0576816322451
1245476225,Ruggiero,Linda,E,RPH,I,26 W Merritt Blvd,,Fishkill,NY,36,12524,1,"Metropolitan area core: primary flow within an urbanized area of 50,000 and greater",US,Pharmacist,NPPES-Taxonomy,23,23,3766.43,29,20,"#",,,,,"#",,,17,3270.3,*,,,"#",,,"#",,,*,,,*,,,"#",,,0,0,0,0,0,0,0,0,0,,0,0,0,*,,,*,,68.9,,,,,,,12,,,0,0,0,,,1.4296371637393
1245477660,Georgiadis,Eunice,E,N.P.,I,215 East 95th Street,,New York,NY,36,10128,1,"Metropolitan area core: primary flow within an urbanized area of 50,000 and greater",US,Nurse Practitioner,Claim-Specialty,1601,3920.6,142876.04,114814,369,,1443,3621.1,120615.87,106712,,329,,182,110982.49,,1398,31702.13,,21,191.42,,1219,122598.31,,382,20277.73,,622,63291.8,,979,79584.24,,,,,,,,,,,25,288.12,24,,0,0,,0,74.162601626016,40,163,111,55,275,94,50,189,,114,0,,119,250,1.3108349295949
1245541325,Der,Kathy,H,FNP,I,7785 N State St Fl 3,,Lowville,NY,36,13367,7.1,"Secondary flow 30% to <50% to a urbanized area of 50,000 and greater",US,Nurse Practitioner,Claim-Specialty,5199,10597.6,539862.13,309856,341,,4030,8736.7,383984.11,256115,,272,,704,433295.65,,4429,105033.55,,66,1532.93,,2547,253943.19,,2652,285918.94,,2395,319580.07,,2804,220282.06,78,3751.52,1891,21,1.5002885170225,13,2711.78,390,,16.666666666667,130,1547.31,66,,33,2935.52,*,,70.439882697947,69,146,95,31,231,110,327,,,0,0,11,127,214,1.0689423698133
1245553551,Liddington,Kelly,B,PHARMD,I,Coners Of Route 32 And 23,,Cairo,NY,36,12413,2,"Metropolitan area high commuting: primary flow 30% or more to a urbanized area of 50,000 and greater",US,Pharmacist,NPPES-Taxonomy,19,19,3417.37,19,19,,19,19,3417.37,19,,19,,19,3417.37,,0,0,,0,0,*,,,"#",,,*,,,"#",,,0,0,0,0,0,0,0,0,0,,0,0,0,,0,0,,0,75.789473684211,0,,12,,,,19,0,0,0,0,0,0,19,0.71057894736842
1245627892,Dormevil,Raymond,,M.D,I,2125 Nostrand Ave,,Brooklyn,NY,36,11210,1,"Metropolitan area core: primary flow within an urbanized area of 50,000 and greater",US,Family Practice,Claim-Specialty,7485,16847.566666667,357153.2,483726,662,,6001,13782.533333333,252229.91,397268,,554,,1032,243735.27,,6300,109884.17,,153,3533.76,,7446,352386.26,,39,4766.94,,2698,153970.83,,4787,203182.37,336,5160.88,6301,60,4.4889779559118,17,703.5,267,,5.0595238095238,51,618.66,38,,15,386.27,*,,70.542296072508,108,371,146,37,293,369,81,531,18,18,,,163,499,1.1076728348846
1245677426,Diaz,Luis,D,M.D.,I,1783 Route 9,Suite 204,Clifton Park,NY,36,12065,1,"Metropolitan area core: primary flow within an urbanized area of 50,000 and greater",US,Family Practice,Claim-Specialty,3674,7111.7666666667,350294.09,194081,505,,3040,6273.6666666667,298362.44,176246,,443,,431,266718.14,,3170,80652.34,,73,2923.61,,2383,230145.31,,1291,120148.78,,1099,101492.89,,2575,248801.2,60,1127.43,1207,36,1.6330974414807,,,,,,118,753.91,86,,22,397.63,*,,72.043564356436,62,236,148,59,233,272,435,11,,40,,12,87,418,1.0225433451799
1245884485,Liu,Hui-Ju,,,I,139 Centre St Ste 709,,New York,NY,36,10013,1,"Metropolitan area core: primary flow within an urbanized area of 50,000 and greater",US,Nurse Practitioner,Claim-Specialty,4631,8354.8,867258.75,241470,725,,4537,8183.3,844924.67,236531,,712,,1061,709169.81,,3497,156253.09,,73,1835.85,,4233,789145.77,,398,78112.98,,4401,851602.15,,230,15656.6,,,,,,,,,,,98,1108.64,85,*,,,*,,75.769655172414,13,362,220,130,380,345,,,704,,0,14,666,59,1.1709676869339
1245962612,Izzi,Ana,L,MD,I,419 E 114th St Apt 3fe,,New York,NY,36,10029,1,"Metropolitan area core: primary flow within an urbanized area of 50,000 and greater",US,Student in an Organized Health Care Education/Training Program,NPPES-Taxonomy,226,362.53333333333,48251.67,10678,51,,165,272.46666666667,32099.83,7990,"#",,,75,46312.38,,151,1939.29,,0,0,,199,39282.09,,27,8969.58,,194,36780.83,,32,11470.84,0,0,0,0,0,0,0,0,0,,0,0,0,,0,0,*,,72.960784313725,,,,,31,20,,11,,36,0,0,,,1.6883169934641
1255313391,Stahl,David,,M.D.,I,21 N Main St,,Middleport,NY,36,14105,7,"Small town core: primary flow within an urban cluster of 2,500 to 9,999",US,Internal Medicine,Claim-Specialty,24605,41017.766666667,1611763.51,1189702,1195,,22889,38629.233333333,1498204.06,1120911,,1101,,2627,1226899.42,,21634,370015.9,,344,14848.19,,17251,914352.96,,7354,697410.55,,4836,349238.4,,19769,1262525.11,1100,36686.98,26857,234,4.4706360495834,79,13403.33,2310,17,7.1818181818182,677,7443.26,366,,130,2710.25,,23,74.521338912134,94,517,414,170,605,590,1142,,,,,39,164,1031,1.1706610957361
1255314456,Symons,Nicole,L,MD,I,325 Essjay Rd,Suite 110,Williamsville,NY,36,14221,1,"Metropolitan area core: primary flow within an urbanized area of 50,000 and greater",US,Family Practice,Claim-Specialty,2934,7280.3,192600.01,215217,318,,2858,7090.3,183103.18,209577,,307,,376,139545.68,,2514,52091.03,,44,963.3,,2104,126105.64,,830,66494.37,,190,14162.42,,2744,178437.59,,,,,,,,,,,19,155.91,16,,0,0,,0,75.270440251572,11,147,119,41,274,44,292,15,0,,0,,21,297,0.9604392033543
1255315776,Su,Amy,,MD PHD,I,3916 Prince St Ste 155,,Flushing,NY,36,11354,1,"Metropolitan area core: primary flow within an urbanized area of 50,000 and greater",US,Internal Medicine,Claim-Specialty,7641,10635.5,956503.39,305851,417,,7577,10552.833333333,954010.77,303510,"#",,,1390,786469.31,,6041,164540.28,,210,5493.8,,7139,896629.9,,502,59873.49,,7321,933225.83,,320,23277.56,0,0,0,0,0,0,0,0,0,,132,1189.17,102,,13,2207.86,*,,71.928057553957,,,,,210,207,,,399,,0,,370,47,0.99318693441552
1255328126,Augustine,Joseph,P,MD,I,4939 Brittonfield Pkwy,Suite 101,East Syracuse,NY,36,13057,1,"Metropolitan area core: primary flow within an urbanized area of 50,000 and greater",US,Family Practice,Claim-Specialty,20920,45321.733333333,2032793.96,1329532,1331,,19090,42297,1786470.53,1241495,,1236,,2359,1540467.17,,18170,456587.79,,391,35739,,14071,1256610.55,,6849,776183.41,,2516,291168.15,,18404,1741625.81,547,17325.21,14802,100,2.6147227533461,34,4536.1,971,,6.2157221206581,494,5897.04,289,,70,2079.16,,15,74.294515401953,95,609,447,180,727,604,1242,26,,12,,46,119,1212,1.0443459852128
1255335907,Elmer,Thomas,R,MD,I,2825 Niagara Falls Blvd,Ste 130,Amherst,NY,36,14228,1,"Metropolitan area core: primary flow within an urbanized area of 50,000 and greater",US,Ophthalmology,Claim-Specialty,694,1038,112234.09,26972,315,,651,992.66666666667,107820.75,26143,,294,,336,87987.52,,358,24246.57,,0,0,,516,84373.92,,178,27860.17,,103,18547.86,,591,93686.23,0,0,0,0,0,0,0,0,0,,,,,,0,0,,0,74.4,21,151,104,39,200,115,287,15,0,,0,,35,280,1.0998992363496
1255341723,Chiang,Chien,,M.D.,I,109 Lafayette St,Suite 701,New York,NY,36,10013,1,"Metropolitan area core: primary flow within an urbanized area of 50,000 and greater",US,Internal Medicine,Claim-Specialty,9102,11936.833333333,1266980.28,343396,498,,8839,11651.833333333,1205806.08,335386,,486,,1626,982528.89,,7337,281963.25,,139,2488.14,,7667,1040403.2,,1435,226577.08,,7910,1169847.39,,1192,97132.89,0,0,0,0,0,0,0,0,0,,156,2020.03,101,,12,52.09,*,,73.397590361446,12,312,131,43,256,242,,,469,,0,14,342,156,0.90773078369463
1255360087,Wallach,Frances,R,MD,I,One Gustave L. Levy Place,,New York,NY,36,10029,1,"Metropolitan area core: primary flow within an urbanized area of 50,000 and greater",US,Infectious Disease,Claim-Specialty,1668,1833,3086176.83,53041,121,,1016,1159,1854226.23,33794,,78,,942,3070064.98,"#",,,*,,,,887,1604806.57,,781,1481370.26,,1093,2038694.01,,575,1047482.82,0,0,0,0,0,0,0,0,0,,46,1959.27,22,,0,0,,0,65.892561983471,43,63,,,49,72,37,48,15,17,,,74,47,2.6735947155398
1255379038,Chadda,Jitendra,S,MD,I,96-10 Metropolitan Ave,,Forest Hills,NY,36,11375,1,"Metropolitan area core: primary flow within an urbanized area of 50,000 and greater",US,Internal Medicine,Claim-Specialty,5013,12080.466666667,460461.31,356951,499,,4672,11350.533333333,426899.84,335582,,460,,623,366261.4,,4269,89870.05,,121,4329.86,,3943,343647.94,,1070,116813.37,,1998,204012.19,,3015,256449.12,0,0,0,0,0,0,0,0,0,,62,331.56,45,,0,0,,0,74.575150300601,39,218,167,75,283,216,157,99,65,136,,,137,362,1.3492296465928
1255491734,Lee,Norman,N,M.D.,I,8310 Queens Blvd,,Elmhurst,NY,36,11373,1,"Metropolitan area core: primary flow within an urbanized area of 50,000 and greater",US,Internal Medicine,Claim-Specialty,6498,13168.066666667,777892.05,386902,332,,6458,13054.066666667,771571.07,383507,"#",,,857,594187.28,,5507,180503.45,,134,3201.32,,5752,683718.69,,746,94173.36,,4899,606204.6,,1599,171687.45,28,415.19,643,,0.43090181594337,0,0,0,,0,100,1343.37,69,*,,,*,,76.978915662651,,,,,175,157,,0,308,,0,16,191,141,1.0120992768833
1255512828,Thide,David,,,I,1659 Penfield Rd,,Rochester,NY,36,14625,1,"Metropolitan area core: primary flow within an urbanized area of 50,000 and greater",US,Pharmacist,NPPES-Taxonomy,16,16,3001.88,16,16,"#",,,,,"#",,,16,3001.88,,0,0,,0,0,"#",,,*,,,*,,,*,,,0,0,0,0,0,0,0,0,0,,0,0,0,*,,,*,,71.4375,,,,,,,,,,,0,0,,,1.0338125
1255540456,Rios,Carlos,,MD,I,234 E 85th St,,New York,NY,36,10028,1,"Metropolitan area core: primary flow within an urbanized area of 50,000 and greater",US,Internal Medicine,Claim-Specialty,5088,11928.733333333,465018.17,351485,553,,4775,11295.433333333,448585.46,333101,,511,,569,356654.94,,4419,104120.18,,100,4243.05,,2243,183608.36,,2845,281409.81,,1853,220342.86,,3235,244675.31,14,95.76,349,,0.2751572327044,0,0,0,,0,27,16640.24,24,*,,,*,,73.864376130199,42,250,216,45,228,325,237,62,,194,,45,130,423,1.2052636881882
1255574000,Yang,Min,,MD,I,325 Essjay Rd,,Williamsville,NY,36,14221,1,"Metropolitan area core: primary flow within an urbanized area of 50,000 and greater",US,Family Practice,Claim-Specialty,10288,24913.8,976023.86,732087,679,,9473,23370.7,864725.1,687681,,638,,1238,763949.17,,8916,206265.29,,134,5809.4,,6926,612648.52,,3362,363375.34,,1940,188033.14,,8348,787990.72,16,161.28,134,12,0.15552099533437,,,,,,206,1525.64,136,,47,1068.51,*,,75.048600883652,41,315,215,108,471,208,520,84,25,17,0,33,93,586,1.388622534714
1255598868,Pike,Sandra,A,NP,I,144 W 5th St,,Oswego,NY,36,13126,4,"Micropolitan area core: primary flow within an urban cluster of 10,000 to 49,999",US,Nurse Practitioner,NPPES-Specialty,8500,18241.733333333,761685.2,533989,599,,7983,17287.033333333,727726.2,506515,,566,,988,588301.71,,7418,167658.68,,94,5724.81,,4818,419324.64,,3682,342360.56,,1358,101449.1,,7142,660236.1,248,15470.68,5576,60,2.9176470588235,21,12130.83,630,,8.4677419354839,178,1545.54,126,*,,,*,,73.924874791319,33,309,202,55,338,261,574,,,,0,15,54,545,1.0170551014803
1255657581,Richardson,Stacie,M,M.D.,I,447 Atlantic Ave,,Brooklyn,NY,36,11217,1,"Metropolitan area core: primary flow within an urbanized area of 50,000 and greater",US,Internal Medicine,Claim-Specialty,4939,12201.2,424709.35,363248,443,,4674,11600.2,406144.87,345475,,414,,629,310533.9,,4210,107631.01,,100,6544.44,,3824,339462.79,,1115,85246.56,,1913,182757.33,,3026,241952.02,0,0,0,0,0,0,0,0,0,,26,229.28,25,,0,0,,0,75.006772009029,29,181,169,64,341,102,13,357,,56,,16,143,300,1.285122817129
1255713525,Yazdi,Babak,,M.D,I,374 Stockholm St,,Brooklyn,NY,36,11237,1,"Metropolitan area core: primary flow within an urbanized area of 50,000 and greater",US,Internal Medicine,Claim-Specialty,5329,12525.3,292658.79,362581,813,,4566,11019.833333333,230222.99,319890,,727,,716,189317.53,,4481,100216.65,,132,3124.61,,5240,289893.28,,89,2765.51,,1809,101690.59,,3520,190968.2,446,8213.31,9830,115,8.3693000562957,29,795.91,818,,6.5022421524664,119,6836.07,87,*,,,*,,72.841328413284,86,391,255,81,501,312,429,146,28,199,,,204,609,1.3973991474908
1255740742,Jaffarji,Moiz,,,I,605 Rockaway Tpke,,Lawrence,NY,36,11559,1,"Metropolitan area core: primary flow within an urbanized area of 50,000 and greater",US,Pharmacist,NPPES-Taxonomy,24,24,4405.64,24,18,,24,24,4405.64,24,,18,,24,4405.64,,0,0,,0,0,*,,,"#",,,,0,0,,24,4405.64,0,0,0,0,0,0,0,0,0,,0,0,0,,0,0,,0,72.944444444444,0,12,,,,,,,0,,0,,0,18,0.97344444444444
1265404982,Schaeffer,Christopher,,MD,I,701 Seneca St Ste 646c,,Buffalo,NY,36,14210,1,"Metropolitan area core: primary flow within an urbanized area of 50,000 and greater",US,Internal Medicine,Claim-Specialty,20511,20692.5,647977.66,215748,530,,19329,19504.433333333,615794.55,204012,,503,"#",,,,18330,161717.24,*,,,,14071,426352.26,,6440,221625.4,,17030,546301.43,,3481,101676.23,217,7167.07,4002,100,1.0579688947394,35,4673.45,1024,13,16.129032258065,219,7719.23,106,,483,67741.35,,50,82.339622641509,27,93,162,248,360,170,475,42,,,,,320,210,2.2396060499905
1265405898,Liang,Lawrence,Y,M.D.,I,53 Elizabeth St,Suite 5a,New York,NY,36,10013,1,"Metropolitan area core: primary flow within an urbanized area of 50,000 and greater",US,Psychiatry,Claim-Specialty,5025,5724.8333333333,258473.65,166490,501,,4407,5053.8333333333,162386.66,146582,,460,"#",,,,4778,97782.15,*,,,,3473,128265.22,,1552,130208.43,,4376,243935.55,,649,14538.1,0,0,0,0,0,0,0,0,0,,,,,,1034,88030.92,,153,73.441117764471,41,268,120,72,327,174,14,,459,19,0,,408,93,1.2671506693336
1265408090,Galyanova,Valentina,V,MD,I,1780 Hanshaw Rd,,Ithaca,NY,36,14850,1,"Metropolitan area core: primary flow within an urbanized area of 50,000 and greater",US,Family Practice,Claim-Specialty,5534,11636.3,479471.12,339472,419,,4500,9821.0666666667,394098.76,287762,,346,,660,348978.73,,4836,128452.97,,38,2039.42,,3090,243547.66,,2444,235923.46,,2664,278583.91,,2870,200887.21,194,13202.87,4926,32,3.5056017347308,,,,,,104,1913.21,72,,29,4572.96,*,,70.966587112172,73,183,136,27,305,114,359,29,,,0,14,137,282,0.98203991724014
1265452262,Nathan,Sathia,V,MD,I,6934 Williams Road,Suite 200,Niagara Falls,NY,36,14304,1,"Metropolitan area core: primary flow within an urbanized area of 50,000 and greater",US,Family Practice,Claim-Specialty,7115,16690.6,720225.35,489866,579,,6195,14735.9,630622.39,433012,,486,,846,579143.95,,6147,136573.55,,122,4507.85,,5724,582196.5,,1391,138028.85,,2420,362312.48,,4695,357912.87,130,2083.52,2253,45,1.8271257905833,0,0,0,0,0,161,1182.84,117,,12,729.33,*,,72.305699481865,93,239,174,73,312,267,472,50,28,,,20,171,408,1.0535839588503
1265499008,Penepent,Philip,A,M.D.,I,5196 Genesee St,,Bowmansville,NY,36,14026,1,"Metropolitan area core: primary flow within an urbanized area of 50,000 and greater",US,Internal Medicine,Claim-Specialty,10016,19524.633333333,1033511.53,556457,1003,,9087,18040.9,931308.58,514352,,937,,1327,832816.45,,8550,195459.34,,139,5235.74,,7866,723334.15,,2150,310177.38,,1634,183824.54,,8382,849686.99,468,21225.07,11822,121,4.6725239616613,38,7369.08,1117,,8.1196581196581,627,4034.12,316,,37,1613.86,*,,75.254237288136,66,431,339,167,569,434,962,,,,0,25,97,906,1.1690881822054
1265522031,Berk,Steven,I,MD,I,Montefiore Medical Park,"1575 Blondell Avenue, Ste. 200",Bronx,NY,36,10461,1,"Metropolitan area core: primary flow within an urbanized area of 50,000 and greater",US,Internal Medicine,Claim-Specialty,4206,9865.2,381043.46,292635,306,,3867,9352.3333333333,332072.53,277672,,287,,479,294411.12,,3670,85102.68,,57,1529.66,,3112,275977.42,,1094,105066.04,,1141,111696.92,,3065,269346.54,13,84.74,390,,0.30908226343319,0,0,0,,0,15,92.28,12,,0,0,,0,75.849673202614,19,116,117,54,175,131,109,105,14,69,,,74,232,1.2649374652804
1265525489,Sejdiu,Mentor,,MD,I,3011 Boston Rd,,Bronx,NY,36,10469,1,"Metropolitan area core: primary flow within an urbanized area of 50,000 and greater",US,Internal Medicine,Claim-Specialty,12336,23596.5,1539635.29,694242,568,,10590,20841.166666667,1304173.39,614046,,486,,1796,1267141.56,,10233,263121.3,,307,9372.43,,10011,1302006.49,,2325,237628.8,,9033,1164879.87,,3303,374755.42,79,341.14,1071,31,0.64040207522698,0,0,0,0,0,93,1048.73,66,,64,4788.84,,13,72.239436619718,82,253,179,54,340,228,172,145,11,188,0,52,342,226,1.3256347598262
1265538458,Lown,Jonathan,S,MD,I,2171 Jericho Tpke,Suite 100,Commack,NY,36,11725,1,"Metropolitan area core: primary flow within an urbanized area of 50,000 and greater",US,Internal Medicine,Claim-Specialty,8445,17253.966666667,2317287.14,504348,333,,8049,16509.566666667,2201127.93,482695,,315,,2249,2061382.63,,6099,253293.23,,97,2611.28,,824,204710.92,,7621,2112576.22,,304,150188.62,,8141,2167098.52,106,1910.3,2947,28,1.255180580225,,,,,,245,23047.1,116,,71,18959.56,,19,75.327327327327,18,129,135,51,156,177,298,,,,0,20,12,321,1.317475585103
1265613772,Labell,Jennifer,L,RPH,I,2050 Chili Ave,,Rochester,NY,36,14624,1,"Metropolitan area core: primary flow within an urbanized area of 50,000 and greater",US,Pharmacist,NPPES-Taxonomy,14,14,2291.98,14,13,"#",,,,,"#",,,14,2291.98,,0,0,,0,0,*,,,*,,,*,,,"#",,,0,0,0,0,0,0,0,0,0,,0,0,0,*,,,*,,75.692307692308,,,,,,,,,0,0,0,0,,,1.1944615384615
1265687347,Wu,Jianlin,,M.D.,I,"839 58th Street, 5th Floor",,Brooklyn,NY,36,11220,1,"Metropolitan area core: primary flow within an urbanized area of 50,000 and greater",US,Internal Medicine,Claim-Specialty,26574,35617.2,3053773.95,1034408,1210,,26316,35318.733333333,3019958,1025974,,1196,,4290,2609689.9,,21860,433566.71,,424,10517.34,,23863,2755780.67,,2711,297993.28,,25859,3012046.77,,715,41727.18,27,673.97,305,17,0.10160307067058,0,0,0,0,0,343,4585.14,255,,280,8938.02,,63,74.600826446281,14,689,374,133,671,539,,0,1200,,0,,1159,51,1.2402981057373
1265729792,Goss,Erin,J,MD,I,305 E 161st St,,Bronx,NY,36,10451,1,"Metropolitan area core: primary flow within an urbanized area of 50,000 and greater",US,Internal Medicine,Claim-Specialty,2344,4019.9333333333,756344.92,117795,146,,1853,3358.0666666667,559398.26,98729,,117,,597,653252.22,,1664,100426,,83,2666.7,,1974,618087.96,,370,138256.96,,2173,699792,,171,56552.92,47,540.49,980,13,2.0051194539249,0,0,0,0,0,,,,*,,,*,,71,29,60,44,13,96,50,,53,0,86,0,,120,26,1.6415186504778
1265751002,Li,Simon,,MD,I,8510 19th Ave,,Brooklyn,NY,36,11214,1,"Metropolitan area core: primary flow within an urbanized area of 50,000 and greater",US,Family Practice,Claim-Specialty,32157,37185.3,5654473.45,1073409,652,,31589,36440.7,5486296,1052577,,635,,7336,3932613.76,,24308,1706253.67,,513,15606.02,,29239,5204184.81,,2918,450288.64,,31277,5584539.6,,880,69933.85,0,0,0,0,0,0,0,0,0,,566,8232.22,335,,33,655,*,,72.995398773006,17,424,154,57,353,299,,,631,,0,,591,61,1.1722761658071
1265838874,Bao,Tony,,FNP,I,2685 E 22nd St Apt 1b,,Brooklyn,NY,36,11235,1,"Metropolitan area core: primary flow within an urbanized area of 50,000 and greater",US,Nurse Practitioner,NPPES-Specialty,1455,1910.1666666667,186905.81,54872,118,,1455,1910.1666666667,186905.81,54872,,118,,340,152560.45,,1079,34161.5,,36,183.86,"#",,,*,,,,1442,186352.98,,13,552.83,0,0,0,0,0,0,0,0,0,,26,740,22,,0,0,,0,72.796610169492,0,85,22,11,62,56,,0,117,0,0,,,,0.89689420903955
1265958300,Amtiaz,Mohammad,U,PHARM D,I,300 W 135th St,,New York,NY,36,10030,1,"Metropolitan area core: primary flow within an urbanized area of 50,000 and greater",US,Pharmacist,NPPES-Taxonomy,25,25,4550.29,25,20,"#",,,,,"#",,,25,4550.29,,0,0,,0,0,"#",,,*,,,,13,2232.15,,12,2318.14,0,0,0,0,0,0,0,0,0,,0,0,0,*,,,*,,72.8,,,,,,,,16,0,,0,,,,0.95415
1275125072,Chew,Victoria,C,PA-C,I,758 61st St Ste A,,Brooklyn,NY,36,11220,1,"Metropolitan area core: primary flow within an urbanized area of 50,000 and greater",US,Physician Assistant,NPPES-Specialty,7389,10041.433333333,1229958.33,289784,697,,7294,9907.6333333333,1219222.23,286181,,676,,1759,1019427.29,,5512,206829.9,,118,3701.14,,6873,1143868.87,,516,86089.46,,7174,1202753.49,,215,27204.84,0,0,0,0,0,0,0,0,0,,167,1427.23,146,,11,202.26,*,,72.771879483501,21,442,171,63,366,331,,0,682,,0,,658,39,1.2473052520061
1275533408,Vuillequez,Jeffrey,,M.D.,I,30 Hagen Dr,Suite 300,Rochester,NY,36,14625,1,"Metropolitan area core: primary flow within an urbanized area of 50,000 and greater",US,Internal Medicine,Claim-Specialty,7843,18793.2,592121.11,553015,763,,7425,18020.433333333,574290.46,530796,,732,,633,414145.99,,7163,175956.27,,47,2018.85,,7088,521336.76,,755,70784.35,,427,32379.92,,7416,559741.19,206,14797.93,4852,45,2.6265459645544,20,10237.22,600,,9.7087378640777,125,3582.26,97,,43,803.42,,11,75.897771952818,31,311,293,128,390,373,695,,,,0,45,37,726,0.93893563732035
1275575466,Attia,A. Lawrence,,MD,I,350 W 58th St,,New York,NY,36,10019,1,"Metropolitan area core: primary flow within an urbanized area of 50,000 and greater",US,Gastroenterology,Claim-Specialty,2799,6117.9,252855.61,179342,291,"#",,,,,"#",,,323,172864.17,,2461,79662.8,,15,328.64,,737,77740.54,,2062,175115.07,,295,16622.56,,2504,236233.05,22,280.88,563,,0.78599499821365,0,0,0,,0,83,9749.19,55,*,,,*,,77.841924398625,,,,,171,120,216,24,,28,,20,22,269,0.95639518900344
1275595787,Lyo,Thomas,Z,M.D,I,13987 35th Ave Apt L1,,Flushing,NY,36,11354,1,"Metropolitan area core: primary flow within an urbanized area of 50,000 and greater",US,Internal Medicine,Claim-Specialty,5735,11176.5,935213.05,326812,283,,5017,10123.7,808779.61,296393,,253,,846,604559.8,,4813,327566.4,,76,3086.85,,3582,670250.58,,2153,264962.47,,3415,607765.77,,2320,327447.28,197,16830.49,5297,18,3.435047951177,37,13127.65,1110,,18.781725888325,118,1718.99,75,,20,1275.58,*,,74.696113074205,30,108,98,47,151,132,82,101,43,43,0,14,120,163,1.2106607114067
1275617987,Roque,Pedro,J,MD,I,5 Wicks Road,Suite 1a,Brentwood,NY,36,11717,1,"Metropolitan area core: primary flow within an urbanized area of 50,000 and greater",US,Internal Medicine,Claim-Specialty,5125,10638.1,564742.02,312858,430,,4747,9856.3333333333,518747.65,289721,,391,,868,497846.47,,4178,63129.04,,79,3766.51,,4237,490183.86,,888,74558.16,,3649,446149.91,,1476,118592.11,0,0,0,0,0,0,0,0,0,,52,2663.66,35,*,,,*,,73.686046511628,39,194,155,42,202,228,91,23,,304,0,,231,199,1.4762782082917
1275627556,Jacobs,Linda,H,MD,I,50 Underhill Blvd,Suite 101,Syosset,NY,36,11791,1,"Metropolitan area core: primary flow within an urbanized area of 50,000 and greater",US,Pediatric Medicine,NPPES-Specialty,61,61,10001.23,148,45,"#",,,,,"#",,,55,9939.83,*,,,"#",,,*,,,"#",,,*,,,"#",,,0,0,0,0,0,0,0,0,0,,,,,*,,,*,,71.288888888889,,,,,27,18,39,,0,0,0,,,,0.89936851851852
1275639502,Wu,Benjamin,,,I,730 60th St Fl 1,,Brooklyn,NY,36,11220,1,"Metropolitan area core: primary flow within an urbanized area of 50,000 and greater",US,Family Practice,Claim-Specialty,34483,48330.6,6475535,1417393,884,,33890,47591.933333333,6391847.37,1395982,,862,,8999,5619972.11,,25083,848214.16,,401,7348.73,,27601,5240017.21,,6882,1235517.79,,33519,6365797.96,,964,109737.04,27,282.7,408,13,0.078299451903837,,,,,,222,2853.63,163,,96,3372.17,,21,74.097285067873,22,521,228,113,498,386,,0,860,,0,,820,64,1.1821138182605
1275664690,Lord,Amy,,FNP-C,I,119 Whig St,,Newark Valley,NY,36,13811,2,"Metropolitan area high commuting: primary flow 30% or more to a urbanized area of 50,000 and greater",US,Nurse Practitioner,Claim-Specialty,4587,10674.266666667,635837.2,311120,350,,3751,9132.6666666667,550998.5,267117,,284,,673,521003.36,,3841,111779.74,,73,3054.1,,3166,450889.12,,1421,184948.08,,1151,201211.43,,3436,434625.77,152,6088.2,4672,35,3.3137126662307,15,1854.21,436,,9.8684210526316,157,2092.29,86,,20,5085.02,*,,70.285714285714,66,169,79,36,220,130,344,,0,,0,,82,268,1.0209938108878
1275699852,Corzo,Pedro,A,M.D.,I,10308 Roosevelt Ave,,Corona,NY,36,11368,1,"Metropolitan area core: primary flow within an urbanized area of 50,000 and greater",US,Internal Medicine,NPPES-Specialty,7960,15691.366666667,1310654.14,457636,427,,7133,14229.1,1118551.55,415292,,390,,1358,1103843.43,,6330,198161.23,,272,8649.48,,7176,1213800.08,,784,96854.06,,7316,1245628.85,,644,65025.29,53,176.7,430,37,0.66582914572864,0,0,0,0,0,125,2549.78,76,,0,0,,0,72.405152224824,37,243,116,31,207,220,,,0,420,0,,371,56,1.063294259834
1275780090,Goldstein,Mitchell,I,RPH,I,70 E 161st St,,Bronx,NY,36,10451,1,"Metropolitan area core: primary flow within an urbanized area of 50,000 and greater",US,Pharmacist,NPPES-Taxonomy,15,15,2896.64,44,14,"#",,,,,"#",,,15,2896.64,,0,0,,0,0,,15,2896.64,,0,0,"#",,,*,,,0,0,0,0,0,0,0,0,0,,0,0,0,*,,,*,,69.357142857143,,,,,,,0,,,12,0,0,,,1.2355714285714
1275808545,Chin,Tiffany,L,,I,300 Community Dr,,Manhasset,NY,36,11030,1,"Metropolitan area core: primary flow within an urbanized area of 50,000 and greater",US,Internal Medicine,Claim-Specialty,2374,5838.1,114700.2,165745,461,,2320,5716.9333333333,112350.07,162184,,445,,285,70711.27,,2052,43309.63,,37,679.3,,2307,111120.6,,67,3579.6,,462,25751.19,,1912,88949.01,23,400.8,433,11,0.96882898062342,0,0,0,0,0,181,1603.24,169,*,,,*,,74.060737527115,16,249,149,47,264,197,234,,96,102,,20,50,411,1.0502090134392
1275891608,Schiff,Eugene,C,MD,I,731 White Plains Rd,,Bronx,NY,36,10473,1,"Metropolitan area core: primary flow within an urbanized area of 50,000 and greater",US,Family Practice,Claim-Specialty,3274,4890.0666666667,795071.93,143979,199,,2572,3937.5,531829.05,116544,,150,,837,745904.89,,2325,45996.27,,112,3170.77,,2855,734930.56,,419,60141.37,,2730,659842.17,,544,135229.76,0,0,0,0,0,0,0,0,0,,,,,*,,,*,,67.984924623116,49,106,31,13,96,103,13,64,,113,0,,145,54,1.438933506483
1285003376,Bastiaanse,Emily,C,FNP-C,I,2517 Vestal Pkwy E,,Vestal,NY,36,13850,1,"Metropolitan area core: primary flow within an urbanized area of 50,000 and greater",US,Nurse Practitioner,Claim-Specialty,4055,9351.9333333333,439004.76,272466,415,,3428,8123.9666666667,347078.76,236655,,367,,545,361915.55,,3478,75750.92,,32,1338.29,,2035,236240.4,,2020,202764.36,,984,162028.14,,3071,276976.62,60,527.95,1275,24,1.4796547472256,0,0,0,0,0,130,1415.93,83,,14,348.85,*,,72.556626506024,48,193,128,46,250,165,395,,,,0,,75,340,1.0551624352358
1285120113,Vista,Manuel,,MD,I,2532 Grand Concourse,,Bronx,NY,36,10458,1,"Metropolitan area core: primary flow within an urbanized area of 50,000 and greater",US,Internal Medicine,Claim-Specialty,7886,15296.9,831809.31,444411,605,,6556,12987.533333333,655524.53,378944,,505,,1318,669260.29,,6397,151631.65,,171,10917.37,,6554,710209.02,,1332,121600.29,,5497,648916.61,,2389,182892.7,109,1979.86,1540,28,1.3821962972356,,,,,,71,638.04,49,,47,1398.45,*,,71.398347107438,100,290,166,49,409,196,24,266,,296,,11,338,267,1.4014992699078
1285158485,Germosen,Joely,F,,I,534 W 135th St,,New York,NY,36,10031,1,"Metropolitan area core: primary flow within an urbanized area of 50,000 and greater",US,Nurse Practitioner,NPPES-Specialty,627,1175.9,63339.81,34662,122,,590,1124.2333333333,60463.98,33195,,108,,82,48424.81,,446,12424.3,,99,2490.7,,585,61084.58,,42,2255.23,,596,62548.86,,31,790.95,0,0,0,0,0,0,0,0,0,,,,,,0,0,,0,72.180327868852,14,63,,,95,27,,14,0,104,0,,,,1.0758940600836
1285240747,Rodriguez,Nicole,A,FNP-BC,I,150 Essex St,,New York,NY,36,10002,1,"Metropolitan area core: primary flow within an urbanized area of 50,000 and greater",US,Nurse Practitioner,Claim-Specialty,2986,5405.2666666667,501925.8,159747,232,,2315,4272.9666666667,357043.64,126294,,189,,639,458177.74,,2157,37816.74,,190,5931.32,,2480,420255.04,,506,81670.76,,2844,494820.16,,142,7105.64,0,0,0,0,0,0,0,0,0,,,,,,0,0,,0,70.5,43,113,63,13,144,88,15,33,,178,0,,195,37,1.0780086206897
1285275768,Scott,Marquita,,,I,3719 Union Rd Ste 218,,Cheektowaga,NY,36,14225,1,"Metropolitan area core: primary flow within an urbanized area of 50,000 and greater",US,Nurse Practitioner,Claim-Specialty,1533,1547.6666666667,68157.58,30777,318,,1484,1498.6666666667,63873.58,30110,,299,"#",,,,1268,15571.26,*,,,,1128,49368.8,,405,18788.78,,969,44942.41,,564,23215.17,142,1770.8,1085,103,9.262883235486,,,,,,46,494.85,40,*,,,*,,82.081761006289,19,49,103,147,234,84,291,15,,,,,165,153,2.010972015755
1285601914,Abdullah,Mahdi,,MD,I,12 N 7th Ave,,Mount Vernon,NY,36,10550,1,"Metropolitan area core: primary flow within an urbanized area of 50,000 and greater",US,Internal Medicine,Claim-Specialty,1901,3023.9,179206.95,84432,152,,1543,2461.8,150705.01,68887,,123,,334,142780.33,,1553,35748.33,,14,678.29,,718,73524.88,,1183,105682.07,,1572,155124.15,,329,24082.8,,,,,,,,,,,61,2821.48,33,,75,2283.45,,12,74.967105263158,29,44,47,32,94,58,39,79,,22,,,101,51,2.202434109259
1285601963,Leong,Alfred,B,MD,I,515 Sixth Street,,Brooklyn,NY,36,11215,1,"Metropolitan area core: primary flow within an urbanized area of 50,000 and greater",US,Internal Medicine,Claim-Specialty,2324,5002.6666666667,345358.48,147586,348,,2010,4441.7,259406.74,131275,,294,,393,292260.24,,1873,51121.26,,58,1976.98,,1552,228438.42,,772,116920.06,,1472,265874.27,,852,79484.21,,,,,,,,,,,15,1191.35,13,,0,0,,0,72.873563218391,54,150,106,38,251,97,46,188,11,93,,,177,171,1.643436584598
1285605394,Tam,Steve,C,MD,I,77 Bowery,"5th Floor, Suite 502",New York,NY,36,10002,1,"Metropolitan area core: primary flow within an urbanized area of 50,000 and greater",US,Internal Medicine,Claim-Specialty,18819,39373.6,3821206.2,1172811,703,,18776,39272.066666667,3816666.87,1169790,"#",,,3701,3233746.95,,14907,580551.95,,211,6907.3,,14394,2941512.88,,4425,879693.32,,15319,3338470.8,,3500,482735.4,52,973.85,668,17,0.27631648865508,0,0,0,0,0,72,634.03,54,,31,761.43,*,,80.513513513514,,,,,412,291,16,,626,,0,47,475,228,1.4831544050135
1285655696,Cheng,Jenny,,M.D.,I,139 Centre St Ste 608,,New York,NY,36,10013,1,"Metropolitan area core: primary flow within an urbanized area of 50,000 and greater",US,Internal Medicine,Claim-Specialty,8187,16468.433333333,1439510.13,480659,400,,8078,16287.833333333,1421626.32,475453,"#",,,1320,1188486.03,,6723,246419.57,,144,4604.53,,7487,1251952.57,,700,187557.56,,7348,1362332.77,,839,77177.36,,,,,,,,,,,47,663.66,34,*,,,*,,73.3275,,,,,256,144,0,,383,,0,,325,75,0.85659128477702
1285677161,Frieary,Patrick,M,MD,I,100 High St,Mdc Clinic,Buffalo,NY,36,14203,1,"Metropolitan area core: primary flow within an urbanized area of 50,000 and greater",US,Internal Medicine,Claim-Specialty,3085,4737.5,306036.87,135920,358,,2205,3490.4666666667,200002.97,100505,,256,,499,227996.61,,2534,74078.32,,52,3961.94,,2421,234905.75,,664,71131.12,,2116,232916.6,,969,73120.27,484,31175.66,13907,103,15.688816855754,57,15702.52,1655,14,11.776859504132,41,7505.49,17,*,,,*,,69.974860335196,102,137,69,50,224,134,173,153,,25,,,227,131,1.6582313783223
1285681643,Serje,Jorge,,M.D.,I,362 9th St,,Brooklyn,NY,36,11215,1,"Metropolitan area core: primary flow within an urbanized area of 50,000 and greater",US,Internal Medicine,Claim-Specialty,10569,18882.933333333,1695887.65,554566,575,,9684,17501.266666667,1513817.62,514080,,520,,2213,1372800.22,,8031,309634.41,,325,13453.02,,6954,1001239.23,,3615,694648.42,,8056,1315167.23,,2513,380720.42,70,1967.85,1746,25,0.66231431545085,,,,,,212,12369.63,143,,75,3599.93,,17,75.069565217391,55,220,197,103,338,237,45,38,,474,0,,341,234,1.4283806484951
1285722462,Szimonisz,Susan,M,MD,I,155 Lawn Ave,,Buffalo,NY,36,14207,1,"Metropolitan area core: primary flow within an urbanized area of 50,000 and greater",US,Internal Medicine,Claim-Specialty,1335,1569.2333333333,124045.12,25441,788,,1208,1402.4333333333,117294.29,21882,,730,"#",,,,741,19671.17,*,,,,981,99126.47,,354,24918.65,,186,14121.02,,1149,109924.1,,,,,,,,,,,73,565.08,56,,0,0,,0,73.036802030457,58,422,231,77,475,313,698,35,14,,,30,89,699,1.0410742836441
1285864983,Xu,Mingzhu,,MD,I,139 Centre St Ste 715a,,New York,NY,36,10013,1,"Metropolitan area core: primary flow within an urbanized area of 50,000 and greater",US,Internal Medicine,Claim-Specialty,8974,12116.7,1400282.03,340331,214,,8848,11861.766666667,1374772.16,332953,"#",,,1739,992389.34,,6989,403360.61,,246,4532.08,,8771,1380346.99,,203,19935.04,,8932,1398950.52,,42,1331.51,11,68.24,103,,0.12257633162469,0,0,0,,0,238,2469.24,114,*,,,*,,69.883177570093,,,,,108,106,,,208,,0,0,,,0.82810085669782
1285876466,Alhajjoumaa,Mamoun,,PA,I,40-35 95 Street,,Elmhurst,NY,36,11368,1,"Metropolitan area core: primary flow within an urbanized area of 50,000 and greater",US,Physician Assistant,NPPES-Specialty,12279,21263.933333333,2253682.2,622862,564,,11459,19997.133333333,2124394.33,586644,,529,,2734,1988195.55,,9266,259448.26,,279,6038.39,,11008,1828239.6,,1271,425442.6,,10787,2112044,,1492,141638.2,0,0,0,0,0,0,0,0,0,,276,3316.13,149,,77,30490.29,,18,73.423758865248,35,295,177,57,333,231,23,,,525,0,,423,141,1.1620670807976
1285917252,Mann,Peggy,A,PHARM.D.,I,40 S Erie St,,Mayville,NY,36,14757,10,"Rural areas: primary flow to a tract outside a urbanized area of 50,000 and greater or UC",US,Pharmacist,NPPES-Taxonomy,96,96,15280.43,96,88,"#",,,,,"#",,,96,15280.43,,0,0,,0,0,*,,,"#",,,*,,,"#",,,0,0,0,0,0,0,0,0,0,,0,0,0,*,,,*,,72.625,,,,,48,40,82,0,,,0,,,,0.80432954545455
1285918185,Chowdhury,Mustaque,A,,I,6420 Saunders St Apt. D8,,Rego Park,NY,36,11374,1,"Metropolitan area core: primary flow within an urbanized area of 50,000 and greater",US,Pharmacist,NPPES-Taxonomy,35,41,6206.57,302,34,"#",,,,,"#",,,32,5957.45,*,,,"#",,,,11,2003,,24,4203.57,*,,,"#",,,0,0,0,0,0,0,0,0,0,,0,0,0,*,,,*,,72.735294117647,,,,,17,17,26,,,,0,,,,0.89673529411765
1285919068,Yin,Xiaoqin,S,D.O.,I,13620 38th Ave Ste 6f,,Flushing,NY,36,11354,1,"Metropolitan area core: primary flow within an urbanized area of 50,000 and greater",US,Family Practice,Claim-Specialty,49812,52031.466666667,7207846.15,1486314,596,,48738,50954.066666667,6988189.31,1455489,,582,,10485,5413458.43,,38052,1766778.39,,1275,27609.33,,48936,7140418.17,,876,67427.98,,49112,7184649.47,,700,23196.68,,,,,,,,,,,1037,7858.66,384,,142,9394.11,,59,72.082214765101,14,410,151,21,339,257,,,576,,0,14,568,28,0.98652647707619
1295005528,Zimny,Tiffany,L,PHARM.D,I,2841 Nichols St,,Spencerport,NY,36,14559,1,"Metropolitan area core: primary flow within an urbanized area of 50,000 and greater",US,Pharmacist,NPPES-Taxonomy,15,15,2661.35,15,15,,15,15,2661.35,15,,15,,15,2661.35,,0,0,,0,0,"#",,,*,,,,0,0,,15,2661.35,0,0,0,0,0,0,0,0,0,,0,0,0,,0,0,,0,76.466666666667,0,,,,,,15,0,0,0,0,0,0,15,0.7494
1295256584,Giwa-Amu,Obafemi,O,M.D.,I,99 E State St,,Gloversville,NY,36,12078,4,"Micropolitan area core: primary flow within an urban cluster of 10,000 to 49,999",US,Family Practice,Claim-Specialty,5165,11967.533333333,663106.23,347200,619,,4607,10829,564570.87,314625,,540,,821,565317.58,,4286,96165.61,,58,1623.04,,4022,496241.51,,1143,166864.72,,1242,216556.43,,3923,446549.8,102,668.37,1677,38,1.9748305905131,,,,,,96,902.83,65,,12,1105.2,*,,72.998384491115,79,264,203,73,273,346,584,,,,0,18,134,485,1.142049710478
1295268522,Kaur,Harjit,,D.O,I,85 High St,,Buffalo,NY,36,14203,1,"Metropolitan area core: primary flow within an urbanized area of 50,000 and greater",US,Family Practice,Claim-Specialty,6675,15725.033333333,695939.96,462930,555,,6300,14932.8,631252.51,439711,,521,,866,571070.31,,5688,118615.54,,121,6254.11,,4427,418033.68,,2248,277906.28,,1778,220380.45,,4897,475559.51,41,449.04,636,13,0.61423220973783,,,,,,77,653.85,56,*,,,*,,75.632432432432,34,228,195,98,389,166,204,314,,16,,17,111,444,1.5011566375034
1295312650,Kwak,Taehee,,,I,930 E Tremont Ave,,Bronx,NY,36,10460,1,"Metropolitan area core: primary flow within an urbanized area of 50,000 and greater",US,Family Practice,NPPES-Specialty,8872,10580.733333333,756643.42,306473,333,,6983,8377.0666666667,506038,243469,,258,,1359,640950.79,,7286,108678.3,,227,7014.33,,8240,733909.28,,632,22734.14,,8453,744166.64,,419,12476.78,24,3007.95,720,,0.27051397655546,,,,,,71,805.3,51,*,,,*,,69.60960960961,75,157,77,24,183,150,,50,,269,0,,299,34,1.1811026409251
1295408664,Gyamfi,Anthony,A,,I,1430 Broadway,,New York,NY,36,10018,1,"Metropolitan area core: primary flow within an urbanized area of 50,000 and greater",US,Pharmacist,NPPES-Taxonomy,20,20,3938.87,20,19,"#",,,,,"#",,,20,3938.87,,0,0,,0,0,*,,,"#",,,*,,,"#",,,0,0,0,0,0,0,0,0,0,,0,0,0,*,,,*,,73.578947368421,,,,,,,15,0,,,0,,,,0.99673684210526
1295701191,Salamone,Jane,I,MD,I,2350 Ridgeway Ave,,Rochester,NY,36,14626,1,"Metropolitan area core: primary flow within an urbanized area of 50,000 and greater",US,Internal Medicine,Claim-Specialty,517,842.2,53357.16,20960,219,,491,813.86666666667,49478.02,20428,,202,"#",,,,354,6031.7,*,,,,452,45100.36,,65,8256.8,,55,7671.32,,462,45685.84,,,,,,,,,,,23,253.36,20,,0,0,,0,74.365296803653,17,94,80,28,147,72,164,24,,21,0,,36,183,1.0312415338104
1295705085,Gates-Maby,Tiffany,J,PA,I,53 Pine St,,Deposit,NY,36,13754,2,"Metropolitan area high commuting: primary flow 30% or more to a urbanized area of 50,000 and greater",US,Physician Assistant,Claim-Specialty,4467,9828.1333333333,522974.64,284799,451,,3337,7635.7666666667,361207.15,223006,,356,,608,444790.55,,3837,77497.94,,22,686.15,,2884,369674.91,,1583,153299.73,,1400,204876.47,,3067,318098.17,146,2341.91,3383,24,3.2684128050146,0,0,0,0,0,142,1662.37,84,,11,780.91,*,,70.385809312639,95,190,126,40,258,193,433,,0,,,,121,330,1.0799297516458
1295716173,Lam,Wan,L,MD,I,16th St At 1st Ave,Bimc Dept Of General Medicine,New York,NY,36,10003,1,"Metropolitan area core: primary flow within an urbanized area of 50,000 and greater",US,Hospitalist,Claim-Specialty,154,163,28765.01,954,115,"#",,,,,"#",,,147,28630.72,*,,,"#",,,,130,24222.65,,24,4542.36,,110,20019.41,,44,8745.6,,,,,,,,,,,0,0,0,*,,,*,,74.391304347826,,,,,61,54,,0,95,16,0,,81,34,1.0525717391304
1295735553,Alonso,Reynaldo,H,MD,I,2426 Eastchester Rd,204,Bronx,NY,36,10469,1,"Metropolitan area core: primary flow within an urbanized area of 50,000 and greater",US,Internal Medicine,Claim-Specialty,3352,8846,281038.2,259958,368,,3201,8537.4666666666,231798.08,251157,,341,,386,225033.71,,2874,52946.72,,92,3057.77,,3328,279311.26,,24,1726.94,,1764,143056.73,,1588,137981.47,49,672.39,605,20,1.4618138424821,,,,,,36,381.67,26,,0,0,,0,73.788043478261,27,176,131,34,177,191,83,23,21,230,0,11,167,201,1.1845406727856
1295739944,Lopez-Santini,Jaime,F,MD,I,212 E 106th St,,New York,NY,36,10029,1,"Metropolitan area core: primary flow within an urbanized area of 50,000 and greater",US,Internal Medicine,NPPES-Specialty,18275,28513.166666667,2926817.11,830338,579,,15283,24227.333333333,2049678.49,706846,,476,,3199,2623531.41,,14619,290678.75,,457,12606.95,,16633,2598437.19,,1642,328379.92,,16976,2683671.11,,1299,243146,979,16048.12,24190,160,5.3570451436389,14,777.87,420,,1.4300306435138,175,12698.81,92,,34,360.98,*,,71.851468048359,103,256,153,67,370,209,20,57,,491,,,479,100,1.3467951333444
1295751246,Goldberg,David,M,M.D.,I,259 Heathcote Rd,,Scarsdale,NY,36,10583,1,"Metropolitan area core: primary flow within an urbanized area of 50,000 and greater",US,Internal Medicine,Claim-Specialty,8795,20300,748629.38,587177,961,,8709,20135.5,692149.81,582555,"#",,,891,552367.17,,7793,194768.05,,111,1494.16,,911,142810.62,,7884,605818.76,,284,176298.79,,8511,572330.59,139,2861.26,2474,37,1.5804434337692,18,1132.54,757,,12.94964028777,380,4863.44,210,,37,1398.28,*,,75.523413111342,,,,,515,446,833,22,15,,,83,27,934,0.83338697828317
1295752863,Capulla,Eric,M,M.D,I,110 W 97th St,,New York,NY,36,10025,1,"Metropolitan area core: primary flow within an urbanized area of 50,000 and greater",US,Internal Medicine,Claim-Specialty,4689,12219.3,786660.34,357162,466,,4569,11962,690182.57,349839,,449,,440,694966.86,,4170,89592.129999999,,79,2101.35,,4584,685424.73,,105,101235.61,,781,277484.11,,3908,509176.23,111,2474.86,1669,49,2.3672424824056,,,,,,65,953.91,43,*,,,*,,74.171673819742,17,255,147,47,165,301,196,36,123,76,0,35,75,391,1.2032901688192
1295754786,Lu,Bing,,MD,I,821 45th St Ste 101,,Brooklyn,NY,36,11220,1,"Metropolitan area core: primary flow within an urbanized area of 50,000 and greater",US,Internal Medicine,Claim-Specialty,4471,5714.9333333333,423683.43,166768,346,,4403,5567.9333333333,415662.97,162418,"#",,,697,346099.2,,3707,76519.17,,67,1065.06,,3945,366043.92,,526,57639.51,,4269,404107.19,,202,19576.24,,,,,,,,,,,49,581.52,40,,0,0,*,,73.462427745665,,,,,173,173,,0,319,16,0,,329,17,1.0879646323051
1295758860,Barnes,Steven,,DO,I,113 Main St,,Silver Creek,NY,36,14136,7,"Small town core: primary flow within an urban cluster of 2,500 to 9,999",US,Internal Medicine,Claim-Specialty,20717,40193.9,2212236.46,1148918,1103,,16687,33849.9,1751983.54,971303,,919,,2938,1793082.14,,17491,403026.93,,288,16127.39,,13901,1557687.44,,6816,654549.02,,7731,994570.48,,12986,1217665.98,973,21491.45,23382,172,4.696625959357,75,4637.6,2201,,7.7081192189106,597,43342.37,318,,122,4926.03,,35,72.154125113327,184,468,322,129,566,537,1027,11,,24,,33,348,755,1.3666294460233
1295765378,Bae,Kunil,,MD,I,15408 Northern Blvd,Ste 2i,Flushing,NY,36,11354,1,"Metropolitan area core: primary flow within an urbanized area of 50,000 and greater",US,Internal Medicine,Claim-Specialty,24058,40869.066666667,2664109.21,1218236,1225,,23680,40224.6,2615008.11,1198954,,1209,,3110,2347019.08,,20524,306388.42,,424,10701.71,,21515,2323021.4,,2543,341087.81,,19886,2471076.97,,4172,193032.24,61,604.27,957,26,0.25355391138083,0,0,0,0,0,46,472.4,35,,27,284.31,*,,72.872653061224,16,796,326,87,607,618,,,1130,,0,77,829,396,0.80794386597282
1295787042,Daugustine,Jean,M,MD,I,1530 Bedford Ave,,Brooklyn,NY,36,11216,1,"Metropolitan area core: primary flow within an urbanized area of 50,000 and greater",US,Hematology-Oncology,Claim-Specialty,4742,11030.233333333,693557.51,326831,292,,4338,10261.9,617227.63,304345,,274,,774,575755.39,,3805,112222.93,,163,5579.19,,3901,564236.63,,841,129320.88,,3370,551263.95,,1372,142293.56,,,,,,,,,,,25,290.06,25,*,,,*,,74.965753424658,18,136,96,42,184,108,,248,,21,0,19,160,132,1.3186301694947
1295796464,Rozo,Alberto,,D.O.,I,9033 Elmhurst Ave,,Jackson Heights,NY,36,11372,1,"Metropolitan area core: primary flow within an urbanized area of 50,000 and greater",US,Internal Medicine,Claim-Specialty,17494,40618,2089282.03,1193242,1881,,16589,38661.633333333,1936294.46,1136074,,1753,,2331,1701553.11,,14794,377611.12,,369,10117.8,,16155,1928489.78,,1339,160792.25,,13766,1832665.51,,3728,256616.52,21,140.62,185,15,0.1200411569681,0,0,0,0,0,378,3826.76,286,,34,970.6,*,,74.18341307815,128,908,621,224,1160,721,117,29,21,1696,,,1367,514,1.1505846229235
1295797462,Wiedeman,Beth,T,MD.,I,4000 Medical Center Dr,Suite 104,Fayetteville,NY,36,13066,1,"Metropolitan area core: primary flow within an urbanized area of 50,000 and greater",US,Family Practice,Claim-Specialty,6484,12774.6,618961.08,371070,430,,5145,10530.433333333,450106.32,306511,,380,,809,479622.87,,5581,135764.09,,94,3574.12,,4022,392896.67,,2462,226064.41,,2259,287075.97,,4225,331885.11,170,9057.32,4226,38,2.6218383713757,12,1131.36,304,,7.0588235294118,152,1917.41,100,,26,275.85,*,,72.704651162791,50,199,121,60,314,116,378,21,,,,18,86,344,0.91122135640457
1295914869,Kohanbash,Leon,,MS-FNP,I,445 Park Ave,,Brooklyn,NY,36,11205,1,"Metropolitan area core: primary flow within an urbanized area of 50,000 and greater",US,Nurse Practitioner,Claim-Specialty,2318,2553.8666666667,338772.82,73633,141,,1959,2167.2333333333,296523.26,62792,,117,,494,265456.74,,1742,71089.02,,82,2227.06,,1672,234466.67,,646,104306.15,,1998,278350.02,,320,60422.8,22,75.67,280,,0.94909404659189,0,0,0,,0,72,1467.3,41,*,,,*,,70.283687943262,24,79,,,89,52,43,30,,62,0,,114,27,1.270448108747
1295939494,Li,Yiding,,M.D.,I,5115 7 Ave.1st Fl,1st Fl,Brooklyn,NY,36,11220,1,"Metropolitan area core: primary flow within an urbanized area of 50,000 and greater",US,Family Practice,Claim-Specialty,5550,10605.966666667,1289610.61,310244,183,,5343,10236.866666667,1265894.23,299457,"#",,,1190,1120217.07,,4233,167870.35,,127,1523.19,,5446,1271217.14,,104,18393.47,,5427,1286523.38,,123,3087.23,15,200.41,331,,0.27027027027027,,,,,,77,689.36,57,,131,3365.16,*,,70.901639344262,,,,,92,91,0,,171,,0,0,,,1.1628994130257
1295994002,Guptill,Gloria,G,M.D.,I,250 Delaware Ave,,Delmar,NY,36,12054,1,"Metropolitan area core: primary flow within an urbanized area of 50,000 and greater",US,Internal Medicine,Claim-Specialty,5084,12305.333333333,501861.06,362844,648,,4761,11675.833333333,381351.81,344284,,617,,616,398448.91,,4381,99091.98,,87,4320.17,,3182,248689.04,,1902,253172.02,,665,163153.8,,4419,338707.26,77,6741.53,2138,20,1.5145554681353,,,,,,86,778.49,52,,21,296.46,*,,74.021604938272,31,328,206,83,485,163,590,14,,,0,33,58,590,1.0670114742451
1306011788,Rowe,Amy,S,P.A.,I,1425 Portland Ave,,Rochester,NY,36,14621,1,"Metropolitan area core: primary flow within an urbanized area of 50,000 and greater",US,Physician Assistant,NPPES-Specialty,2300,3547.8333333333,287162.94,99395,216,,2007,3104.5666666667,252595.77,86944,,189,,389,163620.5,,1861,117682.49,,50,5859.95,,2234,279766.15,,66,7396.79,,2300,287162.94,,0,0,49,1019.4,1155,22,2.1304347826087,,,,,,51,1908.98,36,,33,11191.73,*,,74.449074074074,27,90,71,28,135,81,104,65,,42,,,216,0,4.4794647604703
1306016951,Wooden,Roger,,MD,I,101 Pennsylvania Avenue,,Brooklyn,NY,36,11207,1,"Metropolitan area core: primary flow within an urbanized area of 50,000 and greater",US,Internal Medicine,Claim-Specialty,7231,18519.233333333,872942.34,551521,962,,6667,17300.833333333,804215.24,515484,,889,,963,678293.32,,6082,185356.24,,186,9292.78,,5110,626668.06,,2121,246274.28,,1971,291154.07,,5260,581788.27,,,,,,,,,,,18,230.55,17,,17,3294.23,*,,74.997920997921,73,398,348,143,649,313,27,801,,93,,31,248,714,1.3663541892426
1780613562,Gustin,Gabriel,,M.D,I,3769 80th St Fl 2,,Jackson Heights,NY,36,11372,1,"Metropolitan area core: primary flow within an urbanized area of 50,000 and greater",US,Internal Medicine,Claim-Specialty,15383,26694.933333333,2411245.07,759361,502,,12868,22926.066666667,1883458.95,652554,,448,,2315,1863242.94,,12682,535817.39,,386,12184.74,,13944,2141440.44,,1439,269804.63,,14205,2314011.12,,1178,97233.95,397,12983,9667,57,2.580770980953,19,1349.25,403,,4.7858942065491,567,21430.47,224,,92,5943.43,,18,72.08764940239,54,258,155,35,296,206,22,,13,450,0,,406,96,1.1189007609074
1780623868,Zhao,Faith,,MD,I,15 Elizabeth St,Suite 310,New York,NY,36,10013,1,"Metropolitan area core: primary flow within an urbanized area of 50,000 and greater",US,Internal Medicine,Claim-Specialty,25787,44123.066666667,3683595.7,1297854,871,,25252,43309.633333333,3613026.95,1274212,,852,,5029,3067843.87,,20435,609590.72,,323,6161.11,,22497,3206174.72,,3290,477420.98,,24496,3580426.67,,1291,103169.03,,,,,,,,,,,223,2542.18,158,,118,3496.71,,21,75.458094144661,19,460,229,163,536,335,,,832,,0,26,772,99,1.1353076810634
1780649517,Guo,Michael,W,M.D.,I,2 Allen St,Unit 3c,New York,NY,36,10002,1,"Metropolitan area core: primary flow within an urbanized area of 50,000 and greater",US,Family Practice,Claim-Specialty,6856,12393.566666667,897182.3,355472,549,,6775,12262.466666667,884187.06,351784,,537,,1216,745571.09,,5479,147960.39,,161,3650.82,,6328,814480.48,,528,82701.82,,6762,894346,,94,2836.3,,,,,,,,,,,279,2280.22,183,,16,109.32,*,,74.668488160291,12,300,169,68,287,262,,,533,,0,,526,23,1.1076132011335
1780654558,Huang,Yanhan,D,MD,I,757 60th St,First Floor,Brooklyn,NY,36,11220,1,"Metropolitan area core: primary flow within an urbanized area of 50,000 and greater",US,Internal Medicine,Claim-Specialty,52943,86052.3,10318148.54,2523915,2180,,51667,84189.333333333,10063416.7,2469338,,2128,,11498,7994106.2,,40273,2293691.91,,1172,30350.43,,46540,9074299.8399999,,6403,1243848.7,,51211,10090845.97,,1732,227302.57,210,7639.34,3403,79,0.3966530041743,23,2539.99,690,,10.952380952381,561,4625.1,439,,188,12723.3,,43,75.954587155963,52,1075,594,459,1219,961,18,,2116,,,30,2009,171,1.3431848695966
1780682203,Trinh,Tuyen,T,D.O.,I,118 Baxter St,Suite 502,New York,NY,36,10013,1,"Metropolitan area core: primary flow within an urbanized area of 50,000 and greater",US,Family Practice,Claim-Specialty,2029,3231.6333333333,269994.65,94392,77,,2007,3209.6333333333,267064.28,93947,"#",,,468,237841.45,,1522,31601.07,,39,552.13,,1617,201176.24,,412,68818.41,,1821,244040.52,,208,25954.13,0,0,0,0,0,0,0,0,0,,25,314.24,17,,0,0,*,,73.311688311688,,,,,42,35,0,0,74,,0,,64,13,0.88632467532468
1780753038,Krempa,David,J,M.D.,I,23 Ivy St,,Jamestown,NY,36,14701,4,"Micropolitan area core: primary flow within an urban cluster of 10,000 to 49,999",US,Internal Medicine,Claim-Specialty,4040,9025.3333333333,601667.85,265650,251,,3442,7983.4,475194.71,235253,,230,,557,491747.91,,3456,108878.98,,27,1040.96,,2269,284119,,1771,317548.85,,958,190781.19,,3082,410886.66,281,14539.35,8246,32,6.9554455445545,44,7494.1,1320,,15.658362989324,56,577.59,37,*,,,*,,73.09561752988,21,124,80,26,136,115,230,,0,,0,14,37,214,1.0105272984818
1780768598,Tolentino,Rommel,,,I,35 Empire State Blvd,,Castleton,NY,36,12033,1,"Metropolitan area core: primary flow within an urbanized area of 50,000 and greater",US,Internal Medicine,Claim-Specialty,5087,12487.133333333,533341.42,364605,623,,4587,11501.066666667,472866.31,336320,,570,,569,380075.47,,4457,150076.63,,61,3189.32,,3004,333453.23,,2083,199888.19,,885,111880.26,,4202,421461.16,180,6894.05,4985,59,3.538431295459,29,3252.53,855,,16.111111111111,132,31225.94,82,*,,,*,,73.133226324238,53,296,206,68,297,326,569,,,,,31,87,536,1.2201473134921
1780771592,Zuo,Hailiu,,M.D.,I,83 18 Cornish Ave,,Elmhurst,NY,36,11373,1,"Metropolitan area core: primary flow within an urbanized area of 50,000 and greater",US,Internal Medicine,Claim-Specialty,19885,32523.366666667,2699160.04,933973,777,,19359,31881.3,2611915.24,916152,,754,,3473,2150802.29,,16077,542859.46,,335,5498.29,,18113,2509584.36,,1772,189575.68,,18753,2632713.31,,1132,66446.73,,,,,,,,,,,550,7655.49,296,*,,,*,,73.893178893179,23,451,207,96,389,388,11,0,750,,0,,660,117,0.89817645558794
1780772947,Lin,Yong,S,M.D.,I,217 Grand St,3rd Floor Room 301,New York,NY,36,10013,1,"Metropolitan area core: primary flow within an urbanized area of 50,000 and greater",US,Internal Medicine,Claim-Specialty,31260,41364.833333333,4671767.52,1223158,859,,30720,40614,4582257.57,1200832,,842,,7278,4041742.15,,23454,620996.48,,528,9028.89,,29238,4362660.22,,2022,309107.3,,30818,4662608.11,,442,9159.41,0,0,0,0,0,0,0,0,0,,153,1536.6,120,,22,785.78,*,,74.321303841676,17,488,246,108,449,410,,0,852,,0,,826,33,0.97816429371876
1780798868,Ravi,Srinivas,M,M.D.,I,4334 White Plains Rd,,Bronx,NY,36,10466,1,"Metropolitan area core: primary flow within an urbanized area of 50,000 and greater",US,Internal Medicine,Claim-Specialty,12174,22137.333333333,2356498.86,645198,500,,10385,19415.333333333,2060985.79,566309,,431,,2485,2027634.54,,9303,313564,,386,15300.32,,10712,2085869.01,,1462,270629.85,,10002,2126383.46,,2172,230115.4,,,,,,,,,,,405,9493.4,190,,25,351.28,*,,71.59,69,255,138,38,291,209,26,231,57,97,15,74,311,189,1.1255256212263
1780817106,De Torrontegui,Noel,A,RPH,I,2428 Bell Blvd,,Bayside,NY,36,11360,1,"Metropolitan area core: primary flow within an urbanized area of 50,000 and greater",US,Pharmacist,NPPES-Taxonomy,35,37,6241.6,124,32,"#",,,,,"#",,,34,6236.69,*,,,"#",,,*,,,"#",,,*,,,"#",,,0,0,0,0,0,0,0,0,0,,0,0,0,*,,,*,,76.8125,,,,,19,13,21,0,,,0,,,,1.045125
1780864355,Santos,Miladys,A,PA,I,462 1st Ave,,New York,NY,36,10016,1,"Metropolitan area core: primary flow within an urbanized area of 50,000 and greater",US,Physician Assistant,NPPES-Specialty,5314,10694.8,820814.65,313981,396,,4842,9930.9666666667,743418.76,291775,,363,,791,609435.75,,4391,208467.79,,132,2911.11,,5107,790307.29,,207,30507.36,,4763,800471.13,,551,20343.52,,,,,,,,,,,111,1454.04,91,,21,5768.05,,11,74.116161616162,33,191,122,50,265,131,,,0,374,0,12,327,69,1.1999536273522
1780868737,Sharma,Rohit,,PHARM - D,I,5716 99th St,,Flushing,NY,36,11368,1,"Metropolitan area core: primary flow within an urbanized area of 50,000 and greater",US,Pharmacist,NPPES-Taxonomy,14,14,2334.84,14,14,,14,14,2334.84,14,,14,,14,2334.84,,0,0,,0,0,*,,,*,,,*,,,*,,,0,0,0,0,0,0,0,0,0,,0,0,0,,0,0,,0,70.642857142857,0,13,,,,,0,,,,0,,,,1.4360452942029
1790028025,Jiang,Chuan,,M.D.,I,4199 Main St Ste 202c,,Flushing,NY,36,11355,1,"Metropolitan area core: primary flow within an urbanized area of 50,000 and greater",US,Pulmonary Disease,Claim-Specialty,11417,13726,2920546.03,398060,547,,11279,13550,2876818.02,392919,"#",,,3370,2440863.86,,7920,477233.05,,127,2449.12,,10855,2812962.37,,562,107583.66,,10830,2812499.97,,587,108046.06,35,117.57,377,27,0.3065603923973,0,0,0,0,0,144,1330.5,115,,75,13961.45,*,,73.868372943327,,,,,300,247,,,523,,0,,494,53,1.1974146981602
1790043859,Au,Chunshuen,,P.A.,I,143-55 37th Avenue,1st Floor,Flushing,NY,36,11354,1,"Metropolitan area core: primary flow within an urbanized area of 50,000 and greater",US,Physician Assistant,NPPES-Specialty,15707,19768.933333333,2931943.6,570920,757,,15252,19231.133333333,2838430.91,556207,,725,,4482,2505146.65,,10982,420957.89,,243,5839.06,,14113,2705149.47,,1594,226794.13,,15253,2888844.83,,454,43098.77,,,,,,,,,,,294,2771.04,196,,62,1100.34,,20,73.137384412153,32,468,168,89,427,330,,,739,,0,,690,67,1.0747388124874
1790180560,Yeung,Jessica,,AGPCNP-BC,I,160 E 34th St,,New York,NY,36,10016,1,"Metropolitan area core: primary flow within an urbanized area of 50,000 and greater",US,Nurse Practitioner,Claim-Specialty,1168,2127.8,222513.04,61122,211,"#",,,,,"#",,,273,184804.57,,882,37438.61,,13,269.86,,933,176200.99,,235,46312.05,,998,205872.14,,170,16640.9,,,,,,,,,,,42,526.59,35,*,,,*,,77.63981042654,,,,,138,73,25,,173,,0,,155,56,1.3829135145891
1790219996,Notaro,Mai-Linh,,DO,I,85 High St,,Buffalo,NY,36,14203,1,"Metropolitan area core: primary flow within an urbanized area of 50,000 and greater",US,Family Practice,Claim-Specialty,7308,16371.666666667,679374.81,478623,636,,6802,15453.466666667,585241.34,451822,,596,,885,527027.36,,6343,149050.53,,80,3296.92,,5096,412970.98,,2212,266403.83,,1590,175862.55,,5718,503512.26,58,783.79,1192,26,0.79365079365079,0,0,0,0,0,93,1127.37,70,,30,382.8,*,,75.465408805031,40,271,217,108,446,190,307,281,,25,,17,114,522,1.373511960034
1790449205,Letizio,Alicia,R,,I,1365 W Genesee St,,Chittenango,NY,36,13037,2,"Metropolitan area high commuting: primary flow 30% or more to a urbanized area of 50,000 and greater",US,Pharmacist,NPPES-Taxonomy,14,14,2131.61,14,12,"#",,,,,*,,,14,2131.61,,0,0,,0,0,*,,,*,,,*,,,*,,,0,0,0,0,0,0,0,0,0,,0,0,0,*,,,*,,69.583333333333,,,,,,,,,0,0,0,0,,,1.8664394486858
1790714962,Goris,Jose,A,M.D.,I,435 Fort Washington Ave,Suite 1c,New York,NY,36,10033,1,"Metropolitan area core: primary flow within an urbanized area of 50,000 and greater",US,Family Practice,Claim-Specialty,26760,57866.233333333,5431960.57,1704945,1558,,24543,53569.566666667,4761621.74,1578877,,1401,,5050,4604173.37,,20965,802042.73,,745,25744.47,,24992,5095546.48,,1768,336414.09,,25081,5263350.31,,1679,168610.26,15,245.81,137,12,0.056053811659193,0,0,0,0,0,384,11387.18,281,,211,37343.33,,68,73.54107830552,157,733,455,213,923,635,30,24,,1489,0,,1349,209,1.4094620053451
1790740637,Wisnoski,Jennifer,A,M.D.,I,295 Essjay Rd,,Williamsville,NY,36,14221,1,"Metropolitan area core: primary flow within an urbanized area of 50,000 and greater",US,Family Practice,Claim-Specialty,6974,16448.1,576522.05,481604,559,,6253,15307.633333333,462591.87,448902,,530,,901,435662.7,,5996,138601.43,,77,2257.92,,5072,378687.5,,1902,197834.55,,1031,128483.5,,5943,448038.55,214,10340.84,5024,36,3.0685402925151,,,,,,141,2001.82,104,,15,304.69,*,,74.143112701252,29,297,158,75,456,103,514,13,,,,18,43,516,1.1335434983225
1790860492,Gair,Brian,H,MD,I,18 Ashford Avenue,Suite 3w,Dobbs Ferry,NY,36,10522,1,"Metropolitan area core: primary flow within an urbanized area of 50,000 and greater",US,Family Practice,Claim-Specialty,3643,8710,302551.14,254439,320,,3463,8429.9666666667,299922.77,246816,,309,,310,221711.02,,3309,79539.23,,24,1300.89,,1515,162935.55,,2128,139615.59,,345,29349.56,,3298,273201.58,80,2800.22,1909,16,2.1959923140269,0,0,0,0,0,75,1238.53,49,*,,,*,,74.575,11,151,122,36,156,164,265,,,14,0,22,26,294,0.88689005838005
1801067707,Son,Mi Na,,M.D,I,4500 Parsons Blvd,,Flushing,NY,36,11355,1,"Metropolitan area core: primary flow within an urbanized area of 50,000 and greater",US,Internal Medicine,NPPES-Specialty,222,240.33333333333,4953.86,3292,153,,138,155,2974.3,2210,,108,,39,1843.61,,168,2951.25,,15,159,,192,4541.31,,30,412.55,,77,1775.83,,145,3178.03,0,0,0,0,0,0,0,0,0,,57,571.68,57,,0,0,,0,65.764705882353,45,76,,,106,47,112,16,,,0,,42,111,0.89008496732026
1801076468,Contino,Kevin,J,RPH,I,1166 Central Ave,,Dunkirk,NY,36,14048,4,"Micropolitan area core: primary flow within an urban cluster of 10,000 to 49,999",US,Pharmacist,NPPES-Taxonomy,48,48,7385.02,48,38,,31,31,4805.05,31,,26,,48,7385.02,,0,0,,0,0,,27,4328.45,,21,3056.57,,24,3381.19,,24,4003.83,0,0,0,0,0,0,0,0,0,,0,0,0,,0,0,,0,65.631578947368,12,23,,,23,15,29,,,,0,,14,24,1.2955829519246
1801077995,Larouere,Kelly,M,,I,4220 Delaware Ave,,Tonawanda,NY,36,14150,1,"Metropolitan area core: primary flow within an urbanized area of 50,000 and greater",US,Pharmacist,NPPES-Taxonomy,16,16,2614.84,16,16,"#",,,,,"#",,,16,2614.84,,0,0,,0,0,"#",,,*,,,*,,,"#",,,0,0,0,0,0,0,0,0,0,,0,0,0,*,,,*,,66.1875,,,,,,,16,0,0,0,0,0,,,0.9295625
1801098777,Alas-Hun,Sheila Ann,B,M.D.,I,105 W 188 St,,Bronx,NY,36,10468,1,"Metropolitan area core: primary flow within an urbanized area of 50,000 and greater",US,Internal Medicine,Claim-Specialty,4621,8617.0333333333,630873.48,252362,278,,3384,6522.7333333333,468581.27,191852,,207,,816,548746.29,,3629,74741.37,,176,7385.82,,4240,572521.04,,381,58352.44,,3782,556476.21,,839,74397.27,36,443.53,811,15,0.77905215321359,0,0,0,0,0,22,403.62,17,*,,,*,,69.697841726619,71,111,70,26,186,92,,77,,189,0,,196,82,1.4832961452918
1801107818,Wong,Kaitlyn,L,M.D,I,100 W Kingsbridge Rd,,Bronx,NY,36,10468,1,"Metropolitan area core: primary flow within an urbanized area of 50,000 and greater",US,Internal Medicine,Claim-Specialty,23455,32166.733333333,4609248.06,933410,1085,,22760,31225.133333333,4397279.54,906586,,1055,,6022,3567702.18,,17024,1031282.33,,409,10263.55,,22165,4420706.13,,1290,188541.93,,22811,4544992.96,,644,64255.1,,,,,,,,,,,248,2505.77,204,,50,1230.47,,16,73.557603686636,30,643,310,102,568,517,,,1061,,0,,1016,69,1.2930498024097
1801119060,Strackbein,Tripuri,,PHARM D,I,316 Broadway,,Kingston,NY,36,12401,1,"Metropolitan area core: primary flow within an urbanized area of 50,000 and greater",US,Pharmacist,NPPES-Taxonomy,12,12,2270.46,12,12,"#",,,,,"#",,,12,2270.46,,0,0,,0,0,*,,,*,,,*,,,*,,,0,0,0,0,0,0,0,0,0,,0,0,0,*,,,*,,71.083333333333,,,,,,,11,,0,0,0,,,,0.48641666666667
1801191663,Thu,Aye,M,M.D,I,374 Stockholm St,,Brooklyn,NY,36,11237,1,"Metropolitan area core: primary flow within an urbanized area of 50,000 and greater",US,Internal Medicine,Claim-Specialty,3217,8204.8666666666,112699.26,239092,534,,3069,7930.1,107238,231576,,509,,289,62263.48,,2857,48644.27,,71,1791.51,,3155,111844.26,,62,855,,547,17037.46,,2670,95661.799999999,41,512.23,631,16,1.274479328567,,,,,,37,591.68,31,*,,,*,,73.996254681648,25,278,172,59,320,214,184,35,178,97,0,40,69,465,0.98963209495252
1801803556,Jacobson,William,,MD,I,311 North St Ste 202,,White Plains,NY,36,10605,1,"Metropolitan area core: primary flow within an urbanized area of 50,000 and greater",US,Family Practice,Claim-Specialty,6477,9432.2,324725.62,227925,485,,6456,9373.2,323989.59,226184,"#",,,869,223076.92,,5594,101454.03,,14,194.67,,968,69819.56,,5509,254906.06,,425,23892.25,,6052,300833.37,57,700.66,742,24,0.88003705419176,,,,,,170,3716.84,80,,122,6299.38,*,,81.061855670103,,,,,292,193,399,32,,24,,23,36,449,1.435983212389
1801857222,Ricker,Kerry,E,D.O.,I,1270 Belmont Ave,,Schenectady,NY,36,12308,1,"Metropolitan area core: primary flow within an urbanized area of 50,000 and greater",US,Family Practice,NPPES-Specialty,11163,11314.033333333,1488287.08,290910,244,,9997,10136.433333333,1328786.91,261027,,213,,2073,987324.56,,8898,482163.18,,192,18799.34,,10894,1431187.6,,269,57099.48,,10879,1475911.15,,284,12375.93,198,19900.76,3090,53,1.7737167428111,40,13627.23,967,,20.20202020202,231,45963.47,86,,304,77229.98,,31,75.893442622951,31,85,74,54,175,69,165,38,,24,,,,,2.9168802695731
1801943154,Guadron,Rodolfo,,NP,I,356 W 18th St,,New York,NY,36,10011,1,"Metropolitan area core: primary flow within an urbanized area of 50,000 and greater",US,Nurse Practitioner,NPPES-Specialty,1311,1869.4,1150155.41,53801,72,,621,1063.6333333333,481040.14,31131,,33,,452,1118022.13,,834,31082.65,,25,1050.63,,967,746246.89,,344,403908.52,,915,825699.9,,396,324455.51,16,219.69,183,,1.2204424103738,,,,,,26,1002.5,12,*,,,*,,59.416666666667,39,28,,,,,32,13,,20,,,56,16,1.1381539351852
1801965371,Persaud,Devicka,,DO,I,11512 Liberty Ave,,South Richmond Hill,NY,36,11419,1,"Metropolitan area core: primary flow within an urbanized area of 50,000 and greater",US,Family Practice,Claim-Specialty,7236,12919.433333333,1316305.28,380398,316,,6334,11547.666666667,1064317.59,340502,,283,,1388,1084089.9,,5536,213815.77,,312,18399.61,,6557,1187071.86,,679,129233.42,,5903,1170663.65,,1333,145641.63,12,344.26,295,,0.16583747927032,,,,,,102,1281.7,74,*,,,*,,71.569620253165,33,176,85,22,205,111,23,36,90,25,34,108,229,87,1.2258764134068
1801986500,Chen,Yuping,,MD,I,13621 Roosevelt Ave,Suite 205,Flushing,NY,36,11354,1,"Metropolitan area core: primary flow within an urbanized area of 50,000 and greater",US,Internal Medicine,Claim-Specialty,12028,20528.566666667,999988.51,602301,598,,11946,20432.566666667,997541.27,599693,"#",,,1307,764285.87,,10494,228498.86,,227,7203.78,,10222,846587.93,,1806,153400.58,,10340,812535.79,,1688,187452.72,,,,,,,,,,,103,754.53,80,,14,180.71,*,,73.953177257525,,,,,346,252,,,563,,0,11,455,143,1.0927217257218
1801990395,Bonadonna,Susan,,MD,I,1 Fordham Plz,,Bronx,NY,36,10458,1,"Metropolitan area core: primary flow within an urbanized area of 50,000 and greater",US,Family Practice,Claim-Specialty,3486,6075.2333333333,409059.9,177260,198,,3042,5257.7333333333,352141.89,153908,,167,,644,347073.02,,2686,57642.93,,156,4343.95,,3179,383030.27,,307,26029.63,,3111,380956.62,,375,28103.28,35,219.8,482,,1.004016064257,0,0,0,,0,16,337.4,12,,12,103.39,*,,70.550505050505,31,112,44,11,154,44,13,50,17,107,0,11,157,41,1.3649592195602
1811069925,Riegel,Norman,,"M.D., F.A.C.C.",I,14916 80th St,,Howard Beach,NY,36,11414,1,"Metropolitan area core: primary flow within an urbanized area of 50,000 and greater",US,Cardiology,Claim-Specialty,18087,40277.6,1858092.49,1180416,1668,,16688,37529.033333333,1669559.07,1100140,,1558,,2468,1482308.37,,15502,372707.39,,117,3076.73,,6688,695696.91,,11399,1162395.58,,3543,435746.91,,14544,1422345.58,389,14872.14,10925,74,2.1507159838558,29,6721.55,840,,7.4550128534704,635,8704.3,403,,40,2218.73,,16,75.586930455635,110,690,581,287,937,731,1376,46,,156,,49,293,1375,1.2698279318443
1811154719,Slezinger,Anele,,MD,I,1301 Southern Blvd 2nd Floor,,Bronx,NY,36,10459,1,"Metropolitan area core: primary flow within an urbanized area of 50,000 and greater",US,Family Practice,Claim-Specialty,1989,2963.6666666667,199671.77,75818,384,,1379,2197.2,128331.62,57227,,253,,287,174295.41,,1630,23205.47,,72,2170.89,,1891,195503.13,,98,4168.64,,1872,197702.29,,117,1969.48,75,322.1,718,57,3.7707390648567,0,0,0,0,0,81,795.05,76,*,,,*,,66.2421875,131,178,60,15,218,166,,102,,260,0,,343,41,1.3257075240633
1811162837,Zagreda,Leze,,D.O.,I,2300 Westchester Ave,,Bronx,NY,36,10462,1,"Metropolitan area core: primary flow within an urbanized area of 50,000 and greater",US,Internal Medicine,Claim-Specialty,8834,20076.033333333,1188643.02,595434,822,,7881,18097.8,1005707.52,537128,,726,,1502,1011258.65,,7076,166944.06,,256,10440.31,,6666,895245.69,,2168,293397.33,,3914,662265.91,,4920,526377.11,,,,,,,,,,,45,878.57,39,,16,183.29,*,,73.75304136253,96,339,275,112,596,226,93,324,23,354,,,301,521,1.2959010161376
1811220924,Dantchenko,Victoria,,MD,I,121 Dekalb Ave,,Brooklyn,NY,36,11201,1,"Metropolitan area core: primary flow within an urbanized area of 50,000 and greater",US,Family Practice,Claim-Specialty,3813,7390.3,694341.18,216854,320,,3110,6184.3333333333,538081.67,181740,,246,,848,552055.23,,2757,132586.4,,208,9699.55,,3241,617886.31,,572,76454.87,,2937,556372.77,,876,137968.41,32,346.55,643,12,0.8392341987936,,,,,,32,508.79,28,,12,354.42,*,,69.346875,74,142,85,19,240,80,16,233,,59,0,,208,112,1.7002118253519
1811336167,Fernandez,Jarenys,M,PHYSICIAN ASSISTANT,I,9033 Elmhurst Ave,,Jackson Heights,NY,36,11372,1,"Metropolitan area core: primary flow within an urbanized area of 50,000 and greater",US,Physician Assistant,NPPES-Specialty,6450,14738.466666667,1070261.16,429655,479,,5747,13301.133333333,906957.1,388282,,442,,1124,912835.45,,5064,151228.46,,262,6197.25,,5954,984982.08,,496,85279.08,,5751,1031598.52,,699,38662.64,0,0,0,0,0,0,0,0,0,,158,10909.53,115,*,,,*,,72.908141962422,37,264,137,41,343,136,13,0,,456,0,,390,89,1.0853951933748
1811378094,Carroll,Christopher,M,D.O.,I,130 Centerway,,Corning,NY,36,14830,4,"Micropolitan area core: primary flow within an urban cluster of 10,000 to 49,999",US,Family Practice,Claim-Specialty,5474,11770.533333333,584626.61,342156,642,,4213,9828.2666666667,488184.08,287192,,487,,724,471541.59,,4655,108574.66,,95,4510.36,,3240,304603.95,,2234,280022.66,,2047,168018.72,,3427,416607.89,137,1767.32,2573,40,2.5027402265254,,,,,,111,852.02,81,,34,1104.02,*,,69,155,291,147,49,307,335,610,12,,,,15,209,433,1.0971657053568
1811397581,Strittmatter,Kelley,,PA-C,I,3 Guthrie Dr,,Corning,NY,36,14830,4,"Micropolitan area core: primary flow within an urban cluster of 10,000 to 49,999",US,Physician Assistant,Claim-Specialty,5212,10112.833333333,503716.23,294971,450,,3392,7261.8333333333,323947.74,212846,,330,,579,393563.9,,4566,106612.97,,67,3539.36,,3296,300785.57,,1916,202930.66,,2565,276932.42,,2647,226783.81,122,2754.36,2928,28,2.3407521105142,0,0,0,0,0,83,1160.93,56,,20,198.9,*,,68.38,120,204,90,36,300,150,429,12,,,0,,153,297,1.1233190076111
1811960446,Chan,Yeoman,K,MD,I,41 Brunswick St Fl 1,,Staten Island,NY,36,10314,1,"Metropolitan area core: primary flow within an urbanized area of 50,000 and greater",US,Family Practice,Claim-Specialty,2892,7074.8333333333,352904.14,208364,302,,2659,6653.9333333333,304043.22,196161,,279,,341,297966.04,,2503,52701.09,,48,2237.01,,2104,206022.99,,788,146881.15,,1491,207282.33,,1401,145621.81,,,,,,,,,,,56,573.7,45,*,,,*,,72.314569536424,23,180,73,26,161,141,100,,133,44,,16,119,183,0.9170263545582
1811979438,Reeves,Robert,P,M.D.,I,3 Irongate Center,,Glens Falls,NY,36,12801,1,"Metropolitan area core: primary flow within an urbanized area of 50,000 and greater",US,Family Practice,Claim-Specialty,3150,6766.5333333333,398246.29,195292,443,,2910,6414.4666666667,381996.67,185856,,414,,439,346843.86,,2687,50637.91,,24,764.52,,2190,224381.83,,960,173864.46,,492,72523.55,,2658,325722.74,60,1538.7,1385,19,1.9047619047619,,,,,,124,1622.17,82,*,,,*,,74.564334085779,29,195,161,58,196,247,426,,,,0,11,53,390,1.0633073568644
1811990898,Mitchko,Michael,J,M.D.,I,335 Parrish St,,Canandaigua,NY,36,14424,1,"Metropolitan area core: primary flow within an urbanized area of 50,000 and greater",US,Internal Medicine,Claim-Specialty,14464,29951.133333333,1027201.09,874749,955,,13545,28461.633333333,936696.92,831960,,909,,1632,776060.18,,12646,242466.26,,186,8674.65,,11992,881413.75,,2472,145787.34,,1744,184007.41,,12720,843193.68,442,12824.42,10667,82,3.0558628318584,38,2259.32,1098,,8.5972850678733,307,3927.36,177,,26,277.21,*,,74.885863874346,46,415,365,129,508,447,900,,,,0,45,92,863,0.92786700137148
1821004698,Aguirre,Richard,S,MD,I,5989 Big Tree Rd,Suite A,Lakeville,NY,36,14480,2,"Metropolitan area high commuting: primary flow 30% or more to a urbanized area of 50,000 and greater",US,Family Practice,Claim-Specialty,16112,32946.666666667,1957825.64,959749,796,,13904,29146.066666667,1598696.11,850573,,723,,2176,1566556.46,,13836,385298.57,,100,5970.61,,12688,1439846.12,,3424,517979.52,,3881,589732.98,,12231,1368092.66,405,15363.57,7934,73,2.5136544190665,19,9635.19,754,,4.6913580246914,310,5170.12,188,,97,26880.56,,19,73.040201005025,73,385,250,88,447,349,750,,0,16,,28,121,675,0.9357737741739
1821053299,Chu-Wong,Amy,S,M.D.,I,210 Canal Street,"#411",New York,NY,36,10013,1,"Metropolitan area core: primary flow within an urbanized area of 50,000 and greater",US,Internal Medicine,Claim-Specialty,16954,32436.033333333,2734304.99,942423,616,,16579,31890.5,2684379.63,926808,"#",,,3611,2311587.39,,12983,408825.69,,360,13891.91,,14148,2233706.7,,2806,500598.29,,15152,2478522.32,,1802,255782.67,48,296.03,350,32,0.283119027958,0,0,0,0,0,459,6247.57,275,,123,2124.53,*,,76.827922077922,,,,,431,185,,0,591,,0,20,478,138,1.1858392883704
1821077702,Szpur,Walter,B,M.D.,I,200 S Broadway,,Tarrytown,NY,36,10591,1,"Metropolitan area core: primary flow within an urbanized area of 50,000 and greater",US,Family Practice,Claim-Specialty,3855,7437.8333333333,365928.62,210734,216,,3374,6603.4,307032.29,187298,,189,,556,262180.2,,3256,100881.42,,43,2867,,869,107051.44,,2986,258877.18,,2194,242315.93,,1661,123612.69,123,5275.13,3262,20,3.1906614785992,20,469.08,551,,16.260162601626,117,2253.55,62,,70,2972.81,,13,72.824074074074,27,97,61,31,123,93,116,23,,70,0,,78,138,1.4055359329281
1821082009,Carguello,Patrick,J,D.O.,I,61 Delano St,,Pulaski,NY,36,13142,10,"Rural areas: primary flow to a tract outside a urbanized area of 50,000 and greater or UC",US,Family Practice,NPPES-Specialty,8485,16426.6,745442.11,478713,723,,6860,14025.566666667,619378.23,409163,,600,,969,578720.07,,7424,161875.9,,92,4846.14,,6197,563868.65,,2288,181573.46,,3201,321866.67,,5284,423575.44,212,8045.74,4995,61,2.4985268120212,22,3137.29,589,,10.377358490566,206,15167.26,116,,27,8505.84,*,,71.225449515906,123,327,212,61,376,347,699,,0,,0,20,225,498,1.1495764771878
1821107517,Hill,Wendy,J,MSNP,I,1930 Pre Emption Rd,,Penn Yan,NY,36,14527,7,"Small town core: primary flow within an urban cluster of 2,500 to 9,999",US,Nurse Practitioner,NPPES-Specialty,5381,12854.066666667,595949.12,379279,447,,4844,11853.266666667,479241.52,350331,,412,,834,481124.43,,4529,113861.03,,18,963.66,,4339,456934.6,,1042,139014.52,,1117,157983.47,,4264,437965.65,71,651.03,1606,19,1.319457349935,,,,,,78,915.02,40,*,,,*,,73.814317673378,35,213,133,66,286,161,420,,0,,0,26,71,376,0.88178012786151
1821160540,Wang,Yan,,"M.D.,",I,42-35 Main St,Suite 3j,Flushing,NY,36,11355,1,"Metropolitan area core: primary flow within an urbanized area of 50,000 and greater",US,Internal Medicine,Claim-Specialty,8467,10917.766666667,832134.27,319217,324,,8219,10660.966666667,810049.67,311635,"#",,,1315,691638.22,,7094,139460.28,,58,1035.77,,7885,780465.07,,582,51669.2,,7941,810629.11,,526,21505.16,0,0,0,0,0,0,0,0,0,,68,776.94,51,,0,0,*,,72.191358024691,,,,,183,141,,,301,,0,,279,45,0.93283359053498
1821162611,Luo,Anming,,M.D.,I,1722 85th St,,Brooklyn,NY,36,11214,1,"Metropolitan area core: primary flow within an urbanized area of 50,000 and greater",US,Internal Medicine,Claim-Specialty,18176,24089.966666667,2424244.27,705271,356,,17657,23495.166666667,2365739.06,688236,,343,,3493,2053806.24,,14291,359609.61,,392,10828.42,,15839,2136209.87,,2337,288034.4,,17496,2376715.04,,680,47529.23,70,3627.33,1912,,0.38512323943662,0,0,0,,0,296,4084.21,158,,18,140.76,*,,74.73595505618,13,188,102,53,190,166,20,,317,,0,,315,41,1.2742449528241
1821250036,Hung,Lingpin,,M.D,I,3712 Prince St Ste 6b,,Flushing,NY,36,11354,1,"Metropolitan area core: primary flow within an urbanized area of 50,000 and greater",US,Internal Medicine,Claim-Specialty,15775,29393.133333333,2733000.72,863325,703,,15627,29176.133333333,2717275.02,856910,"#",,,2907,2324406.55,,12650,393202.07,,218,15392.1,,13482,2341381.44,,2293,391619.28,,12099,2281690.57,,3676,451310.15,51,565.41,1355,11,0.32329635499208,0,0,0,0,0,252,2681.58,145,,30,511.02,*,,75.719772403983,,,,,382,321,11,,661,,0,21,396,307,0.97830548756029
1821251323,Stahl Balaban,Celeste,,D.O.,I,21 N Main St,,Middleport,NY,36,14105,7,"Small town core: primary flow within an urban cluster of 2,500 to 9,999",US,Internal Medicine,Claim-Specialty,10285,20874.866666667,1023398.42,607016,580,,9178,19008.233333333,876614.15,553581,,537,,1342,819774.36,,8819,198705.8,,124,4918.26,,6937,640925.37,,3348,382473.05,,1967,308159.12,,8318,715239.3,369,10649.04,9373,63,3.5877491492465,,,,,,244,2238.12,159,,53,5875.17,,11,72.322413793103,43,324,175,38,362,218,549,,,,,21,79,501,1.2005526718818
1821262015,Barak,Ory,,MD,I,5645 Main St,,Flushing,NY,36,11355,1,"Metropolitan area core: primary flow within an urbanized area of 50,000 and greater",US,Emergency Medicine,Claim-Specialty,203,204,5641.55,1575,149,,162,162,5183.95,1161,,121,"#",,,,169,1823.66,*,,,,101,1969.84,,102,3671.71,,76,883.22,,127,4758.33,31,166.13,89,31,15.270935960591,0,0,0,0,0,74,1005.82,63,,0,0,,0,71.221476510067,28,62,42,17,94,55,99,,0,38,,,45,104,1.8699836410346
1821271479,Barusch,Lawrence,,RPH,I,660 Hoosick Rd,,Troy,NY,36,12180,1,"Metropolitan area core: primary flow within an urbanized area of 50,000 and greater",US,Pharmacist,NPPES-Taxonomy,19,19,3670.41,19,15,"#",,,,,"#",,,19,3670.41,,0,0,,0,0,"#",,,*,,,*,,,"#",,,0,0,0,0,0,0,0,0,0,,0,0,0,*,,,*,,69.333333333333,,,,,,,11,,0,,0,0,,,1.0349333333333
1821278581,Arciolla,Virginia,L,RPH,I,58 Genesee St,,Greene,NY,36,13778,2,"Metropolitan area high commuting: primary flow 30% or more to a urbanized area of 50,000 and greater",US,Pharmacist,NPPES-Taxonomy,14,14,2407.2,14,12,"#",,,,,"#",,,14,2407.2,,0,0,,0,0,*,,,*,,,*,,,*,,,0,0,0,0,0,0,0,0,0,,0,0,0,*,,,*,,69.5,,,,,,,,0,,0,0,,,,1.2673333333333
1821353970,Bao,Dashi,,M.D.,I,4266 Kissena Blvd,Fl1,Flushing,NY,36,11355,1,"Metropolitan area core: primary flow within an urbanized area of 50,000 and greater",US,Internal Medicine,Claim-Specialty,13670,19546.5,2033400.15,556749,953,,13494,19218.266666667,1998859.25,547541,,933,,2720,1746291.68,,10744,281735.14,,206,5373.33,,13110,1954210.94,,560,79189.21,,13419,2005131.42,,251,28268.73,20,81.11,106,,0.14630577907827,0,0,0,,0,396,3625.49,250,,37,2701.81,,21,72.661070304302,20,632,227,74,494,459,,,924,,0,12,911,42,1.2179628825964
1821368390,Song,Xiaoyan,,M.D.,I,4199 Main St Ste 201,,Flushing,NY,36,11355,1,"Metropolitan area core: primary flow within an urbanized area of 50,000 and greater",US,Internal Medicine,Claim-Specialty,13215,16858.466666667,2027825.47,483268,718,,12846,16332.2,1956844.72,468244,,697,,3275,1781715.07,,9578,233530.14,,362,12580.26,,12383,1878706.19,,832,149119.28,,12749,2000835.64,,466,26989.83,25,194.76,223,12,0.18917896329928,0,0,0,0,0,419,4753.92,274,,12,207.41,*,,73.227019498607,21,435,192,70,414,304,22,,640,29,,21,632,86,1.0901561866415
1821417429,Christianer,Kaylan,,MD,I,180 Fort Washington Ave,,New York,NY,36,10032,1,"Metropolitan area core: primary flow within an urbanized area of 50,000 and greater",US,Internal Medicine,Claim-Specialty,2439,5490.7,255476.84,159710,300,,2291,5180.8666666667,235102.04,150714,,278,,352,203106.31,,2037,51006.13,,50,1364.4,,711,90300.5,,1728,165176.34,,470,77009.84,,1969,178467,35,143.38,682,,1.4350143501435,0,0,0,,0,38,473.85,27,*,,,*,,76.16,22,100,119,59,216,84,174,43,14,54,0,15,57,243,1.3801910472111
1821594425,Husain,Hoi Lun,W,NP,I,"19 Bowery # 8",,New York,NY,36,10002,1,"Metropolitan area core: primary flow within an urbanized area of 50,000 and greater",US,Nurse Practitioner,Claim-Specialty,6742,10240.9,1404511.87,298250,680,,6512,9889.1,1334147.85,288011,,653,,1624,1223346.46,,4949,174994.69,,169,6170.72,,5912,1239636.88,,830,164874.99,,6311,1363314.51,,431,41197.36,,,,,,,,,,,61,910.64,55,,104,2486.97,,35,75.127941176471,27,355,181,117,355,325,12,,646,,0,,601,79,1.1705429249134
1831103555,Blood,Suzanne,M,MD,I,161 Carey Rd,,Queensbury,NY,36,12804,1,"Metropolitan area core: primary flow within an urbanized area of 50,000 and greater",US,Internal Medicine,Claim-Specialty,6690,15255.8,568552.31,444059,649,,6176,14471.3,523490.76,421441,,592,,799,420669.21,,5813,145174.78,,78,2708.32,,4232,315950.79,,2458,252601.52,,995,107602.86,,5695,460949.45,186,4084.24,4677,53,2.780269058296,25,1360.95,742,,13.440860215054,148,3681.46,100,,34,1866.62,*,,74.91063174114,57,249,238,105,488,161,621,,,,0,16,119,530,1.0246526935873
1831128206,Schnakenberg,Eric,C,MD,I,1783 Route 9,Suite 204,Halfmoon,NY,36,12065,1,"Metropolitan area core: primary flow within an urbanized area of 50,000 and greater",US,Family Practice,Claim-Specialty,6669,15494.8,975971.25,453803,610,,5906,14110.466666667,857635.15,413661,,561,,1065,830192.45,,5510,141673.25,,94,4105.55,,4442,553971.26,,2227,421999.99,,1023,193280.25,,5646,782691,177,4388.09,5004,42,2.6540710751237,12,978.35,360,,6.7796610169492,114,689.03,88,,12,99.05,*,,72.949180327869,49,301,200,60,266,344,553,,11,,0,26,71,539,1.0142455053403
1831152586,Lin,Andrew,Z,M.D.,I,365 E Main St,,Patchogue,NY,36,11772,1,"Metropolitan area core: primary flow within an urbanized area of 50,000 and greater",US,Internal Medicine,Claim-Specialty,3702,6788.1,1514622.62,197663,294,,2573,5204.3333333333,881270.31,152124,,205,,730,1384044.85,,2941,128989.35,,31,1588.42,,2389,1007619,,1313,507003.62,,2792,1296438.11,,910,218184.51,,,,,,,,,,,106,1146.42,78,,11,1331.68,*,,67.244897959184,89,130,60,15,143,151,149,54,,60,,15,193,101,1.3701226145212
1831169416,Knudsen,Alexander,B,M.D.,I,5415 W Genesee St,Suite 301,Camillus,NY,36,13031,1,"Metropolitan area core: primary flow within an urbanized area of 50,000 and greater",US,Internal Medicine,Claim-Specialty,4054,9878.9666666667,279327.97,290203,459,,3955,9631.9666666667,276518.42,283117,,440,,332,192604.42,,3670,84442.53,,52,2281.02,,2640,170262.9,,1414,109065.07,,412,31129.76,,3642,248198.21,,,,,,,,,,,135,1321.24,100,*,,,*,,76.614379084967,19,158,201,81,193,266,424,,,,,14,25,434,1.0530107458422
1831196898,Nguyen,Dustin,T,MD,I,202 Canal St,Fl 7,New York,NY,36,10013,1,"Metropolitan area core: primary flow within an urbanized area of 50,000 and greater",US,Internal Medicine,Claim-Specialty,32998,64663.466666667,8251002.94,1879037,727,,31825,62791.2,7923554.95,1824690,,707,,7978,7260740.11,,24278,978009.93000001,,742,12252.9,,18440,4366482.89,,14558,3884520.05,,30629,7747369.98,,2369,503632.96,60,1354.9,1068,,0.1818292017698,11,922.8,330,,18.333333333333,408,18174.93,286,,21,5021.28,*,,75.134800550206,20,355,251,101,425,302,,,707,,0,,598,129,1.1396535290787
1831203991,Silverman,Warren,,M.D.,I,776a Watervliet Shaker Rd,,Latham,NY,36,12110,1,"Metropolitan area core: primary flow within an urbanized area of 50,000 and greater",US,Preventive Medicine,NPPES-Specialty,11436,11511.466666667,2039461.89,25592,8537,,10611,10682.8,1891504.38,23731,,7910,,11334,2028852.52,,85,1656.66,,17,8952.71,,6022,1075341.34,,5414,964120.55000002,,1969,356824.7,,9467,1682637.19,,,,,,,,,,,22,123.35,18,,0,0,,0,72.62691812112,627,4760,2555,595,4861,3676,7902,90,,71,,401,1350,7187,0.87254097034753
1831253244,Poon,Tze,,,I,139 Centre St Ste 601,,New York,NY,36,10013,1,"Metropolitan area core: primary flow within an urbanized area of 50,000 and greater",US,Internal Medicine,Claim-Specialty,14212,20047.766666667,1783101,579634,436,,14116,19947.766666667,1778669.93,576795,"#",,,2731,1416920.72,,11377,363592.55,,104,2587.73,,11152,1360791.14,,3060,422309.86,,13313,1712122.83,,899,70978.17,,,,,,,,,,,252,3647.69,124,,0,0,*,,76.137614678899,,,,,246,190,,0,411,,0,23,360,76,1.2906039184392
1831266535,Carreno,Jacqueline,,M.D.,I,29 Wadsworth Ave Suite 1a,,New York,NY,36,10033,1,"Metropolitan area core: primary flow within an urbanized area of 50,000 and greater",US,Internal Medicine,Claim-Specialty,7507,12011.333333333,1563963.11,354220,451,,6456,10472.066666667,1334023.42,309160,,409,,2159,1444074.64,,5170,117497.92,,178,2390.55,,7328,1526687.51,,179,37275.6,,7177,1535196.54,,330,28766.57,17,180.63,395,,0.22645530837885,0,0,0,,0,54,8792.14,41,*,,,*,,72.30155210643,42,255,124,30,287,164,,,,439,0,,414,37,1.1745666820425
1831273762,Gaylord,James,,,I,1184 State Route 50,,Ballston Lake,NY,36,12019,1,"Metropolitan area core: primary flow within an urbanized area of 50,000 and greater",US,Internal Medicine,Claim-Specialty,4515,9961.4,427772.33,289299,328,,4030,9174.1333333333,390130.67,267220,,294,,517,304092.15,,3963,122016.34,,35,1663.84,,3048,284254.68,,1467,143517.65,,736,83280.25,,3779,344492.08,355,18301.82,8548,59,7.8626799557032,67,11174.42,1969,,18.87323943662,96,963.8,69,,24,2282.1,*,,72.667682926829,34,153,107,34,138,190,309,,,,0,,44,284,1.0468164166443
1831288851,Ben-Moha,Dorit,,DO,I,420 N Broadway,,Jericho,NY,36,11753,1,"Metropolitan area core: primary flow within an urbanized area of 50,000 and greater",US,Internal Medicine,Claim-Specialty,11133,14564.666666667,794092.38,410852,395,,5832,8744.3333333333,427357.79,248675,,223,,1511,503587.15,,9535,288763.84,,87,1741.39,,2904,212362.64,,8229,581729.74,,9080,576389.81,,2053,217702.57,,,,,,,,,,,527,17744.44,202,,40,2264.84,*,,64.13417721519,172,131,69,23,226,169,315,39,12,15,0,14,247,148,1.8757182284284
1831337963,Sameiah,Deborah,,,I,1352 1st Ave,,New York,NY,36,10021,1,"Metropolitan area core: primary flow within an urbanized area of 50,000 and greater",US,Pharmacist,NPPES-Taxonomy,16,16,2801.17,16,16,,16,16,2801.17,16,,16,,16,2801.17,,0,0,,0,0,*,,,"#",,,,0,0,,16,2801.17,0,0,0,0,0,0,0,0,0,,0,0,0,,0,0,,0,76.1875,0,,,,,,14,,0,0,0,,0,16,1.2103125
1831412170,Brenon,Tamara,L,PHARMD,I,2601 Sheridan Dr,,Tonawanda,NY,36,14150,1,"Metropolitan area core: primary flow within an urbanized area of 50,000 and greater",US,Pharmacist,NPPES-Taxonomy,46,46,7146.58,46,39,"#",,,,,"#",,,46,7146.58,,0,0,,0,0,,31,4776.89,,15,2369.69,*,,,"#",,,0,0,0,0,0,0,0,0,0,,0,0,0,*,,,*,,70.487179487179,,,,,21,18,33,,0,,0,,,,0.86924145299145
1831465558,Wang,Hongyin,,M.D.,I,99 Hillside Ave Ste I,,Williston Park,NY,36,11596,1,"Metropolitan area core: primary flow within an urbanized area of 50,000 and greater",US,Internal Medicine,Claim-Specialty,15530,17311.933333333,1852995.06,503480,809,,15385,17140.7,1833035.02,498555,,789,,2899,1564518.64,,12343,279867.87,,288,8608.55,,15093,1801669.89,,437,51325.17,,15178,1833825.64,,352,19169.42,,,,,,,,,,,203,14402.65,157,,0,0,,0,72.092707045735,20,554,187,48,391,418,,,792,,0,,770,39,1.0248832819745
1831472570,Balducci,Robert,,,I,10640 Rockaway Beach Blvd,,Rockaway Park,NY,36,11694,1,"Metropolitan area core: primary flow within an urbanized area of 50,000 and greater",US,Pharmacist,NPPES-Taxonomy,35,35,6571.49,35,32,"#",,,,,"#",,,35,6571.49,,0,0,,0,0,,11,2015.45,,24,4556.04,*,,,"#",,,0,0,0,0,0,0,0,0,0,,0,0,0,*,,,*,,75.09375,,,,,,,23,,,,0,,,,1.1320859375
1831539121,Firoze Ahmed,Abdullah,M,M.D.,I,1425 Portland Ave,Rochester General Hospital,Rochester,NY,36,14621,1,"Metropolitan area core: primary flow within an urbanized area of 50,000 and greater",US,Internal Medicine,Claim-Specialty,2738,5313.5666666667,309427.22,154463,443,,1612,3351.4333333333,170222.6,97473,,293,,399,256758.6,,2287,50117.99,,52,2550.63,,2165,272524.19,,573,36903.03,,2140,240408.6,,598,69018.62,49,6663.89,1257,22,1.7896274653031,12,6169.6,360,,24.489795918367,15,155.37,13,*,,,*,,67.293453724605,150,187,79,27,245,198,124,161,,143,0,,286,157,1.6421412985425
1831642941,Thakor,Saheen,,MD,I,1900 Empire Blvd Ste 100,,Webster,NY,36,14580,1,"Metropolitan area core: primary flow within an urbanized area of 50,000 and greater",US,Family Practice,Claim-Specialty,6144,11608.033333333,427960.43,334737,527,,3756,7695.4333333333,260017.23,224824,,337,,749,311037.12,,5259,109453,,136,7470.31,,4710,330167.23,,1434,97793.2,,4374,324119.26,,1770,103841.17,112,2378.35,2895,33,1.8229166666667,,,,,,36,501.17,34,,16,362.38,*,,66.669829222011,190,204,108,25,315,212,98,381,13,23,0,12,311,216,1.3931351729501
1831677178,Lin,Yan,,NP,I,246 Carnation Ave,,Floral Park,NY,36,11001,1,"Metropolitan area core: primary flow within an urbanized area of 50,000 and greater",US,Nurse Practitioner,Claim-Specialty,8631,12720.1,1570029.91,368980,803,,8454,12520.433333333,1545581.22,363291,,784,,1952,1364438.25,,6543,200726.71,,136,4864.95,,7875,1466636.69,,756,103393.22,,8282,1505361.01,,349,64668.9,,,,,,,,,,,115,1406.26,94,,67,5282.39,,24,75.001245330012,19,444,212,128,422,381,,,768,,0,14,717,86,1.1279434815231
1831773845,Wu,Shu-Hsien,,NP-C,I,837 59th St,,Brooklyn,NY,36,11220,1,"Metropolitan area core: primary flow within an urbanized area of 50,000 and greater",US,Nurse Practitioner,NPPES-Specialty,9607,11469.833333333,1804785.71,331106,881,,9457,11290.733333333,1770649.57,326065,,866,,2493,1427567.29,,6973,373707.77,,141,3510.65,,9165,1736091.26,,442,68694.45,,9504,1800953.01,,103,3832.7,,,,,,,,,,,100,1374,85,,11,220.78,*,,72.065834279228,15,639,170,57,435,446,,,869,,0,,860,21,1.0370717537044
1841201282,Vinayagasundaram,Bhanumathy,,M.D.,I,640 Hawkins Avenue,,Lake Ronkonkoma,NY,36,11779,1,"Metropolitan area core: primary flow within an urbanized area of 50,000 and greater",US,Family Practice,Claim-Specialty,6329,14788.466666667,497961.3,434499,533,,5732,13640.2,468346.16,401122,,485,,659,365816.47,,5620,129715.35,,50,2429.48,,4040,295511.28,,2289,202450.02,,1781,148362.32,,4548,349598.98,58,1243.1,1508,13,0.91641649549692,0,0,0,0,0,164,3857.52,120,*,,,*,,74.624765478424,48,208,207,70,333,200,365,44,51,51,,,131,402,1.2259922037042
1841223096,Wat,John,M,D.O.,I,7785 N State St Fl 3,,Lowville,NY,36,13367,7.1,"Secondary flow 30% to <50% to a urbanized area of 50,000 and greater",US,Family Practice,Claim-Specialty,3332,7067.6,303434.37,205806,342,,2607,5718.6666666667,211710.85,166918,,274,,400,246840.25,,2883,55168.79,,49,1425.33,,1785,163669.59,,1547,139764.78,,1498,155513.1,,1834,147921.27,48,3853.69,822,21,1.4405762304922,,,,,,74,984.93,58,,17,484.88,*,,71.581871345029,68,136,88,50,156,186,330,,,0,0,11,130,212,1.2177424082644
1841227816,Schaefer,John,D,MD,I,3 Lyon Pl Ste 302,,Ogdensburg,NY,36,13669,4,"Micropolitan area core: primary flow within an urban cluster of 10,000 to 49,999",US,Otolaryngology,Claim-Specialty,2001,2245.2666666667,80332.62,50401,477,,1608,1828.6,56097.58,41901,,393,"#",,,,1881,47672.48,*,,,,815,29205.69,,1186,51126.93,,641,31057.97,,1360,49274.65,,,,,,,,,,,629,8599.83,229,,0,0,,0,70.312368972746,84,252,106,35,272,205,463,,,,,,113,364,1.0185556917998
1841228095,Lam,Binh,,MD,I,88-31 55th Avenue,Suite 201,Elmhurst,NY,36,11373,1,"Metropolitan area core: primary flow within an urbanized area of 50,000 and greater",US,Internal Medicine,Claim-Specialty,9166,21644,914377.64,636817,750,,8503,20311.466666667,785033.73,597936,,696,,1139,708703.75,,7817,198109.63,,210,7564.26,,6196,564571.78,,2970,349805.86,,3256,409405.51,,5910,504972.13,141,3022.66,2568,35,1.5382936940868,16,1067.15,480,,11.347517730496,101,527.03,82,,54,476.06,*,,74.545333333333,54,333,249,114,430,320,199,218,77,217,,,198,552,1.3303834170807
1841231057,Huang,Zheng-Bo,,M.D.,I,14218 38th Ave,Suite 1c,Flushing,NY,36,11354,1,"Metropolitan area core: primary flow within an urbanized area of 50,000 and greater",US,Geriatric Medicine,Claim-Specialty,10888,15769.433333333,1269251.45,463406,445,,10762,15624.633333333,1230958.74,459166,"#",,,1861,1033510.47,,8863,231657.69,,164,4083.29,,8855,1043024.71,,2033,226226.74,,9390,1165084.87,,1498,104166.58,38,367.11,870,15,0.34900808229243,0,0,0,0,0,159,2354.59,109,,64,3175.95,*,,80.103370786517,,,,,272,173,19,,404,,0,11,307,138,1.2833162866522
1841261062,Li,Yuan,Y,MD,I,13304 41st Ave,First Floor B,Flushing,NY,36,11355,1,"Metropolitan area core: primary flow within an urbanized area of 50,000 and greater",US,Internal Medicine,Claim-Specialty,7386,9673.4,390124.53,279648,276,,7212,9463.7333333333,378897.95,273711,"#",,,644,249799.33,,6594,136240.33,,148,4084.87,,6563,350366.48,,823,39758.05,,7058,376503.31,,328,13621.22,0,0,0,0,0,0,0,0,0,,169,1473.7,106,,0,0,*,,73.13768115942,,,,,153,123,,,262,,0,,252,24,0.95571423203661
1841265949,Kostandy,Gamil,S,MD,I,1435 86th St,,Brooklyn,NY,36,11228,1,"Metropolitan area core: primary flow within an urbanized area of 50,000 and greater",US,Internal Medicine,Claim-Specialty,5270,7351.4,3159437.82,215680,182,,4222,6036.2,2604525.98,177295,,145,,1264,1300640.51,,3909,1829974.51,,97,28822.8,,3995,2290083.84,,1275,869353.98,,4945,3093756.46,,325,65681.36,,,,,,,,,,,56,539.03,33,,27,6403.17,*,,70.428571428571,37,91,39,15,93,89,68,18,24,37,0,35,155,27,1.211227784138
1841269172,Brown,Stephen,M,MD,I,5800 Heritage Landing Dr Ste C,,East Syracuse,NY,36,13057,1,"Metropolitan area core: primary flow within an urbanized area of 50,000 and greater",US,Obstetrics & Gynecology,Claim-Specialty,134,202.13333333333,18156.19,4555,57,,108,166.13333333333,9635.83,3676,"#",,,54,15228.32,,80,2927.87,,0,0,,101,13231.5,,33,4924.69,,36,9878.26,,98,8277.93,0,0,0,0,0,0,0,0,0,,,,,,0,0,*,,68.105263157895,,,,,45,12,52,,0,0,0,,11,46,0.87233333333333
1841278579,Chua,Vincent,P,M.D.,I,13336 41st Rd,Suite 2m,Flushing,NY,36,11355,1,"Metropolitan area core: primary flow within an urbanized area of 50,000 and greater",US,Internal Medicine,NPPES-Specialty,6894,13360.466666667,964078.3,394659,547,,6722,13107.2,949452.07,387238,,533,,1083,806472.82,,5711,153147.02,,100,4458.46,,5922,826923.81,,972,137154.49,,4971,714214.57,,1923,249863.73,19,706.28,486,,0.27560197272991,0,0,0,,0,82,834.78,67,,29,190.39,*,,75.775137111517,14,278,155,100,321,226,17,,504,,0,18,294,253,0.85721003005171
1841340551,Zunino,Gino,F,M.D.,I,2265 3rd Ave,,New York,NY,36,10035,1,"Metropolitan area core: primary flow within an urbanized area of 50,000 and greater",US,Internal Medicine,NPPES-Specialty,5033,12142.433333333,961631.04,360198,325,,4396,10706.566666667,835923.67,317958,,276,,927,851495.45,,3803,104522.07,,303,5613.52,,4568,882094.18,,465,79536.86,,4789,943076.63,,244,18554.41,15,90.93,345,,0.29803298231671,0,0,0,,0,22,3754.4,16,*,,,*,,72.261538461538,49,152,91,33,214,111,,53,,264,0,,287,38,1.3071219684231
1841363009,Nair,Amita,N,MD,I,158 Saratoga Ave.,Waterford Health Center,Waterford,NY,36,12188,1,"Metropolitan area core: primary flow within an urbanized area of 50,000 and greater",US,Internal Medicine,Claim-Specialty,4579,11301.966666667,179203,326168,506,,4516,11146.866666667,177009.73,321623,"#",,,522,106567.69,,3996,71145.54,,61,1489.77,,4549,178808.29,,30,394.71,,757,26949.19,,3822,152253.81,44,404.45,828,15,0.96090849530465,0,0,0,0,0,91,1097.89,69,*,,,*,,74.620553359684,,,,,283,223,184,126,70,92,,,64,442,0.90460925826902
1841375037,Chang,Steve,C,MD,I,13620 38th Ave,Suite 8e,Flushing,NY,36,11354,1,"Metropolitan area core: primary flow within an urbanized area of 50,000 and greater",US,Internal Medicine,Claim-Specialty,5242,9558.6333333333,644359.17,283668,226,,5219,9523.1333333333,643797.08,282651,"#",,,773,538912.34,,4353,100206.04,,116,5240.79,,4024,503703.32,,1218,140655.85,,2622,331179.87,,2620,313179.3,,,,,,,,,,,50,683.91,38,*,,,*,,75.650442477876,,,,,121,105,,,196,,0,11,71,155,0.85149054241631
1003129214,Toprover Vaysberg,Marina,,PHARMD,I,245 1st Ave,,New York,NY,36,10003,1,"Metropolitan area core: primary flow within an urbanized area of 50,000 and greater",US,Pharmacist,NPPES-Taxonomy,23,23,3723.13,23,22,"#",,,,,"#",,,23,3723.13,,0,0,,0,0,*,,,"#",,,*,,,"#",,,0,0,0,0,0,0,0,0,0,,0,0,0,*,,,*,,75.863636363636,,,,,,,18,0,,,0,,,,1.0980454545455
1003139247,Cardarelli,Roderick,,RPH,I,5 Grimsby Gate,,Fairport,NY,36,14450,1,"Metropolitan area core: primary flow within an urbanized area of 50,000 and greater",US,Pharmacist,NPPES-Taxonomy,28,28,4990.25,28,27,"#",,,,,"#",,,28,4990.25,,0,0,,0,0,"#",,,*,,,*,,,"#",,,0,0,0,0,0,0,0,0,0,,0,0,0,*,,,*,,68.592592592593,,,,,,,27,0,0,0,0,0,,,0.91237654320988
1003155730,Yang,Yanjin,,,I,506 6th St,,Brooklyn,NY,36,11215,1,"Metropolitan area core: primary flow within an urbanized area of 50,000 and greater",US,Internal Medicine,Claim-Specialty,10830,20814.766666667,1473735.87,613791,423,,10380,19941.133333333,1418312.24,588466,,396,,1645,1148531.61,,8950,316129.74,,235,9074.52,,8400,1148042.14,,2430,325693.73,,8596,1203016.71,,2234,270719.16,63,447.17,1393,15,0.58171745152355,0,0,0,0,0,82,2317.89,59,,13,315.24,*,,74.713947990544,27,202,124,70,240,183,57,60,278,12,0,16,260,163,1.1168676832442
1003182833,Jamil,Sonia,,D.O.,I,23811 Braddock Ave,,Bellerose,NY,36,11426,1,"Metropolitan area core: primary flow within an urbanized area of 50,000 and greater",US,Family Practice,Claim-Specialty,6254,11835.966666667,664191.15,342705,822,,5250,10245.166666667,546675.91,297630,,704,,928,540737.51,,5180,117319.35,,146,6134.29,,5126,547278.76,,1128,116912.39,,5464,611544.28,,790,52646.87,21,177.59,189,16,0.33578509753758,0,0,0,0,0,73,699.08,66,,15,1607.98,*,,71.773722627737,118,414,214,76,501,321,29,114,,650,,19,644,178,1.3308927039845
1548715733,Miyerov,Ella,,,I,2035 Lakeville Rd Ste 101,,New Hyde Park,NY,36,11040,1,"Metropolitan area core: primary flow within an urbanized area of 50,000 and greater",US,Nurse Practitioner,Claim-Specialty,760,769.4,64003.48,11258,190,,605,611.2,47403.53,8477,,170,"#",,,,590,16688.62,*,,,,170,10123.54,,590,53879.94,,695,54487.71,,65,9515.77,63,1349.68,1032,21,8.2894736842105,18,721.22,267,,28.571428571429,64,4679.63,43,,14,147.75,*,,77.005263157895,20,55,56,59,88,102,61,28,68,27,,,151,39,2.3934629124069
1548808686,Spiegel,Raquel,,,I,1508 E 21st St,,Brooklyn,NY,36,11210,1,"Metropolitan area core: primary flow within an urbanized area of 50,000 and greater",US,Physician Assistant,Claim-Specialty,862,880.86666666667,49037.52,23715,184,,244,256,8459.14,7237,,46,"#",,,,745,21956.36,*,,,,105,2198.24,,757,46839.28,"#",,,*,,,,,,,,,,,,,22,433.36,19,,0,0,,0,52.95652173913,138,34,,,77,107,136,34,,,0,,,,1.0429880690617
1548864796,Li,Jinglu,,,I,730 58th St,,Brooklyn,NY,36,11220,1,"Metropolitan area core: primary flow within an urbanized area of 50,000 and greater",US,Nurse Practitioner,Claim-Specialty,4017,4881.2,557351.92,140858,465,,3967,4818.7,550423.88,139084,,454,,851,448212.64,,3083,107474.09,,83,1665.19,,3784,521600.62,,233,35751.3,,3921,525781.53,,96,31570.39,0,0,0,0,0,0,0,0,0,,31,7481.29,24,,0,0,,0,71.066666666667,11,342,,,227,238,,,452,,0,,448,17,0.99576726056186
1558313932,Chan,Robin,Y,M.D,I,1508 Avenue U,,Brooklyn,NY,36,11229,1,"Metropolitan area core: primary flow within an urbanized area of 50,000 and greater",US,Internal Medicine,Claim-Specialty,17993,28076.433333333,3514736.01,816399,673,,17348,27134.933333333,3374502.88,789808,,646,,4940,2897135.68,,12871,613108.07,,182,4492.26,,16054,3102638.72,,1939,412097.29,,17373,3451700.75,,620,63035.26,24,665.2,383,,0.13338520535764,,,,,,321,3643.73,199,,73,2762.22,,13,73.163447251114,27,407,168,71,370,303,,,653,,0,,642,31,1.0443946070497
1558314831,Sarkissian,Edmond,,MD,I,260 W Sunrise Hwy,Suite 200,Valley Stream,NY,36,11581,1,"Metropolitan area core: primary flow within an urbanized area of 50,000 and greater",US,Internal Medicine,Claim-Specialty,8307,21878.5,854328.73,650635,751,,7938,20934.666666667,800541.63,622661,,713,,952,667877.41,,7269,182327.78,,86,4123.54,,6154,625105.66,,2153,229223.07,,1344,189965.49,,6963,664363.24,21,191.88,278,,0.25279884434814,,,,,,61,319.66,49,*,,,*,,75.712383488682,38,332,255,126,424,327,159,467,,43,,42,121,630,1.1410259686932
1558326173,Mcquiller,Peter,S,MD,I,6970 Erie Rd,,Derby,NY,36,14047,1,"Metropolitan area core: primary flow within an urbanized area of 50,000 and greater",US,Internal Medicine,Claim-Specialty,11991,27760.1,1111808.79,817159,1067,,10810,25652.266666667,999993.48,756701,,962,,1484,824770.53,,10407,280115.53,,100,6922.73,,8799,713216.62,,3192,398592.17,,2110,230571.86,,9881,881236.93,548,32266.74,15142,100,4.5700942373447,19,22254.81,527,,3.4671532846715,180,1087.96,129,,31,1088.34,*,,73.954076850984,105,454,370,138,557,510,1002,21,,15,,24,142,925,1.1279436301847
1558354308,Prigollini,Alejandro,,M.D.,I,1090 Amsterdam Ave,4th Floor,New York,NY,36,10025,1,"Metropolitan area core: primary flow within an urbanized area of 50,000 and greater",US,Internal Medicine,Claim-Specialty,6005,12877.433333333,831953.74,382562,401,,5573,11943.2,760959.68,354911,,353,,880,690753.89,,4993,137570.58,,132,3629.27,,5298,783571.93,,707,48381.81,,4812,715502.46,,1193,116451.28,,,,,,,,,,,28,645.83,22,,67,1780.27,,17,74.097256857855,48,165,125,63,232,169,46,83,,259,0,,282,119,1.3595423339645
1558372086,Healey,Gregory,,MD,I,25 Park St,,Canton,NY,36,13617,7,"Small town core: primary flow within an urban cluster of 2,500 to 9,999",US,Family Practice,Claim-Specialty,37089,65303.566666667,5058564.46,1846703,1641,,31090,56072.333333333,3855814.18,1588318,,1442,,5657,4112540.59,,31142,931208.43,,290,14815.44,,14185,1849281.64,,22904,3209282.82,,16969,2326531.62,,20120,2732032.84,1933,251545.86,46876,255,5.2117878616301,170,69263.69,5239,18,8.7946197620279,1092,38537.39,490,,421,38041.24,,65,73.646556977453,199,724,455,263,886,755,1576,,,,,47,423,1218,1.0807031926004
1558455154,Baskin,David,,,I,185 West End Avenue,Suite 1m,New York,NY,36,10023,1,"Metropolitan area core: primary flow within an urbanized area of 50,000 and greater",US,Internal Medicine,Claim-Specialty,3585,7782.2,429570.52,226088,423,"#",,,,,"#",,,511,346519.14,,3041,82725.33,,33,326.05,,485,35543.18,,3100,394027.34,,111,4293.79,,3474,425276.73,33,554.39,762,13,0.92050209205021,,,,,,164,2550.86,96,*,,,*,,78.48463356974,,,,,204,219,348,16,,18,,36,22,401,1.0048179669031
1558465138,Ruiz,Edison,,PA,I,166 E Saint Marks Pl,,Valley Stream,NY,36,11580,1,"Metropolitan area core: primary flow within an urbanized area of 50,000 and greater",US,Obstetrics & Gynecology,NPPES-Specialty,499,984.6,51958.75,28035,51,"#",,,,,"#",,"#",,,,447,11632.65,*,,,"#",,,*,,,,374,29184.3,,125,22774.45,0,0,0,0,0,0,0,0,0,,35,443.28,18,*,,,*,,71.921568627451,,,,,22,29,,0,0,48,0,,38,13,1.0261515982208
1558522714,Parker,William,M,MD,I,48 East St,,Fort Edward,NY,36,12828,1,"Metropolitan area core: primary flow within an urbanized area of 50,000 and greater",US,Family Practice,Claim-Specialty,19258,35044.066666667,3275352.93,1008306,976,,10639,21643.433333333,1583086.08,628783,,627,,3529,2844202.21,,15434,416757.96,,295,14392.76,,12752,2220840.55,,6506,1054512.38,,12831,2429085.25,,6427,846267.68,906,41430.29,21834,179,4.7045383736629,58,13632.44,1603,11,6.401766004415,268,4287.56,186,,76,4142.26,,12,66.137295081967,349,377,191,59,512,464,920,11,,11,,29,458,518,1.1689322121023
1558543033,Begley,Brian,,,I,47 E Prospect Ave,,Mount Vernon,NY,36,10550,1,"Metropolitan area core: primary flow within an urbanized area of 50,000 and greater",US,Pharmacist,NPPES-Taxonomy,11,11,2052.1,11,11,*,,,,,*,,,11,2052.1,,0,0,,0,0,*,,,*,,,*,,,*,,,0,0,0,0,0,0,0,0,0,,0,0,0,*,,,*,,73.454545454545,,,,,,,0,,0,,0,0,,,1.6728181818182
1558728568,Bowen,Kelly,E,NP,I,196 North St,"Geneva General Hospital, Hospitalist Dept.",Geneva,NY,36,14456,4,"Micropolitan area core: primary flow within an urban cluster of 10,000 to 49,999",US,Nurse Practitioner,Claim-Specialty,6509,13415.8,677915.08,389670,355,,5355,11536.666666667,572210.83,336428,,297,,886,520789.71,,5561,151307.29,,62,5818.08,,5155,535675.68,,1354,142239.4,,1818,207289.63,,4691,470625.45,242,8633.81,6081,41,3.717929021355,,,,,,144,2203.69,86,,22,4653.05,*,,72.470422535211,58,144,104,49,221,134,328,13,,,0,,79,276,1.193255424671
1558894659,Han,Elizabeth,,,I,610 W 158th St,,New York,NY,36,10032,1,"Metropolitan area core: primary flow within an urbanized area of 50,000 and greater",US,Family Practice,Claim-Specialty,547,961.16666666667,30762.86,24148,217,,463,811.23333333333,27261.82,19892,,205,,120,22929.82,,411,7401.09,,16,431.95,"#",,,*,,,,58,3032.44,,489,27730.42,63,1664.69,1180,30,11.517367458867,,,,,,28,316.8,24,*,,,*,,72.41935483871,12,136,56,13,125,92,179,,20,,0,13,,,0.83318963331445
1568128536,Liu,Xiu Fang,,NP,I,730 58th St,,Brooklyn,NY,36,11220,1,"Metropolitan area core: primary flow within an urbanized area of 50,000 and greater",US,Nurse Practitioner,NPPES-Specialty,4537,5797.4333333333,631093.6,169659,358,,4396,5630.7333333333,601904.1,164875,,345,,955,544856.63,,3472,83870.02,,110,2366.95,,4281,603096.53,,256,27997.07,,4496,625259.41,,41,5834.19,0,0,0,0,0,0,0,0,0,,37,344.16,33,*,,,*,,70.209497206704,13,275,,,173,185,,,348,,0,,347,11,0.95173472998138
1568138394,Macwan,Ann,,,I,115 Creek Cir,,East Syracuse,NY,36,13057,1,"Metropolitan area core: primary flow within an urbanized area of 50,000 and greater",US,Nurse Practitioner,NPPES-Specialty,3377,3460.5,201125.63,77876,150,,3056,3127.4333333333,174395.67,70110,"#",,,470,132685.72,,2867,67200.22,,40,1239.69,"#",,,*,,,"#",,,*,,,73,3660.38,1907,26,2.1616819662422,22,3047.04,610,,30.13698630137,94,3892.07,48,,61,7056.46,*,,78.64,,,,,109,41,126,20,,,0,,,,3.4130511060956
1568413565,Che,Bi,H,MD,I,210 Canal St,Suiet 203,New York,NY,36,10013,1,"Metropolitan area core: primary flow within an urbanized area of 50,000 and greater",US,Internal Medicine,Claim-Specialty,5006,10875.866666667,749668.01,320619,357,,4965,10780.366666667,734551.35,317886,"#",,,935,600787.52,,4017,147733.06,,54,1147.43,,4599,701148.96,,407,48519.05,,4456,710279.1,,550,39388.91,,,,,,,,,,,52,721.3,43,,0,0,*,,72.980392156863,,,,,256,101,0,,337,,0,15,289,68,0.932029178338
1568417533,Caifano,Robert,A,M.D.,I,1850 Ridge Rd E,,Rochester,NY,36,14622,1,"Metropolitan area core: primary flow within an urbanized area of 50,000 and greater",US,Internal Medicine,Claim-Specialty,9870,20928.5,866167.43,613438,620,,9245,19951.7,807250.87,585225,,581,,1186,636538.13,,8606,224926.87,,78,4702.43,,8740,740451.85,,1130,125715.58,,1730,157964.62,,8140,708202.81,261,7098.37,6634,66,2.644376899696,,,,,,159,1290.32,96,,38,623.06,*,,75.282258064516,39,276,195,110,330,290,539,28,,24,,28,81,539,1.1053226203689
1568427243,Chan,Alexander,C,M.D.,I,13-17 Elizabeth Street,Rm 409,New York,NY,36,10013,1,"Metropolitan area core: primary flow within an urbanized area of 50,000 and greater",US,Internal Medicine,Claim-Specialty,18898,33294.333333333,2234064.11,972007,730,,18360,32598.333333333,2166598.9,952111,,711,,2883,1742920.33,,15727,481775.73,,288,9368.05,,15446,1781328.63,,3452,452735.48,,16390,1990883.21,,2508,243180.9,35,943.09,824,,0.18520478357498,,,,,,396,11044.6,215,,35,1718.17,*,,74.972602739726,19,397,206,108,411,319,15,,682,,0,27,550,180,1.0120401092565
1568436004,Jain,Rajiv,,MD,I,1491 Sheridan Dr,,Tonawanda,NY,36,14217,1,"Metropolitan area core: primary flow within an urbanized area of 50,000 and greater",US,Internal Medicine,Claim-Specialty,3499,7221.7,262726.67,210628,546,,3023,6466.5333333333,226574.15,188854,,478,,347,198284.49,,3103,62571.52,,49,1870.66,,2484,176375.97,,1015,86350.7,,751,62305.68,,2748,200420.99,129,6829.97,3531,31,3.6867676478994,38,5552.28,1060,,29.457364341085,28,224.67,25,*,,,*,,72.089743589744,68,271,151,56,332,214,481,29,,14,,14,104,442,1.1421740600817
1568441921,Blumenthal,Steven,J,MD,I,98 Woodchuck Hollow Rd,,Cold Spring Harbor,NY,36,11724,1,"Metropolitan area core: primary flow within an urbanized area of 50,000 and greater",US,Internal Medicine,Claim-Specialty,8315,10426.933333333,1418676.08,112234,5462,,7755,9746.9333333333,1329841.61,105777,,5084,,7143,1379109.38,"#",,,*,,,,2350,393206.43,,5965,1025469.65,,1324,231185.82,,6991,1187490.26,18,265.16,510,,0.21647624774504,0,0,0,,0,16,275.44,11,*,,,*,,73.052178689125,378,2906,1784,394,3114,2348,3990,402,,515,,303,838,4624,0.96988661546658
1568455657,Lopez,Andre,L,MD,I,325 Essjay Rd,Suite 110,Williamsville,NY,36,14221,1,"Metropolitan area core: primary flow within an urbanized area of 50,000 and greater",US,Family Practice,Claim-Specialty,7617,19354.566666667,603881.72,570897,606,,7379,18811.8,535230.07,554980,,587,,796,474042.68,,6671,117365.01,,150,12474.03,,5497,437028.95,,2120,166852.77,,368,67308.47,,7249,536573.25,65,491.51,1227,21,0.8533543389786,,,,,,84,609.48,65,*,,,*,,75.405940594059,19,287,207,93,210,396,533,28,,,0,35,24,582,1.0647146405267
1568576379,Paeglow,Robert,J,M.D.,I,553 Clinton Ave,,Albany,NY,36,12206,1,"Metropolitan area core: primary flow within an urbanized area of 50,000 and greater",US,Family Practice,Claim-Specialty,9257,13791.133333333,1138467.2,398261,321,,5508,8651.6666666667,590134.23,251576,,201,,1404,949877.24,,7709,183627.68,,144,4962.28,,7011,912736.41,,2246,225730.79,,7671,999594.98,,1586,138872.22,1035,60830.33,27205,104,11.180728097656,294,50512.84,8347,38,28.405797101449,103,9787.15,55,,155,35249.71,,35,64.996884735202,120,149,,,179,142,153,140,,15,0,,214,107,1.4609589697886
1568607919,Jang,Hangjun,,"M.D., PH.D.",I,15009 Northern Blvd,,Flushing,NY,36,11354,1,"Metropolitan area core: primary flow within an urbanized area of 50,000 and greater",US,Internal Medicine,Claim-Specialty,35109,58400.833333333,8098775.02,1713771,1121,,34383,57234.433333333,7762356.67,1679296,,1101,,7551,6107988.83,,26866,1959551.34,,692,31234.85,,28996,5875805.18,,6113,2222969.84,,30563,7407589.77,,4546,691185.25,205,3458.5,4126,69,0.58389586715657,,,,,,556,22682.78,307,,105,60286.39,,27,74,20,633,345,123,618,503,,,1027,11,0,73,790,331,1.3663378751687
1568618742,Frangas,Alexander,,M.D.,I,30 Newbridge Rd,Suite 200,East Meadow,NY,36,11554,1,"Metropolitan area core: primary flow within an urbanized area of 50,000 and greater",US,Internal Medicine,Claim-Specialty,4863,11105.633333333,412803.16,323546,708,,4606,10562.1,372856.97,307569,,670,,515,307727.23,,4320,103987.93,,28,1088,,915,113480.56,,3948,299322.6,,689,102135.17,,4174,310667.99,51,1734.04,1248,24,1.0487353485503,,,,,,219,3322.17,153,*,,,*,,73.326271186441,38,402,199,69,397,311,606,19,16,33,0,34,51,657,0.91168910860012
1568641827,Lupski,Robert,S,RPH,I,403 William Floyd Pkwy,,Shirley,NY,36,11967,1,"Metropolitan area core: primary flow within an urbanized area of 50,000 and greater",US,Pharmacist,NPPES-Taxonomy,43,43,7429.26,43,36,,43,43,7429.26,43,,36,,43,7429.26,,0,0,,0,0,,16,3027.21,,27,4402.05,*,,,"#",,,0,0,0,0,0,0,0,0,0,,0,0,0,,0,0,,0,73.888888888889,0,24,,,25,11,30,,0,,0,,,,0.9195
1568643690,Schuhman,Arthur,H,RPH,I,16 Court St,,Brooklyn,NY,36,11241,1,"Metropolitan area core: primary flow within an urbanized area of 50,000 and greater",US,Pharmacist,NPPES-Taxonomy,18,20,3150.85,109,18,"#",,,,,"#",,,17,3145.76,*,,,"#",,,,0,0,,18,3150.85,*,,,"#",,,0,0,0,0,0,0,0,0,0,,,,,*,,,*,,72.111111111111,,,,,,,18,0,0,0,0,0,,,0.86694444444444
1568700524,Shmain,Eugene,,PHARMD,I,1419 Newkirk Ave,,Brooklyn,NY,36,11226,1,"Metropolitan area core: primary flow within an urbanized area of 50,000 and greater",US,Pharmacist,NPPES-Taxonomy,22,24,6723.28,343,14,,22,24,6723.28,343,,14,,21,6696.03,*,,,"#",,,*,,,"#",,,*,,,"#",,,0,0,0,0,0,0,0,0,0,,0,0,0,,0,0,,0,72.428571428571,0,,,0,,,,,,,0,,,,1.5862857142857
1568717916,Karmally,Rachel,,M.D.,I,1425 Portand Avenue,,Rochester,NY,36,14621,1,"Metropolitan area core: primary flow within an urbanized area of 50,000 and greater",US,Internal Medicine,Claim-Specialty,5255,10397.3,576116.97,303572,565,,4119,8409.8666666667,445374.29,246347,,445,,826,460984.78,,4316,107936.83,,113,7195.36,,3210,372135.74,,2045,203981.23,,2697,355896.7,,2558,220220.27,265,6563.58,6910,67,5.0428163653663,12,378.56,360,,4.5283018867925,34,30911.31,24,,13,2947.43,*,,71.357522123894,120,240,140,65,364,201,62,480,,13,0,,239,326,1.7912177624533
1568738540,Hodges,Mark,H,M.D.,I,601 Elmwood Ave,Box Med,Rochester,NY,36,14642,1,"Metropolitan area core: primary flow within an urbanized area of 50,000 and greater",US,Internal Medicine,Claim-Specialty,8943,20769.1,714129.28,607883,748,,8487,19973.6,647114.06,585170,,718,,884,522208.48,,7909,186201.52,,150,5719.28,,7227,561731.37,,1716,152397.91,,1039,147648.92,,7904,566480.36,297,8194.03,7156,61,3.3210332103321,35,3094.84,983,,11.784511784512,216,25176.66,114,,21,226.62,*,,74.733957219251,30,362,267,89,458,290,641,41,,12,,48,48,700,0.99200534179108
1568831998,Weng,Shuangshuang,,FNP,I,2035 120th St,2fl,College Point,NY,36,11356,1,"Metropolitan area core: primary flow within an urbanized area of 50,000 and greater",US,Nurse Practitioner,Claim-Specialty,1439,1504.3333333333,63349.65,40385,273,,336,358,10273.12,8540,,96,,166,39837.3,,1245,22837.65,,28,674.7,,339,9098.89,,1100,54250.76,,1413,63022.53,,26,327.12,0,0,0,0,0,0,0,0,0,,44,539.58,37,,0,0,,0,54.549450549451,177,65,,,131,142,53,79,21,112,,,251,22,0.81566671755747
1568906337,Rozmarin,Eleonora,,NP,I,1009 Brighton Beach Ave Ste 2,,Brooklyn,NY,36,11235,1,"Metropolitan area core: primary flow within an urbanized area of 50,000 and greater",US,Nurse Practitioner,NPPES-Specialty,7343,8102.1666666667,1915561.33,237457,126,,7021,7759.1666666667,1830987.73,227419,"#",,,2474,1676931.82,,4787,237548.95,,82,1080.56,,762,101566.73,,6581,1813994.6,,7171,1905554.82,,172,10006.51,82,2919.75,2241,15,1.1167097916383,0,0,0,0,0,95,21089.74,54,,33,50347.86,*,,74.396825396825,,,,,83,43,105,,,,0,15,105,21,1.6259914692885
1578072690,Cinque,Alyssa,M,PHARMD,I,4175 State Route 417,,Wellsville,NY,36,14895,7,"Small town core: primary flow within an urban cluster of 2,500 to 9,999",US,Pharmacist,NPPES-Taxonomy,11,11,2097.74,11,,*,,,,,*,,,11,2097.74,,0,0,,0,0,*,,,*,,,*,,,*,,,0,0,0,,0,0,0,0,,,0,0,,*,,,*,,74.4,,,,,,,,,,,,,,,1.0718
1578174322,Gugino,Julia,R,PHARMD,I,9050 Erie Rd,,Angola,NY,36,14006,1,"Metropolitan area core: primary flow within an urbanized area of 50,000 and greater",US,Pharmacist,NPPES-Taxonomy,14,14,2257.67,14,13,"#",,,,,"#",,,14,2257.67,,0,0,,0,0,"#",,,*,,,*,,,"#",,,0,0,0,0,0,0,0,0,0,,0,0,0,*,,,*,,72.615384615385,,,,,,,13,0,0,0,0,0,,,0.86961538461538
1578505392,Uribe,Alejandra,M,D.O.,I,71 Metropolitan Oval,"Boro Medical, P.C,",Bronx,NY,36,10462,1,"Metropolitan area core: primary flow within an urbanized area of 50,000 and greater",US,Family Practice,Claim-Specialty,7302,13976.1,1505007.57,411680,447,,6292,12221.5,1267684.94,360373,,385,,1463,1321994.34,,5643,176861.64,,196,6151.59,,6600,1331439.89,,702,173567.68,,6783,1460102.12,,519,44905.45,56,1257.82,1540,14,0.76691317447275,,,,,,30,480.33,23,,33,281.32,*,,72.581655480984,62,199,138,48,321,126,,56,,374,0,,371,76,1.3696556006704
1578509774,Huang,Hua,,MD,I,136-30 Maple Ave,2b,Flushing,NY,36,11355,1,"Metropolitan area core: primary flow within an urbanized area of 50,000 and greater",US,Internal Medicine,Claim-Specialty,1665,2434.4333333333,968965.43,69895,117,"#",,,,,"#",,,204,814876.69,,1443,153873.77,,18,214.97,,1565,768101.81,,100,200863.62,,1569,953352.11,,96,15613.32,0,0,0,0,0,0,0,0,0,,23,273.99,17,*,,,*,,73.350427350427,,,,,62,55,,,112,0,0,0,104,13,0.93477492877493
1578547006,Field,Jonathan,,MD,I,10 Union Sq E,,New York,NY,36,10003,1,"Metropolitan area core: primary flow within an urbanized area of 50,000 and greater",US,Allergy/ Immunology,Claim-Specialty,11485,11802.433333333,2375105.2999998,35911,8185,,10501,10774.4,2040010.4499999,30592,,7531,,11042,2359521.4999998,"#",,,*,,,,3029,547686.2,,8456,1827419.0999999,,1965,524107.48,,9520,1850997.8199999,,,,,,,,,,,33,376.92,24,,0,0,,0,72.393646915089,654,4517,2478,536,4657,3528,6511,395,,655,,389,1232,6953,0.92240525982221
1578551560,Shen,Tsun,Y,M.D.,I,268 Canal St,,New York,NY,36,10013,1,"Metropolitan area core: primary flow within an urbanized area of 50,000 and greater",US,Internal Medicine,NPPES-Specialty,5757,11483.6,897253.34,339527,398,,5552,11067.266666667,857163.93,327222,,374,,993,709505.49,,4564,182835,,200,4912.85,,5113,780460.11,,644,116793.23,,5545,890813.5,,212,6439.84,0,0,0,0,0,0,0,0,0,,23,529.25,18,*,,,*,,72.472361809045,24,231,108,35,185,213,,,380,,0,,364,34,1.0005013873666
1578571469,Lackey,Roy,S,MD,I,161 Fort Washington Ave,Suite 421,New York,NY,36,10032,1,"Metropolitan area core: primary flow within an urbanized area of 50,000 and greater",US,Internal Medicine,Claim-Specialty,3665,8464.5666666667,422436.82,248892,488,,3535,8208.3,405926.43,241324,,470,,513,341812.64,,3082,78834.28,,70,1789.9,,1068,101195.48,,2597,321241.34,,652,96915.96,,3013,325520.86,18,117.37,174,14,0.49113233287858,0,0,0,0,0,54,574.27,41,*,,,*,,75.293032786885,18,219,191,60,242,246,304,69,23,64,0,28,62,426,1.0592823396721
1578592978,Schneider,Michael,S,M.D.,I,2400 S Clinton Ave,Bldg H Ste 230,Rochester,NY,36,14618,1,"Metropolitan area core: primary flow within an urbanized area of 50,000 and greater",US,Internal Medicine,Claim-Specialty,10675,23598.533333333,709824.32,684839,1062,,10307,23018.733333333,684883.25,668304,,1006,,894,467470.38,,9641,235384.36,,140,6969.58,,9296,583866.22,,1379,125958.1,,865,88985.69,,9810,620838.63,250,10907.24,5571,60,2.3419203747073,31,3744.53,930,,12.4,309,2604.51,192,,58,736.19,,15,75,56,497,347,162,569,493,885,77,,18,,75,71,991,1.0323367789169
1578625737,Ngai,Yi,,M.D.,I,13338 41st Rd,Suite Co-3,Flushing,NY,36,11355,1,"Metropolitan area core: primary flow within an urbanized area of 50,000 and greater",US,Family Practice,Claim-Specialty,22855,35124.166666667,4922076.92,1036287,717,,22536,34646.033333333,4836289.28,1022232,"#",,,6691,4457809.52,,15674,449646.4,,490,14621,,21627,4626376.66,,1228,295700.26,,21320,4626918.62,,1535,295158.3,15,417.81,352,,0.065631152920586,0,0,0,,0,204,5927.72,148,,44,21149.33,*,,75.675034867503,,,,,448,269,,,689,,0,,606,111,1.1953765791872
1578632899,Canavire Weber,Carla,,DO,I,1745 Union Blvd,,Bay Shore,NY,36,11706,1,"Metropolitan area core: primary flow within an urbanized area of 50,000 and greater",US,Family Practice,Claim-Specialty,14656,32507.533333333,2288509.91,952984,919,,12013,27135.333333333,1871564.59,796461,,728,,2256,1939538.67,,11960,326591.18,,440,22380.06,,11759,1881266.03,,2897,407243.88,,11326,1938051.05,,3330,350458.86,154,2734.51,3349,45,1.0507641921397,0,0,0,0,0,237,49941.42,157,,26,1082.35,*,,70.280739934712,191,425,238,65,582,337,117,94,,683,,18,625,294,1.4311478507906
1578694683,Singh,Nisha,,M.D.,I,8100 Oswego Rd,Suite 220,Liverpool,NY,36,13090,1,"Metropolitan area core: primary flow within an urbanized area of 50,000 and greater",US,Family Practice,Claim-Specialty,4549,9750.2,228992.77,281143,483,,4173,9082.7666666667,210004.14,261844,,446,,424,153430.38,,4048,72774.03,,77,2788.36,,3191,167311.61,,1358,61681.16,,590,52437.95,,3959,176554.82,52,913.72,1485,16,1.1431083754671,0,0,0,0,0,216,1409.45,159,*,,,*,,72.049689440994,37,278,142,26,363,120,451,,,,0,17,43,440,0.93740869065551
1578746350,Rabadi,Ammir,,M.D.,I,657 Yonkers Ave,,Yonkers,NY,36,10704,1,"Metropolitan area core: primary flow within an urbanized area of 50,000 and greater",US,Family Practice,Claim-Specialty,11809,19338.6,1907310.66,550351,738,,9750,16368.666666667,1457666.51,467791,,617,,2036,1553284.37,,9528,326044.58,,245,27981.71,,6957,1009978.03,,4852,897332.63,,6887,1206528.96,,4922,700781.7,214,3803.74,5019,54,1.8121771530189,,,,,,483,33802.52,280,,45,656.84,,14,72.363143631436,121,313,214,90,430,308,355,117,,199,,43,347,391,1.6104456893527
1578947750,Gomez Lopez,Tatiana,F,,I,"10211 Roosevelt Ave # 4",,Corona,NY,36,11368,1,"Metropolitan area core: primary flow within an urbanized area of 50,000 and greater",US,Internal Medicine,Claim-Specialty,3824,6689.2666666667,367558.87,194874,240,,3472,6176.4,288621.36,180162,,219,,493,282670.79,,3229,83258.77,,102,1629.31,,3610,352811.24,,214,14747.63,,3331,350410.16,,493,17148.71,0,0,0,0,0,0,0,0,0,,77,798.4,51,,18,6230.24,*,,71.891666666667,21,147,45,27,162,78,,,,219,0,,199,41,1.1588204861111
1578966289,Tolentino Guerrero,Bryan,E,MD,I,975 Westchester Ave,,Bronx,NY,36,10459,1,"Metropolitan area core: primary flow within an urbanized area of 50,000 and greater",US,Internal Medicine,Claim-Specialty,3311,5217.9,2398023.19,155043,142,,2448,3981.5666666667,1531080.2,118312,,102,,1028,2316026.61,,2195,79068.07,,88,2928.51,,2856,1930606.57,,455,467416.62,,3036,2159373.32,,275,238649.87,,,,,,,,,,,,,,,0,0,,0,67.084507042254,40,76,,,74,68,,59,,73,0,,123,19,1.2362563460392
1578988770,Balogun,Dolapo,,,I,1490 Madison Ave,,New York,NY,36,10029,1,"Metropolitan area core: primary flow within an urbanized area of 50,000 and greater",US,Pharmacist,NPPES-Taxonomy,13,13,2345.2,19,12,*,,,,,*,,,12,2344.51,*,,,"#",,,*,,,*,,,"#",,,*,,,0,0,0,0,0,0,0,0,0,,,,,*,,,*,,66.916666666667,,,,,,,,,0,,0,0,,,3.288430076344
1588071450,Hu,Yuhe,,"AGPCNP-BC,MSN",I,13626 37th Ave,,Flushing,NY,36,11354,1,"Metropolitan area core: primary flow within an urbanized area of 50,000 and greater",US,Nurse Practitioner,NPPES-Specialty,1916,2313.1,230116.26,65333,176,,1867,2255.1,219935.92,63746,"#",,,402,188023.14,,1491,41808.47,,23,284.65,,1834,221931.61,,82,8184.65,,1845,228030.94,,71,2085.32,0,0,0,0,0,0,0,0,0,,56,652.54,43,,0,0,*,,71.193181818182,,,,,92,84,,0,167,,0,,154,22,0.97543276515151
1588118368,Liu,Victoria,,NP,I,57 Willoughby St,,Brooklyn,NY,36,11201,1,"Metropolitan area core: primary flow within an urbanized area of 50,000 and greater",US,Nurse Practitioner,Claim-Specialty,5743,7406.6666666667,1208071.83,216368,559,,5647,7239.8666666667,1184608.76,211528,,543,,1484,1006216.26,,4157,199839.58,,102,2015.99,,5347,1145746.6,,396,62325.23,,5585,1191310.17,,158,16761.66,,,,,,,,,,,39,2578.61,32,,21,1370.39,*,,73.239713774597,16,352,132,59,279,280,,0,547,,0,,531,28,1.2075634532127
1588127252,Zarcone,Gina,M,PHARMD,I,1433 Culver Rd,,Rochester,NY,36,14609,1,"Metropolitan area core: primary flow within an urbanized area of 50,000 and greater",US,Pharmacist,NPPES-Taxonomy,27,27,4780.91,27,26,"#",,,,,"#",,,27,4780.91,,0,0,,0,0,"#",,,*,,,,12,2271.93,,15,2508.98,0,0,0,0,0,0,0,0,0,,0,0,0,*,,,*,,71.269230769231,,,,,,,13,,0,,0,,,,1.2751361590685
1588271068,Kumar,Payal,,,I,441 Ardsley Rd,,Scarsdale,NY,36,10583,1,"Metropolitan area core: primary flow within an urbanized area of 50,000 and greater",US,Nurse Practitioner,NPPES-Specialty,4932,11305.1,970752.75,328534,606,,4258,9950.3333333333,806797.43,289480,,529,,869,882277.68,,3970,84721.81,,93,3753.26,,4057,813404.43,,875,157348.32,,3132,726410.37,,1800,244342.38,57,1709.43,1054,17,1.1557177615572,0,0,0,0,0,99,1513.56,83,,34,9362.71,,16,73.6699669967,77,255,188,86,361,245,52,191,,322,,29,304,302,1.3517494717256
1588339980,Bird,Tyler,C,PHARM.D.,I,201 Plaza Rd,,Kingston,NY,36,12401,1,"Metropolitan area core: primary flow within an urbanized area of 50,000 and greater",US,Pharmacist,NPPES-Taxonomy,12,12,2250.18,12,12,,12,12,2250.18,12,,12,,12,2250.18,,0,0,,0,0,*,,,*,,,*,,,"#",,,0,0,0,0,0,0,0,0,0,,0,0,0,,0,0,,0,75.416666666667,0,,,,,,11,,0,0,0,,,,0.57925
1588623714,Pfalzer,David,F,MD,I,2914 Elmwood Ave,,Kenmore,NY,36,14217,1,"Metropolitan area core: primary flow within an urbanized area of 50,000 and greater",US,Family Practice,Claim-Specialty,9521,22388.133333333,795882.18,654669,667,,9104,21762.2,674708.14,637273,,612,,981,600597.24,,8418,189917.76,,122,5367.18,,7360,563468.72,,2161,232413.46,,1021,255172.23,,8500,540709.95,182,2155.28,3581,65,1.9115639113538,0,0,0,0,0,200,3018.4,128,,89,17971.67,,29,73.050974512744,55,343,192,77,335,332,614,20,,,0,21,76,591,0.98011895570126
1588629216,Charles,Richard,E,M.D.,I,85 High St,,Buffalo,NY,36,14203,1,"Metropolitan area core: primary flow within an urbanized area of 50,000 and greater",US,Internal Medicine,Claim-Specialty,8898,19257.633333333,1279313.86,552799,1969,,8070,17779.8,1165077.19,510635,,1796,,1417,1078200.44,,7210,192369.1,,271,8744.32,,6312,841585.14,,2586,437728.72,,2502,339915.3,,6396,939398.56,14,449.15,254,,0.157338727804,0,0,0,,0,269,5866.75,212,,30,1201.77,,16,74.376841036059,173,858,643,295,1196,773,1319,541,,38,,61,400,1569,1.7316949765673
1588641849,Scafuri,Frank,,D.O.,I,2177 Victory Blvd,,Staten Island,NY,36,10314,1,"Metropolitan area core: primary flow within an urbanized area of 50,000 and greater",US,Internal Medicine,Claim-Specialty,18182,41962.933333333,3164091.37,1239558,1964,,15921,37773.033333333,2418429.75,1116513,,1714,,2397,2665968.56,,15635,488167.83,,150,9954.98,,8777,1521027.69,,9405,1643063.68,,4486,1208159.32,,13696,1955932.05,59,849.08,1495,26,0.32449675503245,0,0,0,0,0,448,69753.63,292,,36,2286.11,,14,72.77749490835,250,896,626,192,1201,763,1666,55,68,108,0,67,338,1626,1.120949586869
1588644991,Patel,Girish,,M.D.,I,765 Amsterdam Ave,"#1f",New York,NY,36,10025,1,"Metropolitan area core: primary flow within an urbanized area of 50,000 and greater",US,Internal Medicine,Claim-Specialty,28459,52120.033333333,2195898.03,1499729,1295,,26044,48238.833333333,1917961.71,1390216,,1183,,3014,1625412.64,,25127,562228.86,,318,8256.53,,19436,1416125,,9023,779773.03,,20973,1682882.2,,7486,513015.83,257,3201.42,5941,60,0.90305351558382,16,614.32,296,,6.2256809338521,611,6856.13,345,,402,31430.26,,94,75.449420849421,112,506,450,227,813,482,191,400,,585,,58,756,539,1.3381482775847
1588667893,Maclean,Craig,K,DO,I,3040 Amsdell Rd,,Hamburg,NY,36,14075,1,"Metropolitan area core: primary flow within an urbanized area of 50,000 and greater",US,Family Practice,Claim-Specialty,11154,28099.833333333,1371507.82,826266,754,,10295,26285,1219654.2,773010,,706,,1487,1117012.62,,9574,250600.3,,93,3894.9,,8206,973277.37,,2948,398230.45,,1589,327323.62,,9565,1044184.2,192,9105.48,3459,42,1.7213555675094,,,,,,230,3101.53,146,,39,4044.64,*,,74.542440318302,48,346,253,107,362,392,724,,,,0,16,80,674,1.2393858026373
1588669949,Keib Cramer,Caroline,W,MD,I,739 Irving Ave,Ste 200,Syracuse,NY,36,13210,1,"Metropolitan area core: primary flow within an urbanized area of 50,000 and greater",US,Internal Medicine,Claim-Specialty,8642,19187.933333333,691390.03,561554,559,,7968,17989.366666667,637837,526579,,527,,887,496050.11,,7684,190371.69,,71,4968.23,,4848,382387,,3794,309003.03,,933,81195.47,,7709,610194.56,229,10362.48,6445,35,2.6498495718584,11,6598.51,330,,4.8034934497817,156,1365.31,93,,48,657.02,*,,73.992844364937,32,290,166,71,479,80,499,22,,,0,28,36,523,0.92978819055251
1588750467,Yadegar,Javid,,MD,I,856 Dekalb Avenue,,Brooklyn,NY,36,11221,1,"Metropolitan area core: primary flow within an urbanized area of 50,000 and greater",US,Internal Medicine,Claim-Specialty,37990,43062,5192006.55,1272307,497,,29499,33438.666666667,3789495.99,988863,,384,,7294,3674922.66,,28900,1441668.52,,1796,75415.37,,31353,4195183.88,,6637,996822.67,,35370,5043596.89,,2620,148409.66,245,2774.27,4462,54,0.64490655435641,,,,,,215,2736.3,136,,285,13374.58,,30,72.41046277666,113,152,162,70,324,173,18,185,,283,0,,406,91,1.5668169003747
1588751515,Smith,Neal,T,M.D.,I,5973 Walworth Rd,,Ontario,NY,36,14519,1,"Metropolitan area core: primary flow within an urbanized area of 50,000 and greater",US,Family Practice,Claim-Specialty,3287,8249.3,140016.85,241363,333,,3193,8031.3,138601.84,235141,,320,,225,73532.49,,3015,65523.48,,47,960.88,,2957,133750.16,,330,6266.69,,121,1797.64,,3166,138219.21,56,561.65,1370,12,1.7036811682385,0,0,0,0,0,70,551.07,52,*,,,*,,74.201201201201,13,155,130,35,139,194,306,,,0,0,24,,,0.88983094872781
1588751671,Savillo,Robert,,MD,I,"505 E 70th St # Ht-4",,New York,NY,36,10021,1,"Metropolitan area core: primary flow within an urbanized area of 50,000 and greater",US,Internal Medicine,Claim-Specialty,6466,13161.2,1309109.7,384291,490,,5513,11702.333333333,844089.46,342721,,433,,956,878813.8,,5393,426136.15,,117,4159.75,,2975,835945.02,,3491,473164.68,,3211,877111.4,,3255,431998.3,264,68067.81,5903,50,4.0828951438293,26,61179.57,726,,9.8484848484848,114,3694.56,68,,33,5345.71,*,,73.677551020408,57,192,185,56,250,240,263,94,20,89,0,24,180,310,1.4686382357529
1588764484,Choi,Mike,J,MD,I,2517 Vestal Pkwy E,,Vestal,NY,36,13850,1,"Metropolitan area core: primary flow within an urbanized area of 50,000 and greater",US,Family Practice,Claim-Specialty,7253,16305.4,689521.2,473393,637,,6295,14769.466666667,632004.66,429878,,579,,913,558492.75,,6295,128673.77,,45,2354.68,,3992,442362.35,,3261,247158.85,,1448,146376.5,,5805,543144.7,114,1527.95,2007,45,1.5717634082449,,,,,,233,2349.64,161,,14,1489.59,*,,73.28885400314,58,294,213,72,297,340,585,,12,,0,28,103,534,1.0431434607688
1588774921,Park,Jia,,M.D,I,210-08 35th Avenue,,Bayside,NY,36,11361,1,"Metropolitan area core: primary flow within an urbanized area of 50,000 and greater",US,Family Practice,Claim-Specialty,11430,23106.166666667,1400630.83,681584,744,,11135,22564.1,1371026.38,665736,,720,,1489,1198495.07,,9757,197758.43,,184,4377.33,,10217,1176030.35,,1213,224600.48,,7960,1140381.1,,3470,260249.73,,,,,,,,,,,123,1676.84,94,,16,728.85,*,,72,24,493,175,52,420,324,51,,610,23,,55,403,341,0.82112594236138
1598023582,Kwon,Hea,R,,I,8248 135th St Apt 2h,,Jamaica,NY,36,11435,1,"Metropolitan area core: primary flow within an urbanized area of 50,000 and greater",US,Nurse Practitioner,NPPES-Specialty,9067,11481.3,1219151.6,338927,250,,8813,11138.8,1188148.78,328751,"#",,,1864,1089449.39,,7088,126277.61,,115,3424.6,,7894,1003276.37,,1173,215875.23,,8556,1184844.89,,511,34306.71,12,82.08,51,,0.1323480754384,0,0,0,,0,33,358.05,25,,0,0,*,,71.864,,,,,141,109,,0,221,,0,18,205,45,1.0344129697599
1598031924,Wang,Sheng,,M.D.,I,450 E 63rd St Apt 4e,,New York,NY,36,10065,1,"Metropolitan area core: primary flow within an urbanized area of 50,000 and greater",US,Internal Medicine,Claim-Specialty,2850,4609.3333333333,240413.12,128904,115,,2850,4609.3333333333,240413.12,128904,,115,,419,163694.9,,2403,76276.6,,28,441.62,,2817,239716.14,,33,696.98,,2808,239989.46,,42,423.66,0,0,0,0,0,0,0,0,0,,115,1145.01,59,,32,369.57,,17,70.895652173913,0,94,,,60,55,0,,111,,0,,,,0.92707608695652
1598038507,Morabito,Joseph,A,PA,I,5100 W Taft Rd,Suite 2y,Liverpool,NY,36,13088,1,"Metropolitan area core: primary flow within an urbanized area of 50,000 and greater",US,Physician Assistant,Claim-Specialty,13050,24998.7,1506974.38,730748,905,,8828,18236.566666667,933834.19,534517,,689,,2070,1253937.44,,10787,241164.71,,193,11872.23,,9709,1045467.23,,3341,461507.15,,6820,947156.19,,6230,559818.19,48,1145.86,1085,16,0.36781609195402,0,0,0,0,0,179,1778.76,130,,40,4190.43,*,,68.914917127072,216,396,219,74,391,514,777,47,36,21,0,24,339,566,1.13690338137
1598100612,Jones,Elizabeth,M,NP,I,1 Gustave L Levy Pl,,New York,NY,36,10029,1,"Metropolitan area core: primary flow within an urbanized area of 50,000 and greater",US,Nurse Practitioner,Claim-Specialty,5879,11850.133333333,607381.57,346973,429,,5160,10494.066666667,520466.78,307633,,374,,901,489332.16,,4861,112870.31,,117,5179.1,,4627,464366.91,,1252,143014.66,,3875,461826.64,,2004,145554.93,98,853.17,1762,16,1.6669501615921,,,,,,29,3705.66,21,,17,4587.61,*,,74.228438228438,55,162,137,75,322,107,97,149,,164,,,220,209,1.4171104031262
1598376477,Mascari,Cassandra,C,PHARMD,I,665 Long Pond Rd,,Rochester,NY,36,14612,1,"Metropolitan area core: primary flow within an urbanized area of 50,000 and greater",US,Pharmacist,NPPES-Taxonomy,16,16,3034.49,16,16,"#",,,,,"#",,,16,3034.49,,0,0,,0,0,"#",,,*,,,*,,,"#",,,0,0,0,0,0,0,0,0,0,,0,0,0,*,,,*,,71.1875,,,,,,,14,,0,0,0,,,,0.721671875
1598719460,Picco,Pasquale,,M.D.,I,20 Elm St,,Hornell,NY,36,14843,4,"Micropolitan area core: primary flow within an urban cluster of 10,000 to 49,999",US,Internal Medicine,Claim-Specialty,19361,43459.566666667,3526663.69,1279047,1023,,17339,39823.466666667,2913670.89,1173776,,937,,4071,3110132.94,,14986,397881.29,,304,18649.46,,11125,1932337.35,,8236,1594326.34,,4781,1228961.6,,14580,2297702.09,357,29807.67,9195,58,1.8439130210216,44,23938.14,1308,,12.324929971989,474,19714.69,212,,41,1682.84,*,,74.471163245357,86,438,367,132,535,488,983,,,,0,35,205,818,1.2975641404952
1598721714,Logalbo,Elizabeth,M,DO,I,256 Main St,,Massena,NY,36,13662,4,"Micropolitan area core: primary flow within an urban cluster of 10,000 to 49,999",US,Family Practice,Claim-Specialty,16073,16916.2,2557667.0599998,63243,11711,,15103,15903.8,2397509.5599998,59398,,11050,,15312,2542394.6599998,,741,14484.09,,20,788.31,,9581,1549684.8899999,,6492,1007982.17,,3541,595130.1,,12532,1962536.9599998,36,356.55,285,14,0.22397809991912,0,0,0,0,0,62,647,42,*,,,*,,73.433609427034,661,6379,3578,1093,6660,5051,3127,,6143,769,,1577,2260,9451,0.96725104035166
1598723702,Zhang,Han,,M.D,I,1508 Avenue U,,Brooklyn,NY,36,11229,1,"Metropolitan area core: primary flow within an urbanized area of 50,000 and greater",US,Pediatric Medicine,Claim-Specialty,5287,6776,1066982.01,194909,266,,5131,6595.6,1038173.82,189703,,252,,1415,850693.17,,3779,214848.14,,93,1440.7,,4759,941778.82,,528,125203.19,,5182,1059798.58,,105,7183.43,31,336.84,640,,0.58634386230376,0,0,0,,0,85,1054.98,56,*,,,*,,71.063909774436,14,185,44,23,141,125,0,0,261,,0,,,,0.96411838976519
1598743007,Mederos,Mariano,,M.D,I,311 Saint Nicholas Ave Ste E,,Ridgewood,NY,36,11385,1,"Metropolitan area core: primary flow within an urbanized area of 50,000 and greater",US,Internal Medicine,Claim-Specialty,5529,6947.5,355779.84,200781,267,,4651,5961.3333333333,291129.87,172482,,230,,648,235946.71,,4759,117761.44,,122,2071.69,,5383,292634.01,,146,63145.83,,4861,289917.3,,668,65862.54,25,246.63,444,,0.45216133116296,0,0,0,,0,90,1013.88,60,,19,292.83,*,,72.883895131086,37,112,95,23,144,123,,,,251,0,,220,47,1.2352604765212
1598875866,Berg,Stefanie,R,RPA,I,415 Hooper Rd,Endwell Family Physicians Llp,Endwell,NY,36,13760,1,"Metropolitan area core: primary flow within an urbanized area of 50,000 and greater",US,Physician Assistant,Claim-Specialty,4882,10876.333333333,525729.25,313546,601,,4030,9180.8666666667,436083.36,265965,,515,,615,416814.84,,4216,106079.99,,51,2834.42,,3061,359033.64,,1821,166695.61,,1662,180881.18,,3220,344848.07,159,3491.27,3546,36,3.2568619418271,0,0,0,0,0,181,4872.27,133,*,,,*,,71.880199667221,86,270,184,61,328,273,561,12,,,,15,158,443,1.0830536007842
1598947194,Fakhouri,Zeiad,A,MD,I,1531 Route 82,,Hopewell Junction,NY,36,12533,1,"Metropolitan area core: primary flow within an urbanized area of 50,000 and greater",US,Family Practice,Claim-Specialty,7974,8384.4333333333,1260152.61,45697,5337,,7220,7512.2666666667,1153452.57,35607,,4941,,6890,1241394.53,,1061,18449.58,,23,308.5,,2870,442204.59,,5104,817948.02,,1555,234528.96,,6419,1025623.65,12,110.29,113,,0.15048908954101,,,,,,189,1211.99,158,,24,145.11,*,,72.470489038786,396,3034,1556,351,3008,2329,4141,343,,411,,237,841,4496,0.91271044778355
1609058650,Byrne,Jennifer,,RPH,I,19 Central Ave,,Catskill,NY,36,12414,7,"Small town core: primary flow within an urban cluster of 2,500 to 9,999",US,Pharmacist,NPPES-Taxonomy,15,15,2537.01,30,13,"#",,,,,"#",,,13,2514.56,*,,,"#",,,*,,,*,,,*,,,"#",,,0,0,0,0,0,0,0,0,0,,,,,*,,,*,,71.153846153846,,,,,,,12,,0,0,0,,,,0.81761538461538
1609126630,Zhou,Hui Qin,,NP,I,268 Canal St,,New York,NY,36,10013,1,"Metropolitan area core: primary flow within an urbanized area of 50,000 and greater",US,Nurse Practitioner,NPPES-Specialty,12021,15780.766666667,1654133.14,462517,468,,11546,15209.433333333,1611835.08,446096,,443,,2622,1355151,,9186,294605.19,,213,4376.95,,10442,1437331.75,,1579,216801.39,,11845,1636105.33,,176,18027.81,,,,,,,,,,,62,537.16,54,,12,22.86,*,,72.08547008547,25,296,102,45,276,192,,,448,,0,,433,35,0.98226732940168
1366403057,Nicholas,Joseph,A,M.D.,I,1000 South Ave,Box 58,Rochester,NY,36,14620,1,"Metropolitan area core: primary flow within an urbanized area of 50,000 and greater",US,Internal Medicine,Claim-Specialty,667,667.83333333333,52868.59,11841,161,,514,514.1,44875.5,8510,,146,"#",,,,411,14295.12,*,,,,490,41481.46,,177,11387.13,,504,27452.17,,163,25416.42,,,,,,,,,,,24,460.74,,,29,405.44,*,,76.018633540373,15,46,71,29,90,71,117,29,,,0,,61,100,1.7372269701653
1366443202,Alling,R.,D,M.D.,I,335 Parrish St,,Canandaigua,NY,36,14424,1,"Metropolitan area core: primary flow within an urbanized area of 50,000 and greater",US,Internal Medicine,Claim-Specialty,5027,10374.9,490747.3,300012,531,,4559,9757.9,469003.64,282862,,484,,742,387798.19,,4241,98932.22,,44,4016.89,,3849,394382.9,,1178,96364.4,,1102,118161.4,,3925,372585.9,120,4466.14,3329,23,2.3871096081162,20,1503.33,550,,16.666666666667,43,1389.04,30,*,,,*,,72.956685499058,47,247,184,53,287,244,504,,,,0,20,66,465,0.8991516420446
1366447716,Daly,Erik,S,MD,I,739 Irving Ave,Ste 200,Syracuse,NY,36,13210,1,"Metropolitan area core: primary flow within an urbanized area of 50,000 and greater",US,Internal Medicine,Claim-Specialty,5831,12778,666205.67,359305,979,,5469,12119.366666667,599546.74,340822,,929,,1305,572249.01,,4472,89690.09,,54,4266.57,,3347,367807.44,,2484,298398.23,,711,91958.96,,5120,574246.71,25,637.31,728,,0.42874292574173,0,0,0,,0,25,180.14,21,*,,,*,,73.458631256384,50,541,301,87,459,520,859,60,11,,,41,86,893,0.89913081057397
1366507261,Urena,Andres,F,MD,I,10419 Lefferts Blvd,,Richmond Hill,NY,36,11419,1,"Metropolitan area core: primary flow within an urbanized area of 50,000 and greater",US,Internal Medicine,NPPES-Specialty,2450,6355.0333333333,448866.37,188124,222,,2122,5554.8333333333,345170.49,164475,,204,,441,396908.74,,1935,47303.93,,74,4653.7,,2188,405042.33,,262,43824.04,,1707,340982.09,,743,107884.28,,,,,,,,,,,25,142.48,22,*,,,*,,73.085585585586,18,123,58,23,122,100,,13,12,178,,,132,90,1.0884673857255
1366550162,Minnella,Bernedette,P,MD,I,300 White Spruce Blvd,Suite 100,Rochester,NY,36,14623,1,"Metropolitan area core: primary flow within an urbanized area of 50,000 and greater",US,Internal Medicine,Claim-Specialty,6665,14324.733333333,584399.11,411841,421,,5944,13200.566666667,501895.06,379928,,392,,645,404296.65,,5966,177736.62,,54,2365.84,,5623,444843.75,,1042,139555.36,,975,137236.02,,5690,447163.09,100,1707.3,2449,34,1.5003750937734,,,,,,253,3604.92,130,,23,321.98,*,,73.691211401425,29,218,123,51,293,128,347,52,,,0,14,40,381,1.0286891493473
1366764748,Mars,Matthew,D,RPH,I,9 E Grand St,,Palatine Bridge,NY,36,13428,7,"Small town core: primary flow within an urban cluster of 2,500 to 9,999",US,Pharmacist,NPPES-Taxonomy,15,15,2731.79,15,15,,15,15,2731.79,15,,15,,15,2731.79,,0,0,,0,0,*,,,*,,,*,,,"#",,,0,0,0,0,0,0,0,0,0,,0,0,0,,0,0,,0,72.333333333333,0,12,,,,,15,0,0,0,0,0,,,0.5414
1366765281,Abbruscato,Thomas,J,RPH,I,1036 Main St,,Holbrook,NY,36,11741,1,"Metropolitan area core: primary flow within an urbanized area of 50,000 and greater",US,Pharmacist,NPPES-Taxonomy,31,31,5359.49,31,29,"#",,,,,"#",,,31,5359.49,,0,0,,0,0,*,,,"#",,,,0,0,,31,5359.49,0,0,0,0,0,0,0,0,0,,0,0,0,*,,,*,,71.793103448276,,,,,,,25,0,,0,0,,0,29,0.71137931034483
1376500132,Thurn,Sarah,J,FNP,I,1540 Maple Rd,,Williamsville,NY,36,14221,1,"Metropolitan area core: primary flow within an urbanized area of 50,000 and greater",US,Nurse Practitioner,NPPES-Specialty,15,15,2688.18,15,12,,15,15,2688.18,15,,12,,15,2688.18,,0,0,,0,0,*,,,*,,,*,,,"#",,,0,0,0,0,0,0,0,0,0,,0,0,0,,0,0,,0,73.333333333333,0,,,,,,,,0,0,0,0,,,1.1510366219102
1376500157,Halsdorfer,Andrew,W,DO,I,325 Essjay Rd,Suite110,Williamsville,NY,36,14221,1,"Metropolitan area core: primary flow within an urbanized area of 50,000 and greater",US,Family Practice,Claim-Specialty,7048,15287.2,535665.65,449562,481,,6826,14885.2,515777.74,437619,,467,,890,430325.68,,6084,103091.2,,74,2248.77,,5349,414658.68,,1699,121006.97,,395,21766.07,,6653,513899.58,100,1018.86,2112,15,1.4188422247446,0,0,0,0,0,92,651.42,71,*,,,*,,75.517671517672,14,220,169,78,221,260,446,,0,,0,18,22,459,1.2841560753559
1376515338,Youkeles,Lisa,H,M.D.,I,171 Huguenot St,,New Rochelle,NY,36,10801,1,"Metropolitan area core: primary flow within an urbanized area of 50,000 and greater",US,Critical Care (Intensivists),Claim-Specialty,4323,9903.7,632827.46,292347,386,,4018,9268.5,574920.45,273552,,360,"#",,,,3532,103560.31,*,,,,1880,284721.97,,2443,348105.49,,1239,246398.78,,3084,386428.68,16,440.78,288,,0.37011334721258,0,0,0,,0,81,1505.01,43,*,,,*,,74.694300518135,26,174,129,57,283,103,246,77,,42,,14,84,302,1.1901355770896
1376523688,Dercola,Kelly,S,MD,I,368 Broadway,,Kingston,NY,36,12401,1,"Metropolitan area core: primary flow within an urbanized area of 50,000 and greater",US,Internal Medicine,Claim-Specialty,8825,20104.566666667,754953.66,591678,712,,8610,19800.866666667,738705.89,582864,,681,,1065,580966.51,,7702,172081.58,,58,1905.57,,3616,277790.07,,5209,477163.59,,1219,157559.56,,7606,597394.1,170,11980.2,4129,28,1.9263456090652,11,6986.93,300,,6.4705882352941,126,38187.18,92,,32,1311.65,*,,75.866573033708,31,309,231,141,481,231,656,,11,11,,25,88,624,1.0399542994112
1376561910,Long,Jeffrey,C,M.D.,I,35 Lyon St,,Naples,NY,36,14512,10.1,"Secondary flow 30% to <50% to a urbanized area of 50,000 and greater",US,Family Practice,Claim-Specialty,8097,15525.766666667,661192.17,449163,512,,6997,13950.433333333,539838.42,405057,,460,,1131,495547.98,,6884,162056.78,,82,3587.41,,6052,454125.3,,2045,207066.87,,2380,232887.67,,5717,428304.5,366,22317.2,8941,67,4.5201926639496,63,12518.74,1846,,17.213114754098,197,3993.39,115,,56,7954.39,,12,73.15625,52,231,189,40,264,248,485,0,,,,21,101,411,1.0158941147431
1376575159,Cincu,Catalina,E,MD,I,755 North Broadway,,Sleepy Hollow,NY,36,10591,1,"Metropolitan area core: primary flow within an urbanized area of 50,000 and greater",US,Internal Medicine,Claim-Specialty,3814,8990.8666666667,237471.84,264273,407,,3475,8372.3666666667,222037.68,246520,,377,,389,163781.99,,3397,72242.85,,28,1447,,1746,110845.74,,2068,126626.1,,1398,123154.52,,2416,114317.32,33,63.87,669,,0.86523335081279,0,0,0,,0,78,917.86,56,,13,529.68,*,,73.599508599509,30,196,138,43,300,107,245,32,,110,,12,96,311,1.0180074447808
1376612242,Schrem,Stanley,S,M.D.,I,635 Madison Ave,3rd Floor,New York,NY,36,10022,1,"Metropolitan area core: primary flow within an urbanized area of 50,000 and greater",US,Cardiology,Claim-Specialty,5058,9942.6,424735.3,293278,384,,5058,9942.6,424735.3,293278,,384,,646,320506.21,,4397,104060.09,,15,169,,146,10003.28,,4912,414732.02,,190,5683.31,,4868,419051.99,,,,,,,,,,,116,2592.01,73,,20,143.56,*,,79.315104166667,0,117,166,101,192,192,344,,,,0,27,13,371,1.0307596018405
1376647784,Taddeo,Matilda,M,M.D.,I,1 Pondfield Rd W,,Bronxville,NY,36,10708,1,"Metropolitan area core: primary flow within an urbanized area of 50,000 and greater",US,Cardiology,Claim-Specialty,6020,14199.033333333,588525.34,415628,427,,5951,14032,584396.1,410775,"#",,,704,469496.77,,5289,118115.05,,27,913.52,,1835,172367.79,,4185,416157.55,,1370,133832.65,,4650,454692.69,48,864.4,1199,11,0.79734219269103,0,0,0,0,0,174,2638.4,98,,36,4488.66,*,,78.138173302108,,,,,308,119,346,34,14,21,0,12,50,377,1.1431278733577
1376701276,Farber,Jesse,D,PHARMD,I,6199 S Park Ave,,Hamburg,NY,36,14075,1,"Metropolitan area core: primary flow within an urbanized area of 50,000 and greater",US,Pharmacist,NPPES-Taxonomy,23,23,4184.25,23,23,,23,23,4184.25,23,,23,,23,4184.25,,0,0,,0,0,*,,,"#",,,,0,0,,23,4184.25,0,0,0,0,0,0,0,0,0,,0,0,0,,0,0,,0,74.434782608696,0,12,,,,,16,,,0,0,,0,23,0.65673913043478
1376727776,Gillette,Joseph,W,PHARM D.,I,2024 Genesee St,,Oneida,NY,36,13421,4,"Micropolitan area core: primary flow within an urban cluster of 10,000 to 49,999",US,Pharmacist,NPPES-Taxonomy,15,15,2830.37,15,14,"#",,,,,"#",,,15,2830.37,,0,0,,0,0,*,,,*,,,*,,,"#",,,0,0,0,0,0,0,0,0,0,,0,0,0,*,,,*,,73,,,,,,,11,,0,0,0,,,,0.987
1376771766,Chokshi,Dave,,MD,I,530 1st Ave,,New York,NY,36,10016,1,"Metropolitan area core: primary flow within an urbanized area of 50,000 and greater",US,Internal Medicine,NPPES-Specialty,248,291.36666666667,28883.56,5733,183,,124,128,14206.57,1983,,116,"#",,,,144,11570.73,*,,,,162,17638.21,,86,11245.35,,183,20974.65,,65,7908.91,0,0,0,0,0,0,0,0,0,,,,,,0,0,,0,66.51912568306,67,78,,,106,77,58,66,,51,0,,117,66,1.8206209999515
1376885822,Peimer,Marta,S,,I,10 Union Sq E,Suite 3g,New York,NY,36,10003,1,"Metropolitan area core: primary flow within an urbanized area of 50,000 and greater",US,Nurse Practitioner,NPPES-Specialty,1704,2806,160706.19,81286,354,,1315,2242.4,132640.48,65075,,282,,254,122248.16,,1374,36736.73,,76,1721.3,,1451,138879.19,,253,21827,,1566,155523.31,,138,5182.88,,,,,,,,,,,23,655.21,22,,0,0,,0,71.16384180791,72,157,99,26,248,106,29,61,15,241,,,298,56,1.4637101838684
1376924100,Siegenthaler,Matthew,,MD,I,3 Curtis Rd,,Vernon,NY,36,13476,4,"Micropolitan area core: primary flow within an urban cluster of 10,000 to 49,999",US,Family Practice,Claim-Specialty,6097,14598.1,617596.43,423376,694,,5593,13604.033333333,549113.27,394689,,635,,818,500263.34,,5146,112717.38,,133,4615.71,,3611,345837.56,,2486,271758.87,,900,134071.59,,5197,483524.84,153,4338.19,4102,51,2.5094308676398,20,1269.16,600,,13.071895424837,200,7946.16,125,*,,,*,,73.597982708934,59,339,223,73,394,300,651,0,,,0,37,91,603,0.94181847148344
1386088169,Dmochowska,Jolanta,,"M.D.,D.O,",I,Nyu Langone Medical,934 Manhattan Ave,Brooklyn,NY,36,11222,1,"Metropolitan area core: primary flow within an urbanized area of 50,000 and greater",US,Family Practice,Claim-Specialty,2433,4189.8666666667,252744.2,118743,169,,2308,3984.0333333333,246472.05,113293,,158,,463,215626.74,,1945,36664.37,,25,453.09,,1787,188420.13,,646,64324.07,,1801,213441.63,,632,39302.57,32,207.86,277,14,1.3152486642006,,,,,,105,1159.24,54,,0,0,,0,72.047337278107,11,94,49,15,101,68,130,,,16,0,12,103,66,1.0920945888941
1386163012,Tseng,Pao-Ju,,NURSE PRACTITIONER,I,13621 Roosevelt Avenue,Ste 409,Flushing,NY,36,11354,1,"Metropolitan area core: primary flow within an urbanized area of 50,000 and greater",US,Nurse Practitioner,NPPES-Specialty,4185,4889.8333333333,577997.18,139906,384,,4089,4735.4666666667,546103.26,135583,"#",,,989,512139.19,,3117,63580.85,,79,2277.14,,3935,555076.17,,250,22921.01,,4044,573175.61,,141,4821.57,,,,,,,,,,,93,1970.25,84,*,,,*,,71.7578125,,,,,209,175,,,358,,0,,341,43,1.0281286690694
1386192318,Phelan,Eric,,,I,800 Hooper Rd,,Endwell,NY,36,13760,1,"Metropolitan area core: primary flow within an urbanized area of 50,000 and greater",US,Physician Assistant,Claim-Specialty,8358,19281.766666667,848035.59,559367,1165,,6931,16834.3,684232.81,490687,,1025,,930,685443.34,,7355,160919.29,,73,1672.96,,4522,473118.84,,3836,374916.75,,1869,225936.1,,6489,622099.49,436,26164.53,9824,103,5.2165589854032,38,17710.34,1086,,8.7155963302752,186,4042.73,141,,26,1143.31,*,,73.681545064378,140,480,368,177,543,622,1097,13,,13,,34,180,985,1.0683063194456
1386249795,Cherubini,Lauren,,RPH,I,499 Montauk Hwy,,West Islip,NY,36,11795,1,"Metropolitan area core: primary flow within an urbanized area of 50,000 and greater",US,Pharmacist,NPPES-Taxonomy,23,23,4276.48,23,23,"#",,,,,"#",,,23,4276.48,,0,0,,0,0,*,,,"#",,,*,,,"#",,,0,0,0,0,0,0,0,0,0,,0,0,0,*,,,*,,75.260869565217,,,,,,,22,,0,,0,0,,,0.96834782608696
1386300358,Si,Michelle,X,NP,I,4469 Kissena Blvd Apt 3l,,Flushing,NY,36,11355,1,"Metropolitan area core: primary flow within an urbanized area of 50,000 and greater",US,Nurse Practitioner,NPPES-Specialty,2413,3208.6,425376.41,91949,306,,2331,3118.1,416866.93,89477,,289,,537,344097.87,,1829,80343.57,,47,934.97,,2234,391281.08,,179,34095.33,,2191,414475.54,,222,10900.87,0,0,0,0,0,0,0,0,0,,54,505.33,48,*,,,*,,72.676470588235,17,180,81,28,170,136,,,287,,0,,265,41,1.1702230392157
1386601557,He,Fufu,,M.D,I,1508 Avenue U,,Brooklyn,NY,36,11229,1,"Metropolitan area core: primary flow within an urbanized area of 50,000 and greater",US,Family Practice,Claim-Specialty,29119,45672,6456509.5999999,1302894,1129,,28931,45355.2,6405082.1799999,1293993,,1107,,7950,5592854.69,,20770,855372.68,,399,8282.23,,26119,5503380.4599999,,3000,953129.14,,28250,6328375.9299999,,869,128133.67,21,147.35,162,17,0.072117861190288,0,0,0,0,0,516,7588.17,331,,64,1138.45,,11,73.810451727192,22,679,302,126,611,518,,,1098,,0,12,1054,75,0.98637411098771
1386604775,Clifford,David,S,M.D.,I,256 Center Rd,,West Seneca,NY,36,14224,1,"Metropolitan area core: primary flow within an urbanized area of 50,000 and greater",US,Family Practice,Claim-Specialty,11925,26169.1,973504.52,774933,694,,10594,23723.066666667,874947.43,702544,,633,,1433,721099.5,,10396,246709.93,,96,5695.09,,8763,567149.97,,3162,406354.55,,1771,197812.91,,10154,775691.61,317,6218.75,8275,52,2.6582809224319,,,,,,174,1343.71,119,,17,402,*,,74.108069164265,61,304,239,90,326,368,662,,,12,0,12,77,617,1.2657947915119
1386604858,Brown,Jennie,L,MD,I,5100 W Taft Rd,Suite 1d,Liverpool,NY,36,13088,1,"Metropolitan area core: primary flow within an urbanized area of 50,000 and greater",US,Family Practice,Claim-Specialty,17422,34278.666666667,1736516.8,1001271,1344,,14116,28935.066666667,1376082.07,847565,,1102,,2243,1394835.17,,14936,325569.87,,243,16111.76,,12510,1191582.29,,4912,544934.51,,6382,829542.6,,11040,906974.2,206,5627.78,4868,45,1.1824130409827,17,2109.86,510,,8.252427184466,278,25799.14,181,,131,3325.49,,20,71.934523809524,242,542,408,152,965,379,1192,62,,27,,46,403,941,1.0851535919723
1386605566,Molina,Alveris,,M.D.,I,93-15 Roosevelt Ave.,,Jackson Heights,NY,36,11372,1,"Metropolitan area core: primary flow within an urbanized area of 50,000 and greater",US,Internal Medicine,Claim-Specialty,18069,36597.466666667,3429765.33,1065079,869,,16993,34674.133333333,3216416.85,1009585,,814,,2558,2408278.16,,15189,1012727,,322,8760.17,,16133,3127929.04,,1936,301836.29,,15180,3197394.07,,2889,232371.26,66,1018.74,848,33,0.36526647849909,,,,,,372,48178.56,240,,109,33570.97,,24,74.523590333717,55,407,300,107,558,311,25,,,829,,,642,227,1.1028948542093
1386616472,Jackson,Leland,J,MD,I,5006 W Genesee St,,Camillus,NY,36,13031,1,"Metropolitan area core: primary flow within an urbanized area of 50,000 and greater",US,Family Practice,Claim-Specialty,6108,12709.333333333,791793.7,364098,504,,5345,11689.033333333,700822.99,336659,,460,,948,656813.33,,5090,131586.47,,70,3393.9,,3319,382440.48,,2789,409353.22,,1441,184827.02,,4667,606966.68,358,26531.64,6822,62,5.8611656843484,59,21971.85,1383,,16.480446927374,156,3774.29,95,,23,864.84,*,,73.892857142857,44,211,172,77,281,223,472,,,,,16,64,440,0.99546487057079
1386646289,Ziemba,David,M,MD,I,1458 47th St,,Brooklyn,NY,36,11219,1,"Metropolitan area core: primary flow within an urbanized area of 50,000 and greater",US,Internal Medicine,Claim-Specialty,14522,25171.733333333,1526677.13,722942,1053,,14117,24538.866666667,1494645.08,705085,,1023,,1954,881706.17,,12473,641237.15,,95,3733.81,,407,40185.38,,14115,1486491.75,,4609,614505.07,,9913,912172.06,95,1077.74,981,50,0.65417986503236,0,0,0,0,0,804,18467.35,400,,31,533.73,,11,74.065527065527,30,621,269,133,548,505,989,,,0,0,61,249,804,1.0315675992253
1386663854,Mcdermott,John,P,DO,I,21 Edward J Lempka Dr,,Florida,NY,36,10921,2,"Metropolitan area high commuting: primary flow 30% or more to a urbanized area of 50,000 and greater",US,Family Practice,Claim-Specialty,10321,24146.333333333,1340197.05,715179,876,,9603,22691.766666667,1224060.61,672199,,822,,1220,1091174.67,,9015,245770.48,,86,3251.9,,3267,405707.48,,7054,934489.57,,1822,284413.68,,8499,1055783.37,191,4305.14,5151,46,1.850595872493,0,0,0,0,0,139,25977.5,108,,33,2288.56,*,,74.840182648402,54,391,322,109,460,416,784,22,,34,,30,113,763,1.1289693845137
1386693190,Gbadamosi,Fatai,A,MD,I,206 S Elmwood Ave,,Buffalo,NY,36,14201,1,"Metropolitan area core: primary flow within an urbanized area of 50,000 and greater",US,Internal Medicine,Claim-Specialty,8060,9037.1,5734384.14,259961,278,,2852,3374.2666666667,1858346.56,97862,,105,,2607,5521204.93,,5383,211144.85,,70,2034.36,,5110,3430131.01,,2950,2304253.13,,6937,5003017.71,,1123,731366.43,493,20238.72,13971,45,6.1166253101737,68,7507.14,2001,,13.793103448276,91,1813.06,36,,0,0,,0,61.179856115108,173,80,,,97,181,160,77,,35,0,,224,54,1.3316581641356
1386704088,Bioh,Dominick,K,M.D.,I,415 Central Park W Apt 1af,,New York,NY,36,10025,1,"Metropolitan area core: primary flow within an urbanized area of 50,000 and greater",US,Internal Medicine,Claim-Specialty,12631,23819.233333333,1898039.96,695858,669,,10109,20225.566666667,1457850.14,592872,,570,,2308,1611125.17,,9999,269853.43,,324,17061.36,,9537,1399180.02,,3094,498859.94,,8327,1381857.52,,4304,516182.44,503,11655.41,9733,88,3.9822658538516,19,604.07,570,,3.7773359840954,195,12230.41,125,,56,26969.35,,12,72.683109118087,99,282,200,88,458,211,32,516,,105,,12,302,367,1.4250936416748
1386719599,Liu,Zoe,Z,M.D.,I,98 E Broadway,4th Floor,New York,NY,36,10002,1,"Metropolitan area core: primary flow within an urbanized area of 50,000 and greater",US,Internal Medicine,Claim-Specialty,24927,33376.166666667,2764635.47,971485,735,,24523,32807.466666667,2688975.32,954892,,723,,3592,2294245.88,,21013,464300.41,,322,6089.18,,24537,2737613.28,,390,27022.19,,24581,2725317.94,,346,39317.53,,,,,,,,,,,318,3526.14,201,,22,311.4,*,,72.314285714286,12,512,169,42,388,347,,,718,,0,,710,25,1.0070270620526
1386745578,Zeitlin,Adam,D,DO,I,7161 159th St,,Flushing,NY,36,11365,1,"Metropolitan area core: primary flow within an urbanized area of 50,000 and greater",US,Family Practice,Claim-Specialty,31821,37187.366666667,3507045.14,1037533,1038,,29809,34890.8,3235015.77,973633,,969,,4922,2576925.01,,26215,897491.44,,684,32628.69,,8505,993218.74,,23316,2513826.4,,26706,2966977.94,,5115,540067.2,442,45367.12,10959,79,1.3890198296722,14,1794.26,420,,3.1674208144796,881,26185.36,393,,622,47879.24,,76,77.212909441233,69,392,297,280,600,438,613,165,85,112,,,718,320,1.8916474059517
1386759231,Almonte,Luis,A,MD,I,8811 101st Ave,,Ozone Park,NY,36,11416,1,"Metropolitan area core: primary flow within an urbanized area of 50,000 and greater",US,Internal Medicine,Claim-Specialty,9561,19536.733333333,1251088.42,573082,581,,8366,17672.266666667,1060796.67,519505,,517,,1519,1069822.06,,7564,168247.88,,478,13018.48,,8992,1190162.23,,569,60926.19,,8111,1173531.74,,1450,77556.68,0,0,0,0,0,0,0,0,0,,201,3605.52,121,*,,,*,,72.261617900172,64,302,166,49,311,270,12,,,558,,,451,130,1.0991451794329
1386824951,Rowe,Lorraine,,R.PH.,I,4751 Onondaga Blvd,,Syracuse,NY,36,13219,1,"Metropolitan area core: primary flow within an urbanized area of 50,000 and greater",US,Pharmacist,NPPES-Taxonomy,25,25,4182.32,25,25,"#",,,,,"#",,,25,4182.32,,0,0,,0,0,"#",,,*,,,*,,,"#",,,0,0,0,0,0,0,0,0,0,,0,0,0,*,,,*,,68.2,,,,,13,12,22,,,0,0,0,,,0.71752
1386829141,Phung,Choi,M,PHARMD,I,850 Bronx River Rd,,Yonkers,NY,36,10708,1,"Metropolitan area core: primary flow within an urbanized area of 50,000 and greater",US,Pharmacist,NPPES-Taxonomy,30,30,5169.6,34,29,,30,30,5169.6,34,,29,,29,5160.11,*,,,"#",,,*,,,"#",,,*,,,"#",,,0,0,0,0,0,0,0,0,0,,,,,,0,0,,0,75.655172413793,0,,13,,15,14,25,,0,0,0,,,,0.95424137931034
1386992519,Khalil,Sameh,F,PHARM.D.,I,253 1st Ave,,New York,NY,36,10003,1,"Metropolitan area core: primary flow within an urbanized area of 50,000 and greater",US,Pharmacist,NPPES-Taxonomy,12,12,2328.49,12,12,,12,12,2328.49,12,,12,,12,2328.49,,0,0,,0,0,*,,,"#",,,*,,,"#",,,0,0,0,0,0,0,0,0,0,,0,0,0,,0,0,,0,73.75,0,,,0,,,11,,,0,0,0,0,12,0.97633333333333
1386999035,Uddin,Main,,FNP,I,169-59 137th Ave,,Rochdale,NY,36,11434,1,"Metropolitan area core: primary flow within an urbanized area of 50,000 and greater",US,Nurse Practitioner,Claim-Specialty,2644,6098.2666666667,195551.46,177968,513,,2403,5594.6333333333,180080.42,163656,,463,,278,140762.35,,2308,52319.55,,58,2469.56,,1957,162206.73,,687,33344.73,,980,104862.48,,1664,90688.98,0,0,0,0,0,0,0,0,0,,81,669.02,66,*,,,*,,74.93567251462,50,197,177,89,344,169,16,453,,18,,20,143,370,1.3890429275694
1396057253,Ma,Yanqing,,,I,4160 Main St Ste 217,,Flushing,NY,36,11355,1,"Metropolitan area core: primary flow within an urbanized area of 50,000 and greater",US,Internal Medicine,Claim-Specialty,15611,18594.566666667,2054053.51,531878,366,,15558,18539.566666667,2048696.56,530407,"#",,,3045,1659598,,12153,385490.69,,413,8964.82,,14654,1900864.76,,957,153188.75,,14963,1966643.88,,648,87409.63,,,,,,,,,,,427,4090.78,199,*,,,*,,72.713114754098,,,,,207,159,,0,352,,0,11,310,56,0.98542165278016
1396067674,Wing,Peter,C,PHARM.D.,I,9 E Grand St,,Palatine Bridge,NY,36,13428,7,"Small town core: primary flow within an urban cluster of 2,500 to 9,999",US,Pharmacist,NPPES-Taxonomy,26,26,4686.44,26,25,"#",,,,,"#",,,26,4686.44,,0,0,,0,0,"#",,,*,,,*,,,"#",,,0,0,0,0,0,0,0,0,0,,0,0,0,*,,,*,,73.32,,,,,,,22,,0,0,0,,,,0.76104
1396078127,Chen,Helen,H,D.O.,I,13527 38th Ave Fl 2,,Flushing,NY,36,11354,1,"Metropolitan area core: primary flow within an urbanized area of 50,000 and greater",US,Family Practice,Claim-Specialty,4713,7998.0666666667,687407.69,233587,268,,4444,7565.1333333333,602011.01,221017,,254,,858,598766.59,,3736,83285.67,,119,5355.43,,4198,597484,,515,89923.69,,3900,620665.77,,813,66741.92,,,,,,,,,,,39,497.3,33,*,,,*,,73.682835820896,14,152,70,32,150,118,11,,232,14,0,,184,84,1.0702600950126
1396078911,Rubinshteyn,Alina,,PHARM D.,I,3155 Amboy Rd,,Staten Island,NY,36,10306,1,"Metropolitan area core: primary flow within an urbanized area of 50,000 and greater",US,Pharmacist,NPPES-Taxonomy,62,62,11066.37,62,51,"#",,,,,"#",,,62,11066.37,,0,0,,0,0,,16,2895.01,,46,8171.36,*,,,"#",,,0,0,0,0,0,0,0,0,0,,0,0,0,*,,,*,,74.039215686275,,,,,32,19,46,0,,,0,,,,1.1725655125979
1396090411,Giterman,Igor,,M.D.,I,4771 Hylan Blvd,,Staten Island,NY,36,10312,1,"Metropolitan area core: primary flow within an urbanized area of 50,000 and greater",US,Family Practice,Claim-Specialty,10321,26197.666666667,1264756.45,776370,745,,9056,23672.1,1024668.97,701824,,670,,1237,990208.06,,8963,268411.2,,121,6137.19,,6695,888802.8,,3626,375953.65,,2505,416537.38,,7816,848219.07,71,463.66,979,23,0.68791783741885,,,,,,83,776.22,60,,32,1034.41,,11,74.523489932886,75,311,228,131,423,322,592,40,35,45,0,33,146,599,1.2543259831462
1396190450,Carpenter,Joshua,L,P.A.C.,I,40 La Riviere Dr Ste 201,,Buffalo,NY,36,14202,1,"Metropolitan area core: primary flow within an urbanized area of 50,000 and greater",US,Physician Assistant,Claim-Specialty,16014,18235.366666667,777434.4,414082,385,,14789,16836.366666667,702873.52,385021,,362,,1829,574408.96,,14008,193879.94,,177,9145.5,,10414,463821.06,,5600,313613.34,,9884,476625.29,,6130,300809.11,370,16673.85,10270,64,2.31047833146,60,8660.2,1760,,16.216216216216,220,3464.14,138,,182,2389.69,,22,81.792207792208,23,79,102,181,280,105,336,32,,,0,,172,213,2.4574535768227
1396320156,Ahmed,Aktar,,PHARMD.,I,3314 71st St,,Jackson Heights,NY,36,11372,1,"Metropolitan area core: primary flow within an urbanized area of 50,000 and greater",US,Pharmacist,NPPES-Taxonomy,14,14,2322.84,246,,,14,14,2322.84,246,*,,,14,2322.84,,0,0,,0,0,"#",,,*,,,"#",,,*,,,0,0,0,,0,0,0,0,,,0,0,,,0,0,*,,73.2,,,,,,,,,,,,,,,1.2206
1396340915,Li,Jie,,FNP,I,837 59th St,,Brooklyn,NY,36,11220,1,"Metropolitan area core: primary flow within an urbanized area of 50,000 and greater",US,Nurse Practitioner,NPPES-Specialty,6773,7642.7333333333,1118337.4,222343,700,,6584,7448.4,1087807.46,216746,,680,,1568,868612.49,,5120,248290.7,,85,1434.21,,6256,1047476.04,,517,70861.36,,6687,1116192.16,,86,2145.24,,,,,,,,,,,68,1039.41,59,*,,,*,,72.042857142857,20,497,129,54,346,354,,,681,,0,,669,31,0.98594438495061
1396363180,Soliman,Olivia,A,RPH,I,16 Route 59,,Nyack,NY,36,10960,1,"Metropolitan area core: primary flow within an urbanized area of 50,000 and greater",US,Pharmacist,NPPES-Taxonomy,21,21,3789.8,21,21,"#",,,,,"#",,,21,3789.8,,0,0,,0,0,*,,,"#",,,*,,,"#",,,0,0,0,0,0,0,0,0,0,,0,0,0,*,,,*,,71.238095238095,,,,,,,17,,,0,0,,,,0.55942857142857
1396737755,Chasky,Dean,C,M.D.,I,18005 Hillside Ave,,Jamaica,NY,36,11432,1,"Metropolitan area core: primary flow within an urbanized area of 50,000 and greater",US,Internal Medicine,Claim-Specialty,7437,18021,824913.71,533136,750,,6997,16967.566666667,765438.93,501743,,704,,1071,649395.02,,6197,164794.92,,169,10723.77,,5214,598101.8,,2223,226811.91,,2712,377202.51,,4725,447711.2,16,580.38,318,,0.21514051364798,,,,,,77,419.3,62,*,,,*,,75.26,46,330,257,117,436,314,,478,69,92,,65,227,523,1.3243090161352
1396743407,Freeman,Michael,J,DO,I,2 Titus Pl,,Walton,NY,36,13856,7,"Small town core: primary flow within an urban cluster of 2,500 to 9,999",US,Family Practice,Claim-Specialty,10974,22840.1,1516539.72,660455,716,,8469,18430.066666667,1246749.98,535423,,586,,1796,1229071.01,,9048,279573.73,,130,7894.98,,6839,978224.63,,4135,538315.09,,4298,713159.71,,6676,803380.01,563,22945.62,14683,111,5.130308000729,67,10763.55,2010,,11.90053285968,344,8498.96,188,,53,34075,,18,71.972067039106,130,273,229,84,346,370,679,,0,18,,11,210,506,1.1300340705032
1396746087,Asante,Baah,,MD,I,3130 Grand Concourse Ste 1k,,Bronx,NY,36,10458,1,"Metropolitan area core: primary flow within an urbanized area of 50,000 and greater",US,Pediatric Medicine,NPPES-Specialty,152,155.8,28175.17,501,118,,129,132.8,24058.9,440,,100,,146,27762.17,*,,,"#",,,,75,14176.11,,77,13999.06,,55,10420.9,,97,17754.27,0,0,0,0,0,0,0,0,0,,,,,,0,0,,0,74.161016949153,18,43,41,16,66,52,64,14,,28,0,,43,75,1.1092427841923
1396761763,Nave,Dennis,J,MD,I,5586 Legionnaire Dr,,Cicero,NY,36,13039,1,"Metropolitan area core: primary flow within an urbanized area of 50,000 and greater",US,Family Practice,Claim-Specialty,14386,32440.9,1750335.32,948648,1395,,13243,30158.433333333,1589471.92,882382,,1296,,1973,1418783.38,,12242,321857.34,,171,9694.6,,8728,1034164.53,,5658,716170.79,,2106,190126.84,,12280,1560208.48,151,1627.62,2865,42,1.0496315862644,,,,,,390,3872.06,204,,93,1287.19,,22,74.612903225806,99,619,480,197,766,629,1313,22,,,0,41,138,1257,1.0483196533422
1396793113,Vaysman,Alexander,,M.D,I,493 Beach 20 Street,,Far Rockaway,NY,36,11691,1,"Metropolitan area core: primary flow within an urbanized area of 50,000 and greater",US,Internal Medicine,Claim-Specialty,17302,31201.2,1837138.48,903731,776,,13517,24927.333333333,1347606.25,724037,,599,,2616,1403825.1,,14207,418768.89,,479,14544.49,,11651,1264218.41,,5651,572920.07,,14492,1679826.93,,2810,157311.55,42,557.86,1227,,0.24274650329442,0,0,0,,0,494,4491.9,282,,61,2443.96,,17,70.35824742268,177,323,210,66,453,323,163,289,,256,,44,546,230,1.4722165973085
1396800454,Barber,David,,MD,I,7 Bridge St,,Phoenix,NY,36,13135,1,"Metropolitan area core: primary flow within an urbanized area of 50,000 and greater",US,Internal Medicine,NPPES-Specialty,11674,20783.066666667,1143506.86,597616,548,,9449,17599.266666667,958581.26,508544,,465,,1710,942112.61,,9776,191982.14,,188,9412.11,,7628,747198.91,,4046,396307.95,,4236,418674.68,,7438,724832.18,347,11312.89,8982,61,2.9724173376735,26,1384.58,765,,7.492795389049,251,5279.17,137,,50,967.65,*,,71.706204379562,83,257,170,38,308,240,525,0,,,,15,128,420,1.1002874765399
1396849071,Kurtz,Arthur,S,MD,I,16 Roosevelt Ave,,Port Jefferson Station,NY,36,11776,1,"Metropolitan area core: primary flow within an urbanized area of 50,000 and greater",US,Internal Medicine,NPPES-Specialty,332,338.66666666667,26816.86,8080,79,,74,74.666666666667,7054.43,1691,,27,,54,19522.78,,278,7294.08,,0,0,*,,,"#",,,,295,20297.06,,37,6519.8,0,0,0,0,0,0,0,0,0,,11,220.96,,,0,0,,0,57.379746835443,52,12,,,36,43,64,,0,,0,,54,25,1.1013691983122
1396850061,Mirro,Elizabeth,,MD,I,30 Newbridge Rd,Suite 200,East Meadow,NY,36,11554,1,"Metropolitan area core: primary flow within an urbanized area of 50,000 and greater",US,Internal Medicine,Claim-Specialty,2675,6394.3,236443.8,186048,450,,2598,6235.1,232437.45,181323,,434,,257,170743.41,,2406,65326.44,,12,373.95,,438,85987.14,,2237,150456.66,,165,56082.15,,2510,180361.65,29,1119.4,533,15,1.0841121495327,,,,,,82,1044.14,65,*,,,*,,74.633333333333,16,244,124,66,349,101,393,16,11,,,21,28,422,0.86336492298804
1396917209,Tung,Chungfai,,M.D.,I,120 E Broadway,5th Floor,New York,NY,36,10002,1,"Metropolitan area core: primary flow within an urbanized area of 50,000 and greater",US,Internal Medicine,Claim-Specialty,8696,16186.833333333,1125585.26,478208,327,,8616,16098.166666667,1124287.67,475628,"#",,,1202,879675.45,,7357,243044.5,,137,2865.31,,8269,1052901.84,,427,72683.42,,8272,1086346.48,,424,39238.78,,,,,,,,,,,40,416.91,30,,25,246.94,*,,73.015290519878,,,,,175,152,,0,324,0,0,,292,35,1.0570595667945
1396931085,Shao,Xiyun,,M.D.,I,13633 37th Ave,Suite 6a,Flushing,NY,36,11354,1,"Metropolitan area core: primary flow within an urbanized area of 50,000 and greater",US,Internal Medicine,Claim-Specialty,8853,11201.4,1168647.73,319940,233,,8807,11155.4,1167556.41,318670,"#",,,1841,989020.77,,6835,174324.83,,177,5302.13,,8147,1088871.78,,706,79775.95,,8498,1110926.73,,355,57721,,,,,,,,,,,210,2290.25,110,,36,1287.53,*,,75.49356223176,,,,,130,103,,,215,,0,,210,23,1.2445897481488
1396959987,Mcnamara,Kristen,A,MD.,I,4104 Medical Center Dr,Suite 104,Fayetteville,NY,36,13066,1,"Metropolitan area core: primary flow within an urbanized area of 50,000 and greater",US,Family Practice,Claim-Specialty,3045,6191.9666666667,387677.56,179939,347,,2503,5325.2666666667,287899.58,154885,,288,,456,326985.99,,2558,59856.29,,31,835.28,,1910,203778.03,,1135,183899.53,,778,128283.41,,2267,259394.15,39,1333.24,724,17,1.2807881773399,,,,,,65,771.33,50,*,,,*,,71.544668587896,59,154,93,41,214,133,294,32,,,,15,79,268,1.0052223823247
1396994018,Liang,Celia,,DO,I,6238 Dieterle Cres,,Rego Park,NY,36,11374,1,"Metropolitan area core: primary flow within an urbanized area of 50,000 and greater",US,Family Practice,Claim-Specialty,9385,13114.1,1586903.39,383924,482,,8936,12487.966666667,1507930.6,365700,,458,,2261,1402276.55,,6993,181056.28,,131,3570.56,,8420,1377951.81,,965,208951.58,,8190,1466369.9,,1195,120533.49,17,501.04,423,,0.18114011720831,0,0,0,,0,74,936.18,63,,17,417.34,*,,72.01867219917,24,314,106,38,279,203,,,432,20,0,13,385,97,1.1587754548225
1407055734,Portuese,Thomas,G,MD,I,100 Broad St,,Glens Falls,NY,36,12801,1,"Metropolitan area core: primary flow within an urbanized area of 50,000 and greater",US,Family Practice,Claim-Specialty,5413,10494.766666667,737100.93,299871,547,,3347,6777.6,362211.94,194617,,375,,744,596325.71,,4572,136585.13,,97,4190.09,,3822,503570.28,,1591,233530.65,,3599,556264.9,,1814,180836.03,420,24953.64,10665,91,7.7590984666544,37,14354.15,1025,,8.8095238095238,107,1185.78,83,,0,0,,0,67.208409506399,172,215,125,35,278,269,517,,,,,11,251,296,1.2075854644158
1407138639,Gupta,Nidhi,,M.D,I,"Suny @ Stony Brook, Dept Of Neurology",Health Science Center T12-020,Stony Brook,NY,36,11794,1,"Metropolitan area core: primary flow within an urbanized area of 50,000 and greater",US,Neurology,Claim-Specialty,1348,2701.1666666667,527324.09,78578,341,,1014,2147.8333333333,372283.97,63051,,302,"#",,,,1197,101894.35,*,,,,1323,451354.45,,25,75969.64,,394,216756.8,,954,310567.29,,,,,,,,,,,0,0,0,*,,,*,,73.351906158358,39,152,115,35,197,144,124,154,33,19,0,11,56,285,1.3612324291939
1407142052,Kong,Steven,,,I,210 E 2nd St,,Brooklyn,NY,36,11218,1,"Metropolitan area core: primary flow within an urbanized area of 50,000 and greater",US,Physician Assistant,NPPES-Specialty,29117,35857.166666667,10169292.89,1049848,433,,28301,34816.966666667,9951545.14,1019374,,418,,9923,6832943.51,,18483,3323396.86,,711,12952.52,,28581,10025426.26,,536,143866.63,,29059,10128665.37,,58,40627.52,,,,,,,,,,,420,68124.94,210,,34,1690.08,*,,71.461893764434,15,315,79,24,229,204,,0,431,0,0,,,,0.97427452778227
1407186414,Lu,Thuy,P,M.D.,I,8701 Shore Rd,Apartment 413,Brooklyn,NY,36,11209,1,"Metropolitan area core: primary flow within an urbanized area of 50,000 and greater",US,Internal Medicine,Claim-Specialty,3662,9693.5666666667,160385.43,284076,846,,3559,9426.1,158657.41,276474,,817,,362,91268.2,,3233,67693.229999999,,67,1424,,3647,158357.64,,15,2027.79,,471,18087.21,,3191,142298.22,55,799.35,1093,37,1.5019115237575,,,,,,58,2582.11,49,*,,,*,,75.456264775414,29,393,303,121,544,302,356,175,141,130,0,44,106,740,1.2214093206967
1407801798,Clerk,Harnath,B,MD,I,2610 William St,,Newfane,NY,36,14108,2,"Metropolitan area high commuting: primary flow 30% or more to a urbanized area of 50,000 and greater",US,Internal Medicine,Claim-Specialty,54870,73204.666666667,3064222.5,1517772,1300,,49216,65281.833333333,2681391.21,1312222,,1180,,6691,2231374.11,,47730,809009.23,,449,23839.16,,32557,1711918.15,,22313,1352304.35,,33637,1525706.7,,21233,1538515.8,1161,38574.44,23855,260,2.1159103335156,152,20268.74,3781,18,13.092161929371,1242,31107.4,511,,1031,89532.32,,97,75.953076923077,120,486,433,261,767,533,1221,29,14,,,26,431,869,1.7865636285047
1407855679,Handley,Johanna,,M.D.,I,535 Main St,,Olean,NY,36,14760,4,"Micropolitan area core: primary flow within an urban cluster of 10,000 to 49,999",US,Family Practice,Claim-Specialty,7484,17646.6,250216.57,506482,1497,,7012,16631.1,237169.23,477760,,1378,,587,111572.03,,6764,135461.9,,133,3182.64,,7448,249664.58,,36,551.99,,727,30720.22,,6757,219496.35,400,8158.36,8540,155,5.3447354355959,19,1134.27,491,,4.75,338,3492.16,253,*,,,*,,73.309953239813,119,740,480,158,939,558,988,83,69,327,,,185,1312,1.3597556055972
1407883457,Plansky,Bernard,J,M.D.,I,61f Monroe Ave.,,Pittsford,NY,36,14534,1,"Metropolitan area core: primary flow within an urbanized area of 50,000 and greater",US,Family Practice,Claim-Specialty,4403,9661.1333333333,293045.06,281298,275,,4139,9222.1333333333,286212.92,268610,,258,,357,177390.74,,3981,114395.12,,65,1259.2,,3801,205288.47,,602,87756.59,,433,25711.38,,3970,267333.68,158,18147.64,4724,23,3.5884624119918,37,14029.32,1071,,23.417721518987,101,1650.64,60,,17,3519.89,*,,73.592727272727,17,138,96,24,148,127,245,,,,0,18,22,253,1.0393725757314
1407896152,Dempsey,George,P,M.D.,I,200 Pantigo Pl,Suite I,East Hampton,NY,36,11937,4.1,"Secondary flow 30% to <50% to a urbanized area of 50,000 and greater",US,Family Practice,Claim-Specialty,3742,6899.9333333333,499026.73,198536,366,,3590,6655.9333333333,489780.97,192130,,347,,605,414336.36,,3095,79063.49,,42,5626.88,,846,101937.22,,2896,397089.51,,1042,155064.35,,2700,343962.38,106,2602.01,1957,21,2.8327097808658,32,1988.35,798,,30.188679245283,76,1318.24,55,,67,9214.29,*,,74.841530054645,19,162,142,43,181,185,292,12,,42,,16,80,286,1.1402846709997
1407919145,Shen,Kuan,H,M.D.,I,139 Centre St,Suite 709,New York,NY,36,10013,1,"Metropolitan area core: primary flow within an urbanized area of 50,000 and greater",US,Internal Medicine,Claim-Specialty,16979,29820.5,2340554.69,884995,1007,,16469,29093.1,2231949.15,863585,,977,,3160,2007393.62,,13589,326903.37,,230,6257.7,,15164,2068354.71,,1815,272199.98,,15842,2285442.44,,1137,55112.25,,,,,,,,,,,62,1311.34,55,*,,,*,,74.180734856008,30,560,316,101,549,458,,,970,,0,17,876,131,1.1009172386016
1407935802,Carpenter,Margaret,D,MD,I,1156 Old Ford Rd,,New Paltz,NY,36,12561,1,"Metropolitan area core: primary flow within an urbanized area of 50,000 and greater",US,Family Practice,Claim-Specialty,439,718.6,68232.74,18404,91,,314,484.6,53975.92,11846,"#",,"#",,,,308,18529.29,*,,,,160,32020.5,,279,36212.24,,227,42909.74,,212,25323,57,1813.02,1658,,12.984054669704,33,1477.1,990,,57.894736842105,11,251.2,,*,,,*,,75.725274725275,,,,,52,39,81,0,,,0,,16,75,1.086576007326
1407965346,Heppard,Brian,,M.D.,I,1500 Portland Ave,,Rochester,NY,36,14621,1,"Metropolitan area core: primary flow within an urbanized area of 50,000 and greater",US,Family Practice,Claim-Specialty,3664,5500.2,283664.91,150475,318,"#",,,,,"#",,,565,205889.14,,3046,75700.09,,53,2075.68,,2691,186985.52,,973,96679.39,,998,58437.68,,2666,225227.23,202,4789.93,4451,55,5.5131004366812,36,3113.55,1024,,17.821782178218,75,592.32,48,*,,,*,,87.081761006289,,,,,234,84,300,,,,0,,99,219,1.5849175555906
1407965510,Mcguire,John,F,MD,I,53 W Main St,,Victor,NY,36,14564,1,"Metropolitan area core: primary flow within an urbanized area of 50,000 and greater",US,Family Practice,Claim-Specialty,3060,6799.3,137295.43,198860,399,,2850,6448.3,128069.13,188640,,376,,262,88024.94,,2772,48568.07,,26,702.42,,2310,96321.42,,750,40974.01,,454,17591.22,,2606,119704.21,,,,,,,,,,,65,299.25,47,,0,0,,0,74.205513784461,23,186,152,38,204,195,364,0,,,0,27,44,355,0.96327766844504
1417016221,Chen,Yuchun,,MD,I,13633 37th Ave,Suite 6a,Flushing,NY,36,11354,1,"Metropolitan area core: primary flow within an urbanized area of 50,000 and greater",US,Internal Medicine,Claim-Specialty,5432,6043.1666666667,582954.52,171665,188,,5243,5850.0333333333,556317.21,166132,"#",,,1038,493700.14,,4290,86416.94,,104,2837.44,,5367,578870.99,,65,4083.53,,5091,556436.82,,341,26517.7,,,,,,,,,,,110,787.39,65,,0,0,*,,73.771276595745,,,,,92,96,,,172,,0,,164,24,1.1123136895801
1417047200,Velazquez,Belinda,M,M.D.,I,60 Gramercy Park N Ste 1m,,New York,NY,36,10010,1,"Metropolitan area core: primary flow within an urbanized area of 50,000 and greater",US,Infectious Disease,Claim-Specialty,11376,23611.666666667,2994852.92,692613,597,,10098,21144.333333333,2442056.76,620522,,537,,1998,2696748.03,,9151,290743.46,,227,7361.43,,9493,2508901.27,,1883,485951.65,,8649,2412303.68,,2727,582549.24,104,2023.29,2989,15,0.91420534458509,0,0,0,0,0,197,175503.65,120,,56,10414.83,,12,74.209380234506,60,246,219,72,436,161,51,34,,501,0,,373,224,1.2206274673094
1417049727,Liakeas,George,P,M.D.,I,139 E 57th St,8th Floor,New York,NY,36,10022,1,"Metropolitan area core: primary flow within an urbanized area of 50,000 and greater",US,Family Practice,Claim-Specialty,2324,4331.2,258179.07,121653,324,,2086,4000.2,226251.9,112463,,301,,414,183821.62,,1875,73385.27,,35,972.18,,785,77682.9,,1539,180496.17,,214,35085.77,,2110,223093.3,38,849.07,770,,1.6351118760757,,,,,,86,3505.15,55,*,,,*,,73.317901234568,23,166,103,32,189,135,222,31,,33,,27,45,279,0.84707025210293
1417053240,Wu,Lih Lih,,MD,I,6018 7th Ave,,Brooklyn,NY,36,11220,1,"Metropolitan area core: primary flow within an urbanized area of 50,000 and greater",US,Internal Medicine,Claim-Specialty,3216,5489.3333333333,369213.11,156811,152,,3047,5182.6333333333,320913.93,148292,"#",,,532,298939.18,,2600,68718.81,,84,1555.12,,3125,355994.6,,91,13218.51,,3151,368516.81,,65,696.3,,,,,,,,,,,84,828.24,53,,0,0,*,,69.934210526316,,,,,78,74,,,142,,0,,,,1.0279384016646
1417102658,Daniel,Cary,,M.D,I,2316 Nostrand Ave,,Brooklyn,NY,36,11210,1,"Metropolitan area core: primary flow within an urbanized area of 50,000 and greater",US,Internal Medicine,Claim-Specialty,9331,21588.033333333,1416240.95,638127,813,,8433,19693.8,1246726.92,582733,,739,,1445,1182323.8,,7673,220355.62,,213,13561.53,,7178,1149673.88,,2153,266567.07,,5700,1070176.4,,3631,346064.55,19,54.84,279,13,0.20362233415497,0,0,0,0,0,98,1434.99,80,,14,1047.37,*,,73.046740467405,74,392,267,80,546,267,17,682,,42,,65,365,448,1.0971208128503
1417102849,Ehtesham,Nadira,I,,I,115 Dreiser Loop,Area C,Bronx,NY,36,10475,1,"Metropolitan area core: primary flow within an urbanized area of 50,000 and greater",US,Internal Medicine,Claim-Specialty,7614,17217.966666667,913159.42,512265,799,,6781,15638.2,737286.97,465798,,729,,1125,760370.75,,6269,146829.26,,220,5959.41,,5457,667108.9,,2157,246050.52,,3011,435320.34,,4603,477839.08,0,0,0,0,0,0,0,0,0,,21,220.02,20,*,,,*,,74.917396745932,70,334,280,115,599,200,59,421,,262,,28,259,540,1.4094291213195
1417149030,Fears,Melissa,,M.D.,I,2257 Adam Clayton Powell Jr Blvd,,New York,NY,36,10027,1,"Metropolitan area core: primary flow within an urbanized area of 50,000 and greater",US,Internal Medicine,Claim-Specialty,3056,6609.8333333333,470420.02,194111,401,,2691,5880.7666666667,438382.59,173162,,347,,468,377647.43,,2508,88385.34,,80,4387.25,,2412,388294.88,,644,82125.14,,2171,380342.81,,885,90077.21,21,246.33,469,12,0.68717277486911,0,0,0,0,0,48,506.32,40,*,,,*,,72.334164588529,54,174,146,27,234,167,,309,,62,,14,268,133,1.7124587955516
1417176694,Andersen,Eva,E,NP,I,180 Marble Ave,,Pleasantville,NY,36,10570,1,"Metropolitan area core: primary flow within an urbanized area of 50,000 and greater",US,Nurse Practitioner,NPPES-Specialty,1728,1873,226871.2,53728,116,,1728,1873,226871.2,53728,,116,,376,203063.04,,1331,22198.44,,21,1609.72,*,,,"#",,,,254,25121.34,,1474,201749.86,,,,,,,,,,,30,839.8,13,*,,,*,,83.827586206897,0,16,43,57,0,116,108,0,,,0,,12,104,1.5719694315435
1417203456,Yeung,Joyce,M,NP,I,5517 7th Ave,"#1",Brooklyn,NY,36,11220,1,"Metropolitan area core: primary flow within an urbanized area of 50,000 and greater",US,Nurse Practitioner,NPPES-Specialty,15669,20613.233333333,4307846.08,604466,777,,15510,20445.233333333,4263080.5,599670,,765,,5832,3963683.72,,9525,337324.62,,312,6837.74,,14613,3967663.49,,1056,340182.59,,15506,4298044.37,,163,9801.71,0,0,0,0,0,0,0,0,0,,122,852.32,111,,11,137.48,*,,72.849420849421,12,508,200,57,415,362,0,,768,,0,,743,34,1.0550159596783
1417242413,Rizkalla,Jessica,E,PA-C,I,155 Crystal Run Rd,,Middletown,NY,36,10941,1,"Metropolitan area core: primary flow within an urbanized area of 50,000 and greater",US,Physician Assistant,Claim-Specialty,238,238,25155.79,1116,190,,219,219,23837.09,995,,174,,138,23986.9,,86,1040.09,,14,128.8,,55,4645.21,,183,20510.58,,37,2113.36,,201,23042.43,0,0,0,0,0,0,0,0,0,,51,685.4,48,,0,0,,0,72.578947368421,16,102,58,14,108,82,157,,,11,0,,30,160,0.9739
1417276965,Sapovits,John,D,NP,I,127 E State St,,Gloversville,NY,36,12078,4,"Micropolitan area core: primary flow within an urban cluster of 10,000 to 49,999",US,Nurse Practitioner,Claim-Specialty,4515,4736.6333333333,316459.65,130460,187,,2318,2436.6333333333,183316.18,65643,,110,,449,201167.11,,4033,114460.73,,33,831.81,,69,1338.75,,4446,315120.9,,4468,315556.41,,47,903.24,,,,,,,,,,,156,3634.23,58,,36,2040.2,*,,65.048128342246,77,63,34,13,89,98,163,15,,,0,,158,29,1.6425748663102
1417301375,Yao,Yuan,,,I,833 58th St,,Brooklyn,NY,36,11220,1,"Metropolitan area core: primary flow within an urbanized area of 50,000 and greater",US,Internal Medicine,Claim-Specialty,6856,11978.9,1610511.73,345887,494,,6766,11830.233333333,1594127.73,341830,,477,,1749,1370981.54,,5008,237486.8,,99,2043.39,,6140,1449309.5,,716,161202.23,,6754,1607734.92,,102,2776.81,,,,,,,,,,,77,779.75,52,*,,,*,,72.858299595142,17,318,108,51,248,246,,,480,,0,,469,25,1.0322132035589
1417366642,Gallerani,Megan,,,I,4038 West Rd,,Cortland,NY,36,13045,4,"Micropolitan area core: primary flow within an urban cluster of 10,000 to 49,999",US,Physician Assistant,Claim-Specialty,2393,4975.9,257088.09,143733,444,,2173,4619.8333333333,236607.8,133581,,398,,300,206005.79,,2068,50625.32,,25,456.98,,1322,144731.39,,1071,112356.7,,259,37884.52,,2134,219203.57,40,278.8,679,22,1.6715419974927,0,0,0,0,0,61,667.62,45,*,,,*,,73.617117117117,46,208,129,61,246,198,430,,0,,0,,49,395,1.1977976819529
1417454182,Vera,Kenneth,,MD,I,160 W 26th St Fl 3,,New York,NY,36,10001,1,"Metropolitan area core: primary flow within an urbanized area of 50,000 and greater",US,Internal Medicine,Claim-Specialty,1629,3247.1666666667,262769.8,94273,228,,1425,2830.3666666667,218249.69,82041,,201,,245,224622.58,,1366,37612.25,,18,534.97,,940,121512.72,,689,141257.08,,1007,199175.35,,622,63594.45,12,1469.74,222,,0.73664825046041,0,0,0,,0,27,397.84,21,*,,,*,,71.736842105263,27,122,58,21,102,126,120,22,,68,,15,97,131,1.324397491892
1417912031,Chan,Melissa,M,M.D.,I,139 Centre Street,Suite Ph 104,New York,NY,36,10013,1,"Metropolitan area core: primary flow within an urbanized area of 50,000 and greater",US,Internal Medicine,Claim-Specialty,9532,18825.833333333,2568492.04,556464,382,,9061,17936.666666667,2437107,530262,,362,,2504,2270053.01,,6755,291468.79,,273,6970.24,,7275,1872163.59,,2257,696328.45,,8488,2400010.38,,1044,168481.66,,,,,,,,,,,70,1283.85,55,,23,8262.84,*,,75.403141361257,20,188,101,73,280,102,13,19,307,21,0,22,278,104,1.1638697738944
1417914029,Cohen,Scott,A,M.D.,I,1 Atwell Rd,,Cooperstown,NY,36,13326,10,"Rural areas: primary flow to a tract outside a urbanized area of 50,000 and greater or UC",US,Family Practice,Claim-Specialty,2131,4491.9666666667,229520.79,131995,210,,1933,4058.3666666667,194187.12,119272,,190,,434,194966.63,,1683,34296.24,,14,257.92,,1133,110016.22,,998,119504.57,,411,48269.36,,1720,181251.43,17,100.73,156,,0.7977475363679,0,0,0,,0,,,,,0,0,,0,73.614285714286,20,95,71,24,94,116,198,0,,,0,,29,181,0.97716932171691
1417949421,Dave,Hirendra,J,MD,I,110 Lockwood Ave,Suite 202,New Rochelle,NY,36,10801,1,"Metropolitan area core: primary flow within an urbanized area of 50,000 and greater",US,Family Practice,Claim-Specialty,6806,11520.6,883891.18,315359,398,,6180,10616.6,809213.97,290541,,362,,1088,717645.36,,5635,162405.32,,83,3840.5,,1964,253963.02,,4842,629928.16,,4218,461612.51,,2588,422278.67,67,769.87,1464,24,0.98442550690567,0,0,0,0,0,265,17754,135,,130,9834.72,,15,76.492462311558,36,135,136,91,256,142,144,124,50,47,0,33,166,232,1.7026650011371
1417952052,Weiss,Jonathan,R,"MD, FCCP",I,518 Broadway,,Monticello,NY,36,12701,7,"Small town core: primary flow within an urban cluster of 2,500 to 9,999",US,Pulmonary Disease,Claim-Specialty,8044,17486,979140.1,506586,574,,7457,16320.066666667,886998.18,472272,,527,,1259,772544.38,,6730,204858.34,,55,1737.38,,2578,366887.31,,5466,612252.79,,3226,426930.96,,4818,552209.14,209,8234.86,3807,41,2.5982098458478,11,1491.97,315,,5.2631578947368,104,1506.53,54,,53,887.29,*,,74.836236933798,47,233,216,78,301,273,468,41,,40,,20,150,424,1.3199263286945
1417987694,Tota-Thurn,Catherine,,D.O.,I,30 N Union Rd,,Williamsville,NY,36,14221,1,"Metropolitan area core: primary flow within an urbanized area of 50,000 and greater",US,Family Practice,Claim-Specialty,5652,14095.9,335015.52,417413,612,,5442,13626.7,327373.29,403672,,584,,596,219451.11,,5003,113064.81,,53,2499.6,,4471,244289.61,,1181,90725.91,,667,34080.29,,4985,300935.23,27,232.18,508,,0.47770700636943,0,0,0,,0,66,407.23,54,*,,,*,,73.351307189542,28,355,173,56,515,97,563,22,,,0,17,60,552,0.96487888071895
1417993932,Bellot,Victoria,,MD,I,7901 Broadway,Broadway Dialysis Center D-7 Wing,Elmhurst,NY,36,11373,1,"Metropolitan area core: primary flow within an urbanized area of 50,000 and greater",US,Nephrology,Claim-Specialty,5134,10420.466666667,1766905.47,305954,486,,4593,9460.8333333333,1613688.34,277793,,452,,1329,1593852.4,,3703,169321.35,,102,3731.72,,3155,1251270.52,,1979,515634.95,,4232,1623229,,902,143676.47,,,,,,,,,,,89,768.41,66,*,,,*,,74.777777777778,34,216,167,69,222,264,94,61,76,217,0,38,324,162,2.5041281917766
1427004522,Neifeld,Gary,L,MD,I,241 North Rd,,Poughkeepsie,NY,36,12601,1,"Metropolitan area core: primary flow within an urbanized area of 50,000 and greater",US,Emergency Medicine,Claim-Specialty,3498,3541.5,589265.33,6907,2521,,3251,3294.5,547297.4,6556,,2359,,3354,587502.39,"#",,,*,,,,1314,216840.41,,2184,372424.92,,496,85739.54,,3002,503525.79,0,0,0,0,0,0,0,0,0,,59,483.79,53,*,,,*,,72.678302261008,162,1435,756,168,1425,1096,2121,97,,125,,118,304,2217,0.86954043596682
1427030097,Sumner,Jonathan,H,M.D.,I,30 Hempstead Ave,Suite H 8,Rockville Centre,NY,36,11570,1,"Metropolitan area core: primary flow within an urbanized area of 50,000 and greater",US,Internal Medicine,Claim-Specialty,467,911,33722.37,25192,127,,369,737,31201.18,20155,,112,"#",,,,375,5563.76,*,,,,301,16493.13,,166,17229.24,,230,12795.24,,237,20927.13,0,0,0,0,0,0,0,0,0,,,,,*,,,*,,72.889763779528,15,57,43,12,71,56,60,49,0,,0,,47,80,1.2691853823332
1427033349,Margie,Walter,E,M.D.,I,16 Brentwood Dr,,Ithaca,NY,36,14850,1,"Metropolitan area core: primary flow within an urbanized area of 50,000 and greater",US,Internal Medicine,Claim-Specialty,5744,13064.166666667,642678.58,384339,658,,5301,12389.633333333,588077.86,365297,,596,,689,527791.5,,4986,111722.58,,69,3164.5,,3049,350506.85,,2695,292171.73,,1116,148675.23,,4628,494003.35,105,2518.13,1828,37,1.8279944289694,25,1714.04,279,,23.809523809524,52,1125.35,38,,12,269.18,*,,73.603343465046,62,302,228,66,306,352,570,28,21,,,33,146,512,1.0041845287734
1427046853,Cooke,John,D,M.D.,I,4435 Seneca Rd,,Trumansburg,NY,36,14886,2,"Metropolitan area high commuting: primary flow 30% or more to a urbanized area of 50,000 and greater",US,Family Practice,Claim-Specialty,3138,6865.0666666667,333328.93,201048,301,,2982,6579.8666666667,309378.06,192792,,283,,299,260574.13,,2818,72215.53,,21,539.27,,1393,144338.45,,1745,188990.48,,514,56457.66,,2624,276871.27,41,4384.79,669,15,1.3065646908859,,,,,,57,1574.2,47,*,,,*,,73.558139534884,18,160,93,30,135,166,280,0,,,0,17,43,258,0.89124927010973
1487185963,Sobieski,Rayna,J,M.D,I,130 W Tremont Ave,,Bronx,NY,36,10453,1,"Metropolitan area core: primary flow within an urbanized area of 50,000 and greater",US,Family Practice,Claim-Specialty,5941,9768.8333333333,960457.91,285903,275,,4868,8067.9,751233.4,236747,,217,,1167,814439.89,,4657,140545.77,,117,5472.25,,5341,899284.02,,600,61173.89,,5455,902816.77,,486,57641.14,77,2322.75,1886,18,1.2960781013297,,,,,,30,1105.07,18,,47,6445.32,*,,69.727272727273,58,132,65,20,179,96,11,56,17,184,,,223,52,1.2680326551647
1487192449,Wu,Meng Ting,,FNP,I,2044 86th St Fl 1,,Brooklyn,NY,36,11214,1,"Metropolitan area core: primary flow within an urbanized area of 50,000 and greater",US,Nurse Practitioner,NPPES-Specialty,3344,5059.2,409162.58,144490,478,,3229,4898.8666666667,400181.4,139911,,459,,578,330147.23,,2721,77929,,45,1086.35,,3078,393815.3,,266,15347.28,,3253,406845.57,,91,2317.01,0,0,0,0,0,0,0,0,0,,89,700.01,75,*,,,*,,71.328451882845,19,338,92,29,268,210,,,459,,0,,451,27,1.0450492507949
1487252524,Yetto,Madison,A,PHARMD,I,1556 Hertel Ave,,Buffalo,NY,36,14216,1,"Metropolitan area core: primary flow within an urbanized area of 50,000 and greater",US,Pharmacist,NPPES-Taxonomy,14,14,2289.76,14,13,*,,,,,*,,,14,2289.76,,0,0,,0,0,*,,,*,,,*,,,"#",,,0,0,0,0,0,0,0,0,0,,0,0,0,*,,,*,,68.615384615385,,,,,,,12,,,0,0,0,,,0.75607692307692
1487629622,Estill,Matthew,R,MD,I,1780 Hanshaw Rd,,Ithaca,NY,36,14850,1,"Metropolitan area core: primary flow within an urbanized area of 50,000 and greater",US,Internal Medicine,Claim-Specialty,8144,18036.166666667,1005018.52,528128,721,,6931,15927.366666667,825045.81,468063,,637,,1105,821445.69,,6943,175500.05,,96,8072.78,,4526,521335.07,,3618,483683.45,,2553,437680.95,,5591,567337.57,115,1053.85,3188,31,1.4120825147348,0,0,0,0,0,146,1633.23,99,,32,3525.2,*,,72.404993065187,84,339,237,61,307,414,646,24,13,,,32,151,570,1.052726200174
1487636874,Petracca,Anthony,,M.D.,I,3 Irongate Center,,Glens Falls,NY,36,12801,1,"Metropolitan area core: primary flow within an urbanized area of 50,000 and greater",US,Family Practice,Claim-Specialty,11856,24821.866666667,1141722.33,725870,731,,10135,22295.5,972128.93,653985,,660,,1421,908368.55,,10353,229380.47,,82,3973.31,,8676,827232.95,,3180,314489.38,,2196,241485.47,,9660,900236.86,507,51474.7,12896,87,4.2763157894737,40,32212.35,1176,,7.8895463510848,207,2351.71,127,,30,863.39,*,,73.296853625171,71,346,226,88,411,320,696,,,,,22,92,639,0.99045451384768
1487640900,Lam,Ching-Yin,,M.D.,I,8 Chatham Sq,Suite 206,New York,NY,36,10038,1,"Metropolitan area core: primary flow within an urbanized area of 50,000 and greater",US,Internal Medicine,Claim-Specialty,31665,45010.066666667,4057516.92,1318940,755,,31596,44899.066666667,4049812.93,1315793,"#",,,5718,3316951.7,,25591,728409.51,,356,12155.71,,24907,3137837.07,,6758,919679.85,,28842,3808820.63,,2823,248696.29,,,,,,,,,,,577,6987.39,355,,291,5937.73,*,,80.912582781457,,,,,462,293,,,703,,0,48,590,165,1.2540949856095
1487649919,Gliwa,Agnieszka,,MD,I,134 Greenpoint Ave,,Brooklyn,NY,36,11222,1,"Metropolitan area core: primary flow within an urbanized area of 50,000 and greater",US,Endocrinology,Claim-Specialty,10057,18838.066666667,2463902.87,555054,675,,8751,16733.9,1894458.24,493892,,591,,2707,2184833.98,,6950,250507.96,,400,28560.93,,6180,1462439.26,,3877,1001463.61,,7235,1938375.34,,2822,525527.53,110,1933.81,2109,21,1.0937655364423,0,0,0,0,0,170,2389.28,93,,74,1691.59,,18,70.89037037037,84,379,168,44,487,188,350,189,,72,,54,429,246,1.4154763081297
1487655908,Schueler,William,C,D.O.,I,30 No. Union Rd,"#102",Williamsville,NY,36,14221,1,"Metropolitan area core: primary flow within an urbanized area of 50,000 and greater",US,Family Practice,Claim-Specialty,3596,7059.1333333333,211104.14,207632,357,,3241,6523.1333333333,181055.43,191978,,336,,401,144482.85,,3172,65598.98,,23,1022.31,,2931,148168.3,,665,62935.84,,499,37340.11,,3097,173764.03,158,9196.92,4098,40,4.3937708565072,12,5304.2,356,,7.5949367088608,38,164.7,27,,0,0,,0,73.974789915966,21,183,111,42,178,179,331,,,,0,11,26,331,1.1065894755966
1487673125,Edwards,Gerald,P,MD.,I,132 1/2 Albany Street,,Cazenoviz,NY,36,13035,2,"Metropolitan area high commuting: primary flow 30% or more to a urbanized area of 50,000 and greater",US,Family Practice,Claim-Specialty,3153,7463.4,391951.28,217095,290,,2709,6560.5333333333,317239.47,191318,,259,,443,323110.11,,2643,65443.68,,67,3397.49,,2068,219844.8,,1085,172106.48,,472,84167.94,,2681,307783.34,70,20256.5,1265,24,2.2201078338091,20,19103.6,600,,28.571428571429,66,536.3,50,*,,,*,,74.01724137931,31,119,109,31,138,152,261,,,,0,21,39,251,0.92979252873563
1487727475,Ng,Hung,F,M.D.,I,109 Lafayette Street,Suite 206,New York,NY,36,10013,1,"Metropolitan area core: primary flow within an urbanized area of 50,000 and greater",US,Internal Medicine,Claim-Specialty,12454,23975.3,2035227.2,700598,550,,12344,23778.333333333,2015420.36,694962,"#",,,2365,1657465.59,,9807,366354.8,,282,11406.81,,10562,1729503.18,,1892,305724.02,,11060,1866785.9,,1394,168441.3,81,447.97,1220,45,0.65039344788823,0,0,0,0,0,272,3201.12,172,,15,96.52,*,,77.025454545455,,,,,322,228,,0,531,,0,14,431,119,1.0360538024581
1487739504,Cardinale,Jodi,L,PA-C,I,130 Center Way,,Corning,NY,36,14830,4,"Micropolitan area core: primary flow within an urban cluster of 10,000 to 49,999",US,Physician Assistant,Claim-Specialty,9415,18315.133333333,902677.35,530371,651,,5863,12925.7,548744.31,376500,,505,,1130,651203.65,,8180,243790.35,,105,7683.35,,5792,509771.73,,3623,392905.62,,4709,491320.12,,4706,411357.23,527,30053.07,12292,78,5.5974508762613,91,10960.63,2707,14,17.267552182163,210,2525.19,132,,23,2440.59,*,,70.563748079877,146,243,197,65,381,270,612,,,,0,22,207,444,1.3540734185452
1487817334,Liu,Billy,Y,PA,I,1787 W 4th St,,Brooklyn,NY,36,11223,1,"Metropolitan area core: primary flow within an urbanized area of 50,000 and greater",US,Physician Assistant,Claim-Specialty,14300,16916.066666667,1748583.97,491403,391,,9846,11905.4,1195378.85,346690,,279,,3143,1526414.62,,10700,210779.18,,457,11390.17,,13325,1626788.98,,975,121794.99,,13582,1704181.29,,718,44402.68,64,690.65,1723,16,0.44755244755245,0,0,0,0,0,257,4644.7,144,,52,532.08,,12,68.398976982097,112,176,84,19,268,123,14,49,,314,0,,340,51,1.3820585290936
1487879748,Herszenson,David,S,M.D.,I,730 Brook Ave,,Bronx,NY,36,10455,1,"Metropolitan area core: primary flow within an urbanized area of 50,000 and greater",US,Family Practice,Claim-Specialty,2097,4057.0333333333,402562.97,118679,201,,1495,3087,292036.49,90601,,155,,507,360436.19,,1530,39747.57,,60,2379.21,,1773,345863.85,,324,56699.12,,1868,374363.26,,229,28199.71,,,,,,,,,,,,,,,0,0,,0,70.55223880597,46,71,65,19,128,73,,56,,136,0,0,155,46,1.4102457057556
1497006043,Hammack,David,N,P.A.,I,4101 Medical Center Dr,,Fayetteville,NY,36,13066,1,"Metropolitan area core: primary flow within an urbanized area of 50,000 and greater",US,Physician Assistant,Claim-Specialty,13661,27597.833333333,1349075.61,804860,1656,,10214,21815.966666667,988719.7,638392,,1371,,1696,1068796.08,,11806,267756.91,,159,12522.62,,9563,921651.51,,4098,427424.1,,5828,614836.66,,7833,734238.95,422,11910.31,10832,122,3.0890857184686,23,2976.01,690,,5.4502369668246,230,4644.65,166,,56,3677.59,,18,71.045893719807,285,772,458,141,865,791,1437,127,,23,,47,456,1200,1.0382374692115
1497026553,Zhang,Jin,,D.O,I,13107 40th Rd,Ste E18,Flushing,NY,36,11354,1,"Metropolitan area core: primary flow within an urbanized area of 50,000 and greater",US,Family Practice,Claim-Specialty,1739,3179.1,220848.69,85985,206,,1685,3091.1,214153.13,83791,"#",,,269,172648.04,,1430,47620.03,,40,580.62,,1525,213884.06,,214,6964.63,,1363,197430.26,,376,23418.43,16,480.8,407,,0.92006900517539,,,,,,157,1627.84,101,*,,,*,,72.242718446602,,,,,120,86,,,168,14,0,12,143,63,0.97278353679906
1497077838,Joffee,Betty,,,I,1775 E Main St,,Mohegan Lake,NY,36,10547,1,"Metropolitan area core: primary flow within an urbanized area of 50,000 and greater",US,Pharmacist,NPPES-Taxonomy,16,16,2852.53,16,16,,16,16,2852.53,16,,16,,16,2852.53,,0,0,,0,0,*,,,"#",,,*,,,"#",,,0,0,0,0,0,0,0,0,0,,0,0,0,,0,0,,0,74.9375,0,,,,,,11,,,0,0,0,,,0.666625
1497195515,Scutaru,Jacob,,MD,I,259 Monroe Ave,,Rochester,NY,36,14607,1,"Metropolitan area core: primary flow within an urbanized area of 50,000 and greater",US,Internal Medicine,Claim-Specialty,5409,6700.7,6075540.95,193484,289,,2718,3380.3666666667,3140057.59,97518,,142,,2205,5930319.92,,3149,142788.14,,55,2432.89,,3885,3972704.58,,1524,2102836.37,,4016,4318675.06,,1393,1756865.89,97,14257.45,2641,12,1.7933074505454,20,10809.44,539,,20.618556701031,56,1832.31,18,,12,144.36,*,,62.162629757785,147,115,27,0,87,202,157,86,,41,0,,204,85,1.5616310374041
1497717441,Michaels,John,W,MD,I,8100 Oswego Rd,Suite 220,Liverpool,NY,36,13090,1,"Metropolitan area core: primary flow within an urbanized area of 50,000 and greater",US,Family Practice,Claim-Specialty,10714,23348,797790,677078,850,,9737,21742.733333333,734230.82,631361,,795,,1080,582976.41,,9511,208301.4,,123,6512.19,,7932,570030.02,,2782,227759.98,,1203,91259.05,,9511,706530.95,213,5769.09,5310,44,1.9880530147471,,,,,,479,6795.55,259,,11,480.14,*,,73.722352941176,55,422,281,92,447,403,811,,,,0,25,60,790,0.96372145909738
1497717888,Mucciarella,Rosalba,,MD,I,297 Spindrift Dr,Ste 200,Williamsville,NY,36,14221,1,"Metropolitan area core: primary flow within an urbanized area of 50,000 and greater",US,Internal Medicine,Claim-Specialty,2419,5504.5,233941.08,161549,246,,2390,5453.7,233524.75,160146,"#",,"#",,,,2060,44805.84,*,,,,1821,161918.84,,598,72022.24,,125,3857.41,,2294,230083.67,37,297.49,585,14,1.529557668458,0,0,0,0,0,30,400.94,22,,0,0,*,,75.19918699187,,,,,205,41,215,21,,0,0,,12,234,1.0177769921394
1497755904,Dhillon,Perminder,,M.D.,I,506 6th St,,Brooklyn,NY,36,11215,1,"Metropolitan area core: primary flow within an urbanized area of 50,000 and greater",US,Internal Medicine,Claim-Specialty,3945,9442.1333333333,494999.33,280181,350,,3715,8943.8666666667,472083.96,265421,,328,,505,384627.68,,3415,108967.9,,25,1403.75,,2145,294312.15,,1800,200687.18,,1708,243201.06,,2237,251798.27,11,94.35,250,,0.27883396704689,0,0,0,,0,40,804.4,36,*,,,*,,76.26,22,127,143,58,242,108,94,182,,42,,21,123,227,1.5047201554571
1497783054,Racco,Alex,,DO,I,1870 Richmond Rd,,Staten Island,NY,36,10306,1,"Metropolitan area core: primary flow within an urbanized area of 50,000 and greater",US,Internal Medicine,Claim-Specialty,21705,51280,2701312.32,1494236,1646,,20250,48369.9,2356538.57,1409734,,1536,,2880,2221803.26,,18530,469056.74,,295,10452.32,,9376,815458.97,,12329,1885853.35,,4161,851374.11,,17544,1849938.21,500,59292.74,12972,122,2.3036166781848,44,43703.53,1297,,8.8,788,18791.78,465,,74,2840.89,,21,75.811664641555,110,622,648,266,998,648,1493,13,14,78,0,48,184,1462,1.1274995324215
1497837090,Mui,Wingtat,,M.D.,I,53 Elizabeth St Rm 3b,,New York,NY,36,10013,1,"Metropolitan area core: primary flow within an urbanized area of 50,000 and greater",US,Internal Medicine,Claim-Specialty,32128,43996.3,5150943.43,1279739,1083,,30924,42422.266666667,4969437.17,1234972,,1037,,7447,4448149.97,,24024,684869.96,,657,17923.5,,27576,4434964.86,,4552,715978.57,,30510,4984186.43,,1618,166757,66,541.41,637,43,0.20542828685259,0,0,0,0,0,424,4754.48,282,,128,2629.75,,36,73.325023084026,46,655,253,129,605,478,18,,1031,,0,23,948,135,1.0836008230607
1497841860,Mustafa,Marianne,A,M.D.,I,100 Saratoga Village Blvd,Suite 34,Malta,NY,36,12020,1.1,"Secondary flow 30% to <50% to a larger urbanized area of 50,000 and greater",US,Family Practice,Claim-Specialty,14024,21504.866666667,859916.43,571288,953,,13189,20405.766666667,832671.91,543610,,898,,1841,565905.41,,12035,287801.02,,148,6210,,8323,537455.93,,5701,322460.5,,6737,370505.48,,7287,489410.95,464,14532.32,11199,108,3.3086138049059,39,3652.22,1015,11,8.4051724137931,424,8423.01,200,,181,5918.74,,32,77.210912906611,55,353,311,234,673,280,879,25,,11,,29,339,614,1.6116933901517
1497847578,Wong,Tina,,M.D.,I,762 59th St,,Brooklyn,NY,36,11220,1,"Metropolitan area core: primary flow within an urbanized area of 50,000 and greater",US,Family Practice,Claim-Specialty,14548,25439.633333333,3213398.55,744086,1014,,14242,24921.5,3143920.4,729047,,989,,3818,2764144.53,,10484,443083.01,,246,6171.01,,12755,2841348.11,,1793,372050.44,,14029,3164999.04,,519,48399.51,26,617.88,691,,0.17871872422326,,,,,,334,13659.32,245,,42,2382.68,*,,75.838264299803,25,488,303,198,616,398,,,989,,0,,932,82,1.2953237547216
1497937718,Sakach,Maria,T,PHARMD,I,4407 Military Rd,,Niagara Falls,NY,36,14305,1,"Metropolitan area core: primary flow within an urbanized area of 50,000 and greater",US,Pharmacist,NPPES-Taxonomy,44,46,7005.86,191,41,,44,46,7005.86,191,,41,,43,6998.64,*,,,"#",,,,13,1940.02,,31,5065.84,*,,,"#",,,0,0,0,0,0,0,0,0,0,,0,0,0,,0,0,,0,74.439024390244,0,22,,,19,22,37,,0,,0,,,,0.87263414634146
1497979751,Malieckal,Jubil,,MD,I,242 Dekalb Ave,,Brooklyn,NY,36,11205,1,"Metropolitan area core: primary flow within an urbanized area of 50,000 and greater",US,Internal Medicine,Claim-Specialty,3278,5020.1666666667,426863.41,147325,136,,2762,4409.0666666667,338586.14,129651,,120,,570,253244.53,,2666,171912.97,,42,1705.91,,2086,319772.54,,1192,107090.87,,1719,273946.07,,1559,152917.34,120,6546.63,3139,19,3.6607687614399,0,0,0,0,0,25,248.36,17,*,,,*,,73.955882352941,16,48,57,15,68,68,13,94,,14,0,,42,94,1.382605891048
1508048034,Sung-Monahan,Julia,,RPH,I,10 W Main St,,Smithtown,NY,36,11787,1,"Metropolitan area core: primary flow within an urbanized area of 50,000 and greater",US,Pharmacist,NPPES-Taxonomy,20,20,3589.62,20,19,,20,20,3589.62,20,,19,,20,3589.62,,0,0,,0,0,*,,,"#",,,*,,,"#",,,0,0,0,0,0,0,0,0,0,,0,0,0,,0,0,,0,74.789473684211,0,,,0,,,16,0,,0,0,,,,0.81331578947368
1508071754,Scarseth,Stephen,C,NP,I,54 Main St,,Candor,NY,36,13743,2,"Metropolitan area high commuting: primary flow 30% or more to a urbanized area of 50,000 and greater",US,Nurse Practitioner,Claim-Specialty,4160,8848.1333333333,351555.63,253047,472,,3136,6972.2,266409.41,199836,,394,,440,271649.02,,3671,77539.64,,49,2366.97,,2790,245234.39,,1370,106321.24,,1598,157469.75,,2562,194085.88,101,1157.35,2226,22,2.4278846153846,0,0,0,0,0,268,3280.82,168,,18,521.31,*,,71.451271186441,78,201,151,42,294,178,455,,0,,0,11,116,356,0.94690170533491
1508106022,Zhang,Summer,R,M.D.,I,13259 41st Rd,Suite Cb,Flushing,NY,36,11355,1,"Metropolitan area core: primary flow within an urbanized area of 50,000 and greater",US,Internal Medicine,Claim-Specialty,6459,7270.9333333333,702346.33,200774,150,,6446,7255.9333333333,701800.29,200397,"#",,,930,435893.29,,5407,264703.23,,122,1749.81,,6351,697169.92,,108,5176.41,,6280,699810.97,,179,2535.36,0,0,0,0,0,0,0,0,0,,418,4977.34,109,*,,,*,,70.506666666667,,,,,67,83,,0,147,0,0,,,,0.96559844311213
1508121484,Falen,Anne,,,I,6296 Ontario Center Rd,,Ontario,NY,36,14519,1,"Metropolitan area core: primary flow within an urbanized area of 50,000 and greater",US,Pharmacist,NPPES-Taxonomy,15,15,2581.78,102,14,,15,15,2581.78,102,,14,,15,2581.78,,0,0,,0,0,"#",,,*,,,*,,,"#",,,0,0,0,0,0,0,0,0,0,,0,0,0,,0,0,,0,70.857142857143,0,11,,,,,13,,,0,0,0,,,0.5445
1508124397,Curran,Christopher,,,I,104 Genesee St,,Oneida,NY,36,13421,4,"Micropolitan area core: primary flow within an urban cluster of 10,000 to 49,999",US,Pharmacist,NPPES-Taxonomy,32,32,5821.55,32,32,"#",,,,,"#",,,32,5821.55,,0,0,,0,0,,20,3532.84,,12,2288.71,*,,,"#",,,0,0,0,0,0,0,0,0,0,,0,0,0,*,,,*,,69.09375,,,,,20,12,28,0,,0,0,,,,0.9803038496343
1508250192,Hampson,Matthew,D,PHARMD.,I,1301 Pierce Ave,,North Tonawanda,NY,36,14120,1,"Metropolitan area core: primary flow within an urbanized area of 50,000 and greater",US,Pharmacist,NPPES-Taxonomy,17,17,3243.08,17,17,"#",,,,,"#",,,17,3243.08,,0,0,,0,0,*,,,"#",,,*,,,"#",,,0,0,0,0,0,0,0,0,0,,0,0,0,*,,,*,,71.176470588235,,,,,,,17,0,0,0,0,0,,,1.0125294117647
1508405259,Scarpa,Kacy,,,I,5225 Sheridan Dr,,Williamsville,NY,36,14221,1,"Metropolitan area core: primary flow within an urbanized area of 50,000 and greater",US,Physician Assistant,Claim-Specialty,2103,3115.1,197034.26,89238,155,,842,1318.9333333333,53106.62,37534,,84,,318,150787.31,,1770,45481.11,,15,765.84,,1712,169745.89,,391,27288.37,,1786,190433.05,,317,6601.21,87,1142.41,2119,15,4.1369472182596,,,,,,31,517.06,23,*,,,*,,64.251612903226,71,59,,,84,71,118,,12,,,,121,34,1.3229049166128
1508800491,Robillard,Kristen,S,MD,I,4855 Camp Road,Suite 100,Hamburg,NY,36,14075,1,"Metropolitan area core: primary flow within an urbanized area of 50,000 and greater",US,Family Practice,Claim-Specialty,6651,15143.633333333,830599.88,447838,695,,5948,13926.5,747321.8,412123,,635,,1004,681174.33,,5610,147523.49,,37,1902.06,,4752,551180.78,,1899,279419.1,,1404,174775.62,,5247,655824.26,104,6119.06,2917,30,1.5636746353932,39,4965.61,1290,,37.5,46,422.75,39,,40,2550.16,,11,73.621582733813,60,331,211,93,488,207,664,,,11,0,12,91,604,1.2242653600667
1508833872,Kan,Sang,,M.D.,I,19 Bowery St,"2nd Floor, Suite 8",New York,NY,36,10002,1,"Metropolitan area core: primary flow within an urbanized area of 50,000 and greater",US,Internal Medicine,Claim-Specialty,12771,20540.366666667,1946109.81,601310,869,,12483,20136.7,1909132.34,589975,,853,,2381,1634629.03,,10145,303256.56,,245,8224.22,,11297,1766865.06,,1474,179244.75,,11710,1873778.26,,1061,72331.55,,,,,,,,,,,150,1526.02,126,,78,1390.56,,18,74.981588032221,16,485,239,129,462,407,,,837,,0,17,726,143,1.0692467147145
1508885971,Perle,Kristine,E,M.D.,I,9768 Liberty Dr,,Painted Post,NY,36,14870,4,"Micropolitan area core: primary flow within an urban cluster of 10,000 to 49,999",US,Family Practice,Claim-Specialty,10991,22632,1072906.39,663872,612,,8824,19214.166666667,862527.96,564576,,532,,1316,829206.73,,9557,238951.84,,118,4747.82,,7436,657241.18,,3555,415665.21,,3762,445862.52,,7229,627043.87,379,23461.66,10367,61,3.448275862069,69,17590.05,1966,,18.20580474934,150,13842,88,,24,499.83,*,,71.697712418301,80,308,165,59,386,226,592,,,0,0,15,140,472,1.0120190323377
1508886219,Tan,Catherine,C,MD,I,300 White Spruce Blvd,Suite 100,Rochester,NY,36,14623,1,"Metropolitan area core: primary flow within an urbanized area of 50,000 and greater",US,Internal Medicine,Claim-Specialty,5919,13045.533333333,392774.39,380926,487,,5436,12335.133333333,368635.95,361315,,457,,554,262839.98,,5312,127068.85,,53,2865.56,,5169,341761.38,,750,51013.01,,635,51575.15,,5284,341199.24,160,7544.29,4666,36,2.7031593174523,,,,,,186,1327.27,119,,33,679.44,*,,73.786447638604,30,248,153,56,316,171,392,37,23,,,31,46,441,0.95279502508367
1508910209,Nevins,Brooke,J,MD,I,130 Pondfield Rd,Ste 2,Bronxville,NY,36,10708,1,"Metropolitan area core: primary flow within an urbanized area of 50,000 and greater",US,Internal Medicine,Claim-Specialty,3525,7062.6666666667,336594.48,204316,547,,3228,6505.1666666667,284989.33,188086,,505,,442,228434.23,,3049,105403.98,,34,2756.27,,1390,133120.57,,2135,203473.91,,777,117513.52,,2748,219080.96,162,42910.62,3629,17,4.5957446808511,24,38723.81,690,,14.814814814815,72,1263.84,36,,40,420.19,*,,74.393053016453,42,245,184,76,337,210,375,72,28,47,0,25,114,433,1.216059710924
1508927013,Caracta,Antonio,,MD,I,491 Bard Ave,,Staten Island,NY,36,10310,1,"Metropolitan area core: primary flow within an urbanized area of 50,000 and greater",US,Cardiology,Claim-Specialty,5726,14349.766666667,883169.51,423323,422,,5496,13816.866666667,859130.1,407700,,408,,923,758724.98,,4782,123344.38,,21,1100.15,,1891,250108.18,,3835,633061.33,,695,103698.27,,5031,779471.24,49,1361.11,1303,13,0.85574572127139,0,0,0,0,0,146,1035.45,103,,62,819.7,,17,77.931279620853,14,135,171,102,233,189,317,20,32,24,0,29,41,381,1.1745815042356
1508947540,Fucito,Christopher,D,D.O.,I,1336 Cedar St,,Elmira,NY,36,14904,1,"Metropolitan area core: primary flow within an urbanized area of 50,000 and greater",US,Family Practice,Claim-Specialty,10471,23395,1072744.65,687203,978,,9670,21976.766666667,974000.92,646284,,875,,1206,871187.81,,9178,198214.1,,87,3342.74,,6538,607643.81,,3933,465100.84,,1210,132886.64,,9261,939858.01,174,6508.4,3568,60,1.6617324037819,17,3752.83,468,,9.7701149425287,87,13675.12,57,,20,1301.62,*,,72.520449897751,103,492,297,86,509,469,940,12,,12,,13,141,837,1.0027517670727
1508957804,Cortes,Juan,A,D.O.,I,124 Bay Ridge Ave,,Brooklyn,NY,36,11220,1,"Metropolitan area core: primary flow within an urbanized area of 50,000 and greater",US,Family Practice,Claim-Specialty,27599,43452.933333333,6376761.16,1266893,841,,24903,39462.4,5644188.46,1152380,,755,,4312,3294440.57,,22606,3054911.99,,681,27408.6,,23023,4979256.41,,4576,1397504.75,,22088,5957974.96,,5511,418786.2,269,4891.07,7057,41,0.97467299539838,,,,,,703,16950.1,367,,53,9966.41,*,,72.827586206897,86,413,262,80,517,324,57,,,761,0,13,564,277,1.1700317431253
1518018498,Paul,Emmanuella,,MD,I,133 Morningside Ave,,New York,NY,36,10027,1,"Metropolitan area core: primary flow within an urbanized area of 50,000 and greater",US,Family Practice,Claim-Specialty,2786,5938.4333333333,444426.35,174946,169,,2074,4636.6,332393.6,136628,,130,,580,392843.9,,2122,47148.76,,84,4433.69,,2581,420590.54,,205,23835.81,,2695,438912.51,,91,5513.84,0,0,0,0,0,0,0,0,0,,27,2784.31,22,,26,713.23,*,,69.07100591716,39,89,27,14,117,52,,,0,161,0,,155,14,1.2728727810651
1518126655,Halper,Todd,A,M.D.,I,55 Maple Ave Ste 102,,Rockville Centre,NY,36,11570,1,"Metropolitan area core: primary flow within an urbanized area of 50,000 and greater",US,Family Practice,Claim-Specialty,2882,5699.6333333333,404226.14,160359,403,,2321,4867.6666666667,298948.84,137631,,333,,446,320575.03,,2380,81585.22,,56,2065.89,,557,69832.64,,2325,334393.5,,532,96740.99,,2350,307485.15,40,2201.26,874,18,1.3879250520472,0,0,0,0,0,177,4158.11,94,,25,2464.65,*,,70.531017369727,70,203,108,22,199,204,314,26,,32,,26,83,320,0.97345432044729
1518228634,Geier,Michael,S,D.O,I,114 W 17th St,,New York,NY,36,10011,1,"Metropolitan area core: primary flow within an urbanized area of 50,000 and greater",US,Family Practice,Claim-Specialty,6526,7205.2,384695.57,205607,628,,1676,1824.3666666667,95442.78,52247,,138,,667,222630.4,,5829,161312.38,,30,752.79,,1439,45804.61,,5087,338890.96,,6478,382558.85,,48,2136.72,11,250.84,330,,0.16855654305854,0,0,0,,0,28,330.48,24,*,,,*,,50.831210191083,490,103,,,216,412,164,218,,200,,22,607,21,0.85127083333333
1518236181,Tan,Wu,,MD,I,4235 Main St,Ste 3m,Flushing,NY,36,11355,1,"Metropolitan area core: primary flow within an urbanized area of 50,000 and greater",US,Internal Medicine,Claim-Specialty,44257,47690.4,8502978.21,1160227,701,,43523,46947.4,8381595.53,1144688,,685,,11527,7264358.16,,32343,1230983.12,,387,7636.93,,36693,8016280.91,,7564,486697.3,,43922,8480568.7,,335,22409.51,206,7471.41,2900,76,0.46546309058454,36,3575.22,975,,17.47572815534,703,52923.43,317,,669,38201.91,,70,75.265335235378,16,381,174,130,379,322,43,60,553,30,0,15,688,13,1.8338061867429
1518258003,You,Lu,,MD,I,350 E 17th St,20 Baird Hall,New York,NY,36,10003,1,"Metropolitan area core: primary flow within an urbanized area of 50,000 and greater",US,Internal Medicine,Claim-Specialty,6974,13379.233333333,1441036.8,390867,747,,6690,12892.566666667,1364097.56,376339,,727,,1672,1215086.49,,5201,223577.52,,101,2372.79,,6270,1299998.45,,704,141038.35,,6542,1412195.69,,432,28841.11,,,,,,,,,,,76,967.93,68,*,,,*,,74.979919678715,20,379,240,108,419,328,11,,716,,0,12,674,73,1.1325805398281
1518279827,Fox,Kelita,L,MD,I,158 Orchard St,,Rochester,NY,36,14611,1,"Metropolitan area core: primary flow within an urbanized area of 50,000 and greater",US,Family Practice,Claim-Specialty,3229,6878.6666666667,316450.35,201103,447,,2540,5682.5,237876,167355,,372,,469,248882.39,,2705,63962.78,,55,3605.18,,1657,183840.02,,1572,132610.33,,1065,122093.7,,2164,194356.65,58,2032.28,1266,16,1.7962217404769,,,,,,15,271.25,14,*,,,*,,71.939597315436,75,192,119,61,306,141,13,426,,,0,,120,327,1.2352561813411
1518335686,Davis,Fern,O,FNP-BC,I,731 White Plains Rd,,Bronx,NY,36,10473,1,"Metropolitan area core: primary flow within an urbanized area of 50,000 and greater",US,Nurse Practitioner,Claim-Specialty,5990,7319.1666666667,553528.74,212236,334,,2445,3281.8666666667,203946.96,95907,,158,,996,450662.97,,4894,99777.79,,100,3087.98,,3008,293140.11,,2982,260388.63,,5552,520524.17,,438,33004.57,,,,,,,,,,,24,167.57,20,*,,,*,,59.700598802395,176,105,,,159,175,46,117,,156,,,282,52,0.98918164035391
1518380559,Yeung,Angela,,,I,139 Centre St,Suite 709,New York,NY,36,10013,1,"Metropolitan area core: primary flow within an urbanized area of 50,000 and greater",US,Nurse Practitioner,Claim-Specialty,8107,13486.1,1766190.28,388674,817,,7818,13005.9,1681501.74,374884,,785,,2252,1525930.62,,5734,236844.34,,121,3415.32,,7370,1633340.93,,737,132849.35,,7755,1738897.46,,352,27292.82,,,,,,,,,,,135,1446.44,121,,26,1026.94,*,,73.347613219094,32,486,210,89,451,366,13,,778,,0,13,749,68,1.0593043415716
1518491836,Tran,Kim,,DO,I,2157 Main St,,Buffalo,NY,36,14214,1,"Metropolitan area core: primary flow within an urbanized area of 50,000 and greater",US,Family Practice,Claim-Specialty,2234,4952.7666666667,220738.64,144104,350,,1967,4462.9,197483.84,130351,,315,,307,170059.47,,1896,49620.64,,31,1058.53,,1500,115556.3,,734,105182.34,,481,71231.87,,1753,149506.77,45,586.38,1027,24,2.0143240823635,0,0,0,0,0,37,366.45,33,*,,,*,,72.037142857143,35,177,102,36,246,104,331,0,,,0,11,59,291,1.1238093512563
1518498765,Mclean,Cameron,,D.O.,I,127 North St,,Batavia,NY,36,14020,4,"Micropolitan area core: primary flow within an urban cluster of 10,000 to 49,999",US,Family Practice,Claim-Specialty,10993,19946.666666667,1303181.4,577826,842,,7532,14602.7,923698.34,423192,,660,,1743,1070617.71,,9163,227511.37,,87,5052.32,,7848,906025.01,,3145,397156.39,,4937,634091.41,,6056,669089.99,519,30556.65,14828,83,4.721186209406,83,18506.08,2464,12,15.992292870906,320,19753.89,171,,75,3935.2,,18,70.380047505938,182,355,215,90,429,413,794,15,,14,,18,241,601,1.3600383649084
1518900471,Erlikh,Tamara,,M.D.,I,4422 3rd Ave,Care Of Faculty Practice,Bronx,NY,36,10457,1,"Metropolitan area core: primary flow within an urbanized area of 50,000 and greater",US,Internal Medicine,Claim-Specialty,17374,20122.766666667,1553771.36,452134,462,,14979,17090.333333333,1301114.93,376806,,414,,3561,1269325.62,,13596,274392.8,,217,10052.94,,6771,862448.98,,10603,691322.38,,16318,1473246.52,,1056,80524.84,61,1159.44,782,40,0.35109934384713,,,,,,229,10525.43,98,,195,4056.21,,33,75.835497835498,48,165,159,90,274,188,65,211,,161,,16,409,53,3.3568780303282
1518932441,Maggio,Russell,P,M.D.,I,125 Lattimore Rd,Suite 256,Rochester,NY,36,14620,1,"Metropolitan area core: primary flow within an urbanized area of 50,000 and greater",US,Internal Medicine,Claim-Specialty,4840,10113.433333333,387327.94,296671,870,,4675,9830.5,373714.53,288320,,836,,554,294951.05,,4257,90498.93,,29,1877.96,,4165,303735.65,,675,83592.29,,422,50855.93,,4418,336472.01,109,6120.88,2945,35,2.2520661157025,14,4721.43,626,,12.844036697248,78,1067.86,68,,16,2753.64,*,,75.22183908046,34,397,324,115,433,437,766,35,,18,,43,68,802,1.1036839930308
1518936335,Avila-Rondon,Miguel,,MD,I,982 Columbus Ave,,New York,NY,36,10025,1,"Metropolitan area core: primary flow within an urbanized area of 50,000 and greater",US,Internal Medicine,Claim-Specialty,8865,18606,1341922.56,550117,481,,7958,17000.966666667,1238496.54,503011,,438,,1578,1151172.15,,7067,185053.62,,220,5696.79,,8236,1262698.69,,629,79223.87,,7910,1239830.95,,955,102091.61,,,,,,,,,,,103,1649.19,74,,39,16490.53,*,,75.411642411642,43,188,167,83,265,216,16,27,,429,0,,363,118,1.2884086655469
1518941756,Zelman,Russell,H,MD,I,2628 State Route 169,,Little Falls,NY,36,13365,7,"Small town core: primary flow within an urban cluster of 2,500 to 9,999",US,General Practice,NPPES-Taxonomy,66,82,3644.53,1747,12,"#",,,,,"#",,,15,2914.31,,51,730.22,,0,0,,51,2227.27,,15,1417.26,*,,,"#",,,,,,,,,,,,,,,,*,,,*,,73.916666666667,,,,,,,12,0,0,0,0,0,,,0.55616666666667
1518977784,Fitten,Joan,T,N.P.,I,3 Barker Ave,4th Floor,White Plains,NY,36,10601,1,"Metropolitan area core: primary flow within an urbanized area of 50,000 and greater",US,Nurse Practitioner,Claim-Specialty,1706,3038.8,212487.16,87552,218,,1268,2419,161704.45,70305,,171,,304,168756.35,,1372,42478.92,,30,1251.89,,1389,156920.79,,317,55566.37,,1378,180734.83,,328,31752.33,12,49.64,78,,0.70339976553341,0,0,0,,0,28,9280.88,23,*,,,*,,69.495412844037,47,98,59,14,165,53,24,63,,118,0,,163,55,1.3858059317576
1528005907,Hasan,Zeeshan,S,MD,I,2 Arkansas Dr,,Valley Stream,NY,36,11580,1,"Metropolitan area core: primary flow within an urbanized area of 50,000 and greater",US,Internal Medicine,Claim-Specialty,3136,6477.3333333333,530672.24,189571,129,,2907,6067.5333333333,493884.02,177563,"#",,,602,468347.64,,2358,56151.78,,176,6172.82,,1966,328404.07,,1170,202268.17,,2658,507582.34,,478,23089.9,,,,,,,,,,,40,776.25,27,*,,,*,,72.84496124031,,,,,92,37,,17,84,,,13,101,28,1.2340550230001
1528013091,Kang,Hea-Shin,,M.D.,I,143-08 Roosevelt Ave,"#l-2",Flushing,NY,36,11354,1,"Metropolitan area core: primary flow within an urbanized area of 50,000 and greater",US,Internal Medicine,Claim-Specialty,32402,40991.8,5778781.74,1212918,609,,32149,40691.066666667,5747604.59,1204151,"#",,,7871,5143458.83,,24022,619422.58,,509,15900.33,,28450,4963475.12,,3952,815306.62,,30783,5659200.95,,1619,119580.79,80,1194.4,1784,29,0.24689833960867,0,0,0,0,0,245,8826.2,150,*,,,*,,75.459770114943,,,,,346,263,,0,564,,0,37,517,92,1.1415780719411
1528020898,Cicilline,Michelle,S,M.D.,I,200 Red Creek Dr,Suite 100,Rochester,NY,36,14623,1,"Metropolitan area core: primary flow within an urbanized area of 50,000 and greater",US,Family Practice,Claim-Specialty,5811,12195.266666667,499998.34,354854,462,,4841,10494.333333333,443697.97,306095,,399,,646,379667.58,,5117,118425,,48,1905.76,,4701,419332.61,,1110,80665.73,,1666,131394.85,,4145,368603.49,112,4255.39,1824,31,1.9273791085872,,,,,,155,1587.36,94,,20,1909.55,*,,71.383116883117,63,232,122,45,324,138,409,14,,,0,27,83,379,0.99766479172276
1528024668,Snyder,Lily,J,MD,I,7995 Call Pkwy,,Batavia,NY,36,14020,4,"Micropolitan area core: primary flow within an urban cluster of 10,000 to 49,999",US,Family Practice,Claim-Specialty,7586,17703.766666667,730220.12,517323,545,,6166,14957.033333333,551678.57,437345,,473,,942,530036.23,,6533,193523.22,,111,6660.67,,5864,602080.58,,1722,128139.54,,1996,228996.68,,5590,501223.44,348,14793.17,8784,48,4.5873978381229,51,7173.03,1445,,14.655172413793,122,5318.89,83,,19,818.94,*,,72.752293577982,72,232,191,50,368,177,526,,0,,,,97,448,1.1210743397681
1528032695,Mcmahon,Kevin,C,M.D.,I,112 Olean St,Suite 220,East Aurora,NY,36,14052,2,"Metropolitan area high commuting: primary flow 30% or more to a urbanized area of 50,000 and greater",US,Family Practice,Claim-Specialty,9840,19946.466666667,583478.94,582058,624,,9333,19117.333333333,544814.92,557837,,591,,1017,426977.81,,8767,155490.38,,56,1010.75,,8178,482249.94,,1662,101229,,1252,76616.55,,8588,506862.39,208,3147.24,4613,55,2.1138211382114,0,0,0,0,0,256,2401.62,162,,13,51.73,*,,73.894230769231,33,308,221,62,310,314,595,,0,,0,27,59,565,1.0635614060652
1528045416,Schwalb,David,,MD,I,111 Sullivan Ave,Liberty Medical Group,Ferndale,NY,36,12734,10,"Rural areas: primary flow to a tract outside a urbanized area of 50,000 and greater or UC",US,Internal Medicine,Claim-Specialty,14767,33357.933333333,2177606.24,987488,1039,,13384,30472.566666667,1990509.56,902738,,931,,1984,1877780.72,,12642,288439.35,,141,11386.17,,6143,737924.46,,8624,1439681.78,,4104,612353.29,,10663,1565252.95,394,14779.45,10463,74,2.6681113293154,,,,,,225,2807.22,152,,24,2635,*,,73.8354186718,108,442,366,123,518,521,924,30,,38,,36,224,815,1.1792236971445
1528098647,Apostolakos,Michael,J,MD,I,601 Elmwood Ave,Box Med,Rochester,NY,36,14642,1,"Metropolitan area core: primary flow within an urbanized area of 50,000 and greater",US,Pulmonary Disease,Claim-Specialty,201,203,37742.62,435,159,,133,135,25236.45,266,,106,,195,37305.73,*,,,"#",,,,152,28594.69,,49,9147.93,,141,26630.55,,60,11112.07,0,0,0,0,0,0,0,0,0,,,,,,0,0,,0,68.018867924528,53,71,,,88,71,70,59,,17,,,111,48,1.4854635934868
1528110210,Lama,Cynthia,M,M.D.,I,9014 Elmhurst Ave,,Jackson Heights,NY,36,11372,1,"Metropolitan area core: primary flow within an urbanized area of 50,000 and greater",US,Internal Medicine,Claim-Specialty,454,583,58081.75,14761,67,,417,536,53566.47,13563,"#",,"#",,,,345,12203.53,*,,,,292,37798.71,,162,20283.04,,318,48602.56,,136,9479.19,,,,,,,,,,,42,895.4,23,,0,0,*,,72.671641791045,,,,,44,23,,,0,59,0,0,35,32,0.92152985074627
1528140597,Jiang,Baoen,,M.D.,I,8 Chatham Sq,Suite 301,New York,NY,36,10038,1,"Metropolitan area core: primary flow within an urbanized area of 50,000 and greater",US,Internal Medicine,Claim-Specialty,51030,74702.6,11078381.62,2177516,1425,,50025,73292.9,10857514.7,2136439,,1399,,14768,9832270.11,,35163,1218910.66,,1099,27200.85,,46970,10239071.91,,4060,839309.71,,49443,10920933.99,,1587,157447.63,14,58.93,93,11,0.027434842249657,0,0,0,0,0,749,19054.83,451,,205,7984.04,,36,74.31649122807,26,846,353,200,782,643,,,1384,,0,20,1269,156,1.1002524078801
1528146586,Clark,Elizabeth,M,M.D.,I,3400 Bainbridge Ave,,Bronx,NY,36,10467,1,"Metropolitan area core: primary flow within an urbanized area of 50,000 and greater",US,Geriatric Medicine,Claim-Specialty,3277,6430.4,412825.56,189882,313,,2651,5412.2666666667,294458.45,160328,,265,,575,346284.88,,2611,62911.86,,91,3628.82,,2780,356441.4,,497,56384.16,,2150,331655.99,,1127,81169.57,21,141.35,328,,0.64083002746414,0,0,0,,0,13,28320.88,,,14,39.77,*,,73.063897763578,48,129,97,39,218,95,58,101,,136,,,175,138,1.5817625133439
1528172079,Catucci,Candida,,M.D.,I,4008 Forley St,,Elmhurst,NY,36,11373,1,"Metropolitan area core: primary flow within an urbanized area of 50,000 and greater",US,Internal Medicine,Claim-Specialty,5237,9262.9666666667,398881.37,274844,327,,4896,8762.9,388883.98,259925,,304,,543,311091.64,,4553,84993.69,,141,2796.04,,4828,352782.48,,409,46098.89,,4111,358130.31,,1126,40751.06,19,549.76,363,,0.36280313156387,0,0,0,,0,74,1300.13,46,,0,0,,0,72.217125382263,23,192,94,18,245,82,19,,,290,0,,224,103,1.0259958805886
1528229473,Lo,Wei-Hsiu,,M.D.,I,13336 41st Rd Ste 1c,,Flushing,NY,36,11355,1,"Metropolitan area core: primary flow within an urbanized area of 50,000 and greater",US,Internal Medicine,Claim-Specialty,5450,10049.966666667,701454.04,292175,234,,5303,9772.3,686194.05,284236,"#",,,842,550956.01,,4515,147241.21,,93,3256.82,,5047,660137.76,,403,41316.28,,4377,577633.36,,1073,123820.68,0,0,0,0,0,0,0,0,0,,202,2606.17,108,*,,,*,,74.653846153846,,,,,125,109,,,219,,0,,154,80,1.1620331196581
1528246824,Squatrito,Charles,J,PHARM.D.,I,1125 Bay St,,Staten Island,NY,36,10305,1,"Metropolitan area core: primary flow within an urbanized area of 50,000 and greater",US,Pharmacist,NPPES-Taxonomy,52,52,8618.02,52,46,"#",,,,,"#",,,52,8618.02,,0,0,,0,0,,31,5311.01,,21,3307.01,,26,3868.18,,26,4749.84,0,0,0,0,0,0,0,0,0,,0,0,0,*,,,*,,71.478260869565,,,,,30,16,29,16,,,0,0,19,27,1.0559239130435
1528312394,Caga-Anan,Zerremi,D,M.D.,I,253 E 142nd St,,Bronx,NY,36,10451,1,"Metropolitan area core: primary flow within an urbanized area of 50,000 and greater",US,Internal Medicine,Claim-Specialty,9026,14062.066666667,1705452.24,405282,756,,6109,9983.2666666667,1053874.75,289240,,523,,2135,1375106.66,,6537,318003.27,,354,12342.31,,7843,1447053.28,,1183,258398.96,,7906,1530073.34,,1120,175378.9,256,5202.71,6238,172,2.8362508309329,,,,,,215,1965.85,159,,114,37512.5,,29,67.456349206349,233,326,158,39,438,318,94,201,,430,,20,597,159,1.3377961956758
1528317187,Nnamdi,Uchechukwu,C,M.D,I,506 Lenox Avenue,,New York,NY,36,10037,1,"Metropolitan area core: primary flow within an urbanized area of 50,000 and greater",US,Psychiatry,Claim-Specialty,77,77,12170.73,1711,24,,41,41,7901.61,733,"#",,,21,6390.35,,56,5780.38,,0,0,,65,7411.26,,12,4759.47,,64,7153.6,,13,5017.13,0,0,0,0,0,0,0,0,0,,0,0,0,,0,0,*,,64.583333333333,,,,,,,,,0,,0,,12,12,1.174375
1528343498,Davis,Raquel,E,MD,I,111 E 210th Street,,Bronx,NY,36,10467,1,"Metropolitan area core: primary flow within an urbanized area of 50,000 and greater",US,Internal Medicine,Claim-Specialty,8088,16100.733333333,860517.09,472255,715,,6560,13532.6,695919.22,398274,,586,,1322,703921.33,,6548,146901.29,,218,9694.47,,6325,703449.46,,1763,157067.63,,5058,588726.8,,3030,271790.29,138,1152.29,1889,41,1.7062314540059,,,,,,40,711.08,30,*,,,*,,70.825174825175,129,330,194,62,511,204,33,401,,256,,15,328,387,1.3560059353521
1528345394,Yang,Zhigang,,D.O,I,133-29 41rd,Suite 1a,Flushing,NY,36,11355,1,"Metropolitan area core: primary flow within an urbanized area of 50,000 and greater",US,General Practice,Claim-Specialty,11794,14176.133333333,2045223.19,410359,487,,11330,13633.433333333,1963029.41,394621,,475,,2943,1640249.47,,8710,401173.81,,141,3799.91,,11539,2003861.06,,255,41362.13,,11708,2041897.35,,86,3325.84,44,551.73,1167,,0.37307105307784,0,0,0,,0,84,38326.42,61,,38,326.33,*,,71.889117043121,12,348,108,19,255,232,0,0,481,,0,,476,11,1.0644780998371
1528368974,Carrara,Gemma,M,ANP-BC,I,1938 Curry Rd,,Schenectady,NY,36,12303,1,"Metropolitan area core: primary flow within an urbanized area of 50,000 and greater",US,Nurse Practitioner,Claim-Specialty,5478,5517.5,667667.83,149407,125,,4705,4742.8333333333,490474.23,128249,,112,,846,464438.37,,4546,195253.32,,86,7976.14,,5166,633824.01,,312,33843.82,,5443,665864.17,,35,1803.66,78,1962.1,1435,18,1.4238773274918,,,,,,14,201.82,12,,255,66721.72,,26,77.912,13,36,37,39,94,31,84,20,,,,,,,2.9436879880855
1528398062,Gbur,Maria,S,M.D.,I,360 E 193rd St,,Bronx,NY,36,10458,1,"Metropolitan area core: primary flow within an urbanized area of 50,000 and greater",US,Family Practice,Claim-Specialty,4853,8153.6,907101.55,238783,264,,3420,6095.1,562994.21,178988,,194,,926,725772.34,,3692,174382.27,,235,6946.94,,4204,798127.31,,649,108974.24,,4276,836230.68,,577,70870.87,183,5449.35,5024,27,3.7708633834741,20,1193.82,600,,10.928961748634,22,217.9,19,,23,124.5,*,,68.503787878788,70,122,61,11,190,74,13,59,19,166,,,215,49,1.4852673976447
1528412418,Andujar,Kevin,,M.D.,I,234 E 85th St,,New York,NY,36,10028,1,"Metropolitan area core: primary flow within an urbanized area of 50,000 and greater",US,Internal Medicine,Claim-Specialty,4212,9513.8666666667,527499.78,279214,456,,3592,8351.7,437073.21,246066,,407,,591,449535.02,,3556,74852.26,,65,3112.5,,2332,302564.33,,1880,224935.45,,1918,301514.39,,2294,225985.39,28,318.61,610,,0.664767331434,0,0,0,,0,37,959.64,31,*,,,*,,73.725877192982,49,199,158,50,199,257,176,65,,180,,26,143,313,1.2966894001875
1528412897,Lighthouse,Daniel,V,M.D.,I,42 Nichols St Ste 10,,Spencerport,NY,36,14559,1,"Metropolitan area core: primary flow within an urbanized area of 50,000 and greater",US,Internal Medicine,Claim-Specialty,8478,19954.2,799887.99,581487,642,,6974,16925.566666667,667895,494894,,546,,856,577207.1,,7482,217761.92,,140,4918.97,,6565,623177.3,,1913,176710.69,,2546,244154.76,,5932,555733.23,329,9620.45,7614,45,3.8806322245813,25,3454.2,704,,7.5987841945289,166,1018.87,104,,48,1064.03,*,,71.64953271028,96,299,187,60,401,241,587,22,,,0,26,129,513,1.1134833678966
1528424066,Germaine,Doreen,J,FNP-BC,I,8900 Van Wyck Expy,,Jamaica,NY,36,11418,1,"Metropolitan area core: primary flow within an urbanized area of 50,000 and greater",US,Nurse Practitioner,NPPES-Specialty,50,52,9186.44,161,40,"#",,,,,"#",,,47,9115.83,*,,,"#",,,,35,6332.98,,15,2853.46,,26,5107.39,,24,4079.05,0,0,0,0,0,0,0,0,0,,,,,*,,,*,,72.625,,,,,29,11,0,34,,,0,,22,18,1.2400229166667
1528498649,Nguyen,Tram,,PHARMD,I,5564 Broadway,,Bronx,NY,36,10463,1,"Metropolitan area core: primary flow within an urbanized area of 50,000 and greater",US,Pharmacist,NPPES-Taxonomy,41,41,7054.6,41,37,"#",,,,,"#",,,41,7054.6,,0,0,,0,0,"#",,,*,,,,12,2013.5,,29,5041.1,0,0,0,0,0,0,0,0,0,,0,0,0,*,,,*,,71.027027027027,,,,,19,18,18,,11,,0,,11,26,0.77666666666667
1528511409,John,Jerel,,,I,90 S Bedford Rd,,Mount Kisco,NY,36,10549,1,"Metropolitan area core: primary flow within an urbanized area of 50,000 and greater",US,Nurse Practitioner,Claim-Specialty,1791,4120.4333333333,134655.33,119808,634,,1755,4052.4333333333,133962.77,117863,,623,,149,99224.29,,1617,34854.74,,25,576.3,,547,35686.49,,1244,98968.84,,135,12315.9,,1656,122339.43,,,,,,,,,,,61,1286.91,52,*,,,*,,75.741324921136,11,294,234,95,239,395,566,,11,13,,37,37,597,0.94515996319664
1528641834,Aziz,Huda,,PA-C,I,2257 Adam Clayton Powell Jr Blvd,,New York,NY,36,10027,1,"Metropolitan area core: primary flow within an urbanized area of 50,000 and greater",US,Physician Assistant,NPPES-Specialty,3824,8658.0666666667,449145.62,255421,599,,3364,7789.1666666667,404186.38,230311,,529,,510,357943.66,,3236,85789.3,,78,5412.66,,3184,372119.05,,640,77026.57,,2643,337340.52,,1181,111805.1,34,251,898,17,0.88912133891213,0,0,0,0,0,61,1837.03,55,*,,,*,,73.055091819699,70,270,195,64,351,248,16,448,,90,,32,356,243,1.5206215819481
1538123922,Dy-Guillaume,Marie,E,MD,I,8708 Justice Ave Ste Cs,,Elmhurst,NY,36,11373,1,"Metropolitan area core: primary flow within an urbanized area of 50,000 and greater",US,Internal Medicine,Claim-Specialty,801,2027.9333333333,61468.97,59703,75,"#",,,,,"#",,,75,45390.95,,726,16078.02,,0,0,,685,48914.31,,116,12554.66,,531,51991.15,,270,9477.82,0,0,0,0,0,0,0,0,0,,,,,*,,,*,,72.466666666667,,,,,55,20,,,28,27,0,,39,36,0.91733927343501
1538131388,Baraya,Edgar,,MD,I,2045 Lafayette Ave,,Bronx,NY,36,10473,1,"Metropolitan area core: primary flow within an urbanized area of 50,000 and greater",US,Internal Medicine,Claim-Specialty,12741,24685.6,1961268.53,718675,584,,11284,21926.566666667,1770923.92,638370,,517,,2207,1677586.58,,10239,272270.69,,295,11411.26,,9974,1579512.43,,2767,381756.1,,9128,1532641.66,,3613,428626.87,60,371.97,926,17,0.4709206498705,0,0,0,0,0,369,4139.3,200,,19,376.87,*,,75.123287671233,67,214,205,98,381,203,32,34,,502,,,325,259,1.1670320228816
1538141601,Coppens,Thomas,B,M.D.,I,3 Irongate Center,,Glens Falls,NY,36,12801,1,"Metropolitan area core: primary flow within an urbanized area of 50,000 and greater",US,Family Practice,Claim-Specialty,4100,9476.4,460113.38,276067,456,,3675,8738.0666666667,410069.04,255164,,421,,553,365022.93,,3513,93906.81,,34,1183.64,,2932,316349.86,,1168,143763.52,,422,60350.86,,3678,399762.52,170,9311.18,3582,40,4.1463414634146,27,4649.21,810,,15.882352941176,53,4035.97,43,*,,,*,,74.111842105263,35,217,143,61,219,237,436,,,,0,12,38,418,1.1567581595807
1538141726,Selbo,Scot,T,M.D.,I,61 Emerald Pl,,Rock Hill,NY,36,12775,9,"Small town low commuting: primary flow 10% to <30% to a urban cluster of 2,500 to 9,999",US,Internal Medicine,Claim-Specialty,6302,13868.166666667,279979.83,408631,643,,5626,12707.2,248833.63,375299,,564,,448,171734.84,,5832,107440.4,,22,804.59,,1723,99677.98,,4579,180301.85,,1902,74603.29,,4400,205376.54,32,563.1,430,15,0.50777530942558,,,,,,93,1042.98,75,,22,626.41,*,,72.255054432348,79,315,186,63,299,344,538,33,,45,,24,164,479,1.2371242336857
1538156989,Raskin,Jonathan,M,M.D.,I,1000 Park Ave,,New York,NY,36,10028,1,"Metropolitan area core: primary flow within an urbanized area of 50,000 and greater",US,Pulmonary Disease,Claim-Specialty,2396,4419.0333333333,602926.39,129016,161,,2355,4368.0333333333,597165.28,127496,"#",,,727,536659.27,,1657,66140.12,,12,127,,217,80253.4,,2179,522672.99,,178,33113.17,,2218,569813.22,,,,,,,,,,,49,412.09,32,,0,0,*,,79.434782608696,,,,,102,59,131,,,12,0,,,,1.2772857142857
1538163191,Sun,Yin,,MD,I,185 Canal St Suite 506,,New York,NY,36,10013,1,"Metropolitan area core: primary flow within an urbanized area of 50,000 and greater",US,Internal Medicine,Claim-Specialty,13774,23028.233333333,1747559.12,644808,773,,13478,22532.1,1712128.79,631291,,753,,1933,1385378.08,,11681,360030.62,,160,2150.42,,13369,1663708.71,,405,83850.41,,13375,1708276.97,,399,39282.15,14,85.33,217,11,0.10164077246987,0,0,0,0,0,727,6338.04,397,,24,458.09,*,,71.712807244502,20,546,167,40,426,347,,,755,0,0,15,723,50,1.2095918182231
1538169404,Nakao,Michael,,MD,I,5 Palisades Dr,Ste 100,Albany,NY,36,12205,1,"Metropolitan area core: primary flow within an urbanized area of 50,000 and greater",US,Pulmonary Disease,Claim-Specialty,3071,4382.5666666667,1213928.91,83139,1466,,2594,3752.3666666667,1037820.05,70892,,1272,,2362,1132991.97,"#",,,*,,,,1890,624171.92,,1181,589756.99,,786,285992.68,,2285,927936.23,,,,,,,,,,,133,987.71,81,,0,0,,0,71.506821282401,194,778,396,98,823,643,1309,70,,29,,49,288,1178,1.1055267928324
1538201231,Leddy,Vincent,R,M.D.,I,160 4th St,,Brentwood,NY,36,11717,1,"Metropolitan area core: primary flow within an urbanized area of 50,000 and greater",US,Internal Medicine,Claim-Specialty,4004,7000.0666666667,754360.81,201889,411,,3197,5785.0333333333,574671.3,167094,,343,,849,664482.97,,3081,81792.15,,74,8085.69,,2599,426381.58,,1405,327979.23,,2498,541042.84,,1506,213317.97,,,,,,,,,,,108,2890.41,84,,55,3228.64,,24,70.535279805353,68,217,96,30,208,203,112,34,,257,,,238,173,1.192779308673
1538208665,Crane,Dustin,J,PHARMD.,I,1125 Ridge Rd,,Webster,NY,36,14580,1,"Metropolitan area core: primary flow within an urbanized area of 50,000 and greater",US,Pharmacist,NPPES-Taxonomy,17,17,3132.95,17,16,,17,17,3132.95,17,,16,,17,3132.95,,0,0,,0,0,*,,,*,,,*,,,"#",,,0,0,0,0,0,0,0,0,0,,0,0,0,,0,0,,0,72.9375,0,,,0,,,,,0,0,0,,,,0.94575
1538414982,Kumar,Manish,,M.D,I,25012 Hillside Ave,Suite B,Bellerose,NY,36,11426,1,"Metropolitan area core: primary flow within an urbanized area of 50,000 and greater",US,Family Practice,Claim-Specialty,4591,9640.9,552936.55,278414,214,,4511,9492.3,547213.52,274161,"#",,,477,438822.74,,3942,107310.9,,172,6802.91,,4151,507698.23,,440,45238.32,,3949,502576.94,,642,50359.61,,,,,,,,,,,139,1213.89,86,*,,,*,,71.355140186916,,,,,80,134,11,,175,,,14,166,48,0.95165200231497
1538443114,Ross,Jenny,E,NP-C,I,1780 Hanshaw Rd,,Ithaca,NY,36,14850,1,"Metropolitan area core: primary flow within an urbanized area of 50,000 and greater",US,Nurse Practitioner,Claim-Specialty,3175,5928.7333333333,258005.17,171917,438,,2468,4873.5666666667,191359.63,142009,,360,,329,193239.24,,2828,63757.39,,18,1008.54,,1805,172183.03,,1370,85822.14,,1376,124670.69,,1799,133334.48,59,2127.55,1344,29,1.8582677165354,,,,,,64,615.76,55,,35,943.44,*,,71.299086757991,78,201,124,35,255,183,391,20,,,,12,129,309,1.2252456381854
1538447438,Cano-Landivar,Jeannette,E,M.D.,I,10119 Jamaica Ave,,Richmond Hill,NY,36,11418,1,"Metropolitan area core: primary flow within an urbanized area of 50,000 and greater",US,Internal Medicine,Claim-Specialty,1527,3230.8666666667,186957.1,94370,126,,1448,3101.1333333333,168919.67,90661,"#",,,212,137513.57,,1295,48720.11,,20,723.42,,1414,177922.65,,113,9034.45,,1291,179656.1,,236,7301,,,,,,,,,,,40,504.76,31,,0,0,*,,73,,,,,87,39,,,0,120,0,,96,30,1.0383870122641
1538498639,Li,Liye,,M.D.,I,822 54th St,1fl,Brooklyn,NY,36,11220,1,"Metropolitan area core: primary flow within an urbanized area of 50,000 and greater",US,General Practice,NPPES-Taxonomy,7637,9307.4333333333,1114979.52,270408,399,,7591,9259.4333333333,1108177.6,268991,"#",,,1428,769528.13,,6085,343398.24,,124,2053.15,,7569,1102094.98,,68,12884.54,,7617,1114764.55,,20,214.97,0,0,0,0,0,0,0,0,0,,91,895.45,73,,16,1082.31,*,,71.330827067669,,,,,197,202,0,0,393,,0,,,,0.8979265366676
1538512389,Hsu,Yu Ju,,ACNPC-AG,I,4506 8th Ave,,Brooklyn,NY,36,11220,1,"Metropolitan area core: primary flow within an urbanized area of 50,000 and greater",US,Nurse Practitioner,NPPES-Specialty,5791,7086.5666666667,576097.88,205889,431,,5624,6871.3333333333,558362.22,199892,,414,,1024,441262.52,,4664,132490.58,,103,2344.78,,5533,559204.82,,258,16893.06,,5677,573571.96,,114,2525.92,,,,,,,,,,,69,769.18,51,*,,,*,,72.399071925754,17,281,99,34,229,202,,,397,26,0,,411,20,0.95827680603718
1538555743,Lee,Eunmyung,,NP,I,3825 Parsons Blvd Ste 1g,,Flushing,NY,36,11354,1,"Metropolitan area core: primary flow within an urbanized area of 50,000 and greater",US,Nurse Practitioner,NPPES-Specialty,6110,9563.9333333333,1030868.95,278079,670,,6025,9415.4333333333,1017320.85,273759,,658,,1124,856405.2,,4857,172855.88,,129,1607.87,,5770,958296.89,,340,72572.06,,5787,1006943.6,,323,23925.35,19,483.82,378,12,0.31096563011457,0,0,0,0,0,83,1330.24,67,,36,878.95,*,,73.522388059701,12,399,191,68,473,197,,,631,,0,27,588,82,1.0154803563967
1538588512,Parente,Laura,,MD,I,1 Fordham Plz Fl 5,,Bronx,NY,36,10458,1,"Metropolitan area core: primary flow within an urbanized area of 50,000 and greater",US,Family Practice,Claim-Specialty,2757,4757.7666666667,306041.3,139964,146,,2352,4015.8666666667,261096.18,118470,,110,,511,247824.85,,2101,53908.92,,145,4307.53,,2548,279802.68,,209,26238.62,,2400,276421.47,,357,29619.83,81,7423.34,2635,,2.9379760609358,12,5253.06,360,,14.814814814815,16,394.24,13,*,,,*,,69.205479452055,36,72,,,97,49,,40,,93,0,0,113,33,1.6910007035062
1538648076,Zhang,Alisa,X,PA,I,325 Essjay Rd,,Williamsville,NY,36,14221,1,"Metropolitan area core: primary flow within an urbanized area of 50,000 and greater",US,Physician Assistant,Claim-Specialty,8772,21249.1,764310.78,623407,1497,,8269,20254.133333333,734398.72,594516,,1431,,974,586800.6,,7666,171055.91,,132,6454.27,,6207,478130.47,,2565,286180.31,,802,51661.46,,7970,712649.32,162,6722.85,4021,53,1.8467852257182,,,,,,105,978.78,81,*,,,*,,75.855711422846,66,590,612,229,929,568,1369,50,18,,,52,94,1403,1.2580929344014
1538741798,Grisanti,Kristina,M,PHARM D,I,126 Tremont Ave,,Kenmore,NY,36,14217,1,"Metropolitan area core: primary flow within an urbanized area of 50,000 and greater",US,Pharmacist,NPPES-Taxonomy,13,13,2460.22,13,13,"#",,,,,"#",,,13,2460.22,,0,0,,0,0,"#",,,*,,,*,,,*,,,0,0,0,0,0,0,0,0,0,,0,0,0,*,,,*,,69.846153846154,,,,,,,,0,,,0,0,,,0.97992307692308
1538794045,Lu,Jing,R,NURSE PRATITIONER,I,757 60th St,,Brooklyn,NY,36,11220,1,"Metropolitan area core: primary flow within an urbanized area of 50,000 and greater",US,Nurse Practitioner,NPPES-Specialty,9480,15716.333333333,1717668.58,458264,1220,,9295,15460.466666667,1692146.17,451115,,1198,,2144,1396050.79,,7120,317693.42,,216,3924.37,,8383,1508789.39,,1097,208879.19,,9259,1697255.38,,221,20413.2,,,,,,,,,,,197,2083.41,170,,36,686.1,,14,75.777049180328,22,641,315,242,713,507,,0,1195,,0,,1152,68,1.3858511188041
1548201551,Fox,Chester,,MD,I,1315 Jefferson Ave,,Buffalo,NY,36,14208,1,"Metropolitan area core: primary flow within an urbanized area of 50,000 and greater",US,Family Practice,Claim-Specialty,2987,5067.7,385478,137288,948,,2026,3485.0666666667,297579.15,92048,,706,,766,316466.93,,2124,57476.02,,97,11535.05,,2487,311261.85,,500,74216.15,,2484,310137.53,,503,75340.47,78,1720.58,2279,23,2.6113157013726,0,0,0,0,0,28,328.26,19,*,,,*,,69.023206751055,242,440,210,56,577,371,424,338,,160,,19,547,401,1.5634629385483
1548206956,Martorana,Sebastian,V,RPA-C,I,2524 Route 9w,,Ravena,NY,36,12143,2,"Metropolitan area high commuting: primary flow 30% or more to a urbanized area of 50,000 and greater",US,Physician Assistant,Claim-Specialty,5000,10429.633333333,545094.8,301863,364,,3689,7907.5666666667,390325.25,229154,,285,,693,435614.87,,4228,105411.17,,79,4068.76,,3963,445835.7,,1037,99259.1,,1770,294421.49,,3230,250673.31,328,30868.72,9288,64,6.56,15,17575.08,450,,4.5731707317073,127,6120.06,73,,18,3306.55,*,,70.475274725275,79,159,94,32,187,177,340,,0,14,0,,91,273,1.2011819287134
1548209943,Maddineni,Durga,,MD,I,4543 43rd St,,Sunnyside,NY,36,11104,1,"Metropolitan area core: primary flow within an urbanized area of 50,000 and greater",US,Family Practice,Claim-Specialty,5421,11761.233333333,740453.74,341646,382,,5154,11228.733333333,726975.99,326529,,363,,870,628688.06,,4441,106966.48,,110,4799.2,,3418,513407.63,,2003,227046.11,,2502,414360.74,,2919,326093,47,601.12,475,18,0.86699870872533,0,0,0,0,0,130,1037.23,81,,17,528.06,*,,74.340314136126,19,183,134,46,264,118,198,29,58,70,0,27,122,260,1.0088736025579
1548219041,Maung,Maung,,MD,I,13620 38th Ave Fl 4,Suite Cfc,Flushing,NY,36,11354,1,"Metropolitan area core: primary flow within an urbanized area of 50,000 and greater",US,Internal Medicine,Claim-Specialty,15373,22305.466666667,1585572.67,651534,506,,15188,22043.666666667,1548439.72,644013,"#",,,2581,1281087.18,,12270,294784.5,,522,9700.99,,14515,1476355.97,,858,109216.7,,14382,1468839.28,,991,116733.39,0,0,0,0,0,0,0,0,0,,182,2249.2,127,,0,0,*,,71.632411067194,,,,,264,242,,16,442,14,,26,428,78,0.96181411206325
1548220775,Barcomb,Alan,J,MD,I,41 Main St,,Oakfield,NY,36,14125,5,"Micropolitan high commuting: primary flow 30% or more to a urban cluster of 10,000 to 49,999",US,Family Practice,Claim-Specialty,10071,22897.033333333,1424991.77,673372,817,,8724,20739.1,1266260.14,611443,,718,,1514,1159057.44,,8403,253159.33,,154,12775,,7065,950770.27,,3006,474221.5,,1989,304674.8,,8082,1120316.97,332,30712.25,9251,70,3.2965941813127,69,25863.94,2307,12,20.78313253012,148,2013.06,100,,44,13932.59,,11,72.762545899633,99,368,261,89,411,406,779,,0,,,24,127,690,1.10460025424
1548250590,Fried,Steven,M,M.D.,I,8 Barstow Rd,Suite 1a,Great Neck,NY,36,11021,1,"Metropolitan area core: primary flow within an urbanized area of 50,000 and greater",US,Internal Medicine,Claim-Specialty,3332,7666.2333333333,380766.93,222286,243,,3246,7498.5666666667,361416.82,217345,"#",,,470,299763.06,,2796,79760.76,,66,1243.11,,295,24573.96,,3037,356192.97,,521,76776.23,,2811,303990.7,37,442.03,684,13,1.1104441776711,0,0,0,0,0,110,1979.2,61,,16,3234.18,*,,75.851851851852,,,,,146,97,190,19,,,0,15,26,217,1.0692260584784
1548256183,Gupta,Sindhu,,M.D.,I,1624 Crosby Ave,,Bronx,NY,36,10461,1,"Metropolitan area core: primary flow within an urbanized area of 50,000 and greater",US,Internal Medicine,Claim-Specialty,9110,21351.466666667,1481497.92,628127,580,,8157,19212.2,1275383.55,564844,,521,,1617,1281086.65,,7312,188194.43,,181,12216.84,,6252,998698.52,,2858,482799.4,,4803,902547.94,,4307,578949.98,25,63.95,470,,0.27442371020856,0,0,0,,0,155,2194.85,107,*,,,*,,74.172413793103,59,227,225,69,408,172,157,126,42,213,,,234,346,1.1806823746776
1063078541,Huang,Juan,,AGPCNP,I,757 60th St,,Brooklyn,NY,36,11220,1,"Metropolitan area core: primary flow within an urbanized area of 50,000 and greater",US,Nurse Practitioner,NPPES-Specialty,10135,12282.2,1649412.6,354442,655,,9923,11994.8,1626843.85,346178,,634,,2608,1453110.88,,7316,191518.9,,211,4782.82,,9226,1539502.46,,909,109910.14,,9943,1635202.79,,192,14209.81,0,0,0,0,0,0,0,0,0,,166,1018.44,136,,15,3984.33,*,,72.584732824427,21,442,134,58,363,292,,0,643,,0,,626,29,1.0410963924539
1063401636,Sung,John,H,M.D.,I,13172 40th Road,,Flushing,NY,36,11354,1,"Metropolitan area core: primary flow within an urbanized area of 50,000 and greater",US,Internal Medicine,NPPES-Specialty,13495,18102.433333333,1413483.18,534891,474,,13218,17783.1,1395956.28,525483,"#",,,2001,1152585.2,,11290,255825.3,,204,5072.68,,12348,1243376.26,,1147,170106.92,,12850,1374066.39,,645,39416.79,0,0,0,0,0,0,0,0,0,,40,3598.66,34,*,,,*,,72.662447257384,,,,,227,247,,0,457,,0,,427,47,1.019103935498
1063401644,Wu,Shuyi,,M.D.,I,131-72 40th Rd,,Flushuing,NY,36,11354,1,"Metropolitan area core: primary flow within an urbanized area of 50,000 and greater",US,Internal Medicine,NPPES-Specialty,4680,7446.9,418460.15,220492,198,,4635,7400.2333333333,410520.35,219143,"#",,,579,310615.4,,4032,106557.92,,69,1286.83,,4198,379202.17,,482,39257.98,,4418,413740.6,,262,4719.55,0,0,0,0,0,0,0,0,0,,29,325.89,23,,0,0,*,,73.454545454545,,,,,115,83,0,,192,,0,,176,22,0.89194629528697
1063428159,Miller,Scott,C,PA-C,I,161 Carey Rd,,Queensbury,NY,36,12804,1,"Metropolitan area core: primary flow within an urbanized area of 50,000 and greater",US,Physician Assistant,Claim-Specialty,7765,14352.466666667,1023136.4,412211,544,,4461,8807.1,618330.99,253857,,359,,1282,854918.34,,6407,163696.35,,76,4521.71,,4996,714005.13,,2769,309131.27,,5574,832659.79,,2191,190476.61,265,17228.35,5933,63,3.4127495170637,60,13303.05,1766,,22.641509433962,142,2785.25,103,,22,7659.14,*,,66.891544117647,185,219,106,34,264,280,513,,,13,,,277,267,1.2686346176553
1063433589,Hu,Xiaoxi,,MD,I,4506 8th Ave,,Brooklyn,NY,36,11220,1,"Metropolitan area core: primary flow within an urbanized area of 50,000 and greater",US,Internal Medicine,Claim-Specialty,7486,9764.8333333333,780090.46,284777,587,,7427,9693.8333333333,774364.99,282833,,574,,1277,610628.53,,6035,165426.06,,174,4035.87,,6966,719628.99,,520,60461.47,,7283,772683.38,,203,7407.08,,,,,,,,,,,129,1205.26,97,*,,,*,,73.151618398637,13,362,150,62,335,252,,,550,25,0,,555,32,1.0123568072317
1063456192,Ghosh,Shantonu,,M.D.,I,470 Collins St,,Avon,NY,36,14414,2,"Metropolitan area high commuting: primary flow 30% or more to a urbanized area of 50,000 and greater",US,Internal Medicine,Claim-Specialty,7993,19042.266666667,656648.26,561465,465,,7514,18109.533333333,633354.81,534429,,430,,693,464057.79,,7207,189196.45,,93,3394.02,,6387,509252.05,,1606,147396.21,,1139,112639.05,,6854,544009.21,63,1096.02,1702,15,0.78818966595771,0,0,0,0,0,165,2405.65,99,,44,922.02,,12,74.356989247312,35,208,154,68,243,222,433,,,,0,18,59,406,1.0600683285632
1063468627,Shamekh,Shahram,D,MD,I,935 Northern Blvd Ste 105,,Great Neck,NY,36,11021,1,"Metropolitan area core: primary flow within an urbanized area of 50,000 and greater",US,Internal Medicine,Claim-Specialty,6114,12495.5,1569767.65,361954,352,,5599,11646.9,1509916.77,337991,,320,,1270,1233484.61,,4806,296966.17,,38,39316.87,,3284,701919.42,,2830,867848.23,,4346,1330545.31,,1768,239222.34,64,1101.43,1652,16,1.0467778868171,,,,,,154,5061.43,95,,15,132.03,*,,73.735795454545,32,146,124,50,193,159,183,30,67,32,0,40,172,180,2.0346507469444
1063474070,Callahan,Gina,M,RPA-C,I,1302 E Main St,,Endicott,NY,36,13760,1,"Metropolitan area core: primary flow within an urbanized area of 50,000 and greater",US,Physician Assistant,Claim-Specialty,4489,8884.0333333333,512218.7,255428,407,,3122,6467.1666666667,371946.22,187802,,289,,621,431690.01,,3829,79272.18,,39,1256.51,,2920,325413.02,,1569,186805.68,,2544,306905.19,,1945,205313.51,165,2795.85,3236,38,3.6756515927824,11,434.97,307,,6.6666666666667,81,4305.79,54,,18,1117.62,*,,67.992628992629,118,160,103,26,267,140,353,32,,15,0,,170,237,1.0432825265023
1063483311,Gong,Lin,,M.D.,I,763 56th St Fl 1,,Brooklyn,NY,36,11220,1,"Metropolitan area core: primary flow within an urbanized area of 50,000 and greater",US,Internal Medicine,Claim-Specialty,27990,32540.3,3361143.04,954501,1040,,27617,32107.4,3326831.98,941808,,1016,,5182,2865496.23,,22322,479392.4,,486,16254.41,,26821,3233278.77,,1169,127864.27,,27262,3275115.98,,728,86027.06,,,,,,,,,,,272,3596.81,220,,20,61.78,*,,72.115384615385,24,708,242,66,513,527,,,1020,,0,,994,46,1.0543773524866
1063487296,Elsisi,Amr,M,MD,I,31 Arnot Rd,,Horseheads,NY,36,14845,1,"Metropolitan area core: primary flow within an urbanized area of 50,000 and greater",US,Internal Medicine,Claim-Specialty,11125,23863.133333333,1779110.91,692661,738,,9397,20631.2,1564773.48,600722,,623,,1663,1516247.26,,9350,255204.36,,112,7659.29,,7037,998416.03,,4088,780694.88,,3864,643892.9,,7261,1135218.01,195,2806.93,4470,56,1.752808988764,,,,,,246,7354.27,146,,26,8023.39,*,,71.447154471545,115,336,217,70,302,436,685,21,11,,,16,202,536,1.1895688250574
1063537041,Ng,Norland,,M.D.,I,139 Centre St,Suite 515,New York,NY,36,10013,1,"Metropolitan area core: primary flow within an urbanized area of 50,000 and greater",US,Hematology-Oncology,Claim-Specialty,5011,7782.1,16461241.75,220238,531,,4531,7085.5666666667,15366363.98,200360,,503,"#",,,,3209,741539.74,*,,,,4161,12940733.31,,850,3520508.44,,4553,15396580.27,,458,1064661.48,76,3857.98,1587,22,1.5166633406506,26,2742.13,765,,34.210526315789,34,505.87,20,*,,,*,,74.691148775895,28,267,159,77,312,219,,,509,,0,,457,74,1.7789854576463
1063558013,Gelfenshteyn,Kira,,MD,I,180-05 Hillside Ave,,Jamaica,NY,36,11432,1,"Metropolitan area core: primary flow within an urbanized area of 50,000 and greater",US,Internal Medicine,Claim-Specialty,3563,8518.3666666667,302160.47,252086,411,,3365,8058.1333333333,280425.04,238450,,382,,439,238879.91,,3054,60681.39,,70,2599.17,,2852,223210.64,,711,78949.83,,1728,142415.16,,1835,159745.31,0,0,0,0,0,0,0,0,0,,47,321.29,37,,14,79.25,*,,74.021897810219,29,194,134,54,296,115,,234,41,66,,46,164,247,1.3277543778652
1063591832,Hsuih,Chun Hung,,M.D,I,775 57th St,,Brooklyn,NY,36,11220,1,"Metropolitan area core: primary flow within an urbanized area of 50,000 and greater",US,Internal Medicine,Claim-Specialty,18561,26491.833333333,3307683.9,772287,448,,17877,25593.266666667,3159759.11,746341,,431,,4147,2777161.39,,13837,517663.62,,577,12858.89,,16306,2923804.38,,2255,383879.52,,17452,3186099.18,,1109,121584.72,,,,,,,,,,,220,2084.16,148,,15,99.56,*,,72.879464285714,17,274,126,31,226,222,0,0,439,,0,,394,54,1.0269543574679
1073045183,Mossayebi,Elaheh,,M.D.,I,355 Bard Ave Dept Of,1st Floor,Staten Island,NY,36,10310,1,"Metropolitan area core: primary flow within an urbanized area of 50,000 and greater",US,Internal Medicine,Claim-Specialty,4053,10421.9,185819.6,301486,928,,3826,9906.1666666667,173709.77,286910,,871,,363,109998.29,,3614,74173.259999999,,76,1648.05,,3987,179871.01,,66,5948.59,,1271,80794.08,,2782,105025.52,188,7005.11,3394,95,4.6385393535653,17,4127.9,504,,9.0425531914894,120,15367.87,83,*,,,*,,74.349137931034,57,430,328,113,593,335,300,132,79,389,,,194,734,1.4524928928674
1073061164,Zou,Chang Bi,,,I,4199 Main St Ste 201,,Flushing,NY,36,11355,1,"Metropolitan area core: primary flow within an urbanized area of 50,000 and greater",US,Physician Assistant,NPPES-Specialty,14289,16675.866666667,3233097.82,483322,551,,14074,16432.866666667,3193589.03,476524,,539,,4504,2988886.28,,9561,239126.53,,224,5085.01,,13684,3057393.44,,605,175704.38,,14007,3219791.27,,282,13306.55,37,1421.64,606,,0.25894044369795,0,0,0,,0,280,2902.84,180,*,,,*,,72.738656987296,12,355,140,44,309,242,,,507,19,0,13,499,52,1.047048105427
1073108999,Ballen,Ana,,NP,I,155 Main St Ste 101,,Brewster,NY,36,10509,1,"Metropolitan area core: primary flow within an urbanized area of 50,000 and greater",US,Nurse Practitioner,NPPES-Specialty,2773,4627.3666666667,426004.44,136659,190,,1970,3362.4666666667,305295.51,99751,,136,,560,386957.8,,2082,35153.61,,131,3893.03,,2513,359102.69,,260,66901.75,,2654,419209.06,,119,6795.38,,,,,,,,,,,12,308.24,,,11,50.66,*,,67.205263157895,54,89,,,123,67,,44,,132,0,,170,20,1.0129918724902
1073505723,Herman,David,L,M.D.,I,66 Hackett Blvd,,Albany,NY,36,12209,1,"Metropolitan area core: primary flow within an urbanized area of 50,000 and greater",US,Internal Medicine,NPPES-Specialty,10178,10315.233333333,1305856.71,271892,159,,9088,9217.6333333333,1159125,242781,,141,,1883,837853.68,,8201,456918.96,,94,11084.07,,10131,1298240.74,,47,7615.97,"#",,,*,,,209,11832,4311,45,2.0534486146591,77,8325.54,1967,,36.842105263158,102,2811.38,49,,276,38966.98,,28,80.220125786164,18,30,44,67,129,30,132,16,,,0,,,,2.5038334547081
1073508081,Burton,Chester,R,DO,I,132 Macarthur Ave,,Cobleskill,NY,36,12043,2,"Metropolitan area high commuting: primary flow 30% or more to a urbanized area of 50,000 and greater",US,Family Practice,Claim-Specialty,5182,12061.333333333,540727.1,349090,467,,4579,10840.433333333,493934.54,314390,,425,,617,412989.63,,4482,120861.98,,83,6875.49,,2952,287939.48,,2230,252787.62,,1286,131940.77,,3896,408786.33,163,29481.9,3636,35,3.145503666538,20,23108.22,567,,12.269938650307,266,15555.85,145,,0,0,,0,73.389721627409,42,232,136,57,203,264,437,,,,,12,74,393,0.9439772353842
1073535449,Ruh,Richard,J,M. D.,I,3670 S Benzing Rd,,Orchard Park,NY,36,14127,1,"Metropolitan area core: primary flow within an urbanized area of 50,000 and greater",US,Family Practice,Claim-Specialty,6659,14586.733333333,576654.98,429487,1008,,6053,13516.5,514143.1,399005,,916,,779,442631.33,,5818,131801.29,,62,2222.36,,4719,421608.09,,1940,155046.89,,1120,108975.58,,5539,467679.4,197,4320.47,4995,53,2.9584021624869,19,1174.91,570,,9.6446700507614,83,1734.99,64,,40,3298.38,,14,73.582341269841,92,476,310,130,585,423,954,,,15,0,30,144,864,1.1513468802568
1073538351,D Angelo,Christopher,,MD,I,2400 S Clinton Ave Ste 230,,Rochester,NY,36,14618,1,"Metropolitan area core: primary flow within an urbanized area of 50,000 and greater",US,Internal Medicine,Claim-Specialty,11586,27672,1157165.52,812855,1009,,10759,26177.133333333,1054424.21,769902,,954,,1265,876026.04,,10150,271349.63,,171,9789.85,,9684,908507.08,,1902,248658.44,,1419,163512.85,,10167,993652.67,277,23869.16,5988,66,2.3908165026756,19,4674.15,541,,6.8592057761733,176,1980.33,121,,28,15755.27,*,,74.363726461843,55,500,340,114,525,484,867,54,13,11,0,64,86,923,0.99309991697081
1073541546,Cushman,Jeremy,T,"M.D., M.S.",I,Emergency Medicine,"601 Elmwood Avenue, Box 655",Rochester,NY,36,14642,1,"Metropolitan area core: primary flow within an urbanized area of 50,000 and greater",US,Emergency Medicine,NPPES-Specialty,10297,10300,1686374.28,31573,7456,,9509,9512,1561689.78,27458,,6881,,9709,1638245.61,,588,48128.67,,0,0,,8397,1379008.05,,1900,307366.23,,1366,217311.8,,8931,1469062.48,0,0,0,0,0,0,0,0,0,,0,0,0,,0,0,,0,72.649946351931,575,4100,2217,564,4408,3048,6537,261,,141,,412,909,6547,0.86674194287
1073559845,Heitzman,Karen,K,MD,I,102 W Seneca St,,Manlius,NY,36,13104,1,"Metropolitan area core: primary flow within an urbanized area of 50,000 and greater",US,Internal Medicine,NPPES-Specialty,6945,7078.7,713183.82,162740,142,,6259,6378.0333333333,644145.15,148397,"#",,,1067,544823.03,,5840,167136.02,,38,1224.77,,6945,713183.82,,0,0,,6856,696497.28,,89,16686.54,194,3971.02,5228,32,2.7933765298776,41,1540.05,1107,,21.134020618557,103,2636.1,37,,130,7601.64,*,,78.760563380282,,,,,106,36,113,26,0,,0,,,,4.5032361915168
1073561056,Medina,Ariel,,MD,I,336 99th St,,Brooklyn,NY,36,11209,1,"Metropolitan area core: primary flow within an urbanized area of 50,000 and greater",US,Internal Medicine,Claim-Specialty,14422,25170.066666667,1546406.14,724929,689,,12866,23051.866666667,1362110.38,665491,,632,,2240,1252751.57,,11684,278808.15,,498,14846.42,,13089,1403550.68,,1333,142855.46,,12004,1410130.32,,2418,136275.82,375,6723.65,9177,52,2.6001941478297,12,379.44,240,,3.2,517,8268.36,271,,46,758,*,,75.412191582003,57,267,260,105,412,277,30,,,643,0,,499,190,1.2585705586952
1073574273,Sanchez,Ruth,M,MD,I,2700 Westchester Ave,,Purchase,NY,36,10577,1,"Metropolitan area core: primary flow within an urbanized area of 50,000 and greater",US,Internal Medicine,Claim-Specialty,4987,11850.833333333,420419.66,348282,433,,4598,11099.7,379178.19,326503,,403,,462,309830.02,,4480,109027.37,,45,1562.27,,2709,175852.21,,2278,244567.45,,2916,294946.46,,2071,125473.2,21,578.53,365,12,0.42109484660116,0,0,0,0,0,74,1339.43,60,,11,420.68,*,,73.43648960739,30,225,136,42,306,127,135,29,,253,0,,177,256,1.0052532020383
1073671400,Chung,Sea,H,M.D.,I,3925 Union St,,Flushing,NY,36,11354,1,"Metropolitan area core: primary flow within an urbanized area of 50,000 and greater",US,Internal Medicine,Claim-Specialty,26612,33574.5,4339965.1,995803,583,,26186,33088.466666667,4254181.92,981379,"#",,,7002,3856985.02,,19242,470332.19,,368,12647.89,,22181,3592316.14,,4431,747648.96,,25229,4259976.08,,1383,79989.02,0,0,0,0,0,0,0,0,0,,205,1805.2,147,,0,0,*,,75.576329331046,,,,,353,230,,,538,,0,30,498,85,1.0628002412978
1073698106,Gross,Paul,,MD,I,Mmg - Family Health Center,360 East 193rd Street,Bronx,NY,36,10458,1,"Metropolitan area core: primary flow within an urbanized area of 50,000 and greater",US,Family Practice,Claim-Specialty,3815,6878.0333333333,608967.36,199161,151,,3324,6268,516003.44,182192,,134,,677,510010.58,,3032,96188.72,,106,2768.06,,3136,528835,,679,80132.36,,3601,592177.96,,214,16789.4,93,1361.23,2100,14,2.437745740498,,,,,,13,176.15,,,0,0,,0,72.569536423841,17,73,50,11,101,50,,22,15,102,0,,121,30,1.3098203351128
1073772729,Sheehan,Maygoe,R,M.D.,I,2977 Westinghouse Rd,,Horseheads,NY,36,14845,1,"Metropolitan area core: primary flow within an urbanized area of 50,000 and greater",US,Family Practice,Claim-Specialty,12966,18265.166666667,945140.78,523761,664,,8436,12237.6,552670.42,353154,,424,,1507,726102.35,,11240,211421.36,,219,7617.07,,10414,727345.48,,2552,217795.3,,11271,861491.25,,1695,83649.53,129,2202.21,3033,28,0.99490976399815,0,0,0,0,0,234,6404.64,152,,125,3000.86,,15,65.240963855422,240,313,91,20,330,334,207,361,,79,,,545,119,1.3609185029325
1073781241,Piotrowski,Barbara,R,BS,I,161 Main St,,Westhampton Beach,NY,36,11978,1,"Metropolitan area core: primary flow within an urbanized area of 50,000 and greater",US,Pharmacist,NPPES-Taxonomy,12,12,2435.84,12,11,,12,12,2435.84,12,,11,,12,2435.84,,0,0,,0,0,*,,,"#",,,,0,0,,12,2435.84,0,0,0,0,0,0,0,0,0,,0,0,0,,0,0,,0,73.363636363636,0,,,0,,,11,0,0,0,0,0,0,11,0.71572727272727
1073836938,Mashaw,Joseph,,,I,208 Herkimer Rd,,Utica,NY,36,13502,1,"Metropolitan area core: primary flow within an urbanized area of 50,000 and greater",US,Pharmacist,NPPES-Taxonomy,22,22,3912.37,22,22,"#",,,,,"#",,,22,3912.37,,0,0,,0,0,"#",,,*,,,*,,,"#",,,0,0,0,0,0,0,0,0,0,,0,0,0,*,,,*,,71.5,,,,,,,21,,0,0,0,,,,0.77817045454545
1073842381,Vona,Vincent,J,PHARM D,I,1768 Old Country Rd,,Riverhead,NY,36,11901,1,"Metropolitan area core: primary flow within an urbanized area of 50,000 and greater",US,Pharmacist,NPPES-Taxonomy,49,49,8405.96,49,42,"#",,,,,"#",,,49,8405.96,,0,0,,0,0,*,,,"#",,,*,,,"#",,,0,0,0,0,0,0,0,0,0,,0,0,0,*,,,*,,73.119047619048,,,,,21,21,39,0,,0,0,,,,0.661
1073867545,Mata,Liliana,,PHARMD,I,209 Route 59,,Suffern,NY,36,10901,1,"Metropolitan area core: primary flow within an urbanized area of 50,000 and greater",US,Pharmacist,NPPES-Taxonomy,20,20,3586.33,20,18,,20,20,3586.33,20,,18,,20,3586.33,,0,0,,0,0,*,,,"#",,,*,,,"#",,,0,0,0,0,0,0,0,0,0,,0,0,0,,0,0,,0,73.777777777778,0,11,,,,,15,0,,,0,0,,,0.80233333333333
1073879862,Saadia,Meir,,M.D.,I,546 Eastern Pkwy,,Brooklyn,NY,36,11225,1,"Metropolitan area core: primary flow within an urbanized area of 50,000 and greater",US,Internal Medicine,Claim-Specialty,9889,24896.033333333,1028755.65,741855,910,,9490,23974.433333333,979178.19,714575,,867,,1291,807572.32,,8341,208256.88,,257,12926.45,,7055,709035.61,,2834,319720.04,,3112,347753.31,,6777,681002.34,0,0,0,0,0,0,0,0,0,,36,1069.73,29,*,,,*,,76.138461538462,43,374,330,163,624,286,,803,,37,,53,232,678,1.31297202725
1083071948,Sanchez,Yanira,M,PHYSICIAN ASSISTANT,I,Nyc Medical Care,79-16 37th Avenue,Jackson Heights,NY,36,11372,1,"Metropolitan area core: primary flow within an urbanized area of 50,000 and greater",US,Physician Assistant,NPPES-Specialty,2233,5106.6666666667,653366.51,150806,205,,1850,4256.5666666667,542346.36,125761,,171,,382,582494.26,,1771,68591.39,,80,2280.86,,2172,646990.81,,61,6375.7,,2054,642238.23,,179,11128.28,0,0,0,0,0,0,0,0,0,,32,537.67,25,*,,,*,,70.482926829268,34,107,46,18,131,74,0,21,,179,0,,182,23,1.0854971151437
1083198774,Zarowsky,Aron,J,PA,I,1302 E Main St,,Endicott,NY,36,13760,1,"Metropolitan area core: primary flow within an urbanized area of 50,000 and greater",US,Physician Assistant,Claim-Specialty,3950,7787.0333333333,485657.2,224456,506,,2548,5373.5666666667,290568.57,155424,,363,,532,414322.18,,3361,68728.46,,57,2606.56,,2769,402457.86,,1181,83199.34,,2255,293300.86,,1695,192356.34,209,4378.82,4457,66,5.2911392405063,23,834.1,622,,11.004784688995,56,9506.94,39,,22,2154.42,*,,67.768774703557,143,219,105,39,275,231,448,31,,12,,11,231,275,1.096198381382
1083617146,Palumbo,Paul,F,DO,I,2 Ellinwood Dr,,New Hartford,NY,36,13413,1,"Metropolitan area core: primary flow within an urbanized area of 50,000 and greater",US,Family Practice,Claim-Specialty,710,834.43333333333,231597.39,20279,193,,581,699.43333333333,141644.1,16706,,172,,107,205092.27,,603,26505.12,,0,0,,422,188673.86,,288,42923.53,,238,180605.32,,472,50992.07,,,,,,,,,,,74,866.72,57,,0,0,,0,71.088082901554,21,112,,,116,77,173,,,,0,,43,150,0.89199179620035
1083646970,Valdivia,Martha,M,MD,I,629 W 185th St,,New York,NY,36,10033,1,"Metropolitan area core: primary flow within an urbanized area of 50,000 and greater",US,Internal Medicine,Claim-Specialty,21258,46349.666666667,4078325.17,1384457,1225,,19458,42536.8,3707620.7,1270708,,1114,,4216,3653776.59,,15884,406306.96,,1158,18241.62,,20509,3924252.39,,749,154072.78,,20432,3983560.98,,826,94764.19,,,,,,,,,,,48,496.56,42,,19,307.59,*,,73.311020408163,111,607,390,117,737,488,,,,1198,0,,1133,92,1.3286450023197
1083665582,Thomas,Gordon,M,D.O.,I,79 North St,Granville Family Health Center,Granville,NY,36,12832,7.1,"Secondary flow 30% to <50% to a urbanized area of 50,000 and greater",US,Family Practice,Claim-Specialty,4881,9665.6666666667,529735.31,280521,523,,4093,8304.3666666667,431659.42,241774,,437,,746,424000.52,,4049,101512.87,,86,4221.92,,3392,398059.33,,1489,131675.98,,1669,249237.53,,3212,280497.78,229,12865.34,5630,68,4.6916615447654,21,7628.5,612,,9.1703056768559,91,13717.09,71,*,,,*,,72.397705544933,86,221,156,60,285,238,503,,0,,0,15,150,373,1.0865628585086
1083671325,Ziegler,Sharon,L,MD,I,209 W State St,Attn: Bob Bloom,Ithaca,NY,36,14850,1,"Metropolitan area core: primary flow within an urbanized area of 50,000 and greater",US,Family Practice,Claim-Specialty,4601,9173.6,325117.01,266780,484,,4104,8414.2666666667,297808.4,245395,,428,,481,209818.75,,4073,112302.19,,47,2996.07,,2451,160784.52,,2150,164332.49,,1142,90625.85,,3459,234491.16,167,10344.62,3974,69,3.6296457291893,15,7297.79,448,,8.9820359281437,114,1314.33,78,*,,,*,,72.113636363636,56,253,124,51,382,102,435,14,,,0,22,92,392,0.85719034270467
1083700926,Photangtham,Punyadech,,MD,I,3875 Broadway,Unit B,New York,NY,36,10032,1,"Metropolitan area core: primary flow within an urbanized area of 50,000 and greater",US,Family Practice,Claim-Specialty,4764,9951,1056118.91,293462,290,,4410,9436.2,944805.1,278293,,270,,746,887850.56,,3938,166467.55,,80,1800.8,,4008,767131.48,,756,288987.43,,3151,681365.41,,1613,374753.5,,,,,,,,,,,77,2426.73,44,,26,1699.39,*,,72.506896551724,20,169,83,18,175,115,29,,124,80,,48,176,114,0.89194195402299
1083749303,Kalepu,Mallik,,M.D,I,11439 Sutphin Blvd,,Jamaica,NY,36,11434,1,"Metropolitan area core: primary flow within an urbanized area of 50,000 and greater",US,Family Practice,NPPES-Specialty,4243,6569.7666666667,368037.41,191212,297,,3754,5943.0666666667,322454.47,173425,,255,,535,316521.35,,3477,43648.68,,231,7867.38,,3243,294025.74,,1000,74011.67,,3328,294695.58,,915,73341.83,0,0,0,0,0,0,0,0,0,,119,1052.9,76,,0,0,,0,69.626262626263,42,180,61,14,172,125,,173,26,29,,46,200,97,1.0655342973923
1083765531,Correa,Michael,,MD,I,1302 Amsterdam Ave,,New York,NY,36,10027,1,"Metropolitan area core: primary flow within an urbanized area of 50,000 and greater",US,Internal Medicine,Claim-Specialty,36494,68935.366666667,4672029.44,2006462,1556,,30744,59582.933333333,3921596.83,1738028,,1323,,5891,3921442.58,,29491,717583.15,,1112,33003.71,,33935,4425450.28,,2559,246579.16,,32732,4297226.64,,3762,374802.8,294,1922.57,5342,98,0.80561188140516,0,0,0,0,0,876,15319.28,524,,195,12365.86,,46,72.652313624679,233,667,465,191,1002,554,87,244,,1197,,17,1224,332,1.3434244121273
1083786362,Farhat,Laila,,,I,316 86th St,,Brooklyn,NY,36,11209,1,"Metropolitan area core: primary flow within an urbanized area of 50,000 and greater",US,Internal Medicine,Claim-Specialty,13327,21709.7,2571652.04,642157,353,,10747,17915.366666667,1946025.56,530081,,295,,2561,2146813.26,,10120,401684.83,,646,23153.95,,10401,2115770.63,,2926,455881.41,,12701,2476098.11,,626,95553.93,89,1844.57,2155,26,0.66781721317626,0,0,0,0,0,81,1061.48,58,,81,1443.05,,22,69.617563739377,58,203,74,18,197,156,167,11,43,63,0,69,308,45,1.3512354446663
1083895072,Fortino,Francesco,C,,I,1923 Utopia Pkwy,,Whitestone,NY,36,11357,1,"Metropolitan area core: primary flow within an urbanized area of 50,000 and greater",US,Pharmacist,NPPES-Taxonomy,12,12,2327.37,12,12,"#",,,,,"#",,,12,2327.37,,0,0,,0,0,*,,,"#",,,,0,0,,12,2327.37,0,0,0,0,0,0,0,0,0,,0,0,0,*,,,*,,71.083333333333,,,,,,,11,,0,0,0,,0,12,0.91508333333333
1083957799,Murphy,Katherine,,DO,I,284 Pulaski Rd,,Greenlawn,NY,36,11740,1,"Metropolitan area core: primary flow within an urbanized area of 50,000 and greater",US,Family Practice,Claim-Specialty,3501,7920.8333333333,482242.15,230080,453,,3160,7185.2,386891,208806,,406,,497,392257.99,,2937,87292.56,,67,2691.6,,1817,246851.98,,1684,235390.17,,1430,258236.82,,2071,224005.33,22,62.14,189,17,0.62839188803199,0,0,0,0,0,130,1367.13,86,*,,,*,,72.518763796909,47,227,125,54,328,125,256,90,18,61,0,28,127,326,1.0654984258552
1093006652,Osman-Wager,Jamie,L,M.D.,I,3444 Kossuth Ave,"Family Care Center, 5th Floor, Paa",Bronx,NY,36,10467,1,"Metropolitan area core: primary flow within an urbanized area of 50,000 and greater",US,Internal Medicine,Claim-Specialty,4908,8876.7333333333,761643.02,261873,292,,4080,7678.1666666667,609478.83,226828,,239,,1037,667074.51,,3672,87837.51,,199,6731,,4385,686546.9,,523,75096.12,,4564,731416.6,,344,30226.42,75,576.67,1964,15,1.5281173594132,0,0,0,0,0,,,,*,,,*,,71.22602739726,53,121,94,24,193,99,22,80,,170,,,236,56,1.7416108274953
1093037186,Vikatos,Stellamaria,,RPH,I,1229 3rd Ave,,New York,NY,36,10021,1,"Metropolitan area core: primary flow within an urbanized area of 50,000 and greater",US,Pharmacist,NPPES-Taxonomy,22,22,4284.99,254,18,,22,22,4284.99,254,,18,,22,4284.99,,0,0,,0,0,*,,,"#",,,*,,,"#",,,0,0,0,0,0,0,0,0,0,,0,0,0,,0,0,,0,74.444444444444,0,11,,,,,17,,0,,0,0,,,1.0852777777778
1093179848,Mehta,Natasha,C,M.D.,I,622 W 168th,Vc 2 Suite C -Aim,New York,NY,36,10032,1,"Metropolitan area core: primary flow within an urbanized area of 50,000 and greater",US,Internal Medicine,Claim-Specialty,8000,14478.1,1106598.57,426092,316,,7109,13134.266666667,1020497.99,387297,,273,,1669,961460.24,,5919,133233.47,,412,11904.86,,6409,909223.04,,1591,197375.53,,7703,1089277.57,,297,17321,23,144.37,667,,0.2875,0,0,0,,0,38,724.75,25,,42,893.58,*,,73.857594936709,43,132,90,51,225,91,17,54,,230,0,,278,38,1.8248955055063
1093238222,Dimattei,Jaclyn,S,NP,I,75 Landing Meadow Rd,,Smithtown,NY,36,11787,1,"Metropolitan area core: primary flow within an urbanized area of 50,000 and greater",US,Nurse Practitioner,Claim-Specialty,9126,9623.4,548636.49,269593,920,,2991,3195.7666666667,163290.98,90102,,242,,1312,396769.26,,7796,151630.89,,18,236.34,,1200,72058.52,,7926,476577.97,,9065,546286.86,,61,2349.63,,,,,,,,,,,103,4165.51,84,,0,0,,0,55.508695652174,678,185,45,12,367,553,699,115,,72,,21,904,16,1.1595148160588
1093250219,Rhem,Ebony,,RPH,I,5564 Broadway,,Bronx,NY,36,10463,1,"Metropolitan area core: primary flow within an urbanized area of 50,000 and greater",US,Pharmacist,NPPES-Taxonomy,12,12,2351.97,12,11,*,,,,,*,,,12,2351.97,,0,0,,0,0,*,,,*,,,*,,,*,,,0,0,0,0,0,0,0,0,0,,0,0,0,*,,,*,,70,,,,,,,,,0,,0,0,,,0.80627272727273
1093703696,Ramirez,Alvaro,,MD,I,8818 37th Ave,,Jackson Heights,NY,36,11372,1,"Metropolitan area core: primary flow within an urbanized area of 50,000 and greater",US,Family Practice,Claim-Specialty,14707,30944.333333333,1761234.89,897292,949,,13701,29180.233333333,1629119.04,846983,,888,,1984,1485810.03,,12261,264657.27,,462,10767.59,,13453,1641120.1,,1254,120114.79,,10878,1445479.74,,3829,315755.15,27,105.29,421,15,0.18358604746039,0,0,0,0,0,341,3620.83,243,*,,,*,,73.110642781876,61,515,292,81,527,422,47,,12,877,0,,618,331,0.98899552653988
1093709867,Kolbert,Mary,K,MD,I,3900 N Buffalo St,,Orchard Park,NY,36,14127,1,"Metropolitan area core: primary flow within an urbanized area of 50,000 and greater",US,Family Practice,Claim-Specialty,1940,4148.9333333333,109722.53,119027,544,,1845,3978.4666666667,104481.37,114420,,504,,210,75097.04,,1694,33392.6,,36,1232.89,,1359,64448.81,,581,45273.72,,354,10220.68,,1586,99501.85,,,,,,,,,,,78,630.46,65,,0,0,,0,73.308823529412,40,276,169,59,384,160,502,,,14,0,19,84,460,1.1579412459734
1093711764,Carter,Mary,A,C.N.P.,I,25 Degrandpre Way,,Plattsburgh,NY,36,12901,4,"Micropolitan area core: primary flow within an urban cluster of 10,000 to 49,999",US,Nurse Practitioner,NPPES-Specialty,51,51,9179.32,120,29,,32,32,5401.72,101,,18,,47,9165.23,*,,,"#",,,*,,,"#",,,,27,5351.41,,24,3827.91,0,0,0,0,0,0,0,0,0,,,,,,0,0,,0,68.689655172414,11,,,,15,14,27,,,0,0,0,16,13,1.0448965517241
1093749285,Cahn-Hidalgo,Diego,G,MD,I,300 White Spruce Blvd,Suite 100,Rochester,NY,36,14623,1,"Metropolitan area core: primary flow within an urbanized area of 50,000 and greater",US,Internal Medicine,Claim-Specialty,11318,26803.9,1067496.61,788514,780,,10888,25983.5,1015358.5,764973,,761,,1415,829336.81,,9758,229990.45,,145,8169.35,,9161,830093.5,,2157,237403.11,,802,68437.68,,10516,999058.93,39,664.43,998,17,0.34458384873653,,,,,,193,1795.55,137,,40,627.5,*,,75.944871794872,19,333,329,99,423,357,648,72,,13,,39,47,733,1.0983571413545
1093769358,Mackellar,Bruce,W,MD,I,111 Loder St Ste A,,Hornell,NY,36,14843,4,"Micropolitan area core: primary flow within an urban cluster of 10,000 to 49,999",US,Family Practice,Claim-Specialty,6383,11868.866666667,646113.16,337003,629,,4809,9703.4666666667,519330.2,275348,,540,,911,473232.91,,5415,169367.37,,57,3512.88,,3592,341978.41,,2791,304134.75,,2583,248742.7,,3800,397370.46,507,26471.53,13262,98,7.9429735234216,65,7907.52,1798,13,12.820512820513,196,10292.19,120,,63,7848.36,,15,72.077901430843,89,304,164,72,363,266,597,,,,,19,161,468,1.023466541864
1093777930,Wong,Min,A,MD,I,5423 7th Ave,,Brooklyn,NY,36,11220,1,"Metropolitan area core: primary flow within an urbanized area of 50,000 and greater",US,Internal Medicine,Claim-Specialty,25427,39019.133333333,5447762.48,1146226,536,,25006,38218.966666667,5342727.09,1122795,,518,,6744,4554009.54,,17906,874019.28,,777,19733.66,,21013,4406674.01,,4414,1041088.47,,25064,5407238.47,,363,40524.01,46,725.95,525,28,0.18091005623943,0,0,0,0,0,230,53771.94,146,,321,21425.59,,57,73.736940298507,18,319,127,72,276,260,,,524,,0,,513,23,1.1521669928195
1093793101,Chen,Henry,S,M.D,I,757 60th St,First Floor,Brooklyn,NY,36,11220,1,"Metropolitan area core: primary flow within an urbanized area of 50,000 and greater",US,Internal Medicine,Claim-Specialty,21943,43025.9,5653159.45,1273384,1515,,21486,42185.3,5549967.4,1248607,,1477,,5765,4871755.22,,15832,771536.08,,346,9868.15,,17600,4410566.9,,4343,1242592.55,,20943,5533467.42,,1000,119692.03,36,825.94,238,21,0.16406143189172,0,0,0,0,0,223,100115.72,186,,160,5102.35,,55,77.213861386139,38,651,454,372,907,608,11,,1473,14,,13,1379,136,1.5518090177362
1093808255,Berk,Lee,A,MD,I,1010 Central Park Ave,,Yonkers,NY,36,10704,1,"Metropolitan area core: primary flow within an urbanized area of 50,000 and greater",US,Internal Medicine,Claim-Specialty,8849,20076.333333333,1068148.87,594508,722,,8236,19002.866666667,998543.19,563432,,671,,1280,865201.12,,7417,198128.65,,152,4819.1,,5976,750370.62,,2873,317778.25,,2607,390619.48,,6242,677529.39,28,169.5,494,,0.31641993445587,0,0,0,,0,79,5607.33,63,,24,558.82,*,,74.150969529086,51,326,252,93,399,323,238,297,,118,,36,158,564,1.1842036139969
1093837262,Branda,Paul,T,MD,I,6518 20th Avenue,,Brooklyn,NY,36,11204,1,"Metropolitan area core: primary flow within an urbanized area of 50,000 and greater",US,Internal Medicine,NPPES-Specialty,26,26,4832.52,26,21,"#",,,,,"#",,,26,4832.52,,0,0,,0,0,"#",,,*,,,,12,2141.31,,14,2691.21,0,0,0,0,0,0,0,0,0,,0,0,0,*,,,*,,72.809523809524,,,,,,,12,0,,,0,,,,0.87919047619048
1104028067,Teng,Rui Er,,MD,I,6805 Fort Hamilton Pkwy Fl 1,,Brooklyn,NY,36,11219,1,"Metropolitan area core: primary flow within an urbanized area of 50,000 and greater",US,Family Practice,Claim-Specialty,10794,17627.033333333,2449805.81,492146,333,,10568,17276.133333333,2419539.18,483066,,319,,2644,2201908.37,,8024,245008.18,,126,2889.26,,8844,2114505.65,,1950,335300.16,,10461,2438254.22,,333,11551.59,,,,,,,,,,,658,7356.44,227,,99,2062.9,,33,73.039039039039,14,202,77,40,189,144,11,,306,,0,,307,26,1.0828708856097
1104090935,Mannam,Prashanth,,,I,1170 Castle Hill Ave,,Bronx,NY,36,10462,1,"Metropolitan area core: primary flow within an urbanized area of 50,000 and greater",US,Internal Medicine,Claim-Specialty,6705,13552.866666667,1096203.31,395296,553,,4873,10280.866666667,794227.85,301094,,421,,1138,957768.46,,5276,128430.97,,291,10003.88,,5397,947585.4,,1308,148617.91,,4845,869155.76,,1860,227047.55,96,1390.98,2278,25,1.4317673378076,0,0,0,0,0,99,2341.5,86,*,,,*,,69.663652802893,132,244,129,48,349,204,30,136,,333,,29,324,229,1.1751352539414
1104169291,Suh,Christine,Y,MD,I,731 White Plains Rd,,Bronx,NY,36,10473,1,"Metropolitan area core: primary flow within an urbanized area of 50,000 and greater",US,General Practice,Claim-Specialty,3758,6437.9666666667,636608.49,190051,187,,2504,4657.7333333333,428595.14,138033,,132,,781,576846.47,,2834,55613.77,,143,4148.25,,3370,583665.27,,388,52943.22,,3168,547262,,590,89346.49,29,211.2,677,,0.77168706758914,0,0,0,,0,12,82.13,12,*,,,*,,67.909090909091,55,77,,,123,64,11,48,,118,0,,138,49,1.3216825650958
1104173632,Davis,Jenny,,FNP,I,350 Grand St,,New York,NY,36,10002,1,"Metropolitan area core: primary flow within an urbanized area of 50,000 and greater",US,Nurse Practitioner,NPPES-Specialty,3122,6790.7,400268.47,196013,208,,2247,5249.5666666667,236876.32,152822,,176,,413,314563.04,,2680,81535.54,,29,4169.89,,1905,268550.28,,1217,131718.19,,1766,264115.54,,1356,136152.93,165,6148.52,4566,22,5.2850736707239,18,847.52,540,,10.909090909091,71,1128.57,41,*,,,*,,70.403846153846,32,110,54,12,121,87,194,,0,,0,,82,126,1.2500152218984
1104201169,Yates,Zachery,,,I,6437 Monument Rd,,Rome,NY,36,13440,4,"Micropolitan area core: primary flow within an urban cluster of 10,000 to 49,999",US,Pharmacist,NPPES-Taxonomy,13,13,2290.41,13,13,*,,,,,*,,,13,2290.41,,0,0,,0,0,*,,,*,,,*,,,*,,,0,0,0,0,0,0,0,0,0,,0,0,0,*,,,*,,67.923076923077,,,,,,,,,,,0,,,,1.6924534802446
1104278951,Dhawan,Noorpreet,K,M.D.,I,9768 Liberty Dr,,Painted Post,NY,36,14870,4,"Micropolitan area core: primary flow within an urban cluster of 10,000 to 49,999",US,Family Practice,Claim-Specialty,4112,8096.7,506064.4,235105,431,,3472,7014.5,446309.96,203430,,373,,630,426325.81,,3415,76780.55,,67,2958.04,,2739,292996.54,,1373,213067.86,,1285,192572.98,,2827,313491.42,102,2707.05,2482,38,2.4805447470817,,,,,,71,800.99,64,,52,1141.8,,16,71.835266821346,58,205,132,36,247,184,417,,,,0,,99,332,1.0659048846379
1104409788,Grimaldi,Ann,,NURSE PRACTIONER,I,40 La Riviere Dr Ste 140,,Buffalo,NY,36,14202,1,"Metropolitan area core: primary flow within an urbanized area of 50,000 and greater",US,Nurse Practitioner,Claim-Specialty,5034,6566.5,320688.76,185762,318,,4391,5831.7,265482.88,165555,,296,,565,231198.36,,4444,88089.82,,25,1400.58,,3472,216119.79,,1562,104568.97,,2281,150135.7,,2753,170553.06,296,11300.81,7562,76,5.8800158919348,73,6154.78,2013,11,24.662162162162,164,4079.06,86,,102,3142.97,,27,82.433962264151,22,49,79,168,229,89,285,28,0,,0,,116,202,2.1332076606241
1104810944,Depner,Christopher,R,M.D.,I,12 Martin St,,Wellsville,NY,36,14895,7,"Small town core: primary flow within an urban cluster of 2,500 to 9,999",US,Family Practice,Claim-Specialty,11079,21753.1,1234326.09,639332,603,,8544,18031.433333333,925772.66,531479,,505,,1473,997512.47,,9545,231359.68,,61,5453.94,,5250,574459.64,,5829,659866.45,,4489,659638.45,,6590,574687.64,227,18650.44,5562,68,2.0489213827963,39,11982.58,1155,14,17.180616740088,122,2711.84,72,,96,19337.66,,28,71.182421227197,98,306,134,65,297,306,579,,,,,18,160,443,1.1923775667313
1104811785,Ramalanjaona,Georges,R,MD,I,2015 Grand Concourse,,Bronx,NY,36,10453,1,"Metropolitan area core: primary flow within an urbanized area of 50,000 and greater",US,General Practice,Claim-Specialty,11074,11128.633333333,1456704.59,203849,374,,8199,8236.1,983847.22,157182,,305,,1858,1201072.86,,9181,253449.77,,35,2181.96,,2236,447567.25,,8838,1009137.34,,11044,1455831.5,,30,873.09,50,751.85,587,26,0.45150803684306,0,0,0,0,0,151,4669.99,48,,603,55023.12,,92,71.237967914438,69,167,102,36,109,265,118,157,,82,,,,,2.9018227998689
1104818640,Choi,Alexander,K,M.D.,I,38-34 Parsons Blvd.,"Suite #1d",Flushing,NY,36,11354,1,"Metropolitan area core: primary flow within an urbanized area of 50,000 and greater",US,Internal Medicine,Claim-Specialty,11136,12909.433333333,1493595.49,380149,247,,11000,12759.433333333,1484274.73,375685,"#",,,2437,1327829,,8628,163417.35,,71,2349.14,,7611,955636.46,,3525,537959.03,,9951,1459220.94,,1185,34374.55,117,1672.88,2710,25,1.0506465517241,0,0,0,0,0,57,529.52,39,*,,,*,,76.821862348178,,,,,143,104,,,215,11,0,12,182,65,1.0852925762642
1104819010,Zaltsman,Helen,,MD,I,2016 Bath Ave,,Brooklyn,NY,36,11214,1,"Metropolitan area core: primary flow within an urbanized area of 50,000 and greater",US,Internal Medicine,Claim-Specialty,5355,6009.9333333333,718410.05,174614,177,,5160,5759.8333333333,677928.4,167803,"#",,,1124,430166.74,,4117,282176.72,,114,6066.59,,379,25654,,4976,692756.05,,5034,698096.46,,321,20313.59,48,320.62,336,15,0.89635854341737,0,0,0,0,0,100,1214.82,56,,0,0,*,,75.892655367232,,,,,105,72,140,,,,0,20,142,35,1.3851500615162
1104834324,Yeh,Qing,,M.D.,I,2 Mott St,Suite 801,New York,NY,36,10013,1,"Metropolitan area core: primary flow within an urbanized area of 50,000 and greater",US,Internal Medicine,Claim-Specialty,7098,9148.1,1699930.42,267463,258,,6954,8944.7666666667,1636067.17,261437,"#",,,2114,1535787.24,,4915,163119.23,,69,1023.95,,5630,1452316.16,,1468,247614.26,,6688,1644720.04,,410,55210.38,0,0,0,0,0,0,0,0,0,,61,433.98,47,,11,969.87,*,,75.488372093023,,,,,139,119,0,,248,,0,,218,40,0.9543104005168
1104880624,Huselton,John,K,M.D.,I,2000 Empire Blvd,Suite 120,Webster,NY,36,14580,1,"Metropolitan area core: primary flow within an urbanized area of 50,000 and greater",US,Internal Medicine,Claim-Specialty,2912,6670.6333333333,292347.65,194027,458,,2830,6473.9333333333,282986.89,188229,,439,,358,219467.81,,2528,70605.51,,26,2274.33,,2676,256343.5,,236,36004.15,,192,27391.24,,2720,264956.41,33,573.57,570,20,1.1332417582418,0,0,0,0,0,67,5421.27,40,,23,2330.33,*,,75.205240174672,19,207,169,63,242,216,412,16,,,0,26,32,426,1.0663472127395
1104890565,Allen,Marcella,,MD,I,55 E 34th Street,,New York,NY,36,10016,1,"Metropolitan area core: primary flow within an urbanized area of 50,000 and greater",US,Family Practice,Claim-Specialty,915,1789.0333333333,49526.52,51054,107,,788,1614.8333333333,29207.5,45888,"#",,,78,30792.36,,837,18734.16,,0,0,,410,31082.6,,505,18443.92,,322,27351.4,,593,22175.12,,,,,,,,,,,38,293.93,22,*,,,*,,73.065420560748,,,,,87,20,54,27,,,0,,12,95,0.76859657320872
1104893908,Habash,Hanna,J,MD,I,123 Conhocton St,,Corning,NY,36,14830,4,"Micropolitan area core: primary flow within an urban cluster of 10,000 to 49,999",US,Family Practice,Claim-Specialty,9023,21642.7,356241.36,620592,786,,8292,20242.466666667,321936.76,581173,,731,,945,176575.67,,7965,176864.47,,113,2801.22,,8967,352839.46,,56,3401.9,,1315,59303.05,,7708,296938.31,838,25175.22,16986,125,9.2873767039787,98,11727.39,2940,11,11.694510739857,297,3917.15,179,,27,1130.56,*,,73.127226463104,55,420,245,66,404,382,475,117,16,163,0,15,92,694,1.1930657724779
1104936335,Diaz,Alan,,M.D.,I,2494 Williamsbridge Rd,,Bronx,NY,36,10469,1,"Metropolitan area core: primary flow within an urbanized area of 50,000 and greater",US,Internal Medicine,Claim-Specialty,9316,15749.733333333,1678175,462569,449,,7001,12506.533333333,1246453.41,368091,,362,,1771,1345170.64,,7317,325249.96,,228,7754.4,,7815,1426455.94,,1501,251719.06,,7778,1546254.51,,1538,131920.49,381,11482.45,10015,69,4.089738085015,0,0,0,0,0,117,23274.81,82,,20,14314.97,*,,71.398663697105,87,190,130,42,281,168,49,52,,331,,,312,137,1.349839316269
1104953777,Lin,Kevin,N,M.D,I,198 Canal St Ste 401,,New York,NY,36,10013,1,"Metropolitan area core: primary flow within an urbanized area of 50,000 and greater",US,Internal Medicine,Claim-Specialty,8160,13495.766666667,1092621.95,392506,538,,7982,13246.766666667,1079961.47,385418,,523,,1457,898204.32,,6429,188502.43,,274,5915.2,,6343,800818.3,,1817,291803.65,,7203,1013474.42,,957,79147.53,,,,,,,,,,,289,12293.83,196,,0,0,,0,73.477695167286,15,317,156,50,293,245,14,,483,,0,25,430,108,1.2633944163718
1104970722,Caesar,Arturo,A,M.D.,I,470 Malcolm X Blvd,Suite 1p,New York,NY,36,10037,1,"Metropolitan area core: primary flow within an urbanized area of 50,000 and greater",US,Internal Medicine,Claim-Specialty,2385,3153.6,253190.6,91896,209,,1321,1952.6666666667,130455.02,57459,,137,,317,194687.92,,2039,56901.03,,29,1601.65,,1391,154235.5,,994,98955.1,,2102,202209.55,,283,50981.05,0,0,0,0,0,0,0,0,0,,14,297.92,13,*,,,*,,65.751196172249,72,97,,,118,91,29,88,,85,0,,172,37,1.0175618398923
1104971589,Alam,Tasbirul,M,MD,I,3728 77th St,,Jackson Heights,NY,36,11372,1,"Metropolitan area core: primary flow within an urbanized area of 50,000 and greater",US,Family Practice,NPPES-Specialty,40969,42274.133333333,7194674.4800002,113765,30082,,37191,38364.666666667,6525273.3000001,103137,,27281,,39996,7164559.1400002,,902,28756.03,,71,1359.31,,24173,4273993.3399996,,16796,2920681.14,,13666,2465238.1799999,,27303,4729436.2999998,0,0,0,0,0,0,0,0,0,,30,537.18,26,*,,,*,,72.294760986637,2801,16465,8651,2165,17830,12252,17285,3961,2289,4821,68,1658,9123,20959,1.0073009761155
1114000494,Liang,Ellen,W,MD,I,13633 37th Ave 7th Floor,,Flushing,NY,36,11354,1,"Metropolitan area core: primary flow within an urbanized area of 50,000 and greater",US,Internal Medicine,Claim-Specialty,22603,31532.933333333,3470216.39,924772,983,,21407,29820.666666667,3286923.41,874878,,905,,3821,2898118.72,,18314,560478.11,,468,11619.56,,19155,3016842.13,,3448,453374.26,,19181,3160589.48,,3422,309626.91,14,117.47,321,,0.061938680706101,0,0,0,,0,244,3380.02,179,,51,725.16,,12,72.05493387589,78,604,208,93,580,403,79,48,694,123,,,684,299,1.0301196722777
1114006012,Zhao,Xiaoyuan,,M.D.,I,80 Bowery,"#401",New York,NY,36,10013,1,"Metropolitan area core: primary flow within an urbanized area of 50,000 and greater",US,Internal Medicine,Claim-Specialty,7636,14800.7,1120831.5,436582,296,,7588,14681.7,1107409.65,433043,"#",,,1143,854230.62,,6376,264290.65,,117,2310.23,,6757,1015732.7,,879,105098.8,,7346,1084907.62,,290,35923.88,0,0,0,0,0,0,0,0,0,,64,743.99,46,,0,0,*,,73.503378378378,,,,,174,122,,,291,,0,,273,23,1.0999648106371
1114089174,Valme,Gerald,,M.D.,I,1010 Ocean Ave,,Brooklyn,NY,36,11226,1,"Metropolitan area core: primary flow within an urbanized area of 50,000 and greater",US,Family Practice,Claim-Specialty,8405,19205.066666667,828865.36,571514,685,,8111,18599.4,778975.4,553831,,655,,1040,661323.33,,7100,158347.74,,265,9194.29,,6626,634588.2,,1779,194277.16,,6578,720709.96,,1827,108155.4,,,,,,,,,,,28,167.99,24,,12,660.45,*,,74.570802919708,30,338,244,73,379,306,12,564,,26,,78,447,238,1.0769202375686
1114102381,Varghese,Giti,,,I,36 Ireland Dr,,Poughkeepsie,NY,36,12603,1,"Metropolitan area core: primary flow within an urbanized area of 50,000 and greater",US,Pharmacist,NPPES-Taxonomy,143,143,24205.04,144,122,,130,130,22279.66,131,"#",,,131,23190.17,,12,1014.87,,0,0,,120,20853.81,,23,3351.23,,51,7712.95,,92,16492.09,0,0,0,0,0,0,0,0,0,,0,0,0,,0,0,*,,74.360655737705,,,,,70,52,68,13,,36,0,,33,89,1.5741239861362
1114108248,Owren,Jeffrey,E,PHARM.D,I,18 Eastern Blvd,,Canandaigua,NY,36,14424,1,"Metropolitan area core: primary flow within an urbanized area of 50,000 and greater",US,Pharmacist,NPPES-Taxonomy,25,25,4723.39,25,24,"#",,,,,"#",,,25,4723.39,,0,0,,0,0,"#",,,*,,,*,,,"#",,,0,0,0,0,0,0,0,0,0,,0,0,0,*,,,*,,71.916666666667,,,,,,,23,,0,0,0,,,,0.82049166666667
1114161239,Leboo,Audra,A,MBCHB,I,23 Ontario St,,Honeoye Falls,NY,36,14472,2,"Metropolitan area high commuting: primary flow 30% or more to a urbanized area of 50,000 and greater",US,Family Practice,Claim-Specialty,5886,11538.9,456345.58,333052,662,,4786,9856.0666666667,311147.3,285121,,590,,671,335157.25,,5167,116551,,48,4637.33,,4728,313618.43,,1158,142727.15,,1456,205752.46,,4430,250593.12,200,21234.91,4860,58,3.3978933061502,,,,,,234,2436.5,149,*,,,*,,72.874622356495,72,311,205,74,334,328,547,,52,18,,41,96,566,0.92677480291973
1114166980,Pineda-Muyir,Claudia,M,RPA-C,I,4620 3rd Ave,Sunset Medical Pc,Brooklyn,NY,36,11220,1,"Metropolitan area core: primary flow within an urbanized area of 50,000 and greater",US,Physician Assistant,Claim-Specialty,12668,24028.2,8142170.23,693937,438,,10626,20677.033333333,6681961.55,599574,,389,,3387,3780076.59,,9022,4323314.76,,259,38778.88,,9978,5209508.97,,2690,2932661.26,,11298,7891392.54,,1370,250777.69,210,2264.33,4162,50,1.6577202399747,0,0,0,0,0,365,8375.18,195,,25,751.46,*,,72.780821917808,49,215,122,52,275,163,23,,,408,0,,332,106,1.3276775858617
1114168499,Thomas,Julie,A,D.O.,I,3670 S Benzing Rd,,Orchard Park,NY,36,14127,1,"Metropolitan area core: primary flow within an urbanized area of 50,000 and greater",US,Family Practice,Claim-Specialty,3877,8887.5,356235.02,260502,426,,3677,8476.6666666667,325766.49,248939,,398,,493,285894.04,,3350,69224.01,,34,1116.97,,3132,273297.6,,745,82937.42,,616,73291.37,,3261,282943.65,76,5160.5,1724,22,1.9602785659015,,,,,,46,267.16,38,*,,,*,,74.302816901408,28,209,125,64,338,88,409,,0,,0,,52,374,1.1910724691813
1114249760,Asrani,Kanta,,P.HD,I,19 E Main St,,Mount Kisco,NY,36,10549,1,"Metropolitan area core: primary flow within an urbanized area of 50,000 and greater",US,Pharmacist,NPPES-Taxonomy,11,11,2022.78,40,,*,,,,,*,,,11,2022.78,,0,0,,0,0,*,,,*,,,*,,,*,,,0,0,0,,0,0,0,0,,,0,0,,*,,,*,,69.6,,,,,,,,,,,,,,,0.70305
1114285426,Wu,Lina,,FNP,I,69 W Utica St,Apt 3,Oswego,NY,36,13126,4,"Micropolitan area core: primary flow within an urban cluster of 10,000 to 49,999",US,Nurse Practitioner,NPPES-Specialty,15028,17461.2,2514679.66,503496,782,,14850,17261.5,2495749.08,497952,,764,,3842,2025622.94,,10936,483316.37,,250,5740.35,,13750,2302501.13,,1278,212178.53,,14796,2492544.83,,232,22134.83,,,,,,,,,,,187,20949.4,155,,57,2093.45,,15,72.501278772379,18,532,174,58,406,376,,0,769,,0,,762,20,1.0638454242753
1114437837,Iskandarova,Elida,,,I,1433 Culver Rd,,Rochester,NY,36,14609,1,"Metropolitan area core: primary flow within an urbanized area of 50,000 and greater",US,Pharmacist,NPPES-Taxonomy,13,13,2455.92,13,13,"#",,,,,"#",,,13,2455.92,,0,0,,0,0,*,,,*,,,*,,,*,,,0,0,0,0,0,0,0,0,0,,0,0,0,*,,,*,,70.923076923077,,,,,,,12,,0,0,0,,,,0.9530641025641
1114592201,Rahmani,Ranit,,PHARMD,I,4915 Flatlands Ave,,Brooklyn,NY,36,11234,1,"Metropolitan area core: primary flow within an urbanized area of 50,000 and greater",US,Pharmacist,NPPES-Taxonomy,12,12,2330.69,12,11,,12,12,2330.69,12,,11,,12,2330.69,,0,0,,0,0,*,,,*,,,*,,,*,,,0,0,0,0,0,0,0,0,0,,0,0,0,,0,0,,0,72.454545454545,0,,,0,,,,,0,0,0,0,,,0.74518181818182
1114920287,Page,David,T,MD,I,436 Hinsdale Rd,,Camillus,NY,36,13031,1,"Metropolitan area core: primary flow within an urbanized area of 50,000 and greater",US,Family Practice,Claim-Specialty,9698,20400,1068467.74,593342,682,,8526,18284.133333333,894357.63,531557,,626,,1277,835726.89,,8322,227880.41,,99,4860.44,,6794,697045.32,,2904,371422.42,,1622,231693.89,,8076,836773.85,246,17163.09,5803,55,2.5366054856671,48,10579.43,1428,,19.512195121951,159,2166.39,112,,31,3101.55,*,,73.49706744868,56,352,191,83,376,306,639,,,,0,31,71,611,1.1670510788301
1114949138,Holohan,Cara,E,PA,I,5008 Brittonfield Pkwy Ste 700,,East Syracuse,NY,36,13057,1,"Metropolitan area core: primary flow within an urbanized area of 50,000 and greater",US,Physician Assistant,Claim-Specialty,3066,5592.7333333333,351926.28,161767,277,,2319,4465.6333333333,286251.48,129078,,222,,381,297694.85,,2660,52895.45,,25,1335.98,,2373,269580.04,,693,82346.24,,1180,120254.15,,1886,231672.13,19,482.19,351,,0.61969993476843,0,0,0,,0,65,12416.81,45,,13,105.7,*,,70.920577617329,55,113,75,34,175,102,246,12,,,,12,85,192,1.152277469057
1114968385,Chang,Jonathan,M,M.D.,I,5303 8th Ave,,Brooklyn,NY,36,11220,1,"Metropolitan area core: primary flow within an urbanized area of 50,000 and greater",US,Family Practice,Claim-Specialty,37018,47703.833333333,7937522.85,1401584,867,,35592,45991.566666667,7632954.86,1351219,,833,,11538,7083748.16,,24881,840033.88,,599,13740.81,,32228,6966737.18,,4790,970785.67,,35699,7748542.78,,1319,188980.07,,,,,,,,,,,471,14162.34,275,,89,1400.59,,19,74.19261822376,34,454,274,105,449,418,17,,805,27,,16,777,90,1.1500319362225
1427152750,Hernandez,Renee,,MD,I,888 East 163rd,"#3",Bronx,NY,36,10459,1,"Metropolitan area core: primary flow within an urbanized area of 50,000 and greater",US,Internal Medicine,Claim-Specialty,16086,29237.533333333,2596090.65,840421,510,,14102,25876.833333333,2271818.8,744859,,436,,3024,2311376.11,,12827,274486.16,,235,10228.38,,14749,2492380.69,,1337,103709.96,,14322,2474465.18,,1764,121625.47,52,165.82,1152,15,0.32326246425463,0,0,0,0,0,918,10766,361,,68,64716.37,,13,73.633333333333,74,194,175,67,313,197,,41,,457,,,384,126,1.4597840686946
1427176478,Bolduc,Sarah,J,M.D.,I,89 Genesee St,"Bk Bldg., 3rd Floor",Rochester,NY,36,14611,1,"Metropolitan area core: primary flow within an urbanized area of 50,000 and greater",US,Internal Medicine,Claim-Specialty,1251,1951.5666666667,272119.31,51526,256,,450,766.16666666667,66875.17,20542,,109,,448,245606.62,,785,26077.97,,18,434.72,,1076,224528.52,,175,47590.79,,1038,221088.2,,213,51031.11,,,,,,,,,,,,,,,0,0,,0,60.1171875,147,89,,,94,162,144,71,,37,0,,186,70,1.4442315082645
1427207786,Horn,Joshua,G,RPH,I,111 E Green St,Dan Horn Pharmacy,Olean,NY,36,14760,4,"Micropolitan area core: primary flow within an urban cluster of 10,000 to 49,999",US,Pharmacist,NPPES-Taxonomy,29,29,4967.46,29,24,"#",,,,,"#",,,29,4967.46,,0,0,,0,0,"#",,,*,,,,12,2260.62,,17,2706.84,0,0,0,0,0,0,0,0,0,,0,0,0,*,,,*,,73.458333333333,,,,,,,22,,,0,0,0,,,1.2292083333333
1427301902,Jeong,Yunkyoung,,NP,I,7311 41st Ave,,Woodside,NY,36,11377,1,"Metropolitan area core: primary flow within an urbanized area of 50,000 and greater",US,Nurse Practitioner,Claim-Specialty,11788,13266.8,1827641.1,385774,407,,11645,13109.3,1806344.2,381399,"#",,,2779,1556282.2,,8858,266571.47,,151,4787.43,,10797,1683055.86,,991,144585.24,,11639,1822837.56,,149,4803.54,17,90.17,261,13,0.14421445537835,0,0,0,0,0,188,2848.12,99,,84,1285.54,*,,75.115479115479,,,,,252,155,12,,367,,0,21,381,26,1.171890499007
1427326065,Gao,Pei,,M.D.,I,3916 Prince St Ste 257,,Flushing,NY,36,11354,1,"Metropolitan area core: primary flow within an urbanized area of 50,000 and greater",US,Internal Medicine,Claim-Specialty,16861,20757.2,1741451.94,597795,426,,16572,20421.2,1723418.12,588400,"#",,,2665,1410731.08,,13793,323009.4,,403,7711.46,,16014,1655386.16,,847,86065.78,,16130,1693704.97,,731,47746.97,,,,,,,,,,,301,3579.42,170,,377,10245.92,*,,72.035211267606,,,,,242,184,,,397,,0,,365,61,1.040549429143
1427343722,Kanahara,Satoko,,MD,I,975 Westchester Ave,,Bronx,NY,36,10459,1,"Metropolitan area core: primary flow within an urbanized area of 50,000 and greater",US,Internal Medicine,Claim-Specialty,3148,5858.8666666667,1637460.38,173618,163,,2240,4360.2,870476.37,129598,,104,,891,1555234.03,,2179,80224.05,,78,2002.3,,2818,1446666.8,,330,190793.58,,2986,1556591.63,,162,80868.75,,,,,,,,,,,23,290.7,14,*,,,*,,65.030674846626,59,74,,,90,73,,49,,108,0,,143,20,1.3678052562406
1427347509,Venci,Nicholas,M,M.D.,I,140 Canal View Blvd Ste 102,,Rochester,NY,36,14623,1,"Metropolitan area core: primary flow within an urbanized area of 50,000 and greater",US,Cardiology,Claim-Specialty,4922,10518.2,854079.89,273365,1918,,4490,9725.7,796318.4,253826,,1767,,1982,782037.61,,2940,72042.28,,0,0,,3741,618534.58,,1181,235545.31,,878,153300.88,,4044,700779.01,0,0,0,0,0,0,0,0,0,,,,,,0,0,,0,73.747132429614,151,908,660,199,994,924,1629,121,,58,,82,317,1601,1.1985295473076
1427380518,Miller,Laura,A,RPH,I,1125 Ridge Rd,,Webster,NY,36,14580,1,"Metropolitan area core: primary flow within an urbanized area of 50,000 and greater",US,Pharmacist,NPPES-Taxonomy,38,38,5883.1,38,35,"#",,,,,"#",,,38,5883.1,,0,0,,0,0,"#",,,*,,,*,,,"#",,,0,0,0,0,0,0,0,0,0,,0,0,0,*,,,*,,71.142857142857,,,,,19,16,35,0,0,0,0,0,0,35,0.66728571428571
1427396936,Andrews-Reynolds,Kimberly,S,M.D.,I,55 N Main St,,Freeport,NY,36,11520,1,"Metropolitan area core: primary flow within an urbanized area of 50,000 and greater",US,Internal Medicine,Claim-Specialty,10539,22385.766666667,1304531.41,650663,1109,,9155,19643.333333333,1133854.91,572134,,948,,1467,1068814.56,,8820,222829.87,,252,12886.98,,8882,1081445.03,,1657,223086.38,,9025,1217814.22,,1514,86717.19,114,716.8,1161,57,1.0816965556504,0,0,0,0,0,109,13838.11,89,,31,17581.22,,12,71.528403967538,161,558,300,90,698,411,44,193,,832,,24,845,264,1.2979750885372
1437134418,Good,Larry,I,M.D.,I,176 N Village Ave,Suite 1b,Rockville Centre,NY,36,11570,1,"Metropolitan area core: primary flow within an urbanized area of 50,000 and greater",US,Gastroenterology,Claim-Specialty,4624,8796.8333333333,1425245.26,254504,292,,4330,8256.6333333333,1339271.56,239036,,273,,1182,1262369.06,,3406,161562.92,,36,1313.28,,200,55002.58,,4424,1370242.68,,168,45512.44,,4456,1379732.82,93,2570.55,2363,21,2.0112456747405,0,0,0,0,0,174,71866.96,79,,55,3413.86,,12,75.66095890411,19,114,107,52,171,121,262,,,,0,16,17,275,1.3599446120239
1437134947,Burns,Charles,W,NP,I,6435 Webster Rd,,Orchard Park,NY,36,14127,1,"Metropolitan area core: primary flow within an urbanized area of 50,000 and greater",US,Nurse Practitioner,Claim-Specialty,6670,14127,1141658.16,410629,510,,5640,12370.366666667,773996.22,360327,,441,,1079,991620.6,,5527,147981.67,,64,2055.89,,5214,908617.93,,1456,233040.23,,1039,378015.92,,5631,763642.24,231,5185.74,6155,46,3.4632683658171,21,2468.35,614,,9.0909090909091,195,1820.17,127,*,,,*,,71.490196078431,69,272,129,40,263,247,478,,,,,13,67,443,1.089575009659
1437140985,Wild,James,E,M.D.,I,1 School St,Suite 107,Gowanda,NY,36,14070,7,"Small town core: primary flow within an urban cluster of 2,500 to 9,999",US,Family Practice,Claim-Specialty,10966,17848.4,1151366.53,518355,643,,9337,15755.8,951847.07,458316,,578,,1536,959802.21,,9322,186165.34,,108,5398.98,,6860,624268.09,,4106,527098.44,,2613,242625.36,,8353,908741.17,560,64951.08,14607,98,5.1066934160131,89,34063.91,2647,13,15.892857142857,221,2639.14,118,,65,833.58,*,,73.597200622084,65,305,177,96,357,286,612,0,,,0,25,87,556,1.0340393118786
1437151537,Michnovicz,Jon,,M.D.,I,177 Livingston Street,Lower Level,Brooklyn,NY,36,11201,1,"Metropolitan area core: primary flow within an urbanized area of 50,000 and greater",US,Internal Medicine,Claim-Specialty,15006,15305.433333333,1462557.96,441382,667,,4402,4536,369779.16,131440,,182,,2044,906787.15,,12806,549204.97,,156,6565.84,,1341,132174.01,,13665,1330383.95,,14957,1455253.28,,49,7304.68,30,437.5,808,,0.19992003198721,0,0,0,,0,112,2764.97,55,,163,16475.26,,23,53.99700149925,485,124,47,11,273,394,358,186,12,96,0,15,646,21,1.0417389332791
1437161114,Young,Clifford,U,M.D.,I,1954 Rockaway Pkwy,,Brooklyn,NY,36,11236,1,"Metropolitan area core: primary flow within an urbanized area of 50,000 and greater",US,Internal Medicine,Claim-Specialty,4712,11159.433333333,683436.09,331633,372,,4043,9769.5,587061.34,290362,,324,,741,592304.01,,3752,80530.76,,219,10601.32,,3814,539304.37,,898,144131.72,,3301,542218.42,,1411,141217.67,0,0,0,0,0,0,0,0,0,,13,158.05,12,*,,,*,,71.849462365591,48,194,96,34,238,134,15,293,,27,,33,218,154,0.95925869395731
1437166915,Santiago-Rosado,Livia,,M.D.,I,7901 Broadway,Room A1-9,Elmhurst,NY,36,11373,1,"Metropolitan area core: primary flow within an urbanized area of 50,000 and greater",US,Emergency Medicine,Claim-Specialty,28,28,4121.66,43,21,,28,28,4121.66,43,,21,,24,4108.7,*,,,"#",,,*,,,"#",,,*,,,"#",,,0,0,0,0,0,0,0,0,0,,,,,,0,0,,0,72.333333333333,0,14,,,,,19,0,0,,0,,,,0.72285714285714
1437220084,Rai,Jagraj,S,MD,I,1020 Vestal Pkwy E,,Vestal,NY,36,13850,1,"Metropolitan area core: primary flow within an urbanized area of 50,000 and greater",US,Internal Medicine,Claim-Specialty,12006,28589.466666667,1128327.74,841379,1216,,11191,27009.366666667,1040855.4,796092,,1112,,1160,863717.86,,10788,262188.09,,58,2421.79,,6548,544408.8,,5458,583918.94,,1672,198175.27,,10334,930152.47,259,6040.24,6648,69,2.1572547059803,0,0,0,0,0,166,14194.77,115,,44,856.51,,13,75.168585526316,104,494,423,195,681,535,1122,25,23,,,31,176,1040,1.0824345428253
1437221207,Amin,Hossam,H,MD,I,6903 4th Ave,,Brooklyn,NY,36,11209,1,"Metropolitan area core: primary flow within an urbanized area of 50,000 and greater",US,Pulmonary Disease,Claim-Specialty,42870,56610.433333333,4593655.92,1651118,724,,34792,46665.666666667,3832902.36,1361538,,602,,5902,3224004.19,,34949,1289410.21,,2019,80241.52,,35028,3804109.26,,7842,789546.66,,39507,4275629.46,,3363,318026.46,28,64.78,225,23,0.06531373921157,0,0,0,0,0,1044,14653.6,435,*,,,*,,69.153314917127,122,430,143,29,287,437,366,,82,35,,207,603,121,1.343074336129
1437224755,Fazio,Shawn,E,MD,I,8100 Oswego Road,Suite 220,Liverpool,NY,36,13090,1,"Metropolitan area core: primary flow within an urbanized area of 50,000 and greater",US,Family Practice,Claim-Specialty,9633,21269.2,774075.3,619160,650,,8813,19898.6,713418.17,580106,,606,,957,552751.98,,8560,216984.08,,116,4339.24,,6319,459336.66,,3314,314738.64,,1100,103799.13,,8533,670276.17,320,40218.75,8546,49,3.3219142530883,49,21906.8,1470,,15.3125,377,4990.28,223,,18,249.96,*,,73.184615384615,44,340,204,62,333,317,606,,,,,33,42,608,1.0509461810202
1437290913,Iskander,Nahed,S,MD.,I,104 Union Avenue,Suite 806-807,Syracuse,NY,36,13203,1,"Metropolitan area core: primary flow within an urbanized area of 50,000 and greater",US,Internal Medicine,Claim-Specialty,4198,9006.7,454180.37,263400,352,,3661,8214.4,386137.69,240533,,322,,571,375725.55,,3574,75698.73,,53,2756.09,,2623,235896.34,,1575,218284.03,,1177,165206.05,,3021,288974.32,28,829.27,732,,0.66698427822773,0,0,0,,0,80,4378.74,58,,16,4369.07,*,,74.053977272727,30,159,119,44,236,116,308,15,,,0,13,65,287,0.98755230578855
1437321460,Korneeva-Vladimirsky,Irina,,"M.D.,PHD",I,3065 Brighton 7th St,2 Nd Floor,Brooklyn,NY,36,11235,1,"Metropolitan area core: primary flow within an urbanized area of 50,000 and greater",US,Family Practice,Claim-Specialty,15016,16790.366666667,4457781.64,486554,308,,14280,16018.3,4275960.15,465009,,292,,4419,3389964.22,,10329,1060102.01,,268,7715.41,,2689,491953.09,,12327,3965828.55,,14263,4280100.88,,753,177680.76,96,2308.08,2391,28,0.63931806073522,0,0,0,0,0,313,134243.72,130,,33,31382.23,*,,74.762987012987,16,137,112,43,212,96,223,,,,0,60,261,47,1.4796839237088
1437467123,Li,Yanlun,,DO,I,13630 Maple Ave Ste 2h,,Flushing,NY,36,11355,1,"Metropolitan area core: primary flow within an urbanized area of 50,000 and greater",US,Family Practice,Claim-Specialty,1254,2211.7666666667,199590.11,63461,151,,1203,2128.4,185187.79,61091,"#",,,258,153697.51,,958,44630.14,,38,1262.46,,1156,189533.26,,98,10056.85,,970,156538.51,,284,43051.6,0,0,0,0,0,0,0,0,0,,19,220.81,15,,0,0,*,,74.066225165563,,,,,92,59,,60,63,13,,,73,78,1.351693993849
1437472370,Meyers,Mariam,M,PHARM.D,I,751 Hawkins Ave,,Lake Ronkonkoma,NY,36,11779,1,"Metropolitan area core: primary flow within an urbanized area of 50,000 and greater",US,Pharmacist,NPPES-Taxonomy,16,16,2991.21,16,15,,16,16,2991.21,16,,15,,16,2991.21,,0,0,,0,0,*,,,"#",,,*,,,"#",,,0,0,0,0,0,0,0,0,0,,0,0,0,,0,0,,0,71.933333333333,0,12,,,,,11,0,,,0,0,,,1.7310688285967
1437505088,Ellsworth,David,F,DO,I,87 Plaza Blvd,,Plattsburgh,NY,36,12901,4,"Micropolitan area core: primary flow within an urban cluster of 10,000 to 49,999",US,Internal Medicine,Claim-Specialty,7617,15659.066666667,1027643.32,453563,579,,5511,12182.233333333,747480.95,355094,,420,,1212,868147.77,,6287,154014.19,,118,5481.36,,3985,546457.22,,3632,481186.1,,3698,568847.92,,3919,458795.4,282,8507.4,6204,55,3.7022449783379,46,3414.71,783,,16.312056737589,108,1537.76,85,,27,6242.01,*,,68.177892918826,159,235,143,42,252,327,549,,,,0,18,231,348,1.2247093282679
1437598711,Janjua,Sarah,A,M.D.,I,1425 Portland Ave,,Rochester,NY,36,14621,1,"Metropolitan area core: primary flow within an urbanized area of 50,000 and greater",US,Internal Medicine,Claim-Specialty,2855,5116.5666666667,284609.85,144049,546,,1935,3664.6666666667,211544.74,104173,,383,,502,236445.87,,2274,44153.89,,79,4010.09,,2419,246190.11,,436,38419.74,,2062,220231.27,,793,64378.58,34,2723.13,610,17,1.1908931698774,0,0,0,0,0,56,629.92,46,*,,,*,,68.384615384615,163,223,118,42,335,211,190,181,,151,,15,310,236,1.4243493463494
1447218342,Jayaram,Prathima,K,MBBS,I,1850 Brighton Henrietta Town Line Rd,,Rochester,NY,36,14623,1,"Metropolitan area core: primary flow within an urbanized area of 50,000 and greater",US,Internal Medicine,NPPES-Specialty,5514,13009.466666667,255460.71,378357,722,,5072,12140.266666667,240025.64,353289,,659,,749,155168.3,,4711,98539.479999999,,54,1752.93,,5410,250497.65,,104,4963.06,,1148,49879.34,,4366,205581.37,339,6258.36,7155,87,6.1479869423286,,,,,,115,1000.5,82,*,,,*,,73.073407202216,63,361,220,78,452,270,362,117,90,120,,,114,608,1.3966827991674
1447232855,Lettrick,Michael,A,MD,I,1528 Columbia Tpke,,Castleton,NY,36,12033,1,"Metropolitan area core: primary flow within an urbanized area of 50,000 and greater",US,Family Practice,Claim-Specialty,7449,16412.333333333,851699.95,478713,545,,6573,14943.866666667,749504.4,436933,,503,,1022,687635.12,,6273,159001.5,,154,5063.33,,4543,510008.28,,2906,341691.67,,1197,218680.53,,6252,633019.42,218,37855.51,5272,45,2.9265673244731,15,33260.28,412,,6.8807339449541,223,24122.58,144,,40,988.47,*,,74.566972477064,42,235,188,80,262,283,512,,,,0,20,60,485,1.1654059942291
1447252796,Ryan,Stephen,D,"MD, MPH",I,1415 Portland Ave,,Rochester,NY,36,14621,1,"Metropolitan area core: primary flow within an urbanized area of 50,000 and greater",US,Geriatric Medicine,Claim-Specialty,5241,5751.6,353814.67,76755,256,,4982,5345.5333333333,308628.86,65495,,227,,831,281405.89,,4385,70314.69,,25,2094.09,,4280,315918.48,,961,37896.19,,2192,224311.32,,3049,129503.35,24,696.89,557,19,0.45792787635947,,,,,,70,1617.64,44,,159,92149.42,,12,78.125,29,71,78,78,171,85,176,47,,24,0,,206,50,3.1719482026137
1447259403,Saini,Rajeev,,M.D.,I,21 N 2nd St,,Fulton,NY,36,13069,2,"Metropolitan area high commuting: primary flow 30% or more to a urbanized area of 50,000 and greater",US,Internal Medicine,Claim-Specialty,12437,27452.966666667,1237030.97,806671,931,,11236,24842.2,1067812.93,730333,,854,,1543,1008007.58,,10704,219498.18,,190,9525.21,,8274,775074.23,,4163,461956.74,,2623,328807.98,,9814,908222.99,404,14114.58,11102,90,3.248371793841,22,7500.97,640,,5.4455445544554,267,2428.36,177,,35,1875.9,,12,74.227712137487,77,448,275,131,504,427,883,,,,,28,132,799,1.189622949034
1447274014,Ting,Henry,Y,MD,I,133-29 41st Road,Suite 2b,Flushing,NY,36,11355,1,"Metropolitan area core: primary flow within an urbanized area of 50,000 and greater",US,Internal Medicine,Claim-Specialty,9461,18898.333333333,791622.37,563277,664,,9382,18799.333333333,781932.88,560433,"#",,,1020,516775.01,,8345,271352.34,,96,3495.02,,7975,642857.21,,1486,148765.16,,4988,478930.57,,4473,312691.8,,,,,,,,,,,44,669.72,34,,0,0,*,,75.73343373494,,,,,355,309,,,622,,0,23,267,397,1.0264220303198
1447282199,Burstein,Gale,R,MD,I,219 Bryant Street,,Buffalo,NY,36,14222,1,"Metropolitan area core: primary flow within an urbanized area of 50,000 and greater",US,Pediatric Medicine,NPPES-Specialty,815,815,140913.47,2929,617,,760,760,131556.33,2787,,574,,813,140832.87,*,,,*,,,,597,102908.91,,218,38004.56,,106,19619.83,,709,121293.64,0,0,0,0,0,0,0,0,0,,0,0,0,,0,0,,0,73.444084278768,43,315,200,59,337,280,582,,,,0,28,79,538,1.0193324014172
1447328059,Boughal,Richard,P,MD,I,308 Main Street,,Northport,NY,36,11768,1,"Metropolitan area core: primary flow within an urbanized area of 50,000 and greater",US,Internal Medicine,Claim-Specialty,2775,6041.8666666667,240572.74,171712,300,,2700,5894.5333333333,231819.01,167659,"#",,,336,188613.95,,2421,51795.76,,18,163.03,,512,37412.97,,2263,203159.77,,243,40940.03,,2532,199632.71,14,78.84,110,,0.5045045045045,0,0,0,,0,152,1858.31,94,,0,0,*,,76.816666666667,,,,,163,137,274,,,,0,14,20,280,1.1498370121361
1447368568,Zarcone,Valerie,J,DO,I,11 Peekskill Hollow Road,,Putnam Valley,NY,36,10579,1,"Metropolitan area core: primary flow within an urbanized area of 50,000 and greater",US,Internal Medicine,Claim-Specialty,4973,9776.2333333333,539385.52,278224,495,,4565,9246.2333333333,511268.51,265624,,463,,807,412719.77,,4121,121164.08,,45,5501.67,,1170,117977.81,,3803,421407.71,,1507,160034.39,,3466,379351.13,87,1483.03,1611,43,1.7494470138749,,,,,,121,8192.05,79,,45,540.14,*,,74.662626262626,32,220,172,71,348,147,426,25,,17,,19,83,412,1.3923067909389
1447384896,Marlatt,Brian,J,,I,12 Park Dr,,Hornell,NY,36,14843,4,"Micropolitan area core: primary flow within an urban cluster of 10,000 to 49,999",US,Pharmacist,NPPES-Taxonomy,29,29,5105.83,29,26,"#",,,,,"#",,,29,5105.83,,0,0,,0,0,*,,,"#",,,*,,,"#",,,0,0,0,0,0,0,0,0,0,,0,0,0,*,,,*,,72.038461538462,,,,,11,15,24,,0,0,0,,,,0.70853846153846
1447406459,Yuricic,Allen,,RPH,I,1300 Franklin Ave,,Garden City,NY,36,11530,1,"Metropolitan area core: primary flow within an urbanized area of 50,000 and greater",US,Pharmacist,NPPES-Taxonomy,52,52,9940.49,53,46,,52,52,9940.49,53,,46,,52,9940.49,,0,0,,0,0,*,,,"#",,,*,,,"#",,,0,0,0,0,0,0,0,0,0,,0,0,0,,0,0,,0,74.804347826087,0,28,,,33,13,37,,,,0,,,,0.80060869565217
1447419189,Hong,Jia,,MD,I,4235 Main Street Suite 3k,,Flushing,NY,36,11355,1,"Metropolitan area core: primary flow within an urbanized area of 50,000 and greater",US,Family Practice,Claim-Specialty,6193,10722.233333333,658376.65,314314,286,,6176,10677.233333333,657683.5,313006,"#",,,896,533954.75,,5163,120901.36,,134,3520.54,,5804,606408.3,,389,51968.35,,5629,642393.64,,564,15983.01,0,0,0,0,0,0,0,0,0,,50,641.78,40,,21,382.99,*,,71.975524475524,,,,,170,116,,,271,,0,,233,53,0.9640641025641
1447562376,Lu,Ling,,,I,758 61st St Ste A,,Brooklyn,NY,36,11220,1,"Metropolitan area core: primary flow within an urbanized area of 50,000 and greater",US,Internal Medicine,Claim-Specialty,11685,15610.166666667,2087867.99,453511,809,,11403,15274,2024298.92,443758,,783,,2980,1712091.77,,8529,372884.96,,176,2891.26,,11131,1994819.22,,554,93048.77,,11282,2047456.48,,403,40411.51,,,,,,,,,,,192,1831.16,148,*,,,*,,72.538936959209,26,534,192,57,398,411,,,775,,0,13,743,66,1.2084646910225
1447630785,Farooq,Khurram,,M.D.,I,42084 State Highway 28,,Margaretville,NY,36,12455,10,"Rural areas: primary flow to a tract outside a urbanized area of 50,000 and greater or UC",US,Family Practice,Claim-Specialty,4866,4869.2333333333,117005.61,38225,150,,4838,4839.7333333333,115164.57,37753,,135,,713,74004.29,,4126,40386.81,,27,2614.51,,1368,37678.88,,3498,79326.73,,4352,106797.9,,514,10207.71,12,1250.26,138,,0.24660912453761,,,,,,42,570.62,36,,77,438.47,*,,79.34,15,34,51,50,94,56,137,,,,0,,86,64,1.6115766184851
1447670203,Steinmetz,Lauren,L,M.D.,I,3675 Southwestern Blvd,,Orchard Park,NY,36,14127,1,"Metropolitan area core: primary flow within an urbanized area of 50,000 and greater",US,Family Practice,Claim-Specialty,4277,9747.4,432233.87,284306,594,,3728,8805.6666666667,383586.79,257741,,533,,623,333436.52,,3611,96295.1,,43,2502.25,,3087,261987.31,,1190,170246.56,,887,92434.79,,3390,339799.08,125,4718.41,3455,40,2.922609305588,,,,,,76,788.33,65,*,,,*,,73.449494949495,61,268,195,70,346,248,561,,,,0,20,74,520,1.1404804442187
1447789490,Augustin,Kimberley,,FNP,I,6200 Beach Channel Dr,,Arverne,NY,36,11692,1,"Metropolitan area core: primary flow within an urbanized area of 50,000 and greater",US,Nurse Practitioner,NPPES-Specialty,2761,4903.8666666667,573896.01,143082,244,,1823,3305.2333333333,352011.22,97164,,159,,520,508661.95,,2134,63035.62,,107,2198.44,,2250,456766.34,,511,117129.67,,2494,545805.99,,267,28090.02,0,0,0,0,0,0,0,0,0,,59,894.36,44,,13,130.63,*,,65.741803278689,85,106,,,160,84,21,150,,54,,,198,46,1.2125728374574
1447853551,Chun,Philip,,,I,4999 State Highway 30,,Amsterdam,NY,36,12010,2,"Metropolitan area high commuting: primary flow 30% or more to a urbanized area of 50,000 and greater",US,Pharmacist,NPPES-Taxonomy,64,64,10707.72,180,55,,64,64,10707.72,180,,55,,60,10694.21,*,,,"#",,,,42,7547.16,,22,3160.56,*,,,"#",,,0,0,0,0,0,0,0,0,0,,0,0,0,,0,0,,0,71.672727272727,0,37,,,33,22,45,0,,,0,,,,0.81427727272727
1457028482,Huang,Xiaoxia,,,I,3712 Prince St Ste 8d,,Flushing,NY,36,11354,1,"Metropolitan area core: primary flow within an urbanized area of 50,000 and greater",US,Nurse Practitioner,NPPES-Specialty,3751,5920.3666666667,793817.5,173625,423,,3716,5874.7,788542.6,172371,"#",,,928,634226.29,,2771,158469.59,,52,1121.62,,3436,735637.1,,315,58180.4,,3545,767162.1,,206,26655.4,0,0,0,0,0,0,0,0,0,,55,591.49,54,*,,,*,,74.146572104019,,,,,235,188,,,403,,0,11,362,61,1.2076600618268
1457309833,Santos,Minerva,,M.D.,I,3680 Hill Blvd,"Mount Kisco Medical Group, Pc",Jefferson Valley,NY,36,10535,1,"Metropolitan area core: primary flow within an urbanized area of 50,000 and greater",US,Internal Medicine,Claim-Specialty,4277,11072.233333333,396814.29,327607,526,,4186,10864.566666667,395117.71,321620,,507,,454,295554.03,,3804,100966.46,,19,293.8,,1511,108466.95,,2766,288347.34,,834,163218.32,,3443,233595.97,13,125.19,219,,0.30395136778116,,,,,,85,1697.54,71,,17,1028.25,*,,74.726235741445,19,276,154,77,409,117,413,22,,62,,20,74,452,1.0211066953469
1457318198,Blackburn,Robert,E,M.D.,I,279 East Ave,"Hilton Health Care, P.C.",Hilton,NY,36,14468,1,"Metropolitan area core: primary flow within an urbanized area of 50,000 and greater",US,Family Practice,Claim-Specialty,9619,19877.733333333,647062.61,575305,951,,8092,17697.566666667,540188,513781,,855,,928,441366.29,,8598,201934.41,,93,3761.91,,8266,540076.79,,1353,106985.82,,1682,155431.75,,7937,491630.86,508,31007.01,10977,134,5.2812142634369,82,18346.96,2420,30,16.141732283465,240,2963.04,143,,38,1327.93,,15,72.960042060988,96,446,320,89,463,488,887,,,,,43,111,840,0.87295535871555
1457323727,Liong,Fei-Lien,H,MD,I,86 Bowery Unit 5,,New York,NY,36,10013,1,"Metropolitan area core: primary flow within an urbanized area of 50,000 and greater",US,Internal Medicine,Claim-Specialty,5303,11514.666666667,746687.24,341773,282,,5247,11442.333333333,738164.01,339787,"#",,,888,608789.32,,4372,136970.23,,43,927.69,,3946,569332.86,,1357,177354.38,,3966,629238.31,,1337,117448.93,0,0,0,0,0,0,0,0,0,,68,944.85,40,,12,78.71,*,,78.751773049645,,,,,183,99,,,262,,0,,176,106,1.1820063413116
1457328775,Benjamin,Aline,S,M.D.,I,624 Kings Hwy,,Brooklyn,NY,36,11223,1,"Metropolitan area core: primary flow within an urbanized area of 50,000 and greater",US,Internal Medicine,Claim-Specialty,2190,4690.4333333333,323270.81,135094,233,,1963,4328.6333333333,253487.18,124510,,217,,332,216053.04,,1842,106033.34,,16,1184.43,,634,73469.54,,1556,249801.27,,1358,269790.4,,832,53480.41,0,0,0,0,0,0,0,0,0,,122,883.47,91,*,,,*,,74.326180257511,16,116,64,37,186,47,186,18,,12,,12,94,139,0.96547025472526
1457340432,Constantine,Francis,R,MD,I,3946 Oneida St,,New Hartford,NY,36,13413,1,"Metropolitan area core: primary flow within an urbanized area of 50,000 and greater",US,Internal Medicine,Claim-Specialty,10704,23428.333333333,1062813.03,690350,596,,9227,21132.833333333,894634.49,623801,,539,,1534,857151.15,,9051,200541.65,,119,5120.23,,6021,525044.52,,4683,537768.51,,3352,403438.05,,7352,659374.98,106,8820.81,2710,23,0.99028400597907,22,5181.53,660,,20.754716981132,125,24571.31,84,,13,1753.03,*,,73.667785234899,57,278,196,65,320,276,556,,,,0,25,120,476,1.0525722127455
1457349375,Zhang,Zhiguang,,MD,I,5717 7th Ave Fl 1,,Brooklyn,NY,36,11220,1,"Metropolitan area core: primary flow within an urbanized area of 50,000 and greater",US,Internal Medicine,Claim-Specialty,7515,12055.3,769378.52,345486,251,,7407,11883.966666667,762591.65,340501,"#",,,1125,577973.25,,6310,190149.23,,80,1256.04,,7004,724333.8,,511,45044.72,,7291,754930.73,,224,14447.79,,,,,,,,,,,266,2770.11,139,,20,222.31,*,,71.258964143426,,,,,106,145,0,,244,,0,,232,19,1.0247135094332
1457394306,Lee,Jung,L,MD,I,143-25a Roosevelt Ave.,,Flushing,NY,36,11354,1,"Metropolitan area core: primary flow within an urbanized area of 50,000 and greater",US,General Surgery,Claim-Specialty,59658,63025.533333333,9392182.49,1862244,676,,59393,62752.3,9359787.12,1854192,"#",,,17170,8400572.48,,42007,973226.63,,481,18383.38,,46844,7481541.09,,12814,1910641.4,,59416,9385373.9,,242,6808.59,16,93.92,253,,0.026819538033457,0,0,0,,0,654,8223.03,340,,54,9332.05,*,,78.513313609467,,,,,439,237,,0,628,,0,36,655,21,1.330999142021
1457396582,Zucker,Jane,R,MD MS,I,303 Ninth Avenue,3rd Floor,New York,NY,36,10001,1,"Metropolitan area core: primary flow within an urbanized area of 50,000 and greater",US,Internal Medicine,NPPES-Taxonomy,60,66,12437.93,704,44,"#",,,,,"#",,,54,12371.72,*,,,"#",,,,34,7347.49,,26,5090.44,,30,7216.82,,30,5221.11,0,0,0,0,0,0,0,0,0,,0,0,0,*,,,*,,74.318181818182,,,,,29,15,20,11,,,0,,20,24,1.3951546717172
1457483455,Meer,John,F,MD,I,154 W 71st St,,New York,NY,36,10023,1,"Metropolitan area core: primary flow within an urbanized area of 50,000 and greater",US,Internal Medicine,Claim-Specialty,8336,18022.3,1117829.82,524601,687,,7414,16557.833333333,982442.46,483035,,638,,1395,947213.55,,6798,163913.39,,143,6702.88,,6076,886565.65,,2260,231264.17,,3251,505724.21,,5085,612105.61,208,4044.96,3880,34,2.4952015355086,0,0,0,0,0,114,868.9,91,,36,515.26,*,,74.770014556041,49,314,220,104,397,290,227,265,,148,,27,182,505,1.3753720679222
1457498933,Cruz,Alcedo,A,MD,I,375 E Fordham Rd,,Bronx,NY,36,10458,1,"Metropolitan area core: primary flow within an urbanized area of 50,000 and greater",US,Internal Medicine,Claim-Specialty,13428,22917.233333333,1357058.79,684787,573,,12095,20946.833333333,1249129.93,625994,,515,,1823,1161368.59,,11130,186864.1,,475,8826.1,,12906,1292119.89,,522,64938.9,,12567,1289783.53,,861,67275.26,0,0,0,0,0,0,0,0,0,,22,508.45,17,,32,657.91,*,,71.74520069808,58,344,135,36,321,252,,12,,554,0,,503,70,0.99569091728694
1457505919,Mcrorie,Ann,M,,I,4317 Skillman Ave,,Sunnyside,NY,36,11104,1,"Metropolitan area core: primary flow within an urbanized area of 50,000 and greater",US,Pharmacist,NPPES-Taxonomy,19,19,2988.99,19,19,"#",,,,,"#",,,19,2988.99,,0,0,,0,0,*,,,*,,,*,,,"#",,,0,0,0,0,0,0,0,0,0,,0,0,0,*,,,*,,73.578947368421,,,,,,,18,,,0,0,0,,,0.71985614239271
1457670812,Acosta,Elizabeth,,RPH,I,1 Jericho Tpke,,Mineola,NY,36,11501,1,"Metropolitan area core: primary flow within an urbanized area of 50,000 and greater",US,Pharmacist,NPPES-Taxonomy,50,50,9075.86,50,46,"#",,,,,"#",,,50,9075.86,,0,0,,0,0,*,,,"#",,,*,,,"#",,,0,0,0,0,0,0,0,0,0,,0,0,0,*,,,*,,73.782608695652,,,,,25,21,33,,,,0,,,,0.7650652173913
1457676355,Amoruso,Leonard,D,DO,I,10 Union Sq E,Suite 3j,New York,NY,36,10003,1,"Metropolitan area core: primary flow within an urbanized area of 50,000 and greater",US,Internal Medicine,Claim-Specialty,13877,25419.833333333,1938630.21,746340,1325,,11850,22139.6,1578310.19,651227,,1118,,2431,1464131.84,,11120,463134.13,,326,11364.24,,11565,1613749.15,,2312,324881.06,,12294,1804997.5,,1583,133632.71,157,1288.02,2754,42,1.1313684513944,,,,,,69,954.8,47,,28,1528.96,*,,71.859622641509,207,613,395,110,849,476,230,231,45,788,,,1060,265,1.4914251521413
1457694267,Xie,Anli,,,I,837 59th St,,Brooklyn,NY,36,11220,1,"Metropolitan area core: primary flow within an urbanized area of 50,000 and greater",US,Nurse Practitioner,NPPES-Specialty,5249,5904.9,1140656.17,169673,382,,5192,5846.1,1123722.09,168071,"#",,,1248,687955.69,,3919,451175.72,,82,1524.76,,4934,1082957.29,,315,57698.88,,5234,1140347.78,,15,308.39,,,,,,,,,,,91,1247.88,79,*,,,*,,72.005235602094,,,,,203,179,0,0,378,,0,,,,0.97163944491077
1457970261,Subran,Daryl,,PHARMD,I,381 Broadway,,Monticello,NY,36,12701,7,"Small town core: primary flow within an urban cluster of 2,500 to 9,999",US,Pharmacist,NPPES-Taxonomy,14,14,2531.32,18,13,,14,14,2531.32,18,,13,,13,2518.71,*,,,"#",,,*,,,*,,,*,,,"#",,,0,0,0,0,0,0,0,0,0,,,,,,0,0,,0,76.230769230769,0,,,,,,11,0,,,0,0,,,0.84969230769231
1467421305,Kuntz,Bruce,L,MD,I,1780 Hanshaw Rd,,Ithaca,NY,36,14850,1,"Metropolitan area core: primary flow within an urbanized area of 50,000 and greater",US,Family Practice,Claim-Specialty,10393,20397.1,1058968.79,593798,673,,8361,17012.033333333,896253.94,496803,,574,,1273,848771.78,,8977,203189.22,,143,7007.79,,6625,712343.66,,3768,346625.13,,3870,386628.88,,6523,672339.91,376,17608.11,8751,71,3.6178196863273,66,10077.33,1885,,17.553191489362,183,2594.85,120,,40,517.74,*,,71.778603268945,99,313,211,50,328,345,600,29,,,,24,170,503,1.0919512300213
1467446054,Delmonte Peguero,Ramon,M,MD,I,610 Academy St,Suite 10a,New York,NY,36,10034,1,"Metropolitan area core: primary flow within an urbanized area of 50,000 and greater",US,Internal Medicine,Claim-Specialty,22263,41453.5,2415872.39,1204104,1220,,20719,38616.733333333,2224064.3,1123131,,1114,,2907,2092504.5,,18736,310966.32,,620,12401.57,,20502,2219271.7,,1761,196600.69,,20575,2338382.24,,1688,77490.15,42,157.43,891,11,0.18865382023986,0,0,0,0,0,275,2596.51,172,,20,130.65,*,,73.900819672131,106,579,389,146,743,477,24,14,,1170,0,,1057,163,1.1009178687683
1467451534,Shulman,David,S,M.D.,I,535 Main St,,Olean,NY,36,14760,4,"Micropolitan area core: primary flow within an urban cluster of 10,000 to 49,999",US,Family Practice,Claim-Specialty,7344,14656.533333333,682984.05,429329,498,,6563,13453.833333333,628944.34,394557,,453,,932,556414.07,,6346,122422.41,,66,4147.57,,5047,501223.16,,2297,181760.89,,2365,247466.85,,4979,435517.2,98,1173.13,1888,30,1.3344226579521,,,,,,122,5715.2,83,,15,313.39,*,,73.110441767068,45,247,156,50,273,225,479,,,,0,,111,387,1.1334493292193
1467452441,Abess,Gerard,F,M.D.,I,3 Irongate Center,,Glens Falls,NY,36,12801,1,"Metropolitan area core: primary flow within an urbanized area of 50,000 and greater",US,Family Practice,Claim-Specialty,8576,17505.466666667,852448.15,508729,662,,7809,16340.7,807204.39,475555,,602,,1128,690163.18,,7320,158490.52,,128,3794.45,,5967,536929.57,,2609,315518.58,,1371,165773.49,,7205,686674.66,314,8537.84,7541,69,3.6613805970149,20,1435.39,561,,6.3694267515924,201,12033.25,139,,70,3961.75,,17,73.222054380665,60,312,212,78,337,325,630,,,,0,18,82,580,1.0536012644158
1467483917,Song,Min,,MD,I,227 Madison St,"Medicine, 4th Floor, Gouverneur Healthcare Services",New York,NY,36,10002,1,"Metropolitan area core: primary flow within an urbanized area of 50,000 and greater",US,Internal Medicine,Claim-Specialty,8588,16076.3,1220358.09,470551,549,,8453,15861,1199483.54,464222,,534,,1494,975548.79,,6888,239567.99,,206,5241.31,,7938,1142990.55,,650,77367.54,,8406,1216259.9,,182,4098.19,14,284.46,244,,0.16301816488123,0,0,0,,0,128,1121.1,104,,17,264.4,*,,74.539162112933,15,302,168,64,287,262,,,534,,0,,524,25,1.0889824515214
1467489237,Greenwood,Gaylinn,M,MD,I,2260 Lake Avenue,Suite 1000,Rochester,NY,36,14612,1,"Metropolitan area core: primary flow within an urbanized area of 50,000 and greater",US,Family Practice,Claim-Specialty,5328,12305.566666667,533422,360748,440,,4790,11301.266666667,489680.02,331644,,407,,668,419009.94,,4612,110688.21,,48,3723.85,,4394,407627.04,,934,125794.96,,801,71691.68,,4527,461730.32,174,5001.16,4596,36,3.2657657657658,12,653.55,358,,6.8965517241379,118,1512.65,83,*,,,*,,74.145454545455,33,203,152,52,329,111,415,,,,,17,39,401,0.90501007157799
1467527655,Obrien,John,G,MD,I,8100 Oswego Road,Suite 220,Liverpool,NY,36,13090,1,"Metropolitan area core: primary flow within an urbanized area of 50,000 and greater",US,Family Practice,Claim-Specialty,5712,13864.933333333,331676.89,404901,617,,5447,13353.5,309953.94,390373,,589,,562,203899.46,,5075,125124.81,,75,2652.62,,3940,222599.75,,1772,109077.14,,618,34130.3,,5094,297546.59,50,1922.58,1682,12,0.87535014005602,11,653.9,330,,22,238,2583.74,188,,30,570.55,*,,74.897893030794,28,285,214,90,311,306,575,,,,0,25,42,575,1.0457198352174
1467536391,Leonidas,Leonard,,,I,35 Empire State Blvd,,Castleton,NY,36,12033,1,"Metropolitan area core: primary flow within an urbanized area of 50,000 and greater",US,Internal Medicine,Claim-Specialty,7002,15516.4,706329.43,450914,682,,5819,13358.3,609865.05,389431,,605,,865,542140.67,,6011,158489.63,,126,5699.13,,4585,456471.06,,2417,249858.37,,2017,225500.63,,4985,480828.8,480,19280.74,12091,84,6.8551842330763,49,5336.22,1559,12,10.208333333333,155,1668.3,104,*,,,*,,72.350439882698,77,336,202,67,349,333,629,13,,,0,30,118,564,1.1365621682009
1467536755,Cao,Kent,B,M.D.,I,136-21 Roosevelt Ave.,Suite 205,Flushing,NY,36,11354,1,"Metropolitan area core: primary flow within an urbanized area of 50,000 and greater",US,Internal Medicine,Claim-Specialty,20267,30496.866666667,1978803.31,884452,644,,19807,29925.4,1938555.42,868457,,629,,2896,1576741.97,,17110,393979.43,,261,8081.91,,18554,1752628.04,,1713,226175.27,,19088,1880518.94,,1179,98284.37,,,,,,,,,,,472,4603.74,266,,44,2582.65,*,,74.413043478261,15,357,191,81,375,269,,,617,,0,,533,111,1.2313801738637
1467615823,Manessis,Anastasios,,MD,I,36 7th Ave,Suite 507,New York,NY,36,10011,1,"Metropolitan area core: primary flow within an urbanized area of 50,000 and greater",US,Endocrinology,Claim-Specialty,8654,18958.7,4605256.18,561839,1196,,7614,17032.966666667,3884765.75,504940,,1073,,4357,4379068.67,,3481,129268.05,,816,96919.46,,3990,2180035.47,,4664,2425220.71,,3613,2198341.23,,5041,2406914.95,11,106.78,140,,0.1271088513982,0,0,0,,0,25,235.06,18,,0,0,,0,72.842809364549,123,568,399,106,677,519,798,110,56,181,,,404,792,1.4809002497529
1467624494,Oconnor,Brandon,,M.D.,I,9 Orchard St,,Port Jervis,NY,36,12771,4,"Micropolitan area core: primary flow within an urban cluster of 10,000 to 49,999",US,Family Practice,Claim-Specialty,3711,3746.5,207781.38,69113,568,,3178,3213.5,178734.56,58027,,501,,609,145221.28,,3073,61821.98,,29,738.12,,716,41490.28,,2995,166291.1,,1937,111654.31,,1774,96127.07,94,1309.4,1630,46,2.5330099703584,,,,,,370,10285.93,283,,46,1105.15,,16,74.021126760563,67,222,178,101,366,202,524,13,,16,,14,120,448,1.5327115934114
1467694703,Pal,Amandeep,,MD,I,6334 Robinson Rd,,Lockport,NY,36,14094,2,"Metropolitan area high commuting: primary flow 30% or more to a urbanized area of 50,000 and greater",US,Family Practice,Claim-Specialty,27003,52822.7,2983477.1,1548692,1797,,22794,46015.433333333,2590837.36,1351494,,1538,,3712,2438143.48,,22794,518190.99,,497,27142.63,,16589,1516702.56,,10414,1466774.54,,11077,1165218.67,,15926,1818258.43,368,7151.04,9944,133,1.3628115394586,18,1480.8,540,,4.8913043478261,484,4459.88,337,,194,10706.38,,35,72.714524207012,259,791,518,229,989,808,1620,58,,29,,59,490,1307,1.3390257842347
1467698563,Ukowska,Renata,Z,MD,I,760 Broadway,Woodhull Medical & Mental Health Center,Brooklyn,NY,36,11206,1,"Metropolitan area core: primary flow within an urbanized area of 50,000 and greater",US,Internal Medicine,Claim-Specialty,8131,16484.3,1052399.15,485630,518,,7258,14926.9,909636.06,439862,,476,,1261,880982.04,,6803,168788.75,,67,2628.36,,6483,842890.35,,1648,209508.8,,6006,793902.2,,2125,258496.95,,,,,,,,,,,77,2719.28,55,,24,1170.89,*,,72.138996138996,42,298,147,31,337,181,426,,,33,,46,337,181,0.99673682456647
1467782615,Zheng,Li,,M.D.,I,13640 39th Ave,Suite 401,Flushing,NY,36,11354,1,"Metropolitan area core: primary flow within an urbanized area of 50,000 and greater",US,Family Practice,Claim-Specialty,6959,9169.3333333333,1084107.33,267580,210,,6795,8960.9,1057280.79,261385,"#",,,1510,942393.03,,5310,137031.47,,139,4682.83,,6312,1000077.77,,647,84029.56,,6452,1058543.87,,507,25563.46,,,,,,,,,,,71,602.41,46,*,,,*,,72.338095238095,,,,,106,104,0,,197,,0,,173,37,1.0119012118388
1467853689,Rao,Roshan,,PHARM D,I,2282 Jericho Tpke,,Garden City Park,NY,36,11040,1,"Metropolitan area core: primary flow within an urbanized area of 50,000 and greater",US,Pharmacist,NPPES-Taxonomy,34,34,6236.18,58,30,"#",,,,,"#",,,34,6236.18,,0,0,,0,0,*,,,"#",,,*,,,"#",,,0,0,0,0,0,0,0,0,0,,0,0,0,*,,,*,,73.566666666667,,,,,18,12,18,,0,,0,,,,1.1937511978004
1467984880,Tran,Daisy,H,M.D.,I,240 Meeting House Ln,,Southampton,NY,36,11968,1,"Metropolitan area core: primary flow within an urbanized area of 50,000 and greater",US,Family Practice,Claim-Specialty,3051,7343.2666666666,159215.57,210782,626,,2779,6798.4666666666,137105.18,195808,,566,,333,110801.72,,2676,47531.059999999,,42,882.79,,2969,143095.76,,82,16119.81,,1329,70672.75,,1722,88542.82,103,1586.05,2221,55,3.3759423139954,,,,,,105,1182.47,72,*,,,*,,72.290734824281,60,325,185,56,437,189,205,93,12,305,0,11,230,396,1.2310789615329
1477042737,Kalathas,Theofanis,,M.D.,I,156 West Ave Fl 2,,Brockport,NY,36,14420,2,"Metropolitan area high commuting: primary flow 30% or more to a urbanized area of 50,000 and greater",US,Internal Medicine,Claim-Specialty,7979,17927.6,718066.01,526032,891,,6839,15796.466666667,585958.43,464794,,783,,1005,526095.6,,6894,187117.06,,80,4853.35,,6178,530233.42,,1801,187832.59,,1873,207804.79,,6106,510261.22,35,420.11,670,18,0.43865146008272,,,,,,133,1638.3,101,,21,371,*,,73.499438832772,108,363,302,118,555,336,833,17,,18,,20,142,749,1.2618043600551
1477071165,Gurm,Manreet,K,PHARMD,I,16 Court St,,Brooklyn,NY,36,11241,1,"Metropolitan area core: primary flow within an urbanized area of 50,000 and greater",US,Pharmacist,NPPES-Taxonomy,17,17,2499.45,17,17,"#",,,,,"#",,,17,2499.45,,0,0,,0,0,*,,,"#",,,*,,,"#",,,0,0,0,0,0,0,0,0,0,,0,0,0,*,,,*,,71.294117647059,,,,,,,13,,0,0,0,,,,0.93058823529412
1477501609,Bennett,Brian,R,MD,I,77 Nelson St,Suite 310,Auburn,NY,36,13021,4,"Micropolitan area core: primary flow within an urban cluster of 10,000 to 49,999",US,Internal Medicine,Claim-Specialty,14447,30434.466666667,1300531.7,890056,952,,13246,28388.266666667,1208286.9,831794,,887,,1601,1037973.55,,12659,251269.91,,187,11288.24,,8288,724966.95,,6159,575564.75,,2808,306974.17,,11639,993557.53,568,15749.28,14191,118,3.9316120993978,42,4968.72,1260,,7.3943661971831,314,3008.58,192,,71,1675.57,,12,74.240546218487,65,456,302,129,446,506,900,12,,,0,32,122,830,1.2298979053805
1477501864,Sabados,Christine,,RPH,I,250 Page Ave,,Staten Island,NY,36,10307,1,"Metropolitan area core: primary flow within an urbanized area of 50,000 and greater",US,Pharmacist,NPPES-Taxonomy,52,52,8385.41,52,45,"#",,,,,"#",,,52,8385.41,,0,0,,0,0,*,,,"#",,,*,,,"#",,,0,0,0,0,0,0,0,0,0,,0,0,0,*,,,*,,71.6,,,,,22,23,40,,,0,0,,,,0.75087549583281
1477512259,Cange,Jean,M,M.D.,I,400 International Dr.,,Williamsville,NY,36,14221,1,"Metropolitan area core: primary flow within an urbanized area of 50,000 and greater",US,Family Practice,Claim-Specialty,9730,20619.4,1126401.34,606876,1059,,8356,18226.666666667,957408.55,536732,,926,,1380,899668.85,,8251,218989.72,,99,7742.77,,7013,659575.06,,2717,466826.28,,1915,302561.46,,7815,823839.88,567,39895.94,16000,102,5.8273381294964,34,23565.11,991,,5.9964726631393,89,1608.09,69,,46,841.8,,14,72.094428706327,133,528,313,85,581,478,933,74,,16,,31,155,904,1.1260283684155
1477521409,Tan,Kathy,S,M.D.,I,5324 7th Ave,,Brooklyn,NY,36,11220,1,"Metropolitan area core: primary flow within an urbanized area of 50,000 and greater",US,Internal Medicine,Claim-Specialty,9750,19523.266666667,1815293.84,577859,405,,9664,19346.5,1807920.86,572641,"#",,,2093,1570987.46,,7494,240914.24,,163,3392.14,,8729,1616745.21,,1021,198548.63,,9581,1810344.85,,169,4948.99,0,0,0,0,0,0,0,0,0,,95,1264.62,61,*,,,*,,72.469135802469,,,,,222,183,0,0,397,,0,,392,13,1.0722585373592
1477547321,Pohlman Rejman,Karol,S,"PHD, FNP",I,12808 Old Big Tree Rd,,East Aurora,NY,36,14052,2,"Metropolitan area high commuting: primary flow 30% or more to a urbanized area of 50,000 and greater",US,Nurse Practitioner,Claim-Specialty,2794,4970.8666666667,303790.68,139215,308,,2185,4038.7666666667,195281.08,113825,,254,,359,264936.84,,2416,38205.33,,19,648.51,,1890,177996.01,,904,125794.67,,1226,178665.29,,1568,125125.39,59,555.52,587,22,2.1116678596994,0,0,0,0,0,165,2143.5,102,,0,0,,0,71.616883116883,54,138,80,36,194,114,300,0,0,,0,,101,207,1.0521831337809
1477558468,Wexelman,Warren,J,M.D.,I,1335 Ocean Parkway,,Brooklyn,NY,36,11230,1,"Metropolitan area core: primary flow within an urbanized area of 50,000 and greater",US,Cardiology,Claim-Specialty,7870,18555.066666667,1414753.04,549362,495,,7301,17345.866666667,1297339.85,513672,,462,,1428,1201353.22,,6356,209448.74,,86,3951.08,,3015,592130.02,,4855,822623.02,,2426,560899.13,,5444,853853.91,26,460.66,662,,0.33036848792884,0,0,0,,0,100,1862.17,82,*,,,*,,74.591919191919,33,220,187,55,280,215,367,76,,32,,15,106,389,1.0994313856811
1477642858,Diaz,Miguel,,,I,1783 Route 9,Suite 204,Halfmoon,NY,36,12065,1,"Metropolitan area core: primary flow within an urbanized area of 50,000 and greater",US,Family Practice,Claim-Specialty,4014,9972,556216.53,291166,455,,3525,8948.1666666667,500497.39,261457,,416,,528,469684.91,,3408,83184.09,,78,3347.53,,2822,425719.44,,1192,130497.09,,877,132944.68,,3137,423271.85,70,3075.35,1888,23,1.7438963627304,,,,,,99,655.73,70,*,,,*,,73.217582417582,39,229,141,46,213,242,353,11,,71,,15,90,365,1.077901101928
1477692929,Yeddu,Mrilini,M,M.D.,I,155 Crystal Run Rd,,Middletown,NY,36,10941,1,"Metropolitan area core: primary flow within an urbanized area of 50,000 and greater",US,Internal Medicine,Claim-Specialty,11290,22557,758642.27,647813,911,,10184,20696.133333333,685030.56,594466,,815,,1132,524191,,10098,232444.56,,60,2006.71,,3396,269598.58,,7894,489043.69,,4988,396159.58,,6302,362482.69,395,9568.98,9491,104,3.4986713906112,32,1584.84,766,,8.1012658227848,267,3480.52,166,,52,1582.68,,13,74.502744237102,96,365,295,155,689,222,645,87,,114,,35,283,628,1.458449081423
1477741981,Chan,Raymond,,MD,I,743 58th St,,Brooklyn,NY,36,11220,1,"Metropolitan area core: primary flow within an urbanized area of 50,000 and greater",US,Family Practice,Claim-Specialty,10184,11898.033333333,1033628.96,346553,472,,10027,11700.033333333,1007240.02,340696,"#",,,1740,877992.74,,8316,152828.28,,128,2807.94,,9684,1011616.02,,500,22012.94,,9673,1002500.82,,511,31128.14,,,,,,,,,,,103,1206.17,84,,0,0,*,,70.889830508475,,,,,223,249,,,459,,0,,438,34,0.91538445640056
1477745115,Ross,Maureen,,MD PHD,I,Elm And Carlton Streets,,Buffalo,NY,36,14263,1,"Metropolitan area core: primary flow within an urbanized area of 50,000 and greater",US,Internal Medicine,Claim-Specialty,61,65,7452.57,239,14,,61,65,7452.57,239,,14,,59,7440.85,*,,,"#",,,,45,5543.53,,16,1909.04,,0,0,,61,7452.57,0,0,0,0,0,0,0,0,0,,0,0,0,,0,0,,0,72.571428571429,0,,,0,,,13,,,0,0,0,0,14,3.5579285714286
1477796431,Sachdeva,Crystal,T,M.D.,I,Stony Brook University Hospital,Medical Staff Office T14,Stony Brook,NY,36,11794,1,"Metropolitan area core: primary flow within an urbanized area of 50,000 and greater",US,Internal Medicine,Claim-Specialty,3201,5723.6,316197.41,166603,511,,2533,4759.8,255470.45,139397,,413,,622,266087.33,,2486,47905.4,,93,2204.68,,2673,277432.94,,528,38764.47,,2335,243055.82,,866,73141.59,31,690.93,859,,0.96844736019994,0,0,0,,0,,,,*,,,*,,71.066536203523,98,217,147,49,331,180,24,189,,273,,17,301,210,1.2771856033778
1477851103,Chan,Anna,,M.D.,I,14105 Cherry Ave,Unit 1e,Flushing,NY,36,11355,1,"Metropolitan area core: primary flow within an urbanized area of 50,000 and greater",US,Family Practice,Claim-Specialty,11274,14151.733333333,2882778.04,414406,234,,10908,13648.4,2730401.11,399364,,223,,2815,2096532.44,,8176,779370.67,,283,6874.93,,10695,2713806.22,,579,168971.82,,10545,2664667.4,,729,218110.64,0,0,0,0,0,0,0,0,0,,74,37239.31,46,,87,26787.92,,14,72.807692307692,11,129,74,20,141,93,12,,192,14,0,,196,38,1.0462148539803
1477903292,Hadwani,Aly,A,MD,I,3 Handley St Ste 2,,Perry,NY,36,14530,7,"Small town core: primary flow within an urban cluster of 2,500 to 9,999",US,Family Practice,Claim-Specialty,5865,12501.433333333,600228.57,362255,540,,5038,11066.3,505742.43,321203,,474,,871,481072.41,,4904,113077.18,,90,6078.98,,4031,361610.81,,1834,238617.76,,1366,166728.96,,4499,433499.61,175,8979.56,4619,47,2.9838022165388,15,6512.15,426,,8.5714285714286,128,3117.1,87,*,,,*,,73.061111111111,66,242,163,69,296,244,501,,,,0,34,97,443,1.117412397918
1477934362,Cecconi,John,L,MD,I,301 Prospect Ave,,Syracuse,NY,36,13203,1,"Metropolitan area core: primary flow within an urbanized area of 50,000 and greater",US,Family Practice,Claim-Specialty,4262,7876.6333333333,416933.5,219348,525,,3439,6573.7666666667,327333.29,183228,,460,,570,329836.4,,3628,83184.77,,64,3912.33,,3013,270443.89,,1249,146489.61,,1422,163765.44,,2840,253168.06,100,4558.07,2211,24,2.346316283435,11,2460.97,330,,11,285,13728.9,188,,24,206.41,*,,71.820952380952,65,264,146,50,279,246,471,18,,,,23,112,413,0.91604817212413
1477978286,Zhu,Ziqiang,,MD,I,3712 Prince St Ste 8d,,Flushing,NY,36,11354,1,"Metropolitan area core: primary flow within an urbanized area of 50,000 and greater",US,Internal Medicine,Claim-Specialty,5546,7841.9666666667,1052444.03,227201,257,,5533,7804.9666666667,1046482.89,226111,"#",,,1477,907135.89,,3927,141798.07,,142,3510.07,,5286,996331.23,,260,56112.8,,5078,954677.17,,468,97766.86,,,,,,,,,,,69,865.79,41,*,,,*,,73.474708171206,,,,,132,125,,,230,11,0,,201,56,1.0879827531366
1487025870,Wesner,Morgan,M,PHARMD,I,170 Port Watson St,,Cortland,NY,36,13045,4,"Micropolitan area core: primary flow within an urban cluster of 10,000 to 49,999",US,Pharmacist,NPPES-Taxonomy,21,21,3761.15,21,20,"#",,,,,"#",,,21,3761.15,,0,0,,0,0,"#",,,*,,,*,,,"#",,,0,0,0,0,0,0,0,0,0,,0,0,0,*,,,*,,72.25,,,,,,,12,,,0,0,0,,,0.9459
1487027496,Lin,Shujing,,MD,I,6309 New Utrecht Ave,,Brooklyn,NY,36,11219,1,"Metropolitan area core: primary flow within an urbanized area of 50,000 and greater",US,Internal Medicine,Claim-Specialty,9073,14188.2,1465087.67,409993,393,,8752,13655.866666667,1410233.11,395108,,373,,1835,1057157.61,,6994,401892.11,,244,6037.95,,7974,1277339.31,,1099,187748.36,,8804,1437548.41,,269,27539.26,,,,,,,,,,,139,1948.02,94,,21,524.3,*,,72.549618320611,20,240,98,35,209,184,,,362,,0,,354,39,1.007323791863
1487041109,Wong,Alvin,K,"MMSC, PA-C",I,821 53rd St Unit C2,,Brooklyn,NY,36,11220,1,"Metropolitan area core: primary flow within an urbanized area of 50,000 and greater",US,Physician Assistant,NPPES-Specialty,2996,3542.4333333333,478046.66,102281,74,,2976,3520.6333333333,472170.2,101627,"#",,,761,386261.31,,2173,90444.5,,62,1340.85,,2928,474252.58,,68,3794.08,,2885,473981.23,,111,4065.43,0,0,0,0,0,0,0,0,0,,37,499.35,23,,0,0,*,,69.567567567568,,,,,28,46,,0,72,0,0,,,,1.1562457253597
1487080610,Rabideau,Kyle,G,PHARMD,I,305 W Main St,,Malone,NY,36,12953,4,"Micropolitan area core: primary flow within an urban cluster of 10,000 to 49,999",US,Pharmacist,NPPES-Taxonomy,14,14,2503.26,14,14,"#",,,,,"#",,,14,2503.26,,0,0,,0,0,*,,,*,,,*,,,"#",,,0,0,0,0,0,0,0,0,0,,0,0,0,*,,,*,,73.785714285714,,,,,,,14,0,0,0,0,0,0,14,0.91178571428571
1720199961,Choudhury,Quasar,A,MD,I,270 Quassaick Ave,,New Windsor,NY,36,12553,1,"Metropolitan area core: primary flow within an urbanized area of 50,000 and greater",US,Internal Medicine,Claim-Specialty,6242,12283.3,754693.9,351785,301,,5024,10355.066666667,625098.19,297588,,246,,873,586899.14,,5313,163224.96,,56,4569.8,,3407,436278.51,,2835,318415.39,,2781,426053.51,,3461,328640.39,348,10728.97,9687,57,5.5751361743031,42,713.4,1230,,12.068965517241,316,4040.73,158,*,,,*,,70.41196013289,55,144,75,27,172,129,167,52,12,67,,,86,215,1.3258956780686
1720257405,Roberts,Renee,L,RPH,I,2345 Buffalo Rd,,Rochester,NY,36,14624,1,"Metropolitan area core: primary flow within an urbanized area of 50,000 and greater",US,Pharmacist,NPPES-Taxonomy,32,32,6042.08,32,28,"#",,,,,"#",,,32,6042.08,,0,0,,0,0,"#",,,*,,,*,,,"#",,,0,0,0,0,0,0,0,0,0,,0,0,0,*,,,*,,69.714285714286,,,,,15,13,28,0,0,0,0,0,,,1.0831071428571
1720375637,Olarewaju,Temitope,O,,I,4038 West Rd,,Cortland,NY,36,13045,4,"Micropolitan area core: primary flow within an urban cluster of 10,000 to 49,999",US,Family Practice,Claim-Specialty,2971,6825.4,143360.14,198635,556,,2643,6177.5333333333,123118.26,180217,,489,,302,98311.02,,2618,44028.99,,51,1020.13,,2903,135126.03,,68,8234.11,,860,71044.87,,2111,72315.27,85,1162.47,1580,36,2.8609895658028,,,,,,61,720.55,46,*,,,*,,71.645683453237,67,292,151,46,366,190,112,404,19,12,,,119,437,1.3318070079559
1720434897,Ng,Sow Fong,,,I,821 45th St Ste 101,,Brooklyn,NY,36,11220,1,"Metropolitan area core: primary flow within an urbanized area of 50,000 and greater",US,Physician Assistant,NPPES-Specialty,4710,5916.1,512801.54,171833,409,,4645,5841.1,509810.77,169849,,394,,895,415719.6,,3730,95491.37,,85,1590.57,,4484,482424.28,,226,30377.26,,4547,508446.9,,163,4354.64,0,0,0,0,0,0,0,0,0,,44,605.02,39,*,,,*,,71.261613691932,15,300,73,21,222,187,,,388,12,0,,389,20,0.97262331716264
1720521297,Stephens,Mackenzie,,,I,709 Main St,,Poughkeepsie,NY,36,12601,1,"Metropolitan area core: primary flow within an urbanized area of 50,000 and greater",US,Pharmacist,NPPES-Taxonomy,20,20,3370.4,20,19,,20,20,3370.4,20,,19,,20,3370.4,,0,0,,0,0,"#",,,*,,,*,,,"#",,,0,0,0,0,0,0,0,0,0,,0,0,0,,0,0,,0,75.947368421053,0,,,,,,14,0,,,0,0,,,1.1724210526316
1720600984,Gheewala,Sajeda,,,I,10 W Main St,,Smithtown,NY,36,11787,1,"Metropolitan area core: primary flow within an urbanized area of 50,000 and greater",US,Pharmacist,NPPES-Taxonomy,26,26,4643.99,26,24,,26,26,4643.99,26,,24,,26,4643.99,,0,0,,0,0,*,,,"#",,,,0,0,,26,4643.99,0,0,0,0,0,0,0,0,0,,0,0,0,,0,0,,0,75.875,0,,11,,,,20,0,,,0,,0,24,0.93958333333333
1730111402,Gonzalez,Patria,R,MD,I,232 Sherman Ave,Suite 4,New York,NY,36,10034,1,"Metropolitan area core: primary flow within an urbanized area of 50,000 and greater",US,Internal Medicine,Claim-Specialty,19458,45093.1,5693711.26,1331310,982,,16553,38949.166666667,4476161.95,1150951,,839,,3706,4899296.96,,15200,781959.3,,552,12455,,17775,5256558.59,,1683,437152.67,,17039,5426429.46,,2419,267281.8,102,2549.22,2593,32,0.52420598211533,12,385.08,360,,11.764705882353,391,57790.26,236,,27,4625.71,,13,72.0183299389,143,480,261,98,652,330,27,34,,904,,12,760,222,1.1462920442597
1730136805,Uebbing,Mary,C,NP,I,40 La Riviere Dr Ste 201,,Buffalo,NY,36,14202,1,"Metropolitan area core: primary flow within an urbanized area of 50,000 and greater",US,Nurse Practitioner,Claim-Specialty,7369,8910.7666666667,749126.9,252741,363,,6117,7439.8333333333,555416.08,210377,,321,,1348,623476.36,,5942,122077.6,,79,3572.94,,4118,391489.79,,3251,357637.11,,5466,580281.71,,1903,168845.19,301,11660.28,8556,68,4.0846790609309,21,2590.16,630,,6.9767441860465,101,42728.05,64,,82,25094.19,,19,78.388429752066,42,97,103,121,236,127,268,80,,,0,,209,154,2.5557391019721
1730139262,Jones,Kenneth,O,M.D.,I,85 West Burnside Ave,,Bronx,NY,36,10453,1,"Metropolitan area core: primary flow within an urbanized area of 50,000 and greater",US,Internal Medicine,NPPES-Specialty,4041,8974.5,543973.22,266201,228,,2956,6912.8,370876.32,205548,,175,,675,458640.08,,3232,80379.48,,134,4953.66,,3737,521866.67,,304,22106.55,,3827,502565.74,,214,41407.48,64,1526.9,1934,,1.5837663944568,0,0,0,,0,15,133.04,12,,0,0,,0,69.315789473684,53,112,52,11,141,87,,34,,185,0,,210,18,1.1276883039851
1730145343,Collins,Richard,L,MD,I,325 Essjay Rd,,Williamsville,NY,36,14221,1,"Metropolitan area core: primary flow within an urbanized area of 50,000 and greater",US,Internal Medicine,Claim-Specialty,6805,16945.3,638408.43,501202,575,,6681,16625.966666667,628968.61,491851,,564,,776,501325.12,,5942,133980.97,,87,3102.34,,5297,477080.37,,1508,161328.06,,359,36568.32,,6446,601840.11,43,717.82,1175,,0.63188831741367,0,0,0,,0,127,934.85,101,,0,0,,0,76.008695652174,11,251,214,99,271,304,531,17,,,0,20,21,554,1.1181709939242
1730174111,Nazario,Rodolfo,A,MD,I,129 Wickham Ave,,Middletown,NY,36,10940,1,"Metropolitan area core: primary flow within an urbanized area of 50,000 and greater",US,General Practice,Claim-Specialty,572,634.66666666667,67207.7,16599,29,,190,252.66666666667,32365.11,6768,,17,,61,17715.48,,511,49492.22,,0,0,,282,20847.68,,290,46360.02,,504,50312.73,,68,16894.97,0,0,0,0,0,0,0,0,0,,11,161.82,,*,,,*,,67.413793103448,12,,,,15,14,16,,,11,0,0,,,1.3499137931034
1730184250,Politi,Anthony,F,M.D.,I,3384 State Route 22,,Peru,NY,36,12972,5,"Micropolitan high commuting: primary flow 30% or more to a urban cluster of 10,000 to 49,999",US,Internal Medicine,Claim-Specialty,155,239,18174.34,4830,66,,94,132,14650.72,2232,,49,,82,16685.41,,73,1488.93,,0,0,,58,8803.98,,97,9370.36,,93,8804.75,,62,9369.59,0,0,0,0,0,0,0,0,0,,,,,,0,0,,0,68.924242424242,17,29,,,32,34,65,,0,0,0,,22,44,0.78018181818182
1730251687,Sofat,Suresh,,MD,I,64 Davison Court,,Lockport,NY,36,14094,2,"Metropolitan area high commuting: primary flow 30% or more to a urbanized area of 50,000 and greater",US,Internal Medicine,Claim-Specialty,9970,21162.433333333,785872.3,621763,484,,9552,20513.533333333,768779.28,602632,,457,,1174,583227.21,,8744,199662.58,,52,2982.51,,5918,416110.25,,4052,369762.05,,1677,110944.14,,8293,674928.16,280,3892.94,8101,40,2.8084252758275,,,,,,355,1700.03,148,*,,,*,,75.871900826446,27,190,184,83,254,230,443,24,,,0,12,53,431,1.3395211146877
1730284308,Chan,Chun-Kit,,D.O.,I,2 Mott St Rm 305,,New York,NY,36,10013,1,"Metropolitan area core: primary flow within an urbanized area of 50,000 and greater",US,Internal Medicine,Claim-Specialty,9237,17742.5,1747456.16,522478,469,,8806,17132.033333333,1648640.76,505189,,454,,1594,1515486.55,,7456,228010.84,,187,3958.77,,8563,1644804.76,,674,102651.4,,8952,1732030.86,,285,15425.3,,,,,,,,,,,80,701.16,70,,33,267.81,*,,71.780383795309,15,339,89,26,224,245,,,455,,0,,428,41,0.97014802714956
1730295155,Dhanoa,Pardeep,P,DO,I,1026 Union Rd,,West Seneca,NY,36,14224,1,"Metropolitan area core: primary flow within an urbanized area of 50,000 and greater",US,Internal Medicine,Claim-Specialty,2249,5345.6333333333,92796.58,152440,255,,2061,4934.2666666667,78731.86,140901,,233,,308,59483.04,,1894,32181.53,,47,1132.01,"#",,,*,,,,719,39497.99,,1530,53298.59,39,546.91,540,19,1.7341040462428,0,0,0,0,0,41,541.72,35,,17,224.94,*,,71.862745098039,22,148,70,15,120,135,104,76,42,17,0,16,55,200,0.86733570398504
1730418369,Zhu,Qinghua,,,I,585 Schenectady Ave,,Brooklyn,NY,36,11203,1,"Metropolitan area core: primary flow within an urbanized area of 50,000 and greater",US,Internal Medicine,Claim-Specialty,5732,14698.566666667,240629.96,428979,639,,5549,14435.9,228843.05,421358,"#",,,440,141896.26,,5249,97827.089999999,,43,906.61,,5714,240402.9,,18,227.06,,749,50130.36,,4983,190499.6,134,1996.87,2274,38,2.337752965806,,,,,,148,1683.51,99,,20,214.62,*,,76.981220657277,,,,,427,212,333,13,210,50,0,33,50,589,1.1084254248037
1730424284,Arevalo,Cecilia,E,PA-C,I,4008 Forley St,,Elmhurst,NY,36,11373,1,"Metropolitan area core: primary flow within an urbanized area of 50,000 and greater",US,Physician Assistant,NPPES-Specialty,4472,9504.0666666667,980999.14,277424,426,,3988,8611.7333333333,918990,251610,,380,,852,786266.82,,3534,191956.66,,86,2775.66,,4004,880739.45,,468,100259.69,,3796,921912.99,,676,59086.15,35,852.98,909,,0.78264758497317,0,0,0,,0,74,750.62,62,,14,9880.5,*,,72.774647887324,46,214,115,51,263,163,11,0,,409,0,,325,101,1.1780164914899
1730442211,Abernathy,Veronica,,M.D.,I,1276 Fulton Ave,,Bronx,NY,36,10456,1,"Metropolitan area core: primary flow within an urbanized area of 50,000 and greater",US,Family Practice,Claim-Specialty,5038,11735.5,190521.23,338450,668,,4417,10707.4,171143.42,310974,,581,,517,101006.64,,4450,87902.739999999,,71,1611.85,,4990,185225.68,,48,5295.55,,1507,68161.15,,3531,122360.08,456,8883.88,9529,109,9.0512107979357,44,1420.44,1220,,9.6491228070175,84,1044.17,75,,11,134.06,*,,71.85628742515,87,333,185,63,460,208,320,173,23,147,,,186,482,1.3861737094193
1730685231,Eng,Timothy,,,I,506 6th St,,Brooklyn,NY,36,11215,1,"Metropolitan area core: primary flow within an urbanized area of 50,000 and greater",US,Internal Medicine,NPPES-Specialty,4769,7573.7,748387.92,216286,508,,4674,7438.1,737330.71,212421,,490,,956,592012.73,,3725,153477.12,,88,2898.07,,4550,723782.63,,219,24605.29,,4659,743853.37,,110,4534.55,,,,,,,,,,,129,1621.26,103,,17,463.29,*,,72.007874015748,18,338,128,24,265,243,,,485,,0,,482,26,1.1395237876786
1730692021,Huang,Ann,,,I,6010 Bay Pkwy Ste 901,,Brooklyn,NY,36,11204,1,"Metropolitan area core: primary flow within an urbanized area of 50,000 and greater",US,Nurse Practitioner,NPPES-Specialty,10243,17753.7,2122037.94,513312,1311,,10043,17434.1,2085679.68,504289,,1282,,2577,1838783.84,,7451,277315.35,,215,5938.75,,9193,1901251.05,,1050,220786.89,,9844,2080410.42,,399,41627.52,,,,,,,,,,,211,6309.52,187,,30,1418.69,,13,75.200610221205,29,716,326,240,737,574,,,1274,,,12,1215,96,1.3786843005616
1730782533,Ho,Stephanie,K,,I,4373 Union St Ste 1b,,Flushing,NY,36,11355,1,"Metropolitan area core: primary flow within an urbanized area of 50,000 and greater",US,Physician Assistant,NPPES-Specialty,2314,3523.1666666667,408930.49,101714,306,,2209,3367.1666666667,393989.8,97268,,283,,526,350985.1,,1733,56527.18,,55,1418.21,,2024,366958.23,,290,41972.26,,1841,365329.88,,473,43600.61,0,0,0,0,0,0,0,0,0,,57,1044.26,54,,0,0,,0,74.588235294118,23,146,85,52,167,139,24,13,240,19,,,196,110,1.5056194155926
1730791997,Oksinski,Ryan,,PHARMD,I,222 5th Ave Ext,,Gloversville,NY,36,12078,4,"Micropolitan area core: primary flow within an urban cluster of 10,000 to 49,999",US,Pharmacist,NPPES-Taxonomy,21,21,3813.88,21,18,"#",,,,,"#",,,21,3813.88,,0,0,,0,0,"#",,,*,,,*,,,"#",,,0,0,0,0,0,0,0,0,0,,0,0,0,*,,,*,,71.222222222222,,,,,,,18,0,0,0,0,0,,,1.3128127697427
1740246735,Carlson Jr,Richard,A,MD,I,1491 Sheridan Dr,Sheridan Medical Group,Tonawanda,NY,36,14217,1,"Metropolitan area core: primary flow within an urbanized area of 50,000 and greater",US,Internal Medicine,Claim-Specialty,12591,19326.266666667,783086.52,438658,940,,11531,17896.4,719312.92,408817,,862,,1405,627165.12,,11042,149581.61,,144,6339.79,,9258,539907.17,,3333,243179.35,,5585,238142.42,,7006,544944.1,106,10845.88,2780,32,0.84187117782543,22,9695.38,605,,20.754716981132,102,2906.12,67,,175,34439.7,,11,76.384042553191,78,339,321,202,545,395,857,48,,,0,26,188,752,1.3343615249494
1740254242,Hoag,Stephen,D,MD,I,4000 Medical Center Dr,Suite 104,Fayetteville,NY,36,13066,1,"Metropolitan area core: primary flow within an urbanized area of 50,000 and greater",US,Family Practice,Claim-Specialty,5203,9393.7,713767.05,269959,525,,3936,7677,502393.25,222349,,384,,730,604279.29,,4388,106673.69,,85,2814.07,,3558,493609.66,,1645,220157.39,,2452,415572.96,,2751,298194.09,186,8962.45,4283,74,3.5748606573131,37,6220.11,922,,19.89247311828,89,973.52,52,,43,3556.89,,12,68.60380952381,141,233,110,41,277,248,424,57,,16,,13,237,288,1.4612923957848
1740256908,Naarendorp,Michael,,M.D.,I,51 Saint Nicholas Ave,Apt Ph-3f,New York,NY,36,10026,1,"Metropolitan area core: primary flow within an urbanized area of 50,000 and greater",US,Rheumatology,Claim-Specialty,2522,2979.4333333333,3472490.88,86178,219,,1718,2084.8333333333,1956436.61,60293,,161,"#",,,,1802,49442.98,*,,,,1988,2825300.58,,534,647190.3,,2141,3144647.95,,381,327842.93,13,345.8,304,,0.51546391752577,0,0,0,,0,12,199.24,,,0,0,,0,69.232876712329,58,93,52,16,185,34,,75,,128,0,,169,50,1.6474646679191
1740269000,Karetnick,Gerald,D,D.O.,I,36 College Ave,,Nanuet,NY,36,10954,1,"Metropolitan area core: primary flow within an urbanized area of 50,000 and greater",US,Family Practice,Claim-Specialty,13599,24730.666666667,1206584.09,715701,1128,,10179,20835.8,899436.33,604901,,942,,1583,905279.22,,11901,298561.63,,115,2743.24,,4506,479103.09,,9093,727481,,6156,585322.53,,7443,621261.56,149,6589.54,2937,31,1.0956687991764,,,,,,242,39440.26,142,,40,2615.43,,11,73.25975177305,186,397,357,188,589,539,903,92,,54,,39,312,816,1.0363399071759
1740280171,Chen,Yanfeng,,M.D.,I,5517 7th Ave,1f,Brooklyn,NY,36,11220,1,"Metropolitan area core: primary flow within an urbanized area of 50,000 and greater",US,Internal Medicine,Claim-Specialty,27435,34702.466666667,3743366.33,1006496,1349,,26702,33833.7,3649134.62,981781,,1315,,5807,3227085.34,,21314,510820.98,,314,5460.01,,22792,3147310.43,,4643,596055.9,,26510,3706585.07,,925,36781.26,14,145.1,106,,0.051029706579187,0,0,0,,0,432,10074.06,326,,101,4117.89,,16,73.302446256486,34,854,321,140,735,614,12,,1316,11,0,,1263,86,1.0909072795879
1740292051,Gulati,Sandeep,,D.O.,I,4234 Bronx Blvd,,Bronx,NY,36,10466,1,"Metropolitan area core: primary flow within an urbanized area of 50,000 and greater",US,Neurology,Claim-Specialty,3437,4421.3333333333,1880421.89,129912,574,,2739,3533.7333333333,875108.68,103922,,469,,583,1725750.2,,2837,153934.71,,17,736.98,,2490,1541128.76,,947,339293.13,,2400,1195696.48,,1037,684725.41,93,971.79,2107,32,2.7058481233634,,,,,,,,,,90,69691.74,,25,72.581881533101,105,209,195,65,378,196,106,145,15,275,0,33,353,221,1.5734760740497
1740376615,Darlow,Lloyd,A,M.D.,I,209 W State St,,Ithaca,NY,36,14850,1,"Metropolitan area core: primary flow within an urbanized area of 50,000 and greater",US,Family Practice,Claim-Specialty,6381,13677.333333333,545181.71,400735,725,,5763,12556.766666667,458305.06,367981,,658,,604,372662.75,,5739,170187.11,,38,2331.85,,3571,245001.59,,2810,300180.12,,1143,192041.53,,5238,353140.18,188,7940.27,4906,50,2.946246669801,16,3359.24,480,,8.5106382978723,92,894.44,73,,44,2157.47,,12,72.297931034483,67,393,213,52,302,423,630,18,15,11,0,51,102,623,0.91037702019579
1740431725,Hong,Alice,,PA,I,2844 W 33rd St,,Brooklyn,NY,36,11224,1,"Metropolitan area core: primary flow within an urbanized area of 50,000 and greater",US,Physician Assistant,Claim-Specialty,1221,1928.6333333333,268163.57,54723,236,,1137,1832.6333333333,253632.33,52140,,223,"#",,,,851,26601.95,*,,,,986,196883.45,,235,71280.12,,1129,261090.86,,92,7072.71,28,227.72,144,28,2.2932022932023,0,0,0,0,0,12,79.19,,*,,,*,,75.779661016949,13,104,76,43,143,93,16,,195,,0,,192,44,1.5524773601234
1740440155,Yiu,John,,MD,I,757 60th St,First Floor,Brooklyn,NY,36,11220,1,"Metropolitan area core: primary flow within an urbanized area of 50,000 and greater",US,Family Practice,Claim-Specialty,20808,36759.866666667,3705472.93,1061958,1653,,20406,36127.833333333,3645041.85,1044261,,1617,,4104,3107777.98,,16341,588760.53,,363,8934.42,,18647,3289263.35,,2161,416209.58,,20467,3683674.9,,341,21798.03,31,384.62,218,25,0.14898116109189,0,0,0,0,0,555,5196.42,433,,47,1067.31,,18,74.776769509982,36,911,433,273,890,763,,,1620,12,0,12,1580,73,1.2831955385721
1740459106,Pekchi,Alan,E,,I,605 Rockaway Tpke,,Lawrence,NY,36,11559,1,"Metropolitan area core: primary flow within an urbanized area of 50,000 and greater",US,Pharmacist,NPPES-Taxonomy,12,12,2070.74,12,12,,12,12,2070.74,12,,12,,12,2070.74,,0,0,,0,0,*,,,*,,,*,,,"#",,,0,0,0,0,0,0,0,0,0,,0,0,0,,0,0,,0,74.333333333333,0,,,,,,,0,,,0,,,,0.86441666666667
1740487370,Williams,Stacey,R,NURSE PRACTITIONER,I,5300 Military Rd,,Lewiston,NY,36,14092,1,"Metropolitan area core: primary flow within an urbanized area of 50,000 and greater",US,Nurse Practitioner,NPPES-Specialty,1214,1228.8,302082.79,27623,95,,620,627,85454.56,14577,,50,"#",,,,880,54756.34,*,,,,0,0,,1214,302082.79,,1214,302082.79,,0,0,30,206.79,413,11,2.4711696869852,0,0,0,0,0,61,1090.96,29,,16,25843.26,*,,65.831578947368,45,36,,,28,67,65,23,,,0,0,95,0,1.7808736842105
1740504463,Kranjac,Adriana,,R.PH.,I,7575 31st Ave,,East Elmhurst,NY,36,11370,1,"Metropolitan area core: primary flow within an urbanized area of 50,000 and greater",US,Pharmacist,NPPES-Taxonomy,11,11,2183.57,11,11,,11,11,2183.57,11,,11,,11,2183.57,,0,0,,0,0,,11,2183.57,,0,0,*,,,*,,,0,0,0,0,0,0,0,0,0,,0,0,0,,0,0,,0,70.727272727273,0,,,0,,,,0,0,,0,0,,,0.73190909090909
1740562495,Owusu,Edith,A,PHARMD,I,11 Ashford Ave,,Dobbs Ferry,NY,36,10522,1,"Metropolitan area core: primary flow within an urbanized area of 50,000 and greater",US,Pharmacist,NPPES-Taxonomy,23,23,4425.75,23,22,"#",,,,,"#",,,23,4425.75,,0,0,,0,0,"#",,,*,,,"#",,,*,,,0,0,0,0,0,0,0,0,0,,0,0,0,*,,,*,,74.136363636364,,,,,,,11,,,,0,0,,,0.98049621212121
1740577287,Singhal,Raman,,M.D.,I,10 Union Sq E,,New York,NY,36,10003,1,"Metropolitan area core: primary flow within an urbanized area of 50,000 and greater",US,Internal Medicine,Claim-Specialty,7831,15097.533333333,1085917.97,444790,1156,,6292,12464.1,865911.5,368014,,931,,1434,931869.18,,6228,147445.12,,169,6603.67,,6519,873017.82,,1312,212900.15,,7032,1040727.79,,799,45190.18,38,258.36,770,15,0.48525092580769,0,0,0,0,0,30,3640.96,22,,20,2805.61,*,,70.579584775087,225,536,320,75,742,414,148,195,42,748,,,960,196,1.4067592415315
1740586973,Kaur,Simranjit,,,I,686 Nicolls Rd,,Deer Park,NY,36,11729,1,"Metropolitan area core: primary flow within an urbanized area of 50,000 and greater",US,Pharmacist,NPPES-Taxonomy,12,12,2220.74,12,12,*,,,,,*,,,12,2220.74,,0,0,,0,0,,12,2220.74,,0,0,*,,,*,,,0,0,0,0,0,0,0,0,0,,0,0,0,*,,,*,,69.416666666667,,,,,,,,,,0,0,,,,0.83958333333333
1740629112,Zhou,Zhigang,,MD,I,4422 3rd Ave,Dept Of Internal Med Mills 3rd Fl,Bronx,NY,36,10457,1,"Metropolitan area core: primary flow within an urbanized area of 50,000 and greater",US,Internal Medicine,Claim-Specialty,10497,16867.666666667,3238416.37,488959,562,,10125,16282,3133902.84,472055,,539,,3132,3010846.43,,7218,223866.63,,147,3703.31,,10218,3197477.11,,279,40939.26,,10202,3167933.53,,295,70482.84,0,0,0,0,0,0,0,0,0,,108,1230.9,80,*,,,*,,72.893238434164,23,347,139,53,285,277,,0,555,,0,,500,62,1.2314645801135
1740658319,Nguyen,Angela,,PHARM D.,I,1490 Madison Ave,,New York,NY,36,10029,1,"Metropolitan area core: primary flow within an urbanized area of 50,000 and greater",US,Pharmacist,NPPES-Taxonomy,17,17,3079.63,17,16,"#",,,,,"#",,,17,3079.63,,0,0,,0,0,*,,,*,,,*,,,"#",,,0,0,0,0,0,0,0,0,0,,0,0,0,*,,,*,,74.5,,,,,,,,,,0,0,,,,1.0209375
1740669050,Lee,Angel,,MD,I,731 White Plains Rd,,Bronx,NY,36,10473,1,"Metropolitan area core: primary flow within an urbanized area of 50,000 and greater",US,Family Practice,Claim-Specialty,2147,3272.7333333333,347220.87,96234,149,,1464,2393.3,246201.35,70716,,110,,511,316059.46,,1521,24952.9,,115,6208.51,,1889,310833.23,,258,36387.64,,1754,308311.35,,393,38909.52,,,,,,,,,,,12,89.3,,,0,0,,0,68.523489932886,39,70,28,12,102,47,12,57,,72,0,,103,46,1.324163980186
1740674191,Tran,Canh,,MD,I,1014 Oswegatchie Trail Rd,,Star Lake,NY,36,13690,10,"Rural areas: primary flow to a tract outside a urbanized area of 50,000 and greater or UC",US,Hospitalist,Claim-Specialty,4439,8381.3666666667,352544.02,239825,364,,3583,6932.4666666667,254073.09,198651,,296,,593,276158.17,,3819,75015.66,,27,1370.19,,2110,184238.79,,2329,168305.23,,1977,205395.14,,2462,147148.88,151,4171.18,3695,44,3.4016670421266,29,2081.43,792,,19.205298013245,71,754.53,53,,76,1827.57,*,,72.115384615385,68,150,102,44,182,182,354,0,,,,,113,251,1.1556777123769
1740770585,Faughnan,Gregory,,MD,I,5301 W Genesee St,,Camillus,NY,36,13031,1,"Metropolitan area core: primary flow within an urbanized area of 50,000 and greater",US,Family Practice,Claim-Specialty,1396,2454.9,153708.26,69196,237,,1025,1870.4333333333,112742.11,52799,,182,"#",,,,1174,30599.66,*,,,,904,83691.94,,492,70016.32,,544,59743.85,,852,93964.41,91,2389.19,2004,23,6.5186246418338,,,,,,25,613.74,23,*,,,*,,69.852320675105,55,104,52,26,132,105,210,11,,,,,71,166,1.2128973458547
1750310348,Wiza,Matthew,T,DO,I,6668 Fourth Section Road,,Brockport,NY,36,14420,2,"Metropolitan area high commuting: primary flow 30% or more to a urbanized area of 50,000 and greater",US,Family Practice,Claim-Specialty,6382,12579.166666667,383289,368973,497,,5034,10549.333333333,307191.47,310471,,411,,677,264308.82,,5656,116758.2,,49,2221.98,,4961,287319.9,,1421,95969.1,,2213,159425.97,,4169,223863.03,225,20032.32,6424,33,3.5255405828894,52,14899.1,1560,,23.111111111111,67,714.14,57,,67,1028.17,,11,70.686116700201,86,241,129,41,239,258,466,12,,,0,,108,389,1.0371429223363
1750325320,Love,Robert,F,M.D.,I,3 Irongate Center,,Glens Falls,NY,36,12801,1,"Metropolitan area core: primary flow within an urbanized area of 50,000 and greater",US,Family Practice,Claim-Specialty,9098,19444.566666667,931374.55,567371,674,,8152,17873.966666667,848420.34,522909,,610,,1327,746140.28,,7651,179813.72,,120,5420.55,,5942,592969.12,,3156,338405.43,,2256,255771.17,,6842,675603.38,198,3239.87,4568,42,2.1763024840624,11,287.36,330,,5.5555555555556,136,2047.38,97,,18,1078.71,*,,73.814540059347,64,300,234,76,352,322,640,,,0,0,26,125,549,1.1415019383873
1750342226,Meester,Deborah,,MD,I,3 Curtis Rd,,Vernon,NY,36,13476,4,"Micropolitan area core: primary flow within an urban cluster of 10,000 to 49,999",US,Family Practice,Claim-Specialty,4823,10128.2,439030.22,292189,492,,4387,9387.8333333333,408107.54,271462,,447,,653,358535.57,,4106,78442.73,,64,2051.92,,2951,273313.89,,1872,165716.33,,1113,147970.87,,3710,291059.35,194,7988.71,4932,41,4.022392701638,32,4636.92,960,,16.494845360825,196,2142.1,138,*,,,*,,73.884146341463,45,224,154,69,332,160,464,,,,0,23,79,413,0.91623485999977
1750362984,Evanov,Frank,,MD,I,1300 Union Tpke,Suite 202,New Hyde Park,NY,36,11040,1,"Metropolitan area core: primary flow within an urbanized area of 50,000 and greater",US,Internal Medicine,Claim-Specialty,7648,18394.533333333,722440.84,538260,615,,7351,17779.7,705354.41,520433,,603,,745,494432.95,,6817,226452.88,,86,1555.01,,2405,273044.7,,5243,449396.14,,732,112723.23,,6916,609717.61,54,622.93,1275,17,0.70606694560669,,,,,,215,1959.33,140,,12,360.22,*,,78.756097560976,12,222,212,169,384,231,493,47,16,29,0,30,36,579,1.1975301800968
1750363446,Filion,Paul,R,M.D.,I,3 Irongate Center,,Glens Falls,NY,36,12801,1,"Metropolitan area core: primary flow within an urbanized area of 50,000 and greater",US,Family Practice,Claim-Specialty,7073,15299.566666667,481082.43,446376,653,,6507,14292,442836.31,416899,,605,,883,364802.18,,6100,113343.96,,90,2936.29,,4888,284730.51,,2185,196351.92,,1418,105410.36,,5655,375672.07,96,26667.41,2936,31,1.3572741411,,,,,,141,2480.59,83,,20,1102.2,*,,73.643185298622,48,316,214,75,344,309,623,,,,0,18,90,563,0.98617986397596
1750365177,Hawthorne,Horace,A,DO,I,101 S Bergen Pl,"Long Island Fqhc, Inc.",Freeport,NY,36,11520,1,"Metropolitan area core: primary flow within an urbanized area of 50,000 and greater",US,Family Practice,Claim-Specialty,5288,9776.3333333333,566143.56,283731,450,,3461,6821.9,356540.26,198256,,325,,707,478404.82,,4445,81490.74,,136,6248,,3525,337532.86,,1763,228610.7,,4636,509240.22,,652,56903.34,17,65.81,232,13,0.321482602118,0,0,0,0,0,116,8823.59,75,,18,312.28,*,,67.98,125,208,94,23,255,195,106,159,15,157,,,329,121,1.2229762920696
1750392411,Jivani,Aslam,A,,I,8812 Queens Blvd Ste 1,,Elmhurst,NY,36,11373,1,"Metropolitan area core: primary flow within an urbanized area of 50,000 and greater",US,Internal Medicine,Claim-Specialty,12814,24563.266666667,3563970.54,712901,935,,10728,21215.566666667,2931135.23,616925,,819,,3632,3304655.43,,9091,256606.92,,91,2708.19,,9443,2845747.25,,3371,718223.29,,9477,2928023.08,,3337,635947.46,235,17472.79,5452,37,1.8339316372717,18,11108.19,465,,7.6595744680851,230,6773.89,121,,12,2252.61,*,,72.329411764706,116,450,277,92,562,373,217,76,197,384,,,596,339,1.3829493531201
1750533428,Yan,Henry,J,MD,I,41-40 Union Street,"#2",Flushing,NY,36,11355,1,"Metropolitan area core: primary flow within an urbanized area of 50,000 and greater",US,Internal Medicine,Claim-Specialty,10709,16266.366666667,656214.25,443486,367,,10581,16070.433333333,654443.05,438494,"#",,,993,476240.16,,9619,177763.6,,97,2210.49,,9177,554971.43,,1532,101242.82,,8630,553865.36,,2079,102348.89,,,,,,,,,,,475,5667.19,196,,67,484.54,*,,75.978201634877,,,,,217,150,,,330,11,0,18,227,140,1.2818987481636
1750603221,Motvitsky,Kate,,,I,9408 3rd Ave,,Brooklyn,NY,36,11209,1,"Metropolitan area core: primary flow within an urbanized area of 50,000 and greater",US,Pharmacist,NPPES-Taxonomy,16,16,2483.22,45,15,"#",,,,,"#",,,15,2472.72,*,,,"#",,,*,,,"#",,,*,,,"#",,,0,0,0,0,0,0,0,0,0,,0,0,0,*,,,*,,72.133333333333,,,,,,,12,0,,,0,,,,0.61886666666667
1750604914,Pitts,Ryan,M,RPH,I,839 Route 146,,Clifton Park,NY,36,12065,1,"Metropolitan area core: primary flow within an urbanized area of 50,000 and greater",US,Pharmacist,NPPES-Taxonomy,12,12,2139.78,12,12,"#",,,,,"#",,,12,2139.78,,0,0,,0,0,*,,,*,,,*,,,"#",,,0,0,0,0,0,0,0,0,0,,0,0,0,*,,,*,,68.583333333333,,,,,,,,0,0,0,0,,,,0.613
1750631446,Gu,Kangxia,,MD,I,131-72 40th Road,,Flushing,NY,36,11354,1,"Metropolitan area core: primary flow within an urbanized area of 50,000 and greater",US,Internal Medicine,NPPES-Specialty,7033,9089.1666666667,599206.87,269172,277,,6946,8991.1666666667,574367.6,266286,"#",,,953,484154.71,,5977,113207.37,,103,1844.79,,6521,553948.41,,512,45258.46,,6622,584535.51,,411,14671.36,0,0,0,0,0,0,0,0,0,,22,168.65,20,,0,0,*,,73.018050541516,,,,,176,101,,,268,,0,,244,33,0.9344771216821
1760063986,Seeley,Jayce,,,I,8 W Main St,,Le Roy,NY,36,14482,3,"Metropolitan area low commuting: primary flow 10% to <30% to a urbanized area of 50,000 and greater",US,Pharmacist,NPPES-Taxonomy,23,23,3951.89,23,22,"#",,,,,"#",,,23,3951.89,,0,0,,0,0,"#",,,*,,,*,,,"#",,,0,0,0,0,0,0,0,0,0,,0,0,0,*,,,*,,75.045454545455,,,,,,,20,,0,0,0,,,,0.7755
1760134894,To,Susan,V,PHARMD,I,32 E 170th St,,Bronx,NY,36,10452,1,"Metropolitan area core: primary flow within an urbanized area of 50,000 and greater",US,Pharmacist,NPPES-Taxonomy,13,13,2346.51,13,13,*,,,,,*,,,13,2346.51,,0,0,,0,0,"#",,,*,,,*,,,*,,,0,0,0,0,0,0,0,0,0,,0,0,0,*,,,*,,67.461538461538,,,,,,,,,0,12,0,0,,,0.80365384615385
1760415038,Zhu,Dening,,M.D.,I,185 Canal St Ste 305,,New York,NY,36,10013,1,"Metropolitan area core: primary flow within an urbanized area of 50,000 and greater",US,Internal Medicine,Claim-Specialty,13787,21470.733333333,2211226.02,626886,573,,13531,21082.5,2171648.43,615598,,561,,2655,1752810.43,,10831,450058.33,,301,8357.26,,12490,1947935.42,,1297,263290.6,,13285,2173418.45,,502,37807.57,,,,,,,,,,,129,1278.67,91,,48,911.57,,12,73.387434554974,12,365,139,57,327,246,0,0,560,,0,,519,54,0.89953829898367
1760421127,Wenacur,Russell,,,I,200 Northern Dr,,Troy,NY,36,12182,1,"Metropolitan area core: primary flow within an urbanized area of 50,000 and greater",US,Family Practice,Claim-Specialty,3811,8578,448582.43,248339,252,,3596,8198.3333333333,412569.05,237355,,236,,510,353843.55,,3264,93340.05,,37,1398.83,,2764,294891.66,,1047,153690.77,,383,58047.26,,3428,390535.17,37,155.22,252,17,0.97087378640777,0,0,0,0,0,78,10677.66,52,*,,,*,,73.654761904762,16,125,79,32,143,109,245,,0,,0,,16,236,1.105458108037
1760428833,Coughlan,Margaret,,M.D.,I,3712 Route 44,,Millbrook,NY,36,12545,2,"Metropolitan area high commuting: primary flow 30% or more to a urbanized area of 50,000 and greater",US,Family Practice,Claim-Specialty,2991,6808.6,248363.61,194891,284,,2849,6486.6,242347.43,185813,,272,,313,185231.31,,2641,62458.87,,37,673.43,,620,62941.69,,2371,185421.92,,161,32134.52,,2830,216229.09,59,3548.82,1500,12,1.9725844199264,11,2097.84,570,,18.64406779661,161,2779.7,115,*,,,*,,75.806338028169,12,118,107,47,181,103,263,,,,0,15,11,273,0.92924985176819
1760472575,Lee,Debora,,DO,I,321 E Albany St,,Herkimer,NY,36,13350,4.1,"Secondary flow 30% to <50% to a urbanized area of 50,000 and greater",US,Family Practice,NPPES-Specialty,16,18,2932.84,105,11,,16,18,2932.84,105,,11,,16,2932.84,,0,0,,0,0,*,,,*,,,*,,,*,,,0,0,0,0,0,0,0,0,0,,0,0,0,,0,0,,0,75.090909090909,0,,,,,,,0,,0,0,,,,0.84812121212121
1760484687,Kang,Byung,C,D.O.,I,19214 Northern Blvd Ste 2d,,Flushing,NY,36,11358,1,"Metropolitan area core: primary flow within an urbanized area of 50,000 and greater",US,Family Practice,Claim-Specialty,30522,51006.333333333,5384312.54,1512302,1354,,29728,49915.8,5251643.84,1480050,,1327,,5878,4769956.6,,23887,597920.12,,757,16435.82,,27570,4831094.69,,2952,553217.85,,28544,5252353.03,,1978,131959.51,125,2537.1,2988,43,0.40954065919665,0,0,0,0,0,160,1778.63,120,,192,6604.05,,50,74.317577548006,27,722,439,166,817,537,,,1256,15,0,70,1157,197,1.0891100159355
1760496921,Patel,Hemant,,MD,I,"2255 Adam Clayton Powell Jr Blvd # 2257",,New York,NY,36,10027,1,"Metropolitan area core: primary flow within an urbanized area of 50,000 and greater",US,Internal Medicine,Claim-Specialty,9004,18555.133333333,1339409.21,544883,1101,,8323,17199.333333333,1256524.25,505353,,993,,1259,1084774.11,,7469,235196.54,,276,19438.56,,7223,1119965.77,,1781,219443.44,,5659,943971.33,,3345,395437.88,69,836.43,1601,33,0.76632607729898,,,,,,121,2377.95,94,,54,1024.46,,16,74.041780199818,108,480,382,131,638,463,,778,54,183,,52,608,493,1.5980989331604
1760499230,Degtyareva,Ella,,M.D.,I,8700 25th Ave,Suite 1-B,Brooklyn,NY,36,11214,1,"Metropolitan area core: primary flow within an urbanized area of 50,000 and greater",US,Pediatric Medicine,NPPES-Specialty,26,26,3823.01,135,16,"#",,,,,"#",,,20,3778.95,*,,,"#",,,,15,2345.34,,11,1477.67,,13,1956.81,,13,1866.2,0,0,0,0,0,0,0,0,0,,,,,*,,,*,,71.75,,,,,,,,,,,0,,,,1.5393125
1760527931,Avvocato,Paul,J,MD,I,1 Gateway Plz,55 South Main Streer,Port Chester,NY,36,10573,1,"Metropolitan area core: primary flow within an urbanized area of 50,000 and greater",US,Internal Medicine,NPPES-Specialty,1508,1947.0333333333,153985.11,56146,104,,1299,1693.9,134645.26,49202,,88,,230,131886.97,,1235,21372.77,,43,725.37,,1414,123744.14,,94,30240.97,,1306,139683.38,,202,14301.73,0,0,0,0,0,0,0,0,0,,46,750.29,23,*,,,*,,69.855769230769,16,55,,,65,39,,,0,96,0,,87,17,1.0483105057826
1760570238,Rammah,Tarek,,MD,I,273 94th St,Mercy Medical Care Pc,Brooklyn,NY,36,11209,1,"Metropolitan area core: primary flow within an urbanized area of 50,000 and greater",US,Internal Medicine,Claim-Specialty,12555,20049.533333333,3011916.54,592960,377,,10937,17654.366666667,2603605.77,522588,,336,,3190,2622864.76,,8799,364091.75,,566,24960.03,,8653,1946879,,3902,1065037.54,,10969,2806613.7,,1586,205302.84,45,747.42,1154,16,0.3584229390681,0,0,0,0,0,91,5492.38,69,*,,,*,,71.275862068966,41,219,95,22,165,212,225,,30,30,,81,284,93,1.4965009568501
1760574891,Li-Hirashiki,Vivian,Y,M.D.,I,139 Centre St,Suite 724,New York,NY,36,10013,1,"Metropolitan area core: primary flow within an urbanized area of 50,000 and greater",US,Family Practice,Claim-Specialty,2672,5798.8666666667,502877.91,170183,162,,2629,5707.8666666667,497802.95,167565,"#",,,532,379875.88,,2101,121908.95,,39,1093.08,,2194,422330.71,,478,80547.2,,2117,429510.55,,555,73367.36,,,,,,,,,,,70,961.82,51,,0,0,*,,75.092592592593,,,,,98,64,,,131,12,0,,109,53,1.4565473658531
1760635825,Alva,Lucia,,PHYSICIAN ASSISTANT,I,9315 Roosevelt Ave,,Jackson Heights,NY,36,11372,1,"Metropolitan area core: primary flow within an urbanized area of 50,000 and greater",US,Physician Assistant,NPPES-Specialty,7945,20063.8,958154.74,587930,724,,7567,19192.133333333,908468.54,562762,,686,,886,742397.17,,6945,213157.64,,114,2599.93,,7565,933575.83,,380,24578.91,,6241,864108.09,,1704,94046.65,0,0,0,0,0,0,0,0,0,,321,4574.34,232,*,,,*,,75.104972375691,38,332,247,107,418,306,23,,,681,0,,488,236,1.0691308348511
1760650949,Pytko,Michael,F,PHARMACIST,I,208 Herkimer Road,,Utica,NY,36,13502,1,"Metropolitan area core: primary flow within an urbanized area of 50,000 and greater",US,Pharmacist,NPPES-Taxonomy,23,23,4009,23,20,,23,23,4009,23,,20,,23,4009,,0,0,,0,0,"#",,,*,,,*,,,"#",,,0,0,0,0,0,0,0,0,0,,0,0,0,,0,0,,0,73,0,12,,,,,18,,0,0,0,,,,0.82715
1760663363,Reddy,Arthi,C,MD,I,601 W 113th St,,New York,NY,36,10025,1,"Metropolitan area core: primary flow within an urbanized area of 50,000 and greater",US,Internal Medicine,Claim-Specialty,3747,8659.5333333333,328310.35,256340,480,,3602,8380.0333333333,313080.23,248135,,460,,453,249658.01,,3224,77188.43,,70,1463.91,,1715,155311.99,,2032,172998.36,,962,128642.96,,2785,199667.39,,,,,,,,,,,27,221.61,22,,23,3475.19,*,,74.910416666667,20,224,177,59,308,172,276,93,16,66,0,29,90,390,1.022888741778
1760671317,Ng,Stanley,,M.D.,I,191 Canal St,Suite 601,New York,NY,36,10013,1,"Metropolitan area core: primary flow within an urbanized area of 50,000 and greater",US,Internal Medicine,Claim-Specialty,9074,19819.833333333,2245488.23,590565,407,,9044,19727.833333333,2234401.42,587834,"#",,,2169,1999554.16,,6804,242330.01,,101,3604.06,,7158,1758984.45,,1916,486503.78,,7622,1981704.31,,1452,263783.92,0,0,0,0,0,0,0,0,0,,47,765.49,32,*,,,*,,78.943488943489,,,,,228,179,,0,377,,0,24,294,113,1.1154414294728
1760757538,Lin,Lili,,,I,18005 Hillside Ave,,Jamaica,NY,36,11432,1,"Metropolitan area core: primary flow within an urbanized area of 50,000 and greater",US,Nurse Practitioner,NPPES-Specialty,3277,4264.8,410481.82,121998,482,,3161,4128.8,394217.98,118043,,471,,586,339190.31,,2611,69600.17,,80,1691.34,,3142,377805.83,,135,32675.99,,3199,405540.05,,78,4941.77,,,,,,,,,,,62,514.5,58,*,,,*,,72.887966804979,11,303,127,41,236,246,,,463,,0,,460,22,1.2049765590685
1760859060,Park,Min Joo,,,I,3920 Bell Blvd,,Bayside,NY,36,11361,1,"Metropolitan area core: primary flow within an urbanized area of 50,000 and greater",US,Pharmacist,NPPES-Taxonomy,32,32,5803.36,32,29,"#",,,,,"#",,,32,5803.36,,0,0,,0,0,,12,2240.17,,20,3563.19,*,,,"#",,,0,0,0,0,0,0,0,0,0,,0,0,0,*,,,*,,72.896551724138,,,,,14,15,23,,0,,0,0,,,0.96180455203342
1760867469,Schmidt,Paige,L,PHARM.D.,I,4815 Broadway,,Depew,NY,36,14043,1,"Metropolitan area core: primary flow within an urbanized area of 50,000 and greater",US,Pharmacist,NPPES-Taxonomy,13,13,2476.38,13,13,,13,13,2476.38,13,,13,,13,2476.38,,0,0,,0,0,"#",,,*,,,*,,,"#",,,0,0,0,0,0,0,0,0,0,,0,0,0,,0,0,,0,73.384615384615,0,,,,,,12,,,0,0,0,,,0.81740384615385
1760891857,Splain,Gregory,T,PHARMD,I,565 Monroe Ave,,Rochester,NY,36,14607,1,"Metropolitan area core: primary flow within an urbanized area of 50,000 and greater",US,Pharmacist,NPPES-Taxonomy,14,14,2425.2,14,13,*,,,,,*,,,14,2425.2,,0,0,,0,0,*,,,*,,,*,,,"#",,,0,0,0,0,0,0,0,0,0,,0,0,0,*,,,*,,68.615384615385,,,,,,,,,0,0,0,,,,0.74007692307692
1760941744,Chen,Shuai,,FNP,I,549 61st St,,Brooklyn,NY,36,11220,1,"Metropolitan area core: primary flow within an urbanized area of 50,000 and greater",US,Nurse Practitioner,NPPES-Specialty,11929,14446.633333333,2878740.1,420735,454,,11918,14433.633333333,2872360.53,420423,"#",,,4564,2423708.91,,7031,451175.01,,334,3856.18,,11785,2863958.3,,144,14781.8,,11908,2875745.6,,21,2994.5,,,,,,,,,,,40,344.53,37,,11,117.77,*,,72.550660792952,,,,,240,214,,,443,,0,,,,0.98513851470557
1760962666,Ford,Christopher,,,I,670 Thurston Rd,,Rochester,NY,36,14619,1,"Metropolitan area core: primary flow within an urbanized area of 50,000 and greater",US,Pharmacist,NPPES-Taxonomy,19,19,3327.95,19,18,"#",,,,,"#",,,19,3327.95,,0,0,,0,0,*,,,*,,,*,,,"#",,,0,0,0,0,0,0,0,0,0,,0,0,0,*,,,*,,71.888888888889,,,,,,,15,,,0,0,,,,0.88811111111111
1770152969,Chen,Meizhu,,,I,745 61st St Fl 1,,Brooklyn,NY,36,11220,1,"Metropolitan area core: primary flow within an urbanized area of 50,000 and greater",US,Nurse Practitioner,Claim-Specialty,4741,5215.1,717152.33,141982,413,,4611,5085.0666666667,694748.73,138877,,400,,1167,570980.6,,3513,144874.18,,61,1297.55,,3876,614988.55,,865,102163.78,,4719,716193.1,,22,959.23,38,1351.22,809,11,0.8015186669479,,,,,,84,2084.41,51,*,,,*,,74.399515738499,13,229,107,64,209,204,23,12,341,29,,,,,1.3310605686593
1770173957,Kalamaras,Ariana,S,,I,173 Fairview Ave,,Hudson,NY,36,12534,4,"Micropolitan area core: primary flow within an urban cluster of 10,000 to 49,999",US,Pharmacist,NPPES-Taxonomy,29,29,5066.48,29,28,,29,29,5066.48,29,,28,,29,5066.48,,0,0,,0,0,,12,2220.79,,17,2845.69,*,,,"#",,,0,0,0,0,0,0,0,0,0,,0,0,0,,0,0,,0,75.464285714286,0,,15,,16,12,24,,0,0,0,,,,0.8315
1770175705,Lui,Jasmine,,PA-C,I,4142 College Point Blvd,,Flushing,NY,36,11355,1,"Metropolitan area core: primary flow within an urbanized area of 50,000 and greater",US,Physician Assistant,NPPES-Specialty,5394,7248.4333333333,685108.17,213210,248,,5054,6869.4333333333,654346.92,202195,,236,,1026,588927.1,,4299,95064.93,,69,1116.14,,4815,603158.01,,579,81950.16,,4775,652290.43,,619,32817.74,0,0,0,0,0,0,0,0,0,,81,1293.41,59,,0,0,,0,72.862903225806,12,142,71,23,135,113,,,213,11,,,195,53,1.1511679040553
1770500407,Pavlovici,Calina,L,MD,I,4402 Francis Lewis Blvd,,Bayside,NY,36,11361,1,"Metropolitan area core: primary flow within an urbanized area of 50,000 and greater",US,Internal Medicine,Claim-Specialty,5088,11667.133333333,535856.49,342962,609,,4553,10692.3,457860.08,314803,,562,,694,420758.93,,4350,112330.37,,44,2767.19,,3011,308357,,2077,227499.49,,2005,293533.4,,3083,242323.09,19,273.59,484,,0.37342767295597,0,0,0,,0,118,2159.1,81,,19,253.07,*,,76.660098522167,47,218,209,135,436,173,411,52,29,85,0,32,151,458,1.1667355246908
1770503393,Sosa,Alain,A,M.D.,I,4008 Forley Street,,Elmhurst,NY,36,11373,1,"Metropolitan area core: primary flow within an urbanized area of 50,000 and greater",US,Internal Medicine,Claim-Specialty,5527,11739.3,1021442.71,345133,488,,4923,10648.933333333,879315.93,313553,,439,,1040,841937.95,,4285,172404.6,,202,7100.16,,4576,866630.54,,951,154812.17,,4309,901386.64,,1218,120056.07,19,1010.63,228,14,0.34376696218563,,,,,,74,905.29,62,,29,162.49,*,,73.243852459016,49,236,141,62,294,194,25,0,,453,0,,337,151,1.1413914462342
1770521973,Aponte,Maya,,M.D,I,905 Hanshaw Rd Ste C,,Ithaca,NY,36,14850,1,"Metropolitan area core: primary flow within an urbanized area of 50,000 and greater",US,Family Practice,Claim-Specialty,5222,9659.2666666667,728333.82,281481,415,,3785,7419.1666666667,487555.6,217185,,331,,870,581786.36,,4287,143392.06,,65,3155.4,,2418,336605.39,,2804,391728.43,,2643,403980.37,,2579,324353.45,225,25987.08,5541,54,4.3086939869782,48,21258.73,1397,,21.333333333333,46,786.01,33,,22,3658.01,*,,71.026506024096,84,158,130,43,260,155,348,26,,12,,19,163,252,1.2364072181974
1770533572,Samson,Israel,M,MD,I,545 Central Ave,,Cedarhurst,NY,36,11516,1,"Metropolitan area core: primary flow within an urbanized area of 50,000 and greater",US,Internal Medicine,Claim-Specialty,13126,27645.6,1528843.64,812448,954,,12106,26048.933333333,1339922.14,766020,,901,,2100,1241008.28,,10930,283319.86,,96,4515.5,,3400,346239.78,,9726,1182603.86,,3579,602280.18,,9547,926563.46,15,330.88,289,,0.1142770074661,0,0,0,,0,295,10570.7,187,,36,2059.88,*,,75.17819706499,53,429,320,152,563,391,765,88,,29,,51,174,780,1.2233809888718
1770574808,Mccarthy,Philip,L,MD,I,Elm And Carlton Streets,,Buffalo,NY,36,14263,1,"Metropolitan area core: primary flow within an urbanized area of 50,000 and greater",US,Hematopoietic Cell Transplantation and Cellular Therapy,Claim-Specialty,58,63.933333333333,44585.97,456,23,,58,63.933333333333,44585.97,456,,23,,47,44319.12,,11,266.85,,0,0,,46,4737.78,,12,39848.19,*,,,"#",,,,,,,,,,,,,,,,,0,0,,0,73.347826086957,0,13,,,,,20,,0,,0,0,,,2.8860507246377
1770578940,Kwiatkowski,David,E,MD,I,42 W Main St,,Owego,NY,36,13827,7.1,"Secondary flow 30% to <50% to a urbanized area of 50,000 and greater",US,Family Practice,Claim-Specialty,4906,11925.933333333,518034.74,351421,369,,4104,10483.2,419066.74,309428,,330,,563,415208.71,,4295,100610.27,,48,2215.76,,2749,306475.55,,2157,211559.19,,1437,173796.59,,3469,344238.15,64,2030.38,1679,16,1.3045250713412,0,0,0,0,0,59,670.54,42,,35,488.31,*,,74.327913279133,39,143,132,55,205,164,355,,0,,0,,58,311,1.014633429286
1770579062,Fuks,Mikhail,A,M.D.,I,150 Broadway,Suite 714,New York,NY,36,10038,1,"Metropolitan area core: primary flow within an urbanized area of 50,000 and greater",US,Family Practice,Claim-Specialty,742,1469.6666666667,54509.09,43565,82,"#",,,,,"#",,"#",,,,654,8025.72,*,,,,274,20011.24,,468,34497.85,,286,20976.76,,456,33532.33,,,,,,,,,,,,,,*,,,*,,72.987804878049,,,,,60,22,39,26,,,0,,16,66,0.81840542908521
1770580235,Bruinings,Yeahseon,C,MD,I,3438 Bell Blvd,Ph Floor 5,Bayside,NY,36,11361,1,"Metropolitan area core: primary flow within an urbanized area of 50,000 and greater",US,Family Practice,Claim-Specialty,8776,19980.066666667,1331450.37,594615,649,,8536,19476.366666667,1301940.61,579601,,633,,1244,1163404.56,,7440,165046.91,,92,2998.9,,7530,1075829.03,,1246,255621.34,,5915,1070490.42,,2861,260959.95,,,,,,,,,,,62,1379.77,51,*,,,*,,71.992295839753,16,420,177,36,361,288,12,,581,12,,38,328,321,0.79758929094768
1770616864,Li,Xian Min,,D.O.,I,1508 Avenue U,,Brooklyn,NY,36,11229,1,"Metropolitan area core: primary flow within an urbanized area of 50,000 and greater",US,Internal Medicine,Claim-Specialty,30941,49691.7,7633106.67,1388904,674,,30420,48717.633333333,7503172.53,1361356,,661,,7429,6796200.71,,23082,826200.69,,430,10705.27,,28136,6882468.02,,2805,750638.65,,30364,7538463.37,,577,94643.3,104,1629.45,1026,37,0.3361235900585,,,,,,717,72137.54,341,,399,10494.48,,209,73.3353115727,13,414,189,58,369,305,,0,663,,0,,641,33,1.0381227634605
1770656977,Vail,Rona,,MD,I,356 W 18th St,,New York,NY,36,10011,1,"Metropolitan area core: primary flow within an urbanized area of 50,000 and greater",US,Internal Medicine,NPPES-Specialty,2589,3311.0333333333,2385353.68,96733,90,,1333,1795.2333333333,1166338.87,53169,,58,,1094,2341156.64,,1443,41555.76,,52,2641.28,,1215,1089158.65,,1374,1296195.03,,1931,1657955.65,,658,727398.03,,,,,,,,,,,15,550.76,,,0,0,,0,66.555555555556,32,44,,,25,65,46,24,,16,,,55,35,1.2733017969557
1770700445,Lopez,Cesar,A,M.D.,I,234 E 149th St,,Bronx,NY,36,10451,1,"Metropolitan area core: primary flow within an urbanized area of 50,000 and greater",US,Internal Medicine,Claim-Specialty,7079,19036.933333333,352064.52,558288,971,,6642,17964.233333333,315056.47,526977,,911,,773,222212.51,,6140,124784.53,,166,5067.48,,6957,341507.05,,122,10557.47,,2195,110991.01,,4884,241073.51,341,6364.96,8102,88,4.8170645571408,27,768.64,766,,7.9178885630499,152,4505.78,98,,27,446.43,,11,74.43254376931,60,467,309,135,471,500,255,42,,632,,21,217,754,1.3755496899685
1770805665,Brook,Jeffrey,J,RPH,I,111 E Green St,C/O Dan Horn Phcy,Olean,NY,36,14760,4,"Micropolitan area core: primary flow within an urban cluster of 10,000 to 49,999",US,Pharmacist,NPPES-Taxonomy,29,29,4675.82,29,24,"#",,,,,"#",,,29,4675.82,,0,0,,0,0,"#",,,*,,,*,,,"#",,,0,0,0,0,0,0,0,0,0,,0,0,0,*,,,*,,73.291666666667,,,,,,,22,,0,,0,0,,,1.103125
1770807992,Familia,Carmen,Y,MD,I,1276 Fulton Ave Fl 3,,Bronx,NY,36,10456,1,"Metropolitan area core: primary flow within an urbanized area of 50,000 and greater",US,Family Practice,Claim-Specialty,9996,17345.566666667,1422619.11,516718,589,,9224,16087.1,1301018.56,479239,,542,,1991,1299154.63,,7607,118497.17,,398,4967.31,,9780,1390780.9,,216,31838.21,,9574,1396072.36,,422,26546.75,0,0,0,0,0,0,0,0,0,,48,2486.29,35,,0,0,,0,72.874363327674,47,321,165,56,365,224,,,,578,0,,534,55,1.1796864500418
1770857088,Lapin,Kevin,,NP,I,"55 Greene Avenue, Llb",C/O Sunrise Medical Group,Brooklyn,NY,36,11238,1,"Metropolitan area core: primary flow within an urbanized area of 50,000 and greater",US,Nurse Practitioner,Claim-Specialty,3265,4463.2666666667,699335.76,129237,192,,1942,2887.4,374898.29,84008,,132,,801,648803,,2359,46832.94,,105,3699.82,,2280,463125.84,,985,236209.92,,2743,637236.3,,522,62099.46,29,828.8,713,12,0.88820826952527,,,,,,22,274.21,17,,16,3147.92,*,,68.734375,60,64,50,18,124,68,31,124,,30,0,,125,67,1.5154357592963
1770883787,Lu,Li,,M.D.,I,745 61st St Fl 1,,Brooklyn,NY,36,11220,1,"Metropolitan area core: primary flow within an urbanized area of 50,000 and greater",US,Internal Medicine,Claim-Specialty,10179,15182.433333333,1546859.99,435154,888,,9978,14866.166666667,1519373.86,425901,,866,,2104,1274543.5,,7943,269227.67,,132,3088.82,,9932,1506231.57,,247,40628.42,,9957,1532518.18,,222,14341.81,,,,,,,,,,,134,1298.29,104,,39,7747.84,,16,72.04954954955,22,608,208,50,474,414,,,870,,0,,854,34,1.1622752865564
1770940074,Honore,Lourdie,,,I,353 Ocean Ave,,Brooklyn,NY,36,11226,1,"Metropolitan area core: primary flow within an urbanized area of 50,000 and greater",US,Nurse Practitioner,Claim-Specialty,5235,10989.266666667,3235551.75,324896,470,,4594,9759.1333333333,2764884.43,288521,,409,,988,1148524.19,,3972,2033286.14,,275,53741.42,,4327,2666249.25,,908,569302.5,,4333,3117761.9,,902,117789.85,13,408.97,314,,0.24832855778415,0,0,0,,0,61,583.85,49,*,,,*,,71.787234042553,61,241,139,29,314,156,16,336,11,63,0,44,320,150,1.2689974920652
1770978231,Wu,Alex,,,I,8686 Bay Pkwy Ste M1,,Brooklyn,NY,36,11214,1,"Metropolitan area core: primary flow within an urbanized area of 50,000 and greater",US,Hematology-Oncology,Claim-Specialty,2829,4407.4333333333,1842293.86,123609,323,,2733,4258.5333333333,1703199.72,119924,"#",,,639,1635307.69,,2161,205654.75,,29,1331.42,,2309,1474962.76,,520,367331.1,,2671,1743519.36,,158,98774.5,25,898.58,354,14,0.88370448921881,,,,,,81,793.71,59,*,,,*,,75.811145510836,,,,,192,131,,,313,,0,,276,47,1.5316781358194
1780047258,Segerson,Benjamin,,DO,I,9097 Main St,,Clarence,NY,36,14031,1,"Metropolitan area core: primary flow within an urbanized area of 50,000 and greater",US,Osteopathic Manipulative Medicine,Claim-Specialty,7343,16458.666666667,716965.79,475662,729,,6514,14852.666666667,616506.51,429657,,646,,950,575722.69,,6297,137644.41,,96,3598.69,,5715,508454.4,,1628,208511.39,,1116,144822.18,,6227,572143.61,214,4283.48,5111,51,2.9143401879341,14,1989.38,395,,6.5420560747664,221,1898.82,139,*,,,*,,72.43621399177,83,370,199,77,393,336,681,17,,,,18,103,626,1.1840355235531
1780068882,Toeque,Mona-Gekanju,,"M.D.,MPH",I,760 Broadway,,Brooklyn,NY,36,11206,1,"Metropolitan area core: primary flow within an urbanized area of 50,000 and greater",US,Infectious Disease,Claim-Specialty,2906,2935.4666666667,2077439.73,84320,134,,1250,1272.1333333333,708119.94,36326,,59,,926,2032741.34,,1969,44211.38,,11,487.01,,2091,1548198.36,,815,529241.37,,2398,1679911.34,,508,397528.39,,,,,,,,,,,31,1068.54,16,,13,126.87,*,,61.828358208955,75,51,,,12,122,42,26,,56,,,105,29,1.7763724592456
1780169862,Chi,Yuree,,,I,730 Franklin Ave,,Franklin Square,NY,36,11010,1,"Metropolitan area core: primary flow within an urbanized area of 50,000 and greater",US,Pharmacist,NPPES-Taxonomy,33,33,5948.6,33,30,"#",,,,,"#",,,33,5948.6,,0,0,,0,0,,21,3699.94,,12,2248.66,*,,,"#",,,0,0,0,0,0,0,0,0,0,,0,0,0,*,,,*,,72.233333333333,,,,,,,,11,,,0,0,,,1.1172815723073
1780262816,Stack,Marissa,,,I,4751 Onondaga Blvd,,Syracuse,NY,36,13219,1,"Metropolitan area core: primary flow within an urbanized area of 50,000 and greater",US,Pharmacist,NPPES-Taxonomy,24,24,4479.63,24,22,"#",,,,,"#",,,24,4479.63,,0,0,,0,0,,12,2360.09,,12,2119.54,*,,,"#",,,0,0,0,0,0,0,0,0,0,,0,0,0,*,,,*,,72.318181818182,,,,,11,11,16,,0,,0,,,,1.139053030303
1306195078,Wagner,Patricia,A,ANP,I,3980 Sheridan Dr,,Amherst,NY,36,14226,1,"Metropolitan area core: primary flow within an urbanized area of 50,000 and greater",US,Nurse Practitioner,Claim-Specialty,12334,27473.466666667,1002619.28,813174,1400,,11268,25700.966666667,924794.73,761456,,1310,,1579,779762.54,,10608,216423.02,,147,6433.72,,9380,732104.47,,2954,270514.81,,1837,173865.46,,10497,828753.82,276,9796.86,7337,96,2.2377168801686,21,4308.47,615,,7.6086956521739,69,1098.14,53,,49,1571.56,,16,74.372857142857,90,691,424,195,747,653,1294,28,,25,,51,145,1255,1.0982755360593
1306255864,Ienco,Gina,,,I,1 Park Ave,,New York,NY,36,10016,1,"Metropolitan area core: primary flow within an urbanized area of 50,000 and greater",US,Pharmacist,NPPES-Taxonomy,44,44,6873.37,44,40,"#",,,,,"#",,,44,6873.37,,0,0,,0,0,*,,,"#",,,,0,0,,44,6873.37,0,0,0,0,0,0,0,0,0,,0,0,0,*,,,*,,72.35,,,,,23,17,36,,0,0,0,,0,40,0.74713268800384
1306494323,Chao,Fanny,,,I,89 Henry St,,Freeport,NY,36,11520,1,"Metropolitan area core: primary flow within an urbanized area of 50,000 and greater",US,Pharmacist,NPPES-Taxonomy,47,47,7880.87,53,40,"#",,,,,"#",,,46,7877.27,*,,,"#",,,*,,,"#",,,*,,,"#",,,0,0,0,0,0,0,0,0,0,,,,,*,,,*,,73.075,,,,,27,13,28,0,,,0,,,,0.84375
1306810270,Crepet,Ruth,C,MD,I,1780 Hanshaw Rd,,Ithaca,NY,36,14850,1,"Metropolitan area core: primary flow within an urbanized area of 50,000 and greater",US,Internal Medicine,Claim-Specialty,8686,19991.133333333,1011141.38,581568,682,,8138,19040.1,946996.99,554603,,644,,1138,802696.75,,7485,204953.82,,63,3490.81,,4773,515745.92,,3913,495395.46,,1756,210367.74,,6930,800773.64,235,7004.59,5679,60,2.7055031084504,28,3026.8,840,,11.914893617021,207,3211.81,143,,13,2949.6,*,,73.950146627566,38,337,235,72,515,167,628,15,,,0,29,91,591,0.89191448085367
1306867494,Herman,Amir,,D.O.,I,554 Larkfield Rd,Suite 101,East Northport,NY,36,11731,1,"Metropolitan area core: primary flow within an urbanized area of 50,000 and greater",US,Family Practice,Claim-Specialty,4557,10982.266666667,310028.87,318334,523,,4347,10510.266666667,300767.11,304662,,496,,421,215456.78,,4112,93947.69,,24,624.4,,867,49242.25,,3690,260786.62,,386,26545.38,,4171,283483.49,38,3011.19,707,17,0.83388193987272,12,2787.08,360,,31.578947368421,187,2709.86,142,*,,,*,,76.646271510516,27,199,170,127,279,244,485,,,11,0,15,37,486,1.1029880469635
1306871595,Donohue,Robert,J,M.D.,I,1201 Nott St,Suite 102,Schenectady,NY,36,12308,1,"Metropolitan area core: primary flow within an urbanized area of 50,000 and greater",US,Internal Medicine,Claim-Specialty,16129,30035.866666667,1319636.96,860895,1154,,15796,29503.7,1285387.2,845528,,1127,,2199,967558.45,,13756,346900.26,,174,5178.25,,11085,954007.16,,5044,365629.8,,2144,210170.23,,13985,1109466.73,304,8181.44,6570,75,1.8848037696075,13,2631.16,306,,4.2763157894737,327,9204.16,181,,126,5357.18,,29,77.948006932409,27,445,389,293,629,525,1104,,,,0,34,98,1056,1.084465179205
1306876248,Samedov,Nikolay,,MD,I,345 Route 296,,Hensonville,NY,36,12439,10,"Rural areas: primary flow to a tract outside a urbanized area of 50,000 and greater or UC",US,Family Practice,Claim-Specialty,5402,9675.6333333333,493714.34,273645,449,,4453,8446.5,437569.33,243604,,379,,763,399219.14,,4587,92603.69,,52,1891.51,,3286,297001.89,,2116,196712.45,,2602,261485.93,,2800,232228.41,196,8161.32,4980,69,3.6282858200666,20,4031.14,600,,10.204081632653,70,668.48,35,,26,548.73,*,,71.623608017817,70,198,143,38,242,207,415,,,,0,20,138,311,1.1235297845828
1306888490,Pinkhasova,Tamara,,MD,I,2675 Grand Concourse,,Bronx,NY,36,10468,1,"Metropolitan area core: primary flow within an urbanized area of 50,000 and greater",US,Internal Medicine,Claim-Specialty,9193,17394.733333333,1240041.55,509254,374,,7885,14851.733333333,1072139.36,434896,,317,,1671,1039762.04,,7143,188716.95,,379,11562.56,,7541,955378.42,,1652,284663.13,,7496,1086522.4,,1697,153519.15,,,,,,,,,,,113,1732.12,72,,59,1136.83,*,,71.20320855615,57,190,98,29,224,150,58,48,15,235,0,18,253,121,1.244442541661
1306924519,Klein,Daniel,P,M.D.,I,229 E 79th St,1a,New York,NY,36,10021,1,"Metropolitan area core: primary flow within an urbanized area of 50,000 and greater",US,Internal Medicine,Claim-Specialty,14349,19976.7,1035982.76,449252,647,,13490,18740.333333333,890584.23,418184,,621,,2490,794878.81,,11765,234146.51,,94,6957.44,,3807,269289.24,,10542,766693.52,,9992,620504.47,,4357,415478.29,192,6412.17,2688,45,1.3380723395359,52,4785.42,775,,27.083333333333,139,3477.68,81,,279,4766.13,,24,79.482225656878,26,164,253,204,394,253,400,116,,74,,33,228,419,1.8197952018243
1306984810,Liu,Zova,,,I,4500 Parsons Blvd,,Flushing,NY,36,11355,1,"Metropolitan area core: primary flow within an urbanized area of 50,000 and greater",US,Internal Medicine,Claim-Specialty,24317,30110.4,4428411.67,860665,464,,23431,28974.333333333,4308787.72,829398,,449,,5990,3551827.54,,17841,863539.34,,486,13044.79,,23104,4237519.7,,1213,190891.97,,22140,4147393.37,,2177,281018.3,,,,,,,,,,,614,6185.98,271,,173,16881.6,,31,73.566810344828,15,273,130,46,262,202,,,428,15,0,,380,84,1.0213750020173
1306986351,Siu,Singmay,,M.D.,I,5613 7th Ave,,Brooklyn,NY,36,11220,1,"Metropolitan area core: primary flow within an urbanized area of 50,000 and greater",US,Internal Medicine,Claim-Specialty,32751,38546.733333333,4306731.21,1120484,684,,31940,37625.2,4175259.25,1093547,,661,,6854,3601708.4,,25291,697039.96,,606,7982.85,,31031,4106178.53,,1720,200552.68,,32209,4268218.79,,542,38512.42,,,,,,,,,,,662,4813.36,316,,23,313.32,*,,72.928362573099,23,432,164,65,351,333,,0,672,,0,,654,30,0.98335246488036
1316025562,Chaudhry,Saqib,S,MD,I,1044 Northern Blvd,Suite 302,Roslyn,NY,36,11576,1,"Metropolitan area core: primary flow within an urbanized area of 50,000 and greater",US,Surgery,NPPES-Taxonomy,2791,2857.7333333333,178454.26,65425,76,"#",,,,,"#",,"#",,,,2228,45164.51,*,,,,1583,91657.87,,1208,86796.39,,2189,146751.58,,602,31702.68,0,0,0,0,0,0,0,0,0,,98,1864.19,30,*,,,*,,85.355263157895,,,,,62,14,71,,,0,0,0,43,33,2.2212773844109
1316047434,Johnson Stuber,Genevieve,,DO,I,500 Island Cottage Rd,,Rochester,NY,36,14612,1,"Metropolitan area core: primary flow within an urbanized area of 50,000 and greater",US,Family Practice,Claim-Specialty,3338,6882.3333333333,363514.35,197476,633,,2594,5703.9666666667,274853.81,164668,,515,,370,281613.04,,2904,79854.83,,64,2046.48,,2713,274698.11,,625,88816.24,,1257,155440.98,,2081,208073.37,148,5373.64,3536,35,4.4337926902337,,,,,,60,654.75,46,*,,,*,,70.210110584518,118,298,169,48,404,229,538,29,,27,,22,169,464,1.075556192557
1316064454,Mazid,Mohammad,N,MD,I,300 Bay Shore Rd,,North Babylon,NY,36,11703,1,"Metropolitan area core: primary flow within an urbanized area of 50,000 and greater",US,Family Practice,Claim-Specialty,9988,23527.466666667,1279565.43,696737,696,,9185,21972.5,1165687.66,651127,,631,,1389,1055054.5,,8427,215902.4,,172,8608.53,,6801,893741.32,,3187,385824.11,,2958,465623.82,,7030,813941.61,144,4336.75,3640,39,1.4417300760913,28,3141.79,840,,19.444444444444,139,2668.3,91,,61,859.46,,11,73.837643678161,65,298,236,97,371,325,319,210,57,75,0,35,187,509,1.4161074633823
1316109002,Win,Yin,Y,MD,I,128 Mott St Ste 601,,New York,NY,36,10013,1,"Metropolitan area core: primary flow within an urbanized area of 50,000 and greater",US,Internal Medicine,Claim-Specialty,20656,33975.266666667,4140163.1,933119,605,,19675,32142.533333333,3843245.73,882408,,575,,5038,3500463.93,,15177,626939.69,,441,12759.48,,19584,3856185.76,,1072,283977.34,,19985,4049810.46,,671,90352.64,0,0,0,0,0,0,0,0,0,,1173,29964.44,406,,148,3561.28,,59,72.360330578512,30,389,129,57,349,256,,,566,14,0,14,541,64,1.177677671052
1316120058,Daigle,Laura,S,PHARMD,I,891 Route 9,,Queensbury,NY,36,12804,1,"Metropolitan area core: primary flow within an urbanized area of 50,000 and greater",US,Pharmacist,NPPES-Taxonomy,13,13,2403.61,13,13,"#",,,,,"#",,,13,2403.61,,0,0,,0,0,*,,,*,,,*,,,*,,,0,0,0,0,0,0,0,0,0,,0,0,0,*,,,*,,70.769230769231,,,,,,,13,0,0,0,0,0,,,0.76730769230769
1316124795,Shi,Xiandong,,M.D.,I,4160 Main St Unit 312,,Flushing,NY,36,11355,1,"Metropolitan area core: primary flow within an urbanized area of 50,000 and greater",US,Internal Medicine,Claim-Specialty,50048,56670.8,5827781.74,1646628,811,,49100,55688.466666667,5677551.28,1618288,,797,,7972,4187679.61,,40758,1609076.51,,1318,31025.62,,48390,5663931.21,,1658,163850.53,,49126,5749073.04,,922,78708.7,,,,,,,,,,,839,12074.89,397,,251,134312.92,,39,72.686806411837,14,527,213,57,410,401,,,788,,0,12,756,55,0.95867762698157
1316183858,Friedrich,Lawrence,W,R.PH.,I,15 Coleman St,,Chatham,NY,36,12037,10,"Rural areas: primary flow to a tract outside a urbanized area of 50,000 and greater or UC",US,Pharmacist,NPPES-Taxonomy,16,16,3002.19,16,16,,16,16,3002.19,16,,16,,16,3002.19,,0,0,,0,0,*,,,*,,,*,,,"#",,,0,0,0,0,0,0,0,0,0,,0,0,0,,0,0,,0,75.875,0,,,,,,14,0,0,,0,,,,0.6248125
1316191687,Baxter,Daniel,J,MD,I,110 W 97th St,,New York,NY,36,10025,1,"Metropolitan area core: primary flow within an urbanized area of 50,000 and greater",US,Internal Medicine,Claim-Specialty,10248,21013.033333333,2008068.58,623945,626,,8850,18502.966666667,1522580.11,550261,,550,,2163,1780317.17,,7923,221886.29,,162,5865.12,,8738,1592510.77,,1510,415557.81,,8836,1759507.4,,1412,248561.18,38,479.94,890,12,0.37080405932865,0,0,0,0,0,20,1014.08,17,,52,840.4,*,,73.402555910543,76,279,189,82,361,265,119,181,18,294,,,457,169,1.3284480026289
1316195696,Salazar Moreno,Wayra,,,I,113 Main St,,Silver Creek,NY,36,14136,7,"Small town core: primary flow within an urban cluster of 2,500 to 9,999",US,Internal Medicine,Claim-Specialty,6780,13817.6,748057.09,404640,730,,4423,9625.9333333333,433199.8,283117,,565,,918,615947.02,,5725,124144.4,,137,7965.67,,4557,500761.99,,2223,247295.1,,4556,580246.31,,2224,167810.78,32,883.01,629,17,0.47197640117994,0,0,0,0,0,63,9085.77,42,,35,2573.41,*,,70.416438356164,165,319,177,69,430,300,505,40,,160,,21,313,417,1.2252489023888
1316215353,Nartey,Erica,A,PHARMD,I,1333 Boston Post Rd,,Larchmont,NY,36,10538,1,"Metropolitan area core: primary flow within an urbanized area of 50,000 and greater",US,Pharmacist,NPPES-Taxonomy,13,13,2531.31,13,11,"#",,,,,*,,,13,2531.31,,0,0,,0,0,*,,,*,,,,0,0,,13,2531.31,0,0,0,0,0,0,0,0,0,,0,0,0,*,,,*,,71.272727272727,,,,,,,,,0,,0,0,0,11,0.58790909090909
1316221997,Wnorowski,Robert,J,PHARMD,I,4360 Sunrise Hwy,,Massapequa,NY,36,11758,1,"Metropolitan area core: primary flow within an urbanized area of 50,000 and greater",US,Pharmacist,NPPES-Taxonomy,16,16,3099.94,16,15,"#",,,,,"#",,,16,3099.94,,0,0,,0,0,*,,,*,,,*,,,*,,,0,0,0,0,0,0,0,0,0,,0,0,0,*,,,*,,72.733333333333,,,,,,,,13,0,,0,0,,,0.71030555555556
1316452964,Doody,Merrick,L,PA,I,"104 Union Ave # 806-807",,Syracuse,NY,36,13203,1,"Metropolitan area core: primary flow within an urbanized area of 50,000 and greater",US,Physician Assistant,Claim-Specialty,4617,9290.4333333333,370249.66,271211,798,,3993,8335.7333333333,306164.29,244203,,721,,528,287354.44,,4031,79945.24,,58,2949.98,,2925,208590.06,,1692,161659.6,,1343,113723.15,,3274,256526.51,50,840.66,1091,27,1.0829542993286,,,,,,104,4159.83,89,,16,188.13,*,,74.234335839599,77,333,269,119,494,304,670,72,16,,,31,148,650,1.1845796522038
1316919152,Brubaker,David,,MD,I,9864 Luckey Dr,,Houghton,NY,36,14744,10,"Rural areas: primary flow to a tract outside a urbanized area of 50,000 and greater or UC",US,Family Practice,Claim-Specialty,3117,6808.4666666667,473651.8,199617,232,,2684,5987.3333333333,365116.24,175706,,209,,439,411846.92,,2649,59868.58,,29,1936.3,,2075,322885.22,,1042,150766.58,,1032,177605.38,,2085,296046.42,25,80.85,290,14,0.80205325633622,0,0,0,0,0,61,388.76,43,,0,0,,0,74.262931034483,23,107,66,36,123,109,224,,0,0,0,,53,179,1.0522127379505
1316938822,Bambara,Julie,,NP,I,1302 E Main St,,Endicott,NY,36,13760,1,"Metropolitan area core: primary flow within an urbanized area of 50,000 and greater",US,Nurse Practitioner,Claim-Specialty,4818,9337.5666666667,486269.04,265920,387,,3472,7130.6,356978.46,205704,,264,,676,395056.91,,4099,88447.57,,43,2764.56,,2978,306765.46,,1840,179503.58,,1908,206523.77,,2910,279745.27,193,32046.05,4632,30,4.0058115400581,26,28654.41,730,,13.471502590674,139,12773.92,76,*,,,*,,66.989664082687,123,152,78,34,258,129,354,19,,,0,,169,218,1.055116709733
1316947518,Cohrssen,Andreas,,MD,I,279 E 3rd St,,New York,NY,36,10009,1,"Metropolitan area core: primary flow within an urbanized area of 50,000 and greater",US,Family Practice,NPPES-Specialty,1023,1916.4,128575.99,56048,194,,879,1677.6333333333,108670.88,49306,,155,,155,107906.09,,849,20073.05,,19,596.85,,847,116037,,176,12538.99,,911,126063.73,,112,2512.26,,,,,,,,,,,12,128.94,12,,0,0,,0,70.159793814433,39,100,39,16,104,90,30,37,,122,0,,155,39,1.360763676476
1316979651,Wang,Kuocheng,,MD,I,141 Division St,Fl 2,New York,NY,36,10002,1,"Metropolitan area core: primary flow within an urbanized area of 50,000 and greater",US,Internal Medicine,Claim-Specialty,19886,26038.433333333,3879188.23,770395,482,,19714,25810.433333333,3832276.25,763712,"#",,,5257,3444659.55,,14215,422473.18,,414,12055.5,,15806,3087731.42,,4080,791456.81,,19340,3799523.54,,546,79664.69,70,4141.46,1827,,0.35200643668913,12,1784.62,360,,17.142857142857,70,1486.48,46,,442,67370.8,*,,77.587136929461,,,,,305,177,,,465,,0,,436,46,1.0896327186852
1316987316,Brenner,Michelle,T,NP,I,40 La Riviere Dr Ste 201,,Buffalo,NY,36,14202,1,"Metropolitan area core: primary flow within an urbanized area of 50,000 and greater",US,Nurse Practitioner,Claim-Specialty,12926,15705.5,877309.07,451673,541,,12316,15042.8,836759.82,433132,,520,,1810,589194.11,,11070,285476.6,,46,2638.36,,9633,674323.03,,3293,202986.04,,3314,325167.65,,9612,552141.42,366,13984.76,10281,81,2.8315023982671,33,6189.13,990,,9.016393442623,263,9005.72,149,,597,20011.72,,88,84.682070240296,21,63,148,309,403,138,510,16,,,0,,135,406,2.0801434708726
1316988504,Huang,Yiling,,MD,I,9418 57th Ave,,Elmhurst,NY,36,11373,1,"Metropolitan area core: primary flow within an urbanized area of 50,000 and greater",US,Internal Medicine,Claim-Specialty,17843,25875.333333333,2945537.56,753900,587,,17542,25431,2901414.3,740957,,573,,4266,2506402.97,,13166,426271.29,,411,12863.3,,16091,2702635.23,,1752,242902.33,,15181,2654822.97,,2662,290714.59,44,1279.53,920,,0.24659530348036,0,0,0,,0,302,3215.84,178,,13,751.99,*,,73.347529812606,14,359,155,59,332,255,27,,489,31,,19,365,222,0.86007188128925
1326000498,Ushyarov,Mani,,M.D.,I,9785 Queens Blvd,,Rego Park,NY,36,11374,1,"Metropolitan area core: primary flow within an urbanized area of 50,000 and greater",US,Diagnostic Radiology,Claim-Specialty,13915,18481.4,3741234.88,546657,505,,13539,17950.5,3681351.64,531150,,471,,4322,3356521.15,,9412,379536.26,,181,5177.47,,4149,729479.38,,9766,3011755.5,,11747,3454639.44,,2168,286595.44,56,517.13,1252,18,0.40244340639598,,,,,,65,779.77,53,,51,10506.15,*,,75.415841584158,34,204,183,84,256,249,273,51,,80,,55,301,204,1.5238427247039
1326001991,Yu,Yong,M,M.D.,I,41 60 Main Street,Suite 204,Flushing,NY,36,11355,1,"Metropolitan area core: primary flow within an urbanized area of 50,000 and greater",US,Internal Medicine,Claim-Specialty,22533,36815.4,3763076.45,1079219,579,,22410,36518.4,3747962.83,1070547,,568,,4885,3287030.62,,17020,462190.23,,628,13855.6,,20966,3444922.68,,1567,318153.77,,19982,3501813.81,,2551,261262.64,,,,,,,,,,,529,7441.54,252,,21,407.42,*,,74.272884283247,11,319,175,74,304,275,,,557,,0,13,421,158,0.98467585918129
1326004649,Kumar,Yellamraju,R,M.D.,I,12845 Broadway,,Alden,NY,36,14004,1,"Metropolitan area core: primary flow within an urbanized area of 50,000 and greater",US,Internal Medicine,Claim-Specialty,17165,36222.866666667,1601250.96,1054075,926,,15662,33402.533333333,1436989.54,973147,,850,,2209,1244253.88,,14743,349475.27,,213,7521.81,,12483,1113283.42,,4682,487967.54,,2374,262066.82,,14791,1339184.14,188,1702.12,3450,61,1.0952519662103,0,0,0,0,0,534,8284.89,299,,92,3550.89,,22,74.294816414687,76,415,301,134,487,439,886,,,,0,29,92,834,1.1978147088963
1326028259,Qudsi,Viqar,A,MD,I,87 Plaza Blvd,,Plattsburgh,NY,36,12901,4,"Micropolitan area core: primary flow within an urban cluster of 10,000 to 49,999",US,Internal Medicine,Claim-Specialty,6012,12019.333333333,904708.76,313856,1336,,4901,10121.166666667,710220.38,264748,,1145,,1971,817737.57,,3957,80315.74,,84,6655.45,,2645,406580.11,,3367,498128.65,,2130,412981.99,,3882,491726.77,192,6299.39,4713,29,3.1936127744511,26,2004.94,728,,13.541666666667,84,1035.84,57,,14,84.82,*,,70.942365269461,191,726,328,91,718,618,1249,16,,22,,39,331,1005,0.94850459277897
1326039058,Hallinan,Kathleen,A,"MD, MPH",I,130 Center Way,,Corning,NY,36,14830,4,"Micropolitan area core: primary flow within an urban cluster of 10,000 to 49,999",US,Internal Medicine,Claim-Specialty,6238,12449.333333333,616299.26,354459,593,,5882,11924.866666667,574487.5,340442,,545,,787,482145.08,,5365,128373.04,,86,5781.14,,3405,310089.19,,2833,306210.07,,1473,184191.9,,4765,432107.36,176,6491.1,3811,65,2.8214171208721,22,2649.38,660,,12.5,300,6011.58,174,,71,1054.68,,18,73.878583473862,48,272,187,86,413,180,570,,,,0,12,109,484,1.1303555659349
1326043357,Agyemang,Joseph,R,MD,I,17 Oakwood Ter Ste 100,,New Windsor,NY,36,12553,1,"Metropolitan area core: primary flow within an urbanized area of 50,000 and greater",US,Internal Medicine,Claim-Specialty,5289,10072.433333333,600922.27,293465,422,,4359,8626.5333333333,479769.57,251364,,365,,737,500334.68,,4510,98847.11,,42,1740.48,,2715,314247.32,,2574,286674.95,,2085,270826.17,,3204,330096.1,130,3533.48,3570,32,2.4579315560597,,,,,,151,1961.07,107,*,,,*,,72.011848341232,57,195,126,44,212,210,266,88,,51,,13,96,326,1.1178550743462
1326066606,Anthony,Martha,,MD,I,7400 18th Ave,,Brooklyn,NY,36,11204,1,"Metropolitan area core: primary flow within an urbanized area of 50,000 and greater",US,Internal Medicine,Claim-Specialty,3330,8075.1,333048.2,237617,359,,2957,7300.3666666667,277137.26,214983,,327,,498,254036.31,,2793,77137.22,,39,1874.67,,2206,211700.32,,1124,121347.88,,1690,217344.26,,1640,115703.94,,,,,,,,,,,52,521.41,38,,0,0,,0,74.827298050139,32,157,110,60,251,108,262,21,,66,,,155,204,1.1526306393951
1326115304,Laurri,Frank,R,MD,I,10175 Niagara Falls Blvd Ste 1,,Niagara Falls,NY,36,14304,1,"Metropolitan area core: primary flow within an urbanized area of 50,000 and greater",US,Internal Medicine,Claim-Specialty,14477,31596.4,1565984.99,920091,1327,,13103,29298.133333333,1401930.85,854762,,1193,,1862,1239748.56,,12401,315487.09,,214,10749.34,,11602,1229328.42,,2875,336656.57,,2488,377346.83,,11989,1188638.16,495,8204.56,12278,138,3.4192166885404,32,2334.05,1140,,6.4646464646465,479,5820.7,316,,27,249.2,,11,74.043707611153,134,585,401,207,750,577,1215,55,,16,,31,189,1138,1.4078599467228
1326121070,Wang,Shuangping,,M.D.,I,5 Grand St,,Warwick,NY,36,10990,2,"Metropolitan area high commuting: primary flow 30% or more to a urbanized area of 50,000 and greater",US,Internal Medicine,Claim-Specialty,10340,24719.533333333,1123488.96,723799,705,,9888,23839.4,1074725.18,698037,,677,,1165,878989.23,,9054,240622.84,,121,3876.89,,1947,230612.92,,8393,892876.04,,1856,264061.09,,8484,859427.87,141,2613.1,3623,35,1.3636363636364,,,,,,391,6774.15,227,,26,1077.68,*,,76.171631205674,28,283,268,126,391,314,619,15,19,20,0,32,66,639,1.0508963904045
1326131616,Chan,Tricia,,MD,I,1650 Grand Concourse,Acn Medical Clinic 2nd Floor,Bronx,NY,36,10457,1,"Metropolitan area core: primary flow within an urbanized area of 50,000 and greater",US,Internal Medicine,Claim-Specialty,13512,26350.7,1432477.15,785321,688,,11853,23641,1309370.36,704846,,586,,2067,1204540.37,,10519,209707.49,,926,18229.29,,12800,1348212.28,,712,84264.87,,12794,1390791.06,,718,41686.09,14,116.5,289,,0.1036116044997,0,0,0,,0,20,5100.89,16,*,,,*,,72.44476744186,102,308,206,72,466,222,11,127,,522,,18,626,62,1.4334335557182
1326157223,Dolan,Kathryn,R,FNP,I,153 W Genesee St,,Chittenango,NY,36,13037,2,"Metropolitan area high commuting: primary flow 30% or more to a urbanized area of 50,000 and greater",US,Nurse Practitioner,Claim-Specialty,3020,6099.0666666667,234986.79,177016,332,,2275,5047,185071.26,147284,,256,,382,175144.68,,2619,59158.32,,19,683.79,,2015,177641.88,,1005,57344.91,,1275,118133.02,,1745,116853.77,68,1398.34,1742,19,2.2516556291391,0,0,0,0,0,47,469.41,36,,28,26370.4,*,,69.481927710843,76,150,86,20,186,146,316,0,,,0,13,102,230,0.99406425702811
1326159526,Baskin,Martin,I,MD,I,185 W End Ave,Suite 1m,New York,NY,36,10023,1,"Metropolitan area core: primary flow within an urbanized area of 50,000 and greater",US,Internal Medicine,Claim-Specialty,6228,11953.9,1271328.93,344385,544,,6019,11628.9,1212303.03,335004,"#",,,1357,1127868.71,,4815,142415.16,,56,1045.06,,1214,218832.95,,5014,1052495.98,,724,141446.73,,5504,1129882.2,53,2090.9,1402,20,0.85099550417469,,,,,,252,10207.47,132,,30,336.62,*,,77.957720588235,,,,,313,231,448,33,,27,,32,28,516,1.1020734449984
1326279753,Lin,Kung-Ching,,,I,3808 Union St Ste 3l,,Flushing,NY,36,11354,1,"Metropolitan area core: primary flow within an urbanized area of 50,000 and greater",US,Internal Medicine,Claim-Specialty,9406,12911.733333333,1717996.56,372085,462,,9133,12550,1669634.75,361710,,439,,2080,1401987.67,,7137,311772.91,,189,4235.98,,8943,1621018.54,,463,96978.02,,9009,1691697.76,,397,26298.8,,,,,,,,,,,246,73667.02,138,,32,1252.04,*,,72.683982683983,23,277,115,47,258,204,,,436,13,0,,401,61,1.1547975976618
1326361684,Burg,Lisa,M,,I,260 Delaware Ave,,Delmar,NY,36,12054,1,"Metropolitan area core: primary flow within an urbanized area of 50,000 and greater",US,Pharmacist,NPPES-Taxonomy,48,48,9025.48,48,41,"#",,,,,"#",,,48,9025.48,,0,0,,0,0,,22,4027.77,,26,4997.71,*,,,"#",,,0,0,0,0,0,0,0,0,0,,0,0,0,*,,,*,,69.341463414634,,,,,26,15,37,,0,,0,,,,0.86768292682927
1326362658,Bryce,Lorna,M,RPH,I,2024 South Rd,,Poughkeepsie,NY,36,12601,1,"Metropolitan area core: primary flow within an urbanized area of 50,000 and greater",US,Pharmacist,NPPES-Taxonomy,12,12,2015.74,31,,"#",,,,,*,,,11,2008.59,*,,,"#",,,*,,,*,,,*,,,"#",,,0,0,0,,0,0,0,0,,,0,0,,*,,,*,,72,,,,,,,,,,,,,,,0.8681
1326430604,Popp,Shannon,K,PHARMD,I,2878 State Route 203,,Valatie,NY,36,12184,2,"Metropolitan area high commuting: primary flow 30% or more to a urbanized area of 50,000 and greater",US,Pharmacist,NPPES-Taxonomy,17,17,2715.73,17,15,"#",,,,,"#",,,16,2679.29,*,,,"#",,,"#",,,*,,,*,,,"#",,,0,0,0,0,0,0,0,0,0,,0,0,0,*,,,*,,72.666666666667,,,,,,,,,0,0,,,,,1.4933990714858
1326442476,Norman,Christopher,J,"MSN, APRN, AGPCNP-BC",I,550 Harrison St,Suite A - Geriatrics,Syracuse,NY,36,13202,1,"Metropolitan area core: primary flow within an urbanized area of 50,000 and greater",US,Nurse Practitioner,NPPES-Specialty,5309,5383.1,456206.07,134072,174,,4624,4688.7666666667,397830.78,117496,,160,,749,264008.72,,4508,189644.61,,52,2552.74,,5309,456206.07,,0,0,"#",,,*,,,99,2136.22,2291,29,1.8647579581842,19,1078.74,488,,19.191919191919,45,1376.23,31,,109,54569.57,,14,77.827586206897,14,53,61,46,116,58,143,26,0,,0,,,,3.3196170036649
1326459496,Xu,Jing,,M.D.,I,8708 Justice Ave Apt 1e,,Elmhurst,NY,36,11373,1,"Metropolitan area core: primary flow within an urbanized area of 50,000 and greater",US,Internal Medicine,Claim-Specialty,3950,5387.1333333333,532841.27,155956,128,,3890,5298.8666666667,522553.96,153395,"#",,,757,457882.54,,3123,73661.32,,70,1297.41,,3498,469973.6,,452,62867.67,,3433,497997.94,,517,34843.33,,,,,,,,,,,38,491.38,29,,12,144.5,*,,73.796875,,,,,78,50,,,109,,0,,99,29,1.0183639322917
1326587999,Patel,Sejal,P,RPH,I,6562 Myrtle Ave,,Glendale,NY,36,11385,1,"Metropolitan area core: primary flow within an urbanized area of 50,000 and greater",US,Pharmacist,NPPES-Taxonomy,29,29,5218.49,29,29,"#",,,,,"#",,,29,5218.49,,0,0,,0,0,*,,,"#",,,*,,,"#",,,0,0,0,0,0,0,0,0,0,,0,0,0,*,,,*,,71.620689655172,,,,,18,11,13,0,,,0,,,,0.83762068965517
1336116037,Cassetta,Brian,D,MD,I,31 Arnot Rd,Suite A,Horseheads,NY,36,14845,1,"Metropolitan area core: primary flow within an urbanized area of 50,000 and greater",US,Internal Medicine,Claim-Specialty,14913,30069.533333333,1386048.45,871719,910,,13296,27507.3,1201340,799705,,824,,1751,1064702.3,,12985,312145.76,,177,9200.39,,8576,728989.95,,6337,657058.5,,3495,380365.56,,11418,1005682.89,404,9545.79,8012,93,2.7090457989673,,,,,,482,9516.8,266,,63,2276.25,,18,74.625274725275,86,379,284,161,437,473,863,15,,,0,22,159,751,1.2003594437894
1336130442,Go,Arsenio,N,MD,I,210 E 201st St,1a,Bronx,NY,36,10458,1,"Metropolitan area core: primary flow within an urbanized area of 50,000 and greater",US,Family Practice,Claim-Specialty,839,1270.8666666667,77125.92,31353,164,,758,1161.2,65691.39,28565,,149,,260,65091.19,,579,12034.73,,0,0,,208,35250.81,,631,41875.11,,175,32491.46,,664,44634.46,54,1055.44,1353,,6.4362336114422,0,0,0,,0,134,964,30,*,,,*,,73.201219512195,15,81,56,12,108,56,53,,,94,0,,100,64,1.1250027970381
1336168780,Schroyer,Glenn,S,M.D.,I,675 State Route 3,,Plattsburgh,NY,36,12901,4,"Micropolitan area core: primary flow within an urban cluster of 10,000 to 49,999",US,Family Practice,Claim-Specialty,7553,8265.6333333333,661724.29,202888,343,,6085,6621.6666666667,534796.94,161666,,260,,1345,487777.3,,6165,172044.53,,43,1902.46,,3185,322550.17,,4368,339174.12,,6905,594752.64,,648,66971.65,213,23687.92,3525,65,2.8200714947703,,,,,,263,51729.32,69,,341,10437.56,,47,72.481049562682,83,91,89,80,227,116,326,,0,,,,234,109,1.6458608172442
1336170729,Koneru,Suchitra,,M.D.,I,400 International Dr,,Williamsville,NY,36,14221,1,"Metropolitan area core: primary flow within an urbanized area of 50,000 and greater",US,Family Practice,Claim-Specialty,4628,10363.6,460453.59,303328,477,,4281,9694.9,400633.08,283973,,442,,675,363812.94,,3914,95476.44,,39,1164.21,,3638,351872.04,,990,108581.55,,899,130824.72,,3729,329628.87,67,1432.96,1715,23,1.447709593777,,,,,,119,815.93,77,,0,0,,0,74.010482180294,35,233,151,58,367,110,420,15,21,,,17,71,406,1.1437579388386
1336171040,Martinez,Sergio,,,I,3711 88th St,,Jackson Heights,NY,36,11372,1,"Metropolitan area core: primary flow within an urbanized area of 50,000 and greater",US,Pulmonary Disease,Claim-Specialty,19141,30952.7,5643523.61,903921,1446,,17217,27870.733333333,4691376.6,814924,,1296,,6231,4504896.79,,12600,1132230.51,,310,6396.31,,17669,5208772.04,,1472,434751.57,,16868,5208786.17,,2273,434737.44,,,,,,,,,,,263,81391.9,170,,64,32937.4,,34,72.814661134163,150,731,432,133,831,615,39,43,13,1338,0,13,1165,281,1.3024705458397
1336177823,Rienzi,Peter,A,M.D.,I,2546 Balltown Rd,Suite 200,Schenectady,NY,36,12309,1,"Metropolitan area core: primary flow within an urbanized area of 50,000 and greater",US,Internal Medicine,Claim-Specialty,16294,37267.3,1798095.04,1098476,1261,,14940,34948.5,1644824.46,1031331,,1200,,1891,1433330.94,,14224,355772.71,,179,8991.39,,11667,1373831.33,,4627,424263.71,,2344,308755.56,,13950,1489339.48,521,21929.6,12222,82,3.1974960108015,29,11974.87,850,,5.5662188099808,183,2026.81,147,,68,7758.08,,16,76.816019032514,61,480,456,264,599,662,1151,23,25,,,53,109,1152,1.0927636198999
1336184290,Innabi,Khalil,,M.D.,I,45 Ludlow St,Suite 700,Yonkers,NY,36,10705,1,"Metropolitan area core: primary flow within an urbanized area of 50,000 and greater",US,Family Practice,Claim-Specialty,21646,42360.466666667,6200005.62,1247929,446,,18864,37481.233333333,5529395.79,1104934,,397,,5730,4974200.75,,15367,1186048.4,,549,39756.47,,17138,4725045.57,,4508,1474960.05,,18325,5775772.51,,3321,424233.11,502,15985.05,13860,77,2.3191351750901,13,1589.85,390,,2.5896414342629,561,27096.82,242,,80,39580.37,,22,73.991031390135,49,182,154,61,259,187,52,34,15,327,0,18,327,119,1.5031386475994
1336214220,Yu,Shin,,,I,1 S Lawn Ave,,Elmsford,NY,36,10523,1,"Metropolitan area core: primary flow within an urbanized area of 50,000 and greater",US,Internal Medicine,Claim-Specialty,9727,15539.733333333,1050699.75,453074,508,,8504,14033.433333333,914492.85,409864,,460,,1740,862073.08,,7891,184265.03,,96,4361.64,,6053,630140.68,,3674,420559.07,,6778,869268.83,,2949,181430.92,240,35608.92,6714,38,2.467358897913,29,24111.8,870,,12.083333333333,209,3314.76,146,,19,3398.52,*,,73.842519685039,48,213,179,68,284,224,99,50,308,15,0,36,216,292,0.97521946298621
1336217850,Shapiro,Carin,S,"MD ,MPH",I,260 N Little Tor Rd,,New City,NY,36,10956,1,"Metropolitan area core: primary flow within an urbanized area of 50,000 and greater",US,Family Practice,Claim-Specialty,6883,13530.666666667,550514.01,395506,603,,5711,12174.933333333,451721.35,356753,,551,,859,394449.48,,5988,155681.53,,36,383,,1666,119030.18,,5217,431483.83,,2742,178869.77,,4141,371644.24,77,777.4,2128,,1.1186982420456,0,0,0,,0,207,7447.49,126,*,,,*,,74.479270315091,52,241,206,104,374,229,455,38,33,45,0,32,118,485,0.97644527363184
1336250927,Samarneh,Nedal,Z,MD,I,609 Soundview Ave,,Bronx,NY,36,10473,1,"Metropolitan area core: primary flow within an urbanized area of 50,000 and greater",US,Internal Medicine,Claim-Specialty,4467,8189.2333333333,446588.69,240219,207,,3789,7200.1666666667,395791.74,211682,,177,,652,367812.38,,3690,75528.72,,125,3247.59,,3674,350310.96,,793,96277.73,,3799,377188.71,,668,69399.98,55,517.79,940,11,1.2312513991493,0,0,0,0,0,43,426.04,35,*,,,*,,72.492753623188,30,84,76,17,111,96,12,40,,149,0,,140,67,1.4319906760018
1336281187,Mccarthy,Jennifer,W,MD,I,525 E 68th St,"New York Presbyterian Hospital # 133",New York,NY,36,10021,1,"Metropolitan area core: primary flow within an urbanized area of 50,000 and greater",US,Internal Medicine,Claim-Specialty,186,186,23607.19,5023,152,"#",,,,,"#",,,186,23607.19,,0,0,,0,0,,0,0,,186,23607.19,*,,,"#",,,0,0,0,0,0,0,0,0,0,,0,0,0,*,,,*,,74.355263157895,,,,,94,58,112,21,,,0,,,,0.89914975944747
1336320423,Damour,Heather,L,RPH,I,173 Church St,,Saranac Lake,NY,36,12983,7,"Small town core: primary flow within an urban cluster of 2,500 to 9,999",US,Pharmacist,NPPES-Taxonomy,27,27,4361.98,27,27,"#",,,,,"#",,,27,4361.98,,0,0,,0,0,*,,,"#",,,*,,,"#",,,0,0,0,0,0,0,0,0,0,,0,0,0,*,,,*,,69.296296296296,,,,,12,15,26,,0,0,0,,,,0.49751234567901
1336414903,German,Susan,J,RPH,I,10 Garet Pl,,Commack,NY,36,11725,1,"Metropolitan area core: primary flow within an urbanized area of 50,000 and greater",US,Pharmacist,NPPES-Taxonomy,46,46,7351.55,46,41,"#",,,,,"#",,,46,7351.55,,0,0,,0,0,,17,2777.53,,29,4574.02,*,,,"#",,,0,0,0,0,0,0,0,0,0,,0,0,0,*,,,*,,76.317073170732,,,,,24,17,28,,,,0,,,,0.76848780487805
1336441880,Quinn,Celia,L,MD,I,111 E 210th St,"Department Of Pediatrics, Rosenthal 4",Bronx,NY,36,10467,1,"Metropolitan area core: primary flow within an urbanized area of 50,000 and greater",US,Pediatric Medicine,NPPES-Specialty,20,23,3633.02,255,19,"#",,,,,"#",,,19,3562.42,*,,,"#",,,"#",,,*,,,"#",,,*,,,0,0,0,0,0,0,0,0,0,,0,0,0,*,,,*,,70.157894736842,,,,,,,,,0,,0,0,,,1.2679200224227
1336524024,Coffey,Ashley,,,I,609 E Main St,,Palmyra,NY,36,14522,2,"Metropolitan area high commuting: primary flow 30% or more to a urbanized area of 50,000 and greater",US,Pharmacist,NPPES-Taxonomy,15,15,2709.16,15,15,"#",,,,,"#",,,15,2709.16,,0,0,,0,0,*,,,*,,,*,,,"#",,,0,0,0,0,0,0,0,0,0,,0,0,0,*,,,*,,69.266666666667,,,,,,,13,0,0,,0,,,,0.76493333333333
1346289733,Yuen,Hak,K,MD,I,3640 Main St,Suite 501,Flushing,NY,36,11354,1,"Metropolitan area core: primary flow within an urbanized area of 50,000 and greater",US,Internal Medicine,Claim-Specialty,5745,11452.133333333,423098.18,335530,244,,5667,11367.5,418367.67,333016,"#",,,600,321787.09,,5038,97672.08,,107,3639.01,,4740,339531,,1005,83567.18,,3642,257750.18,,2103,165348,0,0,0,0,0,0,0,0,0,,182,2032.16,88,,17,3125.07,*,,74.606557377049,,,,,138,106,,0,228,,0,,113,131,1.1151898396743
1346325263,Islam,Mohammad,M,M.D.,I,10 Little Britain Rd,"Suite # 102",Newburgh,NY,36,12550,1,"Metropolitan area core: primary flow within an urbanized area of 50,000 and greater",US,Internal Medicine,Claim-Specialty,4921,8227.3333333333,251168.63,234878,291,,3767,6635.3333333333,195251.68,190461,,223,,474,170536.95,,4402,79152.5,,45,1479.18,,2133,119413.45,,2788,131755.18,,3061,161033.52,,1860,90135.11,78,3603.74,2044,16,1.5850436903068,13,2793.99,390,,16.666666666667,157,1270.53,99,,14,220.55,*,,69.896907216495,68,129,70,24,147,144,143,76,,52,,11,126,165,1.4558570000978
1346365319,Price,Mary,E,M.D.,I,77 Nelson St,Suite 310,Auburn,NY,36,13021,4,"Micropolitan area core: primary flow within an urban cluster of 10,000 to 49,999",US,Internal Medicine,Claim-Specialty,10072,20135.933333333,1097987.77,586783,858,,9411,19143.1,777486.1,558379,,811,,1110,600545.89,,8918,494977.78,,44,2464.1,,5457,715729.1,,4615,382258.67,,2725,509976.72,,7347,588011.05,373,16727.42,9516,90,3.7033359809373,74,6998.5,2213,14,19.839142091153,185,6788.15,114,,37,1193.48,,11,74.573426573427,47,414,283,114,676,182,808,15,,,0,24,124,734,1.1405772874029
1346370293,O'Connell,Daniel,B,MD,I,360 E 193rd St,Mmg Family Health Center,Bronx,NY,36,10458,1,"Metropolitan area core: primary flow within an urbanized area of 50,000 and greater",US,Family Practice,Claim-Specialty,3073,6024.1666666667,429188.33,173431,220,,2373,4777.8666666667,299040.57,137628,,171,,532,359645.11,,2465,66621.14,,76,2922.08,,2799,375916.69,,274,53271.64,,2735,398142.3,,338,31046.03,95,1378.8,1750,18,3.0914415880247,,,,,,21,152.4,15,*,,,*,,69.936363636364,49,96,62,13,152,68,11,47,,150,0,,178,42,1.5429505462141
1346381183,Tummalapenta,Nirmala,,M.D.,I,2550 Webb Ave,,Bronx,NY,36,10468,1,"Metropolitan area core: primary flow within an urbanized area of 50,000 and greater",US,Internal Medicine,Claim-Specialty,6895,16881.233333333,1375581.93,495676,678,,6063,15064.733333333,1172123.84,442760,,594,,1274,1237934.78,,5511,132434.61,,110,5212.54,,5521,1073601.04,,1374,301980.89,,4105,976377.09,,2790,399204.84,,,,,,,,,,,108,1098.05,85,,37,571.68,,17,73.914454277286,84,277,222,95,417,261,65,204,,367,,28,332,346,1.3216293825704
1346426368,Hoffman,Paul,,,I,75 N Middletown Rd,,Pearl River,NY,36,10965,1,"Metropolitan area core: primary flow within an urbanized area of 50,000 and greater",US,Pharmacist,NPPES-Taxonomy,57,57,9904.61,57,51,"#",,,,,"#",,,57,9904.61,,0,0,,0,0,*,,,"#",,,*,,,"#",,,0,0,0,0,0,0,0,0,0,,0,0,0,*,,,*,,72.607843137255,,,,,31,20,36,,,,0,,,,0.7468431372549
1346426384,Goodemote,Kelly,K,R.PH.,I,5 Lake St,,Stamford,NY,36,12167,10,"Rural areas: primary flow to a tract outside a urbanized area of 50,000 and greater or UC",US,Pharmacist,NPPES-Taxonomy,15,15,2580.63,15,12,,15,15,2580.63,15,,12,,15,2580.63,,0,0,,0,0,*,,,"#",,,*,,,"#",,,0,0,0,0,0,0,0,0,0,,0,0,0,,0,0,,0,73.916666666667,0,,,0,,,12,0,0,0,0,0,,,0.74725
1346478658,Bergin,Suzanne,E,DO,I,3767 Main St,,Warrensburg,NY,36,12885,2,"Metropolitan area high commuting: primary flow 30% or more to a urbanized area of 50,000 and greater",US,Internal Medicine,Claim-Specialty,10061,21261.833333333,996393.33,621471,847,,7783,17261.066666667,806007.36,505528,,702,,1178,780126.25,,8770,213090.32,,113,3176.76,,6899,546353.3,,3162,450040.03,,4161,511760.77,,5900,484632.56,522,40119.22,13492,99,5.1883510585429,46,24654.63,1283,,8.8122605363985,103,2484.77,75,,33,553.32,*,,70.356552538371,145,415,236,51,562,285,807,,,,,21,269,578,1.0156672172468
1346494655,Mcnany,Elizabeth,H,MD.,I,4000 Medical Center Dr,Suite 104,Fayetteville,NY,36,13066,1,"Metropolitan area core: primary flow within an urbanized area of 50,000 and greater",US,Family Practice,Claim-Specialty,3046,6232.7666666667,366585.38,181412,225,,2607,5423.5,282923.72,157843,,194,,455,303089.11,,2557,61368.23,,34,2128.04,,1803,210502.42,,1243,156082.96,,864,147877.43,,2182,218707.95,74,1284.98,1750,13,2.4294156270519,0,0,0,0,0,58,29783.9,36,,17,232.4,*,,73.013333333333,31,94,63,37,163,62,194,,,,,15,47,178,0.97786975781167
1346515780,Kang,Tae,Y,PA,I,"3834 Parsons Blvd # 1a",,Flushing,NY,36,11354,1,"Metropolitan area core: primary flow within an urbanized area of 50,000 and greater",US,Physician Assistant,NPPES-Specialty,15388,23382.966666667,2765748.82,688895,989,,15178,23099.233333333,2739715.02,680567,,974,,3221,2411944.68,,11895,348534.66,,272,5269.48,,14250,2560203.46,,1138,205545.36,,14508,2711541.27,,880,54207.55,92,1222.99,2022,33,0.59786846893683,0,0,0,0,0,123,1339.59,84,,92,980.97,,23,74.39029322548,15,541,311,122,592,397,12,,917,,0,51,866,123,1.0897413923595
1346526498,Wood,Christina,,FNP-C,I,38 Concord Rd,,Monticello,NY,36,12701,7,"Small town core: primary flow within an urban cluster of 2,500 to 9,999",US,Nurse Practitioner,Claim-Specialty,5915,11664.333333333,746701.36,337031,613,,4839,9941.4,595426.75,287721,,523,,953,627826.47,,4891,114932.57,,71,3942.32,,2844,315403.01,,3071,431298.35,,2444,333060.23,,3471,413641.13,77,1194.33,1744,29,1.301775147929,,,,,,168,3392.54,111,,18,261.02,*,,71.365415986949,90,301,165,57,358,255,531,30,,29,,16,186,427,1.1514313508219
1346563095,Schlottmann,Elizabeth,A,,I,413 Route 376,,Hopewell Junction,NY,36,12533,1,"Metropolitan area core: primary flow within an urbanized area of 50,000 and greater",US,Pharmacist,NPPES-Taxonomy,31,31,4636.84,31,31,"#",,,,,"#",,,31,4636.84,,0,0,,0,0,,14,2275.11,,17,2361.73,*,,,"#",,,0,0,0,0,0,0,0,0,0,,0,0,0,*,,,*,,69.838709677419,,,,,17,14,26,,0,,0,,,,0.98758064516129
1346657103,Lum,Tszhoderrick,,"DNP, NP-C",I,1424 Richmond Ave Ste C,,Staten Island,NY,36,10314,1,"Metropolitan area core: primary flow within an urbanized area of 50,000 and greater",US,Nurse Practitioner,Claim-Specialty,10713,13234,2041216.5,385524,553,,10508,13015.4,2013778.09,379290,,538,,2666,1720620.19,,7917,318726.55,,130,1869.76,,8495,1658006.86,,2218,383209.64,,10171,1951856.99,,542,89359.51,,,,,,,,,,,100,10991.45,70,,54,588.36,*,,73.264014466546,15,353,126,59,286,267,,,545,,0,,502,51,1.0279660296996
1346658606,Wade,Ryan,,,I,6272 State Route 9,,Chestertown,NY,36,12817,10,"Rural areas: primary flow to a tract outside a urbanized area of 50,000 and greater or UC",US,Pharmacist,NPPES-Taxonomy,17,17,3002.89,17,16,"#",,,,,"#",,,17,3002.89,,0,0,,0,0,"#",,,*,,,,0,0,,17,3002.89,0,0,0,0,0,0,0,0,0,,0,0,0,*,,,*,,71.375,,,,,,,15,,0,0,0,,0,16,0.783375
1346690310,Newberg,Andrew,,,I,1200 Deer Park Ave,,North Babylon,NY,36,11703,1,"Metropolitan area core: primary flow within an urbanized area of 50,000 and greater",US,Pharmacist,NPPES-Taxonomy,44,47,6414.83,221,40,"#",,,,,"#",,,44,6414.83,,0,0,,0,0,,23,3540.27,,21,2874.56,*,,,"#",,,0,0,0,0,0,0,0,0,0,,0,0,0,*,,,*,,72.15,,,,,23,17,37,,0,0,0,,,,0.917475
1346773355,Yousaf,Sadia,,,I,585 Schenectady Ave,,Brooklyn,NY,36,11203,1,"Metropolitan area core: primary flow within an urbanized area of 50,000 and greater",US,Internal Medicine,Claim-Specialty,871,1360.7666666667,28285.87,33098,422,,800,1243,26494.79,30236,,387,"#",,,,702,12199.75,*,,,"#",,,*,,,,107,5296.17,,764,22989.7,25,194.93,180,24,2.8702640642939,0,0,0,0,0,115,1125.13,106,,0,0,,0,73.530805687204,35,195,150,42,245,177,406,,,,,,43,379,1.2010381406237
1346891900,Dewitt,Bradley,T,PA-C,I,1780 Hanshaw Rd,,Ithaca,NY,36,14850,1,"Metropolitan area core: primary flow within an urbanized area of 50,000 and greater",US,Physician Assistant,Claim-Specialty,4268,8462.4333333333,630816.81,244199,599,,3058,6528.6333333333,425539.11,189547,,497,,630,527424.36,,3607,98268.03,,31,5124.42,,2370,328230.44,,1898,302586.37,,1773,308150.02,,2495,322666.79,140,3669.11,3185,32,3.2802249297095,24,709.15,165,,17.142857142857,74,934.16,63,,12,315.92,*,,70.854757929883,102,275,182,40,293,306,540,26,,,0,18,172,427,1.1260384081389
1346899812,Smith,Elizabeth,M,NP,I,500 Hahnemann Trl,,Pittsford,NY,36,14534,1,"Metropolitan area core: primary flow within an urbanized area of 50,000 and greater",US,Nurse Practitioner,Claim-Specialty,724,897.6,50572.72,19812,152,,648,799.36666666667,44106.19,17791,,141,"#",,,,593,19349.17,*,,,,634,48753.15,,90,1819.57,,647,48165.42,,77,2407.3,67,939.74,1272,31,9.2541436464088,,,,,,55,831.01,36,,14,2627.95,*,,79.868421052632,11,38,45,58,95,57,102,29,,17,0,,131,21,2.632807721734
1356301774,Dibble,William,J,DO,I,4000 Medical Center Dr.,Suite 101 D/E,Fayetteville,NY,36,13066,1,"Metropolitan area core: primary flow within an urbanized area of 50,000 and greater",US,Family Practice,Claim-Specialty,17481,32763.766666667,1390940.89,955554,1128,,14760,28478.166666667,1163407.35,832866,,968,,2237,1033855.7,,15114,351483.84,,130,5601.35,,12096,932654.79,,5385,458286.1,,5937,502251.34,,11544,888689.55,345,4694.53,8848,88,1.9735713059894,17,526.4,510,,4.9275362318841,293,4312.99,193,,53,4303.55,,16,71.874113475177,160,521,347,100,548,580,943,109,,20,,39,272,856,1.1141974733684
1356337000,Ryan,Timothy,J,MD,I,1991 Balsley Rd,,Seneca Falls,NY,36,13148,4,"Micropolitan area core: primary flow within an urban cluster of 10,000 to 49,999",US,Family Practice,NPPES-Specialty,133,133,10098.09,3069,20,"#",,,,,"#",,,55,8601.5,,78,1496.59,,0,0,,28,7149.5,,105,2948.59,"#",,,*,,,0,0,0,0,0,0,0,0,0,,0,0,0,*,,,*,,75.65,,,,,,,20,0,0,0,0,0,,,2.1214595705515
1356337844,Limbeck,Annette,P,NP,I,1437 Blossom Rd,,Rochester,NY,36,14610,1,"Metropolitan area core: primary flow within an urbanized area of 50,000 and greater",US,Nurse Practitioner,NPPES-Specialty,3953,4218.9,300788.45,105306,125,"#",,,,,"#",,,463,189132.84,,3459,111021.02,,31,634.59,,3953,300788.45,,0,0,,3833,297873.67,,120,2914.78,53,908.92,1164,21,1.3407538578295,,,,,,74,1158.63,38,*,,,*,,87.056,,,,,,,121,,,,0,,,,1.0568095238095
1356351050,Tasso,Silvio,R,MD,I,24818 Union Turnpike,,Bellerose,NY,36,11426,1,"Metropolitan area core: primary flow within an urbanized area of 50,000 and greater",US,Internal Medicine,Claim-Specialty,13007,27690.5,2128930.38,819279,878,,11850,25569.4,1945200.03,756687,,802,,2212,1785163.61,,10650,338005.68,,145,5761.09,,9186,1434523.85,,3821,694406.53,,6601,1321494.99,,6406,807435.39,58,2069.1,1169,20,0.44591373875605,0,0,0,0,0,143,1910.49,116,,57,2468.11,,15,74.588838268793,76,382,298,122,507,371,317,57,36,449,,,383,495,1.2236126420406
1356369060,Mcmahon,Gerald,V,M.D.,I,182 Intrepid Ln,Brighton Medical Associates,Syracuse,NY,36,13205,1,"Metropolitan area core: primary flow within an urbanized area of 50,000 and greater",US,Internal Medicine,Claim-Specialty,7873,16407.933333333,820815.18,480494,559,,6911,14921.833333333,729023.7,437721,,514,,1078,670007.43,,6688,145781.96,,107,5025.79,,4964,582333.14,,2909,238482.04,,1541,158124.37,,6332,662690.81,184,6443.25,4544,34,2.3371014860917,23,3528.37,666,,12.5,102,6848.8,57,,15,88.01,*,,75.788908765653,45,198,208,108,303,256,479,47,,,,21,72,487,1.2576373305395
1356434104,Chen,Bo,,M.D,I,98 E Broadway,Lower Level,New York,NY,36,10002,1,"Metropolitan area core: primary flow within an urbanized area of 50,000 and greater",US,Internal Medicine,Claim-Specialty,15486,23472.366666667,3198413.23,693391,400,,15346,23315.6,3180888.92,688787,"#",,,3445,2640799.25,,11809,553922.05,,232,3691.93,,15155,3134227.46,,331,64185.77,,15083,3116697.6,,403,81715.63,0,0,0,0,0,0,0,0,0,,177,1701.84,127,*,,,*,,73.0325,,,,,207,193,,0,395,,0,,379,21,1.0416183001094
1356445662,Mckay,Lisa,N,"R.PH., BCGP",I,Walgreens Pharmacy,101 Pattonwood Dr.,Rochester,NY,36,14617,1,"Metropolitan area core: primary flow within an urbanized area of 50,000 and greater",US,Pharmacist,NPPES-Taxonomy,16,16,2500.91,16,15,"#",,,,,"#",,,16,2500.91,,0,0,,0,0,,16,2500.91,,0,0,*,,,*,,,0,0,0,0,0,0,0,0,0,,0,0,0,*,,,*,,70.533333333333,,,,,,,,,0,,0,0,,,1.1100666666667
1356522775,Zadrozny,Elizabeth,A,RPH,I,114 S Long Beach Ave,,Freeport,NY,36,11520,1,"Metropolitan area core: primary flow within an urbanized area of 50,000 and greater",US,Pharmacist,NPPES-Taxonomy,32,32,4999.52,34,29,"#",,,,,"#",,,31,4923.3,*,,,"#",,,,17,2913.2,,15,2086.32,*,,,"#",,,0,0,0,0,0,0,0,0,0,,0,0,0,*,,,*,,72.172413793103,,,,,17,12,25,,0,0,0,,,,0.93646551724138
1356705883,Macdonald,Brian,A,"M.D., PH.D.",I,462 Grider St,"David K. Miller Building, Internal Medicine Residency",Buffalo,NY,36,14215,1,"Metropolitan area core: primary flow within an urbanized area of 50,000 and greater",US,Internal Medicine,Claim-Specialty,1708,3386.9,169717.45,98246,214,,1486,3028.7333333333,132098.59,88275,,183,,239,138881.6,,1439,30288.46,,30,547.39,,1449,134420.61,,259,35296.84,,375,56458.37,,1333,113259.08,22,263.22,557,,1.288056206089,0,0,0,,0,20,159.79,18,,0,0,,0,72.588785046729,31,98,55,30,114,100,203,0,0,,0,,34,180,1.3407638748216
1356754287,Revels,Seth,M,MD,I,701 N Broadway,,Sleepy Hollow,NY,36,10591,1,"Metropolitan area core: primary flow within an urbanized area of 50,000 and greater",US,Family Practice,Claim-Specialty,7298,17818.7,413140.48,517629,952,,6798,16817.1,345529.37,489320,,892,,752,273914.2,,6415,134142.78,,131,5083.5,,7177,402551.52,,121,10588.96,,1159,112896.81,,6139,300243.67,510,11008.62,12220,112,6.9882159495752,75,1973.58,2046,12,14.705882352941,176,32639.97,129,,37,1680.59,*,,74.580882352941,60,429,337,126,489,463,716,39,,140,,34,112,840,1.3000581909442
1356828420,Strobel,Michael,,NP,I,1425 Portland Ave,,Rochester,NY,36,14621,1,"Metropolitan area core: primary flow within an urbanized area of 50,000 and greater",US,Nurse Practitioner,Claim-Specialty,304,374.4,32747.68,10502,96,,287,347.4,31476.04,9779,"#",,,76,29301.75,,228,3445.93,,0,0,,223,23002.48,,81,9745.2,,74,8911.3,,230,23836.38,0,0,0,0,0,0,0,0,0,,,,,,0,0,*,,74.770833333333,,,,,44,52,81,,0,,0,,15,81,1.5410940462094
1356839864,Peavy,Lydia,,"DNP, FNP-BC, FNP-C",I,356 W 18th St,,New York,NY,36,10011,1,"Metropolitan area core: primary flow within an urbanized area of 50,000 and greater",US,Nurse Practitioner,Claim-Specialty,378,473.36666666667,267751.62,12586,54,,165,231.13333333333,122262.52,6250,,30,,114,252856.35,,251,14529.74,,13,365.53,,212,73854.09,,166,193897.53,,302,225687.18,,76,42064.44,,,,,,,,,,,,,,,0,0,,0,63.981481481481,24,23,,,15,39,33,11,,,,,34,20,1.1196080246914
1366077968,Bong,Si,M,,I,3916 Prince St Ste 251,,Flushing,NY,36,11354,1,"Metropolitan area core: primary flow within an urbanized area of 50,000 and greater",US,Physician Assistant,NPPES-Specialty,4509,6829.3,1672275.52,199696,375,,4244,6404.2,1499882.03,187253,,354,,1484,1533633.64,,2960,137054.79,,65,1587.09,,3769,1357138.88,,740,315136.64,,3961,1569997.05,,548,102278.47,0,0,0,0,0,0,0,0,0,,64,2439.92,56,,29,4731.4,*,,75.226666666667,21,171,117,66,209,166,23,20,292,28,0,12,258,117,1.5390176826376
1124030549,Meaker,Philip,S,M.D.,I,6532 Anthony Dr Ste A,,Victor,NY,36,14564,1,"Metropolitan area core: primary flow within an urbanized area of 50,000 and greater",US,Internal Medicine,Claim-Specialty,7022,15218.4,504513.5,444110,589,,6722,14677.4,464045.6,428267,,558,,786,364544.66,,6180,136516.77,,56,3452.07,,6090,408174.54,,932,96338.96,,844,69233.7,,6178,435279.8,182,4350.14,3449,43,2.5918541726004,,,,,,126,1620.46,73,*,,,*,,74.456706281834,31,275,209,74,341,248,550,,,,0,24,56,533,0.95562342314115
1124050497,King,Mary,E,DO,I,155 Crystal Run Rd,,Middletown,NY,36,10941,1,"Metropolitan area core: primary flow within an urbanized area of 50,000 and greater",US,Internal Medicine,Claim-Specialty,9029,18468.933333333,1127026.03,532573,730,,6638,14164.933333333,774168.96,411228,,568,,1562,917295.39,,7368,206754.28,,99,2976.36,,3975,561634.85,,5054,565391.18,,4861,675516.19,,4168,451509.84,89,2450.4,1588,36,0.98571270351091,0,0,0,0,0,291,6357.14,190,,12,452.85,*,,70.324657534247,162,308,191,69,489,241,641,33,,37,,15,280,450,1.3969587297728
1124054671,Wadhwani,Jai,G,M.D.,I,6460 Main St,,Williamsville,NY,36,14221,1,"Metropolitan area core: primary flow within an urbanized area of 50,000 and greater",US,Cardiology,Claim-Specialty,11673,14903.066666667,2211573.56,173453,7351,,10533,13569.066666667,2021443.62,163124,,6572,,10049,2155195.57,"#",,,*,,,,8533,1542047.74,,3140,669525.82,,2318,467483.85,,9355,1744089.71,0,0,0,0,0,0,0,0,0,,,,,,0,0,,0,71.819888450551,779,4125,1965,482,4223,3128,6378,503,,152,,232,1241,6110,1.0095029345269
1124080056,Gullickson,Donald,E,D.O.,I,1783 Colvin Blvd,,Buffalo,NY,36,14223,1,"Metropolitan area core: primary flow within an urbanized area of 50,000 and greater",US,Internal Medicine,Claim-Specialty,1957,3318.1666666667,158224.23,87519,569,,1766,3059.0666666667,140112.59,80719,,521,,292,128209.87,,1592,28703.16,,73,1311.2,,1371,100729.25,,586,57494.98,,370,40996.31,,1587,117227.92,38,1217.87,719,31,1.9417475728155,,,,,,155,839.36,126,*,,,*,,73.841827768014,48,283,156,82,284,285,531,,,,,19,70,499,1.1925588648771
1124082011,Leung,Blanche,,M.D.,I,70 Bowery,Suite 404,New York,NY,36,10013,1,"Metropolitan area core: primary flow within an urbanized area of 50,000 and greater",US,Internal Medicine,Claim-Specialty,4865,10451.7,549030.42,310837,297,,4781,10243.7,536194.43,304597,"#",,,710,435347.47,,4135,113209.53,,20,473.42,,2152,211966.47,,2713,337063.95,,2912,351283.88,,1953,197746.54,18,207.27,221,,0.36998972250771,0,0,0,,0,31,728.75,25,,79,3072.82,*,,77.602693602694,,,,,222,75,40,,221,,0,32,116,181,0.94923605369805
1124087713,Gonzalez,Fausto,A,MD,I,13405 Rockaway Blvd,,South Ozone Park,NY,36,11420,1,"Metropolitan area core: primary flow within an urbanized area of 50,000 and greater",US,Internal Medicine,Claim-Specialty,70644,87739.033333333,9261471.46,2576293,1716,,57160,72264.533333333,7364919.43,2124262,,1417,,12195,6928724.41,,56922,2303864.27,,1527,28882.78,,67159,8788814.28,,3485,472657.18,,67325,9014538.46,,3319,246933,1240,72591.96,29010,232,1.7552799954702,44,54305.22,1221,,3.5483870967742,421,39523.05,290,,608,60396.69,,98,70.708041958042,299,867,439,111,971,745,30,63,,1561,,31,1469,247,1.2647516166307
1124111331,Otero,Daisy,M,MD,I,Mmg - University Avenue,105 West 188th Street,Bronx,NY,36,10468,1,"Metropolitan area core: primary flow within an urbanized area of 50,000 and greater",US,Internal Medicine,NPPES-Specialty,6359,6456.6333333333,655017.75,174065,158,,6282,6379.6,647910.65,172006,"#",,"#",,,,5354,204668.22,*,,,,6113,618317,,246,36700.75,,6312,645784.15,,47,9233.6,48,891.21,725,15,0.75483566598522,,,,,,61,4319.75,31,,221,59237.25,*,,83.253164556962,,,,,91,67,105,24,,23,0,,,,2.5296122836856
1124129861,Zeana,Cosmina,B,MD,I,506 Malcolm X Blvd,Wp-522,New York,NY,36,10037,1,"Metropolitan area core: primary flow within an urbanized area of 50,000 and greater",US,Infectious Disease,Claim-Specialty,3533,3890.6666666667,2680515.88,114470,80,,1922,2160.6,1470182.15,63525,,45,,1270,2620074.08,,2248,59576.12,,15,865.68,,2897,2020016.11,,636,660499.77,,3533,2680515.88,,0,0,109,1288.05,3071,15,3.0851967166714,0,0,0,0,0,89,3891.1,23,*,,,*,,62.2875,35,40,,,37,43,,33,,42,0,,,,1.8202158234878
1124291083,Spinnato,Joann,T,PNP,I,101 Gillette Ave,,Patchogue,NY,36,11772,1,"Metropolitan area core: primary flow within an urbanized area of 50,000 and greater",US,Nurse Practitioner,NPPES-Specialty,42,44,6537.88,869,33,"#",,,,,"#",,,38,6419.59,*,,,*,,,,12,2269.66,,30,4268.22,*,,,"#",,,0,0,0,0,0,0,0,0,0,,,,,*,,,*,,71.090909090909,,,,,16,17,31,,0,,0,0,,,1.0202424242424
1124340724,Siragusa,Giuseppe,,,I,1242 Liberty Ave,,Brooklyn,NY,36,11208,1,"Metropolitan area core: primary flow within an urbanized area of 50,000 and greater",US,Pharmacist,NPPES-Taxonomy,17,17,3333.79,17,16,"#",,,,,"#",,,17,3333.79,,0,0,,0,0,"#",,,*,,,"#",,,*,,,0,0,0,0,0,0,0,0,0,,0,0,0,*,,,*,,70.1875,,,,,,,0,,0,,0,,,,1.3076802173536
1124362348,Wu,Xuxia,,M.D.,I,13107 40th Rd Unit E06,,Flushing,NY,36,11354,1,"Metropolitan area core: primary flow within an urbanized area of 50,000 and greater",US,Internal Medicine,Claim-Specialty,4443,7448.4,727466.64,213660,198,,4240,7082.2,711770.1,203279,"#",,,904,630195.43,,3434,94327.45,,105,2943.76,,4149,677299.66,,294,50166.98,,3719,677776.53,,724,49690.11,,,,,,,,,,,95,1328.99,59,,33,1619.36,*,,71.449494949495,,,,,98,100,,,178,,0,,127,71,1.141437025867
1124774534,Katal,Sofia,A,PHARMACIST,I,730 Franklin Ave,,Franklin Sq,NY,36,11010,1,"Metropolitan area core: primary flow within an urbanized area of 50,000 and greater",US,Pharmacist,NPPES-Taxonomy,24,24,4395.6,24,24,"#",,,,,"#",,,24,4395.6,,0,0,,0,0,*,,,"#",,,*,,,"#",,,0,0,0,0,0,0,0,0,0,,0,0,0,*,,,*,,71.041666666667,,,,,,,19,,0,,0,0,,,0.99916666666667
1124790605,Weng,Guozi,,,I,77 Bowery Fl 3,,New York,NY,36,10002,1,"Metropolitan area core: primary flow within an urbanized area of 50,000 and greater",US,Nurse Practitioner,NPPES-Specialty,14232,16857.466666667,2440727.45,491247,727,,13813,16402.033333333,2378742.51,477883,,707,,3784,2128252.96,,10257,308330.8,,191,4143.69,,13407,2314538.27,,825,126189.18,,14066,2428839.67,,166,11887.78,0,0,0,0,0,0,0,0,0,,103,1306.85,77,*,,,*,,71.715268225585,20,519,146,42,359,368,,,718,,0,,709,18,1.0097303193266
1134118706,Kravitz,Helang,C,M.D.,I,268 Canal St,,New York,NY,36,10013,1,"Metropolitan area core: primary flow within an urbanized area of 50,000 and greater",US,Internal Medicine,NPPES-Specialty,5833,10005.633333333,626603.93,295146,386,,5749,9844.1666666667,609890.85,290450,,369,,870,525780.55,,4836,95802.76,,127,5020.62,,5078,552134.61,,755,74469.32,,5633,616127.62,,200,10476.31,0,0,0,0,0,0,0,0,0,,25,4984.21,22,,0,0,,0,73.30310880829,17,226,98,45,245,141,,,371,,0,,358,28,1.0039847217998
1134175359,Wolfson,Robert,A,MD,I,90 S Bedford Rd,"Caremount Medical, Pc",Mount Kisco,NY,36,10549,1,"Metropolitan area core: primary flow within an urbanized area of 50,000 and greater",US,Internal Medicine,Claim-Specialty,8098,18463.1,765634.62,535856,728,,7837,18055.1,752183.68,523886,,716,,767,550956.19,,7235,213376.63,,96,1301.8,,1813,154558.31,,6285,611076.31,,885,50510.96,,7213,715123.66,81,7010.42,1588,31,1.0002469745616,15,6082.55,690,,18.518518518519,256,3872.23,165,,27,6630.9,*,,76.388736263736,12,326,249,141,346,382,648,,13,13,,46,43,685,0.9940354665096
1134187537,Degrave,Thomas,E,D.O.,I,3670 S Benzing Rd,,Orchard Park,NY,36,14127,1,"Metropolitan area core: primary flow within an urbanized area of 50,000 and greater",US,Family Practice,Claim-Specialty,8534,21066.3,944914.52,623491,807,,8128,20225.633333333,900327.13,598534,,768,,1230,753618.17,,7232,187921.86,,72,3374.49,,6573,684124.96,,1961,260789.56,,918,183166.03,,7616,761748.49,217,4618.81,4870,45,2.5427700960862,,,,,,83,1537.78,50,,0,0,,0,74.498141263941,39,396,266,106,351,456,760,,0,,0,36,71,736,1.0468651003797
1134195738,Lin,Tun,,M.D.,I,9024 Corona Ave,,Elmhurst,NY,36,11373,1,"Metropolitan area core: primary flow within an urbanized area of 50,000 and greater",US,Internal Medicine,Claim-Specialty,14597,25601.966666667,3119987.53,748938,518,,13157,23283.6,2781826.26,681751,,466,,3392,2754908.53,,10830,355196.62,,375,9882.38,,12335,2460062.78,,2262,659924.75,,12740,2827035.82,,1857,292951.71,131,3117.64,3438,25,0.89744468041378,0,0,0,0,0,215,28889.88,138,,32,2707.04,*,,71.69111969112,52,306,122,38,303,215,,42,213,219,,27,387,131,1.0599344108359
1134216641,Dicairano,Steve,A,M.D.,I,559 Gramatan Ave,Suite 210,Mt. Vernon,NY,36,10552,1,"Metropolitan area core: primary flow within an urbanized area of 50,000 and greater",US,Internal Medicine,Claim-Specialty,6594,15549.733333333,614909.87,457184,505,,6282,14956.266666667,597381.66,440117,,483,,774,472587.08,,5756,137522.9,,64,4799.89,,2866,236638.37,,3728,378271.5,,1255,130451.54,,5339,484458.33,,,,,,,,,,,135,1992.04,105,*,,,*,,75.809900990099,22,232,163,88,268,237,358,66,,56,,16,52,453,1.049705875861
1134251101,Hiby,Erika,H,M.D.,I,340 E Main St,,Bay Shore,NY,36,11706,1,"Metropolitan area core: primary flow within an urbanized area of 50,000 and greater",US,Family Practice,Claim-Specialty,5760,15068.666666667,877562.15,443304,520,,5045,13273.166666667,673060.52,390348,,448,,670,789308.24,,4984,80055.06,,106,8198.85,,4488,676226.2,,1272,201335.95,,3802,731940.33,,1958,145621.82,0,0,0,0,0,0,0,0,0,,77,1842.16,58,*,,,*,,72.021153846154,72,259,153,36,317,203,65,46,,387,,14,287,233,1.0266364051754
1134263585,Langweil,Sidney,,,I,690 Central Ave,,Cedarhurst,NY,36,11516,1,"Metropolitan area core: primary flow within an urbanized area of 50,000 and greater",US,Pharmacist,NPPES-Taxonomy,29,29,5475.5,58,24,,29,29,5475.5,58,,24,,29,5475.5,,0,0,,0,0,*,,,"#",,,,0,0,,29,5475.5,0,0,0,0,0,0,0,0,0,,0,0,0,,0,0,,0,77.416666666667,0,,,,13,11,22,,0,0,0,,0,24,0.91691666666667
1134284581,San,Myat,,M.D.,I,115 Saint Nicholas Ave,"Apt # 1",Brooklyn,NY,36,11237,1,"Metropolitan area core: primary flow within an urbanized area of 50,000 and greater",US,Internal Medicine,Claim-Specialty,10321,18767.333333333,1575263.69,526932,544,,8675,15998.2,1312785.76,450951,,456,,1928,1280664.79,,8098,274625.04,,295,19973.86,,7710,1032648.91,,2611,542614.78,,8037,1361307.32,,2284,213956.37,124,2063.63,929,43,1.2014339695766,0,0,0,0,0,631,16752.83,270,,120,10433.24,,42,71.308823529412,88,254,152,50,335,209,113,29,41,342,,,351,193,1.33373107246
1134303969,Sabharwal,Chanchal,D,MD,I,12506 101st Ave,,South Richmond Hill,NY,36,11419,1,"Metropolitan area core: primary flow within an urbanized area of 50,000 and greater",US,Internal Medicine,Claim-Specialty,10933,25281.166666667,1112250.51,748595,690,,9998,23561.066666667,991241.19,697878,,646,,1338,903890.52,,9285,198955.68,,310,9404.31,,9282,979096.06,,1651,133154.45,,5782,704109.58,,5151,408140.93,45,633.63,1104,18,0.41159791457057,0,0,0,0,0,92,644.33,83,,23,165.81,*,,74.76231884058,44,303,254,89,444,246,86,224,127,103,28,122,278,412,1.2370364711126
1134309248,Seegolam,Seeram,,PHARMACIST,I,13327 123rd St,South Ozone Park,South Ozone Park,NY,36,11420,1,"Metropolitan area core: primary flow within an urbanized area of 50,000 and greater",US,Pharmacist,NPPES-Taxonomy,14,14,2559.46,19,13,"#",,,,,"#",,,13,2551.52,*,,,"#",,,*,,,*,,,*,,,*,,,0,0,0,0,0,0,0,0,0,,0,0,0,*,,,*,,72.846153846154,,,,,,,,,0,,0,,,,1.0246346153846
1134311152,Pisani,Carrieanne,,PA,I,179 N Broad St,,Norwich,NY,36,13815,7,"Small town core: primary flow within an urban cluster of 2,500 to 9,999",US,Physician Assistant,Claim-Specialty,5785,12618.266666667,618081.55,369546,875,,4962,11154.666666667,553305.37,327039,,755,,916,517431.45,,4805,97553.77,,64,3096.33,,3575,419769.99,,2210,198311.56,,1927,227552.27,,3858,390529.28,56,1542,1397,32,0.96802074330164,,,,,,92,1887.43,81,*,,,*,,72.197714285714,120,413,257,85,483,392,824,,,,0,32,196,679,1.0508713874891
1134316938,Zhang,Xiaoxia,,M.D.,I,3907 Prince St Ste 6h,,Flushing,NY,36,11354,1,"Metropolitan area core: primary flow within an urbanized area of 50,000 and greater",US,Family Practice,Claim-Specialty,15698,24314.533333333,1370966.92,712063,568,,15524,24120.333333333,1353957.48,706365,"#",,,2027,1018551.72,,13278,344810.09,,393,7605.11,,15051,1293435.75,,647,77531.17,,14920,1329226.87,,778,41740.05,0,0,0,0,0,0,0,0,0,,310,2766.68,218,,0,0,*,,73.007042253521,,,,,298,270,,,555,,0,,493,75,1.0186225859229
1134358203,Bertini,Maria,T,D.O.,I,4417 Vestal Parkway East,,Vestal,NY,36,13850,1,"Metropolitan area core: primary flow within an urbanized area of 50,000 and greater",US,Family Practice,Claim-Specialty,4637,10470.333333333,295787.91,304313,443,,4037,9348.7666666667,224157.66,271866,,395,,426,178652.62,,4187,115935.43,,24,1199.86,,2332,174138.5,,2305,121649.41,,837,73469.4,,3800,222318.51,118,2786.34,3193,29,2.5447487599741,0,0,0,0,0,117,7776.27,75,,15,1144.13,*,,72.611738148984,48,210,138,47,348,95,410,,,,,16,59,384,0.92611838889181
1134369689,Whalen,Elizabeth,F,M.D.,I,175 Green St,,Albany,NY,36,12202,1,"Metropolitan area core: primary flow within an urbanized area of 50,000 and greater",US,Internal Medicine,NPPES-Specialty,155,155,27388.31,509,112,,133,133,23711.75,336,,96,,153,27376.65,*,,,"#",,,,77,13961.3,,78,13427.01,,49,9212.27,,106,18176.04,0,0,0,0,0,0,0,0,0,,,,,,0,0,,0,74.098214285714,16,41,43,12,79,33,96,,,,0,0,35,77,1.2517443574012
1134392004,Rausch-Phung,Elizabeth,,"MD, MPH",I,Empire State Plz,Corning Tower Room 649,Albany,NY,36,12237,1,"Metropolitan area core: primary flow within an urbanized area of 50,000 and greater",US,Preventive Medicine,NPPES-Specialty,252,265.66666666667,59511.5,2769,182,,227,240.66666666667,54845.79,2570,,162,,248,59448.48,*,,,*,,,,139,30702.36,,113,28809.14,,101,31689.79,,151,27821.71,0,0,0,0,0,0,0,0,0,,0,0,0,,0,0,,0,72.873626373626,20,91,60,11,123,59,95,37,,44,0,,66,116,1.1364408989349
1134441546,Hutchison,Joyce,A,RPH,I,286 W Main St,,Patchogue,NY,36,11772,1,"Metropolitan area core: primary flow within an urbanized area of 50,000 and greater",US,Pharmacist,NPPES-Taxonomy,29,29,5463.68,29,25,"#",,,,,"#",,,29,5463.68,,0,0,,0,0,*,,,"#",,,*,,,"#",,,0,0,0,0,0,0,0,0,0,,0,0,0,*,,,*,,74.48,,,,,11,14,23,,0,,0,0,,,0.94508
1134569866,Lall,Brijlall,,NP,I,1225 Gerard Ave,,Bronx,NY,36,10452,1,"Metropolitan area core: primary flow within an urbanized area of 50,000 and greater",US,Nurse Practitioner,Claim-Specialty,7001,14497.4,1343572.57,430635,248,,6028,12728.133333333,1160917.78,378626,,218,,1222,1223570.84,,5355,110276.7,,424,9725.03,,6503,1254782.58,,498,88789.99,,6530,1309739.51,,471,33833.06,,,,,,,,,,,22,402.24,16,,0,0,,0,71.100806451613,30,132,75,11,159,89,,32,12,190,,,207,41,0.95131544570111
1134620354,Fiorini,Lisa,M,FNP,I,750 East Adams St,,Syracuse,NY,36,13210,1,"Metropolitan area core: primary flow within an urbanized area of 50,000 and greater",US,Nurse Practitioner,Claim-Specialty,78,79.666666666667,8132.04,567,45,,66,67.666666666667,6921.42,471,"#",,"#",,,,38,595.65,*,,,,56,5786.39,,22,2345.65,,20,2028,,58,6104.04,18,52.51,55,15,23.076923076923,0,0,0,0,0,,,,,0,0,*,,70.688888888889,,,,,24,21,42,,0,,0,,12,33,0.91229444444444
1134656119,Lewinn,Ashley,C,NP,I,1516 Oriental Blvd,,Brooklyn,NY,36,11235,1,"Metropolitan area core: primary flow within an urbanized area of 50,000 and greater",US,Nurse Practitioner,Claim-Specialty,2293,3033,149698.97,80235,252,,2248,2943,137271.28,77547,"#",,,254,103080.4,,2024,46454.74,,15,163.83,,470,27819.6,,1823,121879.37,,473,53157.46,,1820,96541.51,117,1997.47,1869,37,5.1024858264283,13,969.94,222,,11.111111111111,92,13437.06,57,,23,2010.78,*,,86.138888888889,,,,,188,64,226,,,,0,,34,218,2.1957984126984
1134673601,Depersis,Melissa,,NP,I,5 College Ave,,Windsor,NY,36,13865,2,"Metropolitan area high commuting: primary flow 30% or more to a urbanized area of 50,000 and greater",US,Nurse Practitioner,Claim-Specialty,3858,8578.5666666667,358609.87,246289,538,,2953,6718.6,274413.03,194078,,437,,498,291793.44,,3327,65515.88,,33,1300.55,,2412,264132.01,,1446,94477.86,,1618,170022.91,,2240,188586.96,109,2019.52,2234,34,2.8252980819077,,,,,,148,2070.74,115,*,,,*,,70.574349442379,101,244,148,45,315,223,516,,0,,0,11,144,394,1.0368684911465
1144220344,Pumarol,Alba,,MD,I,731 White Plains Rd,,Bronx,NY,36,10473,1,"Metropolitan area core: primary flow within an urbanized area of 50,000 and greater",US,Family Practice,Claim-Specialty,6953,10673.966666667,1001577.27,314217,277,,5607,8795.8666666667,773847.19,259440,,226,,1491,888854.65,,5235,100961.93,,227,11760.69,,6108,872050.89,,845,129526.38,,6022,926261.15,,931,75316.12,,,,,,,,,,,23,242.19,18,*,,,*,,70.415162454874,51,132,69,25,191,86,14,51,,203,0,,205,72,1.2737540471968
1144221110,Lotsvin,Liliya,,M.D.,I,3533 Riverdale Ave,,Bronx,NY,36,10463,1,"Metropolitan area core: primary flow within an urbanized area of 50,000 and greater",US,Internal Medicine,Claim-Specialty,9244,15617.566666667,590518.27,458411,592,,9170,15526.566666667,589435.24,455874,"#",,,1040,419577.02,,8103,167639.2,,101,3302.05,,2221,149820.73,,7023,440697.54,,4176,334635.66,,5068,255882.61,40,477.05,815,,0.43271311120727,0,0,0,,0,111,6511.64,83,,48,3211.26,*,,80.131756756757,,,,,439,153,413,42,17,71,0,49,170,422,1.1854467916287
1144256405,Koon,Wong,L,M.D.,I,13347 Sanford Ave,No. 2a,Flushing,NY,36,11355,1,"Metropolitan area core: primary flow within an urbanized area of 50,000 and greater",US,Internal Medicine,Claim-Specialty,7103,14188.266666667,901113.34,417724,356,,7079,14160.266666667,900868.98,416884,"#",,,999,722439.87,,5976,173505.69,,128,5167.78,,4936,640247.2,,2167,260866.14,,4434,607043.55,,2669,294069.79,0,0,0,0,0,0,0,0,0,,188,3109.73,118,,12,566.77,*,,77.207865168539,,,,,191,165,,0,337,,0,14,135,221,0.90192818958217
1144258476,Kaul,Vanita,S,MD,I,1055 Stewart Ave,,Bethpage,NY,36,11714,1,"Metropolitan area core: primary flow within an urbanized area of 50,000 and greater",US,Internal Medicine,Claim-Specialty,7258,19262.2,386595.74,571993,559,,7058,18872.2,376974.26,560537,,541,,542,260613.94,,6696,125123.35,,20,858.45,,5219,289969.62,,2039,96626.12,,1927,149361.08,,5331,237234.66,,,,,,,,,,,76,907.5,58,,17,160.78,*,,77.304114490161,18,207,203,131,352,207,341,56,99,41,,,121,438,1.2492298032874
1144267329,Thomson,Robert,C,M.D.,I,1850 Ridge Rd E,,Rochester,NY,36,14622,1,"Metropolitan area core: primary flow within an urbanized area of 50,000 and greater",US,Internal Medicine,Claim-Specialty,12306,24901.4,1057781.28,726920,714,,10385,21863.633333333,883176.08,639547,,633,,1335,781014.41,,10838,270670.06,,133,6096.81,,10375,849278.82,,1931,208502.46,,2811,305245.49,,9495,752535.79,442,20924.23,11699,80,3.5917438647814,83,9188.39,2490,,18.778280542986,277,4065.23,154,,47,981.33,*,,73.415966386555,81,321,223,89,410,304,621,40,,17,,34,97,617,1.0967682797517
1144287467,Orbon,Paul,G,DO,I,975 Stewart Ave,,Garden City,NY,36,11530,1,"Metropolitan area core: primary flow within an urbanized area of 50,000 and greater",US,Allergy/ Immunology,Claim-Specialty,2800,6716.5,153327.32,196805,476,,2632,6406.3666666667,146942,187957,,445,"#",,,,2551,50759.96,*,,,,877,61218.08,,1923,92109.24,,487,31496.99,,2313,121830.33,38,239.29,771,19,1.3571428571429,0,0,0,0,0,98,1508.44,82,*,,,*,,74.714285714286,31,214,152,79,240,236,366,62,,25,,20,66,410,1.1176998667176
1144298175,Rodriguez,Rafael,,MD,I,9001a Roosevelt Ave,2nd Floor,Jackson Heights,NY,36,11372,1,"Metropolitan area core: primary flow within an urbanized area of 50,000 and greater",US,Internal Medicine,Claim-Specialty,24384,52626.733333333,4606436.91,1553319,1453,,21465,48060.8,4068622.93,1418995,,1325,,4469,3962906.56,,18984,621047.02,,931,22483.33,,23017,4324115.48,,1367,282321.43,,19631,4248066.57,,4753,358370.34,146,2071.12,4006,30,0.5987532808399,0,0,0,0,0,338,19707.79,261,,296,31742.45,,81,72.618031658637,128,778,434,113,808,645,68,17,22,1330,,,1006,447,1.1124184909902
1144304908,Seaman,Tami,,,I,713 Troy Schenectady Rd,Suite 224,Latham,NY,36,12110,1,"Metropolitan area core: primary flow within an urbanized area of 50,000 and greater",US,Family Practice,Claim-Specialty,8659,19601.366666667,830054.81,572723,667,,7459,17438.366666667,721072.97,510854,,602,,1038,622374.65,,7527,204284.49,,94,3395.67,,5312,436301.55,,3347,393753.26,,1785,181395.41,,6874,648659.4,360,39085.11,9383,67,4.1575239635062,34,33430.4,1020,,9.4444444444444,180,3853.05,126,,26,1310.56,*,,71.973013493253,65,364,185,53,508,159,609,13,12,11,0,22,95,572,1.0514179851161
1144340225,Jung,Anthony,H,M.D,I,40-18murray Street,,Flushing,NY,36,11354,1,"Metropolitan area core: primary flow within an urbanized area of 50,000 and greater",US,Internal Medicine,Claim-Specialty,57525,82528.666666667,9131498.1099999,2439467,1813,,56874,81630.666666667,8997221.1999999,2413086,,1780,,14157,8240047.8,,40461,785635.87,,2907,105814.44,,49047,7671549.24,,8478,1459948.87,,50713,8468430.7899999,,6812,663067.32,81,1304.33,807,41,0.14080834419817,0,0,0,0,0,565,5838.54,383,,88,1903.48,,13,75.133480419195,33,859,726,195,1094,719,31,,1635,24,,119,1283,530,1.1289995594461
1144394966,Lee,Edward,E,M.D.,I,164-10 Northern Blvd,Suite 210,Flushing,NY,36,11358,1,"Metropolitan area core: primary flow within an urbanized area of 50,000 and greater",US,Internal Medicine,Claim-Specialty,15067,18255.3,3412487.05,539590,437,,14220,17228.2,3200707.69,509418,,414,,4592,3146644.21,,10187,256010.09,,288,9832.75,,12353,2767961.1,,2714,644525.95,,13541,3306182.4,,1526,106304.65,12,53.97,205,,0.079644255658061,0,0,0,,0,89,1473.95,57,*,,,*,,74.235697940503,23,211,161,42,207,230,13,13,364,24,0,23,333,104,1.8138849989257
1144407891,Good,David,A,RPH,I,73 N Main St,,Brockport,NY,36,14420,2,"Metropolitan area high commuting: primary flow 30% or more to a urbanized area of 50,000 and greater",US,Pharmacist,NPPES-Taxonomy,27,27,4289.53,27,26,,27,27,4289.53,27,,26,,27,4289.53,,0,0,,0,0,"#",,,*,,,*,,,"#",,,0,0,0,0,0,0,0,0,0,,0,0,0,,0,0,,0,72.230769230769,0,19,,,,,25,,0,0,0,,,,0.87082051282051
1144473851,George,Mercy,M,M.S. RPH.,I,2282 Jericho Tpke,,Garden City Park,NY,36,11040,1,"Metropolitan area core: primary flow within an urbanized area of 50,000 and greater",US,Pharmacist,NPPES-Taxonomy,15,15,2803.48,15,15,,15,15,2803.48,15,,15,,15,2803.48,,0,0,,0,0,*,,,"#",,,*,,,"#",,,0,0,0,0,0,0,0,0,0,,0,0,0,,0,0,,0,75.533333333333,0,,,,,,12,,,0,0,,,,0.806
1144577834,Novotny,Heather,A,PA-C,I,1336 Cedar St,,Elmira,NY,36,14904,1,"Metropolitan area core: primary flow within an urbanized area of 50,000 and greater",US,Physician Assistant,Claim-Specialty,4952,10192.266666667,451101.1,295980,693,,4064,8635.2,348381.22,251475,,598,,602,349562.51,,4287,96616.03,,63,4922.56,,3159,282929.7,,1793,168171.4,,1584,179586.7,,3368,271514.4,55,1795.98,1089,37,1.110662358643,,,,,,115,1295.08,97,,23,2237.85,*,,71.699855699856,95,327,215,56,400,293,657,14,,,0,11,143,550,1.1905455691014
1144585704,Laborde,Suzanne,,FNP,I,87 Plaza Blvd,,Plattsburgh,NY,36,12901,4,"Micropolitan area core: primary flow within an urban cluster of 10,000 to 49,999",US,Nurse Practitioner,Claim-Specialty,2997,5824.4,392249.85,167132,262,,1667,3693.9666666667,214812.96,106077,,175,,450,326032.22,,2483,63239.28,,64,2978.35,,1711,186797.87,,1286,205451.98,,1627,224188.64,,1370,168061.21,58,1902.82,1258,21,1.9352686019353,,,,,,60,1179.58,46,,12,49.65,*,,65.553435114504,87,115,42,18,168,94,249,,,,0,,115,147,1.1004018410722
1144752486,Tran,Connie,,NP,I,268 Canal St,,New York,NY,36,10013,1,"Metropolitan area core: primary flow within an urbanized area of 50,000 and greater",US,Nurse Practitioner,Claim-Specialty,3997,9651.1666666667,477470.69,278184,439,,3784,9187.0333333333,450699,264677,,428,,498,386683.45,,3473,90451.36,,26,335.88,,468,47812.1,,3529,429658.59,,3909,473048.33,,88,4422.36,,,,,,,,,,,27,2662.78,19,,0,0,,0,71.687927107061,11,324,84,20,275,164,,,431,,0,,,,0.69434081584186
1144786781,Sesto,Nicholas,,,I,5125 Merrick Rd,,Massapequa Park,NY,36,11762,1,"Metropolitan area core: primary flow within an urbanized area of 50,000 and greater",US,Pharmacy,NPPES-Taxonomy,32,32,5055.23,32,25,"#",,,,,"#",,,32,5055.23,,0,0,,0,0,"#",,,*,,,*,,,"#",,,0,0,0,0,0,0,0,0,0,,0,0,0,*,,,*,,71.36,,,,,,,22,,0,,0,0,,,1.34912
1144869009,Vosburg,Jensen,,PA-C,I,9768 Liberty Dr,,Painted Post,NY,36,14870,4,"Micropolitan area core: primary flow within an urban cluster of 10,000 to 49,999",US,Physician Assistant,Claim-Specialty,3513,6714.6666666667,380635,192546,485,,2873,5774,322361.88,166500,,405,,443,318882.12,,3026,59914.3,,44,1838.58,,2331,242948.08,,1182,137686.92,,1125,132504.31,,2388,248130.69,101,2983.31,2430,40,2.8750355821235,11,1737.87,303,,10.891089108911,150,1239.57,110,,14,592.43,*,,70.837113402062,80,238,123,44,285,200,471,,,0,0,,133,352,1.0904209885034
1144991241,Zhao,Jessie,X,PA-C,I,833 58th St,,Brooklyn,NY,36,11220,1,"Metropolitan area core: primary flow within an urbanized area of 50,000 and greater",US,Physician Assistant,Claim-Specialty,1511,2142.4,224486.58,60078,260,,1417,2040.7333333333,216730.24,57200,"#",,,304,167480.86,,1172,56317.67,,35,688.05,,1418,214845.16,,93,9641.42,,1467,222355.91,,44,2130.67,,,,,,,,,,,69,781.98,62,*,,,*,,71.969230769231,,,,,139,121,,,255,,0,,,,1.0897085854815
1154335222,Friedman,Sanford,J,MD,I,35 E 85th St Ofc 2,,New York,NY,36,10028,1,"Metropolitan area core: primary flow within an urbanized area of 50,000 and greater",US,Cardiology,Claim-Specialty,5489,12848.4,914457.6,377858,381,,5472,12823.4,910918.79,377108,"#",,,1006,739870.69,,4422,173940.91,,61,646,,543,68611.39,,4946,845846.21,,62,9455.79,,5427,905001.81,45,1242.22,1027,16,0.81982146110403,0,0,0,0,0,107,1422.41,60,*,,,*,,78.601049868766,,,,,177,204,342,13,,,0,19,,,1.0285770747442
1154376432,Shedd,Nancy,G,M.D.,I,1850 Ridge Rd E,,Rochester,NY,36,14622,1,"Metropolitan area core: primary flow within an urbanized area of 50,000 and greater",US,Internal Medicine,Claim-Specialty,5458,11145.2,458066.16,324181,461,,4686,10022.466666667,386143.35,292014,,418,,618,329222.75,,4746,124288.34,,94,4555.07,,4496,364962.05,,962,93104.11,,1227,125706.09,,4231,332360.07,207,7392.24,4863,43,3.7925980212532,,,,,,97,1212.82,70,,14,335.07,*,,74.151843817787,43,198,153,67,341,120,402,24,,13,,20,69,392,0.98456372093613
1154417871,Lee,Chang,S,M.D.,I,38-05 Bowne St.,,Flushing,NY,36,11354,1,"Metropolitan area core: primary flow within an urbanized area of 50,000 and greater",US,Internal Medicine,Claim-Specialty,57632,70954.6,8019796.03,2084535,1506,,57044,70281.6,7867468.37,2064624,,1491,,12297,6980130.71,,44893,1029725.02,,442,9940.3,,48174,6552813.56,,9458,1466982.47,,52249,7620521.45,,5383,399274.58,200,2900.26,3907,38,0.3470294280955,0,0,0,0,0,902,8662.49,468,,100,2662.65,,11,74.811420982736,15,782,537,172,894,612,14,,1390,13,,83,1151,355,0.97419726233795
1154429215,Adebayo,Adegboyega,T,MD,I,40 West I35th Street,Suite 1d,New York,NY,36,10037,1,"Metropolitan area core: primary flow within an urbanized area of 50,000 and greater",US,Internal Medicine,Claim-Specialty,12591,27815.933333333,2104903.14,825653,633,,10972,24400.333333333,1749587.15,724411,,566,,1935,1630752.54,,10443,466088.45,,213,8062.15,,10484,1842017.09,,2107,262886.05,,9744,1867526.53,,2847,237376.61,97,709.07,2085,25,0.7703915495195,0,0,0,0,0,142,2009.87,107,,198,4697.45,,62,73.740916271722,67,282,209,75,355,278,,260,0,357,0,,409,224,1.164902918319
1154497642,Zheng,Hanbin,,M.D.,I,86 Bowery,4th Floor,New York,NY,36,10013,1,"Metropolitan area core: primary flow within an urbanized area of 50,000 and greater",US,Internal Medicine,Claim-Specialty,16702,30785.233333333,3511909.71,902259,818,,16153,29860.433333333,3372214.56,875486,,786,,3769,3098234.18,,12596,403625.94,,337,10049.59,,13603,2808099.02,,3099,703810.69,,14781,3194285.87,,1921,317623.84,13,77.59,107,,0.077834989821578,0,0,0,,0,254,3318.76,194,,42,1166.96,,13,74.617359413203,32,428,235,123,432,386,,,787,,0,20,673,145,1.3620351762838
1154518280,Knibbs,Melida,D,FNP-BC,I,521 W 181st St,,New York,NY,36,10033,1,"Metropolitan area core: primary flow within an urbanized area of 50,000 and greater",US,Nurse Practitioner,Claim-Specialty,8297,18766.866666667,1193172.4,551620,554,,7267,16648.133333333,1072156.83,490200,,479,,1145,1036095.64,,6864,150777.68,,288,6299.08,,7923,1136991.55,,374,56180.85,,7902,1169531.27,,395,23641.13,0,0,0,0,0,0,0,0,0,,144,1251.31,109,,35,1247.82,*,,71.743682310469,75,292,139,48,379,175,,,,538,0,0,508,46,1.1025403948344
1154541092,Christian,Patricia,S,ANP-C,I,1938 Curry Rd,,Schenectady,NY,36,12303,1,"Metropolitan area core: primary flow within an urbanized area of 50,000 and greater",US,Nurse Practitioner,Claim-Specialty,9173,9340.5,1067657.28,241151,277,,7830,7980.3666666667,872687.74,206086,,248,,1507,678170.77,,7519,376234.7,,147,13251.81,,8821,1013455.52,,352,54201.76,,8972,1038752.34,,201,28904.94,203,5779.72,4134,61,2.213016461354,22,2266.22,634,,10.837438423645,113,3958.01,64,,247,90526.69,,28,79.368231046931,29,71,81,96,205,72,207,34,,21,0,,253,24,2.8121781962831
1154581577,Gembecki,Kim,,FNP,I,1428 Grasslands Road,,Valhalla,NY,36,10595,1,"Metropolitan area core: primary flow within an urbanized area of 50,000 and greater",US,Nurse Practitioner,Claim-Specialty,1878,1939.7,71302.42,52791,105,,909,945.16666666667,31059.35,26622,,33,,147,31634.97,,1720,39453.52,,11,213.93,,58,6214.57,,1820,65087.85,,1849,65531.33,,29,5771.09,,,,,,,,,,,37,666.33,22,*,,,*,,57.247619047619,72,19,,,63,42,83,12,,,0,,,,1.1616373015873
1154785467,Saddick,Daniel,L,D.O.,I,600 Roe Ave,,Elmira,NY,36,14905,1,"Metropolitan area core: primary flow within an urbanized area of 50,000 and greater",US,Internal Medicine,Claim-Specialty,7101,18556.233333333,307422.91,545152,984,,6635,17550.1,288066.45,516372,,927,,772,170032.7,,6234,134471.38,,95,2918.83,,7011,295350.24,,90,12072.67,,1793,98378.14,,5308,209044.77,332,6298.26,6747,85,4.6753978312914,21,501.38,610,,6.3253012048193,92,1470.67,71,,16,254,*,,74.621951219512,57,448,356,123,466,518,461,46,140,299,0,38,204,780,1.1771227939924
1164447629,Jing,Wuhua,,MD,I,8 Chatham Sq,Suite 800,New York,NY,36,10038,1,"Metropolitan area core: primary flow within an urbanized area of 50,000 and greater",US,Internal Medicine,Claim-Specialty,21608,47876.466666667,7460135.73,1428160,564,,21394,47477.2,7390487.95,1416313,,553,,6375,6730328.61,,14768,716048.22,,465,13758.9,,19899,6790974.98,,1709,669160.75,,20602,7349796.85,,1006,110338.88,0,0,0,0,0,0,0,0,0,,80,2929.13,52,,31,2975.82,*,,75.195035460993,11,291,187,75,254,310,,,536,,0,16,501,63,1.2457179561059
1164457297,Esposito,Riccardo,J,M.D.,I,462 Broadway,,Kingston,NY,36,12401,1,"Metropolitan area core: primary flow within an urbanized area of 50,000 and greater",US,Family Practice,Claim-Specialty,7667,16974.5,656573.52,491065,563,,6931,15775.766666667,596199.41,457084,,520,,818,477853.46,,6773,174302.51,,76,4417.55,,3297,224619.44,,4370,431954.08,,1385,107329.48,,6282,549244.04,329,11929.54,9221,56,4.2911177774879,32,5961.94,915,,9.726443768997,291,2828.03,178,,14,351.28,*,,74.746003552398,43,245,194,81,292,271,521,,,13,0,18,66,497,0.9423942640028
1164467312,Churchill,Laura,H,FNP,I,411 Main St,3rd Floor,Catskill,NY,36,12414,7,"Small town core: primary flow within an urban cluster of 2,500 to 9,999",US,Nurse Practitioner,Claim-Specialty,169,170.9,30442.62,603,116,,147,148.9,26720.41,383,,99,,156,27450.89,,13,2991.73,,0,0,,84,15949.64,,85,14492.98,,31,5276.78,,138,25165.84,0,0,0,0,0,0,0,0,0,,,,,,0,0,,0,71.387931034483,17,57,,,62,54,109,0,0,,0,,21,95,0.99436709770115
1164519575,Taylor,Delphine,S,M.D.,I,622 W 168th St,,New York,NY,36,10032,1,"Metropolitan area core: primary flow within an urbanized area of 50,000 and greater",US,Internal Medicine,Claim-Specialty,4446,8593.6333333333,654263.94,253777,210,,4138,8047.3666666667,579252.87,237557,,191,,785,576976.45,,3427,70840.56,,234,6446.93,,3718,544573.11,,728,109690.83,,4411,653587.72,,35,676.22,12,313.34,360,,0.26990553306343,0,0,0,,0,,,,,21,299.49,*,,74.590476190476,19,72,93,26,171,39,,20,,177,0,,,,1.6440262325845
1164547402,Deng,Juliang,,M.D.,I,4202 Kissena Blvd,,Flushing,NY,36,11355,1,"Metropolitan area core: primary flow within an urbanized area of 50,000 and greater",US,Internal Medicine,Claim-Specialty,11587,25345.833333333,1477779.54,749488,603,,11534,25247.7,1474487.11,746594,"#",,,1442,1196759.96,,9981,276630.78,,164,4388.8,,10150,1263197.63,,1437,214581.91,,8901,1244531.75,,2686,233247.79,0,0,0,0,0,0,0,0,0,,117,1407.86,86,,18,323.64,*,,77.003316749585,,,,,310,293,,,552,,0,29,397,206,1.0428436978022
1164597498,Fairbanks Doane,Lauri,A,DO,I,8100 Oswego Road,Suite 220,Liverpool,NY,36,13090,1,"Metropolitan area core: primary flow within an urbanized area of 50,000 and greater",US,Family Practice,Claim-Specialty,7269,16639.166666667,527237.7,483126,578,,6915,15992.233333333,511313.52,464720,,540,,784,391100.47,,6409,133355.6,,76,2781.63,,4911,354097.13,,2358,173140.57,,635,57563.43,,6634,469674.27,188,5615.9,5135,43,2.5863254918146,,,,,,251,3478.8,153,,12,259.75,*,,73.565743944637,38,276,210,54,438,140,544,,,,,17,29,549,1.0753749102919
1164623708,Moy,Michael,C,D.O.,I,8710 Queens Blvd Fl 1,,Elmhurst,NY,36,11373,1,"Metropolitan area core: primary flow within an urbanized area of 50,000 and greater",US,Family Practice,Claim-Specialty,5755,7322.3666666667,649851.51,202667,261,,5737,7300.3666666667,648499.8,202087,"#",,,1143,544195.36,,4570,105307.9,,42,348.25,,5567,630778.11,,188,19073.4,,5026,614397.1,,729,35454.41,0,0,0,0,0,0,0,0,0,,450,5677.44,183,,0,0,*,,72.134099616858,,,,,133,128,,,232,14,0,,193,68,0.85916260374191
1164685699,Wu,Duchu,,M.D,I,268 Canal St,,New York,NY,36,10013,1,"Metropolitan area core: primary flow within an urbanized area of 50,000 and greater",US,Internal Medicine,NPPES-Specialty,9164,18134.966666667,1370341.72,535959,702,,8923,17634.766666667,1332583.08,521321,,669,,1386,1181580.69,,7522,183412.38,,256,5348.65,,8196,1227552.14,,968,142789.58,,8542,1322424.32,,622,47917.4,0,0,0,0,0,0,0,0,0,,34,455.65,29,*,,,*,,72.263532763533,33,441,167,61,346,356,,,671,,0,16,633,69,0.99742929088143
1164838611,Brown,Sophia,A,"DNP, FNP-BC",I,6920 Main St,,Flushing,NY,36,11367,1,"Metropolitan area core: primary flow within an urbanized area of 50,000 and greater",US,Nurse Practitioner,Claim-Specialty,4983,10110.833333333,1333973,291970,360,,4366,9107.6666666667,1206920.18,264584,,302,,1074,1152587.21,,3845,179167.53,,64,2218.26,,2985,642574.17,,1998,691398.83,,3242,1142944.31,,1741,191028.69,30,549.09,595,,0.60204695966285,,,,,,125,1124.39,96,*,,,*,,69.719444444444,58,191,88,23,217,143,167,81,,55,,34,179,181,1.2262274680639
1164860961,O'Connor,Jeremy,M,M.D.,I,1225 Gerard Ave,,Bronx,NY,36,10452,1,"Metropolitan area core: primary flow within an urbanized area of 50,000 and greater",US,Internal Medicine,Claim-Specialty,2720,5499.2,447539.68,162702,202,,2352,4882.5666666667,383787.95,144455,,171,,569,395950.15,,1994,45409.32,,157,6180.21,,2519,429814.25,,201,17725.43,,2490,417176.54,,230,30363.14,17,929.61,434,,0.625,0,0,0,,0,,,,*,,,*,,70.777227722772,31,106,49,16,131,71,,48,,141,,,162,40,1.0557568896737
1164882064,Gilbert,Alie,,PA-C,I,40 La Riviere Dr Ste 201,,Buffalo,NY,36,14202,1,"Metropolitan area core: primary flow within an urbanized area of 50,000 and greater",US,Physician Assistant,Claim-Specialty,6380,7962.5333333333,432372.96,223878,273,,5846,7387.0666666667,397099.27,207525,,255,,896,333040.7,,5405,95297.72,,79,4034.54,,3874,274954.72,,2506,157418.24,,1856,151878.99,,4524,280493.97,147,4483.2,3760,39,2.3040752351097,21,2511.94,538,,14.285714285714,78,1642.5,55,,77,2188.52,,19,83.117216117216,18,42,63,150,201,72,243,20,,,0,,79,194,2.2392908243158
1174135750,Gordon,Heather,,PHARM D,I,9217 Main St,,Clarence,NY,36,14031,1,"Metropolitan area core: primary flow within an urbanized area of 50,000 and greater",US,Pharmacist,NPPES-Taxonomy,11,11,2131.62,11,11,*,,,,,*,,,11,2131.62,,0,0,,0,0,*,,,*,,,*,,,*,,,0,0,0,0,0,0,0,0,0,,0,0,0,*,,,*,,66.545454545455,,,,,,,,0,0,,0,,,,0.71727272727273
1174511000,Tan,Wei,Y,MD,I,5618 7th Ave,,Brooklyn,NY,36,11220,1,"Metropolitan area core: primary flow within an urbanized area of 50,000 and greater",US,Internal Medicine,Claim-Specialty,4661,7944.6333333333,1035740.67,230457,203,,4598,7823.6333333333,1020024.28,226922,"#",,,1090,902831.46,,3506,131567.46,,65,1341.75,,4515,1016529.04,,146,19211.63,,4534,1018778.64,,127,16962.03,,,,,,,,,,,68,797.28,43,,12,411.4,*,,70.418719211823,,,,,98,105,,0,196,,0,,188,15,0.91446506730805
1174555486,He,Yong,K,,I,77 Bowery Fl 3f,,New York,NY,36,10002,1,"Metropolitan area core: primary flow within an urbanized area of 50,000 and greater",US,Internal Medicine,Claim-Specialty,7835,8771.5,1296147.33,251697,737,,7675,8587.7,1273198.44,246394,,721,,1737,927668.63,,5993,366468.5,,105,2010.2,,7275,1223419.12,,560,72728.21,,7685,1279804.67,,150,16342.66,11,213.11,171,,0.14039566049777,0,0,0,,0,167,6423.55,131,,11,293.77,*,,72.616010854817,16,488,184,49,383,354,,,729,,0,,706,31,1.0241255824147
1174565154,Percy,Marie,S,MD,I,18005 Hillside Ave,,Jamaica,NY,36,11432,1,"Metropolitan area core: primary flow within an urbanized area of 50,000 and greater",US,Internal Medicine,Claim-Specialty,4994,12795.433333333,382798.83,377740,669,,4655,12049.266666667,351651.48,355996,,621,,517,273710.79,,4397,105203.72,,80,3884.32,,3931,277665.59,,1063,105133.24,,2068,184115.62,,2926,198683.21,0,0,0,0,0,0,0,0,0,,99,512.86,94,,0,0,,0,75.041853512706,48,292,215,114,498,171,,463,51,68,,51,210,459,1.1900816751803
1174566699,Saha,Charles,,M.D,I,120 E 86th St,Second Floor,New York,NY,36,10028,1,"Metropolitan area core: primary flow within an urbanized area of 50,000 and greater",US,Internal Medicine,Claim-Specialty,2770,4933.6666666667,176862.61,141991,272,,2594,4670.7333333333,152497.97,134751,"#",,,251,118707.85,,2494,56991.12,,25,1163.64,,601,32326.17,,2169,144536.44,,280,30915.04,,2490,145947.57,33,412.33,818,,1.1913357400722,0,0,0,,0,96,857.88,52,,13,817.7,*,,73.691176470588,,,,,171,101,199,32,,18,,19,13,259,0.77649160170149
1174751135,Minzer,David,,D.O.,I,1486 E 33rd St,,Brooklyn,NY,36,11234,1,"Metropolitan area core: primary flow within an urbanized area of 50,000 and greater",US,Family Practice,Claim-Specialty,6201,10294.6,970719.73,304025,384,,4821,8701.0333333333,872611.86,257157,,311,,1131,827183.95,,5007,142018.34,,63,1517.44,,2453,525842.1,,3748,444877.63,,4590,765156.43,,1611,205563.3,31,581.96,634,,0.4999193678439,0,0,0,,0,43,27961.24,28,,13,2391.8,*,,71.734375,73,162,94,55,220,164,244,73,,31,,30,195,189,1.108892746756
1174755581,Gonzalez Suarez,Claudia,M,MD,I,1033 Pittsford Palmyra Rd,,Macedon,NY,36,14502,1,"Metropolitan area core: primary flow within an urbanized area of 50,000 and greater",US,Internal Medicine,NPPES-Specialty,6774,8073.9333333334,664734.71,210673,279,,6371,7505.7333333334,578658.63,194490,,255,,846,388667.6,,5853,273029.03,,75,3038.08,,6734,654217.79,,40,10516.92,,6419,648712.13,,355,16022.58,103,1486.94,1927,43,1.5205196338943,,,,,,120,2633.17,65,,121,25367.82,,17,80.089605734767,24,63,85,107,206,73,194,42,,35,0,,,,3.4168961722781
1174757249,Roseme-Frederic,Nathalie,,,I,3508 Flatlands Ave,,Brooklyn,NY,36,11234,1,"Metropolitan area core: primary flow within an urbanized area of 50,000 and greater",US,Family Practice,Claim-Specialty,2555,5740.6333333333,257542.08,169613,230,,2455,5504.8666666667,242560.96,162623,,214,,371,212917.98,,2144,43522.19,,40,1101.91,,1866,203621.01,,689,53921.07,,1593,187676.42,,962,69865.66,0,0,0,0,0,0,0,0,0,,22,288.28,13,,0,0,,0,73.926086956522,16,116,70,28,153,77,44,37,29,110,,,118,112,1.1289360018778
1174791875,Lingis,Ruta,,RPH,I,2426 Bell Blvd,,Bayside,NY,36,11360,1,"Metropolitan area core: primary flow within an urbanized area of 50,000 and greater",US,Pharmacist,NPPES-Taxonomy,16,16,2498.75,16,16,,16,16,2498.75,16,,16,,16,2498.75,,0,0,,0,0,*,,,"#",,,,0,0,,16,2498.75,0,0,0,0,0,0,0,0,0,,0,0,0,,0,0,,0,76.5625,0,,,,,,13,0,,0,0,,0,16,0.71925
1174806061,Dilodilo,Smitha,M,PHARMACY DOCTORATE,I,93 Forest Avenue,,Glen Cove,NY,36,11542,1,"Metropolitan area core: primary flow within an urbanized area of 50,000 and greater",US,Pharmacist,NPPES-Taxonomy,36,36,6505.35,36,33,,36,36,6505.35,36,,33,,36,6505.35,,0,0,,0,0,*,,,"#",,,*,,,"#",,,0,0,0,0,0,0,0,0,0,,0,0,0,,0,0,,0,72.363636363636,0,24,,,19,14,21,,,,0,,,,0.80633333333333
1174810808,Evellis,Shannon,T,RPA-C,I,161 Carey Rd,,Queensbury,NY,36,12804,1,"Metropolitan area core: primary flow within an urbanized area of 50,000 and greater",US,Physician Assistant,Claim-Specialty,9224,17650.666666667,1262361.61,501646,730,,6488,13108.166666667,863715.79,374440,,549,,1585,1072301.47,,7456,179412.36,,183,10647.78,,5730,717614.11,,3494,544747.5,,5144,787103.9,,4080,475257.71,411,20122.88,9189,102,4.4557675628794,27,11662.2,756,,6.5693430656934,260,4391.62,178,,30,1185.81,*,,68.717808219178,181,321,180,48,483,247,679,,,,,28,306,424,1.12737081427
1174855456,Mushiyev,Aleksey,,PHARMD,I,8432 Jamaica Ave,,Woodhaven,NY,36,11421,1,"Metropolitan area core: primary flow within an urbanized area of 50,000 and greater",US,Pharmacist,NPPES-Taxonomy,13,13,2362.51,13,12,"#",,,,,"#",,,13,2362.51,,0,0,,0,0,*,,,*,,,,0,0,,13,2362.51,0,0,0,0,0,0,0,0,0,,0,0,0,*,,,*,,72.333333333333,,,,,,,,,,0,0,0,0,12,1.2430833333333
1174866859,Chang,Wan Tan,,M.D.,I,3808 Union St Ste 3k,,Flushing,NY,36,11354,1,"Metropolitan area core: primary flow within an urbanized area of 50,000 and greater",US,Family Practice,Claim-Specialty,1456,1941.5,129525.9,53106,128,,1417,1880.3,128900.98,51634,,113,,228,104328.56,,1192,24781.52,,36,415.82,,1423,128826.05,,33,699.85,,1365,128205.84,,91,1320.06,,,,,,,,,,,62,562.44,39,,0,0,,0,70.0859375,15,77,,,83,45,19,20,46,41,,,91,37,1.259192339981
1174936132,Jagadish,Abanthi,,,I,1425 Portland Ave,,Rochester,NY,36,14621,1,"Metropolitan area core: primary flow within an urbanized area of 50,000 and greater",US,Internal Medicine,Claim-Specialty,5033,12417,211950.73,360465,819,,4645,11560.933333333,196733.34,336224,,755,,549,127554.56,,4426,82670.329999999,,58,1725.84,,4978,207045.82,,55,4904.91,,1184,66532.2,,3849,145418.53,232,3799.92,4478,78,4.6095767931651,,,,,,102,1026.63,80,,11,154.26,*,,73.981684981685,64,390,262,103,510,309,250,128,60,365,0,16,166,653,1.3611354920243
1174936991,Reisinger,Nicholas,G,PHARMD,I,1433 Culver Rd,,Rochester,NY,36,14609,1,"Metropolitan area core: primary flow within an urbanized area of 50,000 and greater",US,Pharmacist,NPPES-Taxonomy,88,89,15106.93,147,82,"#",,,,,"#",,,88,15106.93,,0,0,,0,0,,53,9241.4,,35,5865.53,*,,,"#",,,0,0,0,0,0,0,0,0,0,,0,0,0,*,,,*,,73.426829268293,,,,,42,40,76,,0,0,0,,0,82,1.0403414634146
1174973903,Telzak,Andrew,,MD,I,111 E 210th St,,Bronx,NY,36,10467,1,"Metropolitan area core: primary flow within an urbanized area of 50,000 and greater",US,Family Practice,Claim-Specialty,1796,3222.0333333333,385285.21,93906,92,,1407,2624.5,253809.53,76787,,73,,382,343958.44,,1331,36218.79,,83,5107.98,,1710,380950.35,,86,4334.86,,1492,343734.22,,304,41550.99,25,233.69,510,,1.3919821826281,0,0,0,,0,15,18964.42,,,0,0,,0,69.20652173913,19,44,,,53,39,,16,,66,0,,75,17,1.4889060727044
1184020315,Bong,Wai Loon,,P.A,I,13811 63rd Ave,,Flushing,NY,36,11367,1,"Metropolitan area core: primary flow within an urbanized area of 50,000 and greater",US,Physician Assistant,Claim-Specialty,4484,6169.7666666667,1767328.5,176669,480,,4273,5877.9,1719141.98,168188,,453,,1248,1169309.03,,3100,594217.2,,136,3802.27,,3688,1568252.52,,796,199075.98,,3970,1636816.99,,514,130511.51,0,0,0,0,0,0,0,0,0,,123,1114.88,94,,18,4114.47,*,,75.702083333333,27,221,136,96,259,221,35,27,380,24,0,14,337,143,1.5852382064089
1902103336,Doshi,Jinesh,,,I,5564 Broadway,,Bronx,NY,36,10463,1,"Metropolitan area core: primary flow within an urbanized area of 50,000 and greater",US,Pharmacist,NPPES-Taxonomy,62,62,11808.25,62,52,"#",,,,,"#",,,62,11808.25,,0,0,,0,0,,44,8327.36,,18,3480.89,,38,7298.59,,24,4509.66,0,0,0,0,0,0,0,0,0,,0,0,0,*,,,*,,74.5,,,,,31,21,,26,0,22,0,,28,24,1.1618974358974
1902194277,Cruz,Christina,M,M.D.,I,10 Union Sq E,Suite 3g,New York,NY,36,10003,1,"Metropolitan area core: primary flow within an urbanized area of 50,000 and greater",US,Internal Medicine,Claim-Specialty,4529,9052.3666666667,525471.76,266533,548,,3983,8070.3,477222.1,238315,,462,,828,422665.7,,3586,98198.78,,115,4607.28,,3847,455526.31,,682,69945.45,,3843,490920.6,,686,34551.16,29,567.33,770,12,0.64031795098256,0,0,0,0,0,32,573.83,19,*,,,*,,71.695255474453,86,246,180,36,380,168,75,80,,377,0,,431,117,1.3761831959604
1902200520,Apollon-Louissaint,Judithe,,NP,I,233 Nostrand Ave,,Brooklyn,NY,36,11205,1,"Metropolitan area core: primary flow within an urbanized area of 50,000 and greater",US,Nurse Practitioner,Claim-Specialty,2053,4897.1333333333,174592.56,144975,466,,1758,4297.3666666667,145805.78,127383,,404,,277,134572.94,,1749,38453.78,,27,1565.84,,1421,115312.24,,632,59280.32,,828,86325.06,,1225,88267.5,0,0,0,0,0,0,0,0,0,,17,133.22,16,*,,,*,,73.467811158798,62,177,161,66,329,137,,373,,67,,16,161,305,1.2753263906143
1902251804,Liu,Wei,,M.D.,I,3712 Prince St Ste 8d,,Flushing,NY,36,11354,1,"Metropolitan area core: primary flow within an urbanized area of 50,000 and greater",US,Internal Medicine,Claim-Specialty,3249,4760.7,458939.08,137931,216,,3132,4509.3666666667,438752.5,130555,"#",,,646,390493.81,,2551,67618.22,,52,827.05,,3085,442407.88,,164,16531.2,,2836,426185.02,,413,32754.06,,,,,,,,,,,42,390.28,31,*,,,*,,72.944444444444,,,,,128,88,,,177,18,,,156,60,1.1224878368327
1902256266,Wen,Hsin,,MD,I,8831 55th Ave Ste 201,,Elmhurst,NY,36,11373,1,"Metropolitan area core: primary flow within an urbanized area of 50,000 and greater",US,Family Practice,NPPES-Specialty,3912,5237.4,648020.19,149950,440,,3862,5135.6,638034.06,147107,,429,,931,540752.97,,2918,106260.35,,63,1006.87,,3773,622976.62,,139,25043.57,,3862,646463.54,,50,1556.65,,,,,,,,,,,90,834.72,77,*,,,*,,73.220454545455,11,277,109,43,226,214,,,419,,0,,420,20,1.265474553728
1902297781,Muto,Kenneth,,"PHARM. D, RPH",I,615 S Meadow St,,Ithaca,NY,36,14850,1,"Metropolitan area core: primary flow within an urbanized area of 50,000 and greater",US,Pharmacist,NPPES-Taxonomy,23,23,4184.84,23,21,"#",,,,,"#",,,23,4184.84,,0,0,,0,0,"#",,,*,,,*,,,"#",,,0,0,0,0,0,0,0,0,0,,0,0,0,*,,,*,,71.666666666667,,,,,,,16,,0,,0,,,,0.66133333333333
1902378300,Ash,Kevin,J,RPH,I,1013 State Highway 29a,,Gloversville,NY,36,12078,4,"Micropolitan area core: primary flow within an urban cluster of 10,000 to 49,999",US,Pharmacist,NPPES-Taxonomy,38,38,6243.81,38,37,"#",,,,,"#",,,38,6243.81,,0,0,,0,0,,15,2495.64,,23,3748.17,*,,,"#",,,0,0,0,0,0,0,0,0,0,,0,0,0,*,,,*,,73.945945945946,,,,,24,13,27,,,0,0,0,,,0.84343243243243
1902831175,Alvarado-Rivera,Jorge,V,M.D.,I,609 W 188th St,Suite Gfw,New York,NY,36,10040,1,"Metropolitan area core: primary flow within an urbanized area of 50,000 and greater",US,Internal Medicine,Claim-Specialty,14246,28561.966666667,1163061.8,831304,722,,13096,26356.1,1033722.67,767530,,660,,1320,832921.44,,12516,322712.53,,410,7427.83,,12909,1019123.69,,1337,143938.11,,12223,1072733.64,,2023,90328.16,0,0,0,0,0,0,0,0,0,,362,3625.06,234,,64,533.92,,17,73.732686980609,62,359,200,101,451,271,26,12,,676,,,552,170,1.1133309798033
1902879281,Diaz,Antonio,S,MD,I,1250 Waters Pl,Suite 507,Bronx,NY,36,10461,1,"Metropolitan area core: primary flow within an urbanized area of 50,000 and greater",US,Internal Medicine,Claim-Specialty,10786,23154.566666667,1280958.39,685011,869,,9750,21249.666666667,1085472.41,629091,,788,,1663,1081744.59,,8731,187440.08,,392,11773.72,,7843,1002792.7,,2943,278165.69,,5392,781918.16,,5394,499040.23,25,7862.44,639,,0.23178193955127,,,,,,129,1348.18,102,,22,276.44,*,,74.310701956272,81,379,302,107,578,291,108,243,18,479,,,308,561,1.3035212981514
1902978141,Chen,Gary,G,M.D.,I,83 Avenue O,,Brooklyn,NY,36,11204,1,"Metropolitan area core: primary flow within an urbanized area of 50,000 and greater",US,Internal Medicine,Claim-Specialty,37734,50748,5288114.09,1488003,709,,36573,49179.1,5135433.08,1442447,,681,,6616,3804310.76,,29846,1450675.33,,1272,33128,,33350,4808631.73,,4384,479482.36,,36418,5180289.62,,1316,107824.47,63,664.43,1111,24,0.16695818095087,0,0,0,0,0,532,4580.08,288,,102,6559.27,,16,73.991537376587,28,405,185,91,371,338,25,,655,,,16,628,81,1.0856682973165
1902993306,Healy,Deborah,P,M.D.,I,400 Fort Hill Ave,,Canandaigua,NY,36,14424,1,"Metropolitan area core: primary flow within an urbanized area of 50,000 and greater",US,Internal Medicine,NPPES-Specialty,3201,3621,487468.19,29327,2134,,2978,3372,451855.97,27616,,1981,,2740,475421.48,"#",,,*,,,,2583,394013.35,,618,93454.84,,350,63216.59,,2851,424251.6,0,0,0,0,0,0,0,0,0,,0,0,0,,33,7681.33,*,,72.410028116214,153,1221,610,150,1223,911,1836,114,36,31,0,117,242,1892,0.84578781088097
1912011107,Khalil,Richard,,M.D.,I,75 S Broadway Fl 1,,Yonkers,NY,36,10701,1,"Metropolitan area core: primary flow within an urbanized area of 50,000 and greater",US,Family Practice,Claim-Specialty,31330,42208.2,7216442.77,1191582,754,,23670,32984.166666667,5257866.51,930891,,575,,9533,6447954.02,,20612,683776.93,,1185,84711.82,,22980,5622424.93,,8350,1594017.84,,29982,6975966.06,,1348,240476.71,239,2447.2,5603,42,0.76284711139483,0,0,0,0,0,393,71740.67,215,,310,33701.91,,43,70.51724137931,179,294,206,75,427,327,114,185,,417,,21,659,95,1.6995718271795
1912014945,Yeung,Tsz-Yin,,MD,I,13743 45th Ave,,Flushing,NY,36,11355,1,"Metropolitan area core: primary flow within an urbanized area of 50,000 and greater",US,Family Practice,NPPES-Specialty,5344,7780.9666666667,426077.31,227729,219,,5018,7273.7666666667,401894.26,213092,,207,,714,313019.2,,4598,112293.18,,32,764.93,,4800,389959.63,,544,36117.68,,4862,399778.16,,482,26299.15,,,,,,,,,,,54,578.96,40,,19,389.66,*,,74.296803652968,12,104,64,39,113,106,,,199,,0,,167,52,0.99860616438356
1912149915,Perez,Emilio,I,MD,I,1624 University Blvd,,Bronx,NY,36,10453,1,"Metropolitan area core: primary flow within an urbanized area of 50,000 and greater",US,Geriatric Medicine,Claim-Specialty,9552,17808.733333333,1372395.3,524404,532,,7647,14598.433333333,1080131.39,430801,,450,,1618,1191775.47,,7497,169524.5,,437,11095.33,,9072,1314342.77,,480,58052.53,,9097,1356641.9,,455,15753.4,63,467.65,1388,23,0.65954773869347,0,0,0,0,0,91,2382.5,69,*,,,*,,71.071428571429,82,289,120,41,345,187,,13,0,510,0,,475,57,1.2640160848316
1912181249,Babiak,Jennifer,E,,I,7815 Northern Blvd,,Jackson Heights,NY,36,11372,1,"Metropolitan area core: primary flow within an urbanized area of 50,000 and greater",US,Pharmacist,NPPES-Taxonomy,14,14,2333.78,14,12,,14,14,2333.78,14,,12,,14,2333.78,,0,0,,0,0,*,,,*,,,,0,0,,14,2333.78,0,0,0,0,0,0,0,0,0,,0,0,0,,0,0,,0,72.083333333333,0,,,0,,,11,,0,,0,0,0,12,0.44183333333333
1912184144,Studnitzer,Eliot,,,I,1916 Williamsbridge Rd,,Bronx,NY,36,10461,1,"Metropolitan area core: primary flow within an urbanized area of 50,000 and greater",US,Pharmacist,NPPES-Taxonomy,29,29,4715.72,29,28,"#",,,,,"#",,,29,4715.72,,0,0,,0,0,,11,1902.24,,18,2813.48,*,,,"#",,,0,0,0,0,0,0,0,0,0,,0,0,0,*,,,*,,72.607142857143,,,,,,,19,,,,0,,,,0.83039285714286
1912188756,Glaz,Barry,D,RPH,I,2271 Richmond Ave,,Staten Island,NY,36,10314,1,"Metropolitan area core: primary flow within an urbanized area of 50,000 and greater",US,Pharmacist,NPPES-Taxonomy,35,35,6628.38,35,31,,35,35,6628.38,35,,31,,35,6628.38,,0,0,,0,0,*,,,"#",,,*,,,"#",,,0,0,0,0,0,0,0,0,0,,0,0,0,,0,0,,0,72,0,22,,,20,11,22,,0,,0,,,,0.6788064516129
1912191347,Macchiavello,Guido,,M.D.,I,4487 Third Avenue,,Bronx,NY,36,10457,1,"Metropolitan area core: primary flow within an urbanized area of 50,000 and greater",US,Hospitalist,Claim-Specialty,2028,3941.5,388696.14,116043,288,,1542,3008.7333333333,292443.42,88489,,234,,486,295993.55,,1437,88707.04,,105,3995.55,,1846,368764.64,,182,19931.5,,1795,355141.69,,233,33554.45,48,2535.3,1100,11,2.3668639053254,,,,,,,,,*,,,*,,71.40625,54,126,81,27,168,120,13,29,,239,0,,239,49,1.3564262614814
1912194069,Reiber,Stuart,,MD,I,12a N Airmont Rd,,Suffern,NY,36,10901,1,"Metropolitan area core: primary flow within an urbanized area of 50,000 and greater",US,Internal Medicine,Claim-Specialty,615,1265.1,69850.12,34725,97,,572,1214.1,59645.3,34326,,67,"#",,,,467,14361.9,*,,,,79,3735.02,,536,66115.1,,61,11192.59,,554,58657.53,21,889.45,577,,3.4146341463415,0,0,0,,0,,,,,0,0,,0,69.587628865979,30,35,19,13,44,53,84,,,,0,,45,52,1.0169331827276
1912225129,Dawidowicz,Jolee,R,RPH,I,10 Central Ave,,Ilion,NY,36,13357,4.1,"Secondary flow 30% to <50% to a urbanized area of 50,000 and greater",US,Pharmacist,NPPES-Taxonomy,17,21,2749.32,196,16,"#",,,,,"#",,,15,2729.48,*,,,"#",,,*,,,*,,,*,,,"#",,,0,0,0,0,0,0,0,0,0,,0,0,0,*,,,*,,71.75,,,,,,,16,0,0,0,0,0,,,0.601375
1912239740,Patel,Shivangi,H,,I,1300 Franklin Ave,,Garden City,NY,36,11530,1,"Metropolitan area core: primary flow within an urbanized area of 50,000 and greater",US,Pharmacist,NPPES-Taxonomy,38,38,7438.66,38,35,"#",,,,,"#",,,38,7438.66,,0,0,,0,0,*,,,"#",,,*,,,"#",,,0,0,0,0,0,0,0,0,0,,0,0,0,*,,,*,,74.457142857143,,,,,,,30,,,0,0,,,,0.73911428571429
1912295429,Regis,Nadine,,M.D.,I,1400 Pelham Pkwy S,Building 6// Suite 1b25,Bronx,NY,36,10461,1,"Metropolitan area core: primary flow within an urbanized area of 50,000 and greater",US,Emergency Medicine,Claim-Specialty,1402,1691.2,199369.43,21553,813,,1124,1348.2,163814.03,15814,,678,,946,187134.26,"#",,,*,,,,1106,153188.75,,296,46180.68,,663,88061.62,,739,111307.81,20,67.45,298,,1.4265335235378,0,0,0,,0,38,2712.59,26,,0,0,,0,70.519065190652,135,437,192,49,500,313,463,312,,19,,12,288,525,1.2049656410188
1912393133,Poupalos,James,,,I,325 Essjay Rd Ste 170,,Williamsville,NY,36,14221,1,"Metropolitan area core: primary flow within an urbanized area of 50,000 and greater",US,Family Practice,Claim-Specialty,5110,12245,507763.28,358132,554,,4642,11168.066666667,455996.73,326729,,508,,569,386656.75,,4459,119296.41,,82,1810.12,,3388,299417.46,,1722,208345.82,,851,123334.3,,4259,384428.98,130,4924.32,3463,44,2.5440313111546,17,2350.77,510,,13.076923076923,139,1400.19,97,,22,2191.33,*,,74.492779783394,46,239,190,79,306,248,463,53,,12,,16,81,473,1.5728487376627
1912550658,Siffring,Rachel,L,"DNP, FNP-BC",I,553 Clinton Ave,,Albany,NY,36,12206,1,"Metropolitan area core: primary flow within an urbanized area of 50,000 and greater",US,Nurse Practitioner,Claim-Specialty,2534,4010.9333333333,288562.13,114879,162,,1054,1724.4333333333,97567.45,49099,,73,,406,226047.3,,2054,58984.42,,74,3530.41,,1757,202528.23,,777,86033.9,,2246,278076.37,,288,10485.76,123,2240.92,3040,21,4.8539857932123,,,,,,44,2122.25,28,,12,882.01,*,,59.512345679012,89,55,,,99,63,64,80,,,0,,134,28,1.4369782335149
1912936675,Valasareddi,Lalasa,,M.D.,I,240 Willoughby St,Suite 11e,Brooklyn,NY,36,11201,1,"Metropolitan area core: primary flow within an urbanized area of 50,000 and greater",US,Internal Medicine,Claim-Specialty,8554,19296.3,1160600.15,570499,537,,7408,16931.166666667,1009412.91,501061,,461,,1469,938204.17,,6810,211047.03,,275,11348.95,,6995,946162.43,,1559,214437.72,,6341,961033.14,,2213,199567.01,54,451.7,1119,23,0.63128361000701,0,0,0,0,0,60,386.68,52,,13,618.43,*,,73.08938547486,76,211,184,66,370,167,,406,,82,0,32,317,220,1.4301007554885
1912944398,Motiram,Savitri,,MD,I,215 E 95th St,,New York,NY,36,10128,1,"Metropolitan area core: primary flow within an urbanized area of 50,000 and greater",US,Internal Medicine,Claim-Specialty,8166,16309.066666667,892226.64,478000,479,,7326,14830.6,816438.17,436387,,428,,1246,732938.98,,6793,154851.69,,127,4435.97,,5604,610709.7,,2562,281516.94,,3298,365339.08,,4868,526887.56,38,661.3,797,,0.46534410972324,,,,,,117,1062.04,86,,52,749.13,,11,73.192066805846,51,228,147,53,367,112,,389,,68,0,,160,319,1.2039662296104
1922017805,Kearns Stanley,Margaret,,M.D.,I,899 Park Avenue,,New York,NY,36,10075,1,"Metropolitan area core: primary flow within an urbanized area of 50,000 and greater",US,Family Practice,Claim-Specialty,1339,2873.7333333333,129135.59,83306,124,,1279,2784.1666666667,127155.49,80734,"#",,,157,99278.5,,1164,29457.81,,18,399.28,,356,27666.11,,983,101469.48,,162,32827.07,,1177,96308.52,19,146.42,437,,1.4189693801344,0,0,0,,0,46,818.46,25,,0,0,*,,73.032258064516,,,,,84,40,90,,,,0,15,,,0.73249193548387
1922041524,Issa,Ricardo,F,,I,123 E 61st St,2nd Floor,New York,NY,36,10021,1,"Metropolitan area core: primary flow within an urbanized area of 50,000 and greater",US,Internal Medicine,Claim-Specialty,2211,4594.5,606431.42,133515,179,,1960,4180.5,485743.07,121417,,161,,545,501383.51,,1608,103165.25,,58,1882.66,,1529,449192.77,,682,157238.65,,1458,422204.86,,753,184226.56,0,0,0,0,0,0,0,0,0,,59,2694.74,33,*,,,*,,72.893854748603,18,82,65,14,108,71,53,28,,89,0,,89,90,0.98264180744296
1922100213,Cao,Shimin,,M.D. PH.D.,I,3808 Union St Ste 6b,,Flushing,NY,36,11354,1,"Metropolitan area core: primary flow within an urbanized area of 50,000 and greater",US,Internal Medicine,Claim-Specialty,9528,12820.866666667,1257236.83,373383,412,,9347,12575.966666667,1203669.21,366177,,399,,1814,1096580.69,,7434,152870.72,,280,7785.42,,8611,1099974.67,,917,157262.16,,8986,1217005.75,,542,40231.08,0,0,0,0,0,0,0,0,0,,143,1821.11,86,,26,1614.39,*,,72.334951456311,13,272,91,36,210,202,,,397,,0,,339,73,0.96676718192796
1922240894,Defilippo,Caroline,,"MD, MPH",I,90 S Bedford Rd,,Mount Kisco,NY,36,10549,1,"Metropolitan area core: primary flow within an urbanized area of 50,000 and greater",US,Internal Medicine,Claim-Specialty,3542,8861.2333333333,309784.96,261607,480,,3454,8737.9666666667,301352.14,258272,,469,,269,227867.03,,3256,81704.81,,17,213.12,,903,44108.16,,2639,265676.8,,289,23758.81,,3253,286026.15,61,3455.54,1574,,1.7221908526256,36,2400.27,1076,,59.016393442623,59,940.05,43,*,,,*,,75.177083333333,11,243,155,71,383,97,420,,11,17,,26,30,450,1.0557156532193
1922244029,Eremita,John,M,RPH,I,3340 Broadway,,New York,NY,36,10031,1,"Metropolitan area core: primary flow within an urbanized area of 50,000 and greater",US,Pharmacist,NPPES-Taxonomy,17,24,2615.62,633,11,"#",,,,,*,,,17,2615.62,,0,0,,0,0,,17,2615.62,,0,0,"#",,,*,,,0,0,0,0,0,0,0,0,0,,0,0,0,*,,,*,,68.363636363636,,,,,,,0,,0,,0,0,,,1.0061363636364
1922320365,Chiu,Zhi,,RPH,I,8345 Langdale St,,New Hyde Park,NY,36,11040,1,"Metropolitan area core: primary flow within an urbanized area of 50,000 and greater",US,Pharmacist,NPPES-Taxonomy,20,20,3272.63,49,19,"#",,,,,"#",,,19,3268.2,*,,,"#",,,*,,,"#",,,*,,,"#",,,0,0,0,0,0,0,0,0,0,,0,0,0,*,,,*,,73.736842105263,,,,,,,,,,,0,,,,1.2926315789474
1922348390,Zeng,Yiling,,NP,I,420 Lexington Ave,Suite 1644,New York,NY,36,10170,1,"Metropolitan area core: primary flow within an urbanized area of 50,000 and greater",US,Nurse Practitioner,NPPES-Specialty,13403,16862.166666667,2075659.5,487157,747,,12896,16237.766666667,1979548.29,468827,,721,,3226,1750398.54,,9909,318730.43,,268,6530.53,,12295,1954615.42,,1108,121044.08,,13183,2065681.82,,220,9977.68,11,121.02,224,,0.082071178094456,0,0,0,,0,238,2296.14,183,,25,678,*,,73.562248995984,26,451,188,82,383,364,,0,733,,0,,692,55,1.2958442530705
1922396787,Majid,Madiha,,MD,I,260 W Sunrise Hwy,Ste 200,Valley Stream,NY,36,11581,1,"Metropolitan area core: primary flow within an urbanized area of 50,000 and greater",US,Internal Medicine,Claim-Specialty,4406,11035.833333333,397693.55,327321,564,,4148,10412.633333333,361422.68,308914,,539,,451,318048.92,,3930,78306.41,,25,1338.22,,3487,326465.71,,919,71227.84,,1614,156601.12,,2792,241092.43,,,,,,,,,,,33,297.17,29,,14,136.78,*,,75.606382978723,25,256,184,99,379,185,110,317,56,40,,,137,427,1.2831310779949
1922505056,Tang,Jing,,,I,217 Grand St,,New York,NY,36,10013,1,"Metropolitan area core: primary flow within an urbanized area of 50,000 and greater",US,Nurse Practitioner,Claim-Specialty,365,737.43333333333,83274.95,21112,85,,349,721.43333333333,83065.83,20632,"#",,"#",,,,271,13745.86,*,,,,335,77556.04,,30,5718.91,,348,82695.05,,17,579.9,0,0,0,0,0,0,0,0,0,,,,,,0,0,*,,74.776470588235,,,,,49,36,,0,81,,0,,,,0.96672058823529
1922603976,Taylor,Casey,A,PA-C,I,54 Main St,,Candor,NY,36,13743,2,"Metropolitan area high commuting: primary flow 30% or more to a urbanized area of 50,000 and greater",US,Physician Assistant,Claim-Specialty,5467,10855.733333333,599630.6,308538,380,,3667,8024.6333333333,430847.25,230478,,291,,799,487863.52,,4639,110179.75,,29,1587.33,,4029,438084.68,,1438,161545.92,,2714,327239.51,,2753,272391.09,414,27850.21,8493,61,7.5727089811597,60,20034.03,1618,11,14.492753623188,193,3569.95,105,,12,264.81,*,,69.047368421053,89,176,90,25,208,172,370,,,,0,,134,246,1.0669893996616
1922762921,Kaur,Lukhpreet,,,I,652 Hempstead Tpke,,Franklin Square,NY,36,11010,1,"Metropolitan area core: primary flow within an urbanized area of 50,000 and greater",US,Pharmacist,NPPES-Taxonomy,20,20,3284.7,20,20,,20,20,3284.7,20,,20,,20,3284.7,,0,0,,0,0,,0,0,,20,3284.7,*,,,"#",,,0,0,0,0,0,0,0,0,0,,0,0,0,,0,0,,0,73.55,0,12,,,,,18,0,0,,0,,,,0.95385
1932103769,Sharma,Nisha,,MD,I,12657 Seneca Rd,,Irving,NY,36,14081,10,"Rural areas: primary flow to a tract outside a urbanized area of 50,000 and greater or UC",US,Family Practice,Claim-Specialty,21381,45480.066666667,2303767.78,1326897,1726,,18304,40174.533333333,1971024.2,1173812,,1495,,3019,1855001.39,,18099,427562.94,,263,21203.45,,14465,1391663.65,,6916,912104.13,,6038,737871.89,,15343,1565895.89,122,1171.12,1616,67,0.5706000654787,,,,,,619,65363.29,374,,122,4793.61,,22,71.816338354577,231,867,469,159,1210,516,1612,,15,31,,48,350,1376,1.1136707798508
1932113669,Borgos,William,M,MD,I,38 Larose St,,Glens Falls,NY,36,12801,1,"Metropolitan area core: primary flow within an urbanized area of 50,000 and greater",US,Family Practice,Claim-Specialty,6641,14469.766666667,570277.79,424381,603,,5288,12345.766666667,452349.12,364049,,489,,751,443296.39,,5833,124673.42,,57,2307.98,,4316,312211.89,,2325,258065.9,,1847,162839.2,,4794,407438.59,272,4632.45,6596,64,4.0957687095317,19,367.91,536,,6.9852941176471,65,1137.56,50,,13,573.13,*,,71.228855721393,114,251,180,58,299,304,568,,,,,21,136,467,1.0275545264494
1932163318,Burki,Anjum,,M.D.,I,2000 Empire Blvd,Suite 120,Webster,NY,36,14580,1,"Metropolitan area core: primary flow within an urbanized area of 50,000 and greater",US,Internal Medicine,Claim-Specialty,2247,4189.1666666667,122756.82,117605,422,,2130,4011.4333333333,118160.95,112980,,395,,210,83646.08,,2016,38697.57,,21,413.17,,1957,96129.9,,290,26626.92,,277,31057.26,,1970,91699.56,39,458.21,692,19,1.7356475300401,,,,,,108,1290.86,77,*,,,*,,74.447867298578,27,200,132,63,307,115,390,,0,,0,17,36,386,0.88096093848631
1932297579,Gilmour,Cynthia,,FNP,I,518 Broadway,,Monticello,NY,36,12701,7,"Small town core: primary flow within an urban cluster of 2,500 to 9,999",US,Nurse Practitioner,Claim-Specialty,5939,13886.466666667,626235.13,405506,627,,5045,12150.233333333,513534.98,355317,,532,,700,501511.68,,5189,122004.12,,50,2719.33,,2069,243570.63,,3870,382664.5,,2001,270551.02,,3938,355684.11,168,5498.15,4661,33,2.8287590503452,11,1254.44,330,,6.547619047619,238,6392.23,194,,13,267.71,*,,71.326953748006,95,292,188,52,433,194,487,46,,71,,20,176,451,1.1924975397512
1932381274,Brogcinski,Nicholas,R,PHARMD,I,1650 Elmwood Ave,,Rochester,NY,36,14620,1,"Metropolitan area core: primary flow within an urbanized area of 50,000 and greater",US,Pharmacist,NPPES-Taxonomy,13,13,2192.96,13,12,,13,13,2192.96,13,,12,,13,2192.96,,0,0,,0,0,*,,,*,,,*,,,"#",,,0,0,0,0,0,0,0,0,0,,0,0,0,,0,0,,0,72.666666666667,0,,,,,,,,0,0,0,,,,0.68808333333333
1932413648,Magill,Courtney,,,I,6 Burns Ln,,Massapequa,NY,36,11758,1,"Metropolitan area core: primary flow within an urbanized area of 50,000 and greater",US,Pharmacist,NPPES-Taxonomy,36,36,5893.78,36,34,"#",,,,,"#",,,36,5893.78,,0,0,,0,0,,13,2497.06,,23,3396.72,*,,,"#",,,0,0,0,0,0,0,0,0,0,,0,0,0,*,,,*,,70.470588235294,,,,,18,16,26,,0,,0,,,,0.83194117647059
1932421732,Zulic,Julianna,,PHARMD,I,16 State Route 59,,Nyack,NY,36,10960,1,"Metropolitan area core: primary flow within an urbanized area of 50,000 and greater",US,Pharmacist,NPPES-Taxonomy,28,28,5221.94,28,28,,28,28,5221.94,28,,28,,28,5221.94,,0,0,,0,0,*,,,"#",,,,0,0,,28,5221.94,0,0,0,0,0,0,0,0,0,,0,0,0,,0,0,,0,75.035714285714,0,16,,,16,12,19,,,,0,,0,28,0.72507142857143
1932422060,Igharas,Suzette,P,PHARMD.,I,665 Long Pond Rd,,Rochester,NY,36,14612,1,"Metropolitan area core: primary flow within an urbanized area of 50,000 and greater",US,Pharmacist,NPPES-Taxonomy,13,13,2507.35,13,13,"#",,,,,"#",,,13,2507.35,,0,0,,0,0,"#",,,*,,,*,,,*,,,0,0,0,0,0,0,0,0,0,,0,0,0,*,,,*,,72.307692307692,,,,,,,,,0,0,0,0,,,0.99107692307692
1932440344,Zapisetskiy,Yevgeniy,,PHARM.D.,I,100 Broadway,,New York,NY,36,10005,1,"Metropolitan area core: primary flow within an urbanized area of 50,000 and greater",US,Pharmacist,NPPES-Taxonomy,25,25,4026.35,25,23,"#",,,,,"#",,,25,4026.35,,0,0,,0,0,,12,1950.02,,13,2076.33,*,,,"#",,,0,0,0,0,0,0,0,0,0,,0,0,0,*,,,*,,72.217391304348,,,,,,,22,,,0,0,0,,,0.72444202898551
1932477155,Zia,Zinnat,,,I,406 S Oyster Bay Rd,,Hicksville,NY,36,11801,1,"Metropolitan area core: primary flow within an urbanized area of 50,000 and greater",US,Pharmacist,NPPES-Taxonomy,12,16,2193.55,190,11,"#",,,,,*,,,12,2193.55,,0,0,,0,0,*,,,"#",,,*,,,"#",,,0,0,0,0,0,0,0,0,0,,0,0,0,*,,,*,,70,,,,,,,,0,0,0,0,,0,11,0.86181818181818
1932506094,Li,Michelle,,,I,132-59 41st Rd,Ste Cb,Flushing,NY,36,11355,1,"Metropolitan area core: primary flow within an urbanized area of 50,000 and greater",US,Physician Assistant,NPPES-Specialty,4259,5241.1666666667,553949.69,150380,395,,4182,5143.7666666667,538111.53,147527,"#",,,949,483128.25,,3244,69537,,66,1284.44,,3956,520118.25,,303,33831.44,,3993,543117.81,,266,10831.88,,,,,,,,,,,100,1092.41,82,*,,,*,,72.673417721519,,,,,224,171,13,,353,20,0,,354,41,1.0314074184766
1932526845,Aung,Myo Myo,,M.D,I,198 Canal St Ste 401,,New York,NY,36,10013,1,"Metropolitan area core: primary flow within an urbanized area of 50,000 and greater",US,Internal Medicine,Claim-Specialty,7907,13384.866666667,1019495.11,388529,539,,7724,13065.866666667,999477.37,379637,,526,,1420,844141.22,,6307,171308.12,,180,4045.77,,6377,788654.68,,1530,230840.43,,7154,979566.04,,753,39929.07,,,,,,,,,,,268,3065.63,186,*,,,*,,73.419294990724,13,323,155,48,297,242,14,,484,,0,29,433,106,1.214570400757
1932767829,Ho,Martin,,MD,I,624 Mcclellan St Ste 101,,Schenectady,NY,36,12304,1,"Metropolitan area core: primary flow within an urbanized area of 50,000 and greater",US,Family Practice,Claim-Specialty,946,1926.6666666667,178855.67,55079,199,,607,1313.9666666667,103383.42,37493,,159,,198,165217.03,,718,13007.45,,30,631.19,,700,115984.12,,246,62871.55,,534,110279,,412,68576.67,12,417.87,283,,1.2684989429175,0,0,0,,0,19,203.38,18,,0,0,,0,70.417085427136,40,91,53,15,99,100,87,19,55,,,22,66,133,1.1312711228316
1942210547,Sheelawanti,Unknown,,MD,I,88-31 55th Avenue,Suite 201,Elmhurst,NY,36,11373,1,"Metropolitan area core: primary flow within an urbanized area of 50,000 and greater",US,Internal Medicine,Claim-Specialty,4968,12103.133333333,312346.94,354789,584,,4738,11576.533333333,295163.41,339205,,554,,433,173562.14,,4482,135395.94,,53,3388.86,,3613,211808.29,,1355,100538.65,,1474,83982.52,,3494,228364.42,,,,,,,,,,,140,1463.71,117,*,,,*,,74.66095890411,30,271,207,76,370,214,152,146,121,130,,,131,453,1.1463054963605
1942211776,Choudhury,Arif,H,M.D.,I,6692 Middle Rd,,Sodus,NY,36,14551,2,"Metropolitan area high commuting: primary flow 30% or more to a urbanized area of 50,000 and greater",US,Internal Medicine,Claim-Specialty,13648,27425.933333333,1430710.07,785195,758,,11559,23481.733333333,1145979.01,673324,,660,,2210,1146832.01,,11226,273479.91,,212,10398.15,,9415,939110.58,,4233,491599.49,,6424,789540.77,,7224,641169.3,100,739.8,1315,39,0.7327080890973,0,0,0,0,0,328,4490.58,179,,92,1307.48,*,,74.291556728232,98,290,238,132,402,356,668,46,,13,,25,241,517,1.365234926496
1942226410,Depetris,Gustavo,R,MD,I,2322 30th Ave,2nd Floor,Astoria,NY,36,11102,1,"Metropolitan area core: primary flow within an urbanized area of 50,000 and greater",US,Internal Medicine,Claim-Specialty,9843,21244.433333333,1025240.91,627844,836,,9496,20443.233333333,986144.42,604172,,801,,1243,830543.38,,8497,189338.85,,103,5358.68,,6735,678702.64,,3108,346538.27,,4286,578174.5,,5557,447066.41,44,337.98,1319,13,0.44701818551255,0,0,0,0,0,83,812.93,64,*,,,*,,76.308612440191,35,335,307,159,462,374,476,,15,310,,23,247,589,1.0341208546394
1942259205,Prasad,Ankineedu,,MD,I,894 Eastern Pkwy,,Brooklyn,NY,36,11213,1,"Metropolitan area core: primary flow within an urbanized area of 50,000 and greater",US,Hospitalist,Claim-Specialty,9101,19418.633333333,904080.03,564127,727,,8337,17936.366666667,790758.01,522137,,651,,1293,688145.11,,7608,207074.21,,200,8860.71,,7008,643086.54,,2093,260993.49,,5316,596944.72,,3785,307135.31,81,1209.58,1631,18,0.89001208658389,,,,,,239,5869.17,157,,23,909.48,,11,74.181568088033,76,298,242,111,455,272,20,613,,38,,44,393,334,2.0307663267617
1942276530,Hu,Andy,K,M.D,I,839 58th St,2nd Floor,Brooklyn,NY,36,11220,1,"Metropolitan area core: primary flow within an urbanized area of 50,000 and greater",US,Internal Medicine,Claim-Specialty,18374,20576.933333333,2469865.98,604709,316,,17914,19958.166666667,2398519.77,586619,"#",,,4266,2126920.01,,13685,328792.36,,423,14153.61,,16354,2208768.79,,2020,261097.19,,17999,2445110.24,,375,24755.74,,,,,,,,,,,241,2142.46,147,,0,0,*,,74.04746835443,,,,,170,146,,0,310,,0,,296,20,1.1501300475272
1942335096,Wang,Bin,,MD,I,13347 Sanford Ave Ste C1g,,Flushing,NY,36,11355,1,"Metropolitan area core: primary flow within an urbanized area of 50,000 and greater",US,Internal Medicine,Claim-Specialty,69616,88841.166666667,5559018.3,2586927,1459,,68935,88079,5476677.36,2565335,,1442,,8122,4201567.6,,59722,1316558.87,,1772,40891.83,,66583,5286839.44,,3033,272178.86,,67267,5433143.77,,2349,125874.53,26,574.87,340,,0.037347736152609,0,0,0,,0,1296,18026.21,655,,232,10010.39,,43,72.941055517478,17,952,368,122,755,704,,,1433,,0,14,1284,175,1.2628214035991
1942369863,Gorski,John,F,M.D.,I,820 Jericho Tpke,,New Hyde Park,NY,36,11040,1,"Metropolitan area core: primary flow within an urbanized area of 50,000 and greater",US,Internal Medicine,Claim-Specialty,4345,11088.633333333,437040.93,324733,448,,4254,10883.633333333,436176.39,318682,,434,,513,363010.62,,3760,70717.81,,72,3312.5,,2046,169486.52,,2299,267554.41,,580,82516.67,,3765,354524.26,11,164.33,84,,0.25316455696203,0,0,0,,0,181,1768.4,131,,11,136.4,*,,76.334821428571,14,188,170,76,228,220,371,18,15,20,0,24,59,389,1.2780574107147
1942375134,Atac,Bulent,S,MD,I,1619 Pelham Parkway North,,Bronx,NY,36,10469,1,"Metropolitan area core: primary flow within an urbanized area of 50,000 and greater",US,Internal Medicine,Claim-Specialty,9243,21041.8,4236944.96,619321,510,,8062,18701,3699926.25,551208,,449,,3196,3885390.11,,5921,340523.93,,126,11030.92,,6160,2837832.51,,3083,1399112.45,,3131,1537696.87,,6112,2699248.09,54,1400.52,1350,20,0.5842259006816,0,0,0,0,0,176,2845.35,112,*,,,*,,73.235294117647,61,243,140,66,295,215,150,194,,121,,37,129,381,1.0529220534454
1942381405,Mora-Mclaughlin,Fernando,S,MD,I,1225 Gerard Ave,,Bronx,NY,36,10452,1,"Metropolitan area core: primary flow within an urbanized area of 50,000 and greater",US,Internal Medicine,Claim-Specialty,21793,38910.066666667,5243153.73,1145498,614,,17313,32206.033333333,4192307.75,950449,,516,,4535,4448223.74,,16116,767873.78,,1142,27056.21,,20774,4998431.56,,1019,244722.17,,20903,5047707.66,,890,195446.07,611,11828.43,15083,111,2.8036525489836,36,3437.12,1080,,5.8919803600655,137,3822.31,65,,22,250.66,*,,70.4332247557,98,327,153,36,372,242,13,38,,549,0,,552,62,1.145878460949
1942393152,Duret,Danielle,,MD,I,Mmg - University Avenue,105 West 188th Street,Bronx,NY,36,10468,1,"Metropolitan area core: primary flow within an urbanized area of 50,000 and greater",US,Internal Medicine,Claim-Specialty,17254,30100.2,2060657.22,880565,533,,14242,25257.4,1661622.05,740232,,442,,2732,1692565.73,,13925,351902.68,,597,16188.81,,16253,1889518.71,,1001,171138.51,,16089,1908276.07,,1165,152381.15,313,20647.84,7571,57,1.8140720992234,14,14892.43,390,,4.4728434504792,154,22109.72,105,,41,425.43,*,,70.772983114447,91,280,119,43,411,122,15,63,18,430,,,442,91,1.4007769328064
1942393178,Au,Sophia,S,MD,I,Mmg - Map,"3400 Bainbridge Avenue, 8th Fl",Bronx,NY,36,10467,1,"Metropolitan area core: primary flow within an urbanized area of 50,000 and greater",US,Internal Medicine,Claim-Specialty,6829,12948.766666667,697717.77,384565,549,,5863,11595.366666667,599560.86,344689,,487,,985,586313.99,,5576,99026.93,,268,12376.85,,5424,578319.44,,1405,119398.33,,3765,434748.25,,3064,262969.52,20,52.21,393,,0.29286864841119,0,0,0,,0,16,301.69,15,*,,,*,,72.894353369763,62,264,169,54,449,100,43,233,,217,,29,242,307,1.3088439316862
1942416284,Wong,Peter,,RPAC,I,234 E 149th St,,Bronx,NY,36,10451,1,"Metropolitan area core: primary flow within an urbanized area of 50,000 and greater",US,Physician Assistant,NPPES-Specialty,19450,25647.8,3344143.86,747007,1327,,19049,25188.2,3289076.29,733653,,1296,,4614,2617200.62,,14627,720097.68,,209,6845.56,,17620,3124747.81,,1830,219396.05,,19042,3316481.02,,408,27662.84,18,104.07,199,13,0.09254498714653,0,0,0,0,0,340,3134.24,276,,54,1910.96,,17,73.694800301432,31,804,348,144,674,653,,0,1304,,0,,1238,89,1.2906670044079
1942462957,Elkins,Cinthia,L,"MD, PHD",I,82 Copeland Ave,,Homer,NY,36,13077,4,"Micropolitan area core: primary flow within an urban cluster of 10,000 to 49,999",US,Family Practice,Claim-Specialty,8322,16618.566666667,1047211.16,483804,540,,6180,12982.033333333,735186.63,378790,,447,,1093,820413.95,,7111,220988.78,,118,5808.43,,5074,542444.09,,3248,504767.07,,4152,691722.48,,4170,355488.68,326,9950.92,8800,59,3.9173275654891,43,3513.76,1290,,13.19018404908,183,2250.09,110,,105,11496.19,,27,72.077777777778,93,234,137,76,391,149,502,,,,,16,183,357,1.258802011098
1942523865,Iyassu,Muzit,R,PHARM.D.,I,1366 Broadway,,Brooklyn,NY,36,11221,1,"Metropolitan area core: primary flow within an urbanized area of 50,000 and greater",US,Pharmacist,NPPES-Taxonomy,15,15,2792.79,21,14,"#",,,,,"#",,,14,2757.68,*,,,"#",,,*,,,"#",,,*,,,"#",,,0,0,0,0,0,0,0,0,0,,,,,*,,,*,,72.571428571429,,,,,,,11,,0,,0,0,,,1.0580714285714
1942621263,Tun,Nilar,,,I,33 Essex St Apt 9,,New York,NY,36,10002,1,"Metropolitan area core: primary flow within an urbanized area of 50,000 and greater",US,Student in an Organized Health Care Education/Training Program,NPPES-Taxonomy,8495,10920.9,1515010.87,317577,504,,8279,10630.233333333,1479379.94,309475,,487,,2245,1288963.27,,6124,223452.82,,126,2594.78,,7725,1392958.9,,770,122051.97,,8219,1475113.31,,276,39897.56,,,,,,,,,,,118,969.05,96,,43,1238.8,,17,74.126984126984,17,265,165,57,275,229,,,471,15,0,,462,42,1.117290565551
1942722111,Zhou,Yuan Xiu,,FNP,I,13626 37th Ave,,Flushing,NY,36,11354,1,"Metropolitan area core: primary flow within an urbanized area of 50,000 and greater",US,Nurse Practitioner,NPPES-Specialty,11166,12184.633333333,1900461.68,348896,419,,10801,11727.033333333,1849730.02,336151,,408,,2469,1480122.11,,8510,416207.76,,187,4131.81,,10628,1788816.03,,538,111645.65,,10851,1851810.72,,315,48650.96,30,1157.8,442,18,0.26867275658248,,,,,,205,24760.44,122,,14,140.37,*,,72.252983293556,11,274,108,26,217,202,,,400,,0,,372,47,1.1255122727829
1952303281,Treatman,David,,M.D.,I,416 37th St,,Brooklyn,NY,36,11232,1,"Metropolitan area core: primary flow within an urbanized area of 50,000 and greater",US,Family Practice,Claim-Specialty,6195,11144.233333333,1476394.11,319518,238,,4817,8781.7,1159150.2,252169,,195,,1270,997026.53,,4819,470194.65,,106,9172.93,,3638,950266.07,,2557,526128.04,,4741,1190789.64,,1454,285604.47,233,11975.62,5715,32,3.7610976594027,12,2035.44,360,,5.1502145922747,251,36254.65,93,,12,353.69,*,,70.584033613445,43,116,63,16,165,73,58,27,,140,0,,126,112,1.2334467454647
1952309460,Upadhyayula,Nagendra,P,MD,I,1003 Main St,,Fishkill,NY,36,12524,1,"Metropolitan area core: primary flow within an urbanized area of 50,000 and greater",US,Anesthesiology,Claim-Specialty,2319,2329.4333333333,101883.05,64093,350,,1229,1237.4333333333,59376.11,32517,,223,,199,40818.08,,2120,61064.97,,0,0,,1160,43438.27,,1159,58444.78,,1284,50557.21,,1035,51325.84,1569,61216.03,46417,203,67.658473479948,102,13802.53,3030,13,6.5009560229446,23,134.51,22,,0,0,,0,66.811428571429,127,131,72,20,198,152,275,30,,32,0,,130,220,1.7733671770398
1952355794,Call,Andrew,,M.D.,I,5586 Legionnaire Dr Ste 1,,Cicero,NY,36,13039,1,"Metropolitan area core: primary flow within an urbanized area of 50,000 and greater",US,Family Practice,Claim-Specialty,7848,17919.666666667,706367.05,526775,668,,6765,15815.066666667,599395.94,465144,,589,,1017,534367.58,,6712,165603.73,,119,6395.74,,3884,332439.36,,3964,373927.69,,1358,185242.86,,6490,521124.19,219,6332.87,7209,61,2.7905198776758,32,2295.66,1560,,14.611872146119,145,5972.88,95,,21,542.39,*,,72.899700598802,79,324,198,67,334,334,620,,,,0,34,112,556,0.94871706020877
1952356107,Rayzman,Maya,,MD,I,180-05 Hillside Ave,,Jamaica,NY,36,11432,1,"Metropolitan area core: primary flow within an urbanized area of 50,000 and greater",US,Internal Medicine,Claim-Specialty,5777,14849.133333333,406993.61,441861,588,,5479,14217.333333333,385823.65,423488,,545,,616,297177.27,,5045,104543.69,,116,5272.65,,4505,331237.19,,1272,75756.42,,1865,174865.73,,3912,232127.88,,,,,,,,,,,30,233.71,27,,0,0,,0,75.098639455782,43,245,189,111,408,180,,394,39,76,,45,175,413,1.3559954688418
1952358095,Massand,Seema,,MD,I,1055 Stewart Ave,,Bethpage,NY,36,11714,1,"Metropolitan area core: primary flow within an urbanized area of 50,000 and greater",US,Internal Medicine,Claim-Specialty,5633,14347.033333333,508690.2,426110,502,,5507,14034.533333333,501746.39,416835,,485,,589,385800.71,,4964,120055.18,,80,2834.31,,3764,353511.83,,1869,155178.37,,2244,232680.64,,3389,276009.56,15,74.84,384,,0.26628794603231,0,0,0,,0,58,502.16,46,*,,,*,,76.480079681275,17,206,186,93,336,166,253,39,162,24,0,24,157,345,1.3132645658804
1952365579,Kennette,Karen,M,MD,I,77 Miller Road,Suite 1,Castleton,NY,36,12033,1,"Metropolitan area core: primary flow within an urbanized area of 50,000 and greater",US,Pediatric Medicine,NPPES-Specialty,49,67,6384.87,1162,31,"#",,,,,"#",,,36,5900.03,,13,484.84,,0,0,,29,3217.29,,20,3167.58,*,,,"#",,,0,0,0,0,0,0,0,0,0,,,,,*,,,*,,73.41935483871,,,,,18,13,27,,0,0,0,,,,0.97477419354839
1952374613,Bernard,Marguerite,,MD,I,85 W Burnside Ave,,Bronx,NY,36,10453,1,"Metropolitan area core: primary flow within an urbanized area of 50,000 and greater",US,Internal Medicine,NPPES-Specialty,8574,18467.7,1605579.9,549047,418,,7328,15907.233333333,1187725.16,472966,,342,,1714,1377077.38,,6503,212348.8,,357,16153.72,,7739,1324526.52,,835,281053.38,,7961,1514918.05,,613,90661.85,12,92.55,176,,0.13995801259622,0,0,0,,0,37,317.5,30,*,,,*,,70.679425837321,76,205,109,28,311,107,,116,,277,,,349,69,1.2594320820013
1952389470,Castiglia,Carolyn,M,DO,I,4042a Austin Blvd,,Island Park,NY,36,11558,1,"Metropolitan area core: primary flow within an urbanized area of 50,000 and greater",US,Family Practice,Claim-Specialty,5349,10597.233333333,493156.24,302512,480,,4713,9641.7333333333,431044.3,276014,,443,,618,380889.94,,4678,111110.77,,53,1155.53,,1661,135623.95,,3688,357532.29,,1719,230846.77,,3630,262309.47,47,824.17,1078,17,0.87866891007665,0,0,0,0,0,234,1864.98,140,,39,2653.39,*,,72.9,37,255,148,40,323,157,409,11,,46,,12,81,399,1.383480797051
1952394520,Mcswain,Mark,W,M.D.,I,161 Genesee St,Suite 203,Auburn,NY,36,13021,4,"Micropolitan area core: primary flow within an urban cluster of 10,000 to 49,999",US,Internal Medicine,Claim-Specialty,9760,14115.266666667,1307948.89,278189,3808,,8694,12714.233333333,1180716.68,251897,,3410,,5273,1231070.19,,4432,74227.4,,55,2651.3,,5929,808260.46,,3831,499688.43,,1620,232167.13,,8140,1075781.76,102,2380.36,2292,17,1.0450819672131,,,,,,148,2151.65,83,,18,165.8,*,,71.594012605042,398,2182,1001,227,2126,1682,3354,171,72,,,159,617,3191,0.91860558787863
1952395717,Aanonsen,Deborah,,D.O.,I,11 Ralph Pl,Suite 314,Staten Island,NY,36,10304,1,"Metropolitan area core: primary flow within an urbanized area of 50,000 and greater",US,Internal Medicine,Claim-Specialty,3191,7708.4333333333,210111.05,220578,462,,3132,7583.3333333333,206881.79,217395,,440,,468,147810.29,,2695,61306.93,,28,993.83,,1662,97997.81,,1529,112113.24,,487,32694.89,,2704,177416.16,27,1264.11,496,13,0.84612973989345,,,,,,156,2413.22,84,*,,,*,,75.911255411255,22,184,187,69,335,127,365,43,16,18,0,20,70,392,1.0397676767677
1841466703,Yang,Liming,,M.D.,I,5803 7th Ave,,Brooklyn,NY,36,11220,1,"Metropolitan area core: primary flow within an urbanized area of 50,000 and greater",US,Family Practice,Claim-Specialty,6158,9444.3,884154.71,275282,376,,6036,9248.9666666667,881627.6,269716,,360,,1163,675174.08,,4878,205594.86,,117,3385.77,,5542,789540.67,,616,94614.04,,5939,855997.3,,219,28157.41,0,0,0,0,0,0,0,0,0,,85,1222.53,69,,18,140.16,*,,73.061170212766,16,227,95,38,204,172,,0,349,,0,,334,42,1.0130374562114
1841476702,Dzhurayeva,Milana,,PHARMACIST,I,22214 Linden Blvd,,Cambria Heights,NY,36,11411,1,"Metropolitan area core: primary flow within an urbanized area of 50,000 and greater",US,Pharmacist,NPPES-Taxonomy,25,25,4882.87,25,25,,25,25,4882.87,25,,25,,25,4882.87,,0,0,,0,0,"#",,,*,,,"#",,,*,,,0,0,0,0,0,0,0,0,0,,0,0,0,,0,0,,0,73.08,0,17,,,,,0,,,,,,,,0.94526666666667
1841506102,Jeu,Jason,,PHARM.D.,I,33 7th Ave,,New York,NY,36,10011,1,"Metropolitan area core: primary flow within an urbanized area of 50,000 and greater",US,Pharmacist,NPPES-Taxonomy,28,28,4961.24,28,28,,28,28,4961.24,28,,28,,28,4961.24,,0,0,,0,0,,17,3160.78,,11,1800.46,*,,,"#",,,0,0,0,0,0,0,0,0,0,,0,0,0,,0,0,,0,74.214285714286,0,18,,,15,13,22,0,,,0,,,,0.91342857142857
1841522679,Soliman,Joseph,,R.PH. PHARM D.,I,2864 Broadway,,New York,NY,36,10025,1,"Metropolitan area core: primary flow within an urbanized area of 50,000 and greater",US,Pharmacist,NPPES-Taxonomy,23,23,3804.14,23,22,"#",,,,,"#",,,23,3804.14,,0,0,,0,0,*,,,"#",,,*,,,"#",,,0,0,0,0,0,0,0,0,0,,0,0,0,*,,,*,,74.863636363636,,,,,,,17,,,,0,,,,0.81268181818182
1841553310,Hicks,Nina,M,MD,I,122 Portion Rd,,Lake Ronkonkoma,NY,36,11779,1,"Metropolitan area core: primary flow within an urbanized area of 50,000 and greater",US,Family Practice,Claim-Specialty,6233,13717.033333333,767027.94,399131,625,,5387,11985.766666667,663469.19,349043,,546,,910,638783.01,,5167,121425.14,,156,6819.79,,4744,533933.03,,1489,233094.91,,5008,691407.4,,1225,75620.54,26,96.93,182,19,0.41713460612867,0,0,0,0,0,89,3306.38,66,*,,,*,,71.8128,79,320,182,44,394,231,90,72,13,431,0,19,445,180,1.2337984860062
1841562485,Maiello,Wendy,,,I,260 Arden Ave,,Staten Island,NY,36,10312,1,"Metropolitan area core: primary flow within an urbanized area of 50,000 and greater",US,Pharmacist,NPPES-Taxonomy,40,40,7116.17,40,40,,40,40,7116.17,40,,40,,40,7116.17,,0,0,,0,0,*,,,"#",,,*,,,"#",,,0,0,0,0,0,0,0,0,0,,0,0,0,,0,0,,0,74.35,0,22,,,21,19,27,,,,0,,0,40,0.73205
1841629102,Reddick,Michael,,PHARMD,I,371 E Main St,,Gouverneur,NY,36,13642,7,"Small town core: primary flow within an urban cluster of 2,500 to 9,999",US,Pharmacist,NPPES-Taxonomy,16,16,2931.88,16,15,"#",,,,,"#",,,16,2931.88,,0,0,,0,0,"#",,,*,,,*,,,"#",,,0,0,0,0,0,0,0,0,0,,0,0,0,*,,,*,,73.8,,,,,,,14,,0,0,0,,,,0.8344
1841721982,Yuan,Yanyi,,FNP,I,839 58th St Apt 5,,Brooklyn,NY,36,11220,1,"Metropolitan area core: primary flow within an urbanized area of 50,000 and greater",US,Nurse Practitioner,Claim-Specialty,14041,17386.933333333,1970991.31,496027,843,,13862,17187.9,1948371.71,490547,"#",,,2645,1533392.29,,11131,430917.57,,265,6681.45,,13686,1927038.83,,355,43952.48,,13976,1961443.96,,65,9547.35,0,0,0,0,0,0,0,0,0,,382,4545.42,258,,87,3370.7,*,,73.689205219454,,,,,442,401,,0,836,,0,,827,16,1.2093030623539
1841766037,Francis Morel,Garry,A,MD,I,4422 3rd Ave,,Bronx,NY,36,10457,1,"Metropolitan area core: primary flow within an urbanized area of 50,000 and greater",US,Internal Medicine,Claim-Specialty,1620,2896.0333333333,455437.97,85669,242,,1353,2482.6333333333,383217.56,73560,,191,,577,423710.11,,966,28798.32,,77,2929.54,,1443,406980.85,,177,48457.12,,1529,431553.42,,91,23884.55,,,,,,,,,,,11,9620.06,,*,,,*,,71.157024793388,51,93,79,19,138,104,,48,,182,0,,217,25,1.6289142895034
1841793155,Chang,Margarita,,FNP,I,5303 8th Ave,,Brooklyn,NY,36,11220,1,"Metropolitan area core: primary flow within an urbanized area of 50,000 and greater",US,Nurse Practitioner,Claim-Specialty,4909,6634.8,987037.05,194647,341,,4750,6416.5,952678.06,188380,,330,,1391,864014.99,,3459,122001.86,,59,1020.2,,4408,879443.91,,501,107593.14,,4792,972154.16,,117,14882.89,0,0,0,0,0,0,0,0,0,,50,2713.71,48,,16,85.42,*,,74.155425219941,11,189,97,44,168,173,,0,328,,0,,314,27,1.1273245023631
1841793403,Hirani,Shabeena,S,,I,8720 Queens Blvd,,Elmhurst,NY,36,11373,1,"Metropolitan area core: primary flow within an urbanized area of 50,000 and greater",US,Nurse Practitioner,NPPES-Specialty,3705,7474.1666666667,1281314.38,217690,573,,3127,6367.5666666667,1089651.06,185497,,498,,1288,1208783.54,,2405,72494.6,,12,36.24,,3054,1118266.21,,651,163048.17,,2824,1103675.44,,881,177638.94,19,937.07,452,,0.51282051282051,,,,,,56,913.31,48,,0,0,,0,71.528795811518,75,291,169,38,355,218,106,51,109,275,0,32,386,187,1.4243014536965
1851305437,Heisig,David,,MD,I,4870 Broad Rd,Suite 3q,Syracuse,NY,36,13215,1,"Metropolitan area core: primary flow within an urbanized area of 50,000 and greater",US,Internal Medicine,NPPES-Taxonomy,1585,1599.3666666667,90819.99,32156,152,,1563,1577.3666666667,88574.53,31818,"#",,"#",,,,1320,44176.41,*,,,,1566,88850.38,,19,1969.61,"#",,,*,,,56,769.92,1087,25,3.5331230283912,,,,,,89,820.16,53,,57,6130.12,*,,79.236842105263,,,,,109,43,129,16,,,0,,,,2.934353247499
1851321855,Khishchenko,Larisa,,M.D.,I,485 Titus Ave,Ste H,Rochester,NY,36,14617,1,"Metropolitan area core: primary flow within an urbanized area of 50,000 and greater",US,Internal Medicine,Claim-Specialty,6485,15268.933333333,427342.65,449557,432,,6366,15052.933333333,422151.94,443247,,418,,749,310237.96,,5701,116543.04,,35,561.65,,5573,365280.85,,912,62061.8,,1258,118580.23,,5227,308762.42,15,275.2,392,,0.23130300693909,0,0,0,,0,105,1158.76,74,*,,,*,,76.368055555556,14,182,159,77,323,109,365,25,,12,,26,75,357,0.93733424754121
1851330872,Getaneh,Asqual,,M.D.,I,180 Fort Washington Ave Fl 2,,New York,NY,36,10032,1,"Metropolitan area core: primary flow within an urbanized area of 50,000 and greater",US,Internal Medicine,Claim-Specialty,1419,2951,142247.48,85341,265,,1298,2734.6,127616.21,79101,,245,,213,111272.84,,1181,30514.31,,25,460.33,,695,84277.28,,724,57970.2,,517,76090.86,,902,66156.62,,,,,,,,,,,19,168.3,18,,11,444.84,*,,74.928301886792,20,121,83,41,192,73,108,65,14,73,,,71,194,1.2837445320498
1851362594,Lewis,Paulette,,M.D.,I,31 Arnot Rd,,Horseheads,NY,36,14845,1,"Metropolitan area core: primary flow within an urbanized area of 50,000 and greater",US,Internal Medicine,Claim-Specialty,11293,26366.5,1228146.54,771085,759,,9168,22011.366666667,984338.71,644480,,656,,1233,961854.98,,9953,258225.49,,107,8066.07,,7283,738519.53,,4010,489627.01,,4709,559666.35,,6584,668480.19,264,5122.82,7038,42,2.337731337997,43,3247.63,1267,,16.287878787879,291,4039.5,195,,48,3042.07,,11,71.824769433465,103,379,208,69,580,179,677,51,,11,,14,205,554,1.2062993394548
1851379929,Depra,Joseph,,MD,I,200 N Main St,,Wayland,NY,36,14572,10,"Rural areas: primary flow to a tract outside a urbanized area of 50,000 and greater or UC",US,Family Practice,Claim-Specialty,9668,15570,840700.99,452085,649,,6639,11549,602739.66,336162,,492,,1150,639714.11,,8436,195791.26,,82,5195.62,,5992,544251.39,,3676,296449.6,,4616,418626.84,,5052,422074.15,309,14990.55,8216,57,3.1961108812578,80,7009.63,2190,12,25.88996763754,226,4405.69,130,,45,1748.41,*,,69.428351309707,157,274,168,50,335,314,618,,,,0,19,215,434,1.1020152691655
1851387682,Warchol,Anna,,MD,I,934 Manhattan Ave,,Brooklyn,NY,36,11222,1,"Metropolitan area core: primary flow within an urbanized area of 50,000 and greater",US,Internal Medicine,Claim-Specialty,6672,13310.3,742874.79,390368,517,,6415,12883.466666667,709292.28,377925,,498,,990,602600.77,,5625,138776.07,,57,1497.95,,4238,434582.87,,2434,308291.92,,4022,501047.46,,2650,241827.33,34,138.52,457,13,0.50959232613909,0,0,0,0,0,142,1709.2,97,*,,,*,,76.011605415861,19,229,174,95,355,162,346,39,,92,,29,263,254,1.3414912983906
1851456321,Meyer,Vincent,E,MD,I,418 Geyser Rd,"#14",Ballston Spa,NY,36,12020,1.1,"Secondary flow 30% to <50% to a larger urbanized area of 50,000 and greater",US,Family Practice,Claim-Specialty,4409,6601.5666666667,331059.86,188494,243,,2818,4724.0333333333,230344.91,136050,,193,,442,224070.05,,3933,105172.73,,34,1817.08,,2874,225639.41,,1535,105420.45,,1668,104479.94,,2741,226579.92,485,24202.71,13372,44,11.0002268088,128,10746.76,3788,12,26.39175257732,110,20768.89,52,,101,9635.56,,21,71.674897119342,50,100,60,33,108,135,223,,,,0,,61,182,1.0927620932822
1851456669,Wang,Jyming,,M.D.,I,13336 41st Rd Ste 2m,,Flushing,NY,36,11355,1,"Metropolitan area core: primary flow within an urbanized area of 50,000 and greater",US,Internal Medicine,Claim-Specialty,5400,10655.766666667,853143.94,313226,533,,5103,10253.066666667,812259.32,302131,,521,,690,701817.92,,4670,150381.04,,40,944.98,,4193,706309.53,,1207,146834.41,,3227,413232.45,,2173,439911.49,49,1731.34,860,,0.90740740740741,,,,,,124,1910.73,81,*,,,*,,76.358348968105,12,248,177,96,357,176,21,,468,12,,28,238,295,0.86161383403021
1851459895,Chung,Roger,M,M.B.B.S.,I,139 Centre St,Suite 802,New York,NY,36,10013,1,"Metropolitan area core: primary flow within an urbanized area of 50,000 and greater",US,Internal Medicine,Claim-Specialty,8216,10914.3,1104041.46,321439,239,,8149,10847.3,1100288.24,319588,"#",,,1653,892785.11,,6460,208386.3,,103,2870.05,,5544,738827.47,,2672,365213.99,,7697,1069738.05,,519,34303.41,,,,,,,,,,,127,49412.04,74,,90,1499.49,*,,75.861924686192,,,,,130,109,,0,225,,0,,196,43,1.1052915247875
1851476972,Huang,Hui-Li,,MD,I,Mmg - Grand Concourse,2532 Grand Concourse,Bronx,NY,36,10458,1,"Metropolitan area core: primary flow within an urbanized area of 50,000 and greater",US,Family Practice,Claim-Specialty,7957,15336.4,1176828.93,454434,481,,6902,13645.1,996533.63,405043,,413,,1474,988658.62,,6260,180494.4,,223,7675.91,,5864,900139.36,,2093,276689.57,,4368,679760.74,,3589,497068.19,,,,,,,,,,,57,677.42,48,,21,10251.89,*,,72.216216216216,68,230,140,43,360,121,21,254,14,180,0,12,218,263,1.5484555473084
1851559041,Einav,Eldad,U,M.D.,I,732 Vestal Pkwy E,Suite 6a,Vestal,NY,36,13850,1,"Metropolitan area core: primary flow within an urbanized area of 50,000 and greater",US,Cardiology,Claim-Specialty,4396,4844.3,816102.21,38947,2852,,3890,4291.5666666667,706907.12,32853,,2552,,3866,809303.05,,530,6799.16,,0,0,,2609,495467.95,,1787,320634.26,,1000,180296.82,,3396,635805.39,0,0,0,0,0,0,0,0,0,,0,0,0,,0,0,,0,72.275596072931,300,1513,794,245,1616,1236,2586,67,,46,,111,550,2302,0.8966551454694
1851651525,Biondolillo,Christopher,C,M.D.,I,155 Lawn Ave,,Buffalo,NY,36,14207,1,"Metropolitan area core: primary flow within an urbanized area of 50,000 and greater",US,Family Practice,NPPES-Specialty,6641,12087.6,711852.34,351163,310,,3829,7102.8,353898.26,206686,,194,,1129,577098.13,,5358,129911.12,,154,4843.09,,5087,541620.73,,1554,170231.61,,5260,611589.77,,1381,100262.57,353,12278.01,9646,61,5.3154645384731,,,,,,59,1054.61,44,,16,234,*,,66.141935483871,116,136,38,20,177,133,184,32,,75,,11,216,94,1.3912910102194
1851739346,Young,Charmaine,,D.O.,I,268 Canal St,,New York,NY,36,10013,1,"Metropolitan area core: primary flow within an urbanized area of 50,000 and greater",US,Family Practice,NPPES-Specialty,6005,10923.466666667,715916.72,321487,390,,5748,10581.9,700288.79,311600,,369,,890,540133.18,,5000,173841.02,,115,1942.52,,4917,633197.61,,1088,82719.11,,5747,696137.96,,258,19778.76,0,0,0,0,0,0,0,0,0,,14,205.22,14,,0,0,,0,73.087179487179,21,222,102,45,213,177,,,359,,0,,352,38,1.0174288208295
1851792931,Garza,Lisa,,,I,81 Telegraph Rd,,Middleport,NY,36,14105,7,"Small town core: primary flow within an urban cluster of 2,500 to 9,999",US,Pharmacist,NPPES-Taxonomy,61,61,9513.17,61,42,"#",,,,,"#",,,61,9513.17,,0,0,,0,0,,35,5369.61,,26,4143.56,*,,,"#",,,0,0,0,0,0,0,0,0,0,,0,0,0,*,,,*,,73.166666666667,,,,,25,17,37,0,,0,0,,,,0.81288095238095
1851805725,Kasaev,Eden,,PHARMD,I,4166 White Plains Rd,,Bronx,NY,36,10466,1,"Metropolitan area core: primary flow within an urbanized area of 50,000 and greater",US,Pharmacist,NPPES-Taxonomy,20,20,3289.59,20,19,"#",,,,,"#",,,20,3289.59,,0,0,,0,0,"#",,,*,,,*,,,"#",,,0,0,0,0,0,0,0,0,0,,0,0,0,*,,,*,,73.368421052632,,,,,,,17,0,0,,0,,,,0.66884210526316
1861059875,Chen,Felix,,DO,I,5645 Main St,,Flushing,NY,36,11355,1,"Metropolitan area core: primary flow within an urbanized area of 50,000 and greater",US,Internal Medicine,Claim-Specialty,1253,2448.2666666667,194458.66,70656,224,,1209,2371.2666666667,192539.17,68416,"#",,"#",,,,1014,31251.53,*,,,,1086,171261.04,,167,23197.62,,1158,189833.65,,95,4625.01,0,0,0,0,0,0,0,0,0,,38,369.03,29,*,,,*,,73.75,,,,,119,105,,,206,,0,,197,27,1.2031697125818
1861414021,Sulik,Sandra,M,MD,I,4000 Medical Center Dr,Suite 104,Fayetteville,NY,36,13066,1,"Metropolitan area core: primary flow within an urbanized area of 50,000 and greater",US,Family Practice,Claim-Specialty,4851,8801.1333333333,367516.36,247744,435,,3906,7518.2666666667,264509.69,216785,,367,,608,268549.44,,4203,97727.35,,40,1239.57,,3292,236598.83,,1559,130917.53,,1131,115138.02,,3720,252378.34,40,916.58,1038,13,0.82457225314368,11,673.05,330,,27.5,134,10292.14,76,,36,3555.97,*,,71.714942528736,68,213,89,65,308,127,385,24,,,0,16,87,348,1.054239115018
1861430076,Guillen,Rafael,A,M.D.,I,800 Grand Concourse Frnt Office5,,Bronx,NY,36,10451,1,"Metropolitan area core: primary flow within an urbanized area of 50,000 and greater",US,Internal Medicine,Claim-Specialty,14321,32311.5,1996455,957580,806,,12921,29512.033333333,1761350.67,875120,,733,,1852,1575144.29,,12188,413838.1,,281,7472.61,,13522,1897719.03,,799,98735.97,,12543,1853408.23,,1778,143046.77,,,,,,,,,,,152,21765.55,108,,69,5196.08,,17,73.413151364764,73,389,260,84,472,334,25,31,,736,0,,615,191,1.2690003876812
1861456196,Wu,Rex,H,M.D.,I,128 Mott Street,Suite 402,New York,NY,36,10013,1,"Metropolitan area core: primary flow within an urbanized area of 50,000 and greater",US,Internal Medicine,Claim-Specialty,19349,34683.766666667,2713619.07,1017421,746,,18572,33328.233333333,2575114.43,978449,,709,,3147,2205987.96,,15816,496145.56,,386,11485.55,,15504,2247138.64,,3845,466480.43,,17930,2587515.91,,1419,126103.16,25,129.97,146,18,0.12920564370252,0,0,0,0,0,145,1555.38,111,,38,1105.84,*,,75.325737265416,37,341,241,127,414,332,15,16,676,22,0,17,627,119,1.1936857803158
1861456642,Deberny,David,R,M.D.,I,3560 N Buffalo St,,Orchard Park,NY,36,14127,1,"Metropolitan area core: primary flow within an urbanized area of 50,000 and greater",US,Internal Medicine,Claim-Specialty,7754,18385.5,666221.91,536324,709,,7146,17188.433333333,594230.59,501971,,659,,964,489466.23,,6662,171830.29,,128,4925.39,,5702,444591.55,,2052,221630.36,,550,47792.95,,7204,618428.96,209,4496.56,4880,55,2.6953830281145,,,,,,250,7492.22,146,*,,,*,,72.265162200282,50,409,186,64,365,344,678,,,,0,24,44,665,0.95287694507159
1861551145,Fink,Joshua,,MD,I,41 S Bedford Rd,,Mount Kisco,NY,36,10549,1,"Metropolitan area core: primary flow within an urbanized area of 50,000 and greater",US,Internal Medicine,Claim-Specialty,47,69,9480.84,1180,22,"#",,,,,"#",,,31,9122.64,,16,358.2,,0,0,*,,,"#",,,,0,0,,47,9480.84,0,0,0,0,0,0,0,0,0,,,,,*,,,*,,73.909090909091,,,,,,,19,,0,0,0,,0,22,0.87918181818182
1861553349,Quebral,Agnes,V,MD,I,1900 Ridge Rd,Ste 130,West Seneca,NY,36,14224,1,"Metropolitan area core: primary flow within an urbanized area of 50,000 and greater",US,Internal Medicine,Claim-Specialty,15415,34101.733333333,1681758.7,1007223,1096,,14628,32525.3,1632280.58,960890,,1038,,2223,1373978.55,,12956,297347.76,,236,10432.39,,11580,1136545.4,,3835,545213.3,,1853,206180.62,,13562,1475578.08,438,10863.66,12320,103,2.8413882581901,44,3542.37,1557,,10.045662100457,210,1435.97,151,,14,125.98,*,,75.428832116788,58,489,376,173,717,379,1045,,,14,0,30,111,985,1.1723383458203
1861568685,Aponte,Alex,M,MD,I,147 Beach Rd,Suite A,Westhampton Beach,NY,36,11978,1,"Metropolitan area core: primary flow within an urbanized area of 50,000 and greater",US,Family Practice,Claim-Specialty,4024,9043.8666666667,323372.02,263977,407,,3860,8731.8666666667,305094.96,254985,,385,,441,198734.01,,3568,124281.8,,15,356.21,,850,92307.59,,3174,231064.43,,436,35505.14,,3588,287866.88,52,987.29,825,16,1.2922465208748,,,,,,64,1000.46,46,,31,11451.14,,11,73.933660933661,22,201,151,33,241,166,372,,,11,0,11,41,366,0.92267721240778
1861570558,Patel,Chaula,P,MD,I,1560 Grand Concourse,Suite 102,Bronx,NY,36,10457,1,"Metropolitan area core: primary flow within an urbanized area of 50,000 and greater",US,Internal Medicine,Claim-Specialty,11566,21932.7,1892017.22,649116,441,,9830,19078.233333333,1660634.55,565326,,366,,2371,1652189.47,,8634,220090.28,,561,19737.47,,10332,1689166.08,,1234,202851.14,,10112,1611442.31,,1454,280574.91,19,51.96,180,,0.16427459795954,0,0,0,,0,148,1775.71,109,,17,1017.36,*,,71.852607709751,75,206,105,55,263,178,,154,27,232,,15,329,112,1.6201408999151
1861572562,Marcano,Albert,C,NP,I,9317 Roosevelt Ave,2nd Floor,Jackson Heights,NY,36,11372,1,"Metropolitan area core: primary flow within an urbanized area of 50,000 and greater",US,Nurse Practitioner,NPPES-Specialty,4623,9139.1333333333,1038824.93,272197,224,,4357,8636.8666666667,968661.83,257164,,211,,569,507576.9,,3975,529842.94,,79,1405.09,,4376,954918.61,,247,83906.32,,3742,985144.27,,881,53680.66,0,0,0,0,0,0,0,0,0,,,,,*,,,*,,72.321428571429,13,137,58,16,127,97,,,0,216,0,,162,62,0.8817302827381
1861581670,Lantigua,Rafael,A,M.D.,I,622 W 168th St,,New York,NY,36,10032,1,"Metropolitan area core: primary flow within an urbanized area of 50,000 and greater",US,Internal Medicine,Claim-Specialty,10647,21197.066666667,1415987.67,627598,420,,9846,19718.8,1338729.51,584265,,385,,1610,1181021.96,,8518,220355.15,,519,14610.56,,9449,1261880.92,,1198,154106.75,,10508,1403453.17,,139,12534.5,12,173.52,340,,0.1127078050155,0,0,0,,0,22,12919.57,16,,72,3000.09,,13,75.580952380952,35,166,145,74,284,136,,,,399,0,,394,26,1.5784331036225
1861582405,Chava,Prabhakar,,MD,I,101 Jordan Rd,Suite 100,Troy,NY,36,12180,1,"Metropolitan area core: primary flow within an urbanized area of 50,000 and greater",US,Internal Medicine,Claim-Specialty,8575,11404.466666667,695397.63,298000,556,,8497,11286.633333333,687201.36,294831,,533,,1331,484924.57,,7176,207598.03,,68,2875.03,,4292,395900.31,,4283,299497.32,,5364,434140.92,,3211,261256.71,110,3371.55,2862,34,1.2827988338192,,,,,,310,5971.48,145,,159,8940.97,,24,78.755395683453,23,188,180,165,342,214,501,33,,,0,12,180,376,1.5583333793991
1861583940,Eschenberg,Nancy,A,FNP,I,8881 State Route 97,,Callicoon,NY,36,12723,10,"Rural areas: primary flow to a tract outside a urbanized area of 50,000 and greater or UC",US,Nurse Practitioner,Claim-Specialty,1669,3308.2,178503.91,97219,266,,1448,2966.1666666667,147746.67,87196,,233,,301,152963.87,,1355,24604.61,,13,935.43,,696,59540.02,,973,118963.89,,611,85667.99,,1058,92835.92,,,,,,,,,,,12,1027.99,,,12,210.39,*,,72.646616541353,33,122,82,29,158,108,243,,,11,0,,77,189,1.1980581282752
1861585093,Beil,Robert,S,MD,I,Mmg - Chcc,305 East 161st Street,Bronx,NY,36,10451,1,"Metropolitan area core: primary flow within an urbanized area of 50,000 and greater",US,Internal Medicine,Claim-Specialty,4252,6092.4333333333,1748262.58,176827,107,,2982,4678.6,1286144.33,136379,,76,,1111,1616917.68,,2976,124038.4,,165,7306.5,,3509,1342119.69,,743,406142.89,,3966,1561035.51,,286,187227.07,97,3283.31,2159,17,2.2812793979304,12,582.14,337,,12.371134020619,26,994.92,,*,,,*,,68.523364485981,31,39,,,61,46,,51,0,47,0,,86,21,1.7897456358437
1861606014,Almonte,Diogenes,A,MD,I,608 Grand Street,,Brooklyn,NY,36,11211,1,"Metropolitan area core: primary flow within an urbanized area of 50,000 and greater",US,Pediatric Medicine,Claim-Specialty,3827,7171.0666666667,427877.84,209959,274,,3205,6114.1,361624,178712,,235,,687,339533.73,,3013,84723.18,,127,3620.93,,2781,321185.52,,1046,106692.32,,3160,378273.49,,667,49604.35,33,1350.4,832,,0.8622942252417,0,0,0,,0,60,1877.3,45,*,,,*,,72.109489051095,39,133,69,33,159,115,25,,,235,0,,197,77,1.3261003695479
1003199670,Heinrichs,Phillip,A,PHARM D.,I,4999 State Highway 30,,Amsterdam,NY,36,12010,2,"Metropolitan area high commuting: primary flow 30% or more to a urbanized area of 50,000 and greater",US,Pharmacist,NPPES-Taxonomy,21,21,2936.82,21,21,"#",,,,,"#",,,21,2936.82,,0,0,,0,0,*,,,"#",,,,0,0,,21,2936.82,0,0,0,0,0,0,0,0,0,,0,0,0,*,,,*,,73.047619047619,,,,,,,15,,0,,0,,0,21,0.96514285714286
1003393463,Lin,Anita,,PA-C,I,749 61st St Ste 102,,Brooklyn,NY,36,11220,1,"Metropolitan area core: primary flow within an urbanized area of 50,000 and greater",US,Physician Assistant,NPPES-Specialty,2963,4852.9333333333,591238.74,137353,539,,2931,4794.9333333333,584909.18,135716,,527,,641,456503.98,,2289,134067.86,,33,666.9,,2865,565309.1,,98,25929.64,,2908,590366.61,,55,872.13,0,0,0,0,0,0,0,0,0,,83,1179.31,69,*,,,*,,71.717996289425,12,387,115,25,291,248,,,530,,0,,516,23,1.0998896026221
1003569260,Ayad,Sara,,,I,1610 Saint Johns Pl Apt 4j,,Brooklyn,NY,36,11233,1,"Metropolitan area core: primary flow within an urbanized area of 50,000 and greater",US,Pharmacist,NPPES-Taxonomy,31,32,4792.59,90,30,"#",,,,,"#",,,31,4792.59,,0,0,,0,0,,12,2109.76,,19,2682.83,*,,,"#",,,0,0,0,0,0,0,0,0,0,,0,0,0,*,,,*,,71.233333333333,,,,,18,12,29,,,0,0,0,,,1.1178333333333
1003807736,Legendre,Diane,I,"PHD, RPAC",I,130 Center Way,,Corning,NY,36,14830,4,"Micropolitan area core: primary flow within an urban cluster of 10,000 to 49,999",US,Physician Assistant,Claim-Specialty,11527,23348.866666667,1291215.06,675096,833,,9337,19755.633333333,1044701.92,573778,,728,,1619,1007795.32,,9729,274644.53,,179,8775.21,,6522,688140.77,,5005,603074.29,,3852,462572.35,,7675,828642.71,524,17967.54,12151,92,4.5458488765507,26,6583.19,724,,4.9618320610687,359,3616.36,189,,110,6712.82,,26,72.69387755102,105,376,252,100,574,259,800,,,,0,17,181,652,1.1314212047758
1003813676,Cai,Min,,M.D.,I,4105 College Point Blvd,Suite 1c,Flushing,NY,36,11355,1,"Metropolitan area core: primary flow within an urbanized area of 50,000 and greater",US,Internal Medicine,Claim-Specialty,30736,40852.566666667,4136720.18,1186571,967,,30289,40239.766666667,4078475.22,1169149,,943,,5724,3332643.09,,24254,779897.38,,758,24179.71,,28358,3710300.79,,2378,426419.39,,28112,3893989.03,,2624,242731.15,43,247.08,323,18,0.13990109318064,0,0,0,0,0,539,7458.03,361,,82,25533.12,,20,73.532574974147,24,575,274,94,530,437,,,937,,0,18,758,209,0.96414073493902
1003857616,Rubin,David,S,MD,I,13847 Horace Harding Expy,,Flushing,NY,36,11367,1,"Metropolitan area core: primary flow within an urbanized area of 50,000 and greater",US,Infectious Disease,Claim-Specialty,2716,3193.9666666667,2583192.89,92751,87,,1779,2103.7666666667,1811935.17,61278,,63,"#",,,,1628,98219.42,*,,,,1053,729383.59,,1663,1853809.3,,1213,947155.46,,1503,1636037.43,,,,,,,,,,,35,10044.23,14,,22,312.78,*,,67.632183908046,24,47,,,15,72,66,,,,0,,35,52,1.264063580526
1003868399,Zhang,Xueshu,,MD,I,133-47 Sanford Avenue,Suite 1f,Flushing,NY,36,11355,1,"Metropolitan area core: primary flow within an urbanized area of 50,000 and greater",US,Internal Medicine,Claim-Specialty,21641,27589.3,1421506.4,794682,646,,21318,27248.3,1405205.37,784900,,633,,2339,1035045.06,,18883,377116.42,,419,9344.92,,21173,1402344.52,,468,19161.88,,20888,1359146.78,,753,62359.62,,,,,,,,,,,252,2502.31,162,*,,,*,,72.142414860681,13,436,151,46,330,316,,,630,0,0,12,585,61,0.92239792795055
1003880055,Choi,Susan,W,MD,I,1246 State Route 38,,Owego,NY,36,13827,7.1,"Secondary flow 30% to <50% to a urbanized area of 50,000 and greater",US,Internal Medicine,Claim-Specialty,22166,49681.633333333,2131153.22,1433311,1173,,20659,46810.6,1964253.44,1351459,,1118,,2692,1634280.35,,19277,484965.86,,197,11907.01,,12236,1190566.86,,9930,940586.36,,3799,441876.21,,18367,1689277.01,578,7077.13,11753,136,2.6075972209691,,,,,,845,15635.44,439,,88,2556.34,,23,75.546462063086,55,500,409,209,780,393,1109,,,,,36,113,1060,0.94290444219463
1003880113,Cotton,Shawn,,M.D.,I,112 Olean St,Suite 220,East Aurora,NY,36,14052,2,"Metropolitan area high commuting: primary flow 30% or more to a urbanized area of 50,000 and greater",US,Family Practice,Claim-Specialty,10302,21383.733333333,1033018.62,619655,584,,9296,19748.933333333,947498.45,572907,,542,,1175,795090.44,,9015,234297.85,,112,3630.33,,7521,673934.05,,2781,359084.57,,1409,124546.45,,8893,908472.17,378,42032.49,9551,64,3.6691904484566,51,31525.37,1526,,13.492063492063,358,5151.73,188,,68,901.45,,14,73.811643835616,42,283,195,64,314,270,558,,,,0,18,56,528,1.0314290632614
1003917980,Kadet,Alan,B,MD,I,65 Central Park West,Suite 1g,New York,NY,36,10023,1,"Metropolitan area core: primary flow within an urbanized area of 50,000 and greater",US,Internal Medicine,Claim-Specialty,3396,5903.7333333333,211569.04,164000,244,,3281,5766.9333333333,209521.56,160284,"#",,,404,130740.98,,2959,79971.38,,33,856.68,,690,41474.35,,2706,170094.69,,98,2832.05,,3298,208736.99,115,3263.45,2550,25,3.3863368669022,0,0,0,0,0,199,7201.42,88,*,,,*,,75.004098360656,,,,,138,106,213,,,,0,17,,,0.72633743169399
1003953852,Perez,Stephen,B,M.D.,I,225a E 149th St,,Bronx,NY,36,10451,1,"Metropolitan area core: primary flow within an urbanized area of 50,000 and greater",US,Internal Medicine,Claim-Specialty,9274,21797.433333333,931672.38,645306,447,,8132,19438.4,816559.46,575848,,387,,897,650460.95,,7968,268932.08,,409,12279.35,,9203,930699.91,,71,972.47,,8802,912451.85,,472,19220.53,0,0,0,0,0,0,0,0,0,,48,339.96,37,,12,393.95,*,,71.653243847875,60,222,141,24,222,225,,43,,382,,,370,77,1.041802928615
1003970948,Ozuna Mendez,Janny,A,M.D.,I,1259 Saint Nicholas Ave,,New York,NY,36,10032,1,"Metropolitan area core: primary flow within an urbanized area of 50,000 and greater",US,Internal Medicine,Claim-Specialty,9638,22056.333333333,1951721.67,653729,517,,8373,19662.266666667,1715680.74,583292,,459,,1518,1566321.24,,7649,372981.83,,471,12418.6,,9173,1830714.84,,465,121006.83,,9106,1917694.56,,532,34027.11,65,286.74,984,22,0.67441377879228,0,0,0,0,0,160,2193.09,119,,80,2880.39,,26,71.94003868472,58,282,132,45,340,177,,,0,501,0,,464,53,1.1672876857539
1003986290,Gorski,Victoria,A,MD,I,Mmg - Family Health Center,360 East 193rd Street,Bronx,NY,36,10458,1,"Metropolitan area core: primary flow within an urbanized area of 50,000 and greater",US,Family Practice,Claim-Specialty,2320,4246.2666666667,343129.86,123461,100,,1772,3461.0666666667,278728.06,100823,,78,,406,213339.51,,1864,127315.73,,50,2474.62,,2079,328740.03,,241,14389.83,,2073,322554.06,,247,20575.8,59,816.7,1118,11,2.5431034482759,0,0,0,0,0,,,,,16,54.01,*,,70.52,22,43,,,85,15,,27,,54,,,73,27,1.3292892984442
1003992074,Ceka,Bari,F,M.D.,I,7098 Amboy Road,,Staten Island,NY,36,10307,1,"Metropolitan area core: primary flow within an urbanized area of 50,000 and greater",US,Internal Medicine,Claim-Specialty,2464,6298.1333333333,169455.53,185305,613,,2336,6034.1,165950.75,177659,,563,"#",,,,2253,38648.34,*,,,,1657,86501.42,,807,82954.11,,846,86934.19,,1618,82521.34,0,0,0,0,0,0,0,0,0,,50,444.75,47,,13,101.43,*,,73.305057096248,50,296,230,37,332,281,526,,,17,0,57,160,453,0.89460116748793
1013010107,Zaso,John,R,DO,I,611 Merrick Ave,,East Meadow,NY,36,11554,1,"Metropolitan area core: primary flow within an urbanized area of 50,000 and greater",US,Pediatric Medicine,NPPES-Specialty,48,72,11275.03,1260,24,"#",,,,,"#",,,34,10887.27,,14,387.76,,0,0,,0,0,,48,11275.03,*,,,"#",,,0,0,0,0,0,0,0,0,0,,,,,*,,,*,,69.875,,,,,,,21,,0,0,0,,,,1.4670989699259
1013025253,Olender,Susan,A,M.D.,I,622 W 168th St,,New York,NY,36,10032,1,"Metropolitan area core: primary flow within an urbanized area of 50,000 and greater",US,Internal Medicine,Claim-Specialty,5001,5275.9666666667,3533290.72,150316,95,,3446,3620.1,2148614.15,103167,,58,,1559,3417152.92,,3257,113138.74,,185,2999.06,,3925,2698179.78,,1076,835110.94,,4902,3434196.48,,99,99094.24,37,2540.73,1063,,0.73985202959408,,,,,,20,512.32,11,,35,476.03,*,,65.073684210526,37,43,,,40,55,,18,0,69,0,,,,1.7710324561404
1013026665,Yoon,Julie,E,MD,I,300 White Spruce Blvd,Suite 100,Rochester,NY,36,14623,1,"Metropolitan area core: primary flow within an urbanized area of 50,000 and greater",US,Internal Medicine,Claim-Specialty,4033,9495.6,316648.77,275422,346,,3860,9134.6,309473.63,264867,,326,,438,211906.12,,3567,103808.39,,28,934.26,,3454,242545.11,,579,74103.66,,638,70880.37,,3395,245768.4,135,7763.11,3783,26,3.347384081329,24,2101.21,720,,17.777777777778,147,3014.91,91,,33,726.65,*,,74.306358381503,20,175,102,49,254,92,289,24,13,,,18,31,315,1.0095506115321
1013079011,Khanderia,Vikrant,,MD,I,154 W 71st St,,New York,NY,36,10023,1,"Metropolitan area core: primary flow within an urbanized area of 50,000 and greater",US,Family Practice,Claim-Specialty,4396,10020.5,282041.59,295377,466,,4088,9422.9,270826.99,277947,,440,,476,195240.95,,3872,84391.2,,48,2409.44,,3163,200112.5,,1233,81929.09,,1249,101753.8,,3147,180287.79,63,1120.89,1441,12,1.4331210191083,0,0,0,0,0,30,204.12,21,*,,,*,,75.450643776824,26,203,164,73,265,201,132,204,16,87,0,27,111,355,1.1956331528267
1013082254,Grabowski,Dariusz,,M.D.,I,934 Manhattan Ave,,Brooklyn,NY,36,11222,1,"Metropolitan area core: primary flow within an urbanized area of 50,000 and greater",US,Internal Medicine,Claim-Specialty,14824,24555.2,2112889.38,714741,526,,13682,23018.633333333,1917120.49,670600,,486,,2918,1851888.99,,11838,258375.57,,68,2624.82,,10102,1372155.31,,4722,740734.07,,10945,1588480.45,,3879,524408.93,,,,,,,,,,,331,10391.76,160,,71,2511.84,,20,72.840304182509,40,294,148,44,265,261,420,,,46,0,50,318,208,1.3642417186994
1013123579,O'Brien,John,P,MD.,I,132 1/2 Albany Street,,Cazenoviz,NY,36,13035,2,"Metropolitan area high commuting: primary flow 30% or more to a urbanized area of 50,000 and greater",US,Family Practice,Claim-Specialty,2913,6344.7666666667,282138.89,183016,459,,2560,5671.9666666667,227949.11,164136,,407,,356,219604.72,,2506,59997.19,,51,2536.98,,1875,133320.88,,1038,148818.01,,648,126179.57,,2265,155959.32,82,2535.16,1761,28,2.8149673875729,,,,,,114,40970.83,72,*,,,*,,73.028322440087,52,204,150,53,248,211,424,,,,0,23,82,377,0.93978598301946
1013160589,Bleier,Ava,,,I,341 Commack Rd,,Commack,NY,36,11725,1,"Metropolitan area core: primary flow within an urbanized area of 50,000 and greater",US,Pharmacist,NPPES-Taxonomy,11,11,2016.23,11,,,11,11,2016.23,11,*,,,11,2016.23,,0,0,,0,0,,0,0,,11,2016.23,,0,0,,11,2016.23,0,0,0,,0,0,0,0,,,0,0,,,0,0,*,,72.5,,,,,,,,,,,,,,,0.5441
1013295047,Seepana,Vijaya,,MD,I,4101 Medical Center Dr,,Fayetteville,NY,36,13066,1,"Metropolitan area core: primary flow within an urbanized area of 50,000 and greater",US,Family Practice,Claim-Specialty,3649,8255.0666666667,300982.97,239458,452,,3167,7385.4,278458.17,214333,,401,,422,232734.89,,3176,66733.2,,51,1514.88,,2131,165821.68,,1518,135161.29,,919,80154.61,,2730,220828.36,,,,,,,,,,,147,2111.95,113,,12,517.93,*,,72.58185840708,51,236,119,46,320,132,376,43,,,0,21,80,372,1.0846310388175
1013461565,Kubik,Jason,,PHARMD,I,3d Fulham Rd,,Clifton Park,NY,36,12065,1,"Metropolitan area core: primary flow within an urbanized area of 50,000 and greater",US,Pharmacist,NPPES-Taxonomy,146,151,24761.6,441,105,"#",,,,,"#",,,145,24661.4,*,,,"#",,,,49,8546.52,,97,16215.08,*,,,"#",,,0,0,0,0,0,0,0,0,0,,0,0,0,*,,,*,,72.066666666667,,,,,61,44,98,,0,,0,,,,0.73017777777778
1013948314,Xu,Min,,MD,I,227 Madison St,,New York,NY,36,10002,1,"Metropolitan area core: primary flow within an urbanized area of 50,000 and greater",US,Internal Medicine,Claim-Specialty,6247,11274.833333333,839275.94,330595,319,"#",,,,,"#",,,921,722951.26,,5120,114080.47,,206,2244.21,,5961,792997.33,,286,46278.61,,6046,809237.2,,201,30038.74,0,0,0,0,0,0,0,0,0,,64,1110.68,47,*,,,*,,71.92789968652,,,,,155,164,,0,305,,0,,295,24,0.96912068245925
1013955475,Patel-Pannullo,Julie,,MD,I,180-05 Hillside Ave,,Jamaica,NY,36,11432,1,"Metropolitan area core: primary flow within an urbanized area of 50,000 and greater",US,Internal Medicine,Claim-Specialty,3459,9371.7666666667,472502.81,279413,372,,3226,8752.7666666667,410512.82,261060,,344,,475,405546.65,,2925,63041.33,,59,3914.83,,2515,335028.91,,944,137473.9,,1579,266287.64,,1880,206215.17,0,0,0,0,0,0,0,0,0,,13,94.2,13,,0,0,,0,75.241935483871,28,151,132,61,263,109,,206,47,61,,27,129,243,1.4787309483457
1023003761,Zervos,Michael,D,M.D.,I,530 1st Ave,Suite 9v,New York,NY,36,10016,1,"Metropolitan area core: primary flow within an urbanized area of 50,000 and greater",US,General Surgery,Claim-Specialty,36,36,6380.5,36,25,"#",,,,,"#",,,35,6380.38,*,,,"#",,,*,,,"#",,,*,,,"#",,,0,0,0,0,0,0,0,0,0,,0,0,0,*,,,*,,73.8,,,,,,,21,,0,0,0,,,,0.88184
1023012853,Rykert-Wolf,Mary,A,MD,I,155 Lawn Ave,,Buffalo,NY,36,14207,1,"Metropolitan area core: primary flow within an urbanized area of 50,000 and greater",US,Family Practice,NPPES-Specialty,2830,4426.9333333333,311702.08,127803,203,,1494,2509.9333333333,172058.35,72789,,109,,426,252278.18,,2312,54614.71,,92,4809.19,,2421,285916.53,,409,25785.55,,2279,258243.23,,551,53458.85,62,1701.13,1439,17,2.1908127208481,0,0,0,0,0,26,322.28,20,,15,18248.95,*,,63.950738916256,94,75,,,132,71,134,18,,36,,,136,67,1.4856012906206
1023028354,Fariwa,Victor,,MD,I,2153 E 3rd St,,Brooklyn,NY,36,11223,1,"Metropolitan area core: primary flow within an urbanized area of 50,000 and greater",US,Internal Medicine,Claim-Specialty,29885,37958.9,3304313.56,986806,1635,,26835,34413,2926144.72,893310,,1548,,4815,2475347.79,,24866,818221.25,,204,10744.52,,10391,1060713.05,,19494,2243600.51,,20455,2563289.92,,9430,741023.63999999,453,2204.58,7171,210,1.5158106073281,13,837.6,375,,2.8697571743929,3680,108777.65,1285,,73,2350.74,,17,74.837308868502,87,752,554,242,859,776,1372,,70,66,,114,678,957,1.1077005782282
1023034295,Japi,Bhavana,R,M.D.,I,3440 Fulton St,,Brooklyn,NY,36,11208,1,"Metropolitan area core: primary flow within an urbanized area of 50,000 and greater",US,Internal Medicine,Claim-Specialty,3447,7855,505373.12,231586,206,,3108,7203.0666666667,460865.02,212577,,185,,616,425053.93,,2599,72466.36,,232,7852.83,,3166,459613.78,,281,45759.34,,3100,487422.57,,347,17950.55,,,,,,,,,,,23,267.33,18,,0,0,,0,71.014563106796,21,130,,,107,99,,18,40,120,,19,165,41,1.0309902046138
1023059334,Mccauley,Maura,C,MD,I,4435 Seneca Rd,,Trumansburg,NY,36,14886,2,"Metropolitan area high commuting: primary flow 30% or more to a urbanized area of 50,000 and greater",US,Family Practice,Claim-Specialty,3315,6157.3666666667,204956.51,178127,330,,2924,5608.2,167679.6,163435,,308,,286,140143.07,,3004,63493.67,,25,1319.77,,1664,82809.15,,1651,122147.36,,931,67737.54,,2384,137218.97,70,9065.24,1575,20,2.1116138763198,,,,,,50,407.01,40,*,,,*,,73.793939393939,22,160,108,40,215,115,307,,,,0,18,56,274,0.89088633448898
1023101243,Lee,Jeffrey,J,MD,I,Mmg - Bronx East,2300 Westchester Avenue,Bronx,NY,36,10462,1,"Metropolitan area core: primary flow within an urbanized area of 50,000 and greater",US,Internal Medicine,Claim-Specialty,11033,25861.766666667,1655694.68,767999,851,,9682,23242.966666667,1371213.23,690392,,757,,1838,1403215.95,,8924,241229.5,,271,11249.23,,8094,1251565.81,,2939,404128.87,,4231,824122.7,,6802,831571.98,32,653.96,1181,,0.29003897398713,,,,,,72,3632.54,54,*,,,*,,73.957696827262,94,348,308,101,498,353,110,374,52,282,,,249,602,1.2846122746624
1023113610,Chen,Haifan,,"M.D., D.O.",I,3808 Union St Ste 3l,,Flushing,NY,36,11354,1,"Metropolitan area core: primary flow within an urbanized area of 50,000 and greater",US,Family Practice,Claim-Specialty,9307,14114,1575257.28,409025,600,,9081,13778,1546620.17,399520,,577,,1896,1387921.32,,7286,183912.76,,125,3423.2,,8192,1439763.78,,1115,135493.5,,8412,1482334.26,,895,92923.02,26,412.73,342,17,0.27935962179005,0,0,0,0,0,142,1952.04,94,,72,3293.27,,18,73.94,23,340,156,81,340,260,,,566,12,0,13,491,109,1.2185336690617
1023186061,Smith,Brian,K,MD,I,8324 Oswego Rd,Ste D,Liverpool,NY,36,13090,1,"Metropolitan area core: primary flow within an urbanized area of 50,000 and greater",US,Family Practice,Claim-Specialty,9598,21662.1,1255874.56,626571,847,,8902,20262.733333333,1209975.06,586690,,795,,1159,1037271.45,,8270,213519.17,,169,5083.94,,6632,779162.47,,2966,476712.09,,1162,129694.17,,8436,1126180.39,307,10489.84,8605,60,3.1985830381329,23,2577.42,930,,7.4918566775244,427,22782.24,286,,15,223.91,*,,73.451003541913,52,431,277,87,471,376,798,,,,0,28,66,781,1.0347265166715
1023216041,Keefe,Kathleen,M,FNP-C,I,602 Ivy St,2nd Floor,Elmira,NY,36,14905,1,"Metropolitan area core: primary flow within an urbanized area of 50,000 and greater",US,Nurse Practitioner,Claim-Specialty,3697,3712.2333333333,171037.63,80870,163,,3505,3520.2333333333,164789.03,78524,"#",,,400,117000.34,,3253,53666.4,,44,370.89,,1011,31019.52,,2686,140018.11,,3479,162192.43,,218,8845.2,87,1520.75,1962,34,2.3532593995131,,,,,,121,1142.19,51,,105,1356.47,*,,85.165644171779,,,,,115,48,149,,,,0,,134,29,1.8247518654087
1023282886,Fluman,Roberta,A,,I,141 Washington Ave,,Albany,NY,36,12205,1,"Metropolitan area core: primary flow within an urbanized area of 50,000 and greater",US,Pharmacist,NPPES-Taxonomy,29,29,4432.65,30,27,"#",,,,,"#",,,28,4318.25,*,,,"#",,,,18,2721.71,,11,1710.94,*,,,"#",,,0,0,0,0,0,0,0,0,0,,0,0,0,*,,,*,,70.592592592593,,,,,,,27,0,0,0,0,0,,,1.2273238408237
1023331485,Nealis,William,S,RPH,I,4295 Katonah Ave,,Bronx,NY,36,10470,1,"Metropolitan area core: primary flow within an urbanized area of 50,000 and greater",US,Pharmacist,NPPES-Taxonomy,30,30,5416.5,88,23,,30,30,5416.5,88,,23,,30,5416.5,,0,0,,0,0,*,,,"#",,,*,,,"#",,,0,0,0,0,0,0,0,0,0,,0,0,0,,0,0,,0,75,0,,11,,,,21,0,0,,0,,,,0.76788043478261
1023348364,Cai,Renee,R,M.D.,I,227 Madison St,,New York,NY,36,10002,1,"Metropolitan area core: primary flow within an urbanized area of 50,000 and greater",US,Family Practice,Claim-Specialty,5714,9488.5666666667,971049.15,274981,174,,5596,9263.9,938421.41,268416,"#",,,1256,808917.54,,4365,161002.29,,93,1129.32,,5172,848346.56,,542,122702.59,,5422,938298.3,,292,32750.85,12,330.01,292,,0.21001050052503,0,0,0,,0,128,1618.79,61,*,,,*,,72.126436781609,,,,,88,86,,0,170,,0,,150,24,0.99809147509578
1023373602,Prevost,Sandra,J,FNP,I,1729 Burrstone Rd,,New Hartford,NY,36,13413,1,"Metropolitan area core: primary flow within an urbanized area of 50,000 and greater",US,Nurse Practitioner,NPPES-Specialty,132,133,24761.72,452,129,"#",,,,,"#",,,132,24761.72,,0,0,,0,0,,92,17494.91,,40,7266.81,,19,3634.44,,113,21127.28,0,0,0,0,0,0,0,0,0,,0,0,0,*,,,*,,72.728682170543,,,,,69,60,122,0,,,0,,15,114,0.86140520414209
1023387354,Virani,Zahra,,M.D.,I,731 White Plains Rd,,Bronx,NY,36,10473,1,"Metropolitan area core: primary flow within an urbanized area of 50,000 and greater",US,Family Practice,Claim-Specialty,1182,2136.3666666667,163208,61397,152,,843,1543.0333333333,123237.94,44387,,115,,204,146581.83,,931,15474.08,,47,1152.09,,1107,147943.01,,75,15264.99,,959,143134.8,,223,20073.2,,,,,,,,,,,38,436.38,32,,0,0,,0,68.638157894737,37,65,37,13,104,48,27,52,,57,,,87,65,1.6253543923164
1023413747,Chen,Zu,Y,D.O,I,13739 45th Ave,,Flushing,NY,36,11355,1,"Metropolitan area core: primary flow within an urbanized area of 50,000 and greater",US,Family Practice,Claim-Specialty,8053,10445.366666667,1320917.96,303096,472,,7858,10204.166666667,1292479.3,296263,,449,,1787,1144668.78,,6168,173978.86,,98,2270.32,,7570,1260293.34,,483,60624.62,,7387,1251625.62,,666,69292.34,,,,,,,,,,,104,10608.72,79,,26,467.68,*,,72.572033898305,23,300,100,49,256,216,,,443,11,0,,405,67,1.1188207431979
1023516622,De La Cruz Fernandez,Jose,E,NP,I,2270 University Ave,Suite 1a,Bronx,NY,36,10468,1,"Metropolitan area core: primary flow within an urbanized area of 50,000 and greater",US,Nurse Practitioner,NPPES-Specialty,8596,18144.266666667,999472.11,537806,731,,7817,16694.3,902996.28,494986,,673,,1340,838394.78,,6974,156318.28,,282,4759.05,,8467,995679.86,,129,3792.25,,8161,979287.19,,435,20184.92,0,0,0,0,0,0,0,0,0,,58,20814.83,51,,21,405.92,,11,74.231190150479,58,348,226,99,417,314,,,0,713,0,,652,79,1.1683454678143
1033116124,Jewett,Susan,E,PA,I,30 Broad St Fl 45,,New York,NY,36,10004,1,"Metropolitan area core: primary flow within an urbanized area of 50,000 and greater",US,Physician Assistant,Claim-Specialty,2887,5470.7,255087.17,159074,217,,2308,4606.8666666667,211701.02,134171,,174,,421,201606.13,,2442,52902.62,,24,578.42,,2122,196357.22,,765,58729.95,,1456,162805.29,,1431,92281.88,59,880.8,1368,15,2.0436439210253,0,0,0,0,0,46,568.72,29,,16,152.33,*,,69.511520737327,43,110,50,14,145,72,206,,,,0,,91,126,1.0634412442396
1033119136,Zhang,Michael,Y,MD,I,4417 Vestal Pkwy E,,Vestal,NY,36,13850,1,"Metropolitan area core: primary flow within an urbanized area of 50,000 and greater",US,Internal Medicine,Claim-Specialty,5308,11729.566666667,450034.59,339676,642,,4487,10237.433333333,387127.35,297056,,570,,538,349927.34,,4709,97951.84,,61,2155.41,,3111,241864.85,,2197,208169.74,,1689,148172.15,,3619,301862.44,82,1181.14,1735,29,1.5448379804069,,,,,,198,3505.54,118,,23,714.19,*,,73.610591900312,72,279,202,89,342,300,562,16,28,13,0,23,145,497,1.1127957095821
1033131388,Pohlman,Amy,R,P. A.,I,3670 S Benzing Rd,,Orchard Park,NY,36,14127,1,"Metropolitan area core: primary flow within an urbanized area of 50,000 and greater",US,Physician Assistant,Claim-Specialty,5735,12710.633333333,438107.4,372763,556,,4960,11343.966666667,402977.3,332948,,493,,657,329096.82,,5040,107869.2,,38,1141.38,,4308,295135.1,,1427,142972.3,,1030,70682.72,,4705,367424.68,229,8420.75,5646,48,3.9930252833479,29,3883.07,870,,12.663755458515,118,795.43,84,*,,,*,,71.825539568345,63,284,158,51,409,147,526,,,,0,12,79,477,0.96418945970606
1033147426,Pimentel,Ramon,R,M.D.,I,3744 75th St,,Jackson Heights,NY,36,11372,1,"Metropolitan area core: primary flow within an urbanized area of 50,000 and greater",US,Internal Medicine,Claim-Specialty,11499,26708.866666667,2160941.23,791976,707,,10449,24548.833333333,1971453.88,728668,,643,,2028,1876215.83,,9147,268769.27,,324,15956.13,,10416,1977451.27,,1083,183489.96,,9763,1994228.36,,1736,166712.87,,,,,,,,,,,36,508.17,36,,54,1523.03,,22,73.326732673267,64,355,211,77,402,305,27,,,657,0,,531,176,1.4236920879596
1033165345,Lau,On,H,M.D.,I,139 Centre Street,"#604",New York,NY,36,10013,1,"Metropolitan area core: primary flow within an urbanized area of 50,000 and greater",US,Internal Medicine,Claim-Specialty,15372,31092.666666667,2200609.83,912374,530,,15283,30924.166666667,2193246.03,907495,"#",,,2610,1755006.96,,12483,437951.35,,279,7651.52,,13524,1970286.04,,1848,230323.79,,13372,2011693.8,,2000,188916.03,15,189.81,329,,0.097580015612802,0,0,0,,0,270,3823.62,143,,214,5962.51,*,,74.794339622642,,,,,291,239,0,0,513,,0,,396,134,1.3789309150096
1033172143,Huang,Huajun,,M.D.,I,13338 41st Rd Ste C02,,Flushing,NY,36,11355,1,"Metropolitan area core: primary flow within an urbanized area of 50,000 and greater",US,Internal Medicine,Claim-Specialty,11013,19401.166666667,1506005.67,574376,473,,10690,18835.833333333,1402068.94,557693,,454,,1795,1313923.56,,8796,174882.54,,422,17199.57,,10170,1435810.85,,843,70194.82,,9910,1371429.72,,1103,134575.95,,,,,,,,,,,65,631.2,49,,0,0,,0,73.31289640592,19,269,147,38,237,236,22,13,324,96,0,18,377,96,1.0931314369259
1033174958,Pawlowski,David,A,MD,I,1150 Youngs Rd,Suite 104,Williamsville,NY,36,14221,1,"Metropolitan area core: primary flow within an urbanized area of 50,000 and greater",US,Family Practice,Claim-Specialty,14535,22146,1205931.47,597096,1103,,13593,20726.633333333,1095014.62,557455,,990,,2737,926639.45,,11724,266718.63,,74,12573.39,,10563,775456.75,,3972,430474.72,,8374,625349.54,,6161,580581.93,293,6846.62,7386,81,2.015823873409,,,,,,145,4841.86,97,,268,19049.03,,43,75.204895738894,113,427,344,219,625,478,1030,27,,17,,24,342,761,1.5823053333916
1033201959,Schierer,Calvin,L,DO,I,5596 Route 19a,,Castile,NY,36,14427,10,"Rural areas: primary flow to a tract outside a urbanized area of 50,000 and greater or UC",US,Family Practice,Claim-Specialty,2880,6932.4333333333,226305.96,204491,279,,2605,6511.2333333333,207494.28,192369,,257,,317,167013.31,,2526,57553.98,,37,1738.67,,2021,169241.64,,859,57064.32,,645,65246.16,,2235,161059.8,56,1970.88,1486,15,1.9444444444444,0,0,0,0,0,34,589.79,25,,0,0,,0,75.136200716846,22,112,101,44,133,146,266,0,,,0,,36,243,1.1190747361688
1033214317,Qureshi,Pervaiz,I,MD,I,1921 Fulton St,,Brooklyn,NY,36,11233,1,"Metropolitan area core: primary flow within an urbanized area of 50,000 and greater",US,Internal Medicine,Claim-Specialty,1293,2567.5,226544.2,74543,102,,1095,2149.5,177324.41,62533,,85,,235,205022.69,,1011,20085.32,,47,1436.19,,1232,223852.33,,61,2691.87,,1070,201109.81,,223,25434.39,,,,,,,,,,,39,300.32,27,*,,,*,,70.862745098039,17,51,,,53,49,,62,13,14,0,,73,29,1.1775692604052
1033222831,Liang,Weining,W,MD,I,133 02 41st Ave,,Flushing,NY,36,11355,1,"Metropolitan area core: primary flow within an urbanized area of 50,000 and greater",US,Internal Medicine,Claim-Specialty,26536,31340.1,5543677.82,902281,558,,25534,30041.1,5320876.19,864490,,522,,6325,4436249.02,,19686,1095212.73,,525,12216.07,,21638,4574906,,4898,968771.82,,24719,5395715.04,,1817,147962.78,52,1173.16,1499,,0.19596020500452,0,0,0,,0,534,6895.85,261,,39,2931.55,*,,72.048387096774,36,346,125,51,249,309,52,25,438,31,0,12,434,124,0.97033980716633
1033224738,Kaplan,Philip,,MD,I,115 Fairgrounds Drive,,Manlius,NY,36,13104,1,"Metropolitan area core: primary flow within an urbanized area of 50,000 and greater",US,Family Practice,Claim-Specialty,2328,4792.0333333333,169833.21,134589,498,,2252,4644.1666666667,155544.89,130630,,481,,378,135242.44,,1915,33008.21,,35,1582.56,,1603,137645.34,,725,32187.87,,283,39908.98,,2045,129924.23,19,149.57,440,11,0.81615120274914,0,0,0,0,0,84,676.4,50,,27,250.35,*,,75.194779116466,17,229,187,65,276,222,476,,,,0,14,46,452,0.94865908043337
1033349923,Rozmus,Zuzanna,M,MD,I,1185 Sweet Home Rd,,Amherst,NY,36,14226,1,"Metropolitan area core: primary flow within an urbanized area of 50,000 and greater",US,Family Practice,Claim-Specialty,5736,13870.4,420886.68,407945,510,,5418,13210.333333333,408191.15,388985,,475,,651,313099.86,,5016,103439.14,,69,4347.68,,4165,290021.9,,1571,130864.78,,867,66476.16,,4869,354410.52,47,617.92,1189,16,0.81938633193863,0,0,0,0,0,102,554.64,74,*,,,*,,76.33137254902,35,186,182,107,336,174,490,,,,0,,69,441,1.0832876829814
1033375837,Payette,Anne,C,"RN, FNP",I,115 Saratoga Road Suite 200,,Glenville,NY,36,12302,1,"Metropolitan area core: primary flow within an urbanized area of 50,000 and greater",US,Nurse Practitioner,Claim-Specialty,10672,16617.433333333,1644411.01,478813,360,,5120,8525.5,751815.18,247746,,182,,2145,1263562.93,,8449,377305.43,,78,3542.65,,236,16271.28,,10436,1628139.73,,10423,1618827.05,,249,25583.96,25,415.97,406,11,0.23425787106447,0,0,0,0,0,187,80900.56,73,,56,10292.03,,11,61.588888888889,178,101,58,23,179,181,317,23,,14,0,,305,55,1.4552259259259
1033378161,Mariwalla,Nitin,R,"MD, MPH, MS",I,1175 Montauk Hwy,Ste 3,West Islip,NY,36,11795,1,"Metropolitan area core: primary flow within an urbanized area of 50,000 and greater",US,Neurosurgery,Claim-Specialty,120,129,6375.02,1518,67,,95,104,6167.48,1248,"#",,,32,5381.59,,88,993.43,,0,0,,24,2244.44,,96,4130.58,,37,883.28,,83,5491.74,23,108.59,138,15,19.166666666667,0,0,0,0,0,,,,,0,0,*,,71.626865671642,,,,,38,29,52,,,,0,,15,52,1.1338171641791
1033391776,Greco,Erin,,,I,330 Pine Tree Rd,,Ithaca,NY,36,14850,1,"Metropolitan area core: primary flow within an urbanized area of 50,000 and greater",US,Pharmacist,NPPES-Taxonomy,21,23,3391.33,110,20,"#",,,,,"#",,,20,3380.48,*,,,"#",,,*,,,"#",,,*,,,"#",,,0,0,0,0,0,0,0,0,0,,0,0,0,*,,,*,,71.15,,,,,,,14,,0,,0,,,,0.5591
1033395900,Madzelan,Carina,C,,I,226 West Bridge St,,Catskill,NY,36,12414,7,"Small town core: primary flow within an urban cluster of 2,500 to 9,999",US,Pharmacist,NPPES-Taxonomy,46,46,8378.45,46,37,"#",,,,,"#",,,46,8378.45,,0,0,,0,0,"#",,,*,,,*,,,"#",,,0,0,0,0,0,0,0,0,0,,0,0,0,*,,,*,,73.324324324324,,,,,22,15,31,,0,0,0,,,,0.80935135135135
1033423447,Saks,Benjamin,J,D.O.,I,220 Steuben St,,Montour Falls,NY,36,14865,10,"Rural areas: primary flow to a tract outside a urbanized area of 50,000 and greater or UC",US,Internal Medicine,Claim-Specialty,19352,35029.533333333,2446214.78,1011336,966,,16753,30875.833333333,2113259.18,890657,,821,,3040,2070436.46,,16114,358946.75,,198,16831.57,,10278,1346565.05,,9074,1099649.73,,9076,1163348.92,,10276,1282865.86,701,22131.26,17590,153,3.6223646134766,94,11720.51,2731,19,13.409415121255,384,10319.73,194,,281,47300.61,,34,72.786749482402,145,402,293,126,487,479,927,,,,,28,299,667,1.1087327321173
1033441332,Abramov,Mayram,,PHD,I,773 Lexington Ave,,New York,NY,36,10065,1,"Metropolitan area core: primary flow within an urbanized area of 50,000 and greater",US,Pharmacist,NPPES-Taxonomy,13,13,2304.26,13,12,*,,,,,*,,,13,2304.26,,0,0,,0,0,"#",,,*,,,*,,,*,,,0,0,0,0,0,0,0,0,0,,0,0,0,*,,,*,,65.083333333333,,,,,,,,,0,,0,0,,,1.2729166666667
1033670567,Demigillo,Ma Pamela,G,MD,I,16 Guion Pl,,New Rochelle,NY,36,10801,1,"Metropolitan area core: primary flow within an urbanized area of 50,000 and greater",US,Internal Medicine,Claim-Specialty,577,1272.1,26910.86,36120,186,,529,1201.6,24037.03,34235,,173,,75,14841.16,,491,10810.97,,11,1258.73,,548,21581.34,,29,5329.52,,152,10615.16,,425,16295.7,22,375.3,418,14,3.8128249566724,0,0,0,0,0,21,271.89,19,*,,,*,,73.091397849462,13,101,54,18,122,64,102,21,11,48,,,38,148,1.1817038296212
1043209885,Zang,Douglas,M,MD,I,302 W Seneca St,,Ithaca,NY,36,14850,1,"Metropolitan area core: primary flow within an urbanized area of 50,000 and greater",US,Family Practice,Claim-Specialty,1360,1968.6333333333,163760.3,55162,97,,669,1048.2333333333,71831.11,29378,,64,,372,147307.14,,934,13277.93,,54,3175.23,,743,94984.97,,617,68775.33,,940,104388.94,,420,59371.36,,,,,,,,,,,,,,,0,0,,0,67.309278350515,33,36,,,64,33,,0,0,15,77,,70,27,1.5816847595685
1043222755,Digiovanna,Michael,J,D.O.,I,1061 N Broadway,,North Massapequa,NY,36,11758,1,"Metropolitan area core: primary flow within an urbanized area of 50,000 and greater",US,Internal Medicine,Claim-Specialty,4382,10089.866666667,1023977.26,295283,447,,3541,8262.7666666667,838418.34,242505,,380,,885,900624.26,,3426,118865.24,,71,4487.76,,1756,426573.2,,2626,597404.06,,1247,403414.69,,3135,620562.57,71,1180.24,1258,16,1.6202647193063,0,0,0,0,0,82,5088.1,63,,33,19612.1,*,,71.957494407159,67,212,117,51,245,202,378,21,,20,,17,94,353,1.1821397940081
1043234271,Sun,Mina,,MD,I,115 Saratoga Rd Ste 200,,Glenville,NY,36,12302,1,"Metropolitan area core: primary flow within an urbanized area of 50,000 and greater",US,Family Practice,Claim-Specialty,4276,9672.8333333333,453833.13,284082,329,,3952,9099.6333333333,415730,267211,,310,,591,342161.67,,3644,109385.22,,41,2286.24,,2618,253688.05,,1658,200145.08,,500,72142.58,,3776,381690.55,175,10037.21,5227,36,4.0926099158092,31,6255.71,903,,17.714285714286,103,1474.17,76,,48,1922.59,,16,76.820668693009,19,125,120,65,213,116,284,,17,,0,18,27,302,1.0212787389406
1043239528,Fang,Chixin,,M.D.,I,"730 58th St # 1a",,Brooklyn,NY,36,11220,1,"Metropolitan area core: primary flow within an urbanized area of 50,000 and greater",US,Internal Medicine,Claim-Specialty,2353,3167.7666666667,340050.67,91545,219,,2309,3112.9,328614.09,89968,"#",,,479,276902.73,,1820,61954.24,,54,1193.7,,2083,293470.66,,270,46580.01,,2322,334665.88,,31,5384.79,,,,,,,,,,,28,328.93,23,,0,0,*,,71.429223744292,,,,,119,100,,,210,,0,,,,1.0102526636225
1043295413,Chowdhury,Ataul,H,M.D.,I,"1888 Westchester Ave # B",,Bronx,NY,36,10472,1,"Metropolitan area core: primary flow within an urbanized area of 50,000 and greater",US,Internal Medicine,Claim-Specialty,2176,3008.8666666667,163120.26,87364,122,,1836,2627.3666666667,136976.06,76352,,105,,304,116652.97,,1811,44355.25,,61,2112.04,,1649,123781.45,,527,39338.81,,2087,153872.18,,89,9248.08,27,225.78,614,,1.2408088235294,0,0,0,,0,50,735.86,28,,0,0,,0,69.77868852459,17,74,,,59,63,,,48,45,,14,105,17,1.1873761646521
1043301575,Bennett,Aida,V,MD,I,355 Bard Ave,Medicine,Staten Island,NY,36,10310,1,"Metropolitan area core: primary flow within an urbanized area of 50,000 and greater",US,Internal Medicine,NPPES-Specialty,832,832,36062.97,19786,49,,369,369,20297.34,8163,,18,,102,30032.74,,730,6030.23,,0,0,,126,4675.38,,706,31387.59,,819,35010.04,,13,1052.93,0,0,0,0,0,0,0,0,0,,,,,,0,0,,0,58.510204081633,31,16,,,20,29,20,,,,,,,,1.6259931972789
1043303274,Rahman,Riaz,,MD,I,Mmg - Bronx East,2300 Westchester Avenue,Bronx,NY,36,10462,1,"Metropolitan area core: primary flow within an urbanized area of 50,000 and greater",US,Internal Medicine,Claim-Specialty,14634,24032.333333333,1558643.35,710897,882,,13093,21918.333333333,1347659.02,648992,,790,,2154,1335012.37,,11912,206588.19,,568,17042.79,,11839,1292522.55,,2795,266120.8,,10276,1231026.53,,4358,327616.82,94,640.45,2274,32,0.6423397567309,0,0,0,0,0,53,624.58,47,,16,1656.9,*,,74.157596371882,92,382,274,134,523,359,48,230,42,534,,,472,410,1.4095807958835
1043315153,Sinha,Rabi,R,MD,I,822 Route 82,Suit 310,Hopewell Junction,NY,36,12533,1,"Metropolitan area core: primary flow within an urbanized area of 50,000 and greater",US,Internal Medicine,Claim-Specialty,5725,12811.166666667,472095.07,378178,758,,5212,11948.066666667,415912.53,352925,,692,,683,362757.97,,4980,105838.81,,62,3498.29,,1974,151361.08,,3751,320733.99,,937,136060.28,,4788,336034.79,68,1545.83,1441,27,1.1877729257642,,,,,,57,936.91,50,,34,11347.43,*,,74.525065963061,66,317,273,102,400,358,564,43,52,60,0,39,107,651,1.1240628384507
1043319973,Kuo,Tina,M,,I,42-02 Kissena Blvd.,"#1a",Flushing,NY,36,11355,1,"Metropolitan area core: primary flow within an urbanized area of 50,000 and greater",US,Internal Medicine,Claim-Specialty,5614,9277.8333333333,615419.66,271366,349,,5501,9125.8333333333,610558.15,266919,"#",,,877,516011.03,,4536,94765.75,,201,4642.88,,5121,564413.37,,493,51006.29,,4926,543911.18,,688,71508.48,,,,,,,,,,,66,707.55,53,*,,,*,,73.432664756447,,,,,207,142,,,327,,0,,283,66,1.0843210626419
1043416365,Kodial,Sukhwinder,S,M.D.,I,325 Essjay Rd,,Williamsville,NY,36,14221,1,"Metropolitan area core: primary flow within an urbanized area of 50,000 and greater",US,Family Practice,Claim-Specialty,5315,12213.6,395678.66,352774,382,,4708,11107.6,355049.79,322188,,335,,665,294821.54,,4588,98930.92,,62,1926.2,,3639,263562.31,,1676,132116.35,,1129,109544.71,,4186,286133.95,123,1179.12,2465,25,2.3142050799624,0,0,0,0,0,189,1605.58,110,,19,1736.52,*,,72.513089005236,47,177,112,46,171,211,287,42,33,,,15,77,305,1.2438727625089
1043449127,Rosato,Elizabeth,A,M.D.,I,4417 Vestal Parkway East,,Vestal,NY,36,13850,1,"Metropolitan area core: primary flow within an urbanized area of 50,000 and greater",US,Family Practice,Claim-Specialty,5307,12251.766666667,307523.2,360761,589,,4886,11478.8,294276.03,338310,,527,,412,205972.5,,4876,101253.34,,19,297.36,,2389,114466.37,,2918,193056.83,,1064,63607.73,,4243,243915.47,71,1129.91,1585,34,1.3378556623328,,,,,,77,1371.6,61,*,,,*,,73.670628183362,62,259,184,84,449,140,549,,,,0,18,107,482,0.96198513904012
1043466709,Locke,Elizabeth,A,MD,I,713 Troy Schenectady Rd,Suite 224,Latham,NY,36,12110,1,"Metropolitan area core: primary flow within an urbanized area of 50,000 and greater",US,Family Practice,Claim-Specialty,4655,11896.933333333,587479.63,352043,450,,4251,11187.733333333,536267.09,331271,,419,,599,503966.67,,4014,82569.15,,42,943.81,,3297,409395.12,,1358,178084.51,,697,128187.59,,3958,459292.04,32,424.66,761,,0.687432867884,11,293.31,283,,34.375,26,201.78,24,*,,,*,,73.688888888889,31,223,147,49,326,124,397,13,,,0,26,47,403,1.0358686213925
1043503246,Kessler,Jonathan,D,M.D.,I,2914 Elmwood Ave,,Kenmore,NY,36,14217,1,"Metropolitan area core: primary flow within an urbanized area of 50,000 and greater",US,Family Practice,Claim-Specialty,8268,19412.9,725633.99,558708,686,,7871,18630.566666667,683532.86,536656,,650,,1105,553523.98,,7077,167899.84,,86,4210.17,,6300,531961.83,,1968,193672.16,,819,83044.63,,7449,642589.36,170,1863.74,2877,71,2.0561199806483,,,,,,262,3115.49,160,,50,2966.61,,17,74.706997084548,36,318,240,92,367,319,644,,,,0,26,62,624,1.1336472461094
1043510498,Nashett,Jacob,,PHARM D.,I,4 Pleasant Ave,,Tupper Lake,NY,36,12986,7,"Small town core: primary flow within an urban cluster of 2,500 to 9,999",US,Pharmacist,NPPES-Taxonomy,41,41,7610.04,41,36,"#",,,,,"#",,,41,7610.04,,0,0,,0,0,*,,,"#",,,*,,,"#",,,0,0,0,0,0,0,0,0,0,,0,0,0,*,,,*,,72.194444444444,,,,,17,19,33,,0,0,0,,,,0.62511111111111
1043514243,Liang,Mei Yu,,DOCTOR NURSE PRACTIT,I,822 54th St Ste 1,,Brooklyn,NY,36,11220,1,"Metropolitan area core: primary flow within an urbanized area of 50,000 and greater",US,Nurse Practitioner,NPPES-Specialty,3678,4650.2333333333,452045.57,134721,279,"#",,,,,"#",,,645,345840.59,,2977,104788.84,,56,1416.14,,3646,442808.86,,32,9236.71,,3638,451699.08,,40,346.49,0,0,0,0,0,0,0,0,0,,78,770.67,65,*,,,*,,71.573476702509,,,,,155,124,0,0,274,,0,,,,0.89582191259808
1043532179,Blanco,Luis,A,PAC,I,10211 Roosevelt Ave,,Corona,NY,36,11368,1,"Metropolitan area core: primary flow within an urbanized area of 50,000 and greater",US,Physician Assistant,NPPES-Specialty,2143,4458.2,462197.89,129606,178,,1829,3968.3,394812.55,115394,,160,,304,308856.96,,1781,152172.98,,58,1167.95,,2052,441072.08,,91,21125.81,,1826,432910.9,,317,29286.99,,,,,,,,,,,69,530.57,55,*,,,*,,71.297752808989,18,109,40,11,106,72,,,,163,0,,142,36,1.0121082635158
1043543069,Ren,Lili,,M.D.,I,13421 Maple Ave Fl 1,,Flushing,NY,36,11355,1,"Metropolitan area core: primary flow within an urbanized area of 50,000 and greater",US,Internal Medicine,Claim-Specialty,19922,22805.033333333,2248315.44,669492,385,,19600,22474.466666667,2194344.49,659865,"#",,,2993,1824213.02,,16634,416409.32,,295,7693.1,,19223,2089256.29,,699,159059.15,,19191,2202964.7,,731,45350.74,,,,,,,,,,,107,3322.51,68,,220,8592.89,*,,70.74025974026,,,,,203,182,,,367,,0,,345,40,0.89298138528139
1043621147,Poon,Jin,,M.D.,I,150 55th St,,Brooklyn,NY,36,11220,1,"Metropolitan area core: primary flow within an urbanized area of 50,000 and greater",US,Family Practice,Claim-Specialty,4857,11033.6,181035.78,310846,1266,,4387,10138.133333333,158125.89,285895,,1166,,525,86431.05,,4266,92357.029999999,,66,2247.7,,4696,168031.23,,161,13004.55,,1012,47999.82,,3845,133035.96,263,5282.31,5935,91,5.4148651430924,22,287.65,378,,8.3650190114068,348,5098.95,321,*,,,*,,72.635860979463,100,679,392,95,720,546,567,206,233,189,,,202,1064,1.2087264321411
1043622814,Huang,Kaijun,,M.D.,I,81 Elizabeth St Ste 501,,New York,NY,36,10013,1,"Metropolitan area core: primary flow within an urbanized area of 50,000 and greater",US,Internal Medicine,Claim-Specialty,10351,20143.166666667,1762049.53,592144,594,,10082,19622.1,1679307.91,576865,,577,,2108,1514055.19,,8115,244695.98,,128,3298.36,,9158,1548984.17,,1193,213065.36,,9541,1686952.21,,810,75097.32,,,,,,,,,,,91,821.51,77,*,,,*,,73.97138047138,17,344,164,69,349,245,,,555,,0,17,496,98,1.1129490560545
1043671530,Jackson,Sandy,A,,I,14 Center St,,Cuba,NY,36,14727,10,"Rural areas: primary flow to a tract outside a urbanized area of 50,000 and greater or UC",US,Nurse Practitioner,Claim-Specialty,7619,13170.5,1097251.95,375442,413,,4783,8937.9333333333,528857.96,256710,,312,,1119,930315.03,,6431,162361.56,,69,4575.36,,4424,812052.58,,3195,285199.37,,3930,786192.28,,3689,311059.67,222,7549.27,5172,45,2.9137682110513,,,,,,362,3345.1,169,,24,741.66,*,,68.169491525424,101,199,93,20,251,162,402,0,0,,0,,142,271,1.0020372949
1043809031,Chung,William,,FNP,I,2041 86th St,,Brooklyn,NY,36,11214,1,"Metropolitan area core: primary flow within an urbanized area of 50,000 and greater",US,Nurse Practitioner,NPPES-Specialty,11277,13049.766666667,2078478.08,378648,748,,11099,12858.966666667,2059462.1,373145,,732,,2843,1595873.83,,8253,477324.98,,181,5279.27,,10191,1892238.94,,1086,186239.14,,11121,2065096.6,,156,13381.48,,,,,,,,,,,123,1155.09,98,,21,495.06,*,,72.645721925134,16,509,161,62,386,362,,,735,,0,,717,31,0.96312504812611
1043961527,Vu,An,,PHARMD,I,2665 E Henrietta Rd,,Henrietta,NY,36,14467,1,"Metropolitan area core: primary flow within an urbanized area of 50,000 and greater",US,Pharmacist,NPPES-Taxonomy,16,18,2673.08,105,16,"#",,,,,"#",,,15,2655.15,*,,,"#",,,"#",,,*,,,*,,,"#",,,0,0,0,0,0,0,0,0,0,,0,0,0,*,,,*,,71.3125,,,,,,,11,,0,,0,,,,0.8568125
1053083527,Pham,Quoc,V,,I,170 Port Watson St,,Cortland,NY,36,13045,4,"Micropolitan area core: primary flow within an urban cluster of 10,000 to 49,999",US,Pharmacist,NPPES-Taxonomy,20,20,3153.11,26,20,,20,20,3153.11,26,,20,,19,3144.27,*,,,"#",,,"#",,,*,,,,0,0,,20,3153.11,0,0,0,0,0,0,0,0,0,,,,,,0,0,,0,73.6,0,13,,,,,17,0,,0,0,,0,20,0.9624
1053085894,Lin,Yangjing,,NP,I,77 Bowery Fl 3,,New York,NY,36,10002,1,"Metropolitan area core: primary flow within an urbanized area of 50,000 and greater",US,Nurse Practitioner,NPPES-Specialty,10153,11368.666666667,1713778.51,324546,661,,9953,11165.666666667,1695384,318803,,642,,2585,1463808.93,,7387,246553.04,,181,3416.54,,9868,1652740.98,,285,61037.53,,10115,1712545.34,,38,1233.17,12,49.88,282,,0.11819166748744,0,0,0,,0,107,4048.53,86,*,,,*,,71.243570347958,19,492,120,30,324,337,,,654,,0,,,,1.0008963922776
1053309484,Blegen,Michelle,P,,I,4435 Seneca Rd,,Trumansburg,NY,36,14886,2,"Metropolitan area high commuting: primary flow 30% or more to a urbanized area of 50,000 and greater",US,Family Practice,Claim-Specialty,2625,5650.8333333333,150617.1,162493,249,,2465,5353.8333333333,136243.27,154177,,235,,203,87121.76,,2388,61479.9,,34,2015.44,,1284,81940.4,,1341,68676.7,,413,41574.55,,2212,109042.55,33,211.78,722,14,1.2571428571429,0,0,0,0,0,99,1304.89,67,*,,,*,,72.911646586345,14,141,72,22,184,65,231,0,,,0,12,28,221,0.84730220883534
1053325407,Li,Paul,X,MD,I,13336 41st Rd Ste 1,,Flushing,NY,36,11355,1,"Metropolitan area core: primary flow within an urbanized area of 50,000 and greater",US,Family Practice,Claim-Specialty,25458,29351.6,4008580.24,848330,556,,25203,29004.8,3947365.17,838486,,544,,6299,3456003.57,,18555,539156.44,,604,13420.23,,22015,3464540.65,,3443,544039.59,,24106,3961562.84,,1352,47017.4,78,799.01,911,46,0.30638699033703,0,0,0,0,0,510,6389.16,236,,119,4015.67,,22,74.830935251799,12,289,170,85,299,257,,,526,13,0,,461,95,1.0654405160254
1053343053,Gad,Dina,,MD,I,123 W 86th St,,New York,NY,36,10024,1,"Metropolitan area core: primary flow within an urbanized area of 50,000 and greater",US,Internal Medicine,Claim-Specialty,2842,5611.4,284076.07,164019,216,,2658,5292,261713.01,154713,,201,,479,236802.64,,2308,45684.52,,55,1588.91,,1849,181956.72,,993,102119.35,,1400,187541.12,,1442,96534.95,29,172.63,208,,1.0204081632653,0,0,0,,0,36,745.68,27,,0,0,,0,74.546296296296,15,98,77,26,168,48,96,35,,63,,12,73,143,1.2541712486019
1053348599,Siepel,Timothy,V,MD,I,8912 Hebdon Rd,,West Valley,NY,36,14171,2,"Metropolitan area high commuting: primary flow 30% or more to a urbanized area of 50,000 and greater",US,Family Practice,Claim-Specialty,3101,5203.0666666667,280778.48,146965,341,,2681,4576.7666666667,238586.21,128809,,303,,529,221085.97,,2544,57674.98,,28,2017.53,,2415,207281.95,,686,73496.53,,1171,114007.14,,1930,166771.34,118,9936.05,3306,34,3.8052241212512,36,6932.28,1048,12,30.508474576271,38,610.66,27,*,,,*,,72.354838709677,38,172,96,35,157,184,323,0,0,0,0,18,80,261,1.1204958266339
1053360743,Desir,Mergie,,"M.D. , M. P. H.",I,7580 184th St,,Fresh Meadows,NY,36,11366,1,"Metropolitan area core: primary flow within an urbanized area of 50,000 and greater",US,Family Practice,Claim-Specialty,3902,9091,577313.83,269745,266,,3270,7741.5666666667,477918.06,229708,,218,,619,489198.08,,3177,84468.39,,106,3647.36,,3227,483106.91,,675,94206.92,,2771,468749.49,,1131,108564.34,,,,,,,,,,,13,171.34,12,,29,11617.16,*,,70.240601503759,48,134,67,17,193,73,18,163,,36,,31,159,107,1.2938124222735
1053379420,Obrien,Edward,P,MD,I,300 Center Rd,,West Seneca,NY,36,14224,1,"Metropolitan area core: primary flow within an urbanized area of 50,000 and greater",US,Internal Medicine,Claim-Specialty,8381,16000.933333333,882276.95,450288,524,,6612,13236.366666667,650231.34,374034,,444,,1206,662786.8,,7104,218136.69,,71,1353.46,,5968,607656.18,,2413,274620.77,,2116,255651.53,,6265,626625.42,276,5139.9,5951,48,3.2931631070278,0,0,0,0,0,406,3116.9,177,*,,,*,,74.248091603053,80,173,180,91,287,237,496,,,,,11,89,435,1.0956625345826
1053394106,Li,Jim,,D.O.,I,14355 37th Ave Fl 1,,Flushing,NY,36,11354,1,"Metropolitan area core: primary flow within an urbanized area of 50,000 and greater",US,Family Practice,Claim-Specialty,30765,33094.1,5497770.5800003,213684,20651,,28800,30981.466666667,5134691.5100001,200092,,19342,,27448,5373925.0900002,,3150,120120.16,,167,3725.33,,13459,2408119.7899999,,17306,3089650.7899999,,10202,1857407.64,,20563,3640362.9399998,,,,,,,,,,,85,1045.96,63,,12,5509.1,*,,72.995448162317,1309,11408,6372,1562,12356,8295,12198,2539,1430,3187,18,1279,4994,15657,0.9405167932755
1053481754,Holmes,Ann-Mary,,RPH,I,654-690 Main St,,Poughkeepsie,NY,36,12601,1,"Metropolitan area core: primary flow within an urbanized area of 50,000 and greater",US,Pharmacist,NPPES-Taxonomy,46,46,7942.64,46,45,"#",,,,,"#",,,46,7942.64,,0,0,,0,0,,20,3482.63,,26,4460.01,*,,,"#",,,0,0,0,0,0,0,0,0,0,,0,0,0,*,,,*,,71.377777777778,,,,,25,20,44,,0,0,0,,,,0.73498333333333
1053496166,Ritchin,Andrea,K,MD,I,30 W Main St,,Mount Kisco,NY,36,10549,1,"Metropolitan area core: primary flow within an urbanized area of 50,000 and greater",US,Family Practice,Claim-Specialty,2176,2327.3333333333,102313.82,64966,125,,854,883.26666666667,35325.34,24647,,39,"#",,,,1770,41857.18,*,,,,846,38354.23,,1330,63959.59,"#",,,*,,,,,,,,,,,,,48,1463.39,27,,0,0,,0,56.664,86,21,,,63,62,96,12,,11,0,,,,1.2901068909935
1053511220,Sturtz,Michele,,R.PH.,I,31 Cavalry Dr,,New City,NY,36,10956,1,"Metropolitan area core: primary flow within an urbanized area of 50,000 and greater",US,Pharmacist,NPPES-Taxonomy,52,52,9711.68,52,49,"#",,,,,"#",,,52,9711.68,,0,0,,0,0,*,,,"#",,,*,,,"#",,,0,0,0,0,0,0,0,0,0,,0,0,0,*,,,*,,74.122448979592,,,,,28,21,42,,,,0,,,,0.64475510204082
1053518548,Lin,Ya,L,MD,I,13232 Maple Ave,Apt B,Flushing,NY,36,11355,1,"Metropolitan area core: primary flow within an urbanized area of 50,000 and greater",US,Internal Medicine,Claim-Specialty,1698,2698.6666666667,195075.72,78331,79,,1621,2585.6666666667,192309.87,75053,"#",,,277,154261.06,,1380,39782.02,,41,1032.64,,1657,190964.88,,41,4110.84,,1534,189919.58,,164,5156.14,,,,,,,,,,,25,215.07,15,,0,0,*,,71.848101265823,,,,,41,38,,,71,,0,,60,19,0.98279852320675
1053532655,Zhou,Dalai,,M.D.,I,136-20 38th Ave,Suite 6c,Flushing,NY,36,11354,1,"Metropolitan area core: primary flow within an urbanized area of 50,000 and greater",US,Family Practice,Claim-Specialty,4847,8443.5666666667,524516.41,248430,219,,4790,8386.5666666667,520743.1,246794,"#",,,659,396986.85,,4045,125466.99,,143,2062.57,,4451,457638.5,,396,66877.91,,4300,498108.32,,547,26408.09,,,,,,,,,,,56,828.97,42,,0,0,*,,71.58904109589,,,,,123,96,,,206,,0,,161,58,0.83855479452055
1053602623,Quick,Melissa,,DO,I,16 E 16th St,,New York,NY,36,10003,1,"Metropolitan area core: primary flow within an urbanized area of 50,000 and greater",US,Family Practice,Claim-Specialty,1084,2301.3666666667,68384.94,65661,175,,1022,2194.3666666667,63824.85,62672,"#",,"#",,,,914,20898.44,*,,,"#",,,*,,,,123,7677.3,,961,60707.64,39,717.07,1029,11,3.5977859778598,13,289.52,351,,33.333333333333,,,,,12,157.55,*,,72.16,,,,,111,64,135,,11,,,13,14,161,0.88095666666667
1053687491,Tam,Anthony,,M.D,I,139 Centre St Ste 709,,New York,NY,36,10013,1,"Metropolitan area core: primary flow within an urbanized area of 50,000 and greater",US,Internal Medicine,Claim-Specialty,19207,32379.166666667,3485203.73,948928,1042,,18958,31970.033333333,3424798.73,937420,,1013,,4388,2924053.56,,14544,552564.17,,275,8586,,16922,3054546.54,,2285,430657.19,,18165,3397684.78,,1042,87518.95,29,492.6,725,,0.15098661946165,0,0,0,,0,186,2186.45,136,*,,,*,,73.023992322457,29,671,238,104,527,515,14,,992,16,,16,928,114,1.0779215955616
1053688671,Cadet-Valeus,Sergelyne,B,M.D.,I,6200 Beach Channel Dr,,Arverne,NY,36,11692,1,"Metropolitan area core: primary flow within an urbanized area of 50,000 and greater",US,Internal Medicine,NPPES-Specialty,5452,11927.166666667,951872.23,352272,315,,4307,9524.3,716381.87,281882,,246,,963,824440.68,,4322,123250.85,,167,4180.7,,4841,834315.47,,611,117556.76,,4748,888822.4,,704,63049.83,50,282.22,1196,16,0.91709464416728,0,0,0,0,0,53,547.88,41,*,,,*,,69.679365079365,69,157,69,20,207,108,14,151,,131,,11,251,64,1.2415791214824
1053721001,Sharma,Sanjeev,,M.D,I,301 E Main St,,Bay Shore,NY,36,11706,1,"Metropolitan area core: primary flow within an urbanized area of 50,000 and greater",US,Hospitalist,Claim-Specialty,26,35,4402.12,588,18,,26,35,4402.12,588,,18,,24,4377.75,*,,,"#",,,"#",,,*,,,"#",,,*,,,0,0,0,0,0,0,0,0,0,,,,,*,,,*,,75.166666666667,0,,,,,,,,0,14,0,0,,,1.1753657407407
1053796862,Seraj,Tariq,,,I,19 Central Ave,,Catskill,NY,36,12414,7,"Small town core: primary flow within an urban cluster of 2,500 to 9,999",US,Pharmacist,NPPES-Taxonomy,23,23,4156.14,23,21,"#",,,,,"#",,,23,4156.14,,0,0,,0,0,*,,,"#",,,*,,,"#",,,0,0,0,0,0,0,0,0,0,,0,0,0,*,,,*,,71.333333333333,,,,,,,19,0,0,,0,,,,0.61370238095238
1053800870,Andrawis,Sandra,,PHARMD,I,3155 Amboy Rd,,Staten Island,NY,36,10306,1,"Metropolitan area core: primary flow within an urbanized area of 50,000 and greater",US,Pharmacist,NPPES-Taxonomy,35,35,6472.64,39,30,"#",,,,,"#",,,34,6450.19,*,,,"#",,,,12,2220.48,,23,4252.16,*,,,"#",,,0,0,0,0,0,0,0,0,0,,0,0,0,*,,,*,,72.933333333333,,,,,,,30,0,0,0,0,0,,,0.93616666666667
1053978189,Chambers,Jerome,A,MD,I,1650 Grand Concourse,,Bronx,NY,36,10457,1,"Metropolitan area core: primary flow within an urbanized area of 50,000 and greater",US,Internal Medicine,Claim-Specialty,775,1406.9333333333,79960.42,39982,190,,649,1238.3666666667,69275.61,35285,,163,,145,69005.17,,606,10299.99,,24,655.26,"#",,,*,,,,445,62234.53,,330,17725.89,,,,,,,,,,,19,221.82,16,,0,0,,0,70.868421052632,27,102,47,14,108,82,76,60,,44,0,,69,121,1.2250269330006
1184621062,Cantwell,Cynthia,M,FNP,I,2 Titus Place,,Walton,NY,36,13856,7,"Small town core: primary flow within an urban cluster of 2,500 to 9,999",US,Nurse Practitioner,Claim-Specialty,3297,6883.5,373419.92,197082,349,,2790,6010.7,321367.42,172753,,287,,508,309480.11,,2765,62782.42,,24,1157.39,,2152,215719.81,,1145,157700.11,,1087,157107.22,,2210,216312.7,138,3637.25,3619,33,4.1856232939035,12,863.54,360,,8.695652173913,157,1720.11,98,,0,0,,0,70.644699140401,62,158,99,30,247,102,323,,,13,,,108,241,0.94476408787011
1184645095,Athyal,Vidush,P,"MD, MPH",I,777 Clinton Ave S,Suite 500,Rochester,NY,36,14620,1,"Metropolitan area core: primary flow within an urbanized area of 50,000 and greater",US,Family Practice,Claim-Specialty,5227,11587.7,219639.37,311027,1093,,4972,11090.433333333,204131.5,297590,,1063,,985,133263.44,,4185,84900.859999999,,57,1475.07,,5201,218751.87,,26,887.5,,581,36042.34,,4646,183597.03,381,8377.45,9306,70,7.2890759517888,69,1840.88,1712,11,18.110236220472,552,5498.39,503,*,,,*,,73.335773101555,30,643,341,79,590,503,626,,177,152,,74,75,1018,0.91128558983287
1184652067,Wildfeuer,Olga,,MD,I,55 Greene Ave,,Brooklyn,NY,36,11238,1,"Metropolitan area core: primary flow within an urbanized area of 50,000 and greater",US,Internal Medicine,Claim-Specialty,10691,11011.2,2680816.97,320584,128,,6297,6526.2,1358072.74,189222,,84,,2618,2437493.79,,7684,209967.72,,389,33355.46,,9599,2412658.9,,1092,268158.07,,10268,2609683.91,,423,71133.06,,,,,,,,,,,133,14682.63,49,,93,1957.56,*,,66.1484375,44,61,,,66,62,,65,,54,0,0,112,16,1.7753169360369
1184729113,Oltean,Ion,,MD,I,4402 Francis Lewis Blvd,Suite A,Bayside,NY,36,11361,1,"Metropolitan area core: primary flow within an urbanized area of 50,000 and greater",US,Internal Medicine,Claim-Specialty,17069,22710.833333333,1176807.89,542096,1456,,15528,21063.9,1080128.98,507518,,1356,,2833,805232.59,,14070,363245.96,,166,8329.34,,8110,558625.28,,8959,618182.61,,13136,871575.27,,3933,305232.62,88,1277.24,1505,40,0.51555451403128,,,,,,1291,44566.78,498,,522,53566.26,,144,78.883928571429,100,373,530,453,916,540,971,189,95,151,0,50,945,511,2.13827267745
1184783268,Asghar,Muhammad,,R PH,I,8120 Roosevelt Ave,,Jackson Heights,NY,36,11372,1,"Metropolitan area core: primary flow within an urbanized area of 50,000 and greater",US,Pharmacist,NPPES-Taxonomy,20,21,3708.67,257,17,"#",,,,,"#",,,19,3698.67,"#",,,*,,,"#",,,*,,,"#",,,*,,,0,0,0,0,0,0,0,0,0,,0,0,0,*,,,*,,74.294117647059,,,,,,,0,0,0,17,0,0,,,1.5004705882353
1184794356,Baccellieri,Angelo,,MD,I,Mmc - Emergency Medicine,111 East 210th Street,Bronx,NY,36,10467,1,"Metropolitan area core: primary flow within an urbanized area of 50,000 and greater",US,Emergency Medicine,Claim-Specialty,196,215,29260.5,1787,136,"#",,,,,"#",,,147,28297.76,"#",,,*,,,,39,3115.71,,157,26144.79,,40,1928.91,,156,27331.59,0,0,0,0,0,0,0,0,0,,,,,*,,,*,,75.022058823529,,,,,86,50,104,,,12,0,11,19,117,0.91992678316118
1184808909,Palazzo,Sandra,,RPH,I,10414 46th Ave,,Corona,NY,36,11368,1,"Metropolitan area core: primary flow within an urbanized area of 50,000 and greater",US,Pharmacist,NPPES-Taxonomy,20,20,3636.01,20,20,,20,20,3636.01,20,,20,,20,3636.01,,0,0,,0,0,*,,,"#",,,,0,0,,20,3636.01,0,0,0,0,0,0,0,0,0,,0,0,0,,0,0,,0,73.8,0,13,,,,,14,,,,0,,0,20,0.63065
1184843138,Wands,Ann,,D.O.,I,325 Essjay Rd,,Williamsville,NY,36,14221,1,"Metropolitan area core: primary flow within an urbanized area of 50,000 and greater",US,Family Practice,Claim-Specialty,4787,10113.433333333,378425.86,295488,525,,4289,9285.9666666667,325383.97,271666,,483,,607,307111.96,,4147,69337.99,,33,1975.91,,3512,275079.06,,1275,103346.8,,921,70516.46,,3866,307909.4,168,4780.69,3803,58,3.5095049091289,,,,,,99,1469.65,66,*,,,*,,73.40380952381,42,262,159,62,415,110,449,49,,,0,15,78,447,1.1436534513982
1184891624,Vohra,Anuj,,DO,I,484 Temple Hill Rd,Suite 102,New Windsor,NY,36,12553,1,"Metropolitan area core: primary flow within an urbanized area of 50,000 and greater",US,Emergency Medicine,Claim-Specialty,1278,1279,192613.83,2992,1185,,1131,1132,173619.76,2570,,1058,,1102,191159.01,,176,1454.82,,0,0,,904,142130.08,,374,50483.75,,550,84045.84,,728,108567.99,15,38.38,31,15,1.1737089201878,0,0,0,0,0,68,536.06,65,*,,,*,,71.855696202532,127,620,371,67,655,530,862,86,,151,,43,499,686,1.0487121126
1184891848,Yang,Jun,,M.D.,I,13443 Maple Ave,C1d,Flushing,NY,36,11355,1,"Metropolitan area core: primary flow within an urbanized area of 50,000 and greater",US,Internal Medicine,Claim-Specialty,18507,20178.2,1660455.4,580013,418,,17645,19226.1,1552415.62,552310,,404,,3002,1341919.62,,15208,312817.58,,297,5718.2,,17347,1576422.38,,1160,84033.02,,18003,1637379.85,,504,23075.55,,,,,,,,,,,601,6635.88,241,,206,3726.9,,49,70.212918660287,14,328,61,15,201,217,,0,406,,0,,397,21,1.0151387453829
1184907610,Hidalgo,Yeimy,Y,PA,I,"2 Sickles St # 12",,New York,NY,36,10040,1,"Metropolitan area core: primary flow within an urbanized area of 50,000 and greater",US,Physician Assistant,Claim-Specialty,4118,7824.3,463382.42,226758,748,,3398,6612.0666666667,394413.66,192075,,634,,660,394383.64,,3377,65684.78,,81,3314,,3462,384528.27,,656,78854.15,,2891,364383.42,,1227,98999,0,0,0,0,0,0,0,0,0,,63,574.92,56,*,,,*,,71.405080213904,114,356,227,51,520,228,61,248,,408,,21,414,334,1.3249796199129
1184937120,Young,Ann,,PHARMD,I,1328 Abbott Rd,,Lackawanna,NY,36,14218,1,"Metropolitan area core: primary flow within an urbanized area of 50,000 and greater",US,Pharmacist,NPPES-Taxonomy,15,15,2498.78,15,14,"#",,,,,*,,,15,2498.78,,0,0,,0,0,"#",,,*,,,*,,,"#",,,0,0,0,0,0,0,0,0,0,,0,0,0,*,,,*,,69.357142857143,,,,,,,14,0,0,0,0,0,,,1.1165714285714
1194105817,Sarfaraz,Anam,,M.D.,I,1991 Marcus Ave,2nd Floor,New Hyde Park,NY,36,11042,1,"Metropolitan area core: primary flow within an urbanized area of 50,000 and greater",US,Family Practice,Claim-Specialty,2566,5884.6,247137.11,171443,431,,2440,5632.9333333333,236782.9,164328,,403,,366,190106.53,,2148,54991.53,,52,2039.05,,2014,210348.43,,552,36788.68,,826,106228.75,,1740,140908.36,,,,,,,,,,,39,365.27,37,,0,0,,0,75.654292343387,28,173,144,86,264,167,176,89,83,57,,,94,337,1.3434025491277
1194240390,Zhang,Yuan,,NP,I,217 Grand St Ste 401,,New York,NY,36,10013,1,"Metropolitan area core: primary flow within an urbanized area of 50,000 and greater",US,Nurse Practitioner,Claim-Specialty,18766,23288.566666667,3469546.54,671364,933,,18386,22830.266666667,3406425.06,658740,,900,,5123,2866436.07,,13293,595293.69,,350,7816.78,,17567,3251252.58,,1199,218293.96,,18477,3442328.87,,289,27217.67,18,318.98,139,,0.095918149845465,0,0,0,,0,296,6416.61,211,,33,430.24,,11,72.655948553055,33,594,226,80,489,444,,,909,,0,,880,53,1.2133344984963
1194708818,Lozah,Mamdouh,,MD,I,1050 Clove Rd,,Staten Island,NY,36,10301,1,"Metropolitan area core: primary flow within an urbanized area of 50,000 and greater",US,Internal Medicine,Claim-Specialty,10713,23947.2,1081264.15,710896,733,,9487,21281.9,920469.21,632286,,642,,1272,822616.38,,9151,248121.89,,290,10525.88,,6866,698614.14,,3847,382650.01,,5076,538570.61,,5637,542693.54,17,314.21,307,,0.15868570895174,,,,,,81,3098.01,49,*,,,*,,73.579809004093,91,313,217,112,383,350,294,232,53,105,0,49,257,476,1.3868999477212
1194728436,Delaney,Joel,P,RPA,I,8280 Willett Parkway,Suite 200,Baldwinsville,NY,36,13027,1,"Metropolitan area core: primary flow within an urbanized area of 50,000 and greater",US,Physician Assistant,Claim-Specialty,4660,10063.466666667,414856.56,294649,369,,4495,9729.1333333333,385817.91,284915,,351,,528,337297.71,,4069,75594.97,,63,1963.88,,3584,291800.88,,1076,123055.68,,513,31576.39,,4147,383280.17,42,971.17,1055,,0.90128755364807,0,0,0,,0,156,2621.19,107,,35,1359.27,*,,72.325203252033,18,230,90,31,173,196,350,,,,,13,28,341,0.91828588015422
1194737486,Wang,Vincent,Y,D.O.,I,4373 Union St,Suite C-B,Flushing,NY,36,11355,1,"Metropolitan area core: primary flow within an urbanized area of 50,000 and greater",US,Internal Medicine,Claim-Specialty,8997,13919.866666667,1518777.68,408354,536,,8363,13001.733333333,1433756.25,381541,,506,,1796,1234926.87,,7004,274770.69,,197,9080.12,,7337,1269693.87,,1660,249083.81,,7149,1306356.66,,1848,212421.02,87,2361.82,2038,24,0.96698899633211,,,,,,112,1895.88,86,,32,2217.34,*,,75.356343283582,30,247,158,101,290,246,40,33,403,40,0,20,343,193,1.5244408778125
1194742742,Chong,Kaman,,D.O.,I,3907 Prince St,Suite 2d,Flushing,NY,36,11354,1,"Metropolitan area core: primary flow within an urbanized area of 50,000 and greater",US,Internal Medicine,Claim-Specialty,6893,10816.933333333,1002017.62,317320,430,,6715,10527.266666667,963548.81,309017,,410,,1316,871023.41,,5541,130509.39,,36,484.82,,6374,935116.06,,519,66901.56,,6155,941757.6,,738,60260.02,0,0,0,0,0,0,0,0,0,,102,813.64,75,,35,4991.43,*,,72.095348837209,20,274,99,37,214,216,,0,415,,0,,345,85,1.1212695188045
1194767079,Lurio,Joseph,G,MD,I,690 Amsterdam Ave,,New York,NY,36,10025,1,"Metropolitan area core: primary flow within an urbanized area of 50,000 and greater",US,Family Practice,Claim-Specialty,6429,10101.866666667,1012545.27,295483,453,,5104,8266.7,678129,242535,,344,,1375,887955.29,,4897,119185.12,,157,5404.86,,4631,709099.29,,1798,303445.98,,4469,757335.15,,1960,255210.12,58,3774.97,1300,21,0.90216207808368,,,,,,39,680.6,29,*,,,*,,69.187637969095,109,211,95,38,229,224,183,133,,117,0,,304,149,1.4064364785779
1194778464,Gallagher,Kevin,A,MD,I,24 Fairfield Ave,,Schroon Lake,NY,36,12870,10,"Rural areas: primary flow to a tract outside a urbanized area of 50,000 and greater or UC",US,Family Practice,Claim-Specialty,7035,11161.533333333,837678.66,231096,2727,,6198,9974.3333333333,757877.5,205502,,2498,,3634,741910.56,,3352,92800.91,,49,2967.19,,3784,475662.29,,3251,362016.37,,1663,164945.58,,5372,672733.08,141,7772.41,3064,24,2.0042643923241,35,4989.92,822,,24.822695035461,122,2294.76,75,*,,,*,,72.31536486982,229,1532,779,187,1522,1205,2540,,26,29,,107,393,2334,0.88586659638588
1194799494,Lawton,David,,M.D.,I,112 Olean St,Suite 220,East Aurora,NY,36,14052,2,"Metropolitan area high commuting: primary flow 30% or more to a urbanized area of 50,000 and greater",US,Family Practice,Claim-Specialty,10643,18660.033333333,651512.53,544962,620,,9450,16955.866666667,564883.03,495049,,574,,1135,474071.11,,9403,173625.69,,105,3815.73,,7729,439275.9,,2914,212236.63,,2020,181699.37,,8623,469813.16,208,4168.97,5572,43,1.9543361834069,,,,,,242,6582.08,151,,30,7673.01,*,,73.632258064516,46,316,169,89,324,296,588,,0,,0,28,70,550,0.98568167892023
1194849182,Infantino,Cheryl,A,RPH,I,66 West Ave,,Canandaigua,NY,36,14424,1,"Metropolitan area core: primary flow within an urbanized area of 50,000 and greater",US,Pharmacist,NPPES-Taxonomy,34,34,5464.18,34,34,"#",,,,,"#",,,34,5464.18,,0,0,,0,0,"#",,,*,,,*,,,"#",,,0,0,0,0,0,0,0,0,0,,0,0,0,*,,,*,,72.382352941176,,,,,19,15,31,,0,0,0,,,,0.84841176470588
1194891101,Hidalgo,Maria Del Carmen,,,I,571 Academy St Apt Gle,,New York,NY,36,10034,1,"Metropolitan area core: primary flow within an urbanized area of 50,000 and greater",US,Internal Medicine,Claim-Specialty,8984,18350.166666667,1442158.18,541335,904,,8208,17159.633333333,1335946.71,506234,,820,,1364,1170146.98,,7276,262366.2,,344,9645,,8314,1338511.06,,670,103647.12,,7873,1331670.04,,1111,110488.14,0,0,0,0,0,0,0,0,0,,111,39206.29,71,*,,,*,,72.558628318584,84,495,249,76,556,348,17,,,875,0,,755,149,1.1362499192053
1194910992,Chen,Mei-Hui,,MD,I,4202 Kissena Blvd,Suite 1 A,Flushing,NY,36,11355,1,"Metropolitan area core: primary flow within an urbanized area of 50,000 and greater",US,Internal Medicine,Claim-Specialty,6368,11255.333333333,894994.94,331967,373,,6245,11094.166666667,881392.9,327228,"#",,,1116,781317.68,,5051,109149.99,,201,4527.27,,5908,835161.98,,460,59832.96,,5642,847537.27,,726,47457.67,,,,,,,,,,,60,920.38,55,*,,,*,,73.120643431635,,,,,229,144,,,349,,0,,295,78,1.0555859947546
1194984724,Singer,Jessica,R,MD,I,177 Fort Washington Ave,6th Floor Ctr 12,New York,NY,36,10032,1,"Metropolitan area core: primary flow within an urbanized area of 50,000 and greater",US,Internal Medicine,Claim-Specialty,5073,8990.3,625022.97,267203,214,,4737,8430,568603.1,250662,,189,,804,541440.84,,4179,79961.91,,90,3620.22,,4496,562687.94,,577,62335.03,,4973,614364.39,,100,10658.58,20,330.63,600,,0.39424403705894,,,,,,,,,,15,40.57,*,,73.364485981308,25,101,65,23,157,57,,26,,172,0,,203,11,1.6194256467403
1205160322,Demonte,Anthony,F,PHARM.D.,I,970 Montauk Hwy,,Bayport,NY,36,11705,1,"Metropolitan area core: primary flow within an urbanized area of 50,000 and greater",US,Pharmacist,NPPES-Taxonomy,25,25,3955.11,25,25,"#",,,,,"#",,,25,3955.11,,0,0,,0,0,*,,,"#",,,*,,,"#",,,0,0,0,0,0,0,0,0,0,,0,0,0,*,,,*,,73.48,,,,,14,11,21,0,,0,0,,,,0.84357333333333
1205239571,Vladimirskiy,Igor,,RPH,I,6308 23rd Ave Apt B1,,Brooklyn,NY,36,11204,1,"Metropolitan area core: primary flow within an urbanized area of 50,000 and greater",US,Pharmacist,NPPES-Taxonomy,45,45,7449.71,45,45,"#",,,,,"#",,,45,7449.71,,0,0,,0,0,,15,2557.81,,30,4891.9,*,,,"#",,,0,0,0,0,0,0,0,0,0,,0,0,0,*,,,*,,73.755555555556,,,,,24,21,36,,,,0,,,,0.95239444444444
1205275799,Li,Xiaoyu,S,D.O.,I,240 Meeting House Ln,,Southampton,NY,36,11968,1,"Metropolitan area core: primary flow within an urbanized area of 50,000 and greater",US,Student in an Organized Health Care Education/Training Program,NPPES-Taxonomy,8334,9652.5,929166.31,282701,396,,8146,9425.8333333333,909427.46,276062,,385,,1484,733600.51,,6774,194184.39,,76,1381.41,,8105,913288.18,,229,15878.13,,8109,898975.59,,225,30190.72,,,,,,,,,,,115,1598.96,88,,0,0,,0,70.545454545455,11,309,64,12,192,204,0,0,391,,0,,371,25,0.92379111263027
1205366267,Chan,Sandy,,,I,757 60th St Fl 1,,Brooklyn,NY,36,11220,1,"Metropolitan area core: primary flow within an urbanized area of 50,000 and greater",US,Nurse Practitioner,Claim-Specialty,6345,11788.433333333,1457196.04,343402,866,,6275,11644.433333333,1443106.88,339250,,847,,1675,1234967.48,,4520,219661.49,,150,2567.07,,5761,1340547.38,,584,116648.66,,6077,1428963.2,,268,28232.84,,,,,,,,,,,141,9772.33,120,,14,159.47,*,,75.118937644342,19,460,245,142,492,374,,,847,,0,,799,67,1.2793533909652
1205836772,Liberman,Jeffrey,A,DO,I,485 Titus Ave,Ste H,Rochester,NY,36,14617,1,"Metropolitan area core: primary flow within an urbanized area of 50,000 and greater",US,Internal Medicine,Claim-Specialty,8004,15360.333333333,684999.17,449641,469,,7399,14502.7,625264.35,425147,,437,,902,541169.84,,7038,141261.77,,64,2567.56,,7267,611662.23,,737,73336.94,,1599,167715.88,,6405,517283.29,165,4031.39,3035,42,2.0614692653673,0,0,0,0,0,137,1297.91,91,*,,,*,,75.110874200426,32,211,151,75,220,249,404,22,,15,,25,59,410,0.99345255863539
1205839917,Kamlet,David,A,M.D.,I,345 W 58th St,,New York,NY,36,10019,1,"Metropolitan area core: primary flow within an urbanized area of 50,000 and greater",US,Internal Medicine,Claim-Specialty,2669,6108.0333333333,435417.19,176266,166,,2648,6079.0333333333,432496.03,175441,"#",,,423,380369.69,,2191,54108.15,,55,939.35,,430,46008.8,,2239,389408.39,,171,17186.44,,2498,418230.75,35,109.09,198,11,1.3113525665043,0,0,0,0,0,53,3865.18,38,,15,224.62,*,,77.373493975904,,,,,72,94,142,,,,0,,,,1.1979633316974
1205853926,Loehr,James,C,MD,I,302 W Seneca St,,Ithaca,NY,36,14850,1,"Metropolitan area core: primary flow within an urbanized area of 50,000 and greater",US,Family Practice,Claim-Specialty,1843,3846.1,128275.35,109769,295,,1538,3299.3,101519.95,93951,,269,,236,62684.15,,1596,65481.23,,11,109.97,,1084,82844.85,,759,45430.5,,670,60137.5,,1173,68137.85,57,2965.23,1414,15,3.0927835051546,,,,,,17,161.59,14,*,,,*,,72.766101694915,26,156,87,26,178,117,265,,,,0,17,52,243,0.84402853107345
1205876380,Cohen,Donald,N,M.D.,I,16 Orchard Dr,,Armonk,NY,36,10504,1,"Metropolitan area core: primary flow within an urbanized area of 50,000 and greater",US,Internal Medicine,Claim-Specialty,6609,15345.066666667,530599.05,446732,671,,6504,15098.233333333,526307.47,439638,,651,,725,380721.15,,5794,148441.38,,90,1436.52,,1027,75565.96,,5582,455033.09,,205,13865.28,,6404,516733.77,175,2474.31,2892,25,2.6479043728249,20,1002.33,581,,11.428571428571,88,36077.09,47,,15,449.78,*,,75.250372578241,20,309,250,92,318,353,597,,,19,0,38,22,649,0.84498880238675
1205881166,Clune,Jenniferleigh,V,FNP,I,4077 West Road,,Cortland,NY,36,13045,4,"Micropolitan area core: primary flow within an urban cluster of 10,000 to 49,999",US,Nurse Practitioner,Claim-Specialty,3676,6902.6333333333,250532.64,200442,225,,2298,4644.2333333333,157210.3,136061,,161,,379,162373.21,,3261,86677.44,,36,1481.99,,2371,170683.91,,1305,79848.73,,2394,157436.22,,1282,93096.42,59,1330.11,993,14,1.6050054406964,0,0,0,0,0,40,412.62,29,,34,2444.58,*,,68.102222222222,64,95,50,16,164,61,214,,,,0,,107,118,1.1386688888889
1205928538,Hamilton,Laura,E,M.D.,I,9677 Brewerton Rd,,Brewerton,NY,36,13029,1,"Metropolitan area core: primary flow within an urbanized area of 50,000 and greater",US,Family Practice,Claim-Specialty,1839,3533.5666666667,302871.83,100660,122,,1550,3092.3666666667,283028.88,88387,,109,,314,262075.2,,1505,39691.53,,20,1105.1,,1066,195626.71,,773,107245.12,,265,19787.98,,1574,283083.85,66,1804.94,1478,12,3.5889070146819,0,0,0,0,0,64,530.49,33,,31,1815.16,*,,74.073770491803,13,51,42,16,69,53,116,,,,,,15,107,1.2049076485316
1205928694,Guo,Kevin,J,M.D.,I,70 Bowery,Suite 308,New York,NY,36,10013,1,"Metropolitan area core: primary flow within an urbanized area of 50,000 and greater",US,Internal Medicine,Claim-Specialty,27716,32934.633333333,2748794.28,951064,678,,27246,32461.3,2707170.96,937961,,663,,5065,2337232.27,,22473,409002.36,,178,2559.65,,26267,2653902.63,,1449,94891.65,,27091,2727148.54,,625,21645.74,13,35.85,89,11,0.046904315196998,0,0,0,0,0,653,6216.86,343,,87,3017.04,,24,72.398230088496,15,456,166,41,335,343,0,,674,,0,,637,41,0.96846781459026
1205934437,Raina,Rajesh,,M.D.,I,21422 73rd Ave,,Oakland Gardens,NY,36,11364,1,"Metropolitan area core: primary flow within an urbanized area of 50,000 and greater",US,Internal Medicine,Claim-Specialty,1436,3448.0666666667,138778.37,100867,436,,1298,3167.0666666667,118443.29,92838,,397,,167,111064.34,,1253,25280.82,,16,2433.21,,621,67527.92,,815,71250.45,,379,57974.98,,1057,80803.39,12,598.19,357,,0.83565459610028,0,0,0,,0,,,,*,,,*,,74.268348623853,39,188,152,57,204,232,346,18,15,34,0,23,74,362,1.2037474450779
1205940434,Ferrara,Albert,,DO,I,30 Newbridge Road Suite 200,,East Meadow,NY,36,11554,1,"Metropolitan area core: primary flow within an urbanized area of 50,000 and greater",US,Internal Medicine,Claim-Specialty,7570,17298.333333333,556363.27,499965,882,,7146,16600.4,499242.47,480226,,838,,645,398655.92,,6855,155482.1,,70,2225.25,,1370,84456.01,,6200,471907.26,,684,88931.47,,6886,467431.8,138,5879.93,3034,53,1.8229854689564,11,1194.03,330,,7.9710144927536,358,8615.16,250,,42,1030.73,,15,74.781179138322,44,425,287,126,481,401,775,23,15,31,0,38,63,819,0.95895696011394
1205948668,Chung,Yun Hee,,MD,I,142 18 38 Ave,"#1b",Flushing,NY,36,11354,1,"Metropolitan area core: primary flow within an urbanized area of 50,000 and greater",US,Internal Medicine,Claim-Specialty,24968,41286.1,10256688.07,1213671,897,,24695,40810.433333333,10180013.83,1199575,,886,,7660,9725482.62,,17099,524197.88,,209,7007.57,,19841,7157314.33,,5127,3099373.74,,21862,9584368.49,,3106,672319.58,167,5342.04,4691,31,0.66885613585389,14,1187.12,420,,8.3832335329341,602,8396.82,302,*,,,*,,77.176142697882,11,343,369,174,604,293,19,,803,16,,52,612,285,1.1885813830999
1205963204,Rosenberg,Margaret,S,MD,I,360 E 193rd St,Montefiore Family Health Center,Bronx,NY,36,10458,1,"Metropolitan area core: primary flow within an urbanized area of 50,000 and greater",US,Family Practice,Claim-Specialty,1931,3566.9,250965.04,103740,133,,1687,3217.2,199636.14,93610,,111,,349,220089.49,,1501,28387.77,,81,2487.78,,1385,170222.87,,546,80742.17,,1771,227663.56,,160,23301.48,29,383.15,511,,1.5018125323666,,,,,,,,,*,,,*,,70.428571428571,22,69,30,12,95,38,,30,14,82,,,115,18,1.4179513136988
1205975091,Tong,Xuezhu,S,MD,I,2 Mott St Rm 203,,New York,NY,36,10013,1,"Metropolitan area core: primary flow within an urbanized area of 50,000 and greater",US,General Practice,Claim-Specialty,7986,14667,1203654.36,428303,353,,7685,14339.333333333,1170673.25,418817,"#",,,1534,1005765.7,,6356,195613.89,,96,2274.77,,6890,1058396.66,,1096,145257.7,,6581,1080356.87,,1405,123297.49,,,,,,,,,,,112,1565.54,83,*,,,*,,75.71104815864,,,,,216,137,,,317,,0,18,225,128,0.92619198912046
1215000914,Shirazi,Farhad,H,MD,I,700 Old Country Rd,Suite 202,Plainview,NY,36,11803,1,"Metropolitan area core: primary flow within an urbanized area of 50,000 and greater",US,Internal Medicine,Claim-Specialty,15833,26730.833333333,1744296.23,712142,739,,14701,25180.266666667,1613856.61,673433,,694,,2876,1434476.66,,12819,304664.09,,138,5155.48,,4651,578400.13,,11182,1165896.1,,10044,1107120.08,,5789,637176.15,306,8893.25,6573,77,1.9326722667846,48,4202.87,1130,,15.686274509804,447,27475.52,221,,192,8564.91,,42,78.370771312585,45,231,237,226,437,302,593,,55,32,,31,303,436,1.675519294806
1215184908,Gevaria,Natwar,G,RPH,I,3419 Boston Rd,,Bronx,NY,36,10469,1,"Metropolitan area core: primary flow within an urbanized area of 50,000 and greater",US,Pharmacist,NPPES-Taxonomy,11,11,2102.01,243,,*,,,,,*,,,11,2102.01,,0,0,,0,0,,11,2102.01,,0,0,*,,,*,,,0,0,0,,0,0,0,0,,,0,0,,*,,,*,,67.875,,,,,,,,,,,,,,,1.6164285714286
1215215421,Chou,Wei-Yu,,MD,I,5100 W Taft Rd,Suite 1c,Liverpool,NY,36,13088,1,"Metropolitan area core: primary flow within an urbanized area of 50,000 and greater",US,Family Practice,Claim-Specialty,5264,9525.1666666667,468776.42,271578,882,,3826,7297.2,339218.08,208484,,681,,620,374053.63,,4596,92387.56,,48,2335.23,,3864,328919.97,,1400,139856.45,,2511,297697.91,,2753,171078.51,132,2696.13,3547,29,2.5075987841945,21,533.56,630,,15.909090909091,210,24203.11,183,,21,622.59,*,,69.760770975057,201,407,196,78,511,371,777,43,31,,,19,318,564,1.2078473618352
1215252358,Milone-Lopez,Lori-Anne,M,,I,10 W Main St,,Smithtown,NY,36,11787,1,"Metropolitan area core: primary flow within an urbanized area of 50,000 and greater",US,Pharmacist,NPPES-Taxonomy,21,21,3987.11,21,20,,21,21,3987.11,21,,20,,21,3987.11,,0,0,,0,0,"#",,,*,,,*,,,"#",,,0,0,0,0,0,0,0,0,0,,0,0,0,,0,0,,0,73.85,0,13,,,,,14,,0,,0,,,,0.6894
1215259635,Schweitzer,Colleen,,,I,1202 Pine Ave,,Niagara Falls,NY,36,14301,1,"Metropolitan area core: primary flow within an urbanized area of 50,000 and greater",US,Pharmacist,NPPES-Taxonomy,15,15,2650.72,15,14,*,,,,,*,,,15,2650.72,,0,0,,0,0,,15,2650.72,,0,0,*,,,*,,,0,0,0,0,0,0,0,0,0,,0,0,0,*,,,*,,65.214285714286,,,,,,,,,0,0,0,0,,,0.80842857142857
1215381314,Zhou,Tony,,MD,I,5517 7th Ave Apt 1f,,Brooklyn,NY,36,11220,1,"Metropolitan area core: primary flow within an urbanized area of 50,000 and greater",US,Preventive Medicine,NPPES-Specialty,12516,15014.6,1979669.26,437097,754,,12325,14764.3,1947015.87,429869,,742,,2943,1614944.34,,9362,360789.09,,211,3935.83,,11958,1896358.21,,558,83311.05,,12354,1974626.31,,162,5042.95,,,,,,,,,,,105,2219.93,82,,28,176.83,*,,72.433687002653,12,528,156,58,366,388,,0,742,,0,,729,25,1.0791643249798
1215385224,Tiwari,Upasana,,MD,I,160 Robinson St,,Binghamton,NY,36,13904,1,"Metropolitan area core: primary flow within an urbanized area of 50,000 and greater",US,Family Practice,Claim-Specialty,6272,15014.066666667,577756.91,442498,760,,5319,12973.466666667,461584.03,383014,,657,,755,439678.13,,5462,134497.14,,55,3581.64,,3870,339789.72,,2402,237967.19,,1771,185449.26,,4501,392307.65,150,6424.19,4328,30,2.3915816326531,28,3997.77,840,,18.666666666667,77,12420.62,51,,28,3746.65,*,,73.226315789474,103,321,227,109,521,239,693,12,,16,,28,171,589,1.0617828289087
1215538558,Schmeelke,Kendall,,,I,300 Summit St,,Lockport,NY,36,14094,2,"Metropolitan area high commuting: primary flow 30% or more to a urbanized area of 50,000 and greater",US,Pharmacist,NPPES-Taxonomy,20,20,3479.43,20,19,"#",,,,,"#",,,20,3479.43,,0,0,,0,0,"#",,,*,,,*,,,"#",,,0,0,0,0,0,0,0,0,0,,0,0,0,*,,,*,,70.789473684211,,,,,,,14,,0,,0,0,,,1.0429291959384
1215592878,Johnson,Danielle,,NP,I,303 Main St,,Binghamton,NY,36,13905,1,"Metropolitan area core: primary flow within an urbanized area of 50,000 and greater",US,Nurse Practitioner,Claim-Specialty,2086,4635.7333333333,290459.46,135982,445,,1571,3761.2666666667,219964.34,110665,,362,,335,247391.46,,1724,42117.07,,27,950.93,,1239,181332.91,,847,109126.55,,751,103481.22,,1335,186978.24,66,1950.39,1763,38,3.1639501438159,,,,,,27,238.81,25,,15,863.09,*,,71.615730337079,83,182,128,52,279,166,411,,,,,12,104,341,1.116426939032
1215595129,Park,Sarah,E,PA-C,I,4417 Vestal Pkwy E,,Vestal,NY,36,13850,1,"Metropolitan area core: primary flow within an urbanized area of 50,000 and greater",US,Physician Assistant,Claim-Specialty,4636,9963.3333333333,272960.5,291108,721,,3566,8155.0333333333,222841.82,239016,,615,,396,180132.14,,4210,91313.38,,30,1514.98,,2622,162329.94,,2014,110630.56,,1630,103219.94,,3006,169740.56,204,6695.71,4970,59,4.4003451251079,,,,,,42,790.56,35,,13,267.38,*,,72.185852981969,106,322,192,101,533,188,671,13,,,,20,164,557,1.0156470204338
1215693072,Trawinski,Katherine,J,FNP,I,10856 Blanchard Rd,,Holland,NY,36,14080,2,"Metropolitan area high commuting: primary flow 30% or more to a urbanized area of 50,000 and greater",US,Nurse Practitioner,Claim-Specialty,4792,10096.666666667,574463.77,293446,865,,4264,9193.6333333333,517758.26,267769,,783,,742,490662.67,,4008,81245.9,,42,2555.2,,3520,347635.42,,1272,226828.35,,1094,134603.72,,3698,439860.05,89,1238.06,2497,28,1.8572621035058,0,0,0,0,0,148,1538.59,127,,0,0,,0,74.232369942197,82,383,268,132,548,317,726,85,,17,,27,142,723,1.2324661227136
1215947429,Gao,Ling Min,,M.D.,I,4231 Colden St Ste 205,,Flushing,NY,36,11355,1,"Metropolitan area core: primary flow within an urbanized area of 50,000 and greater",US,Internal Medicine,Claim-Specialty,7852,13206.766666667,1618667,388070,265,,7793,13088.766666667,1616366.04,384781,"#",,,2021,1422293.99,,5646,191266.99,,185,5106.02,,7181,1506170.34,,671,112496.66,,7587,1602551.16,,265,16115.84,0,0,0,0,0,0,0,0,0,,93,804.94,59,,0,0,*,,75.988679245283,,,,,126,139,,,254,0,0,,235,30,1.890152159434
1215955596,Blumkin,Daniel,M,MD,I,16 E 16th St,,New York,NY,36,10003,1,"Metropolitan area core: primary flow within an urbanized area of 50,000 and greater",US,Family Practice,NPPES-Specialty,95,156.26666666667,4143.03,3516,56,"#",,,,,"#",,,47,3177.72,,48,965.31,,0,0,,46,2821.24,,49,1321.79,,55,2285.33,,40,1857.7,0,0,0,0,0,0,0,0,0,,,,,*,,,*,,74.321428571429,,,,,18,38,39,,,,0,,15,41,0.925375
1215971262,Rahman,Mohammed,M,M.D.,I,4023 74th St,,Elmhurst,NY,36,11373,1,"Metropolitan area core: primary flow within an urbanized area of 50,000 and greater",US,Internal Medicine,Claim-Specialty,30231,61117.833333333,5104575,1806758,706,,26237,53825.6,4495672.64,1591776,,616,,5184,4435661.19,,23245,612131.01,,1802,56782.8,,28537,4811584.62,,1694,292990.38,,29784,5048485.25,,447,56089.75,78,776.99,1529,26,0.25801329760842,,,,,,343,21327.88,203,,130,5264.15,,25,69.584985835694,90,466,136,14,304,402,30,,558,,,107,678,28,1.3008206917671
1215975701,Bigman,Alan,M,M.D.,I,1 Kings Hwy,,Hauppauge,NY,36,11788,1,"Metropolitan area core: primary flow within an urbanized area of 50,000 and greater",US,Emergency Medicine,Claim-Specialty,3020,6927.3333333333,719723.85,206087,290,,2676,6130.6333333333,497761.41,182416,,261,,576,581129.85,,2381,136724.19,,63,1869.81,,2073,532900.11,,947,186823.74,,1824,530098.71,,1196,189625.14,,,,,,,,,,,22,571.22,21,*,,,*,,73.206896551724,29,139,93,29,164,126,165,17,,88,,14,137,153,1.2367779408743
1225004476,"Phillis, Md, Pllc",Nanette,D,MD,I,1815 S Clinton Ave,Suite 340,Rochester,NY,36,14618,1,"Metropolitan area core: primary flow within an urbanized area of 50,000 and greater",US,Internal Medicine,Claim-Specialty,6761,13836.533333333,379827.99,397477,385,,6515,13385.7,375863.41,384956,,372,,633,247501.21,,6059,130046.49,,69,2280.29,,5628,300764.17,,1133,79063.82,,519,39332.93,,6242,340495.06,206,23172.61,5149,27,3.0468865552433,38,19045.92,1122,,18.446601941748,285,3366.03,145,,24,211.07,*,,76.628571428571,13,155,135,82,265,120,342,12,,,0,20,19,366,0.95171388418163
1225008352,Boyle,Sarah,C,P.A.,I,130 Center Way,,Corning,NY,36,14830,4,"Micropolitan area core: primary flow within an urban cluster of 10,000 to 49,999",US,Physician Assistant,Claim-Specialty,4835,9478.2,371285.08,276405,452,,3830,7859.0333333333,262545.22,229632,,354,,481,288013.62,,4313,81457.49,,41,1813.97,,2910,212777.09,,1925,158507.99,,1336,154269.44,,3499,217015.64,68,676.85,872,29,1.406411582213,0,0,0,0,0,105,1004.23,80,,17,150.52,*,,69.519911504425,98,211,108,35,301,151,422,,,,0,12,140,312,1.0600911772593
1225009095,Malavet,Angel,L,M.D.,I,130 Center Way,,Corning,NY,36,14830,4,"Micropolitan area core: primary flow within an urban cluster of 10,000 to 49,999",US,Internal Medicine,Claim-Specialty,14289,27266.266666667,1693916.99,796706,806,,10445,21441.033333333,1269041.56,629258,,642,,1864,1325783.39,,12216,356360.87,,209,11772.73,,8282,860420.87,,6007,833496.12,,6080,658832.28,,8209,1035084.71,411,32058.02,10714,68,2.8763384421583,55,21172.26,1640,,13.38199513382,220,2859.91,129,,66,6154.12,,11,70.406947890819,164,346,212,84,377,429,745,,,13,0,30,247,559,1.2410150673313
1225025109,Bonavita,Louis,,M.D.,I,4939 Brittonfield Pkwy,Suite 101,East Syracuse,NY,36,13057,1,"Metropolitan area core: primary flow within an urbanized area of 50,000 and greater",US,Family Practice,Claim-Specialty,23222,50498.8,4078084.23,1485683,1158,,20139,44961.933333333,3475556.46,1324443,,1040,,3473,3372409.73,,19438,659477.08,,311,46197.42,,17054,2873987.09,,6168,1204097.14,,5128,1348424.58,,18094,2729659.65,860,69648.18,23945,165,3.7033847213849,51,29282.38,1482,11,5.9302325581395,431,29339.93,275,,344,55441.04,,105,73.09585492228,118,559,368,113,677,481,1093,15,,,,34,157,1001,1.0634852243498
1225027550,Grill,Howard,E,MD,I,121 S Ocean Ave,,Freeport,NY,36,11520,1,"Metropolitan area core: primary flow within an urbanized area of 50,000 and greater",US,Internal Medicine,Claim-Specialty,3171,6951.9666666667,378517.26,203282,208,,2806,6274.8666666667,353909.51,183379,,192,,353,315213.07,,2804,62686.45,,14,617.74,,847,55095.55,,2324,323421.71,,616,48642.4,,2555,329874.86,64,2398.98,1734,,2.0182907600126,26,1970.19,747,,40.625,108,698.81,51,*,,,*,,75.509615384615,16,80,80,32,112,96,148,34,,16,0,,29,179,1.1541534230499
1225077357,Rao,Jhansi,L,MD,I,300 Bay Shore Rd,,North Babylon,NY,36,11703,1,"Metropolitan area core: primary flow within an urbanized area of 50,000 and greater",US,Internal Medicine,Claim-Specialty,10733,26381.666666667,970901.43,781118,853,,10105,24932.633333333,896436.72,738530,,776,,1226,734453.14,,9331,228627.4,,176,7820.89,,7332,676937.42,,3401,293964.01,,2806,315800.55,,7927,655100.88,68,1302.19,1899,18,0.63356004844871,,,,,,211,1638.66,143,,21,177.79,*,,74.78898007034,77,333,314,129,592,261,378,281,65,98,,,199,654,1.3512757359376
1225088180,Francis,Lynda,J,RPAC,I,1900 Ridge Rd,Ste 130,West Seneca,NY,36,14224,1,"Metropolitan area core: primary flow within an urbanized area of 50,000 and greater",US,Physician Assistant,Claim-Specialty,920,2022.5,58078.06,58289,217,,868,1943.3666666667,56995.17,56210,,205,"#",,,,806,11705.08,*,,,,761,36907.12,,159,21170.94,,125,8353.27,,795,49724.79,,,,,,,,,,,33,313.02,30,*,,,*,,74.672811059908,12,105,73,27,159,58,208,0,0,,0,,17,200,1.0078275729647
1225212780,Kaun,Michele,L,RPH,I,102 E Schuyler St,,Boonville,NY,36,13309,10,"Rural areas: primary flow to a tract outside a urbanized area of 50,000 and greater or UC",US,Pharmacist,NPPES-Taxonomy,14,14,2586.31,14,14,"#",,,,,"#",,,14,2586.31,,0,0,,0,0,*,,,*,,,*,,,"#",,,0,0,0,0,0,0,0,0,0,,0,0,0,*,,,*,,71.642857142857,,,,,,,14,0,0,0,0,0,,,1.1154962054247
1225230154,Lin,Shen-Han,,D.O.,I,13342 39th Ave Ste 253,,Flushing,NY,36,11354,1,"Metropolitan area core: primary flow within an urbanized area of 50,000 and greater",US,Family Practice,Claim-Specialty,14423,15973.966666667,2414233.77,455420,417,,14158,15649.066666667,2344917.04,446719,,402,,3356,1902193.44,,10845,508287.91,,222,3752.42,,13721,2247023.82,,702,167209.95,,13744,2383046.37,,679,31187.4,49,1617.35,787,19,0.33973514525411,,,,,,299,9473,152,,46,6724.12,,12,72.141486810552,15,265,111,26,214,203,,,398,,0,,360,57,1.147372739546
1225267982,Bertini,John,,DO,I,800 Hooper Rd,,Endwell,NY,36,13760,1,"Metropolitan area core: primary flow within an urbanized area of 50,000 and greater",US,Internal Medicine,Claim-Specialty,14382,34452.5,1728938.22,1013490,1249,,12349,30804.6,1450564.81,908115,,1128,,1557,1396004.66,,12666,326391.39,,159,6542.17,,7542,986288.32,,6840,742649.9,,3265,506252.54,,11117,1222685.68,447,20255.83,10519,89,3.1080517313308,18,11272.65,504,,4.0268456375839,170,2477.29,110,,79,7616.5,,17,74.360288230584,121,532,382,214,584,665,1182,11,,11,,40,166,1083,1.0871397681002
1225312044,Tringali,Thomas,,,I,10 Garet Pl,,Commack,NY,36,11725,1,"Metropolitan area core: primary flow within an urbanized area of 50,000 and greater",US,Pharmacist,NPPES-Taxonomy,27,27,4957.51,27,26,,27,27,4957.51,27,,26,,27,4957.51,,0,0,,0,0,*,,,"#",,,*,,,"#",,,0,0,0,0,0,0,0,0,0,,0,0,0,,0,0,,0,74.923076923077,0,12,,,15,11,20,,,,0,,,,0.87111538461538
1225337413,Vasan,Ashwin,,M.D.,I,622 W 168th St,,New York,NY,36,10032,1,"Metropolitan area core: primary flow within an urbanized area of 50,000 and greater",US,Internal Medicine,Claim-Specialty,420,430,42253.73,9375,239,,219,229,23493.07,5015,,127,"#",,,,210,16056.4,*,,,,315,31757.25,,105,10496.48,,340,32898.97,,80,9354.76,,,,,,,,,,,0,0,0,,0,0,,0,64.146443514644,112,81,,,130,109,89,63,,68,,12,163,76,1.5845469565485
1225350549,Peruvingal,Amy,E,PHARMD,I,406 S Oyster Bay Rd,,Hicksville,NY,36,11801,1,"Metropolitan area core: primary flow within an urbanized area of 50,000 and greater",US,Pharmacist,NPPES-Taxonomy,19,21,3172.13,108,18,"#",,,,,"#",,,18,3156.74,*,,,"#",,,*,,,"#",,,*,,,"#",,,0,0,0,0,0,0,0,0,0,,0,0,0,*,,,*,,73.888888888889,,,,,,,14,0,,0,0,,,,0.99888888888889
1225458623,Xu,Lily,,D.O.,I,757 60th St Fl 1,,Brooklyn,NY,36,11220,1,"Metropolitan area core: primary flow within an urbanized area of 50,000 and greater",US,Family Practice,Claim-Specialty,11188,21029.166666667,2506371.67,612447,1119,,10854,20489.6,2432247.42,596931,,1088,,2846,2210213.67,,8144,289292.74,,198,6865.26,,10089,2320828.23,,1099,185543.44,,10797,2458667.38,,391,47704.29,,,,,,,,,,,159,1489.56,141,,12,195.89,*,,74.17873100983,31,648,282,158,584,535,,,1092,11,0,,1046,73,1.227239675906
1225564594,Kulsum,Nasiha,,MD,I,4417 Vestal Pkwy E,,Vestal,NY,36,13850,1,"Metropolitan area core: primary flow within an urbanized area of 50,000 and greater",US,Family Practice,Claim-Specialty,4632,9730.2333333333,423923.35,284325,550,,3592,7965.3666666667,328709.41,233160,,465,,540,325414.54,,4056,97322.36,,36,1186.45,,2946,274021.36,,1686,149901.99,,2170,226522.46,,2462,197400.89,152,4281.36,3684,38,3.2815198618307,,,,,,51,432.4,36,,19,1235.32,*,,72.807272727273,85,226,155,84,422,128,494,22,13,,,,160,390,1.0916616215653
1225632045,Smith,Jeffrey,P,,I,3948 State Route 281,,Cortland,NY,36,13045,4,"Micropolitan area core: primary flow within an urban cluster of 10,000 to 49,999",US,Pharmacist,NPPES-Taxonomy,14,14,2475.18,14,13,"#",,,,,"#",,,14,2475.18,,0,0,,0,0,*,,,*,,,*,,,*,,,0,0,0,0,0,0,0,0,0,,0,0,0,*,,,*,,71.230769230769,,,,,,,12,,,0,0,0,,,0.63403846153846
1225639727,Donovan,Benjamin,M,PHARMD,I,89 Henry St,,Freeport,NY,36,11520,1,"Metropolitan area core: primary flow within an urbanized area of 50,000 and greater",US,Pharmacist,NPPES-Taxonomy,60,60,10931.75,60,50,"#",,,,,"#",,,60,10931.75,,0,0,,0,0,,34,6384.29,,26,4547.46,,17,3160.24,,43,7771.51,0,0,0,0,0,0,0,0,0,,0,0,0,*,,,*,,72.12,,,,,29,21,19,17,,,0,,12,38,0.80708894338441
1235117979,Tan,Xin,,M.D.,I,4242 Colden St,Suite L17,Flushing,NY,36,11355,1,"Metropolitan area core: primary flow within an urbanized area of 50,000 and greater",US,Internal Medicine,Claim-Specialty,16581,18218.366666667,2883773.23,530087,273,,16402,18027.233333333,2845097.11,524483,"#",,,3479,2121771.86,,12690,751976.28,,412,10025.09,,15734,2808106.11,,847,75667.12,,15682,2854142.64,,899,29630.59,27,159.61,282,17,0.16283698208793,0,0,0,0,0,370,3507.56,155,,91,43203.51,*,,75.241758241758,,,,,160,113,,,259,,0,,216,57,1.0387756410256
1235125626,Costello,Ann,R,MD,I,217 N Aurora St,,Ithaca,NY,36,14850,1,"Metropolitan area core: primary flow within an urbanized area of 50,000 and greater",US,Internal Medicine,Claim-Specialty,6339,12632.733333333,608304.69,357339,509,,5970,12161.633333333,591871.89,344201,,485,,877,434568.56,,5416,172116.23,,46,1619.9,,3331,339421.48,,3008,268883.21,,836,73034.63,,5503,535270.06,395,29654.13,9361,70,6.2312667613188,115,19014.98,3275,17,29.113924050633,174,6065.81,87,,17,15938.34,*,,76.269155206287,24,199,195,91,347,162,455,,11,,0,29,55,454,0.91621767578948
1235128711,Amin,Mahendra,,M.D.,I,8902 Springfield Blvd,,Queens Village,NY,36,11427,1,"Metropolitan area core: primary flow within an urbanized area of 50,000 and greater",US,Internal Medicine,Claim-Specialty,9506,22630.766666667,1393574.75,658256,1053,,9185,21977.833333333,1327395.07,639882,,994,,1550,1127491.77,,7665,241810.32,,291,24272.66,,6902,919807.48,,2604,473767.27,,4927,807534.59,,4579,586040.16,16,82.42,151,,0.16831474857984,0,0,0,,0,217,1990.11,165,,18,203.86,*,,73.773029439696,59,531,368,95,576,477,95,205,392,222,14,125,480,573,1.1795347803734
1235166414,Mahoney,Thomas,L,M.D.,I,3875 E Henrietta Rd,,Henrietta,NY,36,14467,1,"Metropolitan area core: primary flow within an urbanized area of 50,000 and greater",US,Internal Medicine,NPPES-Specialty,64,64,12139.36,94,61,"#",,,,,"#",,,64,12139.36,,0,0,,0,0,,53,10010.74,,11,2128.62,,11,2182.06,,53,9957.3,0,0,0,0,0,0,0,0,0,,0,0,0,*,,,*,,72.606557377049,,,,,35,26,51,,0,0,0,,,,0.83941989904232
1235169848,Sperry,Howard,E,MD,I,462 Grider Street,Suite C-113,Buffalo,NY,36,14215,1,"Metropolitan area core: primary flow within an urbanized area of 50,000 and greater",US,Internal Medicine,Claim-Specialty,5312,10980.466666667,656466.1,322903,394,,4549,9622.2666666667,529264.92,283436,,339,,810,548263.16,,4442,105699.92,,60,2503.02,,3427,407834.83,,1885,248631.27,,1569,224813.79,,3743,431652.31,,,,,,,,,,,40,1411.79,33,,12,52.2,*,,71.865482233503,55,193,101,45,158,236,303,69,,,0,13,76,318,1.1875905019247
1235176355,Gandhi,Jayant,H,MD,I,80 E End Ave,Suite -14b,New York,NY,36,10028,1,"Metropolitan area core: primary flow within an urbanized area of 50,000 and greater",US,General Surgery,Claim-Specialty,3336,3468.1666666667,219135.89,93304,119,,2977,3076.6,195188.52,84392,,105,,500,176414.05,,2766,39850.48,,70,2871.36,,1689,93712.68,,1647,125423.21,,3115,214452.03,,221,4683.86,54,467.6,769,14,1.6187050359712,0,0,0,0,0,42,313.62,26,*,,,*,,73.773109243697,14,46,44,15,75,44,15,,,92,0,,98,21,1.2152393116206
1235195645,Cowen,Edwin,A,MD,I,600 Northern Blvd,,Albany,NY,36,12204,1,"Metropolitan area core: primary flow within an urbanized area of 50,000 and greater",US,Internal Medicine,Claim-Specialty,6457,6475.8,1103406.19,7454,4909,,5999,6016.8,1019424.5,6937,,4535,,6445,1103036.76,"#",,,*,,,,4055,699048.30999999,,2402,404357.88,,875,159352.3,,5582,944053.89,0,0,0,0,0,0,0,0,0,,0,0,0,,0,0,,0,72.18944795274,374,2865,1394,276,2839,2070,4255,197,105,,,250,645,4264,0.87201600189609
1235208455,Wang,Richard,H,M.D.,I,13347 Sanford Ave,Suite C1f,Flushing,NY,36,11355,1,"Metropolitan area core: primary flow within an urbanized area of 50,000 and greater",US,Internal Medicine,Claim-Specialty,10237,14704.266666667,1363749.99,430470,283,,9980,14415.133333333,1336251.48,422166,"#",,,1878,1106159.86,,8089,253633.37,,270,3956.76,,9893,1308299.73,,344,55450.26,,9590,1301549.41,,647,62200.58,,,,,,,,,,,88,911.8,57,*,,,*,,72.197879858657,,,,,135,148,,,271,,0,,244,39,0.98960518603822
1235227018,Agustin,Maria Lourdes,S,M.D.,I,240 Willoughby St,Suite No. 19c,Brooklyn,NY,36,11201,1,"Metropolitan area core: primary flow within an urbanized area of 50,000 and greater",US,Internal Medicine,Claim-Specialty,7190,18516.5,276265.5,538746,686,,6993,18081.033333333,264900.58,526188,,667,,765,151244.65,,6317,121389.75,,108,3631.1,,7135,267879.23,,55,8386.27,,868,43405.89,,6322,232859.61,342,6691.88,7780,84,4.7566063977747,20,811.33,598,,5.8479532163743,204,2659.22,137,*,,,*,,74.677842565598,19,352,241,74,447,239,342,73,72,173,,,67,619,1.0736971020809
1235285206,Brooks,Paula,M,M.D.,I,4900 Broad Rd,,Syracuse,NY,36,13215,1,"Metropolitan area core: primary flow within an urbanized area of 50,000 and greater",US,Family Practice,Claim-Specialty,2207,4403.8666666667,255683.29,128081,235,,1699,3645.8,191179.75,106323,,178,,343,206720.26,,1819,45321.25,,45,3641.78,,1396,168840.37,,811,86842.92,,1286,171600.09,,921,84083.2,32,848.24,526,13,1.4499320344359,,,,,,41,719.98,28,*,,,*,,69.595744680851,57,101,57,20,130,105,212,,0,,0,,112,123,1.4090122784327
1235341959,Trikounakis,Steve,,RPA-C,I,2 Suffern Ln,,Garnerville,NY,36,10923,1,"Metropolitan area core: primary flow within an urbanized area of 50,000 and greater",US,Physician Assistant,NPPES-Specialty,19170,29903.6,2724869.01,877295,684,,15626,25040.133333333,2326740.86,735872,,554,,3602,2386730.76,,15088,328957.49,,480,9180.76,,17586,2490408.84,,1584,234460.17,,18261,2657128.08,,909,67740.93,203,2122.17,5372,37,1.0589462702139,0,0,0,0,0,274,3346.65,176,,53,1926.38,,14,70.62134502924,130,344,149,61,466,218,,14,,650,0,,602,82,1.2429501668693
1235461831,Abuhashish,Ihsan,S,RPH,I,436 86th St,,Brooklyn,NY,36,11209,1,"Metropolitan area core: primary flow within an urbanized area of 50,000 and greater",US,Pharmacist,NPPES-Taxonomy,11,11,2155.7,11,11,*,,,,,*,,,11,2155.7,,0,0,,0,0,*,,,*,,,*,,,*,,,0,0,0,0,0,0,0,0,0,,0,0,0,*,,,*,,71.090909090909,,,,,,,,0,0,,0,0,,,0.78409090909091
1235505264,Ortman,Caitlin,,PA,I,1783 Colvin Blvd,,Buffalo,NY,36,14223,1,"Metropolitan area core: primary flow within an urbanized area of 50,000 and greater",US,Physician Assistant,Claim-Specialty,8238,17701,826390.95,520264,1316,,7588,16627.266666667,733228.14,489199,,1228,,1054,667086.23,,7078,153890.72,,106,5414,,6143,622622.74,,2095,203768.21,,1193,171543.33,,7045,654847.62,313,12581.41,8490,96,3.7994658897791,22,5980.05,654,,7.0287539936102,50,413.87,43,,33,4680.14,,14,74.292553191489,88,656,391,181,686,630,1218,27,,20,,49,134,1182,1.1140841186514
1235511361,Urcuyo,Dawnette,M,MD,I,475 State Route 17m,,Monroe,NY,36,10950,1,"Metropolitan area core: primary flow within an urbanized area of 50,000 and greater",US,Internal Medicine,Claim-Specialty,5323,12521,1248257.29,369223,501,,2707,6766.4666666667,554855.53,199746,,296,,1078,1107206.89,,4138,133168.58,,107,7881.82,,4600,1048843.63,,723,199413.66,,4272,1070815.03,,1051,177442.26,86,1284.73,1765,29,1.6156302836746,,,,,,43,14947.69,26,*,,,*,,64.225548902196,205,230,52,14,291,210,66,15,,417,0,,340,161,2.1050114915216
1235533266,Zhou,Chen,,D.O.,I,3907 Prince St,,Flushing,NY,36,11354,1,"Metropolitan area core: primary flow within an urbanized area of 50,000 and greater",US,Family Practice,Claim-Specialty,9102,12910.333333333,924274.98,371453,415,,9031,12757.333333333,921871.98,367101,"#",,,1292,681742.4,,7561,237672.37,,249,4860.21,,8886,901323.76,,216,22951.22,,8632,911462.05,,470,12812.93,,,,,,,,,,,334,2996.74,176,*,,,*,,71.681927710843,,,,,219,196,,,405,,0,,362,53,0.98778875502008
1235572454,Norman,Adam,J,M.D.,I,3980a Sheridan Dr,,Amherst,NY,36,14226,1,"Metropolitan area core: primary flow within an urbanized area of 50,000 and greater",US,Internal Medicine,Claim-Specialty,2026,4310.5666666667,156215.3,126470,274,,1776,3934.5666666667,132811.67,115784,,244,,270,122133.55,,1735,32861.61,,21,1220.14,,1625,118628.98,,401,37586.32,,495,62060.3,,1531,94155,29,405.11,628,14,1.431391905232,,,,,,14,38.89,13,*,,,*,,73.642335766423,30,121,90,33,139,135,238,19,,,,11,45,229,1.2218096413469
1235587247,Thakur,Smriti,,MD,I,1302 E Main St,,Endicott,NY,36,13760,1,"Metropolitan area core: primary flow within an urbanized area of 50,000 and greater",US,Family Practice,Claim-Specialty,5244,10641.266666667,497977.07,306284,529,,3438,7397.0333333333,298398.5,215185,,383,,666,408690.16,,4530,85171.32,,48,4115.59,,3549,359160.03,,1695,138817.04,,2790,272371.98,,2454,225605.09,191,4692.09,3951,54,3.6422578184592,22,994.12,606,,11.51832460733,130,1415.19,86,,28,1628.21,*,,68.480151228733,146,220,122,41,323,206,456,36,,16,,15,233,296,1.1562497983583
1245208065,Atalla,Nashat,S,M.D.,I,82 Holland Street,Aljhc,Rochester,NY,36,14605,1,"Metropolitan area core: primary flow within an urbanized area of 50,000 and greater",US,Internal Medicine,Claim-Specialty,7719,12589.333333333,754319.2,366823,356,,5236,9035.2,536861.33,264796,,244,,1025,581811.18,,6510,162460.04,,184,10047.98,,6580,645197.4,,1139,109121.8,,6654,684479.81,,1065,69839.39,90,1448.95,2170,18,1.1659541391372,0,0,0,0,0,26,235.26,21,,37,930.61,*,,66.946629213483,112,158,74,12,213,143,32,192,,125,0,,283,73,1.6131913747001
1609223429,Nshiewat,Joseph,,M.D.,I,944 N Broadway Ste G04,,Yonkers,NY,36,10701,1,"Metropolitan area core: primary flow within an urbanized area of 50,000 and greater",US,Internal Medicine,Claim-Specialty,1656,2842.1666666667,216760.54,81046,186,,1390,2404.6333333333,175213.16,68631,,162,,305,184999.88,,1333,31157.6,,18,603.06,,998,136943.65,,658,79816.89,,1027,160255.14,,629,56505.4,,,,,,,,,,,95,1519.61,74,*,,,*,,74.204301075269,24,76,49,37,100,86,84,28,,56,,,90,96,1.7274614413017
1609251586,Gromilic,Jasmina,,PHARM. D,I,21b Knolls Cres,,Bronx,NY,36,10463,1,"Metropolitan area core: primary flow within an urbanized area of 50,000 and greater",US,Pharmacist,NPPES-Taxonomy,45,45,7838.65,45,44,"#",,,,,"#",,,45,7838.65,,0,0,,0,0,,34,5630.61,,11,2208.04,,12,1732.62,,33,6106.03,0,0,0,0,0,0,0,0,0,,0,0,0,*,,,*,,72.613636363636,,,,,18,26,22,,,,0,,,,1.6495335350974
1609258680,Jaswal,Gaurav,,MD,I,82 Copeland Ave,,Homer,NY,36,13077,4,"Micropolitan area core: primary flow within an urban cluster of 10,000 to 49,999",US,Family Practice,Claim-Specialty,4534,9517.7,373867.62,275974,551,,3775,8277.8666666667,315588.26,240477,,468,,507,289022.29,,3990,83160.76,,37,1684.57,,2575,215084.56,,1959,158783.06,,1566,140639.96,,2968,233227.66,92,1242.92,1947,37,2.0291133656815,0,0,0,0,0,100,18608.62,67,,13,441.66,*,,72.201451905626,83,249,153,66,262,289,519,,,,0,22,156,395,1.2796258331557
1609263748,Evans,Anne,,D.O.,I,1 Irongate Ctr,,Glens Falls,NY,36,12801,1,"Metropolitan area core: primary flow within an urbanized area of 50,000 and greater",US,Family Practice,Claim-Specialty,5813,12166.333333333,548103.34,350512,569,,5135,10998.066666667,478393.76,317444,,519,,716,434905.48,,5029,109785.64,,68,3412.22,,4175,366720.44,,1638,181382.9,,1111,176109.92,,4702,371993.42,168,2824.65,4279,29,2.8900739721314,23,846.24,690,,13.690476190476,133,1687.09,89,,12,525.51,*,,73.124780316344,50,280,182,57,311,258,557,,,,0,,60,509,1.0731867572448
1609282193,Santana,Nadia,,NP,I,42 Broadway Ste 12-508,,New York,NY,36,10004,1,"Metropolitan area core: primary flow within an urbanized area of 50,000 and greater",US,Nurse Practitioner,NPPES-Specialty,1041,1792.1,116848.28,52545,178,,917,1597.7666666667,88496.66,46780,,161,,179,95570.77,,817,20690.68,,45,586.83,,1011,116283.78,,30,564.5,,994,115213.7,,47,1634.58,0,0,0,0,0,0,0,0,0,,17,327.13,11,,0,0,,0,72.578651685393,17,90,57,14,103,75,,,,167,0,0,162,16,1.3375885776998
1609290584,Viens,Paul,,RPH,I,100 Triangle Ctr,Saw Mill River Road,Yorktown Heights,NY,36,10598,1,"Metropolitan area core: primary flow within an urbanized area of 50,000 and greater",US,Pharmacist,NPPES-Taxonomy,20,20,3462.99,20,20,,20,20,3462.99,20,,20,,20,3462.99,,0,0,,0,0,*,,,"#",,,,0,0,,20,3462.99,0,0,0,0,0,0,0,0,0,,0,0,0,,0,0,,0,74.95,0,,,,,,17,0,0,,0,,0,20,0.9616
1609380617,Yu,Donna,,,I,6402 8th Ave Ste 301,,Brooklyn,NY,36,11220,1,"Metropolitan area core: primary flow within an urbanized area of 50,000 and greater",US,Nurse Practitioner,Claim-Specialty,7948,12850.2,855922.98,359123,692,,7745,12554.066666667,832517.98,351453,,674,,1002,673794.72,,6891,181461.51,,55,666.75,,7580,821759.21,,368,34163.77,,7685,835480.19,,263,20442.79,,,,,,,,,,,444,3764.7,301,,13,198.21,*,,71.797687861272,18,488,148,38,381,311,,,674,0,0,15,649,43,1.2252394591657
1609805472,Bookhardt-Murray,Lois,J,MD,I,85 W Burnside Ave,Morris Heights Health Center 3rd Floor,Bronx,NY,36,10453,1,"Metropolitan area core: primary flow within an urbanized area of 50,000 and greater",US,Internal Medicine,NPPES-Specialty,5444,8789.0666666667,1377344.51,260236,255,,3779,6627.0666666667,894716.64,196449,,195,,1193,1201292.57,,3991,163493.08,,260,12558.86,,4836,1238313.84,,608,139030.67,,4918,1297462.43,,526,79882.08,96,1057.98,2236,21,1.7634092578986,0,0,0,0,0,44,698.14,16,*,,,*,,68.670588235294,60,127,57,11,167,88,,85,,152,0,,217,38,1.3252528437434
1609828250,Sheran,Michael,,MD,I,360 Washington Ave,,Kingston,NY,36,12401,1,"Metropolitan area core: primary flow within an urbanized area of 50,000 and greater",US,Internal Medicine,Claim-Specialty,15357,24841.733333333,3796197.24,713246,938,,9957,17948.366666667,1933194.46,518766,,799,,2434,3344774.63,,12749,444584.99,,174,6837.62,,6715,1518775.8,,8642,2277421.44,,6374,1899451.77,,8983,1896745.47,1059,117755.32,27603,131,6.8958781011916,234,79694.73,6713,26,22.096317280453,262,31263.23,143,,69,6459.92,,20,72.119402985075,139,411,286,102,503,435,825,36,,30,,38,221,717,1.1688565745917
1609830827,Saksonova,Marina,,M.D.,I,9785 Queens Blvd,,Rego Park,NY,36,11374,1,"Metropolitan area core: primary flow within an urbanized area of 50,000 and greater",US,Internal Medicine,Claim-Specialty,10745,21825.8,2044742.32,647350,561,,10294,20847.666666667,1974916.03,618345,,526,,2138,1738476.79,,8477,302712.68,,130,3552.85,,4663,796834.68,,6082,1247907.64,,7387,1721539.25,,3358,323203.07,52,797.76,1164,15,0.4839460214053,0,0,0,0,0,86,1152.09,67,*,,,*,,75.82174688057,35,224,201,101,392,169,319,53,,87,,67,299,262,1.6052293439625
1609831536,Bodkin,John,J,M.D.,I,5667 Creekwood Ct E,,East Amherst,NY,36,14051,1,"Metropolitan area core: primary flow within an urbanized area of 50,000 and greater",US,Family Practice,Claim-Specialty,4503,5866.0666666667,248895.9,155792,407,,4470,5801.0666666667,245801.46,153879,,393,,674,171005.35,,3796,76005.73,,33,1884.82,,2916,158300.59,,1587,90595.31,,182,16094.24,,4321,232801.66,81,992.06,1290,40,1.798800799467,0,0,0,0,0,90,8431.67,39,,99,1986.17,,16,78.199017199017,14,141,139,113,221,186,374,14,,,0,,37,370,1.4624068051464
1609864792,Aranda,Arvin,L,MD,I,1246 State Route 38,,Owego,NY,36,13827,7.1,"Secondary flow 30% to <50% to a urbanized area of 50,000 and greater",US,Family Practice,Claim-Specialty,9459,20189.166666667,814463.85,583212,579,,7525,16991.1,633107.92,492533,,499,,1083,616066.31,,8322,194471.92,,54,3925.62,,6676,578152.56,,2783,236311.29,,3539,335682.57,,5920,478781.28,439,17727.57,10775,70,4.6410825668675,29,10569.17,868,,6.6059225512528,271,44308.54,155,,27,325.42,*,,72.585492227979,80,245,174,80,290,289,547,15,,,0,,151,428,1.0941453347048
1609872035,Parola,Claude,,MD,I,1065 Southern Blvd,,Bronx,NY,36,10459,1,"Metropolitan area core: primary flow within an urbanized area of 50,000 and greater",US,Internal Medicine,Claim-Specialty,11048,18763.366666667,2149211.87,556061,528,,8716,15082.3,1677889.07,447343,,412,,2761,1969703.04,,7341,154571.18,,946,24937.65,,9595,1893026.81,,1453,256185.06,,10660,2112018.62,,388,37193.25,17,162.75,290,,0.15387400434468,0,0,0,,0,19,5063.09,12,*,,,*,,68.954545454545,116,264,117,31,307,221,13,66,,443,0,,485,43,1.0908046610228
1609898469,Adler,Lawrence,A,M.D.,I,355 W 52nd St,7th Floor,New York,NY,36,10019,1,"Metropolitan area core: primary flow within an urbanized area of 50,000 and greater",US,Family Practice,Claim-Specialty,4901,10015.866666667,550028.52,291928,416,,4333,9119.1,452360.15,266907,,384,,628,452743.88,,4214,94961.11,,59,2323.53,,2957,257232.71,,1944,292795.81,,1884,260523.59,,3017,289504.93,116,25437.43,2525,24,2.3668639053254,13,21963.43,390,,11.206896551724,95,2295.3,70,,33,9453.75,*,,74.254807692308,32,186,143,55,198,218,243,53,,98,,14,132,284,1.1593264161316
1609945807,Chu,Felix,,DO,I,13-17 Elizabeth St,"#603",New York,NY,36,10013,1,"Metropolitan area core: primary flow within an urbanized area of 50,000 and greater",US,Cardiology,Claim-Specialty,4476,9720.1666666667,662450.54,287886,363,"#",,,,,"#",,,727,515251.78,,3701,146296.69,,48,902.07,,3623,504283.4,,853,158167.14,,3435,504841.95,,1041,157608.59,0,0,0,0,0,0,0,0,0,,36,291.95,23,*,,,*,,77.900826446281,,,,,151,212,15,,310,13,,20,247,116,1.2826956126543
1609947191,Batoon,Sherwin,,M.D,I,147-14 Delaware Ave,,Flushing,NY,36,11355,1,"Metropolitan area core: primary flow within an urbanized area of 50,000 and greater",US,Internal Medicine,Claim-Specialty,10694,20886.866666667,1405624.09,604268,531,,9835,19565.233333333,1185663.95,566330,,497,,1706,1121420.24,,8666,275035.15,,322,9168.7,,8045,1078241.27,,2649,327382.82,,5985,958495.56,,4709,447128.53,18,223.92,248,,0.16831868337385,,,,,,558,7725.3,298,,91,2498.37,,14,74.792843691149,34,253,157,87,349,182,88,,185,151,,56,228,303,1.1774937164468
1619012085,Gauvin,Mila,,MD,I,195 Montague St,,Brooklyn,NY,36,11201,1,"Metropolitan area core: primary flow within an urbanized area of 50,000 and greater",US,Internal Medicine,Claim-Specialty,6770,15775.3,715216.4,467215,777,,6121,14624.4,628321.95,433569,,711,,1005,545874.73,,5492,158720.14,,273,10621.53,,5076,504304.94,,1694,210911.46,,2496,301017.94,,4274,414198.46,58,482.08,917,15,0.85672082717873,,,,,,50,394.5,44,,31,260.07,*,,74.516087516088,66,339,254,118,587,190,47,610,,93,,21,186,591,1.4027182542084
1619014420,William,Christina,F,MD,I,156 West Ave,2nd Floor,Brockport,NY,36,14420,2,"Metropolitan area high commuting: primary flow 30% or more to a urbanized area of 50,000 and greater",US,Internal Medicine,Claim-Specialty,8808,17632.333333333,799312.08,507547,847,,7611,15522.366666667,657870.76,447497,,748,,1194,606314.16,,7548,189921.51,,66,3076.41,,6863,617132.09,,1945,182179.99,,2007,243341.14,,6801,555970.94,122,1658.99,2287,46,1.3851044504995,,,,,,294,4818.09,175,,19,412.38,*,,73.782762691854,99,328,300,120,533,314,798,16,,13,,16,124,723,1.2854904976101
1619066099,Greenblatt,Michael,,,I,250 Delaware Ave,,Delmar,NY,36,12054,1,"Metropolitan area core: primary flow within an urbanized area of 50,000 and greater",US,Internal Medicine,Claim-Specialty,5615,13892.9,680910.24,406707,636,,5505,13697.066666667,677177.07,401131,,622,,693,569858.38,,4856,108864.44,,66,2187.42,,3292,373041.52,,2323,307868.72,,315,42518.95,,5300,638391.29,183,5435.75,4650,33,3.2591273374889,26,1562.97,780,,14.207650273224,133,2079.58,76,,20,600.03,*,,75.10534591195,14,309,231,82,300,336,577,12,,,0,37,33,603,0.97557335410968
1619088812,Ojugbeli,Diane,S,MD,I,304 Genesee St,,Chittenango,NY,36,13037,2,"Metropolitan area high commuting: primary flow 30% or more to a urbanized area of 50,000 and greater",US,Family Practice,Claim-Specialty,72,95,4791.68,1957,38,,59,75,4444.46,1495,"#",,"#",,,,50,1312.87,*,,,,48,3257.9,,24,1533.78,,21,1164.69,,51,3626.99,0,0,0,0,0,0,0,0,0,,,,,*,,,*,,69.842105263158,,,,,24,14,34,,0,0,0,,12,26,1.06719319757
1619131190,Zheng,Yixiu,,MD,I,19 Bowery,"2/Fl., Ste.8",New York,NY,36,10002,1,"Metropolitan area core: primary flow within an urbanized area of 50,000 and greater",US,Internal Medicine,Claim-Specialty,4519,6000.1333333333,969147.38,174629,377,,4318,5750.6666666667,923772.19,167609,,359,,1030,874986.14,,3409,91482.62,,80,2678.62,,4137,911946.84,,382,57200.54,,4126,926220.89,,393,42926.49,42,2145.13,965,,0.92940916131888,11,1357.3,330,,26.190476190476,20,198.1,19,,153,3568.67,,39,72.960212201592,18,238,87,34,202,175,14,,344,,0,,321,56,1.077399811524
1619202033,Sukhlall,Kamlawattie,,RPH,I,773 Lexington Ave,,New York,NY,36,10065,1,"Metropolitan area core: primary flow within an urbanized area of 50,000 and greater",US,Pharmacist,NPPES-Taxonomy,19,19,3396.81,19,16,"#",,,,,"#",,,19,3396.81,,0,0,,0,0,*,,,"#",,,*,,,"#",,,0,0,0,0,0,0,0,0,0,,0,0,0,*,,,*,,72,,,,,,,,,,,0,,,,0.5443125
1619226305,Cabrera,Michelle,,NP,I,3418 Broadway,2nd Floor,New York,NY,36,10031,1,"Metropolitan area core: primary flow within an urbanized area of 50,000 and greater",US,Nurse Practitioner,Claim-Specialty,7662,16321.633333333,1305621.49,484639,467,,6766,14633.666666667,1139075.35,434526,,411,,1480,1185989.46,,5621,107421.18,,561,12210.85,,7252,1243049.85,,410,62571.64,,7343,1269166.94,,319,36454.55,0,0,0,0,0,0,0,0,0,,40,472.5,33,*,,,*,,72.460385438972,56,229,140,42,335,132,,11,0,448,0,,435,32,1.2364718013236
1619368826,Chan,Pak-Yi,,,I,949 3rd Ave,,New York,NY,36,10022,1,"Metropolitan area core: primary flow within an urbanized area of 50,000 and greater",US,Pharmacist,NPPES-Taxonomy,16,16,2769.28,16,14,,16,16,2769.28,16,,14,,16,2769.28,,0,0,,0,0,*,,,"#",,,*,,,"#",,,0,0,0,0,0,0,0,0,0,,0,0,0,,0,0,,0,74.5,0,,,0,,,11,0,,0,0,,,,0.79392857142857
1619385143,Tahir,Mohammad,Z,PHARMD,I,9001 Sutphin Blvd,,Jamaica,NY,36,11435,1,"Metropolitan area core: primary flow within an urbanized area of 50,000 and greater",US,Pharmacist,NPPES-Taxonomy,14,14,2749.57,14,14,"#",,,,,"#",,,14,2749.57,,0,0,,0,0,"#",,,*,,,"#",,,*,,,0,0,0,0,0,0,0,0,0,,0,0,0,*,,,*,,68.571428571429,,,,,,,,,,,0,,,,0.82350092821678
1619584323,Doustar,Aylar,,RPH,I,17 E Jericho Tpke,,Mineola,NY,36,11501,1,"Metropolitan area core: primary flow within an urbanized area of 50,000 and greater",US,Pharmacist,NPPES-Taxonomy,16,16,2693.95,16,12,"#",,,,,"#",,,16,2693.95,,0,0,,0,0,*,,,"#",,,*,,,"#",,,0,0,0,0,0,0,0,0,0,,0,0,0,*,,,*,,73.25,,,,,,,,,0,0,0,0,,,1.0452083333333
1619912268,Vaules,William,A,M.D.,I,2212 Penfield Rd,Suite 200,Penfield,NY,36,14526,1,"Metropolitan area core: primary flow within an urbanized area of 50,000 and greater",US,Internal Medicine,Claim-Specialty,10493,20633.4,854460.88,601498,678,,9114,18832.466666667,751878.06,550840,,621,,1128,631895.17,,9248,216914.21,,117,5651.5,,8202,666064.17,,2291,188396.71,,1591,138390.79,,8902,716070.09,158,8922.71,3209,40,1.5057657485943,15,6025.46,421,,9.493670886076,170,2652.02,107,*,,,*,,73.761061946903,57,297,241,83,302,376,598,18,,,0,48,79,599,0.9571811341412
1619959343,Hirsch,Kelly,J,FNP,I,4077 West Rd,,Cortland,NY,36,13045,4,"Micropolitan area core: primary flow within an urban cluster of 10,000 to 49,999",US,Nurse Practitioner,Claim-Specialty,3334,6113.2,311717.51,176994,238,,1918,3982.3666666667,192402.65,116200,,170,"#",,,,2938,79242.99,*,,,,2082,163791.63,,1252,147925.88,,1921,175074.16,,1413,136643.35,180,20066.6,4604,26,5.3989202159568,25,13566.72,727,,13.888888888889,34,1028.69,26,*,,,*,,67.243697478992,68,104,51,15,166,72,230,,,,0,,115,123,1.1083178526864
1619961950,Cerri,Ruben,W,MD,I,2818 Steinway St,,Astoria,NY,36,11103,1,"Metropolitan area core: primary flow within an urbanized area of 50,000 and greater",US,Pediatric Medicine,NPPES-Specialty,52,52,9215.12,337,37,"#",,,,,"#",,,47,9123.94,*,,,"#",,,,40,7718.57,,12,1496.55,,41,6993.44,,11,2221.68,0,0,0,0,0,0,0,0,0,,0,0,0,*,,,*,,73.351351351351,,,,,21,16,,0,,26,0,,26,11,1.0430472972973
1619978160,Floyd,Frank,D,M.D.,I,800 Hooper Road,,Endwell,NY,36,13760,1,"Metropolitan area core: primary flow within an urbanized area of 50,000 and greater",US,Internal Medicine,Claim-Specialty,10851,26549.2,1062001.23,778382,1070,,10109,25060.933333333,1003271.03,735359,,963,,1099,806542.05,,9596,248073.1,,156,7386.08,,5378,565295.54,,5473,496705.69,,1134,119970.74,,9717,942030.49,296,8765.52,7383,111,2.7278591834854,,,,,,217,7037.88,131,,29,1362,*,,74.876635514019,107,422,352,189,572,498,1025,,,,0,25,130,940,1.0314244024433
1629002589,Liu,George,C,"M.D., PH.D.",I,185 Canal Street,6th Floor,New York,NY,36,10013,1,"Metropolitan area core: primary flow within an urbanized area of 50,000 and greater",US,Internal Medicine,Claim-Specialty,13371,31895.933333333,3791666.54,952570,776,,12832,30922.166666667,3673788.8,923538,,744,,2825,3377223.92,,10135,386056.05,,411,28386.57,,11280,3154590.64,,2091,637075.9,,10443,3242629.71,,2928,549036.83,,,,,,,,,,,75,1089.19,56,,124,12185.81,,34,74.827319587629,32,381,256,107,445,331,22,20,690,24,0,20,526,250,1.3574095450618
1629031208,Cheung,William,,M.D.,I,19 Bowery Fl 2,Suite 8,New York,NY,36,10002,1,"Metropolitan area core: primary flow within an urbanized area of 50,000 and greater",US,Internal Medicine,Claim-Specialty,10062,16730.166666667,10388246.91,483367,984,,9669,16144.166666667,9953457.11,466589,,959,,2772,10062800.48,,7162,322295.29,,128,3151.14,,8787,9078414.44,,1275,1309832.47,,8977,10019228.76,,1085,369018.15,54,2483.54,1380,14,0.53667262969589,,,,,,244,2864.17,155,,58,1039.88,,25,74.763211382114,25,533,283,143,503,481,,,928,16,0,23,834,150,1.1639263470145
1629044987,Burke,Robert,P,MD,I,1 Oxford Rd Ste 200,,New Hartford,NY,36,13413,1,"Metropolitan area core: primary flow within an urbanized area of 50,000 and greater",US,Family Practice,Claim-Specialty,4832,7669.9333333333,471166.42,219522,284,,2921,5132.7,223897.49,147831,,216,,697,348338.18,,4111,120311.87,,24,2516.37,,3556,352186.55,,1276,118979.87,,2691,327278.8,,2141,143887.62,212,4090.9,5500,37,4.387417218543,,,,,,114,1135.56,66,*,,,*,,69.683098591549,68,123,64,29,137,147,255,,,,,,84,200,1.048155536472
1629056627,Fisher,Chandra,M,D.O.,I,325 Essjay Rd,Suite 110,Williamsville,NY,36,14221,1,"Metropolitan area core: primary flow within an urbanized area of 50,000 and greater",US,Family Practice,Claim-Specialty,4259,9977.7666666667,355391.78,293614,415,,4170,9802.0333333333,350254.5,288540,,399,,577,290358.91,,3620,62669.96,,62,2362.91,,3306,290780.55,,953,64611.23,,496,67202.99,,3763,288188.79,22,488.78,550,,0.516553181498,0,0,0,,0,40,295.48,31,,0,0,,0,74.626506024096,16,200,146,53,361,54,356,40,,,,,40,375,1.1586953609975
1629060603,Boyle,Sean,P,M.D.,I,17 E Genesee St Ste 303,,Auburn,NY,36,13021,4,"Micropolitan area core: primary flow within an urban cluster of 10,000 to 49,999",US,Family Practice,Claim-Specialty,4935,9543.4333333333,553322.3,274950,312,,4263,8699.1666666667,472214.22,251132,,292,,762,429175.88,,4141,123130.38,,32,1016.04,,3311,346496.85,,1624,206825.45,,1088,112870.55,,3847,440451.75,275,17334.78,6350,41,5.5724417426545,,,,,,165,4037.51,93,,15,2059.86,*,,72.794871794872,20,169,95,28,158,154,293,,0,,0,17,31,281,1.0326519764957
1629067483,Kim,Yong,R,M.D.,I,8635 Queens Blvd,Suite1e,Elmhurst,NY,36,11373,1,"Metropolitan area core: primary flow within an urbanized area of 50,000 and greater",US,Family Practice,Claim-Specialty,11218,23225.866666667,1649296.86,686762,585,,10763,22445.366666667,1563062.64,663579,,562,,1840,1340585.51,,9200,305971.36,,178,2739.99,,9140,1281766.01,,2078,367530.85,,8869,1494371.23,,2349,154925.63,28,181.93,599,14,0.24959885897664,0,0,0,0,0,122,1591.15,101,,31,394.92,*,,73.232478632479,23,344,174,44,346,239,69,,144,330,,32,389,196,0.9638394497803
1629069349,Anderson,Dana,P,M.D.,I,1 School St,Suite 107,Gowanda,NY,36,14070,7,"Small town core: primary flow within an urban cluster of 2,500 to 9,999",US,Family Practice,Claim-Specialty,8748,17082.866666667,1046565.59,499568,645,,7617,15378.6,932260.98,451079,,583,,1370,874854.17,,7303,169902.9,,75,1808.52,,5786,659635.89,,2962,386929.7,,2406,334549.83,,6342,712015.76,322,31576.3,7971,74,3.6808413351623,66,21639.52,1950,12,20.496894409938,121,2470.06,81,,27,1237.48,*,,73.142635658915,62,324,174,85,359,286,615,0,,,,20,94,551,1.0614281093393
1629092978,Telonis,James,D,MD,I,5586 Legionnaire Dr Ste 1,,Cicero,NY,36,13039,1,"Metropolitan area core: primary flow within an urbanized area of 50,000 and greater",US,Family Practice,Claim-Specialty,9597,22525.433333333,922259.91,665905,848,,9123,21507.3,901971.39,635936,,795,,1227,709067.69,,8289,206226.08,,81,6966.14,,5545,448140.85,,4052,474119.06,,931,105832.33,,8666,816427.58,25,1176.89,740,,0.26049807231426,,,,,,103,1148.32,72,,14,459.94,*,,75,53,367,302,126,462,386,812,,,,0,20,67,781,1.0124287911077
1629124706,Yoon,Cecilia,J,MD,I,53 W 23rd St Fl 6,,New York,NY,36,10010,1,"Metropolitan area core: primary flow within an urbanized area of 50,000 and greater",US,Infectious Disease,Claim-Specialty,5257,5902,3761961.35,171215,150,,2994,3395.9,1937698.11,99293,,75,,1811,3616712.26,,3413,144543.18,,33,705.91,,2394,1549905.67,,2863,2212055.68,,4510,3168151.84,,747,593809.51,76,2549,2048,15,1.445691459007,26,1756.24,716,,34.210526315789,74,2420.83,27,,0,0,,0,62.793333333333,75,61,,,32,118,45,59,,39,,0,122,28,2.0302765801399
1629134622,Mitchell,Harrison,,M.D,I,2368 Adam Clayton Powell Jr Blvd,,New York,NY,36,10030,1,"Metropolitan area core: primary flow within an urbanized area of 50,000 and greater",US,Internal Medicine,Claim-Specialty,6739,14908.333333333,979717.02,441566,531,,6145,13807.333333333,907821.55,408866,,492,,1014,798889.44,,5609,174730.69,,116,6096.89,,5258,790738.06,,1481,188978.96,,3731,598208.85,,3008,381508.17,62,13191.24,1654,17,0.92001780679626,0,0,0,0,0,92,1632.14,68,,66,1449.51,,20,75.276836158192,39,223,182,87,326,205,,363,,146,,,255,276,1.2502585819599
1629153739,Portnoy,Darin,A,MD,I,1114 Liberty Ave,,Brooklyn,NY,36,11208,1,"Metropolitan area core: primary flow within an urbanized area of 50,000 and greater",US,Family Practice,Claim-Specialty,5275,9576.8,914916.48,281033,213,,4531,8419.5,800237.64,247617,,174,,990,730470.37,,4063,177905.51,,222,6540.6,,4565,829710.35,,710,85206.13,,4742,883234.66,,533,31681.82,83,12817.27,1863,15,1.5734597156398,19,12147.47,570,,22.89156626506,19,1769.93,,,12,102.35,*,,71.136150234742,39,91,71,12,141,72,,47,18,136,,,176,37,1.6979304930388
1629161849,Mathur,Manuja,C,MD,I,Mmg - Bronx East,2300 Westchester Avenue,Bronx,NY,36,10462,1,"Metropolitan area core: primary flow within an urbanized area of 50,000 and greater",US,Internal Medicine,Claim-Specialty,6809,13427.833333333,755688.06,397291,492,,6506,12858.133333333,725581.24,380734,,461,,1033,648309.69,,5608,101898.64,,168,5479.73,,4993,566354.65,,1816,189333.41,,2775,333440.39,,4034,422247.67,54,371.92,937,,0.79306799823763,0,0,0,,0,27,228.35,25,*,,,*,,75.731707317073,31,202,166,93,348,144,64,222,19,170,,,147,345,1.3801081713829
1629224159,Alfonso,Jillian,,MD,I,3400 Bainbridge Ave,,Bronx,NY,36,10467,1,"Metropolitan area core: primary flow within an urbanized area of 50,000 and greater",US,Family Practice,Claim-Specialty,12343,24343.466666667,1787441.68,711868,852,,10380,21053.333333333,1361881.06,616677,,736,,2152,1531880.51,,9798,241716.52,,393,13844.65,,10085,1485867.92,,2258,301573.76,,8380,1331345.36,,3963,456096.32,11,299.62,223,,0.089119338896541,0,0,0,,0,180,2901.28,147,,12,74.91,*,,72.431924882629,116,382,272,82,662,190,80,317,25,406,,,443,409,1.4164630994921
1629252663,Hsu,Angela,,M.D.,I,177 Fort Washington Ave,"6th Floor, Ctr 12",New York,NY,36,10032,1,"Metropolitan area core: primary flow within an urbanized area of 50,000 and greater",US,Internal Medicine,Claim-Specialty,4052,10369.666666667,170472.69,302361,606,,3944,10150.666666667,147823.36,295962,,593,,329,80598.6,,3700,89375.62,,23,498.47,,4040,169559.22,,12,913.47,,452,19789.67,,3600,150683.02,137,22124.22,3036,27,3.3810463968411,25,2212.91,690,,18.248175182482,47,505.63,34,,52,768.34,,19,77.094059405941,13,216,271,106,373,233,320,76,109,72,,,51,555,1.1443321894623
1629257423,Mesmer,David,J,R.PH,I,635 Pittsford Victor Rd,,Pittsford,NY,36,14534,1,"Metropolitan area core: primary flow within an urbanized area of 50,000 and greater",US,Pharmacist,NPPES-Taxonomy,26,26,4373.52,55,24,,26,26,4373.52,55,,24,,26,4373.52,,0,0,,0,0,"#",,,*,,,*,,,"#",,,0,0,0,0,0,0,0,0,0,,0,0,0,,0,0,,0,74.541666666667,0,12,,,,,20,,0,0,0,,,,0.87275
1629283791,Thomas,Kera,A,RPA-C,I,101 Pennsylvania Avenue,,Brooklyn,NY,36,11207,1,"Metropolitan area core: primary flow within an urbanized area of 50,000 and greater",US,Physician Assistant,Claim-Specialty,4925,11086.866666667,520232.28,326940,614,,4428,10100.133333333,465771.28,298069,,557,,787,427712.38,,3953,81672.08,,185,10847.82,,3505,360301.16,,1420,159931.12,,2034,236756.46,,2891,283475.82,,,,,,,,,,,88,685.94,76,*,,,*,,74.019543973941,57,269,216,72,431,183,,521,,67,,18,183,431,1.2661503508842
1629300074,Bujno,Karen,,RPH,I,2084 State Route 208,,Montgomery,NY,36,12549,2,"Metropolitan area high commuting: primary flow 30% or more to a urbanized area of 50,000 and greater",US,Pharmacist,NPPES-Taxonomy,18,18,3390.53,18,16,"#",,,,,"#",,,18,3390.53,,0,0,,0,0,*,,,"#",,,*,,,"#",,,0,0,0,0,0,0,0,0,0,,0,0,0,*,,,*,,74,,,,,,,16,0,0,0,0,0,,,1.09525
1629336656,Abrams-Downey,Alexandra,J,M.D.,I,1 Gustave L Levy Pl,,New York,NY,36,10029,1,"Metropolitan area core: primary flow within an urbanized area of 50,000 and greater",US,Internal Medicine,Claim-Specialty,3461,3992.7333333333,2597662.29,116131,179,,2311,2737.4,1483779.35,79458,,100,,1111,2533278.11,,2306,63247.34,,44,1136.84,,2411,1647004.73,,1050,950657.56,,3298,2488110.34,,163,109551.95,36,1017.08,908,16,1.0401618029471,,,,,,86,904.16,23,,0,0,,0,63.100558659218,79,81,,,57,122,23,99,,53,0,,157,22,1.8337622399607
1629340948,Yang,Fan,,M.D.,I,4235 Main St Ste 3c,,Flushing,NY,36,11355,1,"Metropolitan area core: primary flow within an urbanized area of 50,000 and greater",US,Internal Medicine,Claim-Specialty,2645,3802.2,375738.98,106591,360,,2581,3731.5333333333,364657.99,104682,"#",,,509,311120.56,,2073,62398.46,,63,2219.96,,2577,366541.52,,68,9197.46,,2573,371088.89,,72,4650.09,,,,,,,,,,,166,1777.68,131,*,,,*,,72.877777777778,,,,,182,178,,,350,,0,,340,20,1.2620402063329
1629401294,Gulkar,Inna,,M.D.,I,259 1st St,,Mineola,NY,36,11501,1,"Metropolitan area core: primary flow within an urbanized area of 50,000 and greater",US,Internal Medicine,Claim-Specialty,4607,12065.7,231376.75,353690,845,,4422,11618.233333333,223823.64,341015,,810,,370,151719.56,,4149,76781.749999999,,88,2875.44,,4579,230838.81,,28,537.94,,765,34012.15,,3842,197364.6,192,2774.08,3883,65,4.1675710874756,,,,,,70,884.5,57,*,,,*,,76.068639053254,35,353,303,154,555,290,590,21,82,120,0,32,123,722,1.2314416383188
1629427927,Aguirre,Jamilett,,,I,280 Henry St,,New York,NY,36,10002,1,"Metropolitan area core: primary flow within an urbanized area of 50,000 and greater",US,Family Practice,Claim-Specialty,2387,4092,374304.36,118962,141,,2074,3646.1,284772.59,106455,,116,,443,325451.86,,1880,46504.71,,64,2347.79,,2357,370126.96,,30,4177.4,,2243,370700.13,,144,3604.23,30,531.45,674,,1.2568077084206,0,0,0,,0,14,137.67,11,,0,0,,0,70.858156028369,25,65,39,12,108,33,,19,,112,0,,121,20,1.44255173801
1629486519,Myint,Thiri,,MD,I,48 Cedar St,,Brooklyn,NY,36,11221,1,"Metropolitan area core: primary flow within an urbanized area of 50,000 and greater",US,Internal Medicine,Claim-Specialty,2867,4488.2,511259.92,127272,404,,2779,4348.2,495136.66,123422,,387,,593,384035.36,,2237,126578.55,,37,646.01,,2449,456553.22,,418,54706.7,,2686,495136.02,,181,16123.9,,,,,,,,,,,88,3139.02,70,*,,,*,,74.20297029703,17,212,122,53,246,158,,16,304,65,,13,356,48,1.5811949266277
1629722822,Sudore,Vanessa,,NP,I,105 Canal Landing Blvd Ste 1,,Rochester,NY,36,14626,1,"Metropolitan area core: primary flow within an urbanized area of 50,000 and greater",US,Nurse Practitioner,Claim-Specialty,7062,13479.566666667,426880.7,395706,1752,,6778,13008.466666667,408208.08,381894,,1700,,605,274351.31,,6390,148791.06,,67,3738.33,,5884,317230.18,,1178,109650.52,,1704,127570.79,,5358,299309.91,,,,,,,,,,,135,12851.05,101,,58,1111.43,,26,79.934931506849,52,455,659,586,1181,571,1571,91,,31,,41,338,1414,1.4690753563694
1639124605,Dipoala,Joseph,A,M.D.,I,1850 Ridge Rd E,,Rochester,NY,36,14622,1,"Metropolitan area core: primary flow within an urbanized area of 50,000 and greater",US,Internal Medicine,Claim-Specialty,6339,14323.533333333,698791.18,422895,560,,5668,13224.166666667,628107.36,390989,,504,,691,489539.53,,5601,205921.74,,47,3329.91,,5609,600444.88,,730,98346.3,,1348,211712.21,,4991,487078.97,159,5588.66,3768,50,2.5082820634169,,,,,,52,1062.29,35,,37,1332.17,*,,74.132142857143,56,245,179,80,317,243,502,25,,16,,15,82,478,1.0420850546683
1639127814,O'Keeffe,David,A,MD,I,3900 N Buffalo St,,Orchard Park,NY,36,14127,1,"Metropolitan area core: primary flow within an urbanized area of 50,000 and greater",US,Family Practice,Claim-Specialty,9791,24213.166666667,818996.03,711364,930,,9039,22808.133333333,785579.9,670315,,877,,937,616106.92,,8699,198345.13,,155,4543.98,,6957,554906.43,,2834,264089.6,,897,76875.02,,8894,742121.01,127,2186.98,3131,39,1.2971095904402,,,,,,133,1226.15,97,*,,,*,,74.044086021505,53,451,330,96,398,532,867,,,,,45,57,873,1.245864992685
1639138654,Caro,Sixto,R,,I,231 S 3rd St,,Brooklyn,NY,36,11211,1,"Metropolitan area core: primary flow within an urbanized area of 50,000 and greater",US,Internal Medicine,Claim-Specialty,36891,86719.866666667,11765078.25,2574679,1374,,31650,75879.466666667,10119985.07,2254024,,1205,,8950,9477322.61,,26128,2193121.64,,1813,94634,,32346,10000967.59,,4545,1764110.66,,34073,11466671.72,,2818,298406.53,291,6107.19,7330,64,0.78881027892982,0,0,0,0,0,503,55574.83,317,,125,15804.09,,29,73.687045123726,169,576,452,177,860,514,57,18,,1278,,13,1093,281,1.2947294160257
1639140486,Rosenfeld,Howard,,MD,I,123 Grove Ave,Suite 102,Cedarhurst,NY,36,11516,1,"Metropolitan area core: primary flow within an urbanized area of 50,000 and greater",US,Internal Medicine,Claim-Specialty,6913,14393.633333333,742190.28,418624,537,,6660,13981.633333333,713697.13,406617,,517,,971,592031.13,,5901,148365.13,,41,1794.02,,1638,173666.33,,5275,568523.95,,929,130693.53,,5984,611496.75,0,0,0,0,0,0,0,0,0,,352,5802.22,203,,25,551.28,*,,75.644320297952,20,240,184,93,280,257,453,27,,25,,26,52,485,1.1198045298716
1639142391,Phillips,Eric,C,D.O.,I,31 Arnot Rd,,Horseheads,NY,36,14845,1,"Metropolitan area core: primary flow within an urbanized area of 50,000 and greater",US,Family Practice,Claim-Specialty,5579,11364.7,527960.94,333105,482,,4416,9381.5666666667,383682.89,275442,,379,,683,412230.09,,4833,112907.02,,63,2823.83,,3520,343473.13,,2059,184487.81,,1893,214537.16,,3686,313423.78,,,,,,,,,,,141,1624.21,107,,31,535.8,*,,69.473029045643,103,237,105,37,213,269,443,11,,,0,18,145,337,1.0558087978859
1639153752,Patel,Dhansukhlal,M,M.D.,I,11 Park Ave,Suite 1k,Mount Vernon,NY,36,10550,1,"Metropolitan area core: primary flow within an urbanized area of 50,000 and greater",US,Internal Medicine,Claim-Specialty,4058,8993.1,356527.04,263943,239,,3555,7995.7333333333,314643.41,234804,,211,,376,277385.94,,3614,77038.21,,68,2102.89,,2867,249213.15,,1191,107313.89,,2747,250964.08,,1311,105562.96,94,1100.56,2213,21,2.3164120256284,0,0,0,0,0,76,483.63,54,,41,586.02,,17,73.167364016736,28,104,83,24,123,116,21,128,21,53,,,131,108,1.1093853564378
1639162365,Sheridan,Bernadette,L,MD,I,1222 E 96th St,,Brooklyn,NY,36,11236,1,"Metropolitan area core: primary flow within an urbanized area of 50,000 and greater",US,Family Practice,Claim-Specialty,4110,9682.1333333333,667322.96,285333,488,,3926,9286.4,626782.09,274060,,456,,596,522736.43,,3400,127624.71,,114,16961.82,,2951,485728.47,,1159,181594.49,,1635,276546.73,,2475,390776.23,27,269.56,384,13,0.65693430656934,,,,,,22,193.8,22,,21,372.76,*,,75.280737704918,32,188,203,65,412,76,,438,,16,0,23,142,346,1.2844206765322
1639171143,Hall,George,,MD,I,241 Canal St,Suite 402,New York,NY,36,10013,1,"Metropolitan area core: primary flow within an urbanized area of 50,000 and greater",US,Internal Medicine,Claim-Specialty,56744,82840.6,8012856.8399999,2412768,2449,,55896,81695.3,7918059.3399999,2379528,,2394,,10759,6544478.38,,45315,1450031.02,,670,18347.44,,49352,7026000.7699999,,7392,986856.07,,54859,7837061.6899999,,1885,175795.15,102,1232.53,1036,49,0.17975468772029,0,0,0,0,0,939,9644.06,659,,238,6281.65,,57,74.755818701511,55,1338,721,335,1336,1113,11,,2382,21,,28,2259,190,1.3939683830156
1639196421,Piwko,Frederick,J,MD,I,3805 Lockport Olcott Rd,,Lockport,NY,36,14094,2,"Metropolitan area high commuting: primary flow 30% or more to a urbanized area of 50,000 and greater",US,Family Practice,Claim-Specialty,7749,17935.1,801600.78,527008,644,,6717,15865.233333333,722063.29,466656,,557,,1036,609370.6,,6658,189549.65,,55,2680.53,,5107,480548.42,,2642,321052.36,,1813,214073.87,,5936,587526.91,154,6908.08,3546,30,1.9873532068654,,,,,,132,770.48,80,*,,,*,,71.437888198758,87,332,169,56,335,309,611,,,,0,23,101,543,1.1007474210383
1639214489,Lee,Shuk-Yi,,M.D.,I,139 Centre St,Room 603,New York,NY,36,10013,1,"Metropolitan area core: primary flow within an urbanized area of 50,000 and greater",US,Internal Medicine,Claim-Specialty,6451,10370,773955.51,307020,398,,6364,10276,765737.38,304317,"#",,,887,581631.23,,5519,190848.72,,45,1475.56,,5049,613792.74,,1402,160162.77,,5641,685688.99,,810,88266.52,,,,,,,,,,,29,22405.49,17,,33,271.39,*,,73.781407035176,,,,,279,119,,,374,,0,20,283,115,0.96566336554444
1639296403,Villar,Ryna,,M.D.,I,1650 Grand Concourse,,Bronx,NY,36,10457,1,"Metropolitan area core: primary flow within an urbanized area of 50,000 and greater",US,Family Practice,Claim-Specialty,6696,8731.7666666667,502062.96,191368,274,,6105,7843.6,430419.27,165942,,227,,1308,410269.49,,5298,88919.42,,90,2874.05,,2425,297903.6,,4271,204159.36,,6230,454807.75,,466,47255.21,106,2039.44,2610,25,1.5830346475508,20,517.58,593,,18.867924528302,24,278.85,,,59,4527.24,*,,72.452554744526,47,113,79,35,195,79,26,126,,105,,14,194,80,1.5657405858772
1639342157,Patel,Ajay,M,RPH,I,78 Laurel Hill Dr,,Westtown,NY,36,10998,2,"Metropolitan area high commuting: primary flow 30% or more to a urbanized area of 50,000 and greater",US,Pharmacist,NPPES-Taxonomy,14,14,2641.06,14,,"#",,,,,*,,,14,2641.06,,0,0,,0,0,*,,,*,,,*,,,*,,,0,0,0,,0,0,0,0,,,0,0,,*,,,*,,67.714285714286,,,,,,,,,,,,,,,1.0341428571429
1639357882,Decker,Joseph,W,RPH.,I,40 Catherwood Rd,Pharmacy T-1508,Ithaca,NY,36,14850,1,"Metropolitan area core: primary flow within an urbanized area of 50,000 and greater",US,Pharmacist,NPPES-Taxonomy,14,14,2695.14,14,14,*,,,,,*,,,14,2695.14,,0,0,,0,0,*,,,*,,,*,,,*,,,0,0,0,0,0,0,0,0,0,,0,0,0,*,,,*,,69.642857142857,,,,,,,11,0,,0,0,,,,0.90442857142857
1639358146,San,Mon Mon,M,"M.D.,",I,5616 6th Ave,,Brooklyn,NY,36,11220,1,"Metropolitan area core: primary flow within an urbanized area of 50,000 and greater",US,Family Practice,Claim-Specialty,4475,11217.6,176524.11,326174,406,,4146,10410.033333333,162266.36,302844,,375,,383,88199.05,,4054,85770.769999999,,38,2554.29,,4464,176182.47,,11,341.64,,468,17690.99,,4007,158833.12,195,3415.76,4071,27,4.3575418994413,13,223.64,285,,6.6666666666667,124,1347.6,96,*,,,*,,73.980295566502,31,199,127,49,305,101,257,19,29,97,,,44,362,1.2238558798236
1639359805,Natale,Michael,S,RPH,I,2950 Ridge Rd W,,Rochester,NY,36,14626,1,"Metropolitan area core: primary flow within an urbanized area of 50,000 and greater",US,Pharmacist,NPPES-Taxonomy,35,35,6285.54,35,31,"#",,,,,"#",,,35,6285.54,,0,0,,0,0,"#",,,*,,,,12,2140.64,,23,4144.9,0,0,0,0,0,0,0,0,0,,0,0,0,*,,,*,,70.516129032258,,,,,20,11,18,,,,0,,,,1.2532861147956
1639449069,Cai,Lu,,,I,8425 Elmhurst Ave,Unit P1,Elmhurst,NY,36,11373,1,"Metropolitan area core: primary flow within an urbanized area of 50,000 and greater",US,Internal Medicine,Claim-Specialty,8878,10532.733333333,966898.47,299525,271,"#",,,,,"#",,,1824,803382.37,,6870,160502.29,,184,3013.81,,8857,966757.72,,21,140.75,,8649,957022.36,,229,9876.11,0,0,0,0,0,0,0,0,0,,271,2071.57,130,*,,,*,,72.483394833948,,,,,148,123,0,0,264,,0,,244,27,0.85373243293491
1639468267,Wang,Hongwei,,MD,I,1650 Grand Concourse,,Bronx,NY,36,10457,1,"Metropolitan area core: primary flow within an urbanized area of 50,000 and greater",US,Internal Medicine,Claim-Specialty,6368,7418.8666666667,932885.09,213226,157,,6186,7236.8666666667,889766.7,207920,"#",,,1566,741897.57,,4644,188142.08,,158,2845.44,,6170,910507.8,,198,22377.29,,6172,920575.62,,196,12309.47,0,0,0,0,0,0,0,0,0,,39,357.91,34,*,,,*,,71.968152866242,,,,,86,71,,0,152,,0,,146,11,0.92998354564756
1649261066,Patel,Kartik,,MD,I,45 Webster Commons Blvd,Ste 200,Webster,NY,36,14580,1,"Metropolitan area core: primary flow within an urbanized area of 50,000 and greater",US,Internal Medicine,Claim-Specialty,16651,42707.133333333,1513892.57,1264723,1388,,15708,40593.433333333,1422204.63,1202454,,1285,,1656,1172157.25,,14929,336783.69,,66,4951.63,,14688,1361957.1,,1963,151935.47,,3284,407911.01,,13367,1105981.56,103,1971.19,2348,30,0.61858146657858,17,655.26,524,,16.504854368932,181,1689.46,133,,31,1559.02,*,,74.21181556196,103,617,491,177,699,689,1213,34,47,,,66,190,1198,0.92050058402233
1649354499,Wolff,Michael,,,I,101 Jordan Rd,Suite 100,Troy,NY,36,12180,1,"Metropolitan area core: primary flow within an urbanized area of 50,000 and greater",US,Internal Medicine,Claim-Specialty,6424,14602.566666667,634017.54,424063,590,,6174,14096.466666667,609442.68,409183,,567,,783,498587.46,,5552,133850.25,,89,1579.83,,4015,356273.56,,2409,277743.98,,787,77215.74,,5637,556801.8,75,1829.39,2159,15,1.167496886675,,,,,,185,2268.15,122,,22,335.03,*,,76.823728813559,23,231,225,111,323,267,544,14,,,0,23,44,546,1.2251768472339
1649411372,Reed,Patricia,,PHARMD,I,3050 Whitestone Expy,,Flushing,NY,36,11354,1,"Metropolitan area core: primary flow within an urbanized area of 50,000 and greater",US,Pharmacist,NPPES-Taxonomy,42,42,7144.76,71,40,"#",,,,,"#",,,42,7144.76,,0,0,,0,0,,20,3382.58,,22,3762.18,*,,,"#",,,0,0,0,0,0,0,0,0,0,,0,0,0,*,,,*,,71.075,,,,,27,13,31,,,0,0,,,,0.84682869110031
1649502477,Palombo,Arthur,P,PHARMD,I,202 Broad St,,Glens Falls,NY,36,12801,1,"Metropolitan area core: primary flow within an urbanized area of 50,000 and greater",US,Pharmacist,NPPES-Taxonomy,14,14,2283.85,14,14,*,,,,,*,,,14,2283.85,,0,0,,0,0,*,,,*,,,*,,,*,,,0,0,0,0,0,0,0,0,0,,0,0,0,*,,,*,,66.928571428571,,,,,,,13,,,0,0,0,,,0.62728571428571
1649504440,Lifflander,Anne,L,MD,I,125 Worth St. Room 207 Cn-73,Bstdc-Nyc Dept Of Health And Mental Hygiene,New York,NY,36,10013,1,"Metropolitan area core: primary flow within an urbanized area of 50,000 and greater",US,Internal Medicine,NPPES-Specialty,2866,5381.4333333333,1271027.06,157636,208,,1898,3741.2333333333,744475.36,110122,,149,,753,1219295.41,,2015,48861.17,,98,2870.48,,2412,1064713.34,,454,206313.72,,2675,1233066.32,,191,37960.74,95,2547.45,2537,22,3.314724354501,0,0,0,0,0,42,2513.13,24,*,,,*,,69.461538461538,59,89,44,16,134,74,12,60,,132,0,,177,31,1.5359921405956
1649517251,Jiang,Xiao-Hong,,M.D,I,139 Centre St,Suite 515,New York,NY,36,10013,1,"Metropolitan area core: primary flow within an urbanized area of 50,000 and greater",US,Internal Medicine,Claim-Specialty,10775,19927.866666667,1689398.56,581810,660,,10554,19526.266666667,1650287.51,570211,,639,,2047,1424099.51,,8635,262509.42,,93,2789.63,,9253,1438409.69,,1522,250988.87,,9302,1580545.29,,1473,108853.27,11,89.95,206,,0.10208816705336,0,0,0,,0,123,1228.75,107,,13,312.42,*,,76.460606060606,21,289,211,139,392,268,,0,626,,0,22,523,137,1.3729921918015
1649553470,Bohunicky,Brian,A,,I,37 Pennsylvania Ave,,Binghamton,NY,36,13903,1,"Metropolitan area core: primary flow within an urbanized area of 50,000 and greater",US,Pharmacist,NPPES-Taxonomy,24,24,3596.8,24,21,"#",,,,,"#",,,24,3596.8,,0,0,,0,0,"#",,,*,,,*,,,"#",,,0,0,0,0,0,0,0,0,0,,0,0,0,*,,,*,,71.333333333333,,,,,,,15,0,,,0,0,,,1.2367142857143
1649593575,Bardini,Jacqueline,,,I,1775 E Main St,,Mohegan Lake,NY,36,10547,1,"Metropolitan area core: primary flow within an urbanized area of 50,000 and greater",US,Pharmacist,NPPES-Taxonomy,23,23,2192.22,313,14,,23,23,2192.22,313,,14,,13,2113.22,*,,,"#",,,"#",,,*,,,*,,,"#",,,0,0,0,0,0,0,0,0,0,,0,0,0,,0,0,,0,75.428571428571,0,,,,,,,,,0,0,,,,0.92828571428571
1649596552,Hosaka,Mia,,D.O.,I,2 Clara Barton Dr,Suite 201,Albany,NY,36,12208,1,"Metropolitan area core: primary flow within an urbanized area of 50,000 and greater",US,Family Practice,Claim-Specialty,2777,6375.2333333333,110786.75,186760,355,,2685,6205.5,106951.04,181803,,334,,330,68172.42,,2406,41566.36,,41,1047.97,"#",,,*,,,,510,30595.92,,2267,80190.83,158,2583.87,3576,44,5.6895930860641,,,,,,44,15207.07,30,*,,,*,,73.721126760563,21,175,127,32,213,142,265,52,,,,23,50,305,1.0037003876253
1649615923,King,Jessica,S,DO,I,481 Route 11,,Champlain,NY,36,12919,10,"Rural areas: primary flow to a tract outside a urbanized area of 50,000 and greater or UC",US,Family Practice,Claim-Specialty,7630,16341.866666667,1011869.05,472054,916,,5246,12089,634025.69,351464,,687,,1157,791465.29,,6367,213925.41,,106,6478.35,,4840,641993.25,,2790,369875.8,,4412,742082.52,,3218,269786.53,216,23964.91,5226,77,2.8309305373526,37,20012.75,1067,12,17.12962962963,151,9175.71,110,,24,932.04,,13,69.945414847162,229,355,229,103,577,339,897,,,,0,13,418,498,1.0663259411865
1649724386,Liao,Lucy,,NP,I,"19 Bowery, 2fl., Ste. 8",,New York,NY,36,10002,1,"Metropolitan area core: primary flow within an urbanized area of 50,000 and greater",US,Nurse Practitioner,Claim-Specialty,9816,13327.966666667,2202358.8,385319,729,,9710,13195.3,2190795.53,381654,,709,,2483,1956129.79,,7208,242231.77,,125,3997.24,,9249,2112297.91,,567,90060.89,,9390,2124973.91,,426,77384.89,0,0,0,0,0,0,0,0,0,,154,1401.88,120,,58,1409.34,,18,74.636488340192,20,418,188,103,379,350,,,709,,0,,642,87,1.1496137554314
1649937939,George,Merin,N,RPH,I,3705 Hampton Rd,,Oceanside,NY,36,11572,1,"Metropolitan area core: primary flow within an urbanized area of 50,000 and greater",US,Pharmacist,NPPES-Taxonomy,22,22,4051.41,22,21,"#",,,,,"#",,,22,4051.41,,0,0,,0,0,*,,,"#",,,,0,0,,22,4051.41,0,0,0,0,0,0,0,0,0,,0,0,0,*,,,*,,73.190476190476,,,,,,,16,0,,,0,,0,21,0.60652380952381
1659305217,Noteroglu,Emre,H,M.D.,I,600 Mamaroneck Ave,,Harrison,NY,36,10528,1,"Metropolitan area core: primary flow within an urbanized area of 50,000 and greater",US,Internal Medicine,Claim-Specialty,11631,25186.9,1011383.36,733755,1188,,11427,24831.1,1001037.01,723614,,1164,,1111,755866.45,,10384,252947.23,,136,2569.68,,1495,154166.77,,10136,857216.59,,1579,206264.22,,10052,805119.14,78,1151.75,1333,37,0.6706216146505,,,,,,466,18594.85,250,,140,16369.95,,36,80.077441077441,24,325,433,406,711,477,995,63,37,43,0,50,103,1085,1.1774968026403
1659310209,Adams,Robin,E,F.N.P.,I,700 South Perry St.,Johnstown Pediatric Health Center,Johnstown,NY,36,12095,4,"Micropolitan area core: primary flow within an urban cluster of 10,000 to 49,999",US,Nurse Practitioner,NPPES-Specialty,39,43,6547.09,244,28,"#",,,,,"#",,,36,6516.54,*,,,"#",,,,26,4228.56,,13,2318.53,*,,,"#",,,0,0,0,0,0,0,0,0,0,,0,0,0,*,,,*,,71.821428571429,,,,,15,13,28,0,0,0,0,0,,,0.9185
1659339976,Flaherty,Daniel,J,DO,I,1724 E Ridge Rd,,Rochester,NY,36,14622,1,"Metropolitan area core: primary flow within an urbanized area of 50,000 and greater",US,Family Practice,Claim-Specialty,9867,21427.2,877920.03,624090,802,,8845,19710.966666667,786851.59,574846,,743,,1124,667220.85,,8624,206669.83,,119,4029.35,,8624,718301.33,,1243,159618.7,,1276,131333.79,,8591,746586.24,491,13320.56,12959,101,4.9761832370528,21,977.58,630,,4.2769857433809,284,4808.29,166,,35,2936.13,*,,73.844139650873,59,407,242,94,411,391,696,33,,24,,43,77,725,1.0974400156312
1659345049,Roman,Rolando,R,MD,I,8854 180th St,,Jamaica,NY,36,11432,1,"Metropolitan area core: primary flow within an urbanized area of 50,000 and greater",US,Internal Medicine,Claim-Specialty,8706,23370.433333333,2614558.2,693853,333,,8107,21857.566666667,2405551.18,648927,,311,,1520,2303599.6,,6806,292738.67,,380,18219.93,,7462,2204953.07,,1244,409605.13,,4955,1470689.13,,3751,1143869.07,23,174.62,469,,0.26418561911326,0,0,0,,0,216,401101.37,95,,37,1792.35,,13,73.894894894895,22,160,118,33,187,146,,40,99,146,,37,165,168,1.1631754239209
1659353027,Cunningham,David,J,M.D.,I,3 Irongate Center,,Glens Falls,NY,36,12801,1,"Metropolitan area core: primary flow within an urbanized area of 50,000 and greater",US,Family Practice,Claim-Specialty,8519,17117.766666667,3299353.56,496224,623,,7636,15562.766666667,643691.85,452584,,572,,1163,3136791.84,,7240,158305.63,,116,4256.09,,5139,3014966.34,,3380,284387.22,,1448,2724492.5,,7071,574861.06,141,4983.59,3309,45,1.6551238408264,24,1886.42,840,,17.021276595745,162,3693.1,91,,67,2245.52,,13,75.197431781701,51,236,238,98,326,297,594,,,,0,22,82,541,1.1817224056404
1659353068,Shong,Dong-Hong,,M.D.,I,"13668 Roosevelt Ave # 4a",,Flushing,NY,36,11354,1,"Metropolitan area core: primary flow within an urbanized area of 50,000 and greater",US,Internal Medicine,Claim-Specialty,45624,73483.233333333,4299674.45,2161329,1893,,44927,72510.133333333,4206476.64,2133364,,1857,,5930,3294463.35,,38895,977649.95,,799,27561.15,,38705,3600179.35,,6919,699495.1,,38140,3822114.95,,7484,477559.5,32,164.65,521,17,0.070138523584079,,,,,,647,11761.31,443,,132,4068.42,,26,74.67881669308,36,1031,557,269,1172,721,,,1824,11,0,50,1291,602,1.0986817387878
1659364214,Oppenheimer,John,K,M.D.,I,60 Bay St,,Sag Harbor,NY,36,11963,1,"Metropolitan area core: primary flow within an urbanized area of 50,000 and greater",US,Internal Medicine,Claim-Specialty,3953,7947.0666666667,839154.81,230197,226,,3859,7805.0666666667,803259.7,226281,"#",,,702,704427.59,,3154,132712.08,,97,2015.14,,137,30573.23,,3816,808581.58,,130,99392.93,,3823,739761.88,103,5089.04,2383,24,2.6056159878573,30,3832.46,848,,29.126213592233,143,2818.93,87,,20,763.54,*,,80.367256637168,,,,,137,89,207,,,,0,,,,1.1781603653937
1659371078,Lam,Terry,,M.D.,I,80 Bowery,Suite 600,New York,NY,36,10013,1,"Metropolitan area core: primary flow within an urbanized area of 50,000 and greater",US,Internal Medicine,Claim-Specialty,4855,7748.5666666667,489944,223522,178,,4723,7447.2333333333,471190.91,214745,"#",,,661,364163.55,,4142,123570.84,,52,2209.61,,4271,416020.39,,584,73923.61,,4220,448606.09,,635,41337.91,0,0,0,0,0,0,0,0,0,,220,2896.2,98,,0,0,*,,73.477528089888,,,,,90,88,0,0,174,,0,,137,41,1.0058943564165
1659380327,Rotoli,Dina,M,N.P.,I,1445 Portland Ave,Suite 108,Rochester,NY,36,14621,1,"Metropolitan area core: primary flow within an urbanized area of 50,000 and greater",US,Nurse Practitioner,Claim-Specialty,307,323.66666666667,48965.32,4713,172,,234,249.66666666667,30250.65,3769,,133,,114,45015.96,,193,3949.36,,0,0,,209,29015.7,,98,19949.62,,150,26636.17,,157,22329.15,,,,,,,,,,,135,2714.04,75,,0,0,,0,70.738372093023,39,71,43,19,86,86,145,15,,,0,,72,100,2.2059191692543
1659468742,Hall-Ross,Sandra,,MD,I,"505 E 70th St # Ht-4",,New York,NY,36,10021,1,"Metropolitan area core: primary flow within an urbanized area of 50,000 and greater",US,Internal Medicine,Claim-Specialty,3550,7528.6,337947.09,221937,369,,3261,7123.0333333333,295205.29,210382,,330,,512,257594.26,,2974,79063.23,,64,1289.6,,1667,166875.82,,1883,171071.27,,1959,265153.26,,1591,72793.83,19,73.6,387,,0.53521126760563,0,0,0,,0,27,229.29,20,*,,,*,,72.569105691057,39,185,113,32,297,72,105,125,13,106,0,20,181,188,1.3438299002644
1659469310,Mault,Holly,E,"ANP, FNP",I,45 Foster Rd,,Hopewell Junction,NY,36,12533,1,"Metropolitan area core: primary flow within an urbanized area of 50,000 and greater",US,Nurse Practitioner,NPPES-Specialty,9353,18146.2,857207.76,497251,517,,6782,13410.166666667,470980.69,372122,,387,,928,647409.45,,8264,201215.47,,161,8582.84,,6047,553761.57,,3306,303446.19,,5371,678734.96,,3982,178472.8,989,12620.07,10003,88,10.574147332407,,,,,,336,6485.05,157,,58,24105.48,,13,68.959381044487,130,228,113,46,301,216,502,,,,,,246,271,1.1160734314216
1659471845,Waldman,Justine,L,MD,I,101 Dates Dr,,Ithaca,NY,36,14850,1,"Metropolitan area core: primary flow within an urbanized area of 50,000 and greater",US,Emergency Medicine,Claim-Specialty,857,931.73333333333,205722.83,16909,337,,290,316,44322.52,2236,,205,"#",,,,545,59408.78,*,,,,447,145801.5,,410,59921.33,,592,162829.61,,265,42893.22,,,,,,,,,,,17,188.06,,,0,0,,0,62.379821958457,132,146,,,176,161,298,13,,,0,17,135,202,0.93125983757336
1659476711,Nakamura,Chester,,MD,I,4 Coulter Rd,,Clifton Springs,NY,36,14432,2,"Metropolitan area high commuting: primary flow 30% or more to a urbanized area of 50,000 and greater",US,Internal Medicine,Claim-Specialty,17441,40308.833333333,1373041.24,1173826,1132,,16251,37959.366666667,1236565.07,1106516,,1069,,2159,978120.56,,14989,382016.15,,293,12904.53,,14120,1093245.48,,3321,279795.76,,2297,265094.57,,15144,1107946.67,445,19411.51,9713,73,2.5514592053208,44,8605.7,1320,,9.8876404494382,731,10334.91,407,,69,9943.37,,18,75.108657243816,63,512,372,185,651,481,1063,,,,0,50,92,1040,0.99499687054439
1659477321,Lef,Anna,,MD,I,215 E 95th St,,New York,NY,36,10128,1,"Metropolitan area core: primary flow within an urbanized area of 50,000 and greater",US,Internal Medicine,Claim-Specialty,5475,9485.6333333333,434617.09,275569,452,,4547,8168.3666666667,344555.45,238167,,401,,809,333504.89,,4587,97645.74,,79,3466.46,,2825,244780.79,,2650,189836.3,,3262,277846.44,,2213,156770.65,64,925.34,1154,13,1.1689497716895,0,0,0,0,0,46,6533.17,32,*,,,*,,72.433628318584,51,224,126,51,331,121,245,60,17,95,0,35,171,281,1.0596160289526
1659502235,Febrillet,Jose,P,R-PA,I,3410 Broadway,,New York,NY,36,10031,1,"Metropolitan area core: primary flow within an urbanized area of 50,000 and greater",US,Physician Assistant,NPPES-Specialty,10544,20622.1,2260525.64,607559,536,,8991,17978.166666667,1879600.43,529667,,459,,2525,1980389.76,,7521,259374.31,,498,20761.57,,9797,2120710.69,,747,139814.95,,9720,2103855.68,,824,156669.96,120,1509.64,907,71,1.1380880121396,0,0,0,0,0,101,1544.52,68,,138,33528.9,,41,70.72947761194,77,293,131,35,310,226,24,65,,436,0,,442,94,1.245570881123
1659533776,Cheung,Sandy,,D.O,I,11 E Broadway Ste 11b,,New York,NY,36,10038,1,"Metropolitan area core: primary flow within an urbanized area of 50,000 and greater",US,Internal Medicine,Claim-Specialty,9249,14829.133333333,1432035.28,434446,291,,9206,14721.133333333,1422333.22,431260,"#",,,2097,1140696.18,,6985,288794.07,,167,2545.03,,8916,1336987.96,,333,95047.32,,9131,1429109.72,,118,2925.56,0,0,0,0,0,0,0,0,0,,56,476.73,39,,55,2915.58,*,,74.030927835052,,,,,167,124,0,0,287,,0,,278,13,0.97138201931696
1659536233,Zhang,Yuqing,,M.D.,I,136-68 Roosevelt Ave,Ste 2a2b,Flushing,NY,36,11354,1,"Metropolitan area core: primary flow within an urbanized area of 50,000 and greater",US,Family Practice,Claim-Specialty,28998,32869.7,4575825.09,933850,518,,28500,32269.8,4486900.85,916622,,502,,7715,3878482.9,,20452,681315.08,,831,16027.11,,27415,4328031.05,,1583,247794.04,,28159,4520745.42,,839,55079.67,11,155.34,62,,0.037933650596593,0,0,0,,0,800,10636.32,324,,68,11149.13,,18,73.104247104247,16,318,135,49,292,226,,,495,,0,,464,54,1.0976038537456
1659650992,Caruso,John,,D.O.,I,303 Main St,,Binghamton,NY,36,13905,1,"Metropolitan area core: primary flow within an urbanized area of 50,000 and greater",US,Family Practice,Claim-Specialty,882,903.76666666667,46709.7,10279,638,,667,682.9,30729.3,6982,,508,"#",,,,706,9724.22,*,,,,575,35822.5,,307,10887.2,,331,21427.19,,551,25282.51,,,,,,,,,,,359,3933.95,329,,0,0,,0,71.023510971787,130,263,168,77,390,248,574,35,,12,,15,193,445,1.1163793772441
1659694420,Visser,Suzanne,P,PHARM.D.,I,14 Eastmount Dr,Apt. 270,Slingerlands,NY,36,12159,1,"Metropolitan area core: primary flow within an urbanized area of 50,000 and greater",US,Pharmacist,NPPES-Taxonomy,25,25,3977.21,25,25,,25,25,3977.21,25,,25,,25,3977.21,,0,0,,0,0,*,,,"#",,,*,,,"#",,,0,0,0,0,0,0,0,0,0,,0,0,0,,0,0,,0,73.08,0,18,,,,,20,,,0,0,,,,0.73476
1659755718,Olenyn,Melissa,M,,I,5 Garland Lane,,Greenville,NY,36,12083,2,"Metropolitan area high commuting: primary flow 30% or more to a urbanized area of 50,000 and greater",US,Pharmacist,NPPES-Taxonomy,20,20,3881.48,20,18,,20,20,3881.48,20,,18,,20,3881.48,,0,0,,0,0,"#",,,*,,,*,,,"#",,,0,0,0,0,0,0,0,0,0,,0,0,0,,0,0,,0,71.944444444444,0,13,,,,,13,,0,,0,,,,1.0647777777778
1659757664,Chou,Hui-Tzu,,FNP,I,217 Grand St Ste 802,,New York,NY,36,10013,1,"Metropolitan area core: primary flow within an urbanized area of 50,000 and greater",US,Nurse Practitioner,NPPES-Specialty,7433,8430.8333333333,1292514.19,241622,356,,7303,8300.8333333333,1278100.03,237827,"#",,,1979,1077311.49,,5390,214066.35,,64,1136.35,,7178,1231449.95,,255,61064.24,,7351,1291485.03,,82,1029.16,,,,,,,,,,,29,421.94,20,*,,,*,,71.544943820225,,,,,173,183,,0,354,0,0,,,,1.0183090017915
1659801959,Truong,Phuong,T,"MSN, FNP-BC, RN",I,"4266 Kissena Blvd # F1",,Flushing,NY,36,11355,1,"Metropolitan area core: primary flow within an urbanized area of 50,000 and greater",US,Nurse Practitioner,NPPES-Specialty,3707,5141.1,475822.53,146684,370,,3653,5065.1,464921.09,144522,"#",,,806,408704.48,,2848,65768.69,,53,1349.36,,3571,465038.99,,136,10783.54,,3593,470767,,114,5055.53,,,,,,,,,,,60,600.12,54,*,,,*,,73.021621621622,,,,,196,174,,,358,,0,,349,21,1.3033188640458
1669411120,Khan,Nasir,M,MD,I,3980 Sheridan Dr,Dent Tower Suit 601,Amherst,NY,36,14226,1,"Metropolitan area core: primary flow within an urbanized area of 50,000 and greater",US,Internal Medicine,Claim-Specialty,3093,6695,306178.69,197657,358,,2570,5799.8666666667,242530.02,171871,,291,,366,237781.3,,2675,64328.95,,52,4068.44,,1674,161252.25,,1419,144926.44,,1191,124357.76,,1902,181820.93,138,4796.09,4055,32,4.4616876818623,15,2517.06,450,,10.869565217391,16,91.11,14,,0,0,,0,70.368715083799,67,175,92,24,183,175,186,151,,,0,,147,211,1.5079070004003
1669415501,Waldman,Jonathan,S,MD,I,1101 Nott St,,Schenectady,NY,36,12308,1,"Metropolitan area core: primary flow within an urbanized area of 50,000 and greater",US,Internal Medicine,Claim-Specialty,22901,22960.9,1957992.03,485823,1815,,20172,20224.2,1694092.7,430262,,1615,,6555,1437496.5,,16254,515291.09,,92,5204.44,,11065,984214.25,,11836,973777.78,,20497,1716726.96,,2404,241265.07,440,12642.41,6785,152,1.9213134797607,91,8156,2026,22,20.681818181818,439,34553.4,195,,678,46124.64,,135,75.726170798898,200,636,596,383,1085,730,1561,116,,62,,49,1069,746,1.8203484393286
1669424446,Cruz,Jesenia,,MD,I,325 Essjay Rd,,Williamsville,NY,36,14221,1,"Metropolitan area core: primary flow within an urbanized area of 50,000 and greater",US,Family Practice,Claim-Specialty,5542,13920.966666667,501737.14,410279,506,,5109,12986.533333333,473749.2,382679,,463,,738,387324.9,,4764,112801.53,,40,1610.71,,3921,322778.17,,1621,178958.97,,1103,124604.26,,4439,377132.88,98,2361.81,3793,34,1.7683146878383,,,,,,73,390.73,62,*,,,*,,73.324110671937,43,257,147,59,395,111,403,57,,25,,16,85,421,1.1374523771243
1669438875,Kazmi,Mahmood,M,,I,3329 Bainbridge Ave,,Bronx,NY,36,10467,1,"Metropolitan area core: primary flow within an urbanized area of 50,000 and greater",US,Neurology,Claim-Specialty,5281,8560.4666666667,1817792.79,253826,663,,3765,6180.4,1012731.92,183327,,509,"#",,,,4116,187017.65,*,,,,3869,1378324.16,,1412,439468.63,,3760,1414841.02,,1521,402951.77,52,1383.7,1487,25,0.98466199583412,,,,,,,,,,342,246181.65,,74,70.187028657617,154,271,174,64,463,200,176,163,,263,,42,401,262,1.5112886082312
1548286438,Moehs,Charles,J,MD,I,428 Washington St Ste 2,,Watertown,NY,36,13601,1,"Metropolitan area core: primary flow within an urbanized area of 50,000 and greater",US,Family Practice,NPPES-Specialty,814,858.16666666667,150033,8497,443,,550,594.16666666667,93791.23,3772,,362,,594,117885.39,"#",,,*,,,,417,77248.66,,397,72784.34,,401,84905.07,,413,65127.93,0,0,0,0,0,0,0,0,0,,,,,,0,0,,0,69.647855530474,81,244,97,21,249,194,403,,,,0,18,148,295,1.0109465763732
1548303720,Choi,Shanna,H,M.D.,I,144 E 44th St,3rd Fl,New York,NY,36,10017,1,"Metropolitan area core: primary flow within an urbanized area of 50,000 and greater",US,Internal Medicine,Claim-Specialty,5847,16295.933333333,223201.79,478399,902,,5670,15843.666666667,210792.55,465247,,878,,487,114761.91,,5318,106602.63,,42,1837.25,,5805,216044.46,,42,7157.33,,646,28025.2,,5201,195176.59,209,3224.98,3420,67,3.5744826406704,,,,,,105,1078.8,93,*,,,*,,75.957871396896,24,388,345,145,640,262,567,40,155,102,0,38,87,815,1.0427431792824
1548323645,Popovtzer-Zolty,Einath,,,I,2300 Westchester Ave,,Bronx,NY,36,10462,1,"Metropolitan area core: primary flow within an urbanized area of 50,000 and greater",US,Internal Medicine,Claim-Specialty,9043,21415.766666667,1996778.91,638295,853,,7895,19238.833333333,1701597.13,574253,,769,,2004,1818052,,6824,168519.34,,215,10207.57,,6730,1469447.33,,2313,527331.58,,4805,1266395.83,,4238,730383.08,0,0,0,0,0,0,0,0,0,,13,3304.21,13,*,,,*,,74.491207502931,84,326,325,118,575,278,64,400,38,322,,,382,471,1.5640324527634
1548333552,Chan,Thomas,K,MD,I,198 Canal Street,Suite 602,New York,NY,36,10013,1,"Metropolitan area core: primary flow within an urbanized area of 50,000 and greater",US,Pulmonary Disease,Claim-Specialty,20733,23824.3,3406705.45,681464,850,,20435,23523.633333333,3380709.4,672979,"#",,,7887,3000379.84,,12827,406162.44,,19,163.17,,17241,2849056.05,,3492,557649.4,,19452,3273856.15,,1281,132849.3,0,0,0,0,0,0,0,0,0,,168,6136.64,78,,0,0,*,,76.624705882353,,,,,355,495,,,827,,0,16,760,90,1.5861901607163
1548339922,Panicker,Sini,S,RPH,I,27111 76th Ave,,New Hyde Park,NY,36,11040,1,"Metropolitan area core: primary flow within an urbanized area of 50,000 and greater",US,Pharmacist,NPPES-Taxonomy,17,17,2691.6,46,16,,17,17,2691.6,46,,16,,17,2691.6,,0,0,,0,0,*,,,"#",,,*,,,"#",,,0,0,0,0,0,0,0,0,0,,0,0,0,,0,0,,0,72.9375,0,12,,,,,14,,0,,0,0,0,16,0.6309375
1548355977,Satran,Andrew,L,M.D.,I,"358 Route 202, Suite 2",,Pomona,NY,36,10970,1,"Metropolitan area core: primary flow within an urbanized area of 50,000 and greater",US,Pediatric Medicine,Claim-Specialty,48,53.666666666667,7850.71,349,34,"#",,,,,"#",,,41,7343.91,*,,,*,,,,11,1742.27,,37,6108.44,,20,3088.95,,28,4761.76,0,0,0,0,0,0,0,0,0,,,,,*,,,*,,70.676470588235,,,,,17,17,20,,0,,0,,13,21,1.0159705882353
1548442585,Weiner,Scott,A,RPH,I,304 Park Ave S,,New York,NY,36,10010,1,"Metropolitan area core: primary flow within an urbanized area of 50,000 and greater",US,Pharmacist,NPPES-Taxonomy,12,12,2417.63,12,,,12,12,2417.63,12,*,,,12,2417.63,,0,0,,0,0,*,,,*,,,*,,,*,,,0,0,0,,0,0,0,0,,,0,0,,,0,0,*,,72.9,,,,,,,,,,,,,,,0.5009
1548471998,Wolfgang,Nicholas,D,,I,1125 Ridge Rd,,Webster,NY,36,14580,1,"Metropolitan area core: primary flow within an urbanized area of 50,000 and greater",US,Pharmacist,NPPES-Taxonomy,38,38,6606.95,38,36,"#",,,,,"#",,,38,6606.95,,0,0,,0,0,"#",,,*,,,*,,,"#",,,0,0,0,0,0,0,0,0,0,,0,0,0,*,,,*,,72.027777777778,,,,,21,15,32,0,0,,0,,,,0.76169444444444
1548545718,Kham,Vanna,,"NP, RN",I,760 Broadway,,Brooklyn,NY,36,11206,1,"Metropolitan area core: primary flow within an urbanized area of 50,000 and greater",US,Nurse Practitioner,Claim-Specialty,5069,5897.1,420191.74,169746,451,,1289,1706.1666666667,100244.41,50135,,106,,647,316084.33,,4314,101737.76,,108,2369.65,,1451,208441.43,,3618,211750.31,,5040,419237.56,,29,954.18,,,,,,,,,,,32,462.66,24,,0,0,,0,51.982261640798,345,78,,,173,278,76,236,,111,,16,,,0.88713839969494
1548594013,Voigt,Breanna,N,RPA-C,I,3680 Eggert Rd,,Orchard Park,NY,36,14127,1,"Metropolitan area core: primary flow within an urbanized area of 50,000 and greater",US,Physician Assistant,Claim-Specialty,2314,5483.4333333333,169480.68,161004,368,,2173,5188.9333333333,159107.64,152350,,340,,243,119399.99,,2052,49558.52,,19,522.17,,1917,140816.03,,397,28664.65,,346,42495.26,,1968,126985.42,64,723.51,1365,22,2.7657735522904,0,0,0,0,0,23,82.17,19,*,,,*,,72.804347826087,28,198,100,42,270,98,352,,0,,0,11,51,317,1.0412109235678
1548644305,Fulater,Gina,,NP,I,55 Melroy Ave,,Lackawanna,NY,36,14218,1,"Metropolitan area core: primary flow within an urbanized area of 50,000 and greater",US,Nurse Practitioner,NPPES-Specialty,2852,5658.6333333333,559289.28,162135,94,,2696,5354.6333333333,534399.1,153425,"#",,,629,446976.74,,2189,110044.82,,34,2267.72,,2822,557643.77,,30,1645.51,,2852,559289.28,,0,0,179,5922.25,4689,29,6.2762973352034,51,2249.12,1530,,28.491620111732,83,32660.97,36,,41,14878.3,*,,83.202127659574,,,,,83,11,83,,,,0,,94,0,2.5533571428571
