Prscrbr_NPI,Prscrbr_Last_Org_Name,Prscrbr_First_Name,Prscrbr_MI,Prscrbr_Crdntls,Prscrbr_Ent_Cd,Prscrbr_St1,Prscrbr_St2,Prscrbr_City,Prscrbr_State_Abrvtn,Prscrbr_State_FIPS,Prscrbr_Zip5,Prscrbr_RUCA,Prscrbr_RUCA_Desc,Prscrbr_Cntry,Prscrbr_Type,Prscrbr_Type_Src,Tot_Clms,Tot_30day_Fills,Tot_Drug_Cst,Tot_Day_Suply,Tot_Benes,GE65_Sprsn_Flag,GE65_Tot_Clms,GE65_Tot_30day_Fills,GE65_Tot_Drug_Cst,GE65_Tot_Day_Suply,GE65_Bene_Sprsn_Flag,GE65_Tot_Benes,Brnd_Sprsn_Flag,Brnd_Tot_Clms,Brnd_Tot_Drug_Cst,Gnrc_Sprsn_Flag,Gnrc_Tot_Clms,Gnrc_Tot_Drug_Cst,Othr_Sprsn_Flag,Othr_Tot_Clms,Othr_Tot_Drug_Cst,MAPD_Sprsn_Flag,MAPD_Tot_Clms,MAPD_Tot_Drug_Cst,PDP_Sprsn_Flag,PDP_Tot_Clms,PDP_Tot_Drug_Cst,LIS_Sprsn_Flag,LIS_Tot_Clms,LIS_Drug_Cst,NonLIS_Sprsn_Flag,NonLIS_Tot_Clms,NonLIS_Drug_Cst,Opioid_Tot_Clms,Opioid_Tot_Drug_Cst,Opioid_Tot_Suply,Opioid_Tot_Benes,Opioid_Prscrbr_Rate,Opioid_LA_Tot_Clms,Opioid_LA_Tot_Drug_Cst,Opioid_LA_Tot_Suply,Opioid_LA_Tot_Benes,Opioid_LA_Prscrbr_Rate,Antbtc_Tot_Clms,Antbtc_Tot_Drug_Cst,Antbtc_Tot_Benes,Antpsyct_GE65_Sprsn_Flag,Antpsyct_GE65_Tot_Clms,Antpsyct_GE65_Tot_Drug_Cst,Antpsyct_GE65_Bene_Suprsn_Flag,Antpsyct_GE65_Tot_Benes,Bene_Avg_Age,Bene_Age_LT_65_Cnt,Bene_Age_65_74_Cnt,Bene_Age_75_84_Cnt,Bene_Age_GT_84_Cnt,Bene_Feml_Cnt,Bene_Male_Cnt,Bene_Race_Wht_Cnt,Bene_Race_Black_Cnt,Bene_Race_Api_Cnt,Bene_Race_Hspnc_Cnt,Bene_Race_Natind_Cnt,Bene_Race_Othr_Cnt,Bene_Dual_Cnt,Bene_Ndual_Cnt,Bene_Avg_Risk_Scre
1982623146,Buch,Deepak,D,MD,I,175 W Main St,,Little Falls,NY,36,13365,7,"Small town core: primary flow within an urban cluster of 2,500 to 9,999",US,Internal Medicine,S,10518,16333.8,1354606.92,346288,4036,,9538,15163.266666667,1204356.94,326272,,3603,,5557,1264526.56,,4929,87144.99,,32,2935.37,,6591,812065.01999999,,3927,542541.9,,2904,387296.44,,7614,967310.47999999,132,597.19,3117,27,1.2549914432402,0,0,0,0,0,102,1674.84,59,,40,6559.05,*,,71.818384539148,433,2274,1078,251,2287,1749,3760,48,,46,,142,758,3278,0.90553239286728
1982662458,Shan,Zihe,,M.D,I,1508 Avenue U,,Brooklyn,NY,36,11229,1,"Metropolitan area core: primary flow within an urbanized area of 50,000 and greater",US,Internal Medicine,S,29028,53201.233333333,6376615.63,1564711,1159,,28805,52789.433333333,6339180.77,1552718,,1136,,8198,5646024.12,,20149,707130.99,,681,23460.52,,23315,4972934.72,,5713,1403680.91,,27956,6245784.27,,1072,130831.36,,,,,,,,,,,313,3040.55,230,,45,1435.64,,11,75.257981018119,23,609,340,187,617,542,12,,1114,,0,18,1061,98,1.0926651882317
1982670634,Fung,Sandy,M,MD,I,17 Elizabeth St,Suite 509,New York,NY,36,10013,1,"Metropolitan area core: primary flow within an urbanized area of 50,000 and greater",US,Family Practice,S,22976,38227.566666667,3323074.88,1111104,981,,22072,36924.366666667,3180114.52,1073485,,939,,4502,2741931.31,,17928,560602.61,,546,20540.96,,19268,2888489.03,,3708,434585.85,,21074,3160059.29,,1902,163015.59,0,0,0,0,0,0,0,0,0,,376,2428.67,247,,54,364.19,,14,73.77879714577,42,575,248,116,677,304,,,926,,0,35,769,212,0.85914705561871
1982671020,Childres,William,J,MD,I,77 Nelson St,3rd Floor,Auburn,NY,36,13021,4,"Micropolitan area core: primary flow within an urban cluster of 10,000 to 49,999",US,Internal Medicine,S,13108,28349.166666667,1095620.06,831437,983,,12397,27047.966666667,1034390.12,793328,,917,,1611,832106.83,,11443,260402.76,,54,3110.47,,6562,546048.83,,6546,549571.23,,3953,326783.46,,9155,768836.6,287,12583.25,6930,72,2.1895025938358,34,5917.58,1020,,11.84668989547,166,18797.88,102,,39,1673.81,*,,75.412004069176,66,439,293,185,412,571,930,13,,,0,33,167,816,1.2473203032718
1982780078,Behm,Dutsi,,M.D.,I,421 Ocean Pkwy,2nd Floor,Brooklyn,NY,36,11218,1,"Metropolitan area core: primary flow within an urbanized area of 50,000 and greater",US,Internal Medicine,S,9711,20589.733333333,1163912.76,604172,606,,9394,19998.666666667,1120800.79,586871,,580,,1604,955337.61,,7892,202937.29,,215,5637.86,,3490,345935.32,,6221,817977.44,,5021,745167.87,,4690,418744.89,30,570.3,579,20,0.30892801977139,0,0,0,0,0,302,13197.66,177,,43,2474.88,*,,76.186468646865,26,264,219,97,462,144,335,193,,41,,26,207,399,1.3112030155867
1992035257,Huang,Liwen,,M.D.,I,"8409 Queens Blvd # 1a",,Elmhurst,NY,36,11373,1,"Metropolitan area core: primary flow within an urbanized area of 50,000 and greater",US,Internal Medicine,S,2887,4880.4333333333,272980.2,140675,169,,2858,4849.4333333333,255538.94,139783,"#",,,442,220546.17,,2399,51532.95,,46,901.08,,2480,225534.08,,407,47446.12,,2125,215477.01,,762,57503.19,0,0,0,0,0,0,0,0,0,,41,350.85,28,*,,,*,,73.136094674556,,,,,100,69,,,152,,0,,111,58,0.81076824457594
1992039861,Zenoski,Christa,,NP,I,14 Center St,,Cuba,NY,36,14727,10,"Rural areas: primary flow to a tract outside a urbanized area of 50,000 and greater or UC",US,Nurse Practitioner,S,6745,12548.333333333,793847.93,365736,376,,5202,10246.466666667,610144.91,299521,,313,,1065,669553.19,,5590,119847.13,,90,4447.61,,4314,522921.04,,2431,270926.89,,2426,414762.71,,4319,379085.22,128,4261.23,3175,29,1.8977020014826,0,0,0,0,0,206,3191.2,109,,22,2557.51,*,,70.404255319149,63,180,106,27,230,146,359,,,0,0,16,94,282,1.0281911853871
1992708754,Kavcic,John,,MD,I,20 Losson Rd,Ste 105,Cheektowaga,NY,36,14227,1,"Metropolitan area core: primary flow within an urbanized area of 50,000 and greater",US,Internal Medicine,S,11396,28790.433333333,1291350.06,856976,863,,10666,27150.133333333,1202682.98,808538,,807,,1680,1040322.47,,9624,246324.31,,92,4703.28,,8764,877674.44,,2632,413675.62,,1481,208839.23,,9915,1082510.83,132,3394.85,4338,35,1.1583011583012,,,,,,81,894.05,62,*,,,*,,74.298957126304,56,402,299,106,444,419,813,22,,,,18,76,787,1.2360491929879
1992719520,Rugge,John,K,MD,I,6223 State Route 9,,Chestertown,NY,36,12817,10,"Rural areas: primary flow to a tract outside a urbanized area of 50,000 and greater or UC",US,Family Practice,S,1992,5170.0333333333,266248.59,153545,284,,1775,4656.9333333333,230280.79,138460,,261,,385,224946.58,,1581,40737.87,,26,564.14,,1200,164054.58,,792,102194.01,,502,87701.68,,1490,178546.91,0,0,0,0,0,0,0,0,0,,18,439.31,,*,,,*,,74.024647887324,23,131,102,28,114,170,272,,0,,0,,60,224,1.1062957000017
1992721104,Shi,Shelly,X,MD,I,185 Canal St,4th Floor,New York,NY,36,10013,1,"Metropolitan area core: primary flow within an urbanized area of 50,000 and greater",US,Internal Medicine,S,6334,11032.7,876673.7,325433,275,,6192,10805.7,867276.64,318964,,260,,1294,753768.65,,4934,119489.1,,106,3415.95,,5653,742840.87,,681,133832.83,,5701,808324.45,,633,68349.25,,,,,,,,,,,42,805.78,30,,26,680.35,*,,73.010909090909,15,160,72,28,166,109,13,,243,,0,,211,64,0.87782402420865
1992731475,Romanick,Dean,D,M.D.,I,4400 Lakeville Rd,,Geneseo,NY,36,14454,7,"Small town core: primary flow within an urban cluster of 2,500 to 9,999",US,Family Practice,S,13468,23491.033333333,820071.15,686351,580,,10633,19961,617366.33,583793,,516,,1345,514510.1,,11941,297376.91,,182,8184.14,,8738,504441.13,,4730,315630.02,,3991,268932.56,,9477,551138.59,344,9298.49,8729,56,2.5542025542026,21,2581.24,630,,6.1046511627907,284,2860.77,151,,124,4025.48,,19,72.855172413793,64,272,172,72,306,274,542,,0,,0,27,90,490,0.93674640282071
1992734404,Berlingieri,Dominic,,M.D.,I,3 Saint Stephens Ln,Suite 3,Warwick,NY,36,10990,2,"Metropolitan area high commuting: primary flow 30% or more to a urbanized area of 50,000 and greater",US,Pediatric Medicine,S,152,152,26761.77,185,108,"#",,,,,"#",,,151,26757.53,*,,,"#",,,,35,6502.42,,117,20259.35,,16,2816.21,,136,23945.56,0,0,0,0,0,0,0,0,0,,0,0,0,*,,,*,,74.203703703704,,,,,56,52,91,,,,0,,,,0.97788170850617
1992738355,Raizes,Gary,S,M.D.,I,600 Mamaroneck Ave,,Harrison,NY,36,10528,1,"Metropolitan area core: primary flow within an urbanized area of 50,000 and greater",US,Cardiology,S,6913,16531.566666667,626243.04,490506,708,,6839,16393.566666667,622921.72,486519,"#",,,856,480979.13,,6057,145263.91,,0,0,,342,28224.63,,6571,598018.41,,309,34329.18,,6604,591913.86,,,,,,,,,,,125,1454.76,94,,0,0,*,,77.533898305085,,,,,307,401,623,16,15,,,46,25,683,1.0416835718532
1992745632,O'Bryan,John,J,M.D.,I,200 Northern Dr,,Troy,NY,36,12182,1,"Metropolitan area core: primary flow within an urbanized area of 50,000 and greater",US,Family Practice,S,4796,11192.5,417762.48,329866,391,,4672,10935.566666667,395590.24,322581,,378,,706,336721.27,,4042,78224.47,,48,2816.74,,3920,342315.33,,876,75447.15,,196,24600.62,,4600,393161.86,33,437.81,707,,0.68807339449541,0,0,0,,0,23,202.22,20,,0,0,,0,74.271099744246,13,226,107,45,172,219,374,0,,,0,13,16,375,1.077884510335
1992748826,Pappas,Steven,W,M.D.,I,266 White Plains Rd,Suite 1-A,Eastchester,NY,36,10709,1,"Metropolitan area core: primary flow within an urbanized area of 50,000 and greater",US,Internal Medicine,S,1576,2894.9,123580.18,76132,413,,1514,2816.9,119566.5,74082,,398,"#",,,,1023,19641.34,*,,,,267,27740.45,,1309,95839.73,,198,22025.9,,1378,101554.28,,,,,,,,,,,56,497.36,29,,0,0,,0,74.186440677966,15,217,139,42,257,156,347,,16,16,,26,33,380,0.80442897497982
1992763916,Wu,Qiong,,MD,I,3808 Union St Apt 3j,,Flushing,NY,36,11354,1,"Metropolitan area core: primary flow within an urbanized area of 50,000 and greater",US,Internal Medicine,S,11486,17121.033333333,1150534.98,502595,420,,11211,16661.633333333,1103839.07,489438,,407,,1827,925203.23,,9470,219981.95,,189,5349.8,,10414,997654.09,,1072,152880.89,,10849,1094267.76,,637,56267.22,,,,,,,,,,,138,1152.05,92,*,,,*,,72.22380952381,13,275,93,39,215,205,,,399,,0,,361,59,1.081125233632
1992771935,Bartholomew,Anthony,O,MD,I,12 Center St Ste 1,,Fredonia,NY,36,14063,4,"Micropolitan area core: primary flow within an urban cluster of 10,000 to 49,999",US,Internal Medicine,S,12744,29157.733333333,1545588.7,862843,774,,11740,27176.166666667,1420260.17,804755,,722,,2095,1197235.66,,10577,343118.95,,72,5234.09,,7752,816461.09,,4992,729127.61,,1431,230717.09,,11313,1314871.61,224,5839.39,6067,54,1.7576898932831,,,,,,177,7967.22,90,,86,1060.62,,15,74.852713178295,52,343,255,124,431,343,733,,,,0,19,80,694,1.2600507612703
1992776249,Sharpe,Arleen,,M.D.,I,18 Ashford Ave,,Dobbs Ferry,NY,36,10522,1,"Metropolitan area core: primary flow within an urbanized area of 50,000 and greater",US,Family Practice,S,2890,7083.2,136689.21,208983,285,,2773,6900.2,132048.45,203586,"#",,,224,67702.08,,2653,68602.14,,13,384.99,,596,17729.65,,2294,118959.56,,173,8788.26,,2717,127900.95,14,446.07,375,,0.48442906574394,0,0,0,,0,37,344.28,28,*,,,*,,73.249122807018,,,,,197,88,226,26,,14,,14,13,272,0.73549303561935
1992790976,Kim,Andrew,S,M.D.,I,13710 Franklin Ave,"Suite #l-1",Flushing,NY,36,11355,1,"Metropolitan area core: primary flow within an urbanized area of 50,000 and greater",US,Family Practice,S,3903,7409.2333333333,680725.51,216756,258,,3869,7345.4,679321.33,214884,"#",,,901,632782.87,,2943,46373.66,,59,1568.98,,3300,556607.39,,603,124118.12,,2457,526480.76,,1446,154244.75,13,176.03,116,,0.33307712016398,0,0,0,,0,52,642.84,39,*,,,*,,74.422480620155,,,,,145,113,,27,155,30,,25,125,133,0.91025777353864
1992791479,Giannone,John,,MD,I,53 Pine St,Deposit Family Care Center,Deposit,NY,36,13754,2,"Metropolitan area high commuting: primary flow 30% or more to a urbanized area of 50,000 and greater",US,Family Practice,S,3700,8558.1666666667,324599.1,248610,388,,3333,7929.9333333333,291018.62,231535,,334,,509,252150.96,,3153,70252.95,,38,2195.19,,1857,153195.19,,1843,171403.91,,1048,92274.57,,2652,232324.53,135,3870.92,3230,36,3.6486486486486,0,0,0,0,0,70,1970.73,55,*,,,*,,72.605670103093,54,169,119,46,177,211,366,,0,,0,13,102,286,1.163589163979
1992803340,Bondar,Ellen,,MD,I,349 Henry St,,Brooklyn,NY,36,11201,1,"Metropolitan area core: primary flow within an urbanized area of 50,000 and greater",US,Internal Medicine,S,848,873.8,118341.6,10830,443,,820,845.8,114271.4,10724,,419,,583,111539.73,"#",,,*,,,,117,19884.66,,731,98456.94,,102,14119.73,,746,104221.87,14,150,117,13,1.6509433962264,0,0,0,0,0,28,357.12,26,,0,0,,0,73.200902934537,24,246,136,37,250,193,337,25,21,32,0,28,60,383,1.0372726533307
1992856702,Lamm,Steven,,M.D.,I,555 Madison Ave Fl 2,,New York,NY,36,10022,1,"Metropolitan area core: primary flow within an urbanized area of 50,000 and greater",US,Internal Medicine,S,4097,8589.6,772796.96,253071,460,,3966,8350.2666666667,740095.53,246122,,442,,906,657771.51,,3144,113352.19,,47,1673.26,,789,112918.06,,3308,659878.9,,257,63623.05,,3840,709173.91,,,,,,,,,,,54,1037.83,31,,52,1212.93,,19,73.79347826087,18,245,164,33,148,312,384,20,,11,,37,24,436,0.82777643015561
1992871933,Tam,Cynthia,,DO,I,139 Centre St Ste 709,,New York,NY,36,10013,1,"Metropolitan area core: primary flow within an urbanized area of 50,000 and greater",US,Internal Medicine,S,13512,23458.1,2056216.13,687143,870,,13208,23011.7,1994798.22,674016,,843,,3167,1758953.51,,10177,292225.19,,168,5037.43,,12010,1827592.15,,1502,228623.98,,12675,1981466.54,,837,74749.59,0,0,0,0,0,0,0,0,0,,188,2618.69,145,,11,128.43,*,,74.455172413793,27,473,256,114,475,395,,,828,,0,24,762,108,1.1332999726267
1992891311,Om,Nam Hee,,M.D.,I,2532 Grand Concourse,,Bronx,NY,36,10458,1,"Metropolitan area core: primary flow within an urbanized area of 50,000 and greater",US,Internal Medicine,S,8267,11802.333333333,991264.31,350752,290,"#",,,,,"#",,,1716,871394.22,,6380,114053.05,,171,5817.04,,6686,766846.44,,1581,224417.87,,7042,913117.46,,1225,78146.85,,,,,,,,,,,21,196.68,18,*,,,*,,72.175862068966,,,,,173,117,,0,267,,0,18,211,79,0.96656299982187
1073508081,Burton,Chester,R,DO,I,132 Macarthur Ave,,Cobleskill,NY,36,12043,2,"Metropolitan area high commuting: primary flow 30% or more to a urbanized area of 50,000 and greater",US,Family Practice,S,4780,11174.733333333,506360.47,324288,418,,4230,10152,472805.56,295697,,382,,721,391381.41,,4030,113515.19,,29,1463.87,,2471,254254.54,,2309,252105.93,,1273,120432.61,,3507,385927.86,144,28660,3154,29,3.0125523012552,15,23870.86,435,,10.416666666667,199,7200.97,120,*,,,*,,73.38038277512,36,208,127,47,172,246,387,,,,,13,65,353,0.91375942371212
1073538351,D Angelo,Christopher,,MD,I,2400 S Clinton Ave Ste 230,,Rochester,NY,36,14618,1,"Metropolitan area core: primary flow within an urbanized area of 50,000 and greater",US,Internal Medicine,S,10752,25488.3,991303.65,746716,967,,10073,24253.933333333,907048.24,711504,,921,,1178,734508.31,,9444,248272.07,,130,8523.27,,8873,731206.21,,1879,260097.44,,1361,156903.63,,9391,834400.02,257,28920.07,5462,66,2.3902529761905,26,7516.34,766,,10.11673151751,186,2056.12,116,,31,9181.62,*,,74.439503619442,46,475,324,122,508,459,838,50,12,,,57,70,897,0.93506455999375
1073541546,Cushman,Jeremy,T,"M.D., M.S.",I,Emergency Medicine,"601 Elmwood Avenue, Box 655",Rochester,NY,36,14642,1,"Metropolitan area core: primary flow within an urbanized area of 50,000 and greater",US,Emergency Medicine,S,3063,3064,487711.34,11673,2436,,2687,2688,428468.38,9067,,2140,,3058,487540.76,*,,,"#",,,,2542,404295.82,,521,83415.52,,533,83388.89,,2530,404322.45,0,0,0,0,0,0,0,0,0,,,,,,0,0,,0,71.600985221675,296,1262,713,165,1422,1014,2100,125,34,61,0,116,368,2068,0.89825159248835
1073562716,Fudyma,John,,MD,I,2350 Maple Rd Ste 100,,Amherst,NY,36,14221,1,"Metropolitan area core: primary flow within an urbanized area of 50,000 and greater",US,Internal Medicine,S,777,1704.3333333333,55082.19,49440,64,,690,1546.3333333333,47093.76,44858,"#",,"#",,,,633,14807.08,*,,,,646,47910.41,,131,7171.78,,121,10182.43,,656,44899.76,11,170.12,271,,1.4157014157014,,,,,,12,161.03,,,0,0,*,,73.3125,,,,,30,34,56,,0,0,0,,,,1.30875
1073574273,Sanchez,Ruth,M,MD,I,2700 Westchester Ave,,Purchase,NY,36,10577,1,"Metropolitan area core: primary flow within an urbanized area of 50,000 and greater",US,Internal Medicine,S,4880,11281.666666667,395380.95,330224,421,,4447,10504.8,344438.69,308105,,387,,516,278659.91,,4342,115562.1,,22,1158.94,,2445,144401.36,,2435,250979.59,,2847,270537.3,,2033,124843.65,23,282.06,213,18,0.47131147540984,,,,,,86,1495.04,66,,11,232.32,*,,73.513064133017,34,218,121,48,308,113,120,32,,254,0,,179,242,1.00129009672
1073671400,Chung,Sea,H,M.D.,I,3925 Union St,,Flushing,NY,36,11354,1,"Metropolitan area core: primary flow within an urbanized area of 50,000 and greater",US,Internal Medicine,S,26230,30702.866666667,3374600.75,907132,586,,25789,30227.6,3300737.49,893057,"#",,,6464,2999569.76,,19495,366533.66,,271,8497.33,,19403,2479426.28,,6827,895174.47,,24699,3282334.21,,1531,92266.54,,,,,,,,,,,179,1049.53,106,*,,,*,,75.656996587031,,,,,352,234,,,541,,0,31,491,95,1.0401681356865
1073698106,Gross,Paul,,MD,I,Mmg - Family Health Center,360 East 193rd Street,Bronx,NY,36,10458,1,"Metropolitan area core: primary flow within an urbanized area of 50,000 and greater",US,Family Practice,S,3423,5910.4666666667,474796.46,171379,157,,3036,5422.4666666667,384694.65,158131,,136,,637,389899.44,,2718,83001.47,,68,1895.55,,2529,359951.08,,894,114845.38,,3269,469527.13,,154,5269.33,88,1763.96,1990,,2.5708442886357,0,0,0,,0,,,,*,,,*,,71.777070063694,21,74,51,11,105,52,,26,18,100,0,,132,25,1.3343128313942
1073792115,Filippi Backus,Victoria,M,F.N.P.,I,431 Beach 129th St,,Belle Harbor,NY,36,11694,1,"Metropolitan area core: primary flow within an urbanized area of 50,000 and greater",US,Nurse Practitioner,S,3253,6765.8333333333,192706.46,198217,347,,3011,6295.5333333333,180655.47,184725,,318,,495,142650.28,,2737,48851.65,,21,1204.53,,792,41382.11,,2461,151324.35,,352,11832.98,,2901,180873.48,41,8857.37,1230,,1.2603750384261,12,8508.69,360,,29.268292682927,94,458.18,68,*,,,*,,74.262247838617,29,159,107,52,235,112,318,,,,0,13,32,315,0.992066690912
1073842381,Vona,Vincent,J,PHARM D,I,1768 Old Country Rd,,Riverhead,NY,36,11901,1,"Metropolitan area core: primary flow within an urbanized area of 50,000 and greater",US,Pharmacist,T,45,45,7185.65,45,41,,45,45,7185.65,45,,41,,45,7185.65,,0,0,,0,0,*,,,"#",,,*,,,"#",,,0,0,0,0,0,0,0,0,0,,0,0,0,,0,0,,0,74.219512195122,0,21,,,23,18,35,0,,,0,,,,0.73751219512195
1073879862,Saadia,Meir,,M.D.,I,546 Eastern Pkwy,,Brooklyn,NY,36,11225,1,"Metropolitan area core: primary flow within an urbanized area of 50,000 and greater",US,Internal Medicine,S,7846,19795.6,685374.2,589132,796,,7507,18980.466666667,635102.24,564954,,756,,999,516665.51,,6623,157634.95,,224,11073.74,,5362,474226.27,,2484,211147.93,,2159,201872.01,,5687,483502.19,0,0,0,0,0,0,0,0,0,,61,2284.25,42,*,,,*,,76.208542713568,40,317,306,133,541,255,,713,,27,,39,181,615,1.2095124252382
1073889978,Morcos,David,,DO,I,38 Concord Rd,,Monticello,NY,36,12701,7,"Small town core: primary flow within an urban cluster of 2,500 to 9,999",US,Family Practice,S,4349,7162.6,258340.67,207672,396,,2942,5104.8666666667,147013.29,148279,,279,,435,159114.33,,3865,97262.24,,49,1964.1,,1222,59973.84,,3127,198366.83,,3121,199279.28,,1228,59061.39,,,,,,,,,,,76,764.11,60,*,,,*,,67.285353535354,117,173,72,34,189,207,322,31,,29,,12,211,185,1.3572338896882
1083008445,Lombardo,Michelle,,,I,42 W Main St,,Owego,NY,36,13827,7.1,"Secondary flow 30% to <50% to a urbanized area of 50,000 and greater",US,Family Practice,S,817,2015.6666666667,90489.99,58810,137,,740,1845.4,78754.83,53939,,116,"#",,,,680,15687.67,*,,,,587,57589.71,,230,32900.28,,165,24236.94,,652,66253.05,19,292.99,461,13,2.3255813953488,0,0,0,0,0,,,,,0,0,,0,71.890510948905,21,63,,,94,43,132,,0,0,0,,27,110,1.0813369695714
1083198774,Zarowsky,Aron,J,PA,I,1302 E Main St,,Endicott,NY,36,13760,1,"Metropolitan area core: primary flow within an urbanized area of 50,000 and greater",US,Physician Assistant,S,4194,8326.7,546724.27,239585,542,,2686,5550.5666666667,311771.18,160143,,383,,656,463384.52,,3498,81583.62,,40,1756.13,,2667,380663.08,,1527,166061.19,,2412,335072.49,,1782,211651.78,162,3636.15,3614,57,3.862660944206,11,239.18,285,,6.7901234567901,81,835.48,49,*,,,*,,67.99815498155,159,231,103,49,305,237,466,39,,17,,15,244,298,1.1646122023964
1083608418,Wehr,Matthew,D,MD,I,138 E Main St,,Westfield,NY,36,14787,7,"Small town core: primary flow within an urban cluster of 2,500 to 9,999",US,Family Practice,S,4380,11013.8,423485.32,323357,465,,4143,10512.033333333,406287.45,309008,,422,,582,333380.66,,3746,80015.91,,52,10088.75,,2987,292402.2,,1393,131083.12,,853,108942.6,,3527,314542.72,48,1378.26,1220,26,1.0958904109589,,,,,,83,387.09,60,,14,16224.3,*,,72.974193548387,43,227,154,41,241,224,444,,0,,0,11,88,377,1.2155129935204
1083700926,Photangtham,Punyadech,,MD,I,3875 Broadway,Unit B,New York,NY,36,10032,1,"Metropolitan area core: primary flow within an urbanized area of 50,000 and greater",US,Family Practice,S,4761,9077.3666666667,933436.68,268135,265,,4143,8275.5666666667,742876.53,244536,,240,,757,791322.52,,3952,140968.47,,52,1145.69,,3784,636802.76,,977,296633.92,,3126,568546.52,,1635,364890.16,11,76.72,161,,0.23104389834068,0,0,0,,0,55,625.49,36,,16,53.25,*,,71.909433962264,25,151,74,15,154,111,24,,117,71,,47,160,105,0.89328857149918
1083707244,Ross,Randy,B,MD,I,Mmg - Bronx East,2300 Westchester Avenue,Bronx,NY,36,10462,1,"Metropolitan area core: primary flow within an urbanized area of 50,000 and greater",US,Internal Medicine,S,2583,6162.6333333333,293810.16,183429,497,,2329,5629.2,253408.61,167667,,452,,440,229847.77,,2081,60803.25,,62,3159.14,,1819,222940.94,,764,70869.22,,1027,154631.42,,1556,139178.74,0,0,0,0,0,0,0,0,0,,,,,*,,,*,,74.261569416499,45,221,158,73,351,146,40,249,,166,,27,154,343,1.4384595756539
1083765531,Correa,Michael,,MD,I,1302 Amsterdam Ave,,New York,NY,36,10027,1,"Metropolitan area core: primary flow within an urbanized area of 50,000 and greater",US,Internal Medicine,S,33053,61051.866666667,3691624.02,1786750,1477,,27269,51736.933333333,3104242.18,1517821,,1247,,5618,3088352.04,,26403,567044.67,,1032,36227.31,,30276,3436437.64,,2777,255186.38,,29286,3315318.01,,3767,376306.01,296,1619.4,5235,100,0.89553141923577,0,0,0,0,0,637,16886.18,382,,135,3500.36,,30,72.535545023697,230,638,431,178,970,507,78,231,,1139,,16,1131,346,1.3296718394329
1083778716,Bregman,Zachary,,MD,I,121 W 20th St,Lower Level,New York,NY,36,10011,1,"Metropolitan area core: primary flow within an urbanized area of 50,000 and greater",US,Internal Medicine,S,2491,5431.4666666667,296970.81,157301,247,,2207,4853.0333333333,243839.43,140809,,225,"#",,,,2110,103914.96,*,,,,1375,136999.79,,1116,159971.02,,991,139756.38,,1500,157214.43,13,53.87,62,,0.52187876354878,0,0,0,,0,70,17732.87,41,*,,,*,,73.591093117409,22,120,74,31,112,135,164,35,12,20,0,16,58,189,1.1420811202409
1083786362,Farhat,Laila,,,I,316 86th St,,Brooklyn,NY,36,11209,1,"Metropolitan area core: primary flow within an urbanized area of 50,000 and greater",US,Internal Medicine,S,12095,18619.2,2004801.81,550414,330,,9521,15100.666666667,1455753.63,446495,,270,,2698,1735629.62,,8873,245049.18,,524,24123.01,,8750,1499260.28,,3345,505541.53,,11458,1926201.7,,637,78600.11,114,1356.84,2288,37,0.94253823894171,0,0,0,0,0,102,2142.79,66,,58,1701.53,,18,69.266666666667,60,185,70,15,178,152,155,15,38,58,0,64,276,54,1.2852992961569
1093074445,Sohns,David,M,PHARM. D,I,3857 State Route 31,,Liverpool,NY,36,13090,1,"Metropolitan area core: primary flow within an urbanized area of 50,000 and greater",US,Pharmacist,T,13,13,2339,13,12,*,,,,,*,,,13,2339,,0,0,,0,0,*,,,*,,,*,,,*,,,0,0,0,0,0,0,0,0,0,,0,0,0,*,,,*,,66.583333333333,,,,,,,,,0,0,0,,,,0.47283333333333
1093179962,Sullivan,Morgan,,NP,I,127 W Main St,,Le Roy,NY,36,14482,3,"Metropolitan area low commuting: primary flow 10% to <30% to a urbanized area of 50,000 and greater",US,Nurse Practitioner,S,3579,6877.3333333333,187502.5,195630,713,,3128,6121.1,147346.71,174162,,627,,345,127699.86,,3216,59262.88,,18,539.76,,2740,116004.05,,839,71498.45,,751,67207.55,,2828,120294.95,118,4002.5,2660,61,3.2970103380833,,,,,,182,1405.6,128,*,,,*,,72.443197755961,86,334,220,73,402,311,674,,0,,,22,122,591,1.0857908110247
1093238222,Dimattei,Jaclyn,S,NP,I,75 Landing Meadow Rd,,Smithtown,NY,36,11787,1,"Metropolitan area core: primary flow within an urbanized area of 50,000 and greater",US,Nurse Practitioner,S,8050,8447,519344.04,237101,732,,2469,2611.9666666667,144025.89,73904,,185,,1362,381850.35,,6668,136840.16,,20,653.53,,796,47826.71,,7254,471517.33,,8033,519063.13,,17,280.91,,,,,,,,,,,104,2040.17,80,*,,,*,,54.681693989071,547,142,32,11,300,432,552,96,,54,,21,,,1.1802141460745
1093250219,Rhem,Ebony,,RPH,I,5564 Broadway,,Bronx,NY,36,10463,1,"Metropolitan area core: primary flow within an urbanized area of 50,000 and greater",US,Pharmacist,T,11,11,2058.46,11,11,,11,11,2058.46,11,,11,,11,2058.46,,0,0,,0,0,*,,,*,,,*,,,*,,,0,0,0,0,0,0,0,0,0,,0,0,0,,0,0,,0,74.636363636364,0,,,,,,,,0,,0,0,,,0.94
1093703696,Ramirez,Alvaro,,MD,I,8818 37th Ave,,Jackson Heights,NY,36,11372,1,"Metropolitan area core: primary flow within an urbanized area of 50,000 and greater",US,Family Practice,S,14185,30208.2,1520700.58,879598,921,,13167,28324.133333333,1367470.82,824622,,851,,1989,1228443.51,,11796,282805.3,,400,9451.77,,12816,1399026.3,,1369,121674.28,,10296,1250160.54,,3889,270540.04,39,63.32,613,19,0.27493831512161,0,0,0,0,0,226,2335.53,164,,11,4815.31,*,,72.842562432139,70,485,289,77,508,413,49,,13,848,0,,582,339,0.97074631146708
1093718140,Shaikh,Jawad,F,MD,I,1 Oxford Rd,,New Hartford,NY,36,13413,1,"Metropolitan area core: primary flow within an urbanized area of 50,000 and greater",US,Internal Medicine,S,3169,6053.7333333333,305873.2,176752,192,,2543,4966.6333333333,254115.07,145247,,162,"#",,,,2712,69497.44,*,,,,1710,166292.9,,1459,139580.3,,1248,147714.56,,1921,158158.64,55,455.77,1214,15,1.7355632691701,0,0,0,0,0,85,1810.26,56,,13,113.08,*,,72.921875,30,80,59,23,108,84,146,17,,,0,,58,134,1.5780671845667
1093749285,Cahn-Hidalgo,Diego,G,MD,I,300 White Spruce Blvd,Suite 100,Rochester,NY,36,14623,1,"Metropolitan area core: primary flow within an urbanized area of 50,000 and greater",US,Internal Medicine,S,10966,26082.533333333,846128.8,766345,734,,10586,25354.533333333,815100.62,745336,,713,,1302,615061.3,,9535,224413.54,,129,6653.96,,8963,654534.19,,2003,191594.61,,696,45122.51,,10270,801006.29,49,512.81,1329,19,0.44683567390115,,,,,,196,1657.37,127,,24,392.59,*,,75.689373297003,21,328,296,89,405,329,612,70,,12,,35,36,698,1.0788335290419
1093769358,Mackellar,Bruce,W,MD,I,111 Loder St Ste A,,Hornell,NY,36,14843,4,"Micropolitan area core: primary flow within an urban cluster of 10,000 to 49,999",US,Family Practice,S,7421,13872.866666667,659817.88,390074,863,,5751,11546,528863.68,324683,,745,,1309,478542.01,,6064,178530.38,,48,2745.49,,3865,320582.4,,3556,339235.48,,2918,293137.07,,4503,366680.81,498,35224.16,13153,102,6.7106858913893,73,14070.65,2027,13,14.658634538153,167,1882.56,87,,67,9192.21,,12,72.032444959444,118,418,239,88,515,348,820,,,,,31,224,639,1.0325779671458
1093771396,Erickson,Robert,J,DO,I,3671 Southwestern Blvd St 213,,Orchard Park,NY,36,14127,1,"Metropolitan area core: primary flow within an urbanized area of 50,000 and greater",US,Family Practice,S,11200,25582.466666667,1190666.66,754354,1234,,10028,23567.033333333,1053960.4,695396,,1112,,1460,883524.3,,9574,243751.02,,166,63391.34,,7726,740430.83,,3474,450235.83,,1909,215249.43,,9291,975417.23,501,11825.27,13127,141,4.4732142857143,41,3771.91,1350,,8.1836327345309,124,5152.8,90,,35,12406,,13,74.164505672609,122,522,427,163,616,618,1182,,,21,0,23,159,1075,1.2846412479891
1093774069,Husted,Renee,T,FNP,I,130 Center Way,,Corning,NY,36,14830,4,"Micropolitan area core: primary flow within an urban cluster of 10,000 to 49,999",US,Nurse Practitioner,S,5060,10192.566666667,259848.45,291078,538,,4347,9073.5,215784.61,259975,,444,,442,172612.91,,4582,85532.59,,36,1702.95,,2733,141283.09,,2327,118565.36,,1415,81001.18,,3645,178847.27,67,1815.23,1377,31,1.3241106719368,,,,,,195,1183.56,120,*,,,*,,71.594795539033,94,232,155,57,277,261,509,,,,0,12,144,394,1.160307390086
1093776445,Novelli,David,J,M.D.,I,2731 Transit Rd Ste 107,,Elma,NY,36,14059,1,"Metropolitan area core: primary flow within an urbanized area of 50,000 and greater",US,Family Practice,S,6763,16521.733333333,674904.98,486512,634,,6507,15876.8,638439.75,467560,,604,,1048,516361.74,,5642,154701.94,,73,3841.3,,5069,463465.26,,1694,211439.72,,352,47115.39,,6411,627789.59,74,1109.59,1616,42,1.0941889693923,,,,,,124,861.25,94,,27,1868.33,*,,75.239747634069,30,291,223,90,343,291,621,0,,,0,,23,611,1.0227960630913
1093777930,Wong,Min,A,MD,I,5423 7th Ave,,Brooklyn,NY,36,11220,1,"Metropolitan area core: primary flow within an urbanized area of 50,000 and greater",US,Internal Medicine,S,24232,35809.1,4542493.24,1052644,510,,23472,34613.3,4380726.19,1017760,,488,,6506,3803326.31,,17032,716615.23,,694,22551.7,,19191,3480275.86,,5041,1062217.38,,23684,4488174.86,,548,54318.38,39,373.32,367,31,0.16094420600858,0,0,0,0,0,244,39927.08,144,,302,4003.13,,53,73.862745098039,22,288,123,77,261,249,,,500,,0,,487,23,1.1685075799516
1093794547,Saltzman-Gabelman,Lori,,MD,I,210 Westchester Ave,,White Plains,NY,36,10604,1,"Metropolitan area core: primary flow within an urbanized area of 50,000 and greater",US,Internal Medicine,S,7782,18776.566666667,428033.16,556701,641,,7575,18371.9,414131.06,544910,,623,,745,289760.32,,7025,137501.54,,12,771.3,,2853,138239.4,,4929,289793.76,,1326,91431.61,,6456,336601.55,53,339.87,1112,15,0.6810588537651,,,,,,84,1637.33,54,,76,1190.6,,15,75.787831513261,18,301,215,107,523,118,412,119,27,56,0,27,68,573,0.99847903691622
1093808255,Berk,Lee,A,MD,I,1010 Central Park Ave,,Yonkers,NY,36,10704,1,"Metropolitan area core: primary flow within an urbanized area of 50,000 and greater",US,Internal Medicine,S,8236,18349.066666667,963013.83,544744,615,,7703,17395.766666667,895904.24,516654,,573,,1307,763832.52,,6790,193427.73,,139,5753.58,,5448,661280.62,,2788,301733.21,,2155,293366.82,,6081,669647.01,11,74.53,221,,0.13355998057309,0,0,0,,0,67,1228.39,50,*,,,*,,74.383739837398,42,280,217,76,357,258,231,249,24,88,0,23,128,487,1.0977777441777
1104028067,Teng,Rui Er,,MD,I,6805 Fort Hamilton Pkwy Fl 1,,Brooklyn,NY,36,11219,1,"Metropolitan area core: primary flow within an urbanized area of 50,000 and greater",US,Family Practice,S,9745,15714.666666667,2127115.46,449735,295,,9246,14951.966666667,2029295.31,428681,,279,,2629,1904656.51,,7017,220555.57,,99,1903.38,,7003,1633350.43,,2742,493765.03,,9559,2114521.98,,186,12593.48,0,0,0,0,0,0,0,0,0,,363,3445.15,154,,85,1436.8,,28,73.264406779661,16,167,77,35,165,130,,,273,,0,,276,19,1.1303594136652
1104169291,Suh,Christine,Y,MD,I,731 White Plains Rd,,Bronx,NY,36,10473,1,"Metropolitan area core: primary flow within an urbanized area of 50,000 and greater",US,General Practice,S,4042,6627.9333333333,616943.3,195072,209,,2675,4732.6,424347.21,140608,,148,,877,553339.63,,3004,57258.12,,161,6345.55,,3310,525453.26,,732,91490.04,,3450,544135.74,,592,72807.56,21,166.11,419,,0.51954477981197,,,,,,,,,,0,0,,0,67.320574162679,61,94,41,13,141,68,,61,,131,0,,157,52,1.2336480847336
1104173632,Davis,Jenny,,FNP,I,350 Grand St,,New York,NY,36,10002,1,"Metropolitan area core: primary flow within an urbanized area of 50,000 and greater",US,Nurse Practitioner,S,2529,5237.9666666667,280981.57,151298,186,,1719,3892.0333333333,180612.74,113613,,149,,378,217970.54,,2134,61694.57,,17,1316.46,,1540,167951.78,,989,113029.79,,1620,190680.83,,909,90300.74,142,3552.15,3954,26,5.6148675365757,,,,,,49,5183.3,25,*,,,*,,69.677419354839,37,88,47,14,110,76,167,,0,,0,,86,100,1.3017857955959
1104278951,Dhawan,Noorpreet,K,M.D.,I,9768 Liberty Dr,,Painted Post,NY,36,14870,4,"Micropolitan area core: primary flow within an urban cluster of 10,000 to 49,999",US,Family Practice,S,1425,2670.4666666667,129461.58,76108,265,,1176,2281.3333333333,108816.66,64976,,220,,216,104412.39,,1194,24047.9,,15,1001.29,,904,75377.47,,521,54084.11,,427,49424.04,,998,80037.54,59,1072.97,1553,27,4.140350877193,,,,,,42,383.09,31,*,,,*,,71.992452830189,45,119,75,26,147,118,254,,,,0,,60,205,1.1438052182998
1104288281,Wang,Todd,,D.O.,I,100 John Roemmelt Dr Ste 301,,Horseheads,NY,36,14845,1,"Metropolitan area core: primary flow within an urbanized area of 50,000 and greater",US,Family Practice,S,4325,6837.4333333333,349663.51,197377,254,,3094,5092.9,239343.55,147232,,188,,584,273661.36,,3682,72799.84,,59,3202.31,,3079,245298.12,,1246,104365.39,,2345,205881.52,,1980,143781.99,156,2868.09,4107,33,3.606936416185,,,,,,73,633.39,42,,20,414.36,*,,69.236220472441,66,98,64,26,154,100,234,11,0,,,,86,168,1.1892794764829
1104810944,Depner,Christopher,R,M.D.,I,12 Martin St,,Wellsville,NY,36,14895,7,"Small town core: primary flow within an urban cluster of 2,500 to 9,999",US,Family Practice,S,17176,32282.3,1778161.86,933725,626,,13339,26710.9,1291188.51,774526,,525,,2451,1391420.66,,14603,378593.98,,122,8147.22,,7491,687598.05,,9685,1090563.81,,7504,914060.64,,9672,864101.22,770,76423.11,18603,108,4.4829995342338,199,53921.7,5836,22,25.844155844156,405,6724.23,191,,172,25188.8,,32,71.178913738019,101,317,141,67,319,307,602,,,,,17,169,457,1.1534446108163
1104818640,Choi,Alexander,K,M.D.,I,38-34 Parsons Blvd.,"Suite #1d",Flushing,NY,36,11354,1,"Metropolitan area core: primary flow within an urbanized area of 50,000 and greater",US,Internal Medicine,S,10282,11627.066666667,1243659.64,342925,240,,10147,11484.066666667,1232749.59,338635,"#",,,2456,1126796.42,,7761,114949.71,,65,1913.51,,6179,692995.19,,4103,550664.45,,9349,1209999.06,,933,33660.58,114,1341.62,2848,20,1.1087337093951,0,0,0,0,0,37,201.2,24,,0,0,*,,76.654166666667,,,,,136,104,,,208,,0,12,186,54,1.0297011842071
1104819010,Zaltsman,Helen,,MD,I,2016 Bath Ave,,Brooklyn,NY,36,11214,1,"Metropolitan area core: primary flow within an urbanized area of 50,000 and greater",US,Internal Medicine,S,6148,6820.9,747031.34,197590,245,,5863,6498.9,705528.13,188822,,230,,1467,512743.82,,4570,229995.2,,111,4292.32,,495,38322.45,,5653,708708.89,,5765,714752.15,,383,32279.19,46,330.16,347,13,0.74821080026025,0,0,0,0,0,61,446.04,40,,31,502.39,*,,75.432653061224,15,109,87,34,164,81,174,32,,12,,23,166,79,1.277041054415
1104834324,Yeh,Qing,,M.D.,I,2 Mott St,Suite 801,New York,NY,36,10013,1,"Metropolitan area core: primary flow within an urbanized area of 50,000 and greater",US,Internal Medicine,S,8526,10666.466666667,1630492.73,314453,228,,8374,10478.933333333,1585133.78,309023,"#",,,2396,1482844.03,,6083,146748.13,,47,900.57,,6542,1403357.98,,1984,227134.75,,8072,1567104.1,,454,63388.63,0,0,0,0,0,0,0,0,0,,25,275,23,*,,,*,,76.34649122807,,,,,124,104,0,,219,,0,,177,51,0.92286147660819
1104880624,Huselton,John,K,M.D.,I,2000 Empire Blvd,Suite 120,Webster,NY,36,14580,1,"Metropolitan area core: primary flow within an urbanized area of 50,000 and greater",US,Internal Medicine,S,4921,11150,428660.97,327880,527,,4716,10740.2,416645.87,316048,,506,,569,300887.28,,4318,124275.9,,34,3497.79,,4311,331997.99,,610,96662.98,,450,48421.31,,4471,380239.66,126,3769.44,2789,34,2.5604551920341,12,1104.92,340,,9.5238095238095,60,1318.52,36,,52,742.35,,15,75.409867172676,21,236,189,81,278,249,472,19,,,0,27,44,483,0.98704247838477
1104893908,Habash,Hanna,J,MD,I,123 Conhocton St,,Corning,NY,36,14830,4,"Micropolitan area core: primary flow within an urban cluster of 10,000 to 49,999",US,Family Practice,S,9029,21483,362693.72,618418,834,,8135,19768.833333333,328771.53,570196,,759,,1066,191325.09,,7845,167818.2,,118,3550.43,,8941,360776.44,,88,1917.28,,1083,43065.16,,7946,319628.56,864,25810.1,17628,143,9.5691660206003,119,12333.55,3318,14,13.773148148148,261,6371.17,170,,11,826.7,*,,72.737410071942,75,422,271,66,429,405,533,109,13,167,0,12,85,749,1.2884671605184
1104953777,Lin,Kevin,N,M.D,I,198 Canal St Ste 401,,New York,NY,36,10013,1,"Metropolitan area core: primary flow within an urbanized area of 50,000 and greater",US,Internal Medicine,S,10061,15051.7,1046984.55,440818,536,,9841,14769.766666667,1029018.94,432769,,520,,1859,838580.5,,7977,201524.98,,225,6879.07,,7627,763094.23,,2434,283890.32,,9006,981065.21,,1055,65919.34,,,,,,,,,,,254,2315.07,161,*,,,*,,73.276119402985,16,330,147,43,300,236,13,,482,,0,28,439,97,1.2101558677741
1104971589,Alam,Tasbirul,M,MD,I,3728 77th St,,Jackson Heights,NY,36,11372,1,"Metropolitan area core: primary flow within an urbanized area of 50,000 and greater",US,Family Practice,S,19962,20999.533333333,3416705.6400002,84329,15531,,18470,19377.433333333,3169978.6500002,74989,,14453,,19113,3379910.0600002,,802,36016.48,,47,779.1,,9259,1579007.79,,10703,1837697.8500001,,6700,1136603.25,,13262,2280102.3900001,,,,,,,,,,,33,220.19,25,*,,,*,,72.625780696671,1078,9012,4385,1056,9301,6230,8458,2065,1642,2213,54,1099,4382,11149,0.95575396830909
1114000494,Liang,Ellen,W,MD,I,13633 37th Ave 7th Floor,,Flushing,NY,36,11354,1,"Metropolitan area core: primary flow within an urbanized area of 50,000 and greater",US,Internal Medicine,S,20362,29484.533333333,2788038.61,864456,909,,19100,27722,2600557.96,813396,,819,,3596,2333920.67,,16391,441778.46,,375,12339.48,,16130,2284240.26,,4232,503798.35,,16984,2444592.8,,3378,343445.81,46,432.59,831,22,0.22591101070622,0,0,0,0,0,249,2581.11,180,,35,581.01,*,,71.951595159516,90,543,182,94,536,373,76,49,653,97,,,622,287,1.0373851624398
1114006012,Zhao,Xiaoyuan,,M.D.,I,80 Bowery,"#401",New York,NY,36,10013,1,"Metropolitan area core: primary flow within an urbanized area of 50,000 and greater",US,Internal Medicine,S,8185,13961.966666667,1011280.06,413172,285,,8081,13821.966666667,1000549.36,408999,"#",,,1213,788620.31,,6887,220105.89,,85,2553.86,,7287,898238.87,,898,113041.19,,7904,976659.02,,281,34621.04,0,0,0,0,0,0,0,0,0,,45,392.74,33,,0,0,*,,73.410526315789,,,,,163,122,,,278,,0,,259,26,1.0714538440499
1114102381,Varghese,Giti,,,I,36 Ireland Dr,,Poughkeepsie,NY,36,12603,1,"Metropolitan area core: primary flow within an urbanized area of 50,000 and greater",US,Pharmacist,T,80,80,12069.76,89,67,"#",,,,,"#",,,78,12029.72,*,,,"#",,,,67,10239.44,,13,1830.32,,37,5476.16,,43,6593.6,0,0,0,0,0,0,0,0,0,,,,,*,,,*,,72.865671641791,,,,,45,22,44,,,13,0,0,24,43,1.3631194029851
1114108248,Owren,Jeffrey,E,PHARM.D,I,18 Eastern Blvd,,Canandaigua,NY,36,14424,1,"Metropolitan area core: primary flow within an urbanized area of 50,000 and greater",US,Pharmacist,T,19,19,3358.76,19,18,"#",,,,,"#",,,19,3358.76,,0,0,,0,0,"#",,,*,,,*,,,"#",,,0,0,0,0,0,0,0,0,0,,0,0,0,*,,,*,,75.611111111111,,,,,,,18,0,0,0,0,0,,,1.1353333333333
1114161239,Leboo,Audra,A,MBCHB,I,23 Ontario St,,Honeoye Falls,NY,36,14472,2,"Metropolitan area high commuting: primary flow 30% or more to a urbanized area of 50,000 and greater",US,Family Practice,S,5891,10918.566666667,438403.8,311518,650,,4467,8886.1,275342.5,254455,,591,,744,308752.93,,5108,123943.5,,39,5707.37,,4735,299353.48,,1156,139050.32,,1656,204083.83,,4235,234319.97,287,33360.34,7128,75,4.8718383975556,17,5995.63,492,,5.9233449477352,300,2629.85,181,*,,,*,,72.327692307692,59,345,180,66,343,307,595,,0,,,39,78,572,0.94833023723282
1114166980,Pineda-Muyir,Claudia,M,RPA-C,I,4620 3rd Ave,Sunset Medical Pc,Brooklyn,NY,36,11220,1,"Metropolitan area core: primary flow within an urbanized area of 50,000 and greater",US,Physician Assistant,S,12728,21952.333333333,4165100.31,628144,426,,10649,18722.133333333,3310769.86,537924,,375,,3641,2767354.26,,8907,1390533.64,,180,7212.41,,9751,2617790.69,,2977,1547309.62,,11281,3927868.34,,1447,237231.97,226,1988.04,4088,48,1.7756128221245,0,0,0,0,0,367,4492.5,207,,25,302.54,*,,72.5,51,208,122,45,266,160,22,,,395,0,,323,103,1.2719641121156
1114285426,Wu,Lina,,FNP,I,69 W Utica St,Apt 3,Oswego,NY,36,13126,4,"Micropolitan area core: primary flow within an urban cluster of 10,000 to 49,999",US,Nurse Practitioner,S,20367,23419.466666667,3115021.92,676835,799,,20062,23081.833333333,3076653.98,666970,,783,,5163,2633301.07,,14937,474354.71,,267,7366.14,,18649,2843171.01,,1718,271850.91,,20202,3109395.03,,165,5626.89,,,,,,,,,,,222,28994.85,162,,131,1212.7,,29,72.519399249061,16,553,166,64,421,378,0,0,793,,0,,774,25,0.99597593903909
1114920287,Page,David,T,MD,I,436 Hinsdale Rd,,Camillus,NY,36,13031,1,"Metropolitan area core: primary flow within an urbanized area of 50,000 and greater",US,Family Practice,S,9920,20464.166666667,1059644.25,598155,640,,8808,18374.566666667,925412.91,537179,,581,,1437,831125.01,,8409,222090.79,,74,6428.45,,6598,675799.93,,3322,383844.32,,1769,222531.94,,8151,837112.31,255,16560.74,5992,46,2.570564516129,49,11476.12,1470,,19.21568627451,161,4235.39,101,,18,782.2,*,,73.65,59,303,191,87,355,285,591,,,,0,36,70,570,1.0761922597754
1114949138,Holohan,Cara,E,PA,I,5008 Brittonfield Pkwy Ste 700,,East Syracuse,NY,36,13057,1,"Metropolitan area core: primary flow within an urbanized area of 50,000 and greater",US,Physician Assistant,S,2920,5203.4,283572.14,149700,324,,2089,3849,191307.32,110534,,252,,478,230440.13,,2409,51239.55,,33,1892.46,,2250,212883.83,,670,70688.31,,1177,128197.19,,1743,155374.95,25,658.9,632,12,0.85616438356164,,,,,,79,3521.49,59,*,,,*,,69.722222222222,72,147,77,28,188,136,280,16,,,,14,103,221,1.2091663906582
1114968385,Chang,Jonathan,M,M.D.,I,5303 8th Ave,,Brooklyn,NY,36,11220,1,"Metropolitan area core: primary flow within an urbanized area of 50,000 and greater",US,Family Practice,S,43170,55243.533333333,8307235.93,1622300,853,,41642,53260.5,7994071.52,1564230,,812,,13565,7528922.81,,28838,755683.81,,767,22629.31,,37315,7243440.87,,5855,1063795.06,,41609,8066777.3,,1561,240458.63,,,,,,,,,,,532,30293.01,289,,124,1247.59,,23,73.774912075029,41,459,261,92,438,415,19,,786,30,,16,754,99,1.15061915924
1124030549,Meaker,Philip,S,M.D.,I,6532 Anthony Dr Ste A,,Victor,NY,36,14564,1,"Metropolitan area core: primary flow within an urbanized area of 50,000 and greater",US,Internal Medicine,S,6835,14846,446907.14,434009,530,,6513,14206.066666667,424940.86,415632,,499,,771,295335.49,,6033,149322.72,,31,2248.93,,5900,383019.28,,935,63887.86,,859,46141.53,,5976,400765.61,193,4428.66,3277,36,2.8237015362107,12,993,360,,6.2176165803109,135,3094.72,74,,13,273.36,*,,74.541509433962,31,245,190,64,293,237,495,,,,0,23,52,478,0.97008076870529
1124048707,Beylinson,Alexander,,D.O.,I,1870 Richmond Rd,,Staten Island,NY,36,10306,1,"Metropolitan area core: primary flow within an urbanized area of 50,000 and greater",US,Internal Medicine,S,14449,25218.366666667,1624860.23,737653,867,,12102,21849.033333333,1364311.88,640594,,747,,2766,1350891.28,,11539,267671.4,,144,6297.55,,7327,756870.35,,7122,867989.88,,6107,724728.08,,8342,900132.15,98,1634.17,1481,28,0.67824762959374,0,0,0,0,0,299,2773.58,186,,71,2688.87,,16,71.680507497116,120,429,225,93,491,376,735,21,22,56,0,33,212,655,1.0346208197773
1124050497,King,Mary,E,DO,I,155 Crystal Run Rd,,Middletown,NY,36,10941,1,"Metropolitan area core: primary flow within an urbanized area of 50,000 and greater",US,Internal Medicine,S,7019,13017.133333333,809406.7,373979,566,,4986,9590,567069.74,277807,,432,,1273,653605.94,,5694,153324.31,,52,2476.45,,2815,348682.81,,4204,460723.89,,4001,461895.95,,3018,347510.75,125,4467.17,2692,42,1.780880467303,,,,,,238,3714.16,133,,27,792.83,*,,69.82332155477,134,246,136,50,359,207,498,27,,32,0,,222,344,1.35115882573
1124054671,Wadhwani,Jai,G,M.D.,I,6460 Main St,,Williamsville,NY,36,14221,1,"Metropolitan area core: primary flow within an urbanized area of 50,000 and greater",US,Cardiology,S,19508,22323.4,3440505.38,162836,14036,,17490,20113.4,3109071.41,151139,,12528,,18058,3390628.43,,1450,49876.95,,0,0,,14145,2457296.71,,5363,983208.67,,3588,656331.47,,15920,2784173.91,0,0,0,0,0,0,0,0,0,,18,283.04,17,,0,0,,0,71.830792248504,1508,7903,3709,916,8119,5917,12168,966,130,274,13,485,2308,11728,0.98502524412145
1124080056,Gullickson,Donald,E,D.O.,I,1783 Colvin Blvd,,Buffalo,NY,36,14223,1,"Metropolitan area core: primary flow within an urbanized area of 50,000 and greater",US,Internal Medicine,S,1453,2699.1666666667,102932.9,75413,392,,1244,2416.8333333333,91856.41,67805,,350,"#",,,,1274,29599.23,*,,,,1056,63167.1,,397,39765.8,,319,12927.12,,1134,90005.78,32,475.62,638,25,2.2023399862354,0,0,0,0,0,75,557.09,60,*,,,*,,73.420918367347,42,190,99,61,205,187,365,,,,,,64,328,1.2015407076269
1124248463,Hitzeman,Lawrence,G,M.D.,I,275 7th Ave,3rd Floor,New York,NY,36,10001,1,"Metropolitan area core: primary flow within an urbanized area of 50,000 and greater",US,Internal Medicine,S,7195,12438.9,4083176.4,363485,463,,4694,9013.9666666667,2105598.94,263785,,383,,1849,3736350.53,,5326,346359.98,,20,465.89,,3423,1803838.29,,3772,2279338.11,,3465,2238549.63,,3730,1844626.77,220,6447.06,5135,41,3.0576789437109,,,,,,125,2046.21,70,*,,,*,,71.347732181425,80,228,118,37,172,291,270,85,,69,,31,152,311,1.1429128758329
1184794356,Baccellieri,Angelo,,MD,I,Mmc - Emergency Medicine,111 East 210th Street,Bronx,NY,36,10467,1,"Metropolitan area core: primary flow within an urbanized area of 50,000 and greater",US,Emergency Medicine,S,158,163,22676.46,1375,112,,143,148,22150.86,1282,,101,,106,21600.49,,52,1075.97,,0,0,,49,5876.03,,109,16800.43,,36,1539.89,,122,21136.57,,,,,,,,,,,,,,,0,0,,0,73.464285714286,11,48,,,68,44,79,12,,12,0,,18,94,1.1039280576815
1184808909,Palazzo,Sandra,,RPH,I,10414 46th Ave,,Corona,NY,36,11368,1,"Metropolitan area core: primary flow within an urbanized area of 50,000 and greater",US,Pharmacist,T,19,19,3189.45,19,19,,19,19,3189.45,19,,19,,19,3189.45,,0,0,,0,0,*,,,*,,,,0,0,,19,3189.45,0,0,0,0,0,0,0,0,0,,0,0,0,,0,0,,0,72.684210526316,0,13,,,,,17,0,,,0,0,0,19,0.93121052631579
1184883993,Abraham,Andrew,J,MD,I,123 W 18th St Fl 8,,New York,NY,36,10011,1,"Metropolitan area core: primary flow within an urbanized area of 50,000 and greater",US,Internal Medicine,S,65,83.266666666667,7627.6,1335,51,"#",,,,,"#",,,35,6840.14,,30,787.46,,0,0,,37,5981.33,,28,1646.27,,22,4896.95,,43,2730.65,,,,,,,,,,,16,155.91,16,*,,,*,,70,,,,,,,39,,0,,,0,13,38,1.3718983275619
1194240390,Zhang,Yuan,,NP,I,217 Grand St Ste 401,,New York,NY,36,10013,1,"Metropolitan area core: primary flow within an urbanized area of 50,000 and greater",US,Nurse Practitioner,S,18489,22071.933333333,2634914.29,633039,797,,18119,21650.266666667,2585034.99,621098,,773,,4290,2219620.65,,13968,408764.41,,231,6529.23,,16846,2426239.12,,1643,208675.17,,17909,2592175.55,,580,42738.74,13,162.57,83,,0.070312077451458,0,0,0,,0,311,3145.31,208,,35,409.38,,11,73.110414052698,24,502,204,67,415,382,,0,783,,0,,752,45,1.122593546333
1194292342,Territo,Rachael,C,FNP,I,112 W Main St,,Allegany,NY,36,14706,7,"Small town core: primary flow within an urban cluster of 2,500 to 9,999",US,Nurse Practitioner,S,10195,20323.1,1202371.29,590815,542,,7731,16091.3,871765.13,469320,,466,,1429,1009454.75,,8694,188655.61,,72,4260.93,,6125,512743.69,,4070,689627.6,,4721,572701.76,,5474,629669.53,764,24112.71,20351,120,7.4938695438941,30,7967.75,884,,3.9267015706806,356,4435.08,180,,41,510.16,*,,73.535055350554,76,228,148,90,334,208,518,,,,0,13,168,374,1.1653472043701
1194728436,Delaney,Joel,P,RPA,I,8280 Willett Parkway,Suite 200,Baldwinsville,NY,36,13027,1,"Metropolitan area core: primary flow within an urbanized area of 50,000 and greater",US,Physician Assistant,S,3904,8377,290333.16,245083,351,,3701,8035.5666666667,265676.59,235249,,333,,440,211260.48,,3409,76981.26,,55,2091.42,,2942,204068.21,,962,86264.95,,502,29534,,3402,260799.16,57,1038.16,1468,12,1.4600409836066,0,0,0,0,0,112,1469.59,78,,15,725.26,*,,72.561253561254,18,216,84,33,171,180,338,,0,0,,,33,318,0.90375510558105
1194737486,Wang,Vincent,Y,D.O.,I,4373 Union St,Suite C-B,Flushing,NY,36,11355,1,"Metropolitan area core: primary flow within an urbanized area of 50,000 and greater",US,Internal Medicine,S,9647,14544.566666667,1306503.06,428041,475,,8866,13399.8,1193106.45,394514,,438,,2051,1052945.19,,7430,245674.13,,166,7883.74,,7457,1001034.7,,2190,305468.36,,7798,1128689.53,,1849,177813.53,118,4797.69,2974,27,1.2231781901109,11,1442.03,330,,9.3220338983051,107,3787.59,77,,69,1438.95,,14,74.978947368421,37,213,130,95,258,217,41,38,333,47,0,16,299,176,1.608148594574
1194742742,Chong,Kaman,,D.O.,I,3907 Prince St,Suite 2d,Flushing,NY,36,11354,1,"Metropolitan area core: primary flow within an urbanized area of 50,000 and greater",US,Internal Medicine,S,6786,9467.3,831236.66,277175,419,,6661,9297.6333333333,820631.71,272240,,400,,1414,714195.41,,5328,116028.38,,44,1012.87,,5944,742796.54,,842,88440.12,,5911,748326.3,,875,82910.36,0,0,0,0,0,0,0,0,0,,68,460.74,54,,55,985.21,*,,72.439140811456,19,265,97,38,212,207,,,400,,0,,333,86,1.0454732397594
1194767079,Lurio,Joseph,G,MD,I,690 Amsterdam Ave,,New York,NY,36,10025,1,"Metropolitan area core: primary flow within an urbanized area of 50,000 and greater",US,Family Practice,S,5861,9017.2666666667,831554.33,261628,441,,4293,6897.2333333333,574867.24,201086,,320,,1345,720950.34,,4379,106253.8,,137,4350.19,,3789,474653.94,,2072,356900.39,,4085,604887.56,,1776,226666.77,67,2900.18,1308,29,1.1431496331684,,,,,,19,240.82,15,,21,315.79,*,,68.643990929705,121,201,81,38,237,204,170,139,,118,0,,296,145,1.4948740876225
1194778464,Gallagher,Kevin,A,MD,I,24 Fairfield Ave,,Schroon Lake,NY,36,12870,10,"Rural areas: primary flow to a tract outside a urbanized area of 50,000 and greater or UC",US,Family Practice,S,5474,7723.9,740028.97999999,133400,2814,,4626,6551.7333333333,628218.76,108263,,2556,,3413,682358.54999999,,2037,56550.92,,24,1119.51,,2961,408711.95,,2513,331317.03,,1255,153122.74,,4219,586906.24,91,3020.81,2278,25,1.6624040920716,21,1636.42,589,,23.076923076923,77,4853.32,56,,0,0,,0,71.975835110163,258,1633,761,162,1549,1265,2602,,31,38,,116,374,2440,0.87450042393101
1194799494,Lawton,David,,M.D.,I,112 Olean St,Suite 220,East Aurora,NY,36,14052,2,"Metropolitan area high commuting: primary flow 30% or more to a urbanized area of 50,000 and greater",US,Family Practice,S,11196,18560.666666667,607457.92,540160,605,,9734,16640.533333333,493851.17,484991,,553,,1449,434010.98,,9663,168774.17,,84,4672.77,,8176,432355.28,,3020,175102.64,,2232,160662.84,,8964,446795.08,270,4518.45,6925,53,2.411575562701,,,,,,265,2455.25,142,,38,7191.41,*,,73.828099173554,52,286,178,89,323,282,571,,0,,0,30,68,537,1.0227471727699
1194883991,Lee,Stephen,S,MD,I,2704 Parsons Blvd,,Flushing,NY,36,11354,1,"Metropolitan area core: primary flow within an urbanized area of 50,000 and greater",US,Internal Medicine,S,6116,12903.966666667,444603.59,384386,543,,6070,12797.866666667,438238.07,381246,,532,,578,337763.35,,5514,105869.98,,24,970.26,,4736,307720.76,,1380,136882.83,,2882,265606.7,,3234,178996.89,,,,,,,,,,,38,325.5,29,,11,356.27,*,,75.093922651934,11,268,201,63,270,273,82,36,374,19,0,32,230,313,0.97762812438641
1194910992,Chen,Mei-Hui,,MD,I,4202 Kissena Blvd,Suite 1 A,Flushing,NY,36,11355,1,"Metropolitan area core: primary flow within an urbanized area of 50,000 and greater",US,Internal Medicine,S,6070,10257.333333333,723280.01,303546,363,,5929,10077.333333333,717778.82,298318,"#",,,1069,614230.52,,4839,104725.76,,162,4323.73,,5544,675570.28,,526,47709.73,,5358,676613.13,,712,46666.88,,,,,,,,,,,59,592.38,51,*,,,*,,72.771349862259,,,,,226,137,,,338,,0,,287,76,1.0076706021069
1194943969,Bufton,Jeffrey,J,RPH,I,1200 Marketplace Dr,,Rochester,NY,36,14623,1,"Metropolitan area core: primary flow within an urbanized area of 50,000 and greater",US,Pharmacist,T,16,16,2833.26,16,16,"#",,,,,"#",,,16,2833.26,,0,0,,0,0,*,,,*,,,*,,,"#",,,0,0,0,0,0,0,0,0,0,,0,0,0,*,,,*,,72.3125,,,,,,,15,,0,0,0,,,,1.3109375
1205020245,Gembusia,Keith,A,D.O.,I,401 N. 8th St.,,Olean,NY,36,14760,4,"Micropolitan area core: primary flow within an urban cluster of 10,000 to 49,999",US,Family Practice,S,8809,16099.233333333,765697,471908,466,,5851,11273.566666667,431761.85,331717,,340,,1298,571043.45,,7398,185773.02,,113,8880.53,,5271,432510.63,,3538,333186.37,,4410,461632.06,,4399,304064.94,340,19034.58,9865,64,3.8596889544784,41,11532.54,1206,,12.058823529412,151,802.7,83,,24,171.65,*,,68.62660944206,126,211,93,36,222,244,453,,0,,0,,179,287,1.1318588442882
1205060605,Mccarthy,Angela,J,M.D.,I,632 Broadway Ph,,New York,NY,36,10012,1,"Metropolitan area core: primary flow within an urbanized area of 50,000 and greater",US,Internal Medicine,S,2095,5191.3333333333,191411.96,150618,199,,1996,4990.3333333333,187584.71,144950,"#",,"#",,,,1865,58317.27,*,,,,1172,70759.94,,923,120652.02,,417,20465.43,,1678,170946.53,23,160.57,400,,1.0978520286396,0,0,0,,0,44,461.58,25,,0,0,*,,75.246231155779,,,,,138,61,91,,76,,0,25,28,171,1.128197695827
1205239571,Vladimirskiy,Igor,,RPH,I,6308 23rd Ave Apt B1,,Brooklyn,NY,36,11204,1,"Metropolitan area core: primary flow within an urbanized area of 50,000 and greater",US,Pharmacist,T,28,28,4753.87,28,28,"#",,,,,"#",,,28,4753.87,,0,0,,0,0,,15,2629.71,,13,2124.16,*,,,"#",,,0,0,0,0,0,0,0,0,0,,0,0,0,*,,,*,,73.285714285714,,,,,16,12,22,,,,0,,,,1.1787857142857
1205366267,Chan,Sandy,,,I,757 60th St Fl 1,,Brooklyn,NY,36,11220,1,"Metropolitan area core: primary flow within an urbanized area of 50,000 and greater",US,Nurse Practitioner,S,12516,21550.833333333,2528689.44,632425,1265,,12181,21020.433333333,2440862.78,616901,,1227,,3161,2166302.87,,9107,354903.57,,248,7483,,10880,2227290.68,,1636,301398.76,,12183,2481096.78,,333,47592.66,,,,,,,,,,,134,1216.5,121,,41,1016.71,,18,74.951778656126,38,692,327,208,721,544,,,1239,11,0,,1191,74,1.1839371155207
1205836772,Liberman,Jeffrey,A,DO,I,485 Titus Ave,Ste H,Rochester,NY,36,14617,1,"Metropolitan area core: primary flow within an urbanized area of 50,000 and greater",US,Internal Medicine,S,8044,15905.466666667,680146.39,467406,451,,7388,14981.8,617036.51,441459,,418,,939,531897.64,,7059,145516.04,,46,2732.71,,7095,564279.22,,949,115867.17,,1476,159373.53,,6568,520772.86,190,3934.04,3627,41,2.3620089507708,0,0,0,0,0,94,1251.77,67,,24,252.96,*,,75.066518847007,33,202,136,80,206,245,396,18,,15,,18,60,391,0.96433296378418
1205839933,Cannariato,Catherine,J,MD,I,1780 Hanshaw Rd,,Ithaca,NY,36,14850,1,"Metropolitan area core: primary flow within an urbanized area of 50,000 and greater",US,Family Practice,S,5657,12423.066666667,614981.35,363231,484,,4797,10914.733333333,542709.19,319503,,426,,893,499020.74,,4703,113151.03,,61,2809.58,,3052,349681.02,,2605,265300.33,,1593,222597.38,,4064,392383.97,102,6354.21,2470,30,1.8030758352484,13,4466.29,366,,12.745098039216,123,10178.88,85,,11,88.12,*,,71.863636363636,58,255,127,44,321,163,432,16,,12,,17,102,382,1.0659016796052
1205853926,Loehr,James,C,MD,I,302 W Seneca St,,Ithaca,NY,36,14850,1,"Metropolitan area core: primary flow within an urbanized area of 50,000 and greater",US,Family Practice,S,1686,3383.9333333333,136655.79,90855,407,,1428,2942.3,120059.69,78667,,371,,416,88190.82,,1270,48464.97,,0,0,,835,61404.55,,851,75251.24,,567,50919.11,,1119,85736.68,36,3053.22,957,,2.135231316726,,,,,,17,253.2,16,,0,0,,0,72.071253071253,36,233,109,29,234,173,358,,,,0,31,67,340,0.79667342342342
1205876380,Cohen,Donald,N,M.D.,I,16 Orchard Dr,,Armonk,NY,36,10504,1,"Metropolitan area core: primary flow within an urbanized area of 50,000 and greater",US,Internal Medicine,S,6508,15421.166666667,446734.48,452313,581,,6421,15254.166666667,439694,447562,,568,,668,297792.32,,5819,147976.85,,21,965.31,,903,57922.79,,5605,388811.69,,236,17659.34,,6272,429075.14,186,2324.45,3101,34,2.8580208973571,,,,,,125,15520.17,77,,31,1173.19,*,,75.192771084337,13,277,211,80,262,319,510,,,16,0,42,15,566,0.81247545361722
1205881166,Clune,Jenniferleigh,V,FNP,I,4077 West Road,,Cortland,NY,36,13045,4,"Micropolitan area core: primary flow within an urban cluster of 10,000 to 49,999",US,Nurse Practitioner,S,3024,5591.3333333333,218647.81,162120,186,,2068,3924.0333333333,140609.68,114429,,125,,348,150287.55,,2649,66507.46,,27,1852.8,,1660,129070.52,,1364,89577.29,,2021,131517.58,,1003,87130.23,75,1504.73,1389,23,2.4801587301587,0,0,0,0,0,47,540.38,30,,53,2798.17,*,,67.790322580645,61,68,42,15,138,48,179,,,,0,0,95,91,1.2009379741729
1205892338,Ritter,Steven,E,O.D.,I,33 West 42nd Street,,New York,NY,36,10036,1,"Metropolitan area core: primary flow within an urbanized area of 50,000 and greater",US,Optometry,S,15,15,2667.5,73,15,"#",,,,,"#",,,15,2667.5,,0,0,,0,0,*,,,"#",,,,0,0,,15,2667.5,0,0,0,0,0,0,0,0,0,,0,0,0,*,,,*,,74.066666666667,,,,,,,15,0,0,0,0,0,0,15,1.0014666666667
1205910999,Bae,Stewart,,M.D.,I,3122 Union St Apt 1b,,Flushing,NY,36,11354,1,"Metropolitan area core: primary flow within an urbanized area of 50,000 and greater",US,Internal Medicine,S,7325,16280.833333333,1250271.76,482294,465,,6826,15270.533333333,1012043.73,452234,,438,,1194,1068730.38,,5968,171824,,163,9717.38,,3906,559566.59,,3419,690705.17,,4411,1025146.66,,2914,225125.1,12,81.84,189,,0.16382252559727,0,0,0,,0,56,406.63,43,*,,,*,,75.303225806452,27,199,175,64,258,207,62,26,301,43,0,33,211,254,1.79824644945
1205928538,Hamilton,Laura,E,M.D.,I,9677 Brewerton Rd,,Brewerton,NY,36,13029,1,"Metropolitan area core: primary flow within an urbanized area of 50,000 and greater",US,Family Practice,S,1676,3183.2333333333,235144.62,90759,121,,1432,2759.0333333333,222131.02,78693,,106,"#",,,,1380,50772.9,*,,,,985,156012.43,,691,79132.19,,337,34940.63,,1339,200203.99,65,1824.32,1605,11,3.8782816229117,0,0,0,0,0,52,465.59,30,,11,664.69,*,,73.479338842975,15,49,43,14,71,50,115,,0,,0,,20,101,1.1915957300275
1205928694,Guo,Kevin,J,M.D.,I,70 Bowery,Suite 308,New York,NY,36,10013,1,"Metropolitan area core: primary flow within an urbanized area of 50,000 and greater",US,Internal Medicine,S,26741,31404.333333333,2394141.73,913178,655,,26273,30915,2347806.33,899388,,637,,5100,2070890.42,,21520,320872.59,,121,2378.72,,24711,2241678.43,,2030,152463.3,,26022,2372685.5,,719,21456.23,14,33.64,99,11,0.05235406304925,0,0,0,0,0,431,3249.79,220,,52,317.22,,12,72.035114503817,18,456,147,34,317,338,0,,650,,0,,619,36,0.92359389962319
1205929437,Caine,Steven,M,MD,I,Mmg - Grand Concourse,2532 Grand Concourse,Bronx,NY,36,10458,1,"Metropolitan area core: primary flow within an urbanized area of 50,000 and greater",US,Internal Medicine,S,1431,2518,171708.85,73637,483,,1213,2192.2333333333,125502.86,64216,,419,,267,149149.28,,1090,20514.65,,74,2044.92,,1012,99140.62,,419,72568.23,,731,85994.4,,700,85714.45,,,,,,,,,,,22,119.49,20,*,,,*,,73.741200828157,64,193,155,71,335,148,38,214,,203,,14,206,277,1.5020757714307
1205932290,Feher,Laszlo,A,DO,I,148 E 38th St,,New York,NY,36,10016,1,"Metropolitan area core: primary flow within an urbanized area of 50,000 and greater",US,Internal Medicine,S,6898,14116.733333333,764882.84,412638,505,,6277,13192.466666667,649113.87,385640,,481,,1087,574803.29,,5760,187122.75,,51,2956.8,,1114,135373.39,,5784,629509.45,,2758,402214.45,,4140,362668.39,85,2747.52,2138,19,1.2322412293418,,,,,,168,4192.96,95,,34,3751.35,*,,78.469306930693,24,159,180,142,303,202,379,33,17,47,0,29,96,409,1.2485090641845
1205940434,Ferrara,Albert,,DO,I,30 Newbridge Road Suite 200,,East Meadow,NY,36,11554,1,"Metropolitan area core: primary flow within an urbanized area of 50,000 and greater",US,Internal Medicine,S,7641,17581.9,572072.9,512360,786,,7196,16720.433333333,541604.8,487690,,742,,760,411070.58,,6829,158443.76,,52,2558.56,,1265,62165.98,,6376,509906.92,,814,97009.82,,6827,475063.08,153,6460.6,3374,55,2.0023557126031,15,983.24,450,,9.8039215686275,255,6212.03,173,,49,2158.19,,19,75.010178117048,44,377,240,125,425,361,698,19,13,26,0,30,62,724,0.9748913044754
1205948668,Chung,Yun Hee,,MD,I,142 18 38 Ave,"#1b",Flushing,NY,36,11354,1,"Metropolitan area core: primary flow within an urbanized area of 50,000 and greater",US,Internal Medicine,S,23807,39451.933333333,10483218.51,1155920,884,,23627,39053.6,10424471.83,1144079,"#",,,7707,9974704.1,,15940,502140.86,,160,6373.55,,17101,6498644,,6706,3984574.51,,20557,9545456.17,,3250,937762.34,214,13148.01,5871,43,0.89889528289999,29,5018.65,870,,13.551401869159,602,5090.73,313,*,,,*,,77.350678733032,,,,,593,291,19,,791,13,,54,599,285,1.1900479140047
1205963204,Rosenberg,Margaret,S,MD,I,360 E 193rd St,Montefiore Family Health Center,Bronx,NY,36,10458,1,"Metropolitan area core: primary flow within an urbanized area of 50,000 and greater",US,Family Practice,S,1721,3118.5333333333,183025.27,90185,114,,1570,2916.0333333333,166405.15,84549,,94,,324,157270.65,,1326,23970.57,,71,1784.05,,1172,127376.72,,549,55648.55,,1622,173291.22,,99,9734.05,43,1155.08,975,11,2.4985473561883,13,483.91,367,,30.232558139535,,,,*,,,*,,71.157894736842,20,57,,,82,32,,20,12,77,,,,,1.4757538498293
1205975091,Tong,Xuezhu,S,MD,I,2 Mott St Rm 203,,New York,NY,36,10013,1,"Metropolitan area core: primary flow within an urbanized area of 50,000 and greater",US,General Practice,S,7167,13032.6,1089888.48,385422,330,,6847,12680.6,1048700.17,375048,,319,,1447,922744.82,,5656,164818.12,,64,2325.54,,5875,911675.98,,1292,178212.5,,5903,979012.27,,1264,110876.21,,,,,,,,,,,67,751.86,47,*,,,*,,75.321212121212,11,166,100,53,206,124,,,296,,0,17,212,118,0.92888593581735
1215000914,Shirazi,Farhad,H,MD,I,700 Old Country Rd,Suite 202,Plainview,NY,36,11803,1,"Metropolitan area core: primary flow within an urbanized area of 50,000 and greater",US,Internal Medicine,S,13971,24053.033333333,1491645.04,653372,623,,13299,22956.333333333,1421393.03,622480,,584,,2692,1225466.82,,11192,261434.52,,87,4743.7,,3766,413355.3,,10205,1078289.74,,8824,891204.81,,5147,600440.23,280,9918.85,7029,57,2.0041514565886,59,5164.91,1403,,21.071428571429,299,37834.17,162,,220,4248.19,,32,77.638844301766,39,218,183,183,364,259,502,20,53,29,,,240,383,1.6008075045748
1215021530,Sadighim,Ebrahim,,MD,I,138 Middle Neck Rd,,Great Neck,NY,36,11021,1,"Metropolitan area core: primary flow within an urbanized area of 50,000 and greater",US,Internal Medicine,S,6540,12825.366666667,905618.12,369899,359,,6517,12772.366666667,899381.74,368365,"#",,,1232,721034.97,,5270,182268.63,,38,2314.52,,1487,205868.62,,5053,699749.5,,5588,826231.13,,952,79386.99,39,266.15,386,28,0.59633027522936,0,0,0,0,0,180,2376.15,117,,47,1683.43,*,,78.267409470752,,,,,212,147,195,,104,,,52,256,103,1.3609962859796
1215032297,Marrese,Damian,A,DO,I,860 Montauk Hwy,"#247",Water Mill,NY,36,11976,2,"Metropolitan area high commuting: primary flow 30% or more to a urbanized area of 50,000 and greater",US,Family Practice,S,2478,5404,162697.69,157343,210,,2396,5303,161264.82,154687,"#",,"#",,,,2201,54095.13,*,,,,480,32365.07,,1998,130332.62,,100,3929.08,,2378,158768.61,28,424.12,730,,1.1299435028249,0,0,0,,0,96,1212.09,61,,27,434.2,*,,75.152380952381,,,,,103,107,188,,,,0,12,,,0.98897608059961
1215085469,Jain,Jaswant,S,M.D.,I,118 West Ave,,East Rochester,NY,36,14445,1,"Metropolitan area core: primary flow within an urbanized area of 50,000 and greater",US,Internal Medicine,S,4430,9966.5,285925.54,293670,271,,4040,9252.2333333333,254395.48,272893,,247,,471,203093.55,,3930,81119.6,,29,1712.39,,3981,258969.41,,449,26956.13,,956,73638.29,,3474,212287.25,132,2192.63,3866,16,2.979683972912,12,616.94,360,,9.0909090909091,99,9393.02,65,*,,,*,,73.826568265683,24,130,88,29,141,130,221,21,14,,0,,42,229,0.99697154621782
1215385224,Tiwari,Upasana,,MD,I,160 Robinson St,,Binghamton,NY,36,13904,1,"Metropolitan area core: primary flow within an urbanized area of 50,000 and greater",US,Family Practice,S,4683,11141.666666667,433071.68,328045,470,,3738,9115.1333333333,347290.77,268922,,405,,664,327669.62,,3986,102282.13,,33,3119.93,,2671,246980.05,,2012,186091.63,,1476,128067.95,,3207,305003.73,156,7943.6,4398,31,3.331197950032,34,4892.66,996,,21.794871794872,59,1476.78,38,,24,2886.55,*,,73.110638297872,65,201,141,63,302,168,431,,,,,15,97,373,1.105433710753
1215592878,Johnson,Danielle,,NP,I,800 Hooper Rd,,Endwell,NY,36,13760,1,"Metropolitan area core: primary flow within an urbanized area of 50,000 and greater",US,Nurse Practitioner,S,4305,8861.5333333333,419557.58,255794,900,,3134,6999.0333333333,313458.48,203049,,745,,551,329261.07,,3709,87859.93,,45,2436.58,,2273,216794.44,,2032,202763.14,,1336,124762.73,,2969,294794.85,259,5597.19,6768,83,6.0162601626016,12,1286.87,330,,4.6332046332046,134,1183.2,109,*,,,*,,72.624444444444,155,339,268,138,552,348,842,14,,13,,24,182,718,1.0879736246509
1215595129,Park,Sarah,E,PA-C,I,4417 Vestal Pkwy E,,Vestal,NY,36,13850,1,"Metropolitan area core: primary flow within an urbanized area of 50,000 and greater",US,Physician Assistant,S,1525,3024.6,78980.84,86696,541,,1107,2340.5,64247.14,67262,,440,,135,47233.18,,1372,31362.09,,18,385.57,,906,46951.4,,619,32029.44,,670,27941.33,,855,51039.51,93,3208.74,2338,45,6.0983606557377,,,,,,44,431.76,37,*,,,*,,71.502772643253,101,221,156,63,392,149,499,,,,,17,142,399,1.0823815241147
1215947429,Gao,Ling Min,,M.D.,I,4231 Colden St Ste 205,,Flushing,NY,36,11355,1,"Metropolitan area core: primary flow within an urbanized area of 50,000 and greater",US,Internal Medicine,S,7852,12454.266666667,1514200.41,365188,247,,7827,12405.266666667,1513327.04,363941,"#",,,2346,1345995.58,,5331,161235.55,,175,6969.28,,7185,1392239.32,,667,121961.09,,7611,1500679.21,,241,13521.2,0,0,0,0,0,0,0,0,0,,81,497.33,50,*,,,*,,76.194331983806,,,,,121,126,,,237,0,0,,223,24,1.7727080231772
1215955596,Blumkin,Daniel,M,MD,I,16 E 16th St,,New York,NY,36,10003,1,"Metropolitan area core: primary flow within an urbanized area of 50,000 and greater",US,Family Practice,S,52,66.6,2708.31,1245,34,,41,47.5,2598.7,799,"#",,,21,2117.6,,31,590.71,,0,0,,33,1840.4,,19,867.91,,34,1808.31,,18,900,0,0,0,0,0,0,0,0,0,,,,,,0,0,*,,69.911764705882,,,,,18,16,23,,,,0,,15,19,1.1049055767946
1215971262,Rahman,Mohammed,M,M.D.,I,4032 74th St,,Elmhurst,NY,36,11373,1,"Metropolitan area core: primary flow within an urbanized area of 50,000 and greater",US,Internal Medicine,S,31113,55849.933333333,4419366.12,1646905,650,,26348,48107.233333333,3757743.02,1418545,,565,,5372,3676313.95,,24125,683157.8,,1616,59894.37,,29454,4164433.67,,1659,254932.45,,30621,4376408.33,,492,42957.79,72,521.22,1244,35,0.23141452126121,0,0,0,0,0,309,30246.02,175,,105,2352.52,,25,69.736923076923,85,421,127,17,289,361,32,,519,,,86,617,33,1.2585486826733
1225000268,Sauret,John,,MD,I,3101 9th St,,Niagara Falls,NY,36,14305,1,"Metropolitan area core: primary flow within an urbanized area of 50,000 and greater",US,Family Practice,S,8636,12802.733333333,708572.49,370232,446,,4549,7242.1333333333,356806.15,210982,,248,,1400,577787.3,,7079,123344.95,,157,7440.24,,6270,503324.95,,2366,205247.54,,6828,587189.72,,1808,121382.77,100,1630.39,2536,16,1.1579434923576,0,0,0,0,0,120,9316.44,74,*,,,*,,64.365470852018,198,172,60,16,259,187,222,169,,35,,,301,145,1.430678078107
1225004476,"Phillis, Md, Pllc",Nanette,D,MD,I,1815 S Clinton Ave,Suite 340,Rochester,NY,36,14618,1,"Metropolitan area core: primary flow within an urbanized area of 50,000 and greater",US,Internal Medicine,S,7006,14089.966666667,371407.38,406678,390,,6736,13617.3,366574.51,393507,,375,,697,240520.91,,6296,129504.58,,13,1381.89,,5794,282951.08,,1212,88456.3,,481,37731.91,,6525,333675.47,183,22612.45,4760,26,2.612046817014,34,17605.72,1020,,18.579234972678,286,3871.05,143,,60,385.15,*,,76.461538461538,15,148,148,79,273,117,351,12,,,0,18,21,369,0.95459741903269
1225008352,Boyle,Sarah,C,P.A.,I,130 Center Way,,Corning,NY,36,14830,4,"Micropolitan area core: primary flow within an urban cluster of 10,000 to 49,999",US,Physician Assistant,S,4642,8904.5,314140.93,259904,385,,3783,7594.4,235582.72,222621,,301,,523,226068.79,,4071,86149.2,,48,1922.94,,2411,149568.3,,2231,164572.63,,1382,128501.77,,3260,185639.16,78,1372.84,1384,22,1.6803102111159,0,0,0,0,0,93,1172.35,70,*,,,*,,68.94025974026,84,194,83,24,245,140,359,,,,0,12,104,281,1.0469562770563
1225009095,Malavet,Angel,L,M.D.,I,130 Center Way,,Corning,NY,36,14830,4,"Micropolitan area core: primary flow within an urban cluster of 10,000 to 49,999",US,Internal Medicine,S,15223,27896.666666667,1679003.45,815226,789,,10689,21394.566666667,1216945.46,628431,,630,,2238,1326661.05,,12774,330225.88,,211,22116.52,,8126,769134.78,,7097,909868.67,,6489,646296.65,,8734,1032706.8,485,33825.85,11959,81,3.1859686001445,68,22392.87,1942,11,14.020618556701,201,5739.57,115,,36,623.23,*,,71.166032953105,159,319,216,95,349,440,740,11,,,0,20,238,551,1.2176763265621
1225025109,Bonavita,Louis,,M.D.,I,4939 Brittonfield Pkwy,Suite 101,East Syracuse,NY,36,13057,1,"Metropolitan area core: primary flow within an urbanized area of 50,000 and greater",US,Family Practice,S,22431,47490,3610646.63,1397890,1186,,19335,41911.833333333,3054121,1234785,,1048,,3655,2955445.57,,18547,610328.34,,229,44872.72,,15641,2415683.81,,6790,1194962.82,,4790,1153731.17,,17641,2456915.46,894,78925.96,25295,185,3.9855557041594,70,38038.45,2058,14,7.8299776286353,369,34841.68,218,,346,46259.06,,104,72.95784148398,138,550,372,126,692,494,1113,19,,,,38,162,1024,1.0608885072283
1225031255,Kellogg,Collins,F,MD,I,53-59 Public Sq,Ste 301,Watertown,NY,36,13601,1,"Metropolitan area core: primary flow within an urbanized area of 50,000 and greater",US,Internal Medicine,S,17172,34188.066666667,2024495.02,985667,1111,,16020,32219.733333333,1825058.89,928728,,1060,,2788,1688845.87,,14217,325338.25,,167,10310.9,,7113,817252.78,,10059,1207242.24,,5158,558829.35,,12014,1465665.67,301,27090.22,7790,57,1.7528534824132,35,20454.37,1034,,11.627906976744,178,45874.96,108,,132,3704.93,,26,77.228622862286,51,412,388,260,540,571,1051,,,,,49,255,856,1.3625872305456
1225038581,Shafik,Ihab,M,MD,I,18 Limestone Dr,Suite 5,Williamsville,NY,36,14221,1,"Metropolitan area core: primary flow within an urbanized area of 50,000 and greater",US,Internal Medicine,S,5011,11821.366666667,405267.25,350026,556,,4829,11422.366666667,399985.22,338390,,524,,589,300642.46,,4376,101257.87,,46,3366.92,,3905,343111.77,,1106,62155.48,,449,80960.19,,4562,324307.06,17,192.37,337,12,0.33925364198763,0,0,0,0,0,74,579.1,58,*,,,*,,74.415467625899,32,264,198,62,308,248,519,12,,,0,17,44,512,1.106189007738
1225074909,Balaji,Karai,P,M.D.,I,470 Collins St,,Avon,NY,36,14414,2,"Metropolitan area high commuting: primary flow 30% or more to a urbanized area of 50,000 and greater",US,Internal Medicine,S,4405,9668.3333333333,436318.25,279859,558,,3921,8759.5,404149.56,254008,,508,,581,335268.91,,3764,98482.25,,60,2567.09,,3279,275775.26,,1126,160542.99,,830,99195.47,,3575,337122.78,191,7974.8,4934,39,4.3359818388195,18,4334.65,491,,9.4240837696335,192,2409.78,112,,24,335.71,*,,75.166666666667,50,213,193,102,315,243,514,,,,0,21,77,481,1.0621139567569
1225095979,Slaughter,Brie Anne,,RPA-C,I,3950 E Robinson Rd Ste 207,,West Amherst,NY,36,14228,1,"Metropolitan area core: primary flow within an urbanized area of 50,000 and greater",US,Physician Assistant,S,3790,8084.1666666667,410720.1,235858,627,,3066,6775.7666666667,282925.02,198177,,537,,567,331578.11,,3173,70020.74,,50,9121.25,,2672,282480.21,,1118,128239.89,,841,160447.58,,2949,250272.52,40,613.11,791,23,1.0554089709763,,,,,,109,5245.79,86,*,,,*,,71.551834130782,90,316,165,56,404,223,577,17,,13,,18,102,525,1.1067318991493
1225230154,Lin,Shen-Han,,D.O.,I,13342 39th Ave Ste 253,,Flushing,NY,36,11354,1,"Metropolitan area core: primary flow within an urbanized area of 50,000 and greater",US,Family Practice,S,22442,24119.433333333,3576227.16,696826,447,,21806,23427.433333333,3516531.23,676997,,427,,4680,2440831.23,,17409,1123221.21,,353,12174.72,,21270,3438083.77,,1172,138143.39,,21693,3537524.76,,749,38702.4,61,792.25,813,27,0.27181178148115,,,,,,307,3322.69,150,,24,178.13,*,,72.020134228188,20,284,113,30,227,220,,,419,,0,11,392,55,1.1052728616035
1225267982,Bertini,John,,DO,I,800 Hooper Rd,,Endwell,NY,36,13760,1,"Metropolitan area core: primary flow within an urbanized area of 50,000 and greater",US,Internal Medicine,S,14014,33264.866666667,1566679.32,979747,1226,,11846,29266.633333333,1262159.1,863920,,1097,,1706,1251208.16,,12239,310329.38,,69,5141.78,,6966,842546.34,,7048,724132.98,,3454,521890.72,,10560,1044788.6,465,24164.07,10919,96,3.3181104609676,29,14679.17,793,,6.2365591397849,147,1556.6,98,,60,1391.21,,15,74.013050570962,129,519,373,205,575,651,1152,13,,11,,42,181,1045,1.0822165129313
1225312044,Tringali,Thomas,,,I,10 Garet Pl,,Commack,NY,36,11725,1,"Metropolitan area core: primary flow within an urbanized area of 50,000 and greater",US,Pharmacist,T,26,26,3979.69,26,25,"#",,,,,"#",,,26,3979.69,,0,0,,0,0,*,,,"#",,,*,,,"#",,,0,0,0,0,0,0,0,0,0,,0,0,0,*,,,*,,73.52,,,,,13,12,22,0,0,,0,,,,0.77756
1225410475,Ma,Xiao Xiao,,M.D.,I,268 Canal St,,New York,NY,36,10013,1,"Metropolitan area core: primary flow within an urbanized area of 50,000 and greater",US,Family Practice,S,2069,3752.1,226023.36,108758,476,,1946,3557.1,223077.07,103136,,454,,331,177145.22,,1689,47536.96,,49,1341.18,,1358,146137.98,,711,79885.38,,1486,197209.98,,583,28813.38,12,101.66,270,,0.57999033349444,0,0,0,,0,72,864.99,68,*,,,*,,75.260504201681,22,228,151,75,320,156,267,17,157,18,0,17,178,298,1.0300542760293
1225458623,Xu,Lily,,D.O.,I,757 60th St Fl 1,,Brooklyn,NY,36,11220,1,"Metropolitan area core: primary flow within an urbanized area of 50,000 and greater",US,Family Practice,S,12280,19738.7,2606678.7,576020,1134,,11961,19329.9,2529610.24,564197,,1103,,3321,2276279.29,,8710,323009.32,,249,7390.09,,10867,2365951.39,,1413,240727.31,,11930,2560925.81,,350,45752.89,,,,,,,,,,,99,3603.39,86,,27,414.33,,12,74.902116402116,31,632,268,203,632,502,,,1109,11,0,,1060,74,1.1841806716981
1225632045,Smith,Jeffrey,P,,I,3948 State Route 281,,Cortland,NY,36,13045,4,"Micropolitan area core: primary flow within an urban cluster of 10,000 to 49,999",US,Pharmacist,T,12,12,2228.96,12,12,*,,,,,*,,,12,2228.96,,0,0,,0,0,*,,,*,,,*,,,*,,,0,0,0,0,0,0,0,0,0,,0,0,0,*,,,*,,70.416666666667,,,,,,,,,0,0,0,,,,0.65266666666667
1235117979,Tan,Xin,,M.D.,I,4242 Colden St,Suite L17,Flushing,NY,36,11355,1,"Metropolitan area core: primary flow within an urbanized area of 50,000 and greater",US,Internal Medicine,S,15411,16877.133333333,2436870.69,492316,257,,15231,16685.2,2405885.57,486800,"#",,,3389,2022028.46,,11701,404097.87,,321,10744.36,,14386,2297232.69,,1025,139638,,14652,2411609.61,,759,25261.08,,,,,,,,,,,250,2000.99,117,,71,8604.6,*,,75.603112840467,,,,,145,112,,,243,,0,,203,54,1.0309672488534
1235125626,Costello,Ann,R,MD,I,217 N Aurora St,,Ithaca,NY,36,14850,1,"Metropolitan area core: primary flow within an urbanized area of 50,000 and greater",US,Internal Medicine,S,7290,14595.366666667,686440.18,417722,519,,6894,14066.566666667,668333.97,402937,,496,,1028,475657.19,,6237,209353.4,,25,1429.59,,3831,381409.34,,3459,305030.84,,996,70241.67,,6294,616198.51,372,13752.75,7916,75,5.1028806584362,81,6994.37,2393,15,21.774193548387,131,1581.97,88,,63,59370.98,*,,75.872832369942,23,234,169,93,354,165,462,,11,,0,32,47,472,0.97086469622931
1235128711,Amin,Mahendra,,M.D.,I,8902 Springfield Blvd,,Queens Village,NY,36,11427,1,"Metropolitan area core: primary flow within an urbanized area of 50,000 and greater",US,Internal Medicine,S,11069,26209.733333333,1533509.57,771375,865,,10517,25023.7,1435040.36,736680,,816,,1727,1234169.54,,9068,283874.91,,274,15465.12,,7760,1020061.32,,3309,513448.25,,5469,822231.82,,5600,711277.75,,,,,,,,,,,235,2066.55,170,,16,201.22,*,,73.58612716763,49,450,287,79,460,405,,199,369,87,,121,345,520,1.0892277049685
1235154303,Goodman,Karl,R,M.D.,I,2 W 86th St,"Suite # 6",New York,NY,36,10024,1,"Metropolitan area core: primary flow within an urbanized area of 50,000 and greater",US,Internal Medicine,S,4277,11371,306599.14,338344,475,,4218,11220,299538.15,333922,"#",,,527,215764.51,,3738,90340.86,,12,493.77,,1167,78637.85,,3110,227961.29,,691,47983.03,,3586,258616.11,0,0,0,0,0,0,0,0,0,,36,422.78,30,,0,0,*,,75.871578947368,,,,,276,199,252,142,,61,,13,64,411,0.79347191127992
1235154964,Gaden,James,F,D.O.,I,16815 Roosevelt Hwy,,Kendall,NY,36,14476,2,"Metropolitan area high commuting: primary flow 30% or more to a urbanized area of 50,000 and greater",US,Family Practice,S,6809,15259.833333333,569696.03,443309,473,,6060,13988.966666667,530952,406464,,430,,864,416974.17,,5881,149128.06,,64,3593.8,,5417,423763.82,,1392,145932.21,,967,70342.59,,5842,499353.44,82,1149.66,1886,15,1.2042884417682,0,0,0,0,0,346,3206.9,167,*,,,*,,72.473572938689,43,247,142,41,220,253,443,,0,,0,21,42,431,0.89069848219764
1235166414,Mahoney,Thomas,L,M.D.,I,3875 E Henrietta Rd,,Henrietta,NY,36,14467,1,"Metropolitan area core: primary flow within an urbanized area of 50,000 and greater",US,Internal Medicine,S,4362,4367,746731.61999999,19548,3174,,4022,4027,685886.22,17903,,2946,,4362,746731.61999999,,0,0,,0,0,,3771,642502.44,,591,104229.18,,472,85176.22,,3890,661555.4,0,0,0,0,0,0,0,0,0,,0,0,0,,0,0,,0,72.725897920605,228,1821,900,225,1862,1312,2772,116,,50,,192,288,2886,0.77924710483745
1235169848,Sperry,Howard,E,MD,I,462 Grider Street,Suite C-113,Buffalo,NY,36,14215,1,"Metropolitan area core: primary flow within an urbanized area of 50,000 and greater",US,Internal Medicine,S,5209,10674.733333333,588978.5,312476,369,,4237,8986.6,466785.49,263565,,313,,804,480561.6,,4333,103553.59,,72,4863.31,,3239,331942.61,,1970,257035.89,,1616,161971.17,,3593,427007.33,,,,,,,,,,,48,652.9,31,,12,46.8,*,,71.883468834688,56,172,93,48,150,219,279,65,,,0,15,77,292,1.2546664580185
1235176355,Gandhi,Jayant,H,MD,I,80 E End Ave,Suite -14b,New York,NY,36,10028,1,"Metropolitan area core: primary flow within an urbanized area of 50,000 and greater",US,General Surgery,S,3193,3276.6,205255.19,87457,102,,2760,2815.6666666667,172320.43,76279,,83,,500,165518.86,,2615,37422.63,,78,2313.7,,1202,71739.69,,1991,133515.5,,2896,186723.95,,297,18531.24,75,813.34,1113,13,2.348888192922,0,0,0,0,0,24,235.97,17,*,,,*,,73.235294117647,19,35,34,14,68,34,,,,82,0,,84,18,1.1920735294118
1235195645,Cowen,Edwin,A,MD,I,600 Northern Blvd,,Albany,NY,36,12204,1,"Metropolitan area core: primary flow within an urbanized area of 50,000 and greater",US,Internal Medicine,S,5449,5456,928209.54,6258,4282,,5017,5021,855223.38,5640,,3928,,5441,928095.08,*,,,*,,,,3243,555758.05,,2206,372451.49,,784,137111.22,,4665,791098.32,,,,,,,,,,,,,,,0,0,,0,71.909388136385,354,2538,1159,231,2395,1887,3704,216,82,87,0,193,555,3727,0.89444068725476
1235208455,Wang,Richard,H,M.D.,I,13347 Sanford Ave,Suite C1f,Flushing,NY,36,11355,1,"Metropolitan area core: primary flow within an urbanized area of 50,000 and greater",US,Internal Medicine,S,8898,12860.966666667,1038210.39,377131,266,,8688,12625.966666667,1017031.58,370370,"#",,,1738,893277.79,,6959,140495.65,,201,4436.95,,8653,1022779.49,,245,15430.9,,8328,985451.3,,570,52759.09,,,,,,,,,,,65,792.01,50,,0,0,*,,72.093984962406,,,,,131,135,,,252,,0,,230,36,0.90913810783067
1235227018,Agustin,Maria Lourdes,S,M.D.,I,240 Willoughby St,Suite No. 19c,Brooklyn,NY,36,11201,1,"Metropolitan area core: primary flow within an urbanized area of 50,000 and greater",US,Internal Medicine,S,6602,17415.533333333,257251.79,509944,630,,6403,16965.766666667,249010.73,496961,,609,,751,141543.7,,5751,112386.15,,100,3321.94,,6546,252914.43,,56,4337.36,,799,38750.59,,5803,218501.2,304,6366.72,7035,92,4.6046652529537,17,901.23,508,,5.5921052631579,152,1975.31,102,*,,,*,,74.212698412698,21,348,194,67,431,199,324,68,61,154,,,56,574,1.0288928421434
1235285206,Brooks,Paula,M,M.D.,I,830 Washington St,Samaritan Medical Center,Watertown,NY,36,13601,1,"Metropolitan area core: primary flow within an urbanized area of 50,000 and greater",US,Family Practice,S,1548,3237.9333333333,224252.56,94885,246,,999,2176.9333333333,170501.36,63973,,168,,271,188360.4,,1250,33923.63,,27,1968.53,,1024,146869.5,,524,77383.06,,934,125715.52,,614,98537.04,26,490.22,660,11,1.6795865633075,0,0,0,0,0,23,979.03,19,*,,,*,,68.052845528455,78,101,49,18,141,105,232,,0,,,,121,125,1.6609964798066
1235533266,Zhou,Chen,,D.O.,I,3907 Prince St,,Flushing,NY,36,11354,1,"Metropolitan area core: primary flow within an urbanized area of 50,000 and greater",US,Family Practice,S,7713,10838.633333333,832834.02,314321,345,,7619,10704.633333333,823237.32,310465,"#",,,1367,675478.15,,6134,153373.76,,212,3982.11,,7526,822077.24,,187,10756.78,,7397,824340.35,,316,8493.67,0,0,0,0,0,0,0,0,0,,214,1827.72,104,,0,0,*,,71.56231884058,,,,,175,170,,,336,,0,,307,38,0.90915555555556
1235540428,Pinto,Mario,,D.O,I,150 55th St,,Brooklyn,NY,36,11220,1,"Metropolitan area core: primary flow within an urbanized area of 50,000 and greater",US,Internal Medicine,S,4545,9677.8333333333,334286.35,279311,598,,4467,9529.7333333333,321452.02,275168,,583,,547,225317.81,,3977,107867.93,,21,1100.61,,1158,102781.97,,3387,231504.38,,722,92863.95,,3823,241422.4,14,201.3,171,11,0.30803080308031,,,,,,194,2851.67,134,,13,337.85,*,,75.655518394649,15,290,200,93,325,273,534,,,15,0,35,63,535,0.89440231326644
1235572454,Norman,Adam,J,M.D.,I,1825 Maple Rd,Suite 100,Williamsville,NY,36,14221,1,"Metropolitan area core: primary flow within an urbanized area of 50,000 and greater",US,Internal Medicine,S,1228,2452.1,111606.89,70897,371,,1072,2215.1666666667,97837.48,64241,,325,"#",,,,1037,21950.58,*,,,,864,66725.52,,364,44881.37,,239,24334.4,,989,87272.49,37,768.21,885,14,3.0130293159609,0,0,0,0,0,16,72.02,13,*,,,*,,72.296495956873,46,191,95,39,193,178,326,21,0,,,17,49,322,1.1194979336253
1235655887,Ruby,Katrina,,,I,42 W Main St,Suite 200 Cwing,Owego,NY,36,13827,7.1,"Secondary flow 30% to <50% to a urbanized area of 50,000 and greater",US,Physician Assistant,S,394,989.93333333333,29350.77,29130,130,,276,711.2,25641.12,20842,,105,"#",,,,334,9287.72,*,,,,255,21148.99,,139,8201.78,,136,6868.29,,258,22482.48,0,0,0,0,0,0,0,0,0,,,,,,0,0,,0,71.992307692308,25,53,,,83,47,127,0,0,,0,,31,99,1.1736607757308
1245219229,Hua,Shuman,,M.D.,I,325 Essjay Rd,,Williamsville,NY,36,14221,1,"Metropolitan area core: primary flow within an urbanized area of 50,000 and greater",US,Internal Medicine,S,5931,14256.966666667,416190.74,418046,984,,5869,14150.3,413160.94,415011,,966,,747,292774.23,,5126,119453.45,,58,3963.06,,4157,232372.3,,1774,183818.44,,345,35720.51,,5586,380470.23,57,314.34,894,31,0.96105209914011,0,0,0,0,0,155,4366.16,111,*,,,*,,77.82012195122,18,363,385,218,701,283,864,53,26,,,35,38,946,1.1673575276618
1245223049,Lee,Catherine,,MD,I,268 Canal St,,New York,NY,36,10013,1,"Metropolitan area core: primary flow within an urbanized area of 50,000 and greater",US,Internal Medicine,S,7931,13088.3,821731.85,385842,290,,7653,12602.9,785479.94,371480,,275,,1127,631311.14,,6630,183461.46,,174,6959.25,,6354,640260.09,,1577,181471.76,,7550,785966.51,,381,35765.34,,,,,,,,,,,22,244.43,18,*,,,*,,73.893103448276,15,150,80,45,184,106,,,270,,0,13,252,38,1.1146399204647
1245229905,Pender,Matthew,C,MD,I,35 Gilbert St,Cambridge Medical Center,Cambridge,NY,36,12816,10,"Rural areas: primary flow to a tract outside a urbanized area of 50,000 and greater or UC",US,Internal Medicine,S,18126,29109.666666667,1653271.55,827059,837,,15955,25855.3,1402300.65,737519,,727,,3173,1242873.83,,14751,400474.76,,202,9922.96,,9911,927478.49,,8215,725793.06,,8423,696757.41,,9703,956514.14,843,76284.48,19841,136,4.6507778881165,185,57818.96,5647,29,21.945432977461,346,5281.74,160,,162,27886.18,,24,74.093189964158,110,323,265,139,423,414,799,,,,,25,235,602,1.2193891298839
1245292192,Stehlik,Edward,A,"M.D., F.A.C.P.",I,1783 Colvin Blvd,,Buffalo,NY,36,14223,1,"Metropolitan area core: primary flow within an urbanized area of 50,000 and greater",US,Internal Medicine,S,1419,1832.3333333333,119881.35,51751,368,,1347,1746.9333333333,115796.25,49406,,353,"#",,,,1120,12583.72,*,,,,1048,97045.58,,371,22835.77,,78,4426.75,,1341,115454.6,,,,,,,,,,,37,800.7,34,*,,,*,,75.557065217391,15,171,119,63,187,181,337,11,,,0,17,26,342,1.1466470866001
1245294040,Foster,Mark,,MD,I,1323 Route 9,Suite 204,Wappingers Falls,NY,36,12590,1,"Metropolitan area core: primary flow within an urbanized area of 50,000 and greater",US,Internal Medicine,S,3552,8063.7666666667,480133.53,231024,492,,3331,7641.1,436301.54,219138,,456,,575,391198.7,,2957,87208.68,,20,1726.15,,969,138902.89,,2583,341230.64,,536,93762.81,,3016,386370.72,96,767.74,2017,30,2.7027027027027,11,156,307,,11.458333333333,191,4100.25,119,,15,1389.27,*,,73.231707317073,36,264,134,58,230,262,439,16,,17,,13,46,446,1.0156084617407
1245321462,Lee,Junho,,MD,I,"38-25 Parsons Blvd. #1g",,Flushing,NY,36,11354,1,"Metropolitan area core: primary flow within an urbanized area of 50,000 and greater",US,Internal Medicine,S,19368,31439.6,2570682.14,930094,913,,19222,31231.6,2553431.07,924132,,900,,3662,2264964.24,,14960,276250.47,,746,29467.43,,16994,2185558.95,,2374,385123.19,,16627,2355524.73,,2741,215157.41,0,0,0,0,0,0,0,0,0,,122,756.73,93,,12,104.89,*,,74.037239868565,13,518,292,90,489,424,13,,829,,0,60,632,281,1.0331778288996
1245355155,Belsare,Tara,J,MD PLLC,I,38 Riverside Drive,,Binghamton,NY,36,13905,1,"Metropolitan area core: primary flow within an urbanized area of 50,000 and greater",US,Psychiatry & Neurology,T,210,272,43421.04,6307,62,,91,137,9058.7,2649,,37,,79,38665.02,,131,4756.02,,0,0,,171,38233.81,,39,5187.23,,148,39045.15,,62,4375.89,0,0,0,0,0,0,0,0,0,,0,0,0,*,,,*,,64.145161290323,25,21,,,32,30,52,,0,,0,,40,22,1.3855551075269
1245358274,Bailey,Susan,L,M.D.,I,700 Commons Way,"#227",Rochester,NY,36,14623,1,"Metropolitan area core: primary flow within an urbanized area of 50,000 and greater",US,Internal Medicine,S,4753,4755,789826.84,5723,3741,,4221,4223,698377.33,5162,,3309,,4751,789809.62,*,,,*,,,,3989,664142.25,,764,125684.59,,1004,174658.9,,3749,615167.94,0,0,0,0,0,0,0,0,0,,0,0,0,,0,0,,0,71.60545308741,432,2051,1036,222,2141,1600,2972,394,,172,,158,730,3011,0.90813039367213
1245364710,Xu,Xinqi,,"M.D.,",I,94-29 59th Avenue,,Elmhurst,NY,36,11373,1,"Metropolitan area core: primary flow within an urbanized area of 50,000 and greater",US,Family Practice,S,8192,12623.3,790237.8,372662,286,,7359,11431.933333333,734320.33,337438,,253,,1463,653053.37,,6586,133776.32,,143,3408.11,,6024,572865.13,,2168,217372.67,,6537,666118.77,,1655,124119.03,0,0,0,0,0,0,0,0,0,,105,1143.84,76,,12,271,*,,71.716783216783,33,155,76,22,174,112,,35,160,57,,18,182,104,1.0122924629141
1245378215,Picca,Joseph,A,MD,I,23 Ontario St,,Honeoye Falls,NY,36,14472,2,"Metropolitan area high commuting: primary flow 30% or more to a urbanized area of 50,000 and greater",US,Family Practice,S,8943,17972.6,626773.73,522774,657,,7611,15869.6,529288.97,463120,,605,,910,434165.58,,7997,190355.83,,36,2252.32,,7275,460862.75,,1668,165910.98,,1576,172562.46,,7367,454211.27,365,14846.32,7217,57,4.0814044504081,32,4268.05,856,,8.7671232876712,158,2374.27,92,,26,677.97,*,,72.48097412481,52,349,195,61,230,427,612,,,,,34,58,599,0.89242168828695
1245401033,Pan,Yann Yi,,MD,I,Stony Brook University Hospital,Health Science Ctr L4,Stony Brook,NY,36,11794,1,"Metropolitan area core: primary flow within an urbanized area of 50,000 and greater",US,Family Practice,S,3586,9599.1,100497.85,280395,481,,3477,9398.4333333333,95865.649999999,274819,"#",,,228,38932.42,,3338,61104.19,,20,461.24,"#",,,*,,,,496,22922.29,,3090,77575.559999999,124,1624.52,2109,21,3.4578918014501,30,527.56,679,,24.193548387097,73,905.39,57,,0,0,*,,73.615384615385,,,,,328,153,106,32,177,125,0,41,40,441,0.88491143772235
1245450204,Hou,Steve,,"M.D.,",I,3916 Prince St Ste 155,,Flushing,NY,36,11354,1,"Metropolitan area core: primary flow within an urbanized area of 50,000 and greater",US,Internal Medicine,S,9741,13831.166666667,1139573.27,403961,372,,9653,13730.166666667,1136634.81,401113,"#",,,1948,889151.23,,7562,240286.03,,231,10136.01,,9195,1080673.77,,546,58899.5,,9316,1114492.83,,425,25080.44,0,0,0,0,0,0,0,0,0,,141,1453.17,105,,13,39.18,*,,72.72311827957,,,,,188,184,,,353,,0,,321,51,1.0984704925061
1245541325,Der,Kathy,H,FNP,I,7785 N State St Fl 3,,Lowville,NY,36,13367,7.1,"Secondary flow 30% to <50% to a urbanized area of 50,000 and greater",US,Nurse Practitioner,S,5259,10425.2,455555.98,307283,378,,4144,8773.7,346263.27,259233,,304,,709,355342.55,,4508,98487.05,,42,1726.38,,2320,211955.68,,2939,243600.3,,2483,261099.35,,2776,194456.63,89,4575.79,2229,23,1.6923369461875,,,,,,70,925.45,43,,36,2503.26,*,,71.12962962963,74,155,105,44,251,127,364,,,0,0,,147,231,1.1542403589293
1245553551,Liddington,Kelly,B,PHARMD,I,Coners Of Route 32 And 23,,Cairo,NY,36,12413,2,"Metropolitan area high commuting: primary flow 30% or more to a urbanized area of 50,000 and greater",US,Pharmacist,T,29,29,4935.19,29,25,"#",,,,,"#",,,29,4935.19,,0,0,,0,0,*,,,"#",,,*,,,"#",,,0,0,0,0,0,0,0,0,0,,0,0,0,*,,,*,,71.16,,,,,14,11,22,,0,0,0,,,,0.61648
1245590231,Genereux,Michael,,D.O.,I,679 Montauk Hwy,,Montauk,NY,36,11954,2,"Metropolitan area high commuting: primary flow 30% or more to a urbanized area of 50,000 and greater",US,Family Practice,S,3597,8021.2666666667,389077.93,233028,391,,3526,7910.2666666667,384921.12,229779,"#",,,596,309313.68,,2983,77113.46,,18,2650.79,,539,37086.9,,3058,351991.03,,659,104259.79,,2938,284818.14,173,19335.18,4326,29,4.8095635251599,25,15758.6,715,,14.450867052023,113,1473.98,80,,20,298.96,*,,75.938618925831,,,,,199,192,354,,,21,0,,38,353,0.95692050553894
1245627892,Dormevil,Raymond,,M.D,I,2125 Nostrand Ave,,Brooklyn,NY,36,11210,1,"Metropolitan area core: primary flow within an urbanized area of 50,000 and greater",US,Family Practice,S,6456,14444.3,332317.75,416533,600,,5065,11653.566666667,230747.16,338211,,488,,953,226665.65,,5372,102358.98,,131,3293.12,,6420,330697.52,,36,1620.23,,2343,151334.32,,4113,180983.43,172,3462.86,3493,29,2.6641883519207,,,,,,38,468.6,30,,22,1143.83,*,,69.91,112,334,122,32,286,314,77,475,18,17,0,13,136,464,0.98186779786741
1245677426,Diaz,Luis,D,M.D.,I,1783 Route 9,Suite 204,Clifton Park,NY,36,12065,1,"Metropolitan area core: primary flow within an urbanized area of 50,000 and greater",US,Family Practice,S,1531,3044.2,135259.77,85281,263,,1265,2574.6,106513.18,72346,,224,"#",,,,1340,33887.38,*,,,,1033,98419.71,,498,36840.06,,415,60925.31,,1116,74334.46,31,344.47,530,19,2.0248203788374,0,0,0,0,0,62,511.76,45,,12,309.46,*,,70.558935361217,39,137,68,19,152,111,212,,,30,0,,63,200,0.90065874524715
1245692557,Min,Sandra,,M.D.,I,347 Stockholm St,,Brooklyn,NY,36,11237,1,"Metropolitan area core: primary flow within an urbanized area of 50,000 and greater",US,Internal Medicine,S,5648,13550.833333333,272553.98,394229,453,,4769,11840.8,217272.79,345494,,399,,662,161729.47,,4871,106971.89,,115,3852.62,,5529,265910.11,,119,6643.87,,1971,108985.68,,3677,163568.3,448,11808.34,12072,87,7.9320113314448,54,3479.39,1620,,12.053571428571,100,1315.96,64,,11,127.45,*,,72.578366445916,54,215,140,44,329,124,164,98,22,160,,,121,332,1.3852017759421
1245884485,Liu,Hui-Ju,,,I,139 Centre St Ste 709,,New York,NY,36,10013,1,"Metropolitan area core: primary flow within an urbanized area of 50,000 and greater",US,Nurse Practitioner,S,3357,5772.8333333333,593410.32,167540,599,,3299,5650.8333333333,587081.19,164097,,583,,823,517246.68,,2508,74980.28,,26,1183.36,,3028,533480.01,,329,59930.31,,3237,589886.13,,120,3524.19,,,,,,,,,,,56,561.09,51,,12,189.7,*,,75.033388981636,16,312,185,86,325,274,,,588,,0,,552,47,1.1747839889986
1255313391,Stahl,David,,M.D.,I,21 N Main St,,Middleport,NY,36,14105,7,"Small town core: primary flow within an urban cluster of 2,500 to 9,999",US,Internal Medicine,S,24589,40510.133333333,1494445.06,1180425,1114,,23155,38549.033333333,1414437.83,1123987,,1034,,2696,1120040.51,,21603,361069.34,,290,13335.21,,17041,863942.54,,7548,630502.52,,4282,275525.62,,20307,1218919.44,1045,42460.65,26660,241,4.2498678270771,111,23398.12,3334,21,10.622009569378,507,6110.95,272,,135,1830.28,,28,75.082585278276,80,465,386,183,557,557,1067,,0,,,35,141,973,1.1561288354293
1255314456,Symons,Nicole,L,MD,I,325 Essjay Rd,Suite 110,Williamsville,NY,36,14221,1,"Metropolitan area core: primary flow within an urbanized area of 50,000 and greater",US,Family Practice,S,2931,7286.0666666667,175483.09,216557,308,,2831,7058.0666666667,163523.8,209748,,293,,398,117946.37,,2520,56881.57,,13,655.15,,2108,110565.16,,823,64917.93,,213,18780.29,,2718,156702.8,,,,,,,,,,,15,119.4,14,,0,0,,0,74.847402597403,15,145,110,38,264,44,280,17,,,0,,20,288,1.0197992324377
1255315776,Su,Amy,,MD PHD,I,3916 Prince St Ste 155,,Flushing,NY,36,11354,1,"Metropolitan area core: primary flow within an urbanized area of 50,000 and greater",US,Internal Medicine,S,5383,7315.5666666667,647422.36,213598,325,"#",,,,,"#",,,986,506813.15,,4277,134878,,120,5731.21,,4799,587566.41,,584,59855.95,,5027,624217.97,,356,23204.39,0,0,0,0,0,0,0,0,0,,66,573.06,53,*,,,*,,72.406153846154,,,,,169,156,,,308,,0,,276,49,1.0625699782502
1255320800,Strongwater,Richard,,M.D.,I,180 Marble Ave,,Pleasantville,NY,36,10570,1,"Metropolitan area core: primary flow within an urbanized area of 50,000 and greater",US,Family Practice,S,7147,14730.2,734745.29,431404,487,,6877,14296.2,717470.39,418829,,474,,1139,554959.08,,5980,178137.19,,28,1649.02,,844,100758.19,,6303,633987.1,,3219,318275.9,,3928,416469.39,68,1434.4,1529,28,0.95144816006716,,,,,,127,36001.6,82,*,,,*,,79.429158110883,13,153,165,156,299,188,424,,18,13,,25,148,339,1.1500117097382
1255328126,Augustine,Joseph,P,MD,I,4939 Brittonfield Pkwy,Suite 101,East Syracuse,NY,36,13057,1,"Metropolitan area core: primary flow within an urbanized area of 50,000 and greater",US,Family Practice,S,21498,46034.3,2080371.12,1353932,1325,,19370,42467.8,1798052.64,1251044,,1210,,2747,1549996.92,,18501,503502.05,,250,26872.15,,14067,1304592.45,,7431,775778.67,,2697,261822.05,,18801,1818549.07,598,18527.53,15978,111,2.7816541073588,32,4611.65,919,,5.3511705685619,402,5243.53,239,,57,1459.47,,12,73.803773584906,115,615,415,180,716,609,1236,32,,12,,41,139,1186,1.0557084036267
1255335907,Elmer,Thomas,R,MD,I,2825 Niagara Falls Blvd,Ste 130,Amherst,NY,36,14228,1,"Metropolitan area core: primary flow within an urbanized area of 50,000 and greater",US,Ophthalmology,S,647,871.06666666667,117357.03,21176,248,,590,791.76666666667,104735.58,19307,,223,,366,108658.27,,281,8698.76,,0,0,,444,73766.32,,203,43590.71,,155,29989.2,,492,87367.83,0,0,0,0,0,0,0,0,0,,11,76.05,,,0,0,,0,72.677419354839,25,134,64,25,142,106,220,,,,0,,35,213,1.1319524613732
1255337705,Kuehnling,William,R,MD,I,4893 Transit Rd,,Depew,NY,36,14043,1,"Metropolitan area core: primary flow within an urbanized area of 50,000 and greater",US,Family Practice,S,15763,34878.7,1292433.9,1027157,1511,,14849,33317.433333333,1196518.24,982120,,1435,,1904,963681.63,,13763,323585.13,,96,5167.14,,11693,867443.19,,4070,424990.71,,1576,143580.46,,14187,1148853.44,100,822.06,1861,35,0.63439700564613,0,0,0,0,0,336,4520.83,212,,86,2269.45,,11,74.551290536069,76,738,506,191,812,699,1432,17,,14,,43,93,1418,1.1305342246376
1255341723,Chiang,Chien,,M.D.,I,109 Lafayette St,Suite 701,New York,NY,36,10013,1,"Metropolitan area core: primary flow within an urbanized area of 50,000 and greater",US,Internal Medicine,S,9025,11742.633333333,1176484.45,341082,482,,8600,11270.633333333,1102949.59,327498,,466,,1584,883918.42,,7328,289010.11,,113,3555.92,,7488,947839.37,,1537,228645.08,,7667,1038740.15,,1358,137744.3,0,0,0,0,0,0,0,0,0,,88,878.36,57,*,,,*,,73.429460580913,16,296,123,47,248,234,,,451,,0,17,330,152,0.92285435780363
1255349692,Desanti-Siska,Lara,A,M.D.,I,386 Montauk Hwy,Suite 5,Wainscott,NY,36,11975,4.1,"Secondary flow 30% to <50% to a urbanized area of 50,000 and greater",US,Family Practice,S,3119,7516.9333333333,333398.7,220729,343,,2933,7097.1333333333,306093.55,208575,,327,,548,266875.96,,2555,65724.35,,16,798.39,,580,71253.1,,2539,262145.6,,297,45069,,2822,288329.7,34,188.18,590,17,1.0900929785188,0,0,0,0,0,51,612.92,41,,23,328.65,*,,75.565597667638,16,150,121,56,231,112,298,,,,0,27,22,321,1.0319589878273
1255379038,Chadda,Jitendra,S,MD,I,96-10 Metropolitan Ave,,Forest Hills,NY,36,11375,1,"Metropolitan area core: primary flow within an urbanized area of 50,000 and greater",US,Internal Medicine,S,4473,10722.4,376979.81,316205,483,,4204,10091.4,351392.29,297393,,449,,599,282493.84,,3742,89945.52,,132,4540.45,,3546,303272.08,,927,73707.73,,1784,151405.23,,2689,225574.58,,,,,,,,,,,64,690.83,46,*,,,*,,74.710144927536,34,216,166,67,280,203,168,85,61,131,,,129,354,1.2262150048182
1255386710,Krieger,Sharon,,MD,I,90 S Bedford Rd,Care Mount Medical Pc,Mount Kisco,NY,36,10549,1,"Metropolitan area core: primary flow within an urbanized area of 50,000 and greater",US,Internal Medicine,S,6873,16010.233333333,462852.29,471132,732,,6753,15829.833333333,446020.22,465909,,720,"#",,,,6209,166378.82,*,,,,1653,113948.22,,5220,348904.07,,309,33691.81,,6564,429160.48,31,288.5,691,14,0.45104030263349,0,0,0,0,0,136,1885.76,109,,15,590.35,*,,74.890710382514,12,396,227,97,575,157,648,,11,17,,51,36,696,0.90111919486008
1255444105,Pinhas,Stella,,MD,I,9412 59th Ave,,Elmhurst,NY,36,11373,1,"Metropolitan area core: primary flow within an urbanized area of 50,000 and greater",US,Internal Medicine,S,8615,10272.366666667,1039363.55,275283,195,,8227,9740.6666666667,1004923.65,262694,,182,,2345,870370.4,,6050,160930.98,,220,8062.17,,1666,140570.9,,6949,898792.65,,7895,992065.19,,720,47298.36,36,556.06,779,14,0.4178757980267,0,0,0,0,0,146,10209.15,44,,81,2379.08,,15,77.466666666667,13,66,60,56,126,69,116,29,,25,,16,143,52,2.2494397715754
1255491734,Lee,Norman,N,M.D.,I,8310 Queens Blvd,,Elmhurst,NY,36,11373,1,"Metropolitan area core: primary flow within an urbanized area of 50,000 and greater",US,Internal Medicine,S,6850,13335.2,751364.35,393363,356,,6813,13230.2,746999.88,390213,"#",,,1025,596462.75,,5739,152316.62,,86,2584.98,,5948,689119.95,,902,62244.4,,5205,587309.13,,1645,164055.22,21,187.13,514,,0.30656934306569,0,0,0,,0,89,923.3,63,,0,0,*,,76.761235955056,,,,,186,170,,0,329,,0,17,200,156,0.82884714419476
1255540456,Rios,Carlos,,MD,I,234 E 85th St,,New York,NY,36,10028,1,"Metropolitan area core: primary flow within an urbanized area of 50,000 and greater",US,Internal Medicine,S,4798,11194.1,439167.83,329880,513,,4512,10583.2,419243.62,312267,,471,,546,328711.93,,4175,106434.35,,77,4021.55,,2040,166324.53,,2758,272843.3,,1867,223563.48,,2931,215604.35,18,107.35,409,,0.3751563151313,0,0,0,,0,35,15409.45,27,*,,,*,,73.536062378168,42,237,190,44,220,293,216,60,,184,,39,132,381,1.1976978647566
1255598868,Pike,Sandra,A,NP,I,144 W 5th St,,Oswego,NY,36,13126,4,"Micropolitan area core: primary flow within an urban cluster of 10,000 to 49,999",US,Nurse Practitioner,S,7684,16518.566666667,691979.91,482064,601,,7166,15565.3,652535.83,454537,,567,,947,535969.59,,6668,152261.99,,69,3748.33,,4034,317993.64,,3650,373986.27,,1185,75644.24,,6499,616335.67,262,16132.26,5955,63,3.4096824570536,25,12609.81,750,,9.5419847328244,146,1442.53,101,*,,,*,,73.930116472546,34,315,189,63,344,257,574,,,,0,17,54,547,1.0390295167811
1255657581,Richardson,Stacie,M,M.D.,I,447 Atlantic Ave,,Brooklyn,NY,36,11217,1,"Metropolitan area core: primary flow within an urbanized area of 50,000 and greater",US,Internal Medicine,S,4668,11447.466666667,457540.65,340663,383,,4415,10869.766666667,440458.2,323536,,361,,756,349914,,3833,101863.14,,79,5763.51,,3339,319951.05,,1329,137589.6,,1484,146915.74,,3184,310624.91,0,0,0,0,0,0,0,0,0,,22,182.93,20,,0,0,,0,74.986945169713,22,172,136,53,298,85,17,305,0,48,0,13,106,277,1.2181476326844
1255740742,Jaffarji,Moiz,,,I,605 Rockaway Tpke,,Lawrence,NY,36,11559,1,"Metropolitan area core: primary flow within an urbanized area of 50,000 and greater",US,Pharmacist,T,21,21,3619.45,21,19,,21,21,3619.45,21,,19,,21,3619.45,,0,0,,0,0,*,,,"#",,,*,,,"#",,,0,0,0,0,0,0,0,0,0,,0,0,0,,0,0,,0,72.473684210526,0,15,,,,,,,,,0,,,,0.70410526315789
1265408090,Galyanova,Valentina,V,MD,I,1780 Hanshaw Rd,,Ithaca,NY,36,14850,1,"Metropolitan area core: primary flow within an urbanized area of 50,000 and greater",US,Family Practice,S,6144,12671.8,566251.27,368435,423,,4829,10277.966666667,437668.49,299887,,351,,996,441474.58,,5125,123792.02,,23,984.67,,3144,245331.7,,3000,320919.57,,2872,314144.2,,3272,252107.07,203,13384.87,4912,34,3.3040364583333,14,8942.6,420,,6.8965517241379,119,1357.29,75,,17,1587.73,*,,71.009456264775,72,183,134,34,313,110,365,31,,,0,11,136,287,1.0568772064395
1265452262,Nathan,Sathia,V,MD,I,6934 Williams Road,Suite 200,Niagara Falls,NY,36,14304,1,"Metropolitan area core: primary flow within an urbanized area of 50,000 and greater",US,Family Practice,S,5701,13635.4,570112.08,398951,613,,4997,12042.4,474663.88,352511,,526,,832,463144.39,,4798,103516.37,,71,3451.32,,4387,422396.48,,1314,147715.6,,1701,253962.47,,4000,316149.61,75,1393.89,1277,30,1.3155586739169,0,0,0,0,0,96,757.45,74,*,,,*,,72.31810766721,87,279,180,67,344,269,507,44,27,,,21,150,463,0.95927050498709
1265499008,Penepent,Philip,A,M.D.,I,5196 Genesee St,,Bowmansville,NY,36,14026,1,"Metropolitan area core: primary flow within an urbanized area of 50,000 and greater",US,Internal Medicine,S,4705,8983.1333333333,389539.08,251428,637,,4323,8358.0333333333,359270.92,233864,,598,,671,309792.28,,4005,78481.37,,29,1265.43,,3631,285944.3,,1074,103594.78,,563,45023.75,,4142,344515.33,166,5610.28,3288,80,3.5281615302869,14,2384.77,420,,8.433734939759,390,2584.28,208,,28,180.72,*,,76.106750392465,39,256,223,119,322,315,603,,,,0,20,55,582,1.1422517786411
1265522031,Berk,Steven,I,MD,I,Montefiore Medical Park,"1575 Blondell Avenue, Ste. 200",Bronx,NY,36,10461,1,"Metropolitan area core: primary flow within an urbanized area of 50,000 and greater",US,Internal Medicine,S,4412,10141.866666667,358025.34,301220,312,,3957,9496.0333333333,305728.62,282536,,289,,551,265788.52,,3825,91037.17,,36,1199.65,,3120,255772.31,,1292,102253.03,,1193,106150.97,,3219,251874.37,12,74.1,360,,0.27198549410698,0,0,0,,0,13,176.89,11,,11,779.89,*,,75.644230769231,23,122,108,59,176,136,119,103,13,71,,,71,241,1.2448091558868
1265525489,Sejdiu,Mentor,,MD,I,3011 Boston Rd,,Bronx,NY,36,10469,1,"Metropolitan area core: primary flow within an urbanized area of 50,000 and greater",US,Internal Medicine,S,11401,19505.866666667,1153874.94,573214,526,,9747,17114.3,987598.87,504229,,455,,1675,925114.05,,9413,217666.2,,313,11094.69,,9069,912373.79,,2332,241501.15,,8371,868698.82,,3030,285176.12,94,404.77,1480,33,0.82448907990527,0,0,0,0,0,69,936.04,52,,66,1001.81,*,,72.650190114068,71,239,158,58,314,212,151,144,,174,,47,301,225,1.2777658736048
1265751002,Li,Simon,,MD,I,8510 19th Ave,,Brooklyn,NY,36,11214,1,"Metropolitan area core: primary flow within an urbanized area of 50,000 and greater",US,Family Practice,S,24721,29680.866666667,3852843.82,856208,519,,24242,29032,3700757.99,837719,,506,,5756,3212731.16,,18548,625592.07,,417,14520.59,,21362,3409866.86,,3359,442976.96,,24118,3805813.99,,603,47029.83,0,0,0,0,0,0,0,0,0,,387,7853.28,209,,52,1604.82,*,,72.95183044316,13,342,118,46,289,230,,0,501,,0,,477,42,1.0382634365428
1265958300,Amtiaz,Mohammad,U,PHARM D,I,300 W 135th St,,New York,NY,36,10030,1,"Metropolitan area core: primary flow within an urbanized area of 50,000 and greater",US,Pharmacist,T,13,13,2458.19,13,12,*,,,,,*,,,13,2458.19,,0,0,,0,0,"#",,,*,,,*,,,*,,,0,0,0,0,0,0,0,0,0,,0,0,0,*,,,*,,69.75,,,,,,,,,0,,0,,,,1.1061666666667
1275533408,Vuillequez,Jeffrey,,M.D.,I,30 Hagen Dr,Suite 300,Rochester,NY,36,14625,1,"Metropolitan area core: primary flow within an urbanized area of 50,000 and greater",US,Internal Medicine,S,7699,18049.633333333,520181.23,530312,814,,7237,17181.9,500267.02,505382,,771,,682,339983.69,,6984,177458.29,,33,2739.25,,6924,452195.47,,775,67985.76,,530,33804.82,,7169,486376.41,244,12622.44,5603,61,3.1692427587998,32,7543.69,885,,13.114754098361,115,770.24,94,,24,776.68,,11,75.238329238329,43,353,300,118,431,383,738,11,,,,52,54,760,0.92678161668659
1275575466,Attia,A. Lawrence,,MD,I,350 W 58th St,,New York,NY,36,10019,1,"Metropolitan area core: primary flow within an urbanized area of 50,000 and greater",US,Gastroenterology,S,2913,6291.6,247700.74,184965,298,,2889,6235.6,243757.2,183467,"#",,,388,173208.66,,2514,73958.1,,11,533.98,,758,81863.81,,2155,165836.93,,313,15890.73,,2600,231810.01,35,470.21,930,12,1.2015104703055,0,0,0,0,0,57,4343.49,32,,23,723.46,*,,77.654362416107,,,,,184,114,218,29,,31,,18,21,277,0.97985914702581
1275595787,Lyo,Thomas,Z,M.D,I,13987 35th Ave Apt L1,,Flushing,NY,36,11354,1,"Metropolitan area core: primary flow within an urbanized area of 50,000 and greater",US,Internal Medicine,S,6023,11104.4,920490.01,326643,289,,5184,9890.6666666667,784320.09,290897,,259,,926,640128.39,,5028,277589.64,,69,2771.98,,3525,528595.48,,2498,391894.53,,3763,659928.7,,2260,260561.31,202,15295.09,5414,26,3.3538103934916,33,11970.78,975,,16.336633663366,78,1006.84,48,*,,,*,,74.235294117647,30,111,108,40,162,127,91,99,36,43,0,20,123,166,1.1907708433632
1275627556,Jacobs,Linda,H,MD,I,50 Underhill Blvd,Suite 101,Syosset,NY,36,11791,1,"Metropolitan area core: primary flow within an urbanized area of 50,000 and greater",US,Pediatric Medicine,S,20,20,3426.19,26,18,"#",,,,,"#",,,19,3355.6,*,,,"#",,,*,,,"#",,,*,,,"#",,,0,0,0,0,0,0,0,0,0,,0,0,0,*,,,*,,73.444444444444,,,,,,,17,,0,,0,0,,,1.0706111111111
1275639502,Wu,Benjamin,,,I,730 60th St Fl 1,,Brooklyn,NY,36,11220,1,"Metropolitan area core: primary flow within an urbanized area of 50,000 and greater",US,Family Practice,S,31381,44912.566666667,5662752.08,1324255,823,,30910,44266.433333333,5591110.36,1305437,,803,,8860,5026427.27,,22127,629504.49,,394,6820.32,,23268,4248237.66,,8113,1414514.42,,30413,5545897.16,,968,116854.92,31,1439.76,513,14,0.098785889551002,,,,,,166,1746.51,126,,83,1242.45,,17,74.307411907655,20,477,214,112,465,358,,0,802,,0,,769,54,1.1551908325482
1275664690,Lord,Amy,,FNP-C,I,119 Whig St,,Newark Valley,NY,36,13811,2,"Metropolitan area high commuting: primary flow 30% or more to a urbanized area of 50,000 and greater",US,Nurse Practitioner,S,4731,10748.566666667,593549.6,314311,460,,3847,9111.1666666667,493980.43,267153,,357,,832,482767.8,,3848,108361.47,,51,2420.33,,3070,365734.74,,1661,227814.86,,1321,212036.05,,3410,381513.55,177,8633.49,5419,50,3.7412809131262,24,4058.24,687,,13.559322033898,121,1184.84,78,*,,,*,,69.626086956522,103,199,121,37,287,173,451,,0,0,0,,122,338,1.0287639567231
1275832412,Mangat,Simmanjeet,,MD,I,620 10th St Ste 704,,Niagara Falls,NY,36,14301,1,"Metropolitan area core: primary flow within an urbanized area of 50,000 and greater",US,Internal Medicine,S,5499,9403.3333333333,593360.37,272011,343,,3481,6150.8333333333,389120.03,177742,,215,,991,491135.51,,4399,95894.46,,109,6330.4,,4259,463161.71,,1240,130198.66,,4668,540219.77,,831,53140.6,113,1563.87,2302,31,2.0549190761957,0,0,0,0,0,67,761.76,48,*,,,*,,64.985422740525,128,165,,,191,152,210,82,28,16,,,268,75,1.5068393841632
1275891608,Schiff,Eugene,C,MD,I,731 White Plains Rd,,Bronx,NY,36,10473,1,"Metropolitan area core: primary flow within an urbanized area of 50,000 and greater",US,Family Practice,S,2784,4071.3333333333,586269.13,119379,194,,2173,3282.8,397243.7,96597,,152,,691,544639.28,,2004,39210.9,,89,2418.95,,2470,570790.09,,314,15479.04,,2288,486579.28,,496,99689.85,,,,,,,,,,,13,147.36,11,,0,0,,0,68.675257731959,42,103,35,14,102,92,11,57,,118,0,,138,56,1.3647973887704
1285003376,Bastiaanse,Emily,C,FNP-C,I,2517 Vestal Pkwy E,,Vestal,NY,36,13850,1,"Metropolitan area core: primary flow within an urbanized area of 50,000 and greater",US,Nurse Practitioner,S,3903,8884.8333333333,422375.06,258217,392,,3305,7676.7,338680.59,223351,,344,,600,346227.2,,3279,74852.37,,24,1295.49,,1637,170713.13,,2266,251661.93,,864,134893.5,,3039,287481.56,87,610.26,1257,19,2.2290545734051,0,0,0,0,0,111,1181.44,82,,20,2065.09,*,,72.104591836735,48,190,108,46,231,161,368,,,,0,13,75,317,0.94976221051125
1285655696,Cheng,Jenny,,M.D.,I,139 Centre St Ste 608,,New York,NY,36,10013,1,"Metropolitan area core: primary flow within an urbanized area of 50,000 and greater",US,Internal Medicine,S,7815,15866.833333333,1350080.46,464695,392,,7682,15638.033333333,1325835.14,458167,"#",,,1355,1095194.79,,6364,250467.91,,96,4417.76,,7048,1161704.24,,767,188376.22,,6929,1262823.34,,886,87257.12,0,0,0,0,0,0,0,0,0,,52,495.48,39,*,,,*,,73.229591836735,,,,,248,144,,,373,,0,,317,75,0.89472293897128
1285677161,Frieary,Patrick,M,MD,I,100 High St,Mdc Clinic,Buffalo,NY,36,14203,1,"Metropolitan area core: primary flow within an urbanized area of 50,000 and greater",US,Internal Medicine,S,3977,6078.5,341379.32,174135,396,,2656,4308.4333333333,208197.01,123856,,277,,643,254165.74,,3283,84809.77,,51,2403.81,,2908,237684.06,,1069,103695.26,,2769,252194.3,,1208,89185.02,663,47185.67,18921,125,16.670857430224,97,24453.43,2840,16,14.630467571644,44,5262.18,23,*,,,*,,69.419191919192,119,157,71,49,241,155,172,194,,20,0,,244,152,1.6078908734009
1285681643,Serje,Jorge,,M.D.,I,362 9th St,,Brooklyn,NY,36,11215,1,"Metropolitan area core: primary flow within an urbanized area of 50,000 and greater",US,Internal Medicine,S,11672,18684.066666667,1594459.27,550773,577,,10742,17271.033333333,1417447.56,509848,,520,,2666,1309901.12,,8699,272196.63,,307,12361.52,,7091,837942.62,,4581,756516.65,,8630,1216998.12,,3042,377461.15,92,2433.58,2414,36,0.78821110349554,,,,,,161,4292.66,110,,101,1191.58,,17,75.488734835355,57,203,206,111,341,236,45,37,,479,0,,338,239,1.4227357186707
1285690008,Jupudy,Venkata,R,M.D.,I,12845 Broadway,,Alden,NY,36,14004,1,"Metropolitan area core: primary flow within an urbanized area of 50,000 and greater",US,Internal Medicine,S,11439,25528.166666667,1036711.11,747417,730,,10083,22957,934387.75,673476,,646,,1801,838212.6,,9566,195122.26,,72,3376.25,,8789,750961.71,,2650,285749.4,,1862,205635.29,,9577,831075.82,51,506.22,949,31,0.4458431681091,0,0,0,0,0,298,4847.71,200,,27,141.64,*,,73.091780821918,84,334,237,75,368,362,696,,,,0,24,88,642,1.1756319815721
1285722462,Szimonisz,Susan,M,MD,I,155 Lawn Ave,,Buffalo,NY,36,14207,1,"Metropolitan area core: primary flow within an urbanized area of 50,000 and greater",US,Internal Medicine,S,2871,3084.4666666667,392948.01,28622,1819,,2563,2740.4666666667,361052.03,23801,,1664,,2170,370923.03,,701,22024.98,,0,0,,2181,307290.15,,690,85657.86,,395,47438.13,,2476,345509.88,0,0,0,0,0,0,0,0,0,,65,615.04,51,,0,0,,0,72.460142935679,155,1021,483,160,1080,739,1634,57,29,,,75,184,1635,0.94270028994688
1285734681,Shuja,Mohammed,T,M.D,I,"2015, Grand Concourse",,Bronx,NY,36,10453,1,"Metropolitan area core: primary flow within an urbanized area of 50,000 and greater",US,Internal Medicine,S,7069,12809.066666667,730543.86,376336,660,,5905,11045.9,550097.83,325388,,581,,1303,614396.89,,5470,105414.69,,296,10732.28,,5118,552880.66,,1951,177663.2,,4042,465034.19,,3027,265509.67,16,68.29,291,13,0.22634035931532,0,0,0,0,0,34,457.86,31,*,,,*,,73.130303030303,79,290,210,81,369,291,49,209,26,352,,,309,351,1.4106984753924
1285917252,Mann,Peggy,A,PHARM.D.,I,40 S Erie St,,Mayville,NY,36,14757,10,"Rural areas: primary flow to a tract outside a urbanized area of 50,000 and greater or UC",US,Pharmacist,T,139,139,21178.21,141,113,"#",,,,,"#",,,138,21169.67,*,,,"#",,,*,,,"#",,,*,,,"#",,,0,0,0,0,0,0,0,0,0,,,,,*,,,*,,71.946902654867,,,,,62,51,107,,0,,0,,,,0.78001769911504
1285918185,Chowdhury,Mustaque,A,,I,6420 Saunders St Apt. D8,,Rego Park,NY,36,11374,1,"Metropolitan area core: primary flow within an urbanized area of 50,000 and greater",US,Pharmacist,T,24,24,4071.5,42,19,,24,24,4071.5,42,,19,,22,4066.05,*,,,"#",,,,11,2075.82,,13,1995.68,*,,,"#",,,0,0,0,0,0,0,0,0,0,,0,0,0,,0,0,,0,75.263157894737,0,,,,,,15,,0,0,0,,,,0.71963157894737
1285919068,Yin,Xiaoqin,S,D.O.,I,13620 38th Ave Ste 6f,,Flushing,NY,36,11354,1,"Metropolitan area core: primary flow within an urbanized area of 50,000 and greater",US,Family Practice,S,40591,42201.933333333,5877872.01,1209323,507,,39552,41119.066666667,5650896.01,1177529,,494,,9198,4413242.23,,30563,1435045.4,,830,29584.38,,39400,5744331.82,,1191,133540.19,,39842,5858163.58,,749,19708.43,,,,,,,,,,,785,7046.99,296,,29,261.43,*,,71.810650887574,13,352,120,22,294,213,,0,492,,0,,484,23,0.99932161756238
1295136638,Call,Melanie,,,I,3005 Watkins Rd,,Horseheads,NY,36,14845,1,"Metropolitan area core: primary flow within an urbanized area of 50,000 and greater",US,Physician Assistant,S,1703,3486.2333333333,182702.25,96888,559,,1276,2731.0333333333,109221.33,76259,,444,"#",,,,1462,35818.52,*,,,,733,87822.33,,970,94879.92,,972,137239.4,,731,45462.85,68,5180.86,1629,29,3.9929536112742,,,,,,108,1422.8,92,,11,96.61,*,,69.778175313059,115,272,132,40,312,247,502,,,40,0,14,261,298,0.99080388685339
1295142610,Mottl,Dan,J,PHARMD,I,43 New Scotland Ave,Mail Code 85,Albany,NY,36,12208,1,"Metropolitan area core: primary flow within an urbanized area of 50,000 and greater",US,Pharmacist,T,14,14,2692.87,14,12,,14,14,2692.87,14,,12,,14,2692.87,,0,0,,0,0,*,,,*,,,,0,0,,14,2692.87,0,0,0,0,0,0,0,0,0,,0,0,0,,0,0,,0,72.25,0,,,0,,,,0,,0,0,,0,12,0.8745
1295701191,Salamone,Jane,I,MD,I,2350 Ridgeway Ave,,Rochester,NY,36,14626,1,"Metropolitan area core: primary flow within an urbanized area of 50,000 and greater",US,Internal Medicine,S,351,566.53333333333,35446.35,15631,134,,332,547.53333333333,33319.77,15324,,121,"#",,,,284,5043.36,*,,,,310,30919.52,,41,4526.83,,53,4106.62,,298,31339.73,,,,,,,,,,,,,,,0,0,,0,72.962686567164,13,66,,,89,45,104,16,,,0,,26,108,0.92809102506474
1295705085,Gates-Maby,Tiffany,J,PA,I,53 Pine St,,Deposit,NY,36,13754,2,"Metropolitan area high commuting: primary flow 30% or more to a urbanized area of 50,000 and greater",US,Physician Assistant,S,3574,8047.0333333333,327858.22,233279,441,,2715,6330.8333333333,240898.95,184765,,360,,408,260496.49,,3146,65617.94,,20,1743.79,,2148,228841,,1426,99017.22,,1154,116831.4,,2420,211026.82,141,2121.92,2895,23,3.9451594851707,0,0,0,0,0,86,649.17,61,*,,,*,,70.780045351474,81,202,122,36,250,191,425,,0,,,,114,327,0.98531469614335
1295716173,Lam,Wan,L,MD,I,16th St At 1st Ave,Bimc Dept Of General Medicine,New York,NY,36,10003,1,"Metropolitan area core: primary flow within an urbanized area of 50,000 and greater",US,Hospitalist,S,153,165,25012.48,1447,104,,141,151,23420.11,1201,"#",,,130,24489,"#",,,*,,,,127,21409.87,,26,3602.61,,136,21804.95,,17,3207.53,,,,,,,,,,,,,,,0,0,*,,73.192307692308,,,,,59,45,,,82,11,0,,90,14,1.0862628205128
1295735553,Alonso,Reynaldo,H,MD,I,2426 Eastchester Rd,204,Bronx,NY,36,10469,1,"Metropolitan area core: primary flow within an urbanized area of 50,000 and greater",US,Internal Medicine,S,3900,10135.466666667,293055.05,296700,531,,3654,9589,251124.86,280999,,500,,438,219918.74,,3361,70992.81,,101,2143.5,,3869,290580.47,,31,2474.58,,1905,112880.39,,1995,180174.66,65,904.56,1030,35,1.6666666666667,0,0,0,0,0,59,997.74,42,*,,,*,,74.322033898305,31,251,189,60,262,269,123,46,44,299,0,19,207,324,1.2304188096794
1295751246,Goldberg,David,M,M.D.,I,259 Heathcote Rd,,Scarsdale,NY,36,10583,1,"Metropolitan area core: primary flow within an urbanized area of 50,000 and greater",US,Internal Medicine,S,8649,19533.866666667,652597.44,569610,908,,8495,19256.333333333,625506.13,562406,,890,,910,455146.63,,7726,197061.23,,13,389.58,,888,108537.57,,7761,544059.87,,309,102186.68,,8340,550410.76,152,3871.13,2905,31,1.7574286044629,14,951.65,600,,9.2105263157895,278,9479.07,164,,40,1735.28,,12,75.383259911894,18,442,308,140,493,415,788,33,13,,,64,28,880,0.8597140734881
1295752863,Capulla,Eric,M,M.D,I,110 W 97th St,,New York,NY,36,10025,1,"Metropolitan area core: primary flow within an urbanized area of 50,000 and greater",US,Internal Medicine,S,4308,11089.166666667,660457.79,324980,418,,4061,10499.066666667,493459.21,307881,,399,,373,576018.07,,3890,83452.81,,45,986.91,,4224,580901.33,,84,79556.46,,777,242561.86,,3531,417895.93,128,3061.45,2203,46,2.9712163416899,,,,,,75,5225.99,42,*,,,*,,74.122009569378,19,222,134,43,148,270,182,34,101,71,0,30,56,362,1.1204506289192
1295765378,Bae,Kunil,,MD,I,15408 Northern Blvd,Ste 2i,Flushing,NY,36,11354,1,"Metropolitan area core: primary flow within an urbanized area of 50,000 and greater",US,Internal Medicine,S,25053,40059.433333333,2404931.59,1192359,1185,,24624,39413.7,2352205.04,1173128,,1169,,3423,2113915.64,,21215,277020.55,,415,13995.4,,21031,1986779.21,,4022,418152.38,,20483,2181455.11,,4570,223476.48,54,1039.2,891,26,0.21554304873668,0,0,0,0,0,70,566.32,52,,27,639.76,*,,72.662447257384,16,783,309,77,587,598,,,1090,,0,76,798,387,0.82211879662221
1295796464,Rozo,Alberto,,D.O.,I,9033 Elmhurst Ave,,Jackson Heights,NY,36,11372,1,"Metropolitan area core: primary flow within an urbanized area of 50,000 and greater",US,Internal Medicine,S,19958,45633.6,2170346.91,1339756,1990,,18522,42660.833333333,1934942.28,1253558,,1820,,2994,1768197.88,,16518,387417.14,,446,14731.89,,17878,1911197.85,,2080,259149.06,,15592,1897957.16,,4366,272389.75,21,158.02,309,,0.10522096402445,0,0,0,,0,403,6426.2,306,,21,338.89,*,,73.579899497487,170,972,631,217,1240,750,125,29,23,1789,,,1402,588,1.1088591317028
1295797462,Wiedeman,Beth,T,MD.,I,4104 Medical Center Dr,Suite 104,Fayetteville,NY,36,13066,1,"Metropolitan area core: primary flow within an urbanized area of 50,000 and greater",US,Family Practice,S,6631,12695.7,547537.05,370311,395,,5212,10534.8,406829.31,308174,,345,,894,400506.93,,5656,143890.58,,81,3139.54,,3944,350172.59,,2687,197364.46,,2313,243339.9,,4318,304197.15,168,5709.96,4285,35,2.5335545166642,16,2300.57,480,,9.5238095238095,125,1395.68,83,,43,1774.01,,13,72.620253164557,50,188,105,52,306,89,346,21,,,,16,84,311,0.93949245990572
1295797686,Friedman,Fredy,,M.D.,I,620 Foster Ave,Suite 200,Brooklyn,NY,36,11230,1,"Metropolitan area core: primary flow within an urbanized area of 50,000 and greater",US,Internal Medicine,S,9640,12050.233333333,1038349.89,349860,362,,6127,8340.0666666667,768364.04,242938,,268,,1674,736896.51,,7858,296279.13,,108,5174.25,,2921,325735.7,,6719,712614.19,,7820,850046.98,,1820,188302.91,62,1253.05,1379,23,0.64315352697095,,,,,,171,3415.24,97,,72,2325.56,*,,67.682320441989,94,179,59,30,165,197,305,21,,,0,21,229,133,1.1814555737578
1295914869,Kohanbash,Leon,,MS-FNP,I,445 Park Ave,,Brooklyn,NY,36,11205,1,"Metropolitan area core: primary flow within an urbanized area of 50,000 and greater",US,Nurse Practitioner,S,2628,2774.0666666667,361192.72,80497,132,,1898,2028,274665.87,59086,,102,,620,280646.86,,1950,78767.54,,58,1778.32,,1801,262290.08,,827,98902.64,,2340,337721.69,,288,23471.03,42,226.15,711,15,1.5981735159817,0,0,0,0,0,79,2385.37,37,,14,108.53,*,,68.901515151515,30,73,,,78,54,43,25,,56,,,105,27,1.3167941919192
1295939494,Li,Yiding,,M.D.,I,5115 7 Ave.1st Fl,1st Fl,Brooklyn,NY,36,11220,1,"Metropolitan area core: primary flow within an urbanized area of 50,000 and greater",US,Family Practice,S,4918,9237.8333333333,1117337.96,271764,163,,4647,8735.8333333333,1078148.68,256997,,150,,1240,994620.92,,3610,121067.8,,68,1649.24,,4785,1084162.69,,133,33175.27,,4803,1114636.09,,115,2701.87,14,134.15,397,,0.2846685644571,0,0,0,,0,52,1358.94,40,,106,1348.53,,32,69.60736196319,13,119,,,76,87,,,150,,0,,,,1.1084393155995
1306025747,Lang,Jill,R,,I,82 N Broad St,,Norwich,NY,36,13815,7,"Small town core: primary flow within an urban cluster of 2,500 to 9,999",US,Pharmacist,T,16,16,2800.03,16,15,"#",,,,,"#",,,16,2800.03,,0,0,,0,0,*,,,*,,,*,,,*,,,0,0,0,0,0,0,0,0,0,,0,0,0,*,,,*,,74.666666666667,,,,,,,15,0,0,0,0,0,,,1.1124
1306494323,Chao,Fanny,,,I,89 Henry St,,Freeport,NY,36,11520,1,"Metropolitan area core: primary flow within an urbanized area of 50,000 and greater",US,Pharmacist,T,21,21,3597.79,21,18,"#",,,,,"#",,,21,3597.79,,0,0,,0,0,*,,,"#",,,*,,,"#",,,0,0,0,0,0,0,0,0,0,,0,0,0,*,,,*,,69.888888888889,,,,,,,15,,,0,0,,,,1.0222777777778
1306807227,Velez,Wilfredo,,MD,I,4771 Hylan Blvd,,Staten Island,NY,36,10312,1,"Metropolitan area core: primary flow within an urbanized area of 50,000 and greater",US,Internal Medicine,S,10606,27073.133333333,945847.12,804120,800,,9758,25330.433333333,829637.7,752883,,733,,1392,701441.91,,9111,238257.43,,103,6147.78,,6306,617697.86,,4300,328149.26,,2271,278830.13,,8335,667016.99,65,646.28,1288,18,0.61286064491797,0,0,0,0,0,152,30459.35,105,,15,245,*,,75.04375,67,324,275,134,416,384,598,42,35,91,0,34,141,659,1.1949032696356
1306808696,Stewart,Christine,,M.D.,I,97 Harvest Rd,,Fairport,NY,36,14450,1,"Metropolitan area core: primary flow within an urbanized area of 50,000 and greater",US,Internal Medicine,S,929,939.96666666667,65627.63,23834,47,,863,873.96666666667,63863.66,21926,"#",,"#",,,,745,14879.75,*,,,,435,18952.09,,494,46675.54,,652,32217.94,,277,33409.69,22,622.53,374,16,2.3681377825619,,,,,,30,352.91,15,*,,,*,,86.574468085106,,,,,12,35,45,,0,,0,0,30,17,1.4652482269504
1306810270,Crepet,Ruth,C,MD,I,1780 Hanshaw Rd,,Ithaca,NY,36,14850,1,"Metropolitan area core: primary flow within an urbanized area of 50,000 and greater",US,Internal Medicine,S,8810,20188.333333333,991199.47,590270,680,,7992,18824.033333333,915123.03,551379,,630,,1230,788933.78,,7541,199811.1,,39,2454.59,,4521,468394.64,,4289,522804.83,,1849,207595.07,,6961,783604.4,253,9278.86,6550,59,2.8717366628831,26,3282.55,780,,10.276679841897,143,1443.11,96,,20,5886.38,*,,73.489705882353,50,345,213,72,521,159,626,15,,,0,28,93,587,0.84247370262694
1306821095,Hashmi,Kabeeruddin,,MD,I,475 Seaview Ave,,Staten Island,NY,36,10305,1,"Metropolitan area core: primary flow within an urbanized area of 50,000 and greater",US,Emergency Medicine,S,2935,2959,494597.92,8205,2359,,2585,2609,439962.18,6572,,2076,,2881,493007.49,,54,1590.43,,0,0,,1228,206128.62,,1707,288469.3,,701,115981.25,,2234,378616.67,,,,,,,,,,,,,,*,,,*,,71.33234421365,283,1342,614,120,1378,981,1781,116,119,226,,,513,1846,1.000427986416
1306825328,Kraftowitz,Lawrence,S,MD,I,210 Westchester Ave,,White Plains,NY,36,10604,1,"Metropolitan area core: primary flow within an urbanized area of 50,000 and greater",US,Internal Medicine,S,4073,10893.033333333,258177.5,324260,355,,3959,10593.633333333,249865.83,315352,,343,,324,156410.89,,3725,100374.62,,24,1391.99,,1455,76407.85,,2618,181769.65,,289,27595.99,,3784,230581.51,,,,,,,,,,,22,343.54,20,,0,0,,0,75.064788732394,12,170,125,48,136,219,249,58,,20,,20,25,330,0.95874182484112
1306867494,Herman,Amir,,D.O.,I,554 Larkfield Rd,Suite 101,East Northport,NY,36,11731,1,"Metropolitan area core: primary flow within an urbanized area of 50,000 and greater",US,Family Practice,S,4900,12145.233333333,344707.92,355953,534,,4694,11733.233333333,333855.01,344252,,506,,626,245842.33,,4263,98478.5,,11,387.09,,817,24462.07,,4083,320245.85,,420,27407.12,,4480,317300.8,39,1864.8,535,18,0.79591836734694,,,,,,144,2474.21,104,,0,0,,0,77.159176029963,28,179,182,145,295,239,497,,,12,0,11,38,496,1.2214504158775
1306871595,Donohue,Robert,J,M.D.,I,1201 Nott St,Suite 102,Schenectady,NY,36,12308,1,"Metropolitan area core: primary flow within an urbanized area of 50,000 and greater",US,Internal Medicine,S,15050,28951.566666667,1223280.05,833770,1097,,14820,28514.9,1197798.31,821291,,1066,,2177,887048.96,,12765,331143.29,,108,5087.8,,10187,868266.25,,4863,355013.8,,1681,181865.1,,13369,1041414.95,307,6296.5,6649,84,2.0398671096346,17,911.29,396,,5.5374592833876,262,4107.62,158,,151,4571.61,,24,77.659981768459,31,425,358,283,594,503,1049,11,,,0,27,98,999,1.0796045162509
1306873120,Nicholas,Nirmala,,MD,I,435 E Henrietta Rd,,Rochester,NY,36,14620,1,"Metropolitan area core: primary flow within an urbanized area of 50,000 and greater",US,Internal Medicine,S,4036,4072.6,206433.19,103213,162,,3886,3921.6,200862.17,99681,,150,"#",,,,3534,79651.08,*,,,,2793,136305.5,,1243,70127.69,,3418,189295.05,,618,17138.14,11,174,103,,0.27254707631318,,,,,,74,8048.42,33,,135,3578.53,,24,83.055555555556,12,21,51,78,102,60,143,15,,,,0,123,39,2.0386376955878
1306876248,Samedov,Nikolay,,MD,I,345 Route 296,,Hensonville,NY,36,12439,10,"Rural areas: primary flow to a tract outside a urbanized area of 50,000 and greater or UC",US,Family Practice,S,10590,17719.266666667,922856.48,502039,545,,8555,15052.733333333,807321.66,431243,,469,,1422,726242.04,,9072,191302.35,,96,5312.09,,6369,537180.11,,4221,385676.37,,4808,461606.66,,5782,461249.82,633,21279.45,15601,94,5.9773371104816,45,7817.19,1342,,7.1090047393365,195,2455.63,116,,44,597.75,*,,72.023853211009,76,244,170,55,291,254,508,,,11,0,20,150,395,0.98150631527704
1306942289,Contillo,Michael,,M.D.,I,73 Market St,,Yonkers,NY,36,10710,1,"Metropolitan area core: primary flow within an urbanized area of 50,000 and greater",US,Hematology-Oncology,S,5377,12062.1,477594.3,354255,460,,4912,11320,448396.3,332996,,428,,757,371552.19,,4567,103693.2,,53,2348.91,,2454,178038.93,,2923,299555.37,,1199,143922.93,,4178,333671.37,65,1917.71,1557,16,1.2088525199926,,,,,,127,1474.04,79,,34,1211.42,*,,74.889130434783,32,197,171,60,225,235,286,76,,67,,22,66,394,0.99877402426941
1306984810,Liu,Zova,,,I,4500 Parsons Blvd,,Flushing,NY,36,11355,1,"Metropolitan area core: primary flow within an urbanized area of 50,000 and greater",US,Internal Medicine,S,22368,26586.866666667,3841716.5,766104,418,,21506,25533.6,3737033.44,736625,,402,,5909,3264859.89,,16020,560520.73,,439,16335.88,,20443,3581907.17,,1925,259809.33,,20519,3661486.78,,1849,180229.72,12,37.88,182,,0.053648068669528,0,0,0,,0,378,3015.72,157,,113,4808.71,,20,73.433014354067,16,246,113,43,241,177,,,380,17,0,,338,80,0.98759491102698
1306986351,Siu,Singmay,,M.D.,I,5613 7th Ave,,Brooklyn,NY,36,11220,1,"Metropolitan area core: primary flow within an urbanized area of 50,000 and greater",US,Internal Medicine,S,31013,35805,3573390.7,1043402,622,,30073,34720.133333333,3449952.39,1011546,,595,,6240,3039738.89,,24259,525496.31,,514,8155.5,,28291,3297255.67,,2722,276135.03,,30382,3524096.11,,631,49294.59,12,103.01,224,,0.038693451133396,0,0,0,,0,451,2843.89,238,,48,478.49,*,,73.004823151125,27,385,146,64,314,308,,,608,,0,,590,32,1.0149435180302
1316012560,Odonnell,Patricia,A,DO,I,100 College Pkwy Ste 260,,Williamsville,NY,36,14221,1,"Metropolitan area core: primary flow within an urbanized area of 50,000 and greater",US,Family Practice,S,2710,6566.4,412622.98,192325,193,,2458,6102.6666666667,396857.5,178762,,182,,469,344082.96,,2209,66241.4,,32,2298.62,,2052,274401.17,,658,138221.81,,398,32515.71,,2312,380107.27,31,332.89,561,,1.1439114391144,0,0,0,,0,41,444.69,27,,0,0,,0,72.844559585492,11,104,60,18,141,52,169,12,0,,0,,16,177,1.0103333333333
1316025562,Chaudhry,Saqib,S,MD,I,1044 Northern Blvd,Suite 302,Roslyn,NY,36,11576,1,"Metropolitan area core: primary flow within an urbanized area of 50,000 and greater",US,Interventional Radiology,S,3493,3558.3333333333,201303.94,78477,129,,3476,3533.3333333333,201103.32,77881,"#",,"#",,,,2695,64798.63,*,,,,1909,109958.87,,1584,91345.07,,2703,142988.77,,790,58315.17,30,625.69,303,25,0.85886057829946,,,,,,142,3888.62,27,,142,12566.53,*,,80.031007751938,,,,,82,47,76,18,,16,,,84,45,4.7243954965554
1316047434,Johnson Stuber,Genevieve,,DO,I,470 Long Pond Rd,,Rochester,NY,36,14612,1,"Metropolitan area core: primary flow within an urbanized area of 50,000 and greater",US,Family Practice,S,4294,9688.3,470648.31,283803,583,,3307,8117.5666666667,382406.62,239180,,465,,490,371839.43,,3753,96691.39,,51,2117.49,,3516,350456.1,,778,120192.21,,1467,144557.41,,2827,326090.9,94,2262.29,2369,27,2.1891010712622,,,,,,71,1637.26,39,,11,2265.72,*,,69.648370497427,118,281,141,43,359,224,488,32,,25,,21,154,429,0.96432753047447
1316064454,Mazid,Mohammad,N,MD,I,300 Bay Shore Rd,,North Babylon,NY,36,11703,1,"Metropolitan area core: primary flow within an urbanized area of 50,000 and greater",US,Family Practice,S,10619,24383.8,1195250.51,722448,689,,9650,22666,1072025.57,672011,,620,,1548,956558.36,,8955,232002.31,,116,6689.84,,7140,804804.51,,3479,390446,,3215,427115.55,,7404,768134.96,127,2774.53,3011,34,1.1959694886524,16,1504.11,460,,12.59842519685,97,1572.63,71,,46,1640.39,*,,73.770682148041,69,299,230,91,350,339,331,210,55,67,,,170,519,1.2542090702034
1316087190,Carstens,Jan,,MD,I,4104 State Highway 30,,Amsterdam,NY,36,12010,2,"Metropolitan area high commuting: primary flow 30% or more to a urbanized area of 50,000 and greater",US,Family Practice,S,6122,10937.366666667,446222.19,317288,416,,4283,8181.4333333333,309186.04,239205,,326,,727,305575.88,,5312,133186.24,,83,7460.07,,2925,240938.94,,3197,205283.25,,3528,291860.83,,2594,154361.36,222,8521.74,5962,52,3.6262659261679,,,,,,162,1757.92,74,,18,505.31,*,,69.444711538462,90,199,95,32,293,123,367,,,18,0,18,150,266,1.1646235924467
1689765901,Narayana,Byagari,,M.D.,I,124 Wyckoff Ave,,Brooklyn,NY,36,11237,1,"Metropolitan area core: primary flow within an urbanized area of 50,000 and greater",US,Internal Medicine,S,13701,27873.233333333,1464776.98,818967,555,,11366,23649.366666667,1179333.42,695886,,468,,2495,1233983.66,,10719,219870.44,,487,10922.88,,11007,1199779.73,,2694,264997.25,,12591,1388596.06,,1110,76180.92,14,30.49,227,,0.10218232245821,0,0,0,,0,233,19263.3,161,*,,,*,,72.293693693694,87,247,160,61,330,225,23,27,16,475,,,464,91,1.2797182973542
1689877920,Roth,Serena,L,MD,I,3444 Kossuth Ave,Adult Medical Practice 4th Floor,Bronx,NY,36,10467,1,"Metropolitan area core: primary flow within an urbanized area of 50,000 and greater",US,Internal Medicine,S,5628,9814.5666666667,775148.22,289603,375,,4623,8372.6666666667,596332.83,247043,,302,,1231,668786.78,,4264,99779.25,,133,6582.19,,4826,652578.9,,802,122569.32,,5014,731409.34,,614,43738.88,165,11106.52,4350,34,2.9317697228145,48,9209.98,1332,,29.090909090909,16,19885.57,,,15,170.73,*,,70.658666666667,73,161,112,29,264,111,33,121,14,194,0,13,303,72,1.6262211905132
1689921934,Chen,Hong,,,I,356 Bay Ridge Ave Fl 1,,Brooklyn,NY,36,11220,1,"Metropolitan area core: primary flow within an urbanized area of 50,000 and greater",US,Physician Assistant,S,20261,23752.833333333,5188162.84,693373,702,,19926,23389.833333333,5095502.45,682839,,687,,6467,4018457.95,,13464,1161556.98,,330,8147.91,,19331,4987196.23,,930,200966.61,,20154,5176314.39,,107,11848.45,0,0,0,0,0,0,0,0,0,,168,25508.22,120,*,,,*,,71.935897435897,15,510,129,48,356,346,,,697,,0,,690,12,0.95015783914209
1689932253,Riggs,Emily,K,M.D.,I,130 Center Way,,Corning,NY,36,14830,4,"Micropolitan area core: primary flow within an urban cluster of 10,000 to 49,999",US,Family Practice,S,7406,15451.2,794873.95,452201,669,,5985,13128.1,574607.77,385405,,543,,1022,657302.66,,6325,134693.2,,59,2878.09,,4065,405689.28,,3341,389184.67,,2525,285330.68,,4881,509543.27,121,837.86,2720,46,1.6338104239806,0,0,0,0,0,94,1126.22,58,,28,1628.86,*,,70.192825112108,126,327,158,58,426,243,637,15,,,0,,186,483,1.1467611503101
1689946691,Singh,Sakshi,M,M.D.,I,8201 37th Ave,4th Floor,Jackson Heights,NY,36,11372,1,"Metropolitan area core: primary flow within an urbanized area of 50,000 and greater",US,Internal Medicine,S,6547,16479.9,313593.77,484441,650,,6117,15551.566666667,296399.69,457612,,593,,691,186026.78,,5710,124032.81,,146,3534.18,,6489,310748.05,,58,2845.72,,920,40568.58,,5627,273025.19,517,10902.53,13566,117,7.8967466014969,39,898.29,1125,,7.5435203094778,110,5017.34,81,*,,,*,,72.906153846154,57,340,205,48,442,208,371,103,27,131,,,90,560,1.1820519105811
1689997843,Gattie,Meghan,,PHARM.D.,I,1717 Sheridan Dr,,Buffalo,NY,36,14223,1,"Metropolitan area core: primary flow within an urbanized area of 50,000 and greater",US,Pharmacist,T,19,19,3523,19,19,"#",,,,,"#",,,19,3523,,0,0,,0,0,*,,,"#",,,*,,,"#",,,0,0,0,0,0,0,0,0,0,,0,0,0,*,,,*,,71,,,,,,,13,,0,,0,,,,0.76642105263158
1699162388,Frenkel,Leonid,,DO,I,3680 Hill Blvd,,Jefferson Valley,NY,36,10535,1,"Metropolitan area core: primary flow within an urbanized area of 50,000 and greater",US,Internal Medicine,S,5022,12107.766666667,523303.85,352500,453,,4830,11679.6,495114.06,340398,,429,"#",,,,4386,143629.16,*,,,,1411,166675.35,,3611,356628.5,,945,80620.2,,4077,442683.65,19,44.62,99,11,0.37833532457188,0,0,0,0,0,144,3419.61,85,,29,4953.49,*,,77.077262693157,24,173,140,116,277,176,395,,11,26,,17,56,397,1.3670284161426
1699229203,Tan,Si Min,,,I,852 2nd Ave,,New York,NY,36,10017,1,"Metropolitan area core: primary flow within an urbanized area of 50,000 and greater",US,Pharmacist,T,12,12,2162.66,12,12,,12,12,2162.66,12,,12,,12,2162.66,,0,0,,0,0,*,,,"#",,,,0,0,,12,2162.66,0,0,0,0,0,0,0,0,0,,0,0,0,,0,0,,0,76.75,0,,,,,,,0,0,0,0,,0,12,0.97741666666667
1699723353,Pusatier,Michael,F,DO,I,325 Essjay Rd,,Williamsville,NY,36,14221,1,"Metropolitan area core: primary flow within an urbanized area of 50,000 and greater",US,Family Practice,S,10381,23568.7,1095345.28,691623,588,,8747,20752.566666667,863957.52,609166,,530,,1561,859300.47,,8737,229700.98,,83,6343.83,,6936,650165.94,,3445,445179.34,,1924,202187.56,,8457,893157.72,385,12784.18,9335,47,3.7086985839514,11,311.67,330,,2.8571428571429,155,1248.58,112,,27,632.26,*,,72.285714285714,58,316,161,53,327,261,550,11,,,,18,69,519,1.2380871154814
1699749879,Schreiber,William,D,MD,I,792 N Main St,Ste 200a,N Syracuse,NY,36,13212,1,"Metropolitan area core: primary flow within an urbanized area of 50,000 and greater",US,Family Practice,S,8221,15661.233333333,927573.88,447667,686,,7105,13954.966666667,771982.46,399954,,593,,1116,758846.76,,7013,164482.65,,92,4244.47,,5356,526661.7,,2865,400912.18,,2397,307969.41,,5824,619604.47,395,13881.83,9968,82,4.8047682763654,61,6421.64,1800,,15.443037974684,275,5750.3,139,,32,474.66,*,,72.443148688047,93,329,183,81,392,294,640,,,,,19,137,549,0.98867385928734
1699805200,Urbina,Antonio,E,MD,I,1111 Amsterdam Ave,,New York,NY,36,10025,1,"Metropolitan area core: primary flow within an urbanized area of 50,000 and greater",US,Internal Medicine,S,4891,5690.8333333333,3527994.82,163364,118,,2851,3398.3333333333,1801625.82,97670,,61,,1685,3319117.86,,3160,208509.19,,46,367.77,,2362,1589736.76,,2529,1938258.06,,3807,2653807.88,,1084,874186.94,41,248.84,559,11,0.83827438151707,,,,,,36,13194.77,21,*,,,*,,63.771186440678,57,52,,,18,100,33,26,,55,0,,82,36,1.3937442355842
1699864454,Chusid,Arnold,,MD,I,2 Hillside Ave,,Williston Park,NY,36,11596,1,"Metropolitan area core: primary flow within an urbanized area of 50,000 and greater",US,Pediatric Medicine,S,96,101.83333333333,7327.23,1119,45,,67,67,6384.38,358,"#",,,40,6096.85,,56,1230.38,,0,0,,13,638.06,,83,6689.17,,29,937.03,,67,6390.2,0,0,0,0,0,0,0,0,0,,13,75.61,13,,0,0,*,,69.377777777778,,,,,24,21,41,0,,,0,,,,0.72637777777778
1700180775,Chekuri,Anita,,M.D.,I,50 W 77th St,West Care Medical Associates,New York,NY,36,10024,1,"Metropolitan area core: primary flow within an urbanized area of 50,000 and greater",US,Internal Medicine,S,4555,12350.033333333,229849.73,361466,662,,4315,11779.366666667,196342.64,345348,,628,,498,149120.95,,3985,78736.149999999,,72,1992.63,,4490,197672.95,,65,32176.78,,1166,77166.12,,3389,152683.61,116,2178.05,2152,48,2.5466520307355,,,,,,81,1223.41,68,*,,,*,,74.027190332326,34,336,222,70,406,256,200,122,63,266,,,131,531,1.4031310360725
1700267697,Di Bari,Jeremy,A,MD,I,161 Carey Rd,,Queensbury,NY,36,12804,1,"Metropolitan area core: primary flow within an urbanized area of 50,000 and greater",US,Family Practice,S,5143,11242.233333333,649216.01,324764,526,,4304,9801.7333333333,496970.07,285209,,440,,873,539648.67,,4183,104506.44,,87,5060.9,,3406,466661,,1737,182555.01,,1730,305051.26,,3413,344164.75,198,4106.72,4035,54,3.8498930585262,24,673.53,694,,12.121212121212,124,3793.06,101,,26,848.91,*,,71.5,86,230,160,50,254,272,501,,,,0,15,132,394,1.1743151800757
1700284841,Aye,Yin Yin,,,I,121 Dekalb Ave Apt 19c,,Brooklyn,NY,36,11201,1,"Metropolitan area core: primary flow within an urbanized area of 50,000 and greater",US,Internal Medicine,S,4057,11298.4,175532.51,333765,416,,3917,10962.233333333,170476.66,323838,,396,,352,100035.72,,3661,74386.499999999,,44,1110.29,"#",,,*,,,,902,40763.25,,3155,134769.26,105,1849.88,2910,16,2.5881192999754,,,,,,60,788.79,46,*,,,*,,73.298076923077,20,244,119,33,290,126,196,51,22,137,,,75,341,1.1847128984862
1659317980,Stephens,Micheal,D,M.D.,I,110 W Utica St,,Oswego,NY,36,13126,4,"Micropolitan area core: primary flow within an urban cluster of 10,000 to 49,999",US,General Practice,S,5383,11239.2,709802.8,325208,636,,4917,10388.2,654137.28,301047,,584,,936,579378.15,,4409,128853.76,,38,1570.89,,2744,317975.23,,2639,391827.57,,814,94490.53,,4569,615312.27,186,11923.53,4383,56,3.455322310979,28,8106.33,796,,15.05376344086,141,1249.75,104,*,,,*,,72.639937106918,52,363,166,55,325,311,615,,,,0,15,71,565,0.97504427519596
1659339976,Flaherty,Daniel,J,DO,I,1724 E Ridge Rd,,Rochester,NY,36,14622,1,"Metropolitan area core: primary flow within an urbanized area of 50,000 and greater",US,Family Practice,S,8387,18609.3,762879.32,545588,743,,7639,17370.933333333,705464.65,509751,,687,,1088,577249.94,,7210,180711.4,,89,4917.98,,7383,653797.3,,1004,109082.02,,1034,107161.59,,7353,655717.73,405,16752.12,10139,102,4.8289018719447,12,6967.46,345,,2.962962962963,157,1821.17,97,,37,3220.73,*,,73.876177658143,56,372,220,95,390,353,641,36,,19,,38,70,673,1.0297988181765
1659345049,Roman,Rolando,R,MD,I,8854 180th St,,Jamaica,NY,36,11432,1,"Metropolitan area core: primary flow within an urbanized area of 50,000 and greater",US,Internal Medicine,S,8883,23417.966666667,2412383.85,695910,344,,8199,21817.233333333,2226545.93,648566,,321,,1659,2122677.35,,6877,276583.97,,347,13122.53,,7683,1996016.53,,1200,416367.32,,4958,1263915.87,,3925,1148467.98,36,185.6,623,16,0.40526849037487,0,0,0,0,0,222,343848.28,87,,40,1395.16,,14,73.491279069767,23,171,122,28,188,156,,37,117,148,,36,170,174,1.0883460017055
1659353027,Cunningham,David,J,M.D.,I,3 Irongate Center,,Glens Falls,NY,36,12801,1,"Metropolitan area core: primary flow within an urbanized area of 50,000 and greater",US,Family Practice,S,8624,17986.733333333,1163815.21,525239,610,,7735,16434.433333333,659799.63,480568,,563,,1222,992249.77,,7307,167916.56,,95,3648.88,,5184,869687.34,,3440,294127.87,,1215,551134.45,,7409,612680.76,147,3252.09,3291,38,1.7045454545455,13,711.94,390,,8.843537414966,193,3346.21,100,,40,930.46,*,,74.970491803279,47,251,224,88,328,282,581,,,,0,22,74,536,1.0827661405782
1659353068,Shong,Dong-Hong,,M.D.,I,"13668 Roosevelt Ave # 4a",,Flushing,NY,36,11354,1,"Metropolitan area core: primary flow within an urbanized area of 50,000 and greater",US,Internal Medicine,S,50322,79409.1,4410443.71,2338488,1797,,49515,78222,4307504.95,2304217,,1765,,6908,3329448.77,,42678,1051204.71,,736,29790.23,,41285,3628742.5,,9037,781701.21,,42633,3898654.24,,7689,511789.47,32,137.86,549,16,0.06359047732602,0,0,0,0,0,785,5397.37,498,,159,3400.06,,34,74.511407902059,32,1008,519,238,1115,682,,,1733,,0,47,1214,583,1.0284512858369
1659364214,Oppenheimer,John,K,M.D.,I,60 Bay St,,Sag Harbor,NY,36,11963,1,"Metropolitan area core: primary flow within an urbanized area of 50,000 and greater",US,Internal Medicine,S,3976,7616.8,733863.13,220530,241,,3855,7414.8,634254.36,214605,"#",,,733,605002.5,,3194,127400.33,,49,1460.3,,161,54722.7,,3815,679140.43,,232,126093.42,,3744,607769.71,105,5800.58,2454,24,2.6408450704225,31,4699.2,902,,29.52380952381,155,3293.01,84,,27,596.82,*,,80.709543568465,,,,,147,94,220,,0,,0,12,,,1.2525228678966
1659371078,Lam,Terry,,M.D.,I,80 Bowery,Suite 600,New York,NY,36,10013,1,"Metropolitan area core: primary flow within an urbanized area of 50,000 and greater",US,Internal Medicine,S,5208,8031.5,486800.29,234176,189,,5052,7682.5,462995.18,223986,"#",,,778,355105.79,,4375,128892.51,,55,2801.99,,4655,438785.5,,553,48014.79,,4547,435042.93,,661,51757.36,0,0,0,0,0,0,0,0,0,,119,1735.19,60,,0,0,*,,73.201058201058,,,,,100,89,0,0,184,,0,,146,43,1.0095148671632
1659380327,Rotoli,Dina,M,N.P.,I,1445 Portland Ave,Suite 108,Rochester,NY,36,14621,1,"Metropolitan area core: primary flow within an urbanized area of 50,000 and greater",US,Nurse Practitioner,S,258,265.13333333333,22328.25,3952,136,,209,216.13333333333,18920.7,3461,,111,,74,18914.84,,184,3413.41,,0,0,,172,15344.19,,86,6984.06,,112,12450.79,,146,9877.46,0,0,0,0,0,0,0,0,0,,144,2724.09,66,,0,0,,0,72.110294117647,25,57,36,18,64,72,116,,0,,,,50,86,2.1901894535994
1659471704,Daboul,Richard,J,M.D.,I,3452 State Route 97,,Barryville,NY,36,12719,2,"Metropolitan area high commuting: primary flow 30% or more to a urbanized area of 50,000 and greater",US,Family Practice,S,3297,6790.9333333333,387969.39,198377,309,,2632,5814.6,260199.48,169917,,268,,466,327945.86,,2799,58681.29,,32,1342.24,,1246,126016.82,,2051,261952.57,,1014,183180.84,,2283,204788.55,153,5319.86,3869,28,4.6405823475887,11,1119.75,277,,7.1895424836601,87,1143.53,56,*,,,*,,72.116504854369,41,146,98,24,176,133,287,,,13,,,55,254,1.0659533122185
1659471845,Waldman,Justine,L,MD,I,101 Dates Dr,,Ithaca,NY,36,14850,1,"Metropolitan area core: primary flow within an urbanized area of 50,000 and greater",US,Emergency Medicine,S,605,633.7,81884.55,8825,294,,292,293,46004.17,1464,,213,,323,60624.62,"#",,,*,,,,335,46381.8,,270,35502.75,,346,41224.09,,259,40660.46,13,307.39,279,,2.1487603305785,,,,,,,,,,0,0,,0,66.455782312925,81,144,52,17,162,132,264,,,,,16,86,208,0.90511831950484
1659476711,Nakamura,Chester,,MD,I,4 Coulter Rd,,Clifton Springs,NY,36,14432,2,"Metropolitan area high commuting: primary flow 30% or more to a urbanized area of 50,000 and greater",US,Internal Medicine,S,17387,40930.933333333,1470561.08,1202303,1100,,16345,38829.2,1348393.93,1141511,,1046,,2362,1067013.4,,14835,391277.88,,190,12269.8,,13728,1134248.31,,3659,336312.77,,2467,290722.68,,14920,1179838.4,479,22071.63,10551,78,2.7549318456318,49,8124.11,1425,,10.229645093946,504,6600.36,295,,46,2181.29,,13,74.98,54,511,360,175,641,459,1029,,,,,48,99,1001,0.99016063433208
1659533776,Cheung,Sandy,,D.O,I,11 E Broadway Ste 11b,,New York,NY,36,10038,1,"Metropolitan area core: primary flow within an urbanized area of 50,000 and greater",US,Internal Medicine,S,7827,12438.666666667,1038540.33,366283,278,,7785,12335.666666667,1029571.88,363268,"#",,,1596,847057.45,,6116,189302.56,,115,2180.32,,7497,955461.68,,330,83078.65,,7697,1036203.38,,130,2336.95,0,0,0,0,0,0,0,0,0,,60,474.98,45,,55,715.25,*,,74.406474820144,,,,,159,119,0,0,274,,0,,,,1.0045263361616
1659536233,Zhang,Yuqing,,M.D.,I,136-68 Roosevelt Ave,Ste 2a2b,Flushing,NY,36,11354,1,"Metropolitan area core: primary flow within an urbanized area of 50,000 and greater",US,Family Practice,S,22460,25192.433333333,3837783.83,726487,392,,22003,24660.4,3751562.52,711514,,378,,6916,3417601.01,,14915,404946.31,,629,15236.51,,20837,3551322.86,,1623,286460.97,,21750,3798917.43,,710,38866.4,13,81.69,63,,0.057880676758682,0,0,0,,0,436,6199.64,192,,58,501.7,,23,73.926020408163,14,216,115,47,224,168,,,374,,0,,360,32,1.1550084808796
1659650992,Caruso,John,,D.O.,I,303 Main St,,Binghamton,NY,36,13905,1,"Metropolitan area core: primary flow within an urbanized area of 50,000 and greater",US,Family Practice,S,269,270,42195.49,1095,198,,245,246,38911.88,909,,184,,233,41473.59,,36,721.9,,0,0,,143,22259.58,,126,19935.91,,37,4488.08,,232,37707.41,0,0,0,0,0,0,0,0,0,,14,257.95,14,,0,0,,0,73.070707070707,14,108,56,20,112,86,182,,,,0,,18,180,0.92092416814964
1659694420,Visser,Suzanne,P,PHARM.D.,I,14 Eastmount Dr,Apt. 270,Slingerlands,NY,36,12159,1,"Metropolitan area core: primary flow within an urbanized area of 50,000 and greater",US,Pharmacist,T,42,42,7261.65,42,38,"#",,,,,"#",,,42,7261.65,,0,0,,0,0,*,,,"#",,,*,,,"#",,,0,0,0,0,0,0,0,0,0,,0,0,0,*,,,*,,72.631578947368,,,,,24,14,29,,,,0,,,,0.77581578947368
1659755718,Olenyn,Melissa,M,,I,5 Garland Lane,,Greenville,NY,36,12083,2,"Metropolitan area high commuting: primary flow 30% or more to a urbanized area of 50,000 and greater",US,Pharmacist,T,22,22,3684.24,22,20,"#",,,,,"#",,,22,3684.24,,0,0,,0,0,*,,,"#",,,*,,,"#",,,0,0,0,0,0,0,0,0,0,,0,0,0,*,,,*,,73.3,,,,,,,17,,,0,0,0,,,0.9164
1659757664,Chou,Hui-Tzu,,FNP,I,217 Grand St Ste 802,,New York,NY,36,10013,1,"Metropolitan area core: primary flow within an urbanized area of 50,000 and greater",US,Nurse Practitioner,S,5943,6671.6,864984.26,193643,355,,5780,6498.6,827347.4,188669,"#",,,1451,758579.02,,4427,102856.96,,65,3548.28,,5477,806135.28,,466,58848.98,,5810,852926.8,,133,12057.46,0,0,0,0,0,0,0,0,0,,19,218.06,16,*,,,*,,71.774647887324,,,,,174,181,0,,349,,0,,,,0.94528237035166
1659801959,Truong,Phuong,T,"MSN, FNP-BC, RN",I,"4266 Kissena Blvd # F1",,Flushing,NY,36,11355,1,"Metropolitan area core: primary flow within an urbanized area of 50,000 and greater",US,Nurse Practitioner,S,2920,3953.9666666667,357709.57,113004,299,,2798,3784.9666666667,329828.86,108255,,287,,587,301324.75,,2313,54854.51,,20,1530.31,,2876,351132.98,,44,6576.59,,2840,354224.28,,80,3485.29,0,0,0,0,0,0,0,0,0,,61,533.11,48,*,,,*,,72.8127090301,12,198,65,24,145,154,,,289,,0,,275,24,1.1433073051511
1659883080,Orts,Kristen,M,"MSN, LM, CNM, IBCLC",I,5 Masonic Ave,,Camden,NY,36,13316,10,"Rural areas: primary flow to a tract outside a urbanized area of 50,000 and greater or UC",US,Nurse Practitioner,S,4425,8155.2666666667,403471.76,234352,386,,2898,5815.8,281739.63,168527,,254,,714,315901.2,,3679,85950.42,,32,1620.14,,2750,270161.89,,1675,133309.87,,2292,186828.09,,2133,216643.67,191,3633.46,4400,43,4.316384180791,,,,,,85,1046.75,60,,16,2789.41,*,,67.823834196891,132,150,82,22,194,192,367,,,,0,12,172,214,1.0852163715125
1669415501,Waldman,Jonathan,S,MD,I,1101 Nott St,,Schenectady,NY,36,12308,1,"Metropolitan area core: primary flow within an urbanized area of 50,000 and greater",US,Internal Medicine,S,19732,19749.733333333,1722070.51,444566,980,,17532,17549.733333333,1509512.91,398126,,895,,4914,1212746.05,,14723,502860.67,,95,6463.79,,7559,745034.07,,12173,977036.44,,18280,1627678.89,,1452,94391.62,521,16412.82,8047,147,2.6403811068315,101,9515.61,2085,20,19.385796545106,453,46557.61,194,,863,102204.96,,141,78.388775510204,85,266,326,303,609,371,894,41,,24,,12,767,213,2.192360771572
1669438875,Kazmi,Mahmood,M,,I,3329 Bainbridge Ave,,Bronx,NY,36,10467,1,"Metropolitan area core: primary flow within an urbanized area of 50,000 and greater",US,Neurology,S,4543,7616.8666666667,1572081.01,226114,574,,3164,5354.3333333333,898022.11,158960,,442,"#",,,,3494,144237.26,*,,,,3052,1074761.15,,1491,497319.86,,3062,1144390.57,,1481,427690.44,58,1286.51,1803,18,1.2766894122826,,,,,,,,,,301,356700.54,,72,70.608013937282,132,218,159,65,406,168,160,137,,229,,31,319,255,1.4678630636643
1669447108,Cilip,Michael,,MD,I,23 W Market St Ste 101,,Corning,NY,36,14830,4,"Micropolitan area core: primary flow within an urban cluster of 10,000 to 49,999",US,Internal Medicine,S,12077,22102.866666667,873296.65,633785,721,,10329,19642.733333333,704843.49,565016,,645,,1378,583718.16,,10596,281539.54,,103,8038.95,,5802,371596.71,,6275,501699.94,,1806,186940.25,,10271,686356.4,168,2404.62,2926,65,1.3910739422042,,,,,,708,45097.08,269,,77,2296.51,,11,72.596393897365,76,368,197,80,350,371,675,,,,0,32,61,660,0.9913326988544
1669451498,Caruana,Joseph,A,DO,I,7318 13th Ave,,Brooklyn,NY,36,11228,1,"Metropolitan area core: primary flow within an urbanized area of 50,000 and greater",US,Family Practice,S,9997,21035.733333333,966180.66,617267,586,,9715,20547.766666667,938026.04,603368,,559,,1395,724155.39,,8534,238358.27,,68,3667,,4351,354670.8,,5646,611509.86,,2155,215780.05,,7842,750400.61,62,1510.96,963,30,0.62018605581675,0,0,0,0,0,231,2373.88,155,,35,472.85,*,,77.464163822526,27,200,222,137,347,239,547,,,20,0,11,97,489,1.1756844177295
1669466363,Impellizeri,John,,D.O,I,13400 Main Rd,,Mattituck,NY,36,11952,1,"Metropolitan area core: primary flow within an urbanized area of 50,000 and greater",US,Internal Medicine,S,3345,8811.8666666666,150709.85,258907,541,,3268,8696.7333333333,148155.84,255740,,520,,358,92301.3,,2952,56172.06,,35,2236.49,,3326,149998.33,,19,711.52,,313,11936.44,,3032,138773.41,98,2007.2,2280,31,2.9297458893871,12,276.47,336,,12.244897959184,76,937.14,54,*,,,*,,74.410351201479,21,274,177,69,276,265,244,53,57,162,0,25,50,491,1.123055693233
1669492096,Beney,Christopher,,MD,I,77 Elizabeth Dr,,Lockport,NY,36,14094,2,"Metropolitan area high commuting: primary flow 30% or more to a urbanized area of 50,000 and greater",US,Internal Medicine,S,8387,18735.166666667,1058625.11,550646,728,,7128,16402.533333333,901759.43,483858,,618,,1617,873874.3,,6690,180545.14,,80,4205.67,,5591,663836.37,,2796,394788.74,,1892,269848.47,,6495,788776.64,135,4585.21,3061,32,1.6096339573149,14,1703.83,410,,10.37037037037,154,2793.03,109,,32,381.39,*,,72.20467032967,110,322,208,88,392,336,688,,,,0,23,133,595,1.1304894263777
1669545166,Ding,Hua,,,I,13338 41st Rd,Suite 2q,Flushing,NY,36,11355,1,"Metropolitan area core: primary flow within an urbanized area of 50,000 and greater",US,Internal Medicine,S,25550,34162.7,2549945.04,1010554,837,,25360,33895.433333333,2528834.49,1002678,"#",,,5561,2114012.49,,19608,424571.31,,381,11361.24,,23752,2363615.05,,1798,186329.99,,24093,2463293.53,,1457,86651.51,0,0,0,0,0,0,0,0,0,,159,1140.45,137,,21,383.25,*,,72.31780167264,,,,,500,337,,0,824,,0,,711,126,0.96425311687825
1669583779,Smith,Robert,L,M.D.,I,23 North Street,Suite 5,Canandaigua,NY,36,14424,1,"Metropolitan area core: primary flow within an urbanized area of 50,000 and greater",US,Family Practice,S,11374,25326.366666667,961282.55,746087,864,,9720,22505.5,800492.5,663995,,763,,1271,710731.45,,9973,242888.75,,130,7662.35,,8375,708518.69,,2999,252763.86,,2403,241249.41,,8971,720033.14,274,14833.36,7852,48,2.4090029892738,48,6804.23,1440,,17.518248175182,218,2578.78,147,,33,6077.76,*,,72.840277777778,101,396,271,96,415,449,799,,,,0,41,118,746,0.93456838173155
1669584728,Wrest,Jennifer,,NP,I,"601 Elmwood Ave # 665",,Rochester,NY,36,14642,1,"Metropolitan area core: primary flow within an urbanized area of 50,000 and greater",US,Nurse Practitioner,S,2121,2130.8333333333,109849.32,53473,72,,2056,2065.8333333333,108115.45,51581,"#",,,392,73131.99,,1729,36717.33,,0,0,,1199,52522.84,,922,57326.48,,1565,85881.89,,556,23967.43,110,4174.9,2603,28,5.1862329090052,18,3015.99,520,,16.363636363636,28,201.56,20,,36,1099.91,*,,87.194444444444,,,,,22,50,68,,0,,0,,50,22,1.4865067340067
1669631529,Ang,Roderick,T,M.D.,I,40 Arch St,,Johnson City,NY,36,13790,1,"Metropolitan area core: primary flow within an urbanized area of 50,000 and greater",US,Family Practice,S,3784,10224.166666667,131684.76,300102,513,,3680,9957.8,125428.69,292414,,496,,340,74975.01,,3383,55234.52,,61,1475.23,,3770,130399.1,,14,1285.66,,536,19436.28,,3248,112248.48,165,2757.14,3931,47,4.3604651162791,,,,,,55,3611.5,39,,14,327.22,*,,74.278752436647,17,271,164,61,222,291,371,,44,60,,27,59,454,1.0528211384694
1669756599,Vohora,Ricky,R,DO,I,558 Larkfield Rd,,East Northport,NY,36,11731,1,"Metropolitan area core: primary flow within an urbanized area of 50,000 and greater",US,Family Practice,S,23,23,3261.22,411,19,"#",,,,,"#",,,19,3246.96,*,,,"#",,,*,,,"#",,,*,,,"#",,,0,0,0,0,0,0,0,0,0,,,,,*,,,*,,74.578947368421,,,,,,,17,0,,,0,0,,,0.89857894736842
1669786422,Padovano,Nicole,J,PHARMD,I,5173 W Taft Rd,,North Syracuse,NY,36,13212,1,"Metropolitan area core: primary flow within an urbanized area of 50,000 and greater",US,Pharmacist,T,17,17,3070.47,17,16,*,,,,,*,,,17,3070.47,,0,0,,0,0,"#",,,*,,,"#",,,*,,,0,0,0,0,0,0,0,0,0,,0,0,0,*,,,*,,65.625,,,,,,,,14,,0,0,0,,,1.0901041666667
1669846242,Zhu,Hang,,,I,878 60th St Fl 3,,Brooklyn,NY,36,11220,1,"Metropolitan area core: primary flow within an urbanized area of 50,000 and greater",US,Nurse Practitioner,S,10993,11855.333333333,1779932.5,345609,201,,10817,11671.333333333,1743772.56,340118,"#",,,3248,1495457.08,,7626,283333.79,,119,1141.63,,10610,1729971.8,,383,49960.7,,10948,1777909.1,,45,2023.4,0,0,0,0,0,0,0,0,0,,107,1805.94,67,,0,0,*,,71.308457711443,,,,,99,102,,,199,0,0,0,,,0.90579578411794
1679517619,Khan,Abdus,S,MD,I,1055 Stewart Ave,,Bethpage,NY,36,11714,1,"Metropolitan area core: primary flow within an urbanized area of 50,000 and greater",US,Internal Medicine,S,7842,19546,914399.36,580614,686,,7548,18978.9,891298.12,563964,,657,,1247,722822.93,,6514,186716.64,,81,4859.79,,5920,721594.52,,1922,192804.84,,1848,243093.79,,5994,671305.57,52,458.54,1403,14,0.6630961489416,0,0,0,0,0,111,1546.23,79,*,,,*,,77.30612244898,29,243,267,147,303,383,454,72,88,43,,,121,565,1.2396262862867
1679542864,Aung,Khin,,MD,I,8708 Justice Ave Apt 1n,,Elmhurst,NY,36,11373,1,"Metropolitan area core: primary flow within an urbanized area of 50,000 and greater",US,Internal Medicine,S,5044,9608.0666666667,528512.62,284563,455,,4375,8502.7333333333,446342.76,252066,,398,,918,437305.61,,4021,86864.07,,105,4342.94,,4324,458567.39,,720,69945.23,,4250,465492.01,,794,63020.61,0,0,0,0,0,0,0,0,0,,25,297.39,21,,11,83.43,*,,72.342857142857,57,224,140,34,262,193,30,68,99,243,,,345,110,1.5737567673239
1679547970,Ruiz,John,,MD,I,4988 State Highway 30,"St. Mary'S Hospital, Memorial Campus Fam Hlth Cntr",Amsterdam,NY,36,12010,2,"Metropolitan area high commuting: primary flow 30% or more to a urbanized area of 50,000 and greater",US,Family Practice,S,5271,5350.8,550225.56,141055,125,,5156,5235.7,536487.47,138090,"#",,,876,375388.76,,4395,174836.8,,0,0,,5253,549852.21,,18,373.35,,5044,515276.04,,227,34949.52,116,4091.76,2092,21,2.2007209258205,,,,,,118,3423.46,38,,148,16961.72,*,,82.744,,,,,57,68,88,15,,18,0,,114,11,1.5591003787879
1679550412,Hoffman,Lisa,B,M.D.,I,1026 Union Rd,,West Seneca,NY,36,14224,1,"Metropolitan area core: primary flow within an urbanized area of 50,000 and greater",US,Internal Medicine,S,3730,9520.8,232748.08,281804,420,,3495,9041.4,227202.75,267668,,395,,460,155169.45,,3252,76565.67,,18,1012.96,,2688,165778.62,,1042,66969.46,,548,45469.42,,3182,187278.66,31,275.9,716,11,0.83109919571046,,,,,,52,1222.08,41,*,,,*,,74.552380952381,25,199,141,55,329,91,408,,0,,0,,38,382,1.2898251262626
1679570246,Zhang,Jian Wei,,M.D.,I,139 Centre St Ste 709,,New York,NY,36,10013,1,"Metropolitan area core: primary flow within an urbanized area of 50,000 and greater",US,Internal Medicine,S,33108,66579.066666667,5127221.35,1972684,1711,,32549,65358.4,5028544.03,1936403,,1674,,6799,4260215.78,,25883,853447.07,,426,13558.5,,26966,4189806.72,,6142,937414.63,,30671,4913678.5,,2437,213542.85,,,,,,,,,,,226,1630.47,179,,16,442.62,*,,75.658094681473,37,857,530,287,974,737,,,1659,,0,40,1476,235,1.1191356267572
1679576383,Rie,Jonathan,T,M.D.,I,33 Davis Ave,,White Plains,NY,36,10605,1,"Metropolitan area core: primary flow within an urbanized area of 50,000 and greater",US,Internal Medicine,S,8732,21228.866666667,625021.4,630579,675,,8510,20804.4,603370.42,617927,,662,,873,420428.7,,7803,199851.54,,56,4741.16,,1764,163778.62,,6968,461242.78,,666,81466.71,,8066,543554.69,31,341.25,709,11,0.35501603298213,,,,,,115,32280.8,76,,24,309.82,*,,77.565925925926,13,256,256,150,312,363,544,60,19,16,0,36,39,636,1.0210630832653
1679624811,O'Connor,Kevin,P,M.D.,I,600 Roe Ave,,Elmira,NY,36,14905,1,"Metropolitan area core: primary flow within an urbanized area of 50,000 and greater",US,Emergency Medicine,S,671,671,116493.16,794,516,,580,580,101262.94,698,,447,,665,116459.4,*,,,"#",,,,439,76976.92,,232,39516.24,,176,31478.84,,495,85014.32,,,,,,,,,,,,,,,0,0,,0,71.21511627907,69,291,128,28,305,211,477,16,,,0,17,122,394,0.87640963621636
1679670400,Dichter,Robert,H,MD,I,2100 Bartow Ave,,Bronx,NY,36,10475,1,"Metropolitan area core: primary flow within an urbanized area of 50,000 and greater",US,Internal Medicine,S,6412,15145.733333333,634708.63,448302,849,,5671,13565.6,514666.57,401657,,775,,780,495254.75,,5531,134747.06,,101,4706.82,,4289,405072.51,,2123,229636.12,,2190,258788.99,,4222,375919.64,73,2502.56,1642,20,1.1384903306301,,,,,,47,271.11,42,,43,8242.42,*,,75.485276796231,74,311,325,139,538,311,78,546,,186,,29,228,621,1.1821963252081
1679674907,Haas,Douglas,L,D.O.,I,30 S Main St,,Dolgeville,NY,36,13329,10,"Rural areas: primary flow to a tract outside a urbanized area of 50,000 and greater or UC",US,Family Practice,S,6769,11694.366666667,616843.19,336241,316,,5564,9950.2,483957.27,285701,,267,,961,477926.91,,5766,137304.43,,42,1611.85,,3800,323781,,2969,293062.19,,2286,262667.64,,4483,354175.55,217,38683.18,4823,39,3.205791106515,40,35666.06,1097,,18.433179723502,195,1891.71,89,,35,1581.92,*,,72.48417721519,49,139,86,42,161,155,294,,0,,0,13,90,226,0.97590322126385
1679677892,Tambor,Jeffry,,MD,I,1975 Hylan Blvd,Ste 3,Staten Island,NY,36,10306,1,"Metropolitan area core: primary flow within an urbanized area of 50,000 and greater",US,Internal Medicine,S,12891,22342.566666667,842193.78,642814,768,,8617,17053.333333333,517129.01,494569,,576,,1603,585137.87,,11206,252772.11,,82,4283.8,,5871,368047.56,,7020,474146.22,,6616,502334.52,,6275,339859.26,490,7526.55,10893,58,3.8011015437127,63,741.15,1581,,12.857142857143,328,15619.02,192,,39,907.95,,11,68.28515625,192,370,155,51,423,345,579,43,19,90,0,37,269,499,0.98865912236837
1679797088,Koo,Kern,S,D.O.,I,51-33 Marathon Pkwy,,Little Neck,NY,36,11362,1,"Metropolitan area core: primary flow within an urbanized area of 50,000 and greater",US,Family Practice,S,5301,10712.266666667,426767.17,314729,559,,4986,10273.7,398473.91,302173,,542,,606,334831.14,,4651,90233.79,,44,1702.24,,3097,232503.65,,2204,194263.52,,2229,227916.24,,3072,198850.93,,,,,,,,,,,124,1329.44,81,*,,,*,,74.141323792487,17,315,161,66,289,270,183,38,272,35,0,31,148,411,0.83455587393262
1679925093,Yu,May,Y,FNP-BC,I,2460 Mickle Ave,,Bronx,NY,36,10469,1,"Metropolitan area core: primary flow within an urbanized area of 50,000 and greater",US,Nurse Practitioner,S,6821,14394.4,1077633.86,423174,533,,5921,13008.6,946504.88,382924,,470,,1386,959540.25,,5368,113913.19,,67,4180.42,,4810,778280.15,,2011,299353.71,,2992,530155.15,,3829,547478.71,166,3940.52,4455,26,2.4336607535552,,,,,,100,4177.77,68,,85,31592.92,,19,74.656660412758,63,217,154,99,327,206,324,101,,77,,23,131,402,1.1338838823522
1679967616,Kemp,Brett,E,MD,I,42 Nichols St Ste 10,,Spencerport,NY,36,14559,1,"Metropolitan area core: primary flow within an urbanized area of 50,000 and greater",US,Family Practice,S,4679,10991.9,379507.46,322762,502,,3808,9183.4333333333,321448.81,270362,,424,,489,270662.98,,4137,105860.76,,53,2983.72,,3461,242426.15,,1218,137081.31,,838,69750.39,,3841,309757.07,73,2240.03,1731,25,1.5601624278692,,,,,,91,993.8,65,*,,,*,,71.121513944223,78,247,133,44,258,244,468,,0,,0,22,88,414,1.0896575713754
1689036212,Meehan,Leonardo,T,,I,701 N Broadway,,Sleepy Hollow,NY,36,10591,1,"Metropolitan area core: primary flow within an urbanized area of 50,000 and greater",US,Family Practice,S,3569,8506.3333333333,294974.23,249833,317,,3171,7663.8333333333,282041.77,225340,,289,,415,225000.19,,3136,68375.02,,18,1599.02,,1523,127010,,2046,167964.23,,1115,94956.48,,2454,200017.75,77,3892.66,2133,13,2.1574670776128,,,,,,64,9427.25,39,,0,0,,0,74.290220820189,28,133,115,41,141,176,183,52,,59,,19,62,255,1.0392498151786
1689601601,Howe,Paul,Q,M.D.,I,809 Ridge Rd E,,Rochester,NY,36,14621,1,"Metropolitan area core: primary flow within an urbanized area of 50,000 and greater",US,Family Practice,S,5203,10584.066666667,414111.04,309487,411,,4038,8709.2333333333,340120.87,256009,,323,,670,309694.19,,4465,100434.78,,68,3982.07,,3634,329391.21,,1569,84719.83,,2462,209249.47,,2741,204861.57,94,2789.75,2477,22,1.8066500096098,14,388.45,404,,14.893617021277,63,8357.48,30,,0,0,,0,69.228710462287,88,204,95,24,237,174,293,66,,36,,13,146,265,1.1393486948323
1689601817,Bernstein,Scott,A,MD,I,26 Firemans Memorial Dr,,Pomona,NY,36,10970,1,"Metropolitan area core: primary flow within an urbanized area of 50,000 and greater",US,Internal Medicine,S,22646,38289.266666667,2719651.7000001,886867,7413,,21533,36791.133333333,2561900.8800001,853698,,7106,,9816,2353074.91,,12801,364763.85,,29,1812.94,,5665,696410.94,,16981,2023240.76,,4353,495262.79,,18293,2224388.91,300,21581.62,7472,49,1.3247372604433,96,14345.19,2709,11,32,256,8251.71,128,,74,2632.48,,17,74.005395926076,307,3968,2416,722,4338,3075,5505,614,,535,,441,860,6553,0.89549989956018
1689604357,Brink-Cymerman,Dawn,M,MD.,I,132 1/2 Albany Street,,Cazenoviz,NY,36,13035,2,"Metropolitan area high commuting: primary flow 30% or more to a urbanized area of 50,000 and greater",US,Family Practice,S,4109,9128.8,386376.21,267275,323,,3526,8116.2666666667,339700.02,238548,,283,,587,301645.48,,3474,80509.46,,48,4221.27,,2663,261191.76,,1446,125184.45,,1060,125159.23,,3049,261216.98,78,1297.38,1223,20,1.8982720856656,0,0,0,0,0,76,9746.52,50,,28,415.82,*,,72.761609907121,40,142,100,41,253,70,303,,,,0,11,68,255,0.87717906571289
1689654220,Patel,Babu,,MD,I,1963a Daly Ave,,Bronx,NY,36,10460,1,"Metropolitan area core: primary flow within an urbanized area of 50,000 and greater",US,Internal Medicine,S,21014,28012.366666667,1448014.03,825362,518,,16852,23186.533333333,1072072.52,684257,,428,,3234,1192039.01,,16667,227004.46,,1113,28970.56,,19632,1343433.2,,1382,104580.83,,18081,1292220.27,,2933,155793.76,,,,,,,,,,,289,2305.4,158,,44,410.74,*,,71.882239382239,90,200,180,48,268,250,18,121,,355,,11,359,159,1.105271028939
1689654840,Mcgowan,Joseph,P,MD,I,300 Community Dr,,Manhasset,NY,36,11030,1,"Metropolitan area core: primary flow within an urbanized area of 50,000 and greater",US,Infectious Disease,S,6458,6904.5,6647845.99,202678,199,,3239,3488.5,3314906.64,102532,,102,,2877,6456885.84,,3558,190617.01,,23,343.14,,3012,3274159.99,,3446,3373686,,4022,3850590.05,,2436,2797255.94,267,31523,7574,26,4.1344069371322,98,24246.14,2827,14,36.704119850187,97,1403.25,27,,0,0,,0,62.86432160804,97,86,,,65,134,94,65,,24,0,,109,90,1.5309559767528
1689665515,Dinapoli,Arthur,A,MD,I,9 Elwyn Ln,,Woodstock,NY,36,12498,10,"Rural areas: primary flow to a tract outside a urbanized area of 50,000 and greater or UC",US,Internal Medicine,S,5959,9476.4666666667,471630.32,260157,425,,5654,9098.6333333333,440738.53,250184,,405,,914,327351.06,,5013,143061.53,,32,1217.73,,1112,86513.35,,4847,385116.97,,1436,121294.57,,4523,350335.75,289,12000.74,6592,59,4.8498070145998,40,7223.76,735,,13.840830449827,178,8319.13,98,,90,4666.39,,18,78.432941176471,20,136,150,119,237,188,405,,,,0,,67,358,1.1865109569008
1689674855,Zhou,Eric,Y,MD,I,98 E Broadway Fl 4,,New York,NY,36,10002,1,"Metropolitan area core: primary flow within an urbanized area of 50,000 and greater",US,Internal Medicine,S,12917,16699.7,1111255.63,482375,508,,12737,16513.033333333,1100499.17,477046,,495,,1846,918875.86,,10974,189977.14,,97,2402.63,,11149,914490.66,,1768,196764.97,,12660,1103011.85,,257,8243.78,,,,,,,,,,,202,2065.29,125,*,,,*,,71.446850393701,13,360,108,27,259,249,0,,499,,0,,493,15,0.99342360646858
1689687857,Koleini,Jahangir,,MD,I,2339 Uniun Road,Suite 1,West Seneca,NY,36,14224,1,"Metropolitan area core: primary flow within an urbanized area of 50,000 and greater",US,Family Practice,S,9296,23483.1,769633.64,691588,635,,8931,22718.866666667,758502.8,669691,,608,,1169,587445.65,,8044,176016.44,,83,6171.55,,7331,588906.22,,1965,180727.42,,745,71245.64,,8551,698388,48,751.06,1011,17,0.51635111876076,0,0,0,0,0,228,2999.39,147,*,,,*,,76.026771653543,27,260,233,115,369,266,611,,,,0,18,40,595,1.1141154686437
1437591849,Riggi,Larry,J,PHARM. D.,I,8 W Main St,,Le Roy,NY,36,14482,3,"Metropolitan area low commuting: primary flow 10% to <30% to a urbanized area of 50,000 and greater",US,Pharmacist,T,24,24,4293.4,24,20,"#",,,,,"#",,,24,4293.4,,0,0,,0,0,"#",,,*,,,*,,,"#",,,0,0,0,0,0,0,0,0,0,,0,0,0,*,,,*,,71.85,,,,,,,18,,0,0,0,,,,0.64045
1447232855,Lettrick,Michael,A,MD,I,1528 Columbia Tpke,,Castleton,NY,36,12033,1,"Metropolitan area core: primary flow within an urbanized area of 50,000 and greater",US,Family Practice,S,7145,15492.3,720573.97,453344,576,,6303,14123.033333333,664217.47,413836,,524,,1039,557590.18,,6042,160607.77,,64,2376.02,,4315,457422.05,,2830,263151.92,,1200,157720.97,,5945,562853,275,42018.7,6534,56,3.8488453463961,17,35594.3,436,,6.1818181818182,188,2418.06,116,,29,2369.26,*,,73.965277777778,52,256,182,86,300,276,537,,,,0,20,64,512,1.175019759995
1447257399,Usen,Joshua,M,D.O.,I,1416 Sweet Home Rd,Suite 12,Amherst,NY,36,14228,1,"Metropolitan area core: primary flow within an urbanized area of 50,000 and greater",US,Family Practice,S,6256,12257.233333333,681092.9,349781,663,,4764,9908.5,507050.23,285652,,559,,928,513587.33,,5258,159519.65,,70,7985.92,,4412,466282.99,,1844,214809.91,,1719,234311.27,,4537,446781.63,632,61680.45,15421,102,10.102301790281,133,44001.26,4019,17,21.044303797468,117,953.68,85,,14,4399.91,*,,70.663650075415,104,346,155,58,377,286,598,38,,,0,23,109,554,1.060092573955
1447259403,Saini,Rajeev,,M.D.,I,21 N 2nd St,,Fulton,NY,36,13069,2,"Metropolitan area high commuting: primary flow 30% or more to a urbanized area of 50,000 and greater",US,Internal Medicine,S,12157,26497,1198071.77,779422,938,,10903,23817.166666667,1043782.94,700803,,852,,1735,974594.91,,10280,216722.11,,142,6754.75,,7859,723164.08,,4298,474907.69,,2286,302826.45,,9871,895245.32,402,15166.78,10931,93,3.3067368594226,45,9546.81,1350,,11.194029850746,224,1746.96,141,,35,1129.98,*,,74.107675906183,86,427,297,128,498,440,888,,11,,,28,124,814,1.1324091531849
1447274014,Ting,Henry,Y,MD,I,133-29 41st Road,Suite 2b,Flushing,NY,36,11355,1,"Metropolitan area core: primary flow within an urbanized area of 50,000 and greater",US,Internal Medicine,S,10674,20111.5,937787.95,597966,678,,10600,20023.5,924842.55,595443,"#",,,1418,643678.31,,9156,291148.51,,100,2961.13,,8892,764550.48,,1782,173237.47,,5867,576287.89,,4807,361500.06,0,0,0,0,0,0,0,0,0,,51,460.42,41,,0,0,*,,75.849557522124,,,,,371,307,,,638,,0,21,280,398,1.0028122578513
1447282199,Burstein,Gale,R,MD,I,219 Bryant Street,,Buffalo,NY,36,14222,1,"Metropolitan area core: primary flow within an urbanized area of 50,000 and greater",US,Pediatric Medicine,S,1276,1284,216775.78,4877,989,,1181,1189,200045.91,4603,,913,,1276,216775.78,,0,0,,0,0,,961,164182.3,,315,52593.48,,128,22265.76,,1148,194510.02,0,0,0,0,0,0,0,0,0,,0,0,0,,0,0,,0,73.077856420627,76,538,288,87,547,442,936,,,,0,42,96,893,0.93641583479137
1447328059,Boughal,Richard,P,MD,I,308 Main Street,,Northport,NY,36,11768,1,"Metropolitan area core: primary flow within an urbanized area of 50,000 and greater",US,Internal Medicine,S,2948,6611.7333333333,235106.03,190711,307,,2858,6443.7333333333,229581.43,186213,,295,"#",,,,2567,57419.59,*,,,,526,36071.52,,2422,199034.51,,257,28815.46,,2691,206290.57,,,,,,,,,,,123,1782.26,80,*,,,*,,76.508143322476,12,117,123,55,169,138,277,,,,0,14,23,284,1.1144804554358
1447331855,Bressler,David,J,M.D.,I,800 Ayrault Rd,Suite 200,Fairport,NY,36,14450,1,"Metropolitan area core: primary flow within an urbanized area of 50,000 and greater",US,Internal Medicine,S,9329,19672.933333333,549592.5,580375,601,,8704,18578.8,491774.3,548511,,569,,715,325557.92,,8600,222725.49,,14,1309.09,,7944,452109.86,,1385,97482.64,,800,56578.58,,8529,493013.92,296,25559.32,7988,48,3.1729017043627,15,16097.03,510,,5.0675675675676,163,2104.33,106,,31,413.84,*,,74.405990016639,32,284,208,77,332,269,548,11,,13,,25,36,565,0.91077853896477
1447343660,Orgel,Marc,L,MD,I,Mmg - Grand Concourse,2532 Grand Concourse,Bronx,NY,36,10458,1,"Metropolitan area core: primary flow within an urbanized area of 50,000 and greater",US,Internal Medicine,S,11297,21907.233333333,1506463.01,647258,754,,9305,18713.4,1222802.88,553532,,643,,1985,1153559.95,,8959,330081.18,,353,22821.88,,8220,1112311.04,,3077,394151.97,,6641,963119.97,,4656,543343.04,333,34979.92,8504,45,2.9476852261662,11,26263.94,274,,3.3033033033033,45,454,34,,25,322.76,*,,72.057029177719,111,350,220,73,453,301,36,375,,312,,22,335,419,1.4259439021156
1447368568,Zarcone,Valerie,J,DO,I,11 Peekskill Hollow Road,,Putnam Valley,NY,36,10579,1,"Metropolitan area core: primary flow within an urbanized area of 50,000 and greater",US,Internal Medicine,S,4619,9798.2333333333,496734.78,285025,453,,4354,9421.2333333333,481541.94,274574,,422,,795,381579.28,,3773,111908.53,,51,3246.97,,1213,121477.07,,3406,375257.71,,1042,110873.6,,3577,385861.18,62,990.43,1086,29,1.3422818791946,,,,,,87,2134.19,61,,15,2418.82,*,,74.637969094923,31,205,156,61,329,124,403,19,,11,,13,58,395,1.2076858462929
1447371802,Reeves,Alicea,,RPA-C,I,918 N Goodman St,,Rochester,NY,36,14609,1,"Metropolitan area core: primary flow within an urbanized area of 50,000 and greater",US,Physician Assistant,S,2145,4502.1,232040.98,131758,202,,1415,3097.8,139928.19,90714,,142,,349,185444.98,,1764,44944.71,,32,1651.29,,1910,198223.81,,235,33817.17,,1581,205814.35,,564,26226.63,31,435.91,827,15,1.4452214452214,0,0,0,0,0,12,195.47,11,*,,,*,,67.980198019802,60,89,40,13,134,68,61,127,0,,,,115,87,1.4626277267532
1447418694,Tinsman,Rebecca,L,RPA C,I,520 E. 70th St.,"New York-Presbyterian Hospital, Starr 341",New York,NY,36,10022,1,"Metropolitan area core: primary flow within an urbanized area of 50,000 and greater",US,Physician Assistant,S,5624,10101.6,441162.67,289531,460,,4193,7871.9,320736.03,227059,,361,,692,300842.76,,4895,137780.17,,37,2539.74,,1746,144557.92,,3878,296604.75,,3006,237691.93,,2618,203470.74,225,6788,4551,33,4.0007112375533,62,2991.95,1401,,27.555555555556,83,3033.63,52,,49,3224.55,*,,70.047826086957,99,182,147,32,232,228,442,,,,0,12,167,293,1.0047845775225
1447419189,Hong,Jia,,MD,I,4235 Main Street Suite 3k,,Flushing,NY,36,11355,1,"Metropolitan area core: primary flow within an urbanized area of 50,000 and greater",US,Family Practice,S,5381,9268.0666666667,458443.78,272514,256,,5303,9105.8,456010.88,267750,"#",,,758,368723.9,,4514,86209.31,,109,3510.57,,4861,400413.7,,520,58030.08,,4883,445753.25,,498,12690.53,,,,,,,,,,,42,276.69,30,,18,116.35,*,,71.79296875,,,,,146,110,,,239,,0,,203,53,0.97969856770833
1447562376,Lu,Ling,,,I,758 61st St Ste A,,Brooklyn,NY,36,11220,1,"Metropolitan area core: primary flow within an urbanized area of 50,000 and greater",US,Internal Medicine,S,12742,15388.266666667,1827924.4,450345,714,,12307,14910.933333333,1720255.36,436366,,684,,2984,1513443.1,,9652,311741.07,,106,2740.23,,11577,1678100.31,,1165,149824.09,,12221,1759394.62,,521,68529.78,,,,,,,,,,,137,1055.89,110,,16,62.33,*,,72.302521008403,30,469,165,50,360,354,,0,692,,0,,655,59,1.1546865497423
1447630785,Farooq,Khurram,,M.D.,I,42084 State Highway 28,,Margaretville,NY,36,12455,10,"Rural areas: primary flow to a tract outside a urbanized area of 50,000 and greater or UC",US,Family Practice,S,273,273.23333333333,18008.56,3698,116,"#",,,,,"#",,"#",,,,211,6165.44,*,,,,76,2968.59,,197,15039.97,,169,12503.9,,104,5504.66,11,1112.57,120,,4.029304029304,,,,,,49,1127.46,26,*,,,*,,80,,,,,66,50,111,0,,,0,,49,67,1.4958376436782
1447853551,Chun,Philip,,,I,4999 State Highway 30,,Amsterdam,NY,36,12010,2,"Metropolitan area high commuting: primary flow 30% or more to a urbanized area of 50,000 and greater",US,Pharmacist,T,14,14,2453.93,14,14,"#",,,,,"#",,,14,2453.93,,0,0,,0,0,*,,,*,,,*,,,*,,,0,0,0,0,0,0,0,0,0,,0,0,0,*,,,*,,73.428571428571,,,,,,,13,,0,,0,0,,,1.0193869047619
1457309833,Santos,Minerva,,M.D.,I,3680 Hill Blvd,"Mount Kisco Medical Group, Pc",Jefferson Valley,NY,36,10535,1,"Metropolitan area core: primary flow within an urbanized area of 50,000 and greater",US,Internal Medicine,S,4464,11277.833333333,490681.73,334905,534,,4370,11049.166666667,488181.83,328124,,519,"#",,,,3918,97543.62,*,,,,1554,119042.58,,2910,371639.15,,910,230974.48,,3554,259707.25,,,,,,,,,,,77,5483.11,62,,11,603.37,*,,75.38202247191,15,273,147,99,401,133,422,17,11,62,0,22,70,464,1.0927307067141
1457318198,Blackburn,Robert,E,M.D.,I,279 East Ave,"Hilton Health Care, P.C.",Hilton,NY,36,14468,1,"Metropolitan area core: primary flow within an urbanized area of 50,000 and greater",US,Family Practice,S,9060,19203.8,605565.14,557889,948,,7724,17218.666666667,503523.73,501577,,847,,986,396175.78,,8013,204693.13,,61,4696.23,,7608,466260.62,,1452,139304.52,,1441,135532.76,,7619,470032.38,544,33793.74,12734,123,6.0044150110375,94,17574.43,2805,27,17.279411764706,189,2476.57,124,,51,1071.36,,17,72.974683544304,101,440,314,93,464,484,887,,,11,,40,102,846,0.91069982262002
1457349375,Zhang,Zhiguang,,MD,I,5717 7th Ave Fl 1,,Brooklyn,NY,36,11220,1,"Metropolitan area core: primary flow within an urbanized area of 50,000 and greater",US,Internal Medicine,S,5863,9620.4333333333,650943.1,277988,212,,5789,9495.4333333333,645718.57,274285,"#",,,1007,518753.33,,4821,131465.88,,35,723.89,,5234,593211.29,,629,57731.81,,5649,635596.03,,214,15347.07,0,0,0,0,0,0,0,0,0,,155,1655.92,87,,24,239.91,*,,71.896226415094,,,,,90,122,0,0,207,,0,,195,17,1.0433996240308
1457394306,Lee,Jung,L,MD,I,143-25a Roosevelt Ave.,,Flushing,NY,36,11354,1,"Metropolitan area core: primary flow within an urbanized area of 50,000 and greater",US,General Surgery,S,52677,56020.633333333,7742020.77,1651424,659,,52326,55658.3,7697132.11,1640847,,648,,15828,6908690.18,,36407,815330.58,,442,18000.01,,35102,5443402.23,,17575,2298618.54,,52500,7731968.15,,177,10052.62,26,99.41,421,,0.049357404559865,0,0,0,,0,628,8479.32,326,,27,451.98,*,,78.508345978756,11,187,321,140,436,223,,,619,,0,29,628,31,1.3398666572392
1457395238,Narala,Karuna,,MD,I,2497 State Highway 30,,Gloversville,NY,36,12078,4,"Micropolitan area core: primary flow within an urban cluster of 10,000 to 49,999",US,Family Practice,S,2372,5070.1333333333,169766.05,148489,287,,2224,4864.2,163780.44,142520,,263,,347,128817.76,,1987,39469.1,,38,1479.19,,1735,112460.64,,637,57305.41,,674,38423.97,,1698,131342.08,,,,,,,,,,,53,283.56,43,,0,0,,0,73.02787456446,24,149,81,33,189,98,274,0,,,0,,83,204,1.0681048199768
1457396582,Zucker,Jane,R,MD MS,I,303 Ninth Avenue,3rd Floor,New York,NY,36,10001,1,"Metropolitan area core: primary flow within an urbanized area of 50,000 and greater",US,Internal Medicine,T,19,19,3315.2,135,14,"#",,,,,"#",,,19,3315.2,,0,0,,0,0,"#",,,*,,,*,,,"#",,,0,0,0,0,0,0,0,0,0,,0,0,0,*,,,*,,72.285714285714,,,,,,,,,0,,0,,,,0.85371428571429
1457421653,Lee-Rey,Elizabeth,T,MD,I,2426 Eastchester Rd,Suite 208,Bronx,NY,36,10469,1,"Metropolitan area core: primary flow within an urbanized area of 50,000 and greater",US,Family Practice,S,5594,10157.466666667,595764.48,298840,408,,4698,8738.8,505980.84,257540,,343,,964,495074.59,,4446,92757.68,,184,7932.21,,5028,525481.4,,566,70283.08,,5049,573568.02,,545,22196.46,,,,,,,,,,,19,265.42,16,,16,744.63,*,,71.713235294118,65,188,123,32,300,108,24,57,13,307,,,317,91,1.2491929837752
1457483455,Meer,John,F,MD,I,154 W 71st St,,New York,NY,36,10023,1,"Metropolitan area core: primary flow within an urbanized area of 50,000 and greater",US,Internal Medicine,S,7985,16433.6,892075.63,478065,641,,7052,15023.033333333,787944.34,438480,,592,,1358,742123.89,,6422,141663.61,,205,8288.13,,5689,665034.23,,2296,227041.4,,3243,377832.52,,4742,514243.11,191,3164.45,3409,39,2.3919849718222,0,0,0,0,0,88,563.41,58,,41,303.49,*,,74.374414976599,49,299,201,92,395,246,202,273,18,131,0,17,182,459,1.3521106534761
1457670812,Acosta,Elizabeth,,RPH,I,1 Jericho Tpke,,Mineola,NY,36,11501,1,"Metropolitan area core: primary flow within an urbanized area of 50,000 and greater",US,Pharmacist,T,26,26,4489.52,26,26,"#",,,,,"#",,,26,4489.52,,0,0,,0,0,*,,,"#",,,*,,,"#",,,0,0,0,0,0,0,0,0,0,,0,0,0,*,,,*,,74.269230769231,,,,,14,12,21,0,,0,0,,,,0.85142307692308
1457970261,Subran,Daryl,,PHARMD,I,381 Broadway,,Monticello,NY,36,12701,7,"Small town core: primary flow within an urban cluster of 2,500 to 9,999",US,Pharmacist,T,12,12,2231.71,12,12,"#",,,,,"#",,,12,2231.71,,0,0,,0,0,*,,,*,,,*,,,"#",,,0,0,0,0,0,0,0,0,0,,0,0,0,*,,,*,,73,,,,,,,11,,0,0,0,,,,0.62833333333333
1467421305,Kuntz,Bruce,L,MD,I,1780 Hanshaw Rd,,Ithaca,NY,36,14850,1,"Metropolitan area core: primary flow within an urbanized area of 50,000 and greater",US,Family Practice,S,9168,17840,904335.07,519662,580,,7140,14556.3,735172.16,425141,,483,,1327,742602.38,,7752,157168.97,,89,4563.72,,5248,570250.03,,3920,334085.04,,3426,331984.73,,5742,572350.34,308,8604.17,7005,72,3.3595113438045,42,2425.05,1260,,13.636363636364,160,2193.4,106,,28,513.8,*,,71.041379310345,97,272,172,39,276,304,524,21,,,,20,148,432,1.0121318622226
1467451534,Shulman,David,S,M.D.,I,535 Main St,,Olean,NY,36,14760,4,"Micropolitan area core: primary flow within an urban cluster of 10,000 to 49,999",US,Family Practice,S,8285,14494.2,673209.74,424945,419,,7412,13279.466666667,604012.18,389665,,374,,1074,536795.81,,7157,131971.94,,54,4441.99,,5709,475932.64,,2576,197277.1,,2628,221037.92,,5657,452171.82,81,1619.91,1929,15,0.97767048883524,0,0,0,0,0,90,854.2,58,,20,220.01,*,,73.114558472554,45,198,128,48,225,194,403,,0,,0,,92,327,1.1412944193143
1467482703,Tam,Kenneth,C,M.D.,I,217 Grand St Fl 9,,New York,NY,36,10013,1,"Metropolitan area core: primary flow within an urbanized area of 50,000 and greater",US,Internal Medicine,S,9727,19380.766666667,1048352.65,579497,565,,9599,19117.166666667,1038672.91,571614,"#",,,1385,806353.2,,8303,240771.61,,39,1227.84,,6668,692955.71,,3059,355396.94,,7973,875117.05,,1754,173235.6,0,0,0,0,0,0,0,0,0,,23,271.83,19,,0,0,*,,78.518584070796,,,,,324,241,,0,532,,0,28,421,144,1.4692192579873
1467483917,Song,Min,,MD,I,227 Madison St,"Medicine, 4th Floor, Gouverneur Healthcare Services",New York,NY,36,10002,1,"Metropolitan area core: primary flow within an urbanized area of 50,000 and greater",US,Internal Medicine,S,9154,16502.6,1136915.9,484912,565,,9022,16335.533333333,1121614.07,480073,,550,,1654,942799.34,,7325,188325.71,,175,5790.85,,8325,1050061.02,,829,86854.88,,8951,1133620.73,,203,3295.17,20,388.94,327,,0.21848372296264,0,0,0,,0,86,516.05,76,,42,592.22,,13,73.976991150442,15,328,160,62,290,275,,,549,,0,,535,30,1.0343122747655
1467488338,Biernbaum,Robert,,DO,I,259 Monroe Ave,,Rochester,NY,36,14607,1,"Metropolitan area core: primary flow within an urbanized area of 50,000 and greater",US,Emergency Medicine,S,1335,1745.8333333333,761990.9,48489,165,,339,497.83333333333,222757.2,14184,,73,"#",,,,866,27311.24,*,,,,1010,570722.94,,325,191267.96,,1088,490209.02,,247,271781.88,23,6725.89,567,,1.7228464419476,,,,,,17,92.99,14,*,,,*,,60.327272727273,92,56,,,61,104,98,40,,25,0,,116,49,1.4771705222853
1467527655,Obrien,John,G,MD,I,8100 Oswego Road,Suite 220,Liverpool,NY,36,13090,1,"Metropolitan area core: primary flow within an urbanized area of 50,000 and greater",US,Family Practice,S,5709,13234.433333333,327446.61,387471,597,,5503,12811.633333333,317496.76,375317,,574,,607,191659.64,,5052,133323.56,,50,2463.41,,3741,199277.68,,1968,128168.93,,626,27050.66,,5083,300395.95,63,2169.45,2168,16,1.1035207566999,14,779.37,399,,22.222222222222,204,2534.26,160,,27,460.74,*,,75.105527638191,23,281,205,88,300,297,563,,,,0,20,40,557,1.0521755122476
1467534842,Mamtora,Pankaj,K,MD,I,11412 Beach Channel Dr,,Rockaway Park,NY,36,11694,1,"Metropolitan area core: primary flow within an urbanized area of 50,000 and greater",US,Internal Medicine,S,3439,7419.9,616016.62,217175,184,,3024,6655.2666666667,545571.36,195279,,162,,748,535310.96,,2602,76052.18,,89,4653.48,,1399,244805.62,,2040,371211,,1347,281492.74,,2092,334523.88,35,890.26,851,,1.0177377144519,,,,,,75,1652,51,*,,,*,,73.66847826087,22,79,50,33,101,83,100,21,43,11,,,57,127,1.1149846336655
1467536391,Leonidas,Leonard,,,I,35 Empire State Blvd,,Castleton,NY,36,12033,1,"Metropolitan area core: primary flow within an urbanized area of 50,000 and greater",US,Internal Medicine,S,6879,15109.433333333,628533.61,439522,622,,5660,12907.8,558102.56,376855,,546,,906,458180.02,,5887,164611.56,,86,5742.03,,4140,366938.29,,2739,261595.32,,1952,200739.81,,4927,427793.8,507,25390.17,12671,91,7.3702573048408,65,11196.11,1842,12,12.820512820513,155,3706.37,96,*,,,*,,71.930868167203,76,309,181,56,313,309,576,11,,,0,26,106,516,1.074998599455
1467536755,Cao,Kent,B,M.D.,I,136-21 Roosevelt Ave.,Suite 205,Flushing,NY,36,11354,1,"Metropolitan area core: primary flow within an urbanized area of 50,000 and greater",US,Internal Medicine,S,18563,27611.966666667,1653642,803806,537,,18122,27019.033333333,1632201.28,786936,,526,,2783,1284983.31,,15541,360577.76,,239,8080.93,,16579,1445084.43,,1984,208557.57,,17379,1596534.59,,1184,57107.41,,,,,,,,,,,291,2486.04,160,,43,2279.74,*,,74.014897579143,11,310,156,60,314,223,,,516,,0,,447,90,1.1840273105533
1467554014,Foster,Teresa,,D.O.,I,404 Zena Rd,,Woodstock,NY,36,12498,10,"Rural areas: primary flow to a tract outside a urbanized area of 50,000 and greater or UC",US,Family Practice,S,7421,12829.733333333,724448.82,369303,493,,6212,11147.3,616755.14,321808,,445,,1157,534470.1,,6213,187150.8,,51,2827.92,,3225,347785.7,,4196,376663.12,,2803,314684.2,,4618,409764.62,538,75463.57,13427,81,7.2496968063603,88,3973.35,2621,11,16.35687732342,154,2596.2,89,,14,327.46,*,,72.778904665314,48,246,156,43,355,138,459,,,,,16,113,380,0.95239645094245
1467615823,Manessis,Anastasios,,MD,I,36 7th Ave,Suite 507,New York,NY,36,10011,1,"Metropolitan area core: primary flow within an urbanized area of 50,000 and greater",US,Endocrinology,S,7691,16919.4,3965258.25,503285,1068,,6760,15142.433333333,3280480.41,450758,,963,,4032,3742120.3,,2874,110097.25,,785,113040.7,,3351,1725548.15,,4340,2239710.1,,2995,1815531.09,,4696,2149727.16,13,266.94,307,,0.16902873488493,0,0,0,,0,12,71.37,,,0,0,,0,72.763108614232,105,505,373,85,624,444,718,103,,157,,46,341,727,1.4428164459017
1467624494,Oconnor,Brandon,,M.D.,I,9 Orchard St,,Port Jervis,NY,36,12771,4,"Micropolitan area core: primary flow within an urban cluster of 10,000 to 49,999",US,Family Practice,S,903,904.33333333333,30253.42,11820,312,,787,788.33333333333,26338.59,10354,,280,,124,19062.52,,779,11190.9,,0,0,,98,3892.22,,805,26361.2,,393,10437.08,,510,19816.34,45,803,340,19,4.9833887043189,,,,,,190,1775.17,170,*,,,*,,73.637820512821,32,141,101,38,209,103,276,,,15,0,,55,257,1.0356341832458
1467694703,Pal,Amandeep,,MD,I,6334 Robinson Rd,,Lockport,NY,36,14094,2,"Metropolitan area high commuting: primary flow 30% or more to a urbanized area of 50,000 and greater",US,Family Practice,S,29157,55851.4,2958335.19,1643635,1577,,24438,48083,2536707.82,1418035,,1321,,4321,2383428.07,,24357,545430.73,,479,29476.39,,17457,1419061.48,,11700,1539273.71,,13387,1272225.9,,15770,1686109.29,332,6873.13,8972,94,1.1386630997702,,,,,,282,3877.12,200,,229,12590.96,,30,72.238427393786,256,683,422,216,889,688,1424,54,,27,,50,467,1110,1.326044906281
1467782615,Zheng,Li,,M.D.,I,13640 39th Ave,Suite 401,Flushing,NY,36,11354,1,"Metropolitan area core: primary flow within an urbanized area of 50,000 and greater",US,Family Practice,S,5723,7037.7333333333,711458.43,205365,168,,5592,6902.2,697907.96,201378,"#",,,1207,629585.86,,4372,75448.3,,144,6424.27,,5075,663457.13,,648,48001.3,,5319,691468.15,,404,19990.28,,,,,,,,,,,61,523.5,40,*,,,*,,72.845238095238,,,,,92,76,0,0,157,,0,,137,31,0.94324559730494
1467815738,Bock,Laura,K,MD,I,1000 10th Ave,,New York,NY,36,10019,1,"Metropolitan area core: primary flow within an urbanized area of 50,000 and greater",US,Internal Medicine,S,5942,11744.366666667,580873.38,346584,764,,5220,10463.6,477279.75,308760,,676,,908,468722.98,,4986,109157.69,,48,2992.71,,3577,338736.58,,2365,242136.8,,3291,427017.62,,2651,153855.76,22,73.83,613,,0.37024570851565,0,0,0,,0,67,952.18,50,,31,499.83,,11,73.359947643979,88,340,240,96,514,250,250,189,16,278,0,31,431,333,1.2318473662386
1467951970,Decker,Margaret,E,FNP,I,16 W Bridge St,,Saugerties,NY,36,12477,1,"Metropolitan area core: primary flow within an urbanized area of 50,000 and greater",US,Nurse Practitioner,S,4832,10720.466666667,512281.82,314603,348,,4175,9627.9666666667,439809.16,283959,,307,,658,388054.73,,4142,121962.67,,32,2264.42,,2407,265846.59,,2425,246435.23,,1030,125189.64,,3802,387092.18,91,4351.57,1669,15,1.8832781456954,,,,,,98,2817.71,71,,37,523.11,*,,74.778735632184,41,120,125,62,228,120,330,,,,0,,63,285,1.0572235936956
1467970285,Chaudhari-Patel,Sheetal,D,PHARMD,I,463 Albany Shaker Rd,,Loudonville,NY,36,12211,1,"Metropolitan area core: primary flow within an urbanized area of 50,000 and greater",US,Pharmacist,T,12,12,2228.16,12,11,,12,12,2228.16,12,,11,,12,2228.16,,0,0,,0,0,*,,,*,,,*,,,"#",,,0,0,0,0,0,0,0,0,0,,0,0,0,,0,0,,0,75.181818181818,0,,,,,,,,0,0,0,0,,,1.1907502173861
1477501609,Bennett,Brian,R,MD,I,77 Nelson St,Suite 310,Auburn,NY,36,13021,4,"Micropolitan area core: primary flow within an urban cluster of 10,000 to 49,999",US,Internal Medicine,S,15340,30848.433333333,1243361.92,901810,971,,13717,28304.233333333,1129837.13,829537,,889,,1907,951395.9,,13247,280952.05,,186,11013.97,,8274,608807.85,,7066,634554.07,,3177,310085.66,,12163,933276.26,618,17554.09,14986,132,4.0286831812256,42,5686.67,1260,,6.7961165048544,262,4242.24,163,,74,3905.43,,13,74.087538619979,82,459,288,142,463,508,922,13,,,0,28,134,837,1.1963851765201
1477501864,Sabados,Christine,,RPH,I,250 Page Ave,,Staten Island,NY,36,10307,1,"Metropolitan area core: primary flow within an urbanized area of 50,000 and greater",US,Pharmacist,T,43,43,6582.82,43,42,,43,43,6582.82,43,,42,,43,6582.82,,0,0,,0,0,*,,,"#",,,,0,0,,43,6582.82,0,0,0,0,0,0,0,0,0,,0,0,0,,0,0,,0,74.047619047619,0,24,,,21,21,36,,0,0,0,,0,42,0.63083333333333
1477512259,Cange,Jean,M,M.D.,I,400 International Dr.,,Williamsville,NY,36,14221,1,"Metropolitan area core: primary flow within an urbanized area of 50,000 and greater",US,Family Practice,S,8458,16748.8,882683.9,491261,1092,,7004,14528.433333333,728181.97,427418,,932,,1267,699403.43,,7116,178957.62,,75,4322.85,,6108,536580.68,,2350,346103.22,,1815,237677.19,,6643,645006.71,571,51574.81,15893,106,6.7510049657129,52,27215.06,1468,,9.1068301225919,91,741.87,69,,25,525.76,*,,71.014652014652,160,573,285,74,592,500,966,61,,28,,30,172,920,1.0774372980474
1477521409,Tan,Kathy,S,M.D.,I,5324 7th Ave,,Brooklyn,NY,36,11220,1,"Metropolitan area core: primary flow within an urbanized area of 50,000 and greater",US,Internal Medicine,S,10105,17657.466666667,1475777.67,517294,397,,9972,17402.333333333,1465783.44,509838,"#",,,2603,1285669.39,,7358,186140.02,,144,3968.26,,8817,1301223.21,,1288,174554.46,,9900,1469973.44,,205,5804.23,0,0,0,0,0,0,0,0,0,,118,3409.53,76,,0,0,*,,72.395465994962,,,,,206,191,0,0,391,,0,,379,18,1.0361647359871
1477558468,Wexelman,Warren,J,M.D.,I,1335 Ocean Parkway,,Brooklyn,NY,36,11230,1,"Metropolitan area core: primary flow within an urbanized area of 50,000 and greater",US,Cardiology,S,8004,19008.233333333,1533185.68,564842,495,,7394,17643.833333333,1114388.78,524335,,469,,1487,1181834.52,,6436,347723.37,,81,3627.79,,3144,496026.66,,4860,1037159.02,,2433,716305.79,,5571,816879.89,32,856.05,823,,0.39980009995002,,,,,,72,834.44,57,*,,,*,,75.175757575758,26,229,178,62,277,218,383,66,,26,,13,98,397,1.1629726929717
1477593804,Zelman-Sosonkin,Nataliya,,MD,I,2348 Richmond Rd,,Staten Island,NY,36,10306,1,"Metropolitan area core: primary flow within an urbanized area of 50,000 and greater",US,Internal Medicine,S,16322,19875.5,1776505.1,587105,381,,16223,19708.5,1773075.09,582418,"#",,,3823,1502596.44,,12339,271607.46,,160,2301.2,,1913,200956.84,,14409,1575548.26,,14651,1597650.41,,1671,178854.69,67,329.05,1435,14,0.41048891067271,0,0,0,0,0,102,2777.68,79,,41,268.04,*,,76.816272965879,,,,,248,133,290,,,0,0,89,271,110,1.2841627481396
1477640969,Muharemovic,Meciko,A,M.D.,I,145 W Montauk Hwy,,Hampton Bays,NY,36,11946,1,"Metropolitan area core: primary flow within an urbanized area of 50,000 and greater",US,Internal Medicine,S,3683,8967.9,493843.88,264280,579,,3444,8528.8,461626.81,252027,,529,"#",,,,3040,85034.9,*,,,,838,108139.4,,2845,385704.48,,808,139904.76,,2875,353939.12,11,262.93,150,,0.29866956285637,,,,,,69,2873.04,56,*,,,*,,73.761658031088,50,280,171,78,303,276,491,22,,29,,31,95,484,1.0978604635659
1477642858,Diaz,Miguel,,,I,1783 Route 9,Suite 204,Halfmoon,NY,36,12065,1,"Metropolitan area core: primary flow within an urbanized area of 50,000 and greater",US,Family Practice,S,3465,8565.0666666667,479129.48,250526,335,,3157,7882.9666666667,447738.31,230612,,313,,527,408469.45,,2890,68238.8,,48,2421.23,,2395,348466.75,,1070,130662.73,,697,98438.32,,2768,380691.16,48,1366.44,1732,12,1.3852813852814,0,0,0,0,0,66,593.85,47,*,,,*,,74.179104477612,22,167,104,42,159,176,262,,,51,0,11,58,277,1.0417033016838
1477677979,Vaidian,Anil,,M.D.,I,50 Sanitorium Rd,Bldg D,Pomona,NY,36,10970,1,"Metropolitan area core: primary flow within an urbanized area of 50,000 and greater",US,Clinic/Center,T,22,22,4016.74,36,17,"#",,,,,"#",,,22,4016.74,,0,0,,0,0,*,,,"#",,,*,,,"#",,,0,0,0,0,0,0,0,0,0,,0,0,0,*,,,*,,73.529411764706,,,,,,,13,,0,,0,,,,0.76923529411765
1477712644,Chen,Yong,,MD,I,26 Firemans Meml Dr,Ste 215,Pomona,NY,36,10970,1,"Metropolitan area core: primary flow within an urbanized area of 50,000 and greater",US,Internal Medicine,S,6913,13156.066666667,610242.45,383049,540,,6635,12635.866666667,595712.98,368013,,514,,747,406221,,6133,202628.75,,33,1392.7,,2393,202390.49,,4520,407851.96,,1380,164292.22,,5533,445950.23,117,2034.64,2363,45,1.692463474613,0,0,0,0,0,159,2327.89,94,,78,2510.18,,17,77.318518518519,26,203,178,133,276,264,393,52,40,33,0,22,88,452,1.2874694824779
1477745115,Ross,Maureen,,MD PHD,I,Elm And Carlton Streets,,Buffalo,NY,36,14263,1,"Metropolitan area core: primary flow within an urbanized area of 50,000 and greater",US,Internal Medicine,S,32,32,4005.98,132,12,,32,32,4005.98,132,,12,,29,3991.38,*,,,"#",,,"#",,,*,,,,0,0,,32,4005.98,0,0,0,0,0,0,0,0,0,,0,0,0,,0,0,,0,70.583333333333,0,,,0,,,11,,,0,0,0,0,12,2.23
1477851103,Chan,Anna,,M.D.,I,14105 Cherry Ave,Unit 1e,Flushing,NY,36,11355,1,"Metropolitan area core: primary flow within an urbanized area of 50,000 and greater",US,Family Practice,S,8020,10298.766666667,1646459.03,301667,204,,7748,9946.9,1578940.46,291238,,193,,2138,1354444.81,,5712,286242.23,,170,5771.99,,7248,1509341.75,,772,137117.28,,7514,1525119.12,,506,121339.91,0,0,0,0,0,0,0,0,0,,48,2440.46,36,*,,,*,,72.651960784314,11,112,68,13,127,77,13,,160,14,0,,170,34,1.0791106111095
1477903292,Hadwani,Aly,A,MD,I,3 Handley St Ste 2,,Perry,NY,36,14530,7,"Small town core: primary flow within an urban cluster of 2,500 to 9,999",US,Family Practice,S,3502,7536.1666666667,346467.51,218530,372,,2985,6592.8333333333,287603.64,191392,,326,,551,276088.81,,2922,68678.31,,29,1700.39,,2163,180185.89,,1339,166281.62,,773,89673.21,,2729,256794.3,133,5767.64,3554,38,3.7978298115363,12,3410.7,330,,9.0225563909774,102,2807.26,64,,0,0,,0,73.083333333333,46,167,113,46,201,171,346,,,,0,21,69,303,1.1220107747564
1477978286,Zhu,Ziqiang,,MD,I,13302 41st Ave Fl 1,,Flushing,NY,36,11355,1,"Metropolitan area core: primary flow within an urbanized area of 50,000 and greater",US,Internal Medicine,S,4392,5850.8666666667,769356.51,170426,200,,4366,5791.5333333333,763460.39,168656,"#",,,1252,682137.94,,3065,85201.53,,75,2017.04,,4230,737241.94,,162,32114.57,,4072,722814.8,,320,46541.71,,,,,,,,,,,54,669.73,34,*,,,*,,72.76,,,,,97,103,,,173,13,0,,156,44,1.0539747550727
1477991396,Refkin,Julie,,M.D.,I,2832 Linden Blvd,"Advantagecare Physicians, Pc - Lindenwood",Brooklyn,NY,36,11208,1,"Metropolitan area core: primary flow within an urbanized area of 50,000 and greater",US,Family Practice,S,2749,6455.1666666667,201469.02,189352,350,,2457,5820.4333333333,164746.61,171207,,312,,337,157709.1,,2370,41918.01,,42,1841.91,,1932,136102.84,,817,65366.18,,1111,89356.89,,1638,112112.13,44,386.64,1044,14,1.600582029829,0,0,0,0,0,36,804.36,24,,0,0,,0,72.051428571429,38,182,103,27,230,120,129,202,,,,13,86,264,1.289442515283
1487025870,Wesner,Morgan,M,PHARMD,I,170 Port Watson St,,Cortland,NY,36,13045,4,"Micropolitan area core: primary flow within an urban cluster of 10,000 to 49,999",US,Pharmacist,T,14,14,2526.93,14,12,"#",,,,,"#",,,14,2526.93,,0,0,,0,0,"#",,,*,,,*,,,*,,,0,0,0,0,0,0,0,0,0,,0,0,0,*,,,*,,73.5,,,,,,,,,0,,0,0,,,0.9335
1487041109,Wong,Alvin,K,"MMSC, PA-C",I,821 53rd St Unit C2,,Brooklyn,NY,36,11220,1,"Metropolitan area core: primary flow within an urbanized area of 50,000 and greater",US,Physician Assistant,S,1065,1252.2,174833.05,36357,120,,1049,1229.0666666667,174741.53,35688,"#",,,311,157689.21,,737,16749.81,,17,394.03,,1011,167141.67,,54,7691.38,,1027,171774.21,,38,3058.84,0,0,0,0,0,0,0,0,0,,,,,*,,,*,,71.45,,,,,54,66,0,0,118,,0,,,,0.92243865213053
1487137501,Runyon,Sarah,,FNP,I,53 Pine St,,Deposit,NY,36,13754,2,"Metropolitan area high commuting: primary flow 30% or more to a urbanized area of 50,000 and greater",US,Nurse Practitioner,S,3430,7933.1666666667,447483.41,230083,457,,2857,6763,373437.64,196769,,393,,504,380162.39,,2905,66092.53,,21,1228.49,,2048,298303.05,,1382,149180.36,,1388,239213.87,,2042,208269.54,91,2357.5,2180,39,2.6530612244898,0,0,0,0,0,102,976.16,66,*,,,*,,71.741794310722,64,216,131,46,255,202,433,,0,,,,125,332,1.0498160462804
1487185963,Sobieski,Rayna,J,M.D,I,130 W Tremont Ave,,Bronx,NY,36,10453,1,"Metropolitan area core: primary flow within an urbanized area of 50,000 and greater",US,Family Practice,S,2540,4123.6333333333,323437.65,119869,246,,1877,3086.4333333333,224600.21,89800,,189,,521,281084.64,,1978,39485.33,,41,2867.68,,2050,295510.8,,490,27926.85,,2296,309460.73,,244,13976.92,27,640.55,597,11,1.0629921259843,0,0,0,0,0,23,533.38,15,*,,,*,,69.853658536585,57,115,56,18,162,84,,65,,164,0,,197,49,1.3569791245871
1487288858,Niedermaier,Alexis,K,NP,I,45 W Main St,,Cuba,NY,36,14727,10,"Rural areas: primary flow to a tract outside a urbanized area of 50,000 and greater or UC",US,Nurse Practitioner,S,3100,6110.1,278670.53,177596,423,,2574,5301.0333333333,230436.53,154458,,363,,482,229360.16,,2591,48472.61,,27,837.76,,1829,187693.54,,1271,90976.99,,1073,116366.23,,2027,162304.3,143,2755.8,3727,50,4.6129032258065,,,,,,67,486.17,51,,14,173.08,*,,72.260047281324,60,187,133,43,248,175,412,,,0,,,108,315,1.1873557716608
1487614350,Baratz,Lon,K,MD,I,995 Senator Keating Blvd,Bldg E Suite 3100,Rochester,NY,36,14618,1,"Metropolitan area core: primary flow within an urbanized area of 50,000 and greater",US,Internal Medicine,S,10206,20380.233333333,1170276.41,597427,712,,9221,18840.266666667,1071860.12,553216,,649,,1138,893744.09,,9008,272970.06,,60,3562.26,,8975,1019221.58,,1231,151054.83,,1784,307628.19,,8422,862648.22,376,53307.53,9302,82,3.6841073878111,47,38558.69,1410,,12.5,135,8609.94,81,,12,117.96,*,,71.942415730337,63,405,202,42,347,365,558,67,12,19,0,56,88,624,0.97009469099494
1487614988,Humphrey,Lynne,A,MD.,I,4104 Medical Center Dr,Suite 104,Fayetteville,NY,36,13066,1,"Metropolitan area core: primary flow within an urbanized area of 50,000 and greater",US,Family Practice,S,4168,8957.4666666667,330228.06,260498,323,,3775,8178.6,253293.84,237910,,300,,460,242025.39,,3660,86274.02,,48,1928.65,,2742,190204.64,,1426,140023.42,,1123,134524.68,,3045,195703.38,111,2413.85,2774,24,2.6631477927063,0,0,0,0,0,86,1195.28,45,,15,345.89,*,,74.452012383901,23,155,92,53,257,66,293,,,,,14,47,276,0.93370239122925
1487629515,Eggleston,Gary,E,MD,I,138 E Main St,,Westfield,NY,36,14787,7,"Small town core: primary flow within an urban cluster of 2,500 to 9,999",US,Family Practice,S,5358,12719.966666667,562864.65,374646,440,,4870,11752.366666667,536907.29,346679,,401,,750,461510.64,,4556,96717.65,,52,4636.36,,3390,334984.18,,1968,227880.47,,1558,176859.12,,3800,386005.53,146,4098.8,4078,42,2.7248973497574,28,1160.38,810,12,19.178082191781,94,930.19,52,*,,,*,,73.913636363636,39,191,150,60,213,227,424,,0,,0,13,85,355,1.2036442741039
1487629622,Estill,Matthew,R,MD,I,1780 Hanshaw Rd,,Ithaca,NY,36,14850,1,"Metropolitan area core: primary flow within an urbanized area of 50,000 and greater",US,Internal Medicine,S,7950,17491.933333333,974799.01,511961,784,,6631,15118.233333333,757453.77,443533,,696,,1156,786896.52,,6701,180800.56,,93,7101.93,,4434,525837.82,,3516,448961.19,,2518,415575.75,,5432,559223.26,129,2331.95,3387,47,1.622641509434,,,,,,91,753.75,71,,28,778.6,*,,72.411989795918,88,380,257,59,351,433,702,25,12,,,36,153,631,1.0559357268055
1487640900,Lam,Ching-Yin,,M.D.,I,8 Chatham Sq,Suite 206,New York,NY,36,10038,1,"Metropolitan area core: primary flow within an urbanized area of 50,000 and greater",US,Internal Medicine,S,30605,43291.433333333,3445327.52,1271797,785,,30512,43126.766666667,3434978.1,1267235,"#",,,5553,2808741.37,,24699,624228.98,,353,12357.17,,22309,2459414.74,,8296,985912.78,,28036,3226563.21,,2569,218764.31,,,,,,,,,,,388,3358.01,239,,268,4030.39,*,,80.875159235669,,,,,477,308,,,728,,0,51,616,169,1.2259515271767
1487673125,Edwards,Gerald,P,MD.,I,132 1/2 Albany Street,,Cazenoviz,NY,36,13035,2,"Metropolitan area high commuting: primary flow 30% or more to a urbanized area of 50,000 and greater",US,Family Practice,S,2986,7096,335698,206743,261,,2618,6356.8666666667,268695.59,185836,,235,,473,278274.25,,2473,55508.96,,40,1914.79,,1805,184945.5,,1181,150752.5,,401,78822.27,,2585,256875.73,79,19756.27,1528,14,2.6456798392498,26,19187.08,780,,32.911392405063,58,419.21,47,*,,,*,,73.92337164751,26,112,91,32,118,143,234,,,0,,20,28,233,0.93487675606641
1487723375,Lipton,Mark,S,M.D.,I,635 Madison Ave,3rd Floor,New York,NY,36,10022,1,"Metropolitan area core: primary flow within an urbanized area of 50,000 and greater",US,Cardiology,S,3814,9118.6333333333,481260.03,270762,320,"#",,,,,"#",,,671,375312.05,,3132,105438.13,,11,509.85,,219,28851.86,,3595,452408.17,,51,11872.05,,3763,469387.98,17,231.47,374,,0.44572627163083,0,0,0,,0,32,644.35,23,*,,,*,,78.040625,,,,,165,155,296,0,,,0,16,,,1.0433529520179
1487727475,Ng,Hung,F,M.D.,I,109 Lafayette Street,Suite 206,New York,NY,36,10013,1,"Metropolitan area core: primary flow within an urbanized area of 50,000 and greater",US,Internal Medicine,S,13815,26038.333333333,2029335.07,765969,593,,13742,25888.5,2024639.5,761621,"#",,,2743,1684405.38,,10695,329704.74,,377,15224.95,,11479,1652883.73,,2336,376451.34,,12501,1883849.48,,1314,145485.59,79,925.96,1362,39,0.5718422005067,0,0,0,0,0,201,1665.66,135,,20,197.59,*,,76.986509274874,,,,,353,240,,0,573,,0,14,482,111,0.99547266268708
1487739504,Cardinale,Jodi,L,PA-C,I,130 Center Way,,Corning,NY,36,14830,4,"Micropolitan area core: primary flow within an urban cluster of 10,000 to 49,999",US,Physician Assistant,S,8714,16407.366666667,749181.75,474928,538,,5700,11869.133333333,503743.91,345173,,424,,1162,582535.72,,7484,158204.16,,68,8441.87,,5150,428781.22,,3564,320400.53,,4130,372811.99,,4584,376369.76,444,20715.96,10043,72,5.0952490245582,67,7144.05,1995,,15.09009009009,188,4409.86,110,,29,2484.26,*,,71.314126394052,114,210,147,67,302,236,505,,,,0,17,153,385,1.3396978540228
1487759270,Perreault,Paul,R,MD,I,2497 State Highway 30,,Mayfield,NY,36,12117,4,"Micropolitan area core: primary flow within an urban cluster of 10,000 to 49,999",US,Family Practice,S,595,1051.1333333333,58219.66,29741,107,,439,821.8,45926.73,23588,,81,"#",,,,452,9033.23,*,,,,421,47465.45,,174,10754.21,,301,34225.4,,294,23994.26,25,311.84,496,15,4.2016806722689,,,,,,21,112.21,16,*,,,*,,70.299065420561,26,49,18,14,58,49,98,,0,,0,0,50,57,1.2510619158879
1487759585,Bowers,Daniel,H,M.D.,I,356 W 18th St,,New York,NY,36,10011,1,"Metropolitan area core: primary flow within an urbanized area of 50,000 and greater",US,Family Practice,S,2623,3052.4666666667,2797962.83,87447,106,,1059,1264,844614.96,36759,,47,,984,2623287.57,,1628,174561.71,,11,113.55,,1174,1000550.09,,1449,1797412.74,,1858,2111321.98,,765,686640.85,62,2447.35,1423,,2.3637056805185,,,,,,38,1457.06,17,*,,,*,,62.037735849057,59,42,,,13,93,61,22,,21,,0,65,41,1.262274508324
1487802666,Tan,Shao Yue,,M.D.,I,5314 7th Ave,1fl,Brooklyn,NY,36,11220,1,"Metropolitan area core: primary flow within an urbanized area of 50,000 and greater",US,Family Practice,S,5132,6742.6,555915.27,197579,154,,4934,6523,530241.54,191176,"#",,,874,436444.39,,4234,119211.08,,24,259.8,,4974,542745.33,,158,13169.94,,4894,551986.64,,238,3928.63,0,0,0,0,0,0,0,0,0,,80,1522.23,45,*,,,*,,69.974025974026,,,,,61,93,0,0,152,,0,,,,0.94889718614719
1487809083,Mooney,Shannon,M,PAC,I,13 Loder St,,Wellsville,NY,36,14895,7,"Small town core: primary flow within an urban cluster of 2,500 to 9,999",US,Physician Assistant,S,7687,14363.7,833858.43,422374,436,,6833,13068.866666667,719239.18,384366,,390,,1396,701846.85,,6191,126104.49,,100,5907.09,,4313,476394.49,,3374,357463.94,,3324,467600.58,,4363,366257.85,95,2137.59,2222,40,1.2358527383895,,,,,,146,1956.64,81,,40,1783.77,*,,73.447247706422,46,193,143,54,251,185,425,,0,0,0,,122,314,1.0852267698386
1487879748,Herszenson,David,S,M.D.,I,871 Prospect Ave,,Bronx,NY,36,10459,1,"Metropolitan area core: primary flow within an urbanized area of 50,000 and greater",US,Family Practice,S,1409,2687.3333333333,313587.74,79154,142,,1038,2022.7666666667,254436.07,59806,,104,,380,257500.92,,980,54058.79,,49,2028.03,,1217,241336.54,,192,72251.2,,1275,293561.7,,134,20026.04,,,,,,,,,,,,,,,0,0,,0,69.845070422535,38,44,46,14,85,57,,34,,100,0,0,111,31,1.4690547746359
1497006043,Hammack,David,N,P.A.,I,4101 Medical Center Dr,,Fayetteville,NY,36,13066,1,"Metropolitan area core: primary flow within an urbanized area of 50,000 and greater",US,Physician Assistant,S,10748,21609.9,1086203.13,632639,1074,,7422,16112.133333333,698109.78,474514,,849,,1466,856474.73,,9192,225120.59,,90,4607.81,,7161,737373.1,,3587,348830.03,,5218,585702.11,,5530,500501.02,324,8358.86,8486,79,3.0145143282471,18,2217.7,540,,5.5555555555556,153,1933.4,114,,27,5538.36,*,,70.039106145251,225,494,265,90,541,533,924,92,,16,,34,331,743,1.0371596157385
1497072979,Chin,Daniel,,MD,I,33 Mitchell Ave,Suite 102,Binghamton,NY,36,13903,1,"Metropolitan area core: primary flow within an urbanized area of 50,000 and greater",US,Internal Medicine,S,7507,15537.1,1288128.43,456165,558,,4725,10320.6,807513.45,304167,,374,,1355,1083364.49,,6095,202444.71,,57,2319.23,,4852,881229.9,,2655,406898.53,,4786,936716.48,,2721,351411.95,196,2640.37,5240,34,2.6108964966032,0,0,0,0,0,67,727.9,44,*,,,*,,67.878136200717,184,209,121,44,279,279,447,59,,41,,,293,265,1.2951548289781
1497163091,Gibbs,Eliot,,,I,2000 Empire Blvd,,Webster,NY,36,14580,1,"Metropolitan area core: primary flow within an urbanized area of 50,000 and greater",US,Family Practice,S,4743,10192.533333333,243193.73,295098,645,,4453,9724.3,236676.9,282217,,613,,335,144529.3,,4394,97906.53,,14,757.9,,4251,222056.13,,492,21137.6,,408,17351.56,,4335,225842.17,133,4016.42,2472,43,2.8041324056504,14,765.42,405,,10.526315789474,176,2490.79,116,,16,150.52,*,,76.139534883721,32,264,227,122,335,310,599,,,,0,34,36,609,0.94395884383435
1497175228,Mikolaenko,Lidia,,,I,59 Southern Blvd,,Nesconset,NY,36,11767,1,"Metropolitan area core: primary flow within an urbanized area of 50,000 and greater",US,Family Practice,S,6633,13478.133333333,701262.79,385612,584,,5211,11118.333333333,507946.62,320067,,495,,998,557105.7,,5591,140320.48,,44,3836.61,,4125,513837.85,,2508,187424.94,,3010,405357.76,,3623,295905.03,142,3284.79,2277,43,2.140811096035,20,1907.36,347,,14.084507042254,155,2009.16,108,,38,1236.06,,16,71.58904109589,89,283,151,61,372,212,510,23,,20,,23,193,391,1.1479964692262
1497195515,Scutaru,Jacob,,MD,I,259 Monroe Ave,,Rochester,NY,36,14607,1,"Metropolitan area core: primary flow within an urbanized area of 50,000 and greater",US,Internal Medicine,S,3893,5453.7333333333,3238958.01,157178,285,,1783,2581.8666666667,1558902.27,74566,,130,,1353,3114316.28,,2500,122553.47,,40,2088.26,,2552,1888985.92,,1341,1349972.09,,2988,2379850.66,,905,859107.35,115,10725.24,2875,20,2.954020035962,14,8157.01,392,,12.173913043478,29,1995.25,16,*,,,*,,61.147368421053,155,105,25,0,76,209,143,87,,47,0,,202,83,1.5778581061517
1497709737,Curtin,Daniel,,M.D.,I,2870 State Route 21,,Wayland,NY,36,14572,10,"Rural areas: primary flow to a tract outside a urbanized area of 50,000 and greater or UC",US,Family Practice,S,11196,25421.533333333,1095592.56,739693,563,,9908,23264.3,997216.64,677725,,506,,1610,834598.19,,9487,255477.29,,99,5517.08,,7149,646171.67,,4047,449420.89,,2065,231307.2,,9131,864285.36,351,37613.68,8715,51,3.1350482315113,78,31048.97,2273,,22.222222222222,413,5496.18,195,,28,347.46,*,,72.795737122558,57,273,183,50,279,284,533,,,,0,24,80,483,0.9639624104456
1497717441,Michaels,John,W,MD,I,8100 Oswego Rd,Suite 220,Liverpool,NY,36,13090,1,"Metropolitan area core: primary flow within an urbanized area of 50,000 and greater",US,Family Practice,S,10036,21380.833333333,728229.5,622453,768,,9172,20001.933333333,688960.56,582539,,723,,1290,521127.68,,8681,203722.34,,65,3379.48,,7200,502629.99,,2836,225599.51,,1222,86741.81,,8814,641487.69,230,5225.74,5527,44,2.2917497010761,,,,,,346,4621.72,195,,17,592.81,*,,73.635416666667,45,388,261,74,412,356,734,,,,0,22,58,710,0.91989341432437
1497717888,Mucciarella,Rosalba,,MD,I,297 Spindrift Dr,Ste 200,Williamsville,NY,36,14221,1,"Metropolitan area core: primary flow within an urbanized area of 50,000 and greater",US,Internal Medicine,S,2211,5169.9,214540,152331,202,,2196,5128.9,214272.15,151126,"#",,,348,170249.26,,1847,43648.79,,16,641.95,,1634,148684.12,,577,65855.88,,111,12363.63,,2100,202176.37,27,245.35,471,,1.2211668928087,0,0,0,,0,24,301.37,20,,0,0,*,,74.772277227723,,,,,168,34,175,18,,,0,,,,0.99434883271024
1497783054,Racco,Alex,,DO,I,1870 Richmond Rd,,Staten Island,NY,36,10306,1,"Metropolitan area core: primary flow within an urbanized area of 50,000 and greater",US,Internal Medicine,S,21732,51220.966666667,2570929.22,1499511,1607,,20215,48313.133333333,2278383.1,1415266,,1493,,3145,2078510.54,,18463,483955.76,,124,8462.92,,9614,745794.59,,12118,1825134.63,,4186,772276.39,,17546,1798652.83,569,35636.28,14545,138,2.6182587888828,53,18612.03,1570,,9.3145869947276,611,28794.17,368,,76,2689.01,,23,75.705662725576,114,632,605,256,968,639,1466,14,14,74,0,39,192,1415,1.1289330629915
1497837090,Mui,Wingtat,,M.D.,I,53 Elizabeth St Rm 3b,,New York,NY,36,10013,1,"Metropolitan area core: primary flow within an urbanized area of 50,000 and greater",US,Internal Medicine,S,29816,39810.133333333,4283454.47,1163276,997,,28709,38334.4,4121282.79,1120800,,952,,6992,3715998.51,,22288,548863.68,,536,18592.28,,25139,3641455.96,,4677,641998.51,,28309,4113960.93,,1507,169493.54,49,449.16,454,32,0.16434129326536,,,,,,276,2567.89,194,,122,1806.37,,24,73.579739217653,45,593,230,129,556,441,11,,958,,0,19,861,136,1.0196592287136
1497848600,Goldner,Eli,R,MD,I,Mmg - Cross County,1010 Central Park Avenue,Yonkers,NY,36,10704,1,"Metropolitan area core: primary flow within an urbanized area of 50,000 and greater",US,Internal Medicine,S,6638,14897.766666667,626521.72,438777,624,,6082,13867.4,580050.24,408622,,565,,934,463160.16,,5621,159241.82,,83,4119.74,,4366,416545.22,,2272,209976.5,,1974,195860.96,,4664,430660.76,33,386.26,608,11,0.49713769207593,0,0,0,0,0,124,1225.33,69,*,,,*,,73.607371794872,59,299,174,92,356,268,229,222,,106,,37,159,465,1.063787657106
1316109002,Win,Yin,Y,MD,I,128 Mott St Ste 601,,New York,NY,36,10013,1,"Metropolitan area core: primary flow within an urbanized area of 50,000 and greater",US,Internal Medicine,S,15717,26287.766666667,3012697.28,741996,516,,15008,24799.033333333,2791461.05,699708,,489,,4001,2556393.9,,11409,442697.92,,307,13605.46,,14658,2792803.33,,1059,219893.95,,15100,2911057.96,,617,101639.32,,,,,,,,,,,718,28252.82,296,,47,904.6,,24,72.044573643411,27,344,95,50,305,211,,,481,12,0,14,457,59,0.97124634665056
1316124795,Shi,Xiandong,,M.D.,I,4160 Main St Unit 312,,Flushing,NY,36,11355,1,"Metropolitan area core: primary flow within an urbanized area of 50,000 and greater",US,Internal Medicine,S,45187,51501,6862031.48,1508638,761,,44293,50543.233333333,6685301.75,1480971,,746,,9142,5401676.31,,34899,1425891.49,,1146,34463.68,,43220,6615874.67,,1967,246156.81,,44346,6772099.43,,841,89932.05,,,,,,,,,,,488,14554.62,259,,86,1870.25,,13,72.555847568988,15,501,192,53,384,377,,,741,,0,,709,52,0.93426556415748
1316191687,Baxter,Daniel,J,MD,I,110 W 97th St,,New York,NY,36,10025,1,"Metropolitan area core: primary flow within an urbanized area of 50,000 and greater",US,Internal Medicine,S,11497,22727.733333333,1874214.03,672294,629,,10246,20509.433333333,1542023.93,607209,,557,,2488,1660838.57,,8745,203758.31,,264,9617.15,,9579,1462407.33,,1918,411806.7,,9841,1695382.19,,1656,178831.84,45,347.55,996,15,0.39140645385753,0,0,0,0,0,29,393.81,23,,48,804.77,,11,73.529411764706,72,282,199,76,364,265,92,186,22,314,,,468,161,1.2898351237206
1316213978,Vizioli,Robert,,RPH,I,20 Stew Leonard Drive,,Yonkers,NY,36,10710,1,"Metropolitan area core: primary flow within an urbanized area of 50,000 and greater",US,Pharmacist,T,14,14,2464.03,14,14,"#",,,,,"#",,,14,2464.03,,0,0,,0,0,,0,0,,14,2464.03,*,,,"#",,,0,0,0,0,0,0,0,0,0,,0,0,0,*,,,*,,73.928571428571,,,,,,,,,,,0,,,,0.823
1316919152,Brubaker,David,,MD,I,9789 Cr 35,Houghton College Health Center,Houghton,NY,36,14744,10,"Rural areas: primary flow to a tract outside a urbanized area of 50,000 and greater or UC",US,Family Practice,S,2773,5797.7333333333,398338.8,170382,209,,2416,5156,336996.95,151977,,189,,434,351627.1,,2321,45630.57,,18,1081.13,,1735,260959.19,,1038,137379.61,,1065,151273.63,,1708,247065.17,,,,,,,,,,,39,403.23,27,*,,,*,,73.354066985646,20,111,51,27,113,96,200,,,0,0,,53,156,1.0603877821666
1316979651,Wang,Kuocheng,,MD,I,141 Division St,Fl 2,New York,NY,36,10002,1,"Metropolitan area core: primary flow within an urbanized area of 50,000 and greater",US,Internal Medicine,S,20261,27681.033333333,3714883.29,819206,515,,19989,27347.033333333,3680569.78,809433,"#",,,5510,3309148.23,,14387,395723.23,,364,10011.83,,15932,2987461.77,,4329,727421.52,,19514,3611642.21,,747,103241.08,57,2421.1,1441,11,0.28132866097429,11,1073.74,330,,19.298245614035,109,2254.94,64,,422,16464.11,*,,77.487378640777,,,,,319,196,,,498,,0,,465,50,1.0607031409363
1316987688,Dermigny,John,J,D.O.,I,21edward Lempka Dr,,Florida,NY,36,10921,2,"Metropolitan area high commuting: primary flow 30% or more to a urbanized area of 50,000 and greater",US,Family Practice,S,9205,19151.766666667,940959.53,557848,785,,8626,18176.5,874880.58,529959,,738,,1307,741167.76,,7838,196486.58,,60,3305.19,,2371,210153.84,,6834,730805.69,,970,168373.33,,8235,772586.2,399,8167.12,9610,90,4.3346007604563,13,669.82,375,,3.2581453634085,275,3885.25,166,,33,885.16,,11,75.345222929936,47,333,287,118,471,314,710,23,,28,,22,67,718,1.2155921684006
1316988504,Huang,Yiling,,MD,I,9418 57th Ave,,Elmhurst,NY,36,11373,1,"Metropolitan area core: primary flow within an urbanized area of 50,000 and greater",US,Internal Medicine,S,15527,22177.833333333,2049111.8,647574,519,,15144,21624.1,1999823.32,631426,,506,,3625,1753238.34,,11616,284770.33,,286,11103.13,,14020,1892529.74,,1507,156582.06,,13083,1867682.9,,2444,181428.9,47,830.92,957,16,0.30269852514974,0,0,0,0,0,229,2065.77,131,,19,264.77,*,,73.279383429672,13,326,124,56,291,228,29,15,431,29,,,314,205,0.80770793774057
1326001991,Yu,Yong,M,M.D.,I,41 60 Main Street,Suite 204,Flushing,NY,36,11355,1,"Metropolitan area core: primary flow within an urbanized area of 50,000 and greater",US,Internal Medicine,S,19996,33579.633333333,3185736.54,990462,539,,19834,33206.2,3164213.35,979420,,525,,4501,2773201.02,,15036,398817.22,,459,13718.3,,18430,2919739.92,,1566,265996.62,,17416,2904639.88,,2580,281096.66,,,,,,,,,,,340,4416.85,174,,18,273.23,*,,74.142857142857,14,301,156,68,278,261,,,520,,0,11,386,153,0.96254717862255
1326005430,Zohur,Jamal,B,MD,I,10175 Niagara Falls Blvd Ste 1,,Niagara Falls,NY,36,14304,1,"Metropolitan area core: primary flow within an urbanized area of 50,000 and greater",US,Internal Medicine,S,9737,21040.333333333,1190590.27,616712,758,,7612,17515.566666667,914113.15,514053,,621,,1606,970009.86,,8006,211884.45,,125,8695.96,,6833,862810.52,,2904,327779.75,,4177,506242.96,,5560,684347.31,138,3533.83,3149,36,1.4172743144706,15,1842.47,448,,10.869565217391,137,5049.43,102,,14,260.12,*,,71.54617414248,137,347,197,77,405,353,671,54,,,,16,207,551,1.4704668157208
1326028259,Qudsi,Viqar,A,MD,I,87 Plaza Blvd,,Plattsburgh,NY,36,12901,4,"Micropolitan area core: primary flow within an urban cluster of 10,000 to 49,999",US,Internal Medicine,S,6580,11999.566666667,818092.31999999,300696,1757,,5299,9848.8,628189.67999999,244128,,1536,,2582,729627.94999999,,3929,81336.31,,69,7128.06,,2681,378266.25,,3899,439826.07,,2281,342421.47,,4299,475670.85,194,7719.14,4981,26,2.9483282674772,31,3711.98,874,,15.979381443299,79,954.32,57,,11,98.41,*,,71.467842914058,221,967,436,133,969,788,1667,13,14,,,53,341,1416,0.87401838257225
1326039058,Hallinan,Kathleen,A,"MD, MPH",I,130 Center Way,,Corning,NY,36,14830,4,"Micropolitan area core: primary flow within an urban cluster of 10,000 to 49,999",US,Internal Medicine,S,6594,12390.2,646331.79,352912,604,,6070,11539.233333333,568643.45,329220,,547,,997,506895.33,,5530,135191.12,,67,4245.34,,3343,321879.15,,3251,324452.64,,1767,199090.37,,4827,447241.42,197,13061.52,4610,69,2.9875644525326,35,9271.14,1040,,17.766497461929,305,7054.33,186,,63,2373.24,,23,73.644039735099,57,285,182,80,405,199,574,,,,0,16,107,497,1.1251162035345
1326043357,Agyemang,Joseph,R,MD,I,17 Oakwood Ter Ste 100,,New Windsor,NY,36,12553,1,"Metropolitan area core: primary flow within an urbanized area of 50,000 and greater",US,Internal Medicine,S,4551,8602.1333333333,487096.18,251749,337,,3457,7053.4666666667,357231.89,206687,,280,,615,394443.87,,3919,91935.36,,17,716.95,,2091,210035.35,,2460,277060.83,,1691,213106.79,,2860,273989.39,157,3938.68,4098,32,3.4497912546693,0,0,0,0,0,120,1322.04,90,*,,,*,,71.071216617211,57,157,96,27,166,171,214,78,,34,0,,66,271,1.0993728974468
1326115304,Laurri,Frank,R,MD,I,10175 Niagara Falls Blvd Ste 1,,Niagara Falls,NY,36,14304,1,"Metropolitan area core: primary flow within an urbanized area of 50,000 and greater",US,Internal Medicine,S,11875,25879.133333333,1145284.51,758322,1131,,10862,24098.3,1036022.11,706726,,1022,,1687,870883.31,,10073,259365.2,,115,15036,,9482,881427.68,,2393,263856.83,,2025,256827.08,,9850,888457.43,453,7891.27,11362,106,3.8147368421053,36,1483.14,1297,,7.9470198675497,294,3526.81,200,,29,325.29,*,,74.541114058355,109,479,350,193,646,485,1037,53,,,,24,149,982,1.4660043807359
1326121070,Wang,Shuangping,,M.D.,I,5 Grand St,,Warwick,NY,36,10990,2,"Metropolitan area high commuting: primary flow 30% or more to a urbanized area of 50,000 and greater",US,Internal Medicine,S,10161,23483.8,1120106.53,688262,619,,9676,22624.8,1067720.09,663116,,594,,1332,862808.21,,8771,254500.76,,58,2797.56,,1696,211520.62,,8465,908585.91,,2085,276944.77,,8076,843161.76,164,2647.28,3989,33,1.6140143686645,13,1048.33,360,,7.9268292682927,362,4979.42,203,,16,439.27,*,,76.095315024233,25,264,217,113,345,274,542,14,16,16,0,31,70,549,1.0517518687205
1326159054,Spindler,John,B,RPA-C,I,1925 Curry Rd,,Schenectady,NY,36,12303,1,"Metropolitan area core: primary flow within an urbanized area of 50,000 and greater",US,Physician Assistant,S,4793,10489.133333333,432582.83,306172,634,,4156,9265.4333333333,389461.33,270793,,569,,568,337446.68,,4157,93311.18,,68,1824.97,,3605,296651.27,,1188,135931.56,,955,103354.85,,3838,329227.98,81,1841.84,1752,14,1.6899645316086,,,,,,168,1954.09,119,*,,,*,,71.776025236593,65,349,165,55,239,395,572,17,,11,,23,101,533,1.0360492056827
1326159526,Baskin,Martin,I,MD,I,185 W End Ave,Suite 1m,New York,NY,36,10023,1,"Metropolitan area core: primary flow within an urbanized area of 50,000 and greater",US,Internal Medicine,S,6763,13930.633333333,1366282.77,405537,719,,6606,13634.833333333,1344241.43,396950,,706,"#",,,,5282,172331.94,*,,,,1420,179880.97,,5343,1186401.8,,706,116032.6,,6057,1250250.17,37,758.93,875,18,0.54709448469614,,,,,,239,5248.58,135,,33,2304.38,*,,77.428372739917,13,274,301,131,408,311,597,45,,38,,35,52,667,1.0169271678983
1326279753,Lin,Kung-Ching,,,I,3808 Union St Ste 3l,,Flushing,NY,36,11354,1,"Metropolitan area core: primary flow within an urbanized area of 50,000 and greater",US,Family Practice,S,8647,11405.166666667,1487841.1,330965,444,,8281,10973.666666667,1429796.22,318506,,420,,2181,1301646.4,,6322,180511.18,,144,5683.52,,7902,1381791.23,,745,106049.87,,8221,1430102.83,,426,57738.27,,,,,,,,,,,163,14503.57,95,,17,268.3,*,,71.907657657658,24,290,96,34,243,201,,,415,,0,,389,55,1.1022066557458
1326459496,Xu,Jing,,M.D.,I,8708 Justice Ave Apt 1e,,Elmhurst,NY,36,11373,1,"Metropolitan area core: primary flow within an urbanized area of 50,000 and greater",US,Internal Medicine,S,4113,5910.8333333333,482062.85,172735,433,,4001,5763.2333333333,470631.48,168599,,417,,816,413123.91,,3242,67593.06,,55,1345.88,,3328,380621.05,,785,101441.8,,3636,455812.26,,477,26250.59,0,0,0,0,0,0,0,0,0,,61,493.81,47,,13,136.28,*,,74.24480369515,16,234,124,59,258,175,,,398,,0,,354,79,1.0926589577022
1326519117,Santiago,Melanie,L,,I,295 Essjay Rd,,Williamsville,NY,36,14221,1,"Metropolitan area core: primary flow within an urbanized area of 50,000 and greater",US,Physician Assistant,S,6701,14431.766666667,543951.66,420686,885,,6156,13402.933333333,502980.85,391003,,824,,887,415233.97,,5756,125786.33,,58,2931.36,,4770,355743.13,,1931,188208.53,,816,67170.11,,5885,476781.55,195,10236.3,5003,76,2.9100134308312,22,3651.06,660,,11.282051282051,224,3609.64,160,*,,,*,,74.648587570621,61,402,292,130,467,418,845,,0,,0,28,65,820,1.3363423363453
1336116037,Cassetta,Brian,D,MD,I,31 Arnot Rd,Suite A,Horseheads,NY,36,14845,1,"Metropolitan area core: primary flow within an urbanized area of 50,000 and greater",US,Internal Medicine,S,14325,29086.833333333,1279100.83,849722,861,,12901,26845.933333333,1111393.19,785602,,772,,1901,960142.84,,12312,312224.95,,112,6733.04,,7915,618180.62,,6410,660920.21,,3031,294525.37,,11294,984575.46,345,6797.74,7120,86,2.4083769633508,,,,,,378,4065.95,203,,68,1370.41,*,,74.403019744483,89,357,267,148,427,434,823,14,,,0,18,150,711,1.153623890463
1336130442,Go,Arsenio,N,MD,I,210 E 201st St,1a,Bronx,NY,36,10458,1,"Metropolitan area core: primary flow within an urbanized area of 50,000 and greater",US,Family Practice,S,783,1202,68638.51,29727,117,,662,1033,52968.87,25505,,100,"#",,,,566,15848.77,*,,,,122,21426.51,,661,47212,,96,13764.98,,687,54873.53,68,1612.39,1601,,8.6845466155811,0,0,0,,0,123,618.64,25,*,,,*,,72.547008547009,17,51,,,77,40,50,12,13,41,,,64,53,1.1992222222222
1336158609,Lakhani,Nisha,,M.D.,I,445 Route 304,,Bardonia,NY,36,10954,1,"Metropolitan area core: primary flow within an urbanized area of 50,000 and greater",US,Internal Medicine,S,6011,14188.966666667,781727.03,417272,504,,5483,13230.266666667,708647.14,389615,,467,,868,640648.23,,5102,139273,,41,1805.8,,2254,243901.17,,3757,537825.86,,2064,337976.74,,3947,443750.29,50,989.61,1323,14,0.83180835135585,0,0,0,0,0,202,36436.98,112,,34,992.33,,12,73.367063492063,37,253,156,58,347,157,257,44,109,46,0,48,123,381,0.92818648779994
1336170729,Koneru,Suchitra,,M.D.,I,400 International Dr,,Williamsville,NY,36,14221,1,"Metropolitan area core: primary flow within an urbanized area of 50,000 and greater",US,Family Practice,S,4048,8976.5666666667,336287.67,264149,422,,3798,8526.6333333333,309474.02,251236,,384,"#",,,,3446,91305.42,*,,,,3136,252950.37,,912,83337.3,,697,87451.69,,3351,248835.98,90,2236.68,2368,25,2.2233201581028,15,1197.84,400,,16.666666666667,76,1096.01,57,,0,0,,0,73.315165876777,38,213,123,48,316,106,378,,20,,0,12,49,373,1.0377525040735
1336184290,Innabi,Khalil,,M.D.,I,45 Ludlow St,Suite 700,Yonkers,NY,36,10705,1,"Metropolitan area core: primary flow within an urbanized area of 50,000 and greater",US,Family Practice,S,19147,39540.366666667,5709829.66,1168307,422,,16885,35033.933333333,4979203.33,1035781,,368,,6178,4532300.25,,12528,1135690.61,,441,41838.8,,13711,3755419.29,,5436,1954410.37,,16511,5262188.24,,2636,447641.42,466,15528.75,13249,57,2.4338016399436,26,2871.5,780,,5.5793991416309,429,20380.03,187,,85,33535.21,,22,73.995260663507,54,159,149,60,246,176,48,27,13,317,0,17,317,105,1.4577627459428
1336214162,Dove,Arthur,R,M.D.,I,85 W 118th St,,New York,NY,36,10026,1,"Metropolitan area core: primary flow within an urbanized area of 50,000 and greater",US,Internal Medicine,S,6081,13321.6,568395.21,393544,348,,4765,10700.1,401424.88,316408,,288,,798,425148.55,,5123,133070.49,,160,10176.17,,5253,505774.08,,828,62621.13,,4864,524549.96,,1217,43845.25,39,139.61,851,15,0.64134188455846,0,0,0,0,0,86,768.41,63,,43,258.19,,11,71.215517241379,60,165,94,29,200,148,14,296,,21,,12,231,117,1.2628658696157
1336214220,Yu,Shin,,,I,1 S Lawn Ave,,Elmsford,NY,36,10523,1,"Metropolitan area core: primary flow within an urbanized area of 50,000 and greater",US,Internal Medicine,S,9290,13855.666666667,1125914.48,401558,439,,7611,11955,812325.7,348924,,390,,2014,907710.16,,7207,215190.89,,69,3013.43,,4828,538420.38,,4462,587494.1,,6521,935584.91,,2769,190329.57,257,41044.65,7296,40,2.7664155005382,31,19485.25,930,,12.062256809339,129,1722.87,90,,27,4379.33,*,,73.4715261959,49,180,156,54,244,195,106,51,245,12,0,25,183,256,1.0373524692817
1336217850,Shapiro,Carin,S,"MD ,MPH",I,260 N Little Tor Rd,,New City,NY,36,10956,1,"Metropolitan area core: primary flow within an urbanized area of 50,000 and greater",US,Family Practice,S,8043,15718.133333333,632724.19,460067,753,,6673,14101.266666667,530978.29,413633,,683,"#",,,,6917,174601.06,*,,,,1842,138484,,6201,494240.19,,3075,220387.98,,4968,412336.21,80,935.03,2010,17,0.9946537361681,0,0,0,0,0,262,5205.6,148,,18,1725.57,,11,74.913678618858,70,285,247,151,458,295,587,41,40,50,0,35,133,620,0.99929615389799
1336281187,Mccarthy,Jennifer,W,MD,I,525 E 68th St,"New York Presbyterian Hospital # 133",New York,NY,36,10021,1,"Metropolitan area core: primary flow within an urbanized area of 50,000 and greater",US,Internal Medicine,S,57,59,8442.92,1712,55,"#",,,,,"#",,,57,8442.92,,0,0,,0,0,,0,0,,57,8442.92,*,,,"#",,,0,0,0,0,0,0,0,0,0,,0,0,0,*,,,*,,72.672727272727,,,,,32,23,37,13,,0,0,,,,0.73418181818182
1336551019,Symonds,Brianne,M,FNP,I,123 Conhocton St,,Corning,NY,36,14830,4,"Micropolitan area core: primary flow within an urban cluster of 10,000 to 49,999",US,Nurse Practitioner,S,7239,11835.833333333,656249.5,338707,332,,3914,7309.3,367083.51,211761,,210,,979,527093.44,,6210,127494.15,,50,1661.91,,4125,385853.32,,3114,270396.18,,4445,432883.67,,2794,223365.83,153,1928.42,3111,31,2.1135515955242,0,0,0,0,0,214,1950.82,100,,16,167.75,*,,64.647590361446,122,136,61,13,201,131,317,,,,,,155,177,1.2071247090413
1346286614,Ciavarri,Nancy,A,M.D.,I,4201 Buffalo Road,Suite 1,North Chili,NY,36,14514,1,"Metropolitan area core: primary flow within an urbanized area of 50,000 and greater",US,Family Practice,S,6672,11006.4,640960.46,322568,439,,4239,7360.9,400578.73,216069,,287,,998,483594.66,,5581,151549.19,,93,5816.61,,4546,475188.04,,2126,165772.42,,3694,392182.61,,2978,248777.85,337,45610.15,9389,64,5.0509592326139,97,28380.52,2773,17,28.783382789318,50,364.04,36,,68,1965.36,,13,66.608200455581,152,194,69,24,259,180,399,18,0,,,11,212,227,1.1979493190187
1346289733,Yuen,Hak,K,MD,I,3640 Main St,Suite 501,Flushing,NY,36,11354,1,"Metropolitan area core: primary flow within an urbanized area of 50,000 and greater",US,Internal Medicine,S,5986,11577.6,428566.5,340709,253,,5920,11502.6,424343.5,338484,"#",,,750,341217.47,,5138,83352.61,,98,3996.42,,4755,304120.76,,1231,124445.74,,3881,245955.49,,2105,182611.01,0,0,0,0,0,0,0,0,0,,124,1271.12,75,,20,2089.59,*,,74.758893280632,,,,,144,109,,,230,,0,15,116,137,1.0809028945945
1346323862,Uppal,Rajneesh,,,I,691 Old Route 6,,Shoub Oak,NY,36,10588,1,"Metropolitan area core: primary flow within an urbanized area of 50,000 and greater",US,Internal Medicine,S,7307,16440.133333333,764102.31,479234,576,,6969,15710.333333333,728046.97,458368,,547,"#",,,,6268,165832.79,*,,,,1746,134036.29,,5561,630066.02,,831,92467.53,,6476,671634.78,111,2671.4,2221,41,1.519091282332,,,,,,227,9013.9,129,,31,785.35,*,,74.059027777778,29,291,186,70,404,172,491,23,18,29,0,15,44,532,1.1192846467169
1346325263,Islam,Mohammad,M,M.D.,I,10 Little Britain Rd,"Suite # 102",Newburgh,NY,36,12550,1,"Metropolitan area core: primary flow within an urbanized area of 50,000 and greater",US,Internal Medicine,S,5883,8898.2,295551.56,256177,285,,4222,6840.9333333333,206294.21,197949,,212,,673,203677.1,,5180,89978.72,,30,1895.74,,2170,115204.56,,3713,180347,,3559,190744.58,,2324,104806.98,228,6997.38,6296,36,3.8755736868944,22,3116.58,660,,9.6491228070175,155,1440.21,95,,14,187.42,*,,69.831578947368,73,117,69,26,144,141,132,85,,52,0,,123,162,1.7955803734045
1346364965,Moskowitz,Rivkah,,R.P.A.,I,161 Fort Washington Ave,Suite 336,New York,NY,36,10032,1,"Metropolitan area core: primary flow within an urbanized area of 50,000 and greater",US,Physician Assistant,S,5488,13192.433333333,545854.05,386637,540,,5147,12569.566666667,501845.41,368630,,512,,759,391967.2,,4690,150654.67,,39,3232.18,,1726,189856.3,,3762,355997.75,,1413,223353.71,,4075,322500.34,42,418.9,889,15,0.76530612244898,0,0,0,0,0,191,3043.75,117,,22,459.23,*,,75.994444444444,28,206,210,96,302,238,338,70,17,78,0,37,73,467,1.1204247605458
1346365319,Price,Mary,E,M.D.,I,77 Nelson St,Suite 310,Auburn,NY,36,13021,4,"Micropolitan area core: primary flow within an urban cluster of 10,000 to 49,999",US,Internal Medicine,S,9919,20155.233333333,790577.6,590537,807,,9229,19024.8,762709.75,557481,,755,,1223,574384.56,,8659,214065.61,,37,2127.43,,4857,402206.21,,5062,388371.39,,2721,235019.87,,7198,555557.73,324,15076.47,8173,90,3.2664583123299,67,7770.32,1963,19,20.679012345679,141,1866.96,89,,21,918.05,*,,74.563816604709,52,390,242,123,642,165,758,14,,,0,24,119,688,1.1631436885811
1346370293,O'Connell,Daniel,B,MD,I,360 E 193rd St,Mmg Family Health Center,Bronx,NY,36,10458,1,"Metropolitan area core: primary flow within an urbanized area of 50,000 and greater",US,Family Practice,S,3221,6118.5333333333,379953.82,176682,231,,2454,4839.9666666667,258600.35,140315,,182,,606,312197.27,,2543,64411.61,,72,3344.94,,2981,356040.85,,240,23912.97,,2824,350967.63,,397,28986.19,102,944.99,1754,35,3.1667184104315,,,,,,28,438.33,14,*,,,*,,69.519480519481,49,109,60,13,155,76,16,52,,152,0,,189,42,1.4682616963763
1346381183,Tummalapenta,Nirmala,,M.D.,I,2550 Webb Ave,,Bronx,NY,36,10468,1,"Metropolitan area core: primary flow within an urbanized area of 50,000 and greater",US,Internal Medicine,S,8710,20434.5,1375912.87,598281,651,,7584,18048.1,1159354.19,528690,,572,,1520,1193398.22,,7062,176080.13,,128,6434.52,,6745,1038934.43,,1965,336978.44,,5073,924123.61,,3637,451789.26,99,1305.71,1692,27,1.1366245694604,0,0,0,0,0,149,2171.31,99,,45,1202.84,,13,74.195084485407,79,260,210,102,394,257,88,192,,332,,24,301,350,1.3509510149956
1346405255,Oelsner,Elizabeth,C,,I,177 Fort Washington Ave,"6th Floor, Center Room 12",New York,NY,36,10032,1,"Metropolitan area core: primary flow within an urbanized area of 50,000 and greater",US,Internal Medicine,S,651,1002.8333333333,34558.67,29338,33,,622,973.83333333333,31015.96,28598,"#",,,76,26363.23,,555,7713.34,,20,482.1,,493,31325.17,,158,3233.5,"#",,,*,,,0,0,0,0,0,0,0,0,0,,,,,,21,217.33,*,,72.212121212121,,,,,19,14,,,0,31,0,0,,,2.0453072421992
1346426368,Hoffman,Paul,,,I,75 N Middletown Rd,,Pearl River,NY,36,10965,1,"Metropolitan area core: primary flow within an urbanized area of 50,000 and greater",US,Pharmacist,T,64,64,11022.32,64,53,"#",,,,,"#",,,64,11022.32,,0,0,,0,0,*,,,"#",,,*,,,"#",,,0,0,0,0,0,0,0,0,0,,0,0,0,*,,,*,,74.490566037736,,,,,32,21,42,,,,0,,,,0.81849685534591
1346478658,Bergin,Suzanne,E,DO,I,3767 Main St,,Warrensburg,NY,36,12885,2,"Metropolitan area high commuting: primary flow 30% or more to a urbanized area of 50,000 and greater",US,Internal Medicine,S,9744,20041.3,829139.92,583950,791,,7514,16121,672931.51,470882,,639,,1228,632194.76,,8421,193390.39,,95,3554.77,,6544,471659.99,,3200,357479.93,,4127,437198.05,,5617,391941.87,467,17313.76,11908,91,4.7926929392447,39,7290.75,1092,,8.3511777301927,113,1663.28,75,,35,461.83,,11,69.965865992415,152,374,216,49,541,250,751,,,,,22,228,563,1.0385865273168
1346506136,Jaber,Nadim,A,,I,234 E 85th St,,New York,NY,36,10028,1,"Metropolitan area core: primary flow within an urbanized area of 50,000 and greater",US,Internal Medicine,S,2689,5720.6333333333,164903.75,167769,297,,2270,4927.3666666667,140177.89,144385,,256,,294,111569.93,,2382,52734.66,,13,599.16,,874,58714.61,,1815,106189.14,,927,74885.79,,1762,90017.96,17,381.18,392,,0.63220528077352,0,0,0,,0,23,163.61,20,*,,,*,,71.074074074074,41,157,80,19,144,153,146,71,13,53,0,14,75,222,1.2739509943081
1346515780,Kang,Tae,Y,PA,I,"3834 Parsons Blvd # 1a",,Flushing,NY,36,11354,1,"Metropolitan area core: primary flow within an urbanized area of 50,000 and greater",US,Physician Assistant,S,16461,24742.166666667,3128325.27,731303,947,,16133,24233.733333333,3060412.05,716204,,925,,4268,2769979.68,,11946,351533.31,,247,6812.28,,13750,2593123.14,,2711,535202.13,,15589,3068530.6,,872,59794.67,83,1169.35,1777,29,0.50422210072292,0,0,0,0,0,96,1241.49,71,,68,1387.45,,20,74.690601900739,22,507,299,119,589,358,,,881,,0,48,819,128,1.135329974281
1346657103,Lum,Tszhoderrick,,"DNP, NP-C",I,1836 Hylan Blvd,,Staten Island,NY,36,10305,1,"Metropolitan area core: primary flow within an urbanized area of 50,000 and greater",US,Nurse Practitioner,S,9580,11672.333333333,1618930.31,338550,540,,9385,11428.233333333,1593816.85,331533,,526,,2357,1384008.84,,7109,232513.96,,114,2407.51,,7732,1338117.34,,1848,280812.97,,8954,1542825.2,,626,76105.11,,,,,,,,,,,117,1400.88,73,,41,865.25,*,,73.007407407407,14,351,124,51,282,258,,0,529,,0,,484,56,0.93096603956679
1346773355,Yousaf,Sadia,,,I,585 Schenectady Ave,,Brooklyn,NY,36,11203,1,"Metropolitan area core: primary flow within an urbanized area of 50,000 and greater",US,Internal Medicine,S,428,539.9,11498.85,10502,267,,396,499.9,11072.89,9665,,249,,83,5814.77,,345,5684.08,,0,0,"#",,,*,,,,36,878.2,,392,10620.65,20,146.73,96,20,4.6728971962617,0,0,0,0,0,83,846.79,76,*,,,*,,74.749063670412,18,114,107,28,157,110,248,,,,,,19,248,1.228946939125
1356301774,Dibble,William,J,DO,I,4101 Medical Center Dr,,Fayetteville,NY,36,13066,1,"Metropolitan area core: primary flow within an urbanized area of 50,000 and greater",US,Family Practice,S,17754,33493.066666667,1358502.42,976627,1070,,14267,28005.466666667,1110037.38,820187,,897,,2245,950139.02,,15413,400646.28,,96,7717.12,,12193,914879.43,,5561,443622.99,,6615,494997.19,,11139,863505.23,350,4902.05,9201,80,1.971386729751,27,1244.21,787,,7.7142857142857,306,18041.93,178,,49,5864.31,,11,71.461682242991,173,491,309,97,547,523,888,108,,21,,38,273,797,1.0730350769734
1356337000,Ryan,Timothy,J,MD,I,1991 Balsley Rd,,Seneca Falls,NY,36,13148,4,"Micropolitan area core: primary flow within an urban cluster of 10,000 to 49,999",US,Family Practice,S,377,377,30733.03,8209,57,"#",,,,,"#",,"#",,,,252,7423.73,*,,,,122,20388.91,,255,10344.12,,347,27677.66,,30,3055.37,0,0,0,0,0,0,0,0,0,,14,1774,,*,,,*,,81.070175438596,,,,,39,18,54,,0,,0,,44,13,1.5987426900585
1356337844,Limbeck,Annette,P,NP,I,1437 Blossom Rd,,Rochester,NY,36,14610,1,"Metropolitan area core: primary flow within an urbanized area of 50,000 and greater",US,Nurse Practitioner,S,5155,5487,347887.32,138770,139,,5143,5468.9333333333,346390.81,138319,"#",,,577,182946.76,,4545,163724.83,,33,1215.73,"#",,,*,,,,4883,336518.37,,272,11368.95,94,3702.7,2203,34,1.823472356935,,,,,,116,2544.87,44,,93,9081.79,*,,86.21582733813,,,,,126,13,134,,,,0,,,,1.784825036075
1356341622,Masarech,Martin,,MD,I,15 Birdsall St,,Greene,NY,36,13778,2,"Metropolitan area high commuting: primary flow 30% or more to a urbanized area of 50,000 and greater",US,Family Practice,S,8535,18542.4,648519.75,538865,1008,,7014,15984.266666667,536051.84,467066,,870,,1092,464564.99,,7385,180655.92,,58,3298.84,,4987,390110.61,,3548,258409.14,,2472,242479.09,,6063,406040.66,403,10172.77,10057,70,4.721734036321,21,1337.68,630,,5.2109181141439,293,2882.76,162,,36,2333.94,,15,72.326388888889,138,466,302,102,525,483,948,,,,,40,219,789,0.94398481235096
1356351050,Tasso,Silvio,R,MD,I,24818 Union Turnpike,,Bellerose,NY,36,11426,1,"Metropolitan area core: primary flow within an urbanized area of 50,000 and greater",US,Internal Medicine,S,14807,30314.766666667,2140366.96,897549,1039,,13354,27763.733333333,1945654.68,822538,,934,,2610,1806615.43,,11975,322752.06,,222,10999.47,,10600,1426356.1,,4207,714010.86,,7101,1206286.62,,7706,934080.34,67,2247.72,1460,25,0.45248868778281,0,0,0,0,0,162,3203.32,115,,69,1800.28,,20,74.347449470645,105,458,318,158,598,441,383,70,41,517,,,427,612,1.2282634422608
1356369060,Mcmahon,Gerald,V,M.D.,I,182 Intrepid Ln,Brighton Medical Associates,Syracuse,NY,36,13205,1,"Metropolitan area core: primary flow within an urbanized area of 50,000 and greater",US,Internal Medicine,S,7333,15601.633333333,699544.01,456953,492,,6564,14381.633333333,637495.25,422093,,455,,985,557284.08,,6282,138718.54,,66,3541.39,,4511,454699.62,,2822,244844.39,,1135,78096.13,,6198,621447.88,154,2401.5,3531,30,2.1000954588845,,,,,,123,6404.3,67,*,,,*,,76.067073170732,37,172,185,98,269,223,422,40,,,,21,55,437,1.2300219330093
1356392427,Maniego,Wilbert,B,MD,I,915 Hillside Ave,,New Hyde Park,NY,36,11040,1,"Metropolitan area core: primary flow within an urbanized area of 50,000 and greater",US,Internal Medicine,S,7265,16283.633333333,840014.41,473888,467,,6694,15028.233333333,701575.59,436738,,445,,1004,692444.87,,6142,141482.69,,119,6086.85,,4544,557921.26,,2721,282093.15,,3964,503202.2,,3301,336812.21,75,1471.31,1222,32,1.0323468685478,,,,,,151,5432.06,86,,42,901.98,,12,75.770877944325,22,198,171,76,285,182,83,,139,150,,54,191,276,1.2130135388538
1356434575,Posner,Joel,I,MD,I,941 Burke Ave,,Bronx,NY,36,10469,1,"Metropolitan area core: primary flow within an urbanized area of 50,000 and greater",US,Internal Medicine,S,8617,20143.133333333,1151239.41,598165,771,,7770,18463,1027518.57,548690,,693,,1459,950485.52,,6918,193982.8,,240,6771.09,,6353,879312.79,,2264,271926.62,,4323,596764.85,,4294,554474.56,,,,,,,,,,,61,615.52,45,,24,542.79,*,,74.111543450065,78,328,249,116,451,320,64,370,,280,,41,283,488,1.4060722305337
1356499875,Egbuna,Winifred,O,MD,I,545 E 142nd St,,Bronx,NY,36,10454,1,"Metropolitan area core: primary flow within an urbanized area of 50,000 and greater",US,Internal Medicine,S,4262,9464.6666666667,673462.46,281524,269,,3533,8359.9333333333,571353.6,248783,,227,,877,598785.32,,3170,69555.73,,215,5121.41,,3887,598240.9,,375,75221.56,,4002,655311.46,,260,18151,0,0,0,0,0,0,0,0,0,,20,235.56,17,,0,0,,0,71.617100371747,42,119,94,14,201,68,,33,0,226,0,,228,41,0.95024959150032
1356522775,Zadrozny,Elizabeth,A,RPH,I,114 S Long Beach Ave,,Freeport,NY,36,11520,1,"Metropolitan area core: primary flow within an urbanized area of 50,000 and greater",US,Pharmacist,T,27,27,4544.82,27,24,"#",,,,,"#",,,27,4544.82,,0,0,,0,0,,14,2275.61,,13,2269.21,*,,,"#",,,0,0,0,0,0,0,0,0,0,,0,0,0,*,,,*,,70.875,,,,,,,23,,,0,0,0,,,0.68008333333333
1356629224,Patel,Amit,,M.D.,I,177 Fort Washington Ave,,New York,NY,36,10032,1,"Metropolitan area core: primary flow within an urbanized area of 50,000 and greater",US,Internal Medicine,S,2773,4490.4,324671.46,132381,240,,2069,3467.1,202564.96,102693,,182,,421,254193.13,,2258,65286.07,,94,5192.26,,2538,303753.23,,235,20918.23,,2412,309061.8,,361,15609.66,11,66.22,174,,0.3966822935449,,,,,,,,,*,,,*,,70.216666666667,58,93,70,19,154,86,,73,,154,0,,195,45,1.5106837834206
1356690051,Gomez,Sarah,Y,PHARMD,I,228 Route 32,,Central Valley,NY,36,10917,1,"Metropolitan area core: primary flow within an urbanized area of 50,000 and greater",US,Pharmacist,T,19,19,3255.14,106,14,"#",,,,,"#",,,19,3255.14,,0,0,,0,0,*,,,"#",,,*,,,"#",,,0,0,0,0,0,0,0,0,0,,0,0,0,*,,,*,,71.642857142857,,,,,,,12,0,0,,0,,,,0.88107142857143
1356705883,Macdonald,Brian,A,"M.D., PH.D.",I,462 Grider St,"David K. Miller Building, Internal Medicine Residency",Buffalo,NY,36,14215,1,"Metropolitan area core: primary flow within an urbanized area of 50,000 and greater",US,Internal Medicine,S,670,1419.7333333333,78268.68,41057,72,"#",,,,,"#",,"#",,,,528,14780.68,*,,,,559,73485.95,,111,4782.73,,141,23780.01,,529,54488.67,,,,,,,,,,,,,,*,,,*,,75.833333333333,,,,,32,40,66,,0,,0,,,,1.1745405092593
1356754287,Revels,Seth,M,MD,I,701 N Broadway,,Sleepy Hollow,NY,36,10591,1,"Metropolitan area core: primary flow within an urbanized area of 50,000 and greater",US,Family Practice,S,7094,17450.4,376525.96,507183,952,,6662,16515.033333333,340565.78,480924,,905,,814,237876.87,,6169,135119.86,,111,3529.23,,6963,366649.16,,131,9876.8,,1068,87488.25,,6026,289037.71,556,11287.8,12981,126,7.8376092472512,53,1071.78,1482,,9.5323741007194,177,10481.25,135,,33,1028.95,,11,74.391806722689,47,484,301,120,521,431,729,35,,139,,33,96,856,1.2133167334937
1356828420,Strobel,Michael,,NP,I,1425 Portland Ave,,Rochester,NY,36,14621,1,"Metropolitan area core: primary flow within an urbanized area of 50,000 and greater",US,Nurse Practitioner,S,241,381.5,25226.01,10596,97,"#",,,,,"#",,,65,23379.04,,176,1846.97,,0,0,,192,21173.96,,49,4052.05,,27,4100.13,,214,21125.88,,,,,,,,,,,,,,*,,,*,,75.123711340206,,,,,42,55,86,,0,,0,,,,1.5065184462854
1366077968,Bong,Si,M,,I,3916 Prince St Ste 251,,Flushing,NY,36,11354,1,"Metropolitan area core: primary flow within an urbanized area of 50,000 and greater",US,Physician Assistant,S,1947,3061,450920.55,88819,280,,1918,3024,444086.04,87876,,264,,606,406669.54,,1293,42786.12,,48,1464.89,,1669,392313.42,,278,58607.13,,1603,396612.2,,344,54308.35,0,0,0,0,0,0,0,0,0,,58,508.24,50,*,,,*,,75.15,16,130,85,49,154,126,23,,212,26,0,,191,89,1.4561851785561
1366403057,Nicholas,Joseph,A,M.D.,I,1000 South Ave,Box 58,Rochester,NY,36,14620,1,"Metropolitan area core: primary flow within an urbanized area of 50,000 and greater",US,Internal Medicine,S,1092,1095,95405.38,21635,192,,679,680.03333333333,63227.86,11405,,175,,386,73179.27,,706,22226.11,,0,0,,793,73537.29,,299,21868.09,,880,61048.99,,212,34356.39,,,,,,,,,,,27,406.69,,,13,367.88,*,,75.3125,17,67,74,34,106,86,145,27,,,0,,56,136,1.5091542985968
1366443202,Alling,R.,D,M.D.,I,335 Parrish St,,Canandaigua,NY,36,14424,1,"Metropolitan area core: primary flow within an urbanized area of 50,000 and greater",US,Internal Medicine,S,4754,10020.266666667,416200.51,290577,562,,4333,9477.9333333333,392569.25,275338,,521,,629,317866.39,,4104,95974.42,,21,2359.7,,3603,340464.76,,1151,75735.75,,969,95847.02,,3785,320353.49,118,4404.72,3127,19,2.4821203197308,28,2155.76,753,,23.728813559322,57,615.07,38,*,,,*,,73.007117437722,41,294,170,57,312,250,531,,,,0,25,69,493,0.85647105477167
1366447716,Daly,Erik,S,MD,I,739 Irving Ave,Ste 200,Syracuse,NY,36,13210,1,"Metropolitan area core: primary flow within an urbanized area of 50,000 and greater",US,Internal Medicine,S,7051,14044.133333333,787643.29999999,361924,1957,,6654,13333.766666667,727032.87999999,344114,,1840,,2588,686962.94999999,,4401,94028.71,,62,6651.64,,4185,466114.17,,2866,321529.13,,846,86299.32,,6205,701343.97999999,47,408.71,1301,15,0.66657211743015,0,0,0,0,0,33,189.78,27,*,,,*,,72.937148696985,117,1130,544,166,1069,888,1731,86,27,,,97,181,1776,0.8378549292701
1366456071,Bachman,Paul,F,MD,I,3767 Main St,,Warrensburg,NY,36,12885,2,"Metropolitan area high commuting: primary flow 30% or more to a urbanized area of 50,000 and greater",US,Internal Medicine,S,7380,17067.4,874450.24,500543,525,,6389,15181.766666667,740454.71,446005,,468,,1034,730062.88,,6284,141084.58,,62,3302.78,,4157,519504.88,,3223,354945.36,,2331,333628.47,,5049,540821.77,410,16745.59,9706,55,5.5555555555556,68,8408.25,1845,,16.585365853659,103,1336.67,51,,18,841.52,*,,74.632380952381,57,200,189,79,199,326,503,,,,0,,112,413,0.99663931608322
1366507261,Urena,Andres,F,MD,I,10419 Lefferts Blvd,,Richmond Hill,NY,36,11419,1,"Metropolitan area core: primary flow within an urbanized area of 50,000 and greater",US,Internal Medicine,S,2406,6283.8666666667,386739.38,186701,220,,2113,5581.8333333333,299679.9,165885,,197,,460,346996.9,,1864,34660.81,,82,5081.67,,2184,352786.9,,222,33952.48,,1745,305198.42,,661,81540.96,,,,,,,,,,,18,98.99,17,*,,,*,,72.386363636364,23,122,56,19,118,102,,,,174,,13,131,89,0.98247767002304
1366550162,Minnella,Bernedette,P,MD,I,300 White Spruce Blvd,Suite 100,Rochester,NY,36,14623,1,"Metropolitan area core: primary flow within an urbanized area of 50,000 and greater",US,Internal Medicine,S,6425,13903.966666667,492127.06,402319,391,,5644,12731.1,418066.24,369746,,354,,624,325655.56,,5748,164059.33,,53,2412.17,,5364,364698.11,,1061,127428.95,,1109,112991.67,,5316,379135.39,107,1548.92,2537,34,1.6653696498054,,,,,,196,4146.91,96,,20,193.79,*,,73.335038363171,37,189,119,46,276,115,313,55,,,0,12,48,343,1.0700480133341
1366642142,Karoff,Thomas,M,DO,I,110 S. Bedford Rd,"Caremount Medical, Pc",Mt Kisco,NY,36,10549,1,"Metropolitan area core: primary flow within an urbanized area of 50,000 and greater",US,Internal Medicine,S,3977,9515.3666666667,225935.9,278956,527,,3910,9374.0333333333,220024.51,274972,,510,,370,133397.53,,3590,91950.52,,17,587.85,,1221,56921.29,,2756,169014.61,,516,33951.06,,3461,191984.84,16,336.7,347,,0.40231330148353,0,0,0,,0,80,682.45,65,*,,,*,,76.07779886148,17,223,183,104,205,322,461,,,17,0,32,53,474,1.0641748003727
1366657207,Lee,Regina,C,M.D.,I,156 William St,,New York,NY,36,10038,1,"Metropolitan area core: primary flow within an urbanized area of 50,000 and greater",US,Internal Medicine,S,2028,4298.8666666667,201101.57,126787,184,,1680,3700.8,154140.97,109468,,157,,262,157048.96,,1743,40915.38,,23,3137.23,,966,95882.38,,1062,105219.19,,803,132340.67,,1225,68760.9,,,,,,,,,,,21,369.7,14,*,,,*,,72.04347826087,27,88,51,18,128,56,81,56,,26,,12,56,128,1.1341884057971
1366736902,Leuenberger,John,R,DO,I,3926 State Route 12,,Lyons Falls,NY,36,13368,10,"Rural areas: primary flow to a tract outside a urbanized area of 50,000 and greater or UC",US,Family Practice,S,7836,17481.533333333,893202.84,512614,464,,6158,14477.5,751006.96,425684,,379,,1241,723894.22,,6509,165711.31,,86,3597.31,,4631,517218.45,,3205,375984.39,,2583,331972.53,,5253,561230.31,130,2633.47,2698,48,1.6590096988259,,,,,,118,984.71,83,,16,2940.61,*,,70.931034482759,85,214,129,36,204,260,446,,,,0,15,106,358,1.0646897641764
1366770323,Sann,Wathan,,M.D,I,155 55th St,Luthrean Medical Center,Brooklyn,NY,36,11220,1,"Metropolitan area core: primary flow within an urbanized area of 50,000 and greater",US,Internal Medicine,S,4134,10486.966666667,145359.42,308444,562,,4008,10198.4,142069.3,300176,,546,,295,59204.42,,3789,84493.489999999,,50,1661.51,,4108,145147.41,,26,212.01,,476,17904.8,,3658,127454.62,150,2305.19,3223,40,3.6284470246734,,,,,,49,744.42,43,,51,519.62,,18,76.987544483986,16,215,210,121,366,196,304,65,42,130,,,75,487,1.3060427740306
1376001990,Titus,Kiley,D,PA,I,165 E Union St,,Newark,NY,36,14513,4,"Micropolitan area core: primary flow within an urban cluster of 10,000 to 49,999",US,Physician Assistant,S,16009,27996.133333333,903931.65,818947,976,,11598,21606.5,608316.75,633743,,743,,1760,584709.94,,14105,310851.38,,144,8370.33,,10692,615332.15,,5317,288599.5,,7276,489126.05,,8733,414805.6,277,6399.7,7343,57,1.7302767193454,24,1725.85,690,,8.6642599277978,182,2248.77,121,,155,7001.76,,33,70.133196721311,233,371,267,105,567,409,894,27,,29,,23,330,646,1.1588616469292
1376500132,Thurn,Sarah,J,FNP,I,1540 Maple Rd,,Williamsville,NY,36,14221,1,"Metropolitan area core: primary flow within an urbanized area of 50,000 and greater",US,Nurse Practitioner,S,14,14,2462.28,14,,,14,14,2462.28,14,*,,,14,2462.28,,0,0,,0,0,*,,,*,,,*,,,*,,,0,0,0,,0,0,0,0,,,0,0,,,0,0,*,,71.888888888889,,,,,,,,,,,,,,,0.82655555555556
1376500157,Halsdorfer,Andrew,W,DO,I,325 Essjay Rd,Suite110,Williamsville,NY,36,14221,1,"Metropolitan area core: primary flow within an urbanized area of 50,000 and greater",US,Family Practice,S,6878,15308.8,467801.94,452695,467,,6632,14886.8,455663.23,440211,,451,,830,355231.69,,6015,110536.56,,33,2033.69,,4927,356057.76,,1951,111744.18,,287,9748.53,,6591,458053.41,120,1141.97,2379,16,1.7446932247746,0,0,0,0,0,52,409.33,43,,12,81.6,*,,75.591006423983,16,213,160,78,218,249,439,,0,,0,12,18,449,1.2772868561705
1376523688,Dercola,Kelly,S,MD,I,368 Broadway,,Kingston,NY,36,12401,1,"Metropolitan area core: primary flow within an urbanized area of 50,000 and greater",US,Internal Medicine,S,9101,20080.1,745572.33,590451,644,,8873,19698.7,726850.1,579672,,614,,1198,559085.41,,7867,183779.95,,36,2706.97,,3443,270260.9,,5658,475311.43,,1201,144811.9,,7900,600760.43,199,22386.26,4852,40,2.1865729040765,14,10234.46,395,,7.035175879397,165,1950.11,124,,55,1496.73,*,,76.484472049689,30,263,213,138,448,196,595,11,,,0,22,73,571,1.0031014340895
1376555490,Catalano,Kathleen,M,D.O.,I,41 S Perry St,,Johnstown,NY,36,12095,4,"Micropolitan area core: primary flow within an urban cluster of 10,000 to 49,999",US,Family Practice,S,4953,10824,412644.48,314330,351,,4084,9270.8333333333,319223.28,269476,,316,,558,264431.61,,4349,147016.35,,46,1196.52,,3210,268026.67,,1743,144617.81,,1652,200074.93,,3301,212569.55,487,15844.13,13434,73,9.8324247930547,23,1748.18,690,,4.7227926078029,129,3825.73,75,*,,,*,,72.91452991453,35,187,100,29,239,112,341,0,0,,0,,75,276,0.91694433162948
1376561910,Long,Jeffrey,C,M.D.,I,35 Lyon St,,Naples,NY,36,14512,10.1,"Secondary flow 30% to <50% to a urbanized area of 50,000 and greater",US,Family Practice,S,8557,16341.133333333,636739.66,477863,557,,7214,14388.1,528532.05,420863,,497,,1276,467656.31,,7236,165444.59,,45,3638.76,,6357,472436.95,,2200,164302.71,,2645,238382.34,,5912,398357.32,325,15308.84,7848,60,3.7980600677808,51,5223,1500,,15.692307692308,176,2756.49,103,,41,4149.04,*,,72.96947935368,60,254,192,51,302,255,530,,,,,19,101,456,0.93812541610179
1750325320,Love,Robert,F,M.D.,I,3 Irongate Center,,Glens Falls,NY,36,12801,1,"Metropolitan area core: primary flow within an urbanized area of 50,000 and greater",US,Family Practice,S,9526,19776.633333333,982843.86,577676,637,,8374,17839.566666667,853056.15,521690,,570,,1532,772708.58,,7871,203676.99,,123,6458.29,,5875,588248.86,,3651,394595,,2710,323437.9,,6816,659405.96,239,4834.83,5124,44,2.508922947722,13,343.33,390,,5.4393305439331,119,13250.87,74,*,,,*,,73.843014128728,67,274,217,79,332,305,604,,,0,0,25,118,519,1.1561547472876
1750362984,Evanov,Frank,,MD,I,1300 Union Tpke,Suite 202,New Hyde Park,NY,36,11040,1,"Metropolitan area core: primary flow within an urbanized area of 50,000 and greater",US,Internal Medicine,S,7516,18553.766666667,725849.07,545721,601,,7287,18036.766666667,710636.17,530621,,590,,897,466465.11,,6607,258862.43,,12,521.53,,2321,295530.81,,5195,430318.26,,679,98015.52,,6837,627833.55,64,744.5,1505,17,0.8515167642363,0,0,0,0,0,197,12078.18,125,,17,1341.49,*,,78.595673876872,11,222,205,163,377,224,486,43,19,26,0,27,40,561,1.2089938552443
1750363446,Filion,Paul,R,M.D.,I,3 Irongate Center,,Glens Falls,NY,36,12801,1,"Metropolitan area core: primary flow within an urbanized area of 50,000 and greater",US,Family Practice,S,6632,14583.933333333,457134.75,421592,792,,6051,13455.366666667,420416.66,389158,,724,,1123,344377.81,,5441,109980.19,,68,2776.75,,4365,254489.84,,2267,202644.91,,1195,92068.23,,5437,365066.52,112,23788.84,3377,33,1.6887816646562,,,,,,99,2400.09,62,*,,,*,,73.309343434343,68,407,231,86,433,359,758,,,,0,23,110,682,0.97729418451822
1750478236,Ko,Patrick,,MD,I,10201 66th Rd,,Forest Hills,NY,36,11375,1,"Metropolitan area core: primary flow within an urbanized area of 50,000 and greater",US,Emergency Medicine,S,688,721.2,29371.46,10789,375,,648,680.2,26804.62,10148,,348,"#",,,,612,7288,*,,,,482,26375.43,,206,2996.03,,464,25924.45,,224,3447.01,,,,,,,,,,,205,1789.1,180,,0,0,,0,72.490666666667,27,210,93,45,237,138,58,,262,26,,19,249,126,1.0959457576719
1750533428,Yan,Henry,J,MD,I,41-40 Union Street,"#2",Flushing,NY,36,11355,1,"Metropolitan area core: primary flow within an urbanized area of 50,000 and greater",US,Internal Medicine,S,9218,13669.4,548956.33,383088,321,,9093,13501.166666667,545359.09,378674,"#",,,960,392144.06,,8168,153771.69,,90,3040.58,,7788,460065.66,,1430,88890.67,,7640,467437.33,,1578,81519,,,,,,,,,,,283,2526.6,113,,42,5011.36,*,,76.130841121495,,,,,194,127,,,294,,0,12,205,116,1.2768733944779
1750631446,Gu,Kangxia,,MD,I,13626 37th Ave,,Flushing,NY,36,11354,1,"Metropolitan area core: primary flow within an urbanized area of 50,000 and greater",US,Internal Medicine,S,5793,7220.8666666667,450518.85,212802,255,,5721,7148.8666666667,415333.37,210665,"#",,,863,367149.12,,4827,80471.64,,103,2898.09,,5056,383648.4,,737,66870.45,,5436,439390.85,,357,11128,0,0,0,0,0,0,0,0,0,,19,162.07,18,*,,,*,,72.933333333333,,,,,168,87,,,243,,0,,218,37,0.93816633986928
1750735684,Mimken,Charles,,MD,I,226 W 14th St,,New York,NY,36,10011,1,"Metropolitan area core: primary flow within an urbanized area of 50,000 and greater",US,Internal Medicine,S,1124,2356.8666666667,287705.56,68680,142,,973,2089.4,255954.25,60888,,128,"#",,,,930,30141.28,*,,,,722,174495.58,,402,113209.98,,425,99198.1,,699,188507.46,19,1407.24,340,,1.6903914590747,,,,,,12,116.96,,,0,0,,0,72.387323943662,14,69,48,11,65,77,83,23,,29,,,41,101,0.87349647887324
1760415038,Zhu,Dening,,M.D.,I,185 Canal St Ste 305,,New York,NY,36,10013,1,"Metropolitan area core: primary flow within an urbanized area of 50,000 and greater",US,Internal Medicine,S,13884,21056.633333333,2022375.6,614585,547,,13530,20503.333333333,1969686.75,598589,,534,,2791,1617465.57,,10825,397228.71,,268,7681.32,,12093,1723947.77,,1791,298427.83,,13375,1989508.59,,509,32867.01,,,,,,,,,,,148,1370.69,94,,55,884.29,,13,73.204753199269,13,359,117,58,316,231,,0,533,,0,,497,50,0.88205563851633
1760421127,Wenacur,Russell,,,I,200 Northern Dr,,Troy,NY,36,12182,1,"Metropolitan area core: primary flow within an urbanized area of 50,000 and greater",US,Family Practice,S,3530,7778.6333333333,373792,226083,224,,3290,7368.5666666667,348850.32,214080,,207,,462,283709.73,,3032,88233.77,,36,1848.5,,2483,233719.96,,1047,140072.04,,434,58047.98,,3096,315744.02,25,136.65,323,13,0.70821529745042,0,0,0,0,0,84,847.33,58,,11,485.14,*,,73.178571428571,17,114,67,26,129,95,216,,0,,0,,16,208,1.0987477763805
1760484687,Kang,Byung,C,D.O.,I,38-34 Parsons Blvd.,"Suite # 1a",Flushing,NY,36,11354,1,"Metropolitan area core: primary flow within an urbanized area of 50,000 and greater",US,Family Practice,S,26805,46278.366666667,5267894.11,1370582,1261,,26216,45360.366666667,5148064.94,1343447,,1235,,6192,4700878.56,,19844,547709.9,,769,19305.65,,22008,4232991.48,,4797,1034902.63,,24895,5139295.08,,1910,128599.03,155,3047.28,3726,38,0.57825032643164,0,0,0,0,0,167,1515.36,125,,172,5987.17,,52,74.821570182395,26,662,414,159,778,483,,,1172,12,0,66,1054,207,1.1269336582231
1760496921,Patel,Hemant,,MD,I,"2255 Adam Clayton Powell Jr Blvd # 2257",,New York,NY,36,10027,1,"Metropolitan area core: primary flow within an urbanized area of 50,000 and greater",US,Internal Medicine,S,9543,20464.9,1362591,603706,1207,,8650,18698.033333333,1256263.56,552295,,1063,,1402,1095185.66,,7886,247399.93,,255,20005.41,,7876,1133902.65,,1667,228688.35,,5945,909484.43,,3598,453106.57,80,1140.77,2027,47,0.83831080373048,0,0,0,0,0,90,660.3,78,,55,805.8,,24,73.352112676056,144,509,435,119,714,493,,845,54,226,,52,685,522,1.612930374427
1760574891,Li-Hirashiki,Vivian,Y,M.D.,I,139 Centre St,Suite 724,New York,NY,36,10013,1,"Metropolitan area core: primary flow within an urbanized area of 50,000 and greater",US,Family Practice,S,2677,5571.7666666667,399984.57,163743,161,,2597,5409.7666666667,392948.01,159163,"#",,,570,316489.78,,2079,82861.34,,28,633.45,,2071,314360.3,,606,85624.27,,2245,360717.99,,432,39266.58,,,,,,,,,,,43,770.07,27,,0,0,*,,74.335403726708,,,,,96,65,,,132,,0,,112,49,1.3501223613202
1760618359,Virasi,Aldo,A,R.PH,I,3081 Route 22,C/O Cvs Suite 3,Dover Plains,NY,36,12522,3,"Metropolitan area low commuting: primary flow 10% to <30% to a urbanized area of 50,000 and greater",US,Pharmacist,T,41,41,7441.66,41,34,,41,41,7441.66,41,,34,,41,7441.66,,0,0,,0,0,,15,2750.2,,26,4691.46,,0,0,,41,7441.66,0,0,0,0,0,0,0,0,0,,0,0,0,,0,0,,0,73.470588235294,0,22,,,21,13,31,,0,0,0,,0,34,0.67141176470588
1760663363,Reddy,Arthi,C,MD,I,601 W 113th St,,New York,NY,36,10025,1,"Metropolitan area core: primary flow within an urbanized area of 50,000 and greater",US,Internal Medicine,S,3438,7640.6,296008.73,223670,434,,3294,7426.6,268282.19,217812,,409,,444,216850.85,,2910,76555.63,,84,2602.25,,1524,142124.27,,1914,153884.46,,770,117605.14,,2668,178403.59,32,193.99,309,14,0.93077370564282,0,0,0,0,0,44,202.25,32,,11,478.04,*,,74.476958525346,25,214,141,54,275,159,228,111,19,49,0,27,83,351,1.1237176370411
1760671317,Ng,Stanley,,M.D.,I,191 Canal St,Suite 601,New York,NY,36,10013,1,"Metropolitan area core: primary flow within an urbanized area of 50,000 and greater",US,Internal Medicine,S,10297,21519.1,2366926.02,642145,438,,10237,21369.1,2354089.13,637665,"#",,,2776,2123780.52,,7418,239188.25,,103,3957.25,,8153,1848198.57,,2144,518727.45,,8763,2076576.94,,1534,290349.08,0,0,0,0,0,0,0,0,0,,54,520.42,35,*,,,*,,79.013698630137,,,,,249,189,,,403,,0,27,310,128,1.0439665367692
1760799985,Drake,Allison,J,NP,I,147 Hoosick St Ste K,,Troy,NY,36,12180,1,"Metropolitan area core: primary flow within an urbanized area of 50,000 and greater",US,Nurse Practitioner,S,6782,12628.333333333,567604.01,362443,531,,4902,9483.5,393743.66,273467,,362,,953,416760.06,,5764,145248.07,,65,5595.88,,4250,403137.82,,2532,164466.19,,3423,317163.26,,3359,250440.75,81,2497.22,1859,35,1.1943379534061,15,1946.54,420,,18.518518518519,125,1984.9,85,,61,10643.56,,15,67.487758945386,169,209,110,43,358,173,453,44,0,22,0,12,239,292,1.3818894418975
1760941744,Chen,Shuai,,FNP,I,40 Bowery,Ground Fl,New York,NY,36,10013,1,"Metropolitan area core: primary flow within an urbanized area of 50,000 and greater",US,Nurse Practitioner,S,6482,7199.4,1272251.68,205956,285,"#",,,,,"#",,,2182,1107981.03,,4148,163329.19,,152,941.46,,6421,1264407.01,,61,7844.67,,6426,1266072.96,,56,6178.72,0,0,0,0,0,0,0,0,0,,62,341.92,37,*,,,*,,72.217543859649,,,,,150,135,,0,281,,0,,,,0.93523099415205
1760962666,Ford,Christopher,,,I,670 Thurston Rd,,Rochester,NY,36,14619,1,"Metropolitan area core: primary flow within an urbanized area of 50,000 and greater",US,Pharmacist,T,18,18,3361.39,18,18,"#",,,,,"#",,,18,3361.39,,0,0,,0,0,"#",,,*,,,*,,,"#",,,0,0,0,0,0,0,0,0,0,,0,0,0,*,,,*,,71.277777777778,,,,,,,11,,0,0,0,,,,1.3647222222222
1770503393,Sosa,Alain,A,M.D.,I,4008 Forley Street,,Elmhurst,NY,36,11373,1,"Metropolitan area core: primary flow within an urbanized area of 50,000 and greater",US,Internal Medicine,S,6638,13522.433333333,1061931.78,395593,517,,5860,12106.333333333,916166.49,354450,,463,,1302,913626.01,,5121,132203.59,,215,16102.18,,5485,868817.41,,1153,193114.37,,5132,827740.35,,1506,234191.43,30,1171.98,404,24,0.45194335643266,,,,,,136,1718.81,101,,30,340.62,*,,73.326885880077,54,249,149,65,326,191,22,,,490,0,,362,155,1.1271529637446
1770506958,Mack,Matthew,D,MD,I,340 Arnett Blvd,,Rochester,NY,36,14619,1,"Metropolitan area core: primary flow within an urbanized area of 50,000 and greater",US,Family Practice,S,4101,7372.8333333333,277587.65,213444,267,,2340,4368.6666666667,135284.79,126863,,181,,488,198317.36,,3575,76774.54,,38,2495.75,,3154,214998.63,,947,62589.02,,2854,214667.02,,1247,62920.63,68,1394,1741,14,1.6581321628871,0,0,0,0,0,29,288.55,20,,32,1008.54,*,,67.707865168539,86,105,56,20,159,108,77,179,0,,,,143,124,1.5252708125024
1770527533,Matos,Manuel,,M.D.,I,1555 Long Pond Rd,Dept. Of Medicine-Hospitalist,Rochester,NY,36,14626,1,"Metropolitan area core: primary flow within an urbanized area of 50,000 and greater",US,Hospitalist,S,23,23,3856.85,23,14,"#",,,,,"#",,,23,3856.85,,0,0,,0,0,"#",,,*,,,*,,,"#",,,0,0,0,0,0,0,0,0,0,,0,0,0,*,,,*,,74.571428571429,,,,,,,12,,0,,0,0,,,0.97241071428571
1770533572,Samson,Israel,M,MD,I,545 Central Ave,,Cedarhurst,NY,36,11516,1,"Metropolitan area core: primary flow within an urbanized area of 50,000 and greater",US,Internal Medicine,S,12974,26366.333333333,1299403.09,776302,898,,12001,24846.166666667,1168117.98,731909,,843,,2149,1043425.78,,10775,252759.04,,50,3218.27,,3436,292748.27,,9538,1006654.82,,3053,458128.58,,9921,841274.51,15,329.97,327,,0.11561584707877,0,0,0,,0,235,4395.09,167,,12,848.71,*,,75.097995545657,55,422,275,146,515,383,717,85,,28,,47,151,747,1.1894770204982
1770555088,Mandell,William,F,MD,I,31 Washington Sq West,,New York,NY,36,10011,1,"Metropolitan area core: primary flow within an urbanized area of 50,000 and greater",US,Infectious Disease,S,3090,5361.8,1591794.73,157677,279,,2681,4884.8,1189243.42,143817,,250,,702,1522763.72,,2388,69031.01,,0,0,,1071,651094.27,,2019,940700.46,,574,510005.06,,2516,1081789.67,20,181.37,399,,0.64724919093851,0,0,0,,0,48,4394.81,17,*,,,*,,73.322580645161,29,131,93,26,100,179,204,28,,18,,24,33,246,1.0188904631714
1770574055,Babitz,Lisa,E,MD,I,457 W 57th St,Apt 106,New York,NY,36,10019,1,"Metropolitan area core: primary flow within an urbanized area of 50,000 and greater",US,Geriatric Medicine,S,918,2153.4333333333,72858.28,63257,123,,918,2153.4333333333,72858.28,63257,,123,,161,54856.77,,757,18001.51,,0,0,,58,2033.45,,860,70824.83,,22,3737.56,,896,69120.72,,,,,,,,,,,18,237.07,11,,0,0,,0,77.707317073171,0,44,58,21,112,11,108,,,,0,,,,0.91973170731707
1770574808,Mccarthy,Philip,L,MD,I,Elm And Carlton Streets,,Buffalo,NY,36,14263,1,"Metropolitan area core: primary flow within an urbanized area of 50,000 and greater",US,Hematopoietic Cell Transplantation and Cellular Therapy,S,48,50,27428.47,301,21,"#",,,,,"#",,,41,27333.57,*,,,"#",,,,34,4776.05,,14,22652.42,*,,,"#",,,,,,,,,,,,,0,0,0,*,,,*,,71.333333333333,,,,,,,20,,0,0,0,,,,3.8955793650794
1770578940,Kwiatkowski,David,E,MD,I,42 W Main St,,Owego,NY,36,13827,7.1,"Secondary flow 30% to <50% to a urbanized area of 50,000 and greater",US,Family Practice,S,5098,12335.566666667,418915.95,363879,415,,4246,10872.433333333,336559.58,320833,,363,,594,308652.77,,4466,107643.63,,38,2619.55,,2657,235662.79,,2441,183253.16,,1488,168234.42,,3610,250681.53,70,943.85,1857,21,1.3730874852883,,,,,,73,943.45,42,,11,268.21,*,,73.619277108434,52,170,132,61,231,184,400,,0,,0,,77,338,1.0080359393525
1770580235,Bruinings,Yeahseon,C,MD,I,3438 Bell Blvd,Ph Floor 5,Bayside,NY,36,11361,1,"Metropolitan area core: primary flow within an urbanized area of 50,000 and greater",US,Family Practice,S,7667,18214.6,1000972.37,542174,601,,7448,17649.933333333,970884.85,525421,,581,,1050,885989.44,,6542,112658.64,,75,2324.29,,5963,715406.81,,1704,285565.56,,4889,790121.16,,2778,210851.21,0,0,0,0,0,0,0,0,0,,59,570.86,49,*,,,*,,71.993344425957,20,391,150,40,333,268,15,,538,,0,33,308,293,0.77686651403817
1770616864,Li,Xian Min,,D.O.,I,1508 Avenue U,,Brooklyn,NY,36,11229,1,"Metropolitan area core: primary flow within an urbanized area of 50,000 and greater",US,Internal Medicine,S,23164,36593.666666667,5304375.31,1026592,596,,22744,35991.2,5185937.03,1010345,,585,,5641,4768555.7,,17340,529802.16,,183,6017.45,,20687,4805315.78,,2477,499059.53,,22759,5248801.21,,405,55574.1,87,869.33,1015,27,0.37558280089795,0,0,0,0,0,450,34564.01,235,,83,994.55,,22,73.444630872483,11,363,165,57,323,273,,,583,,0,,565,31,1.0138507311814
1770656977,Vail,Rona,,MD,I,356 W 18th St,,New York,NY,36,10011,1,"Metropolitan area core: primary flow within an urbanized area of 50,000 and greater",US,Internal Medicine,S,2994,3823.4666666667,2398762.85,110960,97,,1731,2276.4333333333,1168170.84,66780,,58,,1228,2347062.46,,1716,50278.68,,50,1421.71,,1095,963952.95,,1899,1434809.9,,2197,1571185.28,,797,827577.57,19,743.13,455,,0.63460253841015,0,0,0,,0,12,1136.62,,*,,,*,,64.948453608247,39,46,,,25,72,50,24,,18,,,56,41,1.3095868477122
1770700445,Lopez,Cesar,A,M.D.,I,234 E 149th St,,Bronx,NY,36,10451,1,"Metropolitan area core: primary flow within an urbanized area of 50,000 and greater",US,Internal Medicine,S,6695,17651.4,319699.41,516272,1031,,6313,16796.333333333,279457.83,491704,,971,,683,195796.96,,5873,118745.36,,139,5157.09,,6594,310611.81,,101,9087.6,,2058,112036.89,,4637,207662.52,431,7948.88,10297,116,6.437640029873,35,637.96,988,,8.1206496519722,152,3762.62,117,,30,488.34,*,,74.354995150339,60,502,337,132,521,510,263,44,27,671,,,241,790,1.2842841214002
1770805665,Brook,Jeffrey,J,RPH,I,111 E Green St,C/O Dan Horn Phcy,Olean,NY,36,14760,4,"Micropolitan area core: primary flow within an urban cluster of 10,000 to 49,999",US,Pharmacist,T,26,26,4368.31,26,21,"#",,,,,"#",,,26,4368.31,,0,0,,0,0,"#",,,*,,,*,,,"#",,,0,0,0,0,0,0,0,0,0,,0,0,0,*,,,*,,71.238095238095,,,,,,,20,,,0,0,0,,,1.2091666666667
1770849994,Zafar,Sara,,M.D.,I,37 W Garden St,"Suite #201",Auburn,NY,36,13021,4,"Micropolitan area core: primary flow within an urban cluster of 10,000 to 49,999",US,Family Practice,S,5728,11241.133333333,439492.8,328421,658,,4155,8557.3666666667,301771.39,250412,,520,,834,329682.85,,4833,101086.07,,61,8723.88,,3363,272279.61,,2365,167213.19,,3262,302280.64,,2466,137212.16,139,3640.23,3148,38,2.4266759776536,18,721.16,540,,12.94964028777,81,580.74,68,,35,583.51,*,,70.281155015198,138,313,133,74,500,158,609,14,,12,,17,254,404,1.2005905289398
1770857088,Lapin,Kevin,,NP,I,"55 Greene Avenue, Llb",C/O Sunrise Medical Group,Brooklyn,NY,36,11238,1,"Metropolitan area core: primary flow within an urbanized area of 50,000 and greater",US,Nurse Practitioner,S,3083,3879.8666666667,613007.24,111062,162,,2010,2684.1,317684.22,77794,,107,,802,558618.2,,2196,51707.56,,85,2681.48,,2083,399699.8,,1000,213307.44,,2590,574632.11,,493,38375.13,14,76.78,397,,0.45410314628608,0,0,0,,0,31,321.32,22,*,,,*,,67.592592592593,55,53,38,16,99,63,31,100,,27,0,,109,53,1.8185449579978
1770871196,Crane,Lauren,E,FNP,I,5 College Ave,,Windsor,NY,36,13865,2,"Metropolitan area high commuting: primary flow 30% or more to a urbanized area of 50,000 and greater",US,Nurse Practitioner,S,4190,8514.2666666667,364800.25,247105,499,,2973,6308.0666666667,262397.67,184481,,343,,563,291158.72,,3609,71750.95,,18,1890.58,,2521,230196.67,,1669,134603.58,,2126,236095.71,,2064,128704.54,185,6365.23,4101,53,4.4152744630072,,,,,,74,560.28,57,,30,644.14,*,,67.128256513026,156,208,96,39,303,196,434,33,,11,,14,220,279,1.1464299668955
1770883787,Lu,Li,,M.D.,I,745 61st St Fl 1,,Brooklyn,NY,36,11220,1,"Metropolitan area core: primary flow within an urbanized area of 50,000 and greater",US,Internal Medicine,S,9085,13291.733333333,1329208.09,382960,711,,8846,12963.733333333,1307756.19,373716,,688,,1984,1137602.78,,7035,189550.02,,66,2055.29,,8586,1240977.36,,499,88230.73,,8770,1315221.9,,315,13986.19,,,,,,,,,,,104,1038.44,81,,23,3040.94,,11,72.105485232068,23,495,145,48,383,328,,,692,,0,,669,42,1.110358127104
1780047258,Segerson,Benjamin,,DO,I,9097 Main St,,Clarence,NY,36,14031,1,"Metropolitan area core: primary flow within an urbanized area of 50,000 and greater",US,Osteopathic Manipulative Medicine,S,4713,9615.1666666667,380036.57,270000,531,,4100,8556.7,318633.74,239776,,473,,623,288405.22,,4060,89896.27,,30,1735.08,,3625,292743.66,,1088,87292.91,,1140,103810.29,,3573,276226.28,259,6309.63,5913,59,5.4954381497984,35,3656.75,722,,13.513513513514,128,4301.9,75,*,,,*,,72.387947269303,58,272,135,66,269,262,505,,,,0,13,74,457,1.0122323974167
1780623868,Zhao,Faith,,MD,I,15 Elizabeth St,Suite 310,New York,NY,36,10013,1,"Metropolitan area core: primary flow within an urbanized area of 50,000 and greater",US,Internal Medicine,S,27296,43244.8,3335701.23,1273129,842,,26609,42414.933333333,3273045.82,1248713,,819,,5580,2806278.92,,21443,524080.39,,273,5341.92,,23211,2795651.21,,4085,540050.02,,25995,3260701.88,,1301,74999.35,,,,,,,,,,,162,1363.4,122,,137,1717.75,,22,75.262470308789,23,453,203,163,522,320,,,804,,0,27,745,97,1.108899831194
1780654558,Huang,Yanhan,D,MD,I,757 60th St,First Floor,Brooklyn,NY,36,11220,1,"Metropolitan area core: primary flow within an urbanized area of 50,000 and greater",US,Internal Medicine,S,51833,78362.066666667,8738995.3500001,2298187,2015,,50491,76526.666666667,8463149.4600001,2245282,,1960,,11311,6947142.65,,39626,1762434.99,,896,29417.71,,45026,7654754.5600001,,6807,1084240.79,,50293,8571034.5600001,,1540,167960.79,271,6734.99,3964,87,0.52283294426331,28,2451.24,838,,10.332103321033,408,5842.67,304,,144,3487.61,,37,75.239702233251,55,1052,547,361,1123,892,16,,1948,11,,30,1859,156,1.1441958015312
1780753038,Krempa,David,J,M.D.,I,23 Ivy St,,Jamestown,NY,36,14701,4,"Micropolitan area core: primary flow within an urban cluster of 10,000 to 49,999",US,Internal Medicine,S,4098,8655.2,576637.78,248900,358,,3419,7513.5666666667,444300.43,216014,,336,"#",,,,3277,113435.84,*,,,,2159,248625,,1939,328012.78,,837,159876.2,,3261,416761.58,267,12137.69,7581,35,6.5153733528551,48,5510.76,1440,,17.977528089888,36,467.59,25,*,,,*,,73.561452513966,22,187,113,36,202,156,329,,0,,0,21,39,319,0.86676782620519
1780768598,Tolentino,Rommel,,,I,35 Empire State Blvd,,Castleton,NY,36,12033,1,"Metropolitan area core: primary flow within an urbanized area of 50,000 and greater",US,Internal Medicine,S,5459,13374.566666667,510604.84,393830,574,,4927,12282.033333333,471871.11,362069,,520,,644,354447.82,,4769,152607.5,,46,3549.52,,3202,328198.1,,2257,182406.74,,988,111577.62,,4471,399027.22,219,10364.14,6305,60,4.0117237589302,44,5211.46,1297,,20.091324200913,115,1884.04,67,,12,77.69,*,,72.729965156794,54,287,171,62,274,300,526,,,,,26,81,493,1.1561140173844
1780771592,Zuo,Hailiu,,M.D.,I,83 18 Cornish Ave,,Elmhurst,NY,36,11373,1,"Metropolitan area core: primary flow within an urbanized area of 50,000 and greater",US,Internal Medicine,S,19035,31019.266666667,2288705.22,897872,773,,18675,30556.933333333,2239860.58,884986,,751,,3242,1860521.63,,15571,422791.98,,222,5391.61,,16976,2096142.28,,2059,192562.94,,17689,2211470.16,,1346,77235.06,,,,,,,,,,,422,5543.49,231,,14,306.24,*,,73.994825355757,22,453,207,91,395,378,15,,737,,0,13,639,134,0.86570227696464
1780772947,Lin,Yong,S,M.D.,I,217 Grand St,3rd Floor Room 301,New York,NY,36,10013,1,"Metropolitan area core: primary flow within an urbanized area of 50,000 and greater",US,Internal Medicine,S,31641,40188.166666667,4191737,1188726,837,,31100,39462.166666667,4117504.4,1167266,,817,,7293,3723216.44,,23994,461392.75,,354,7127.81,,28755,3827358.46,,2886,364378.54,,31207,4176946.89,,434,14790.11,0,0,0,0,0,0,0,0,0,,163,1278.85,135,,42,705.89,*,,74.273596176822,20,475,244,98,435,402,,0,830,,0,,808,29,0.99982625762926
1780817106,De Torrontegui,Noel,A,RPH,I,2428 Bell Blvd,,Bayside,NY,36,11360,1,"Metropolitan area core: primary flow within an urbanized area of 50,000 and greater",US,Pharmacist,T,27,27,4459.18,27,26,,27,27,4459.18,27,,26,,27,4459.18,,0,0,,0,0,*,,,"#",,,*,,,"#",,,0,0,0,0,0,0,0,0,0,,0,0,0,,0,0,,0,77.769230769231,0,13,,,,,19,,,0,0,,,,0.94315384615385
1790043859,Au,Chunshuen,,P.A.,I,143-55 37th Avenue,1st Floor,Flushing,NY,36,11354,1,"Metropolitan area core: primary flow within an urbanized area of 50,000 and greater",US,Physician Assistant,S,12415,14893.466666667,2169896.06,433147,632,,11975,14361.6,2096598.77,417856,,608,,3706,1918321.03,,8563,246458.65,,146,5116.38,,10629,1890865.08,,1786,279030.98,,12123,2148804.3,,292,21091.76,,,,,,,,,,,165,1204.29,110,,57,355.07,,16,73.349683544304,24,393,137,78,339,293,,,620,,0,,580,52,1.0140039554299
1790081990,Lettiere,Erin,E,PHARM.D,I,842 State St,,Watertown,NY,36,13601,1,"Metropolitan area core: primary flow within an urbanized area of 50,000 and greater",US,Pharmacist,T,14,14,2582.65,14,13,,14,14,2582.65,14,,13,,14,2582.65,,0,0,,0,0,*,,,"#",,,,0,0,,14,2582.65,0,0,0,0,0,0,0,0,0,,0,0,0,,0,0,,0,73.615384615385,0,,,0,,,13,0,0,0,0,0,0,13,0.59015384615385
1790095735,Coppersmith,Julie,M,PA,I,152 Foote Avenue,,Jamestown,NY,36,14701,4,"Micropolitan area core: primary flow within an urban cluster of 10,000 to 49,999",US,Physician Assistant,S,2558,3977.3666666667,281013.46,111580,385,,2121,3214.3,204110.32,90245,,335,,448,230453.49,,2084,49653.89,,26,906.08,,1471,177382.58,,1087,103630.88,,1545,177920.78,,1013,103092.68,135,3157.69,3104,58,5.2775605942142,,,,,,106,1674.6,86,,51,696.44,,14,75.01038961039,50,138,115,82,267,118,362,,0,15,0,,170,215,1.5394888784068
1790219996,Notaro,Mai-Linh,,DO,I,85 High St,,Buffalo,NY,36,14203,1,"Metropolitan area core: primary flow within an urbanized area of 50,000 and greater",US,Family Practice,S,5377,12141.933333333,489261.78,357674,433,,5094,11632.066666667,417128.7,342610,,409,,746,374089.91,,4588,111836,,43,3335.87,,3711,315364.46,,1666,173897.32,,1145,113128.37,,4232,376133.41,38,418.5,816,11,0.70671378091873,0,0,0,0,0,61,591.38,40,,18,239.11,*,,75.997690531178,24,183,145,81,294,139,200,202,,18,,11,72,361,1.3737733010028
1790714962,Goris,Jose,A,M.D.,I,435 Fort Washington Ave,Suite 1c,New York,NY,36,10033,1,"Metropolitan area core: primary flow within an urbanized area of 50,000 and greater",US,Family Practice,S,27095,56909.9,4391831.31,1687196,1386,,24263,51554.866666667,3911082.9,1529343,,1237,,5009,3748303.69,,21216,609721.4,,870,33806.22,,24939,4061382.72,,2156,330448.59,,25196,4270265.15,,1899,121566.16,22,93.5,171,12,0.081195792581657,0,0,0,0,0,361,15205.04,277,,157,10851.49,,49,73.832611832612,149,626,423,188,815,571,33,28,,1308,0,,1171,215,1.3851733590681
1790740637,Wisnoski,Jennifer,A,M.D.,I,295 Essjay Rd,,Williamsville,NY,36,14221,1,"Metropolitan area core: primary flow within an urbanized area of 50,000 and greater",US,Family Practice,S,6905,15851.733333333,561874.71,464815,538,,6189,14772.966666667,458791.88,434405,,507,,1019,425381.07,,5820,133837.87,,66,2655.77,,4991,371961.43,,1914,189913.28,,964,128625.31,,5941,433249.4,220,10585.59,5179,46,3.1860970311369,11,5958.92,308,,5,99,1951.65,73,,16,83.01,*,,74.187732342007,31,281,152,74,444,94,494,11,,,0,19,42,496,1.149849759989
1790762730,Collins,Megan,E,M.D.,I,530 1st Ave Ste 7b,,New York,NY,36,10016,1,"Metropolitan area core: primary flow within an urbanized area of 50,000 and greater",US,Internal Medicine,S,3745,8984.9333333333,257189.23,265476,456,,3534,8585.6,248392.44,253923,,434,,440,174366.08,,3280,81192.72,,25,1630.43,,997,60586.7,,2748,196602.53,,645,64707.39,,3100,192481.84,29,126.93,321,,0.77436582109479,0,0,0,,0,24,751.92,20,,0,0,,0,74.357456140351,22,212,178,44,340,116,332,42,16,32,0,34,52,404,1.055304776771
1790786432,Barbanel,Eric,,MD,I,155 Crystal Run Rd,,Middletown,NY,36,10941,1,"Metropolitan area core: primary flow within an urbanized area of 50,000 and greater",US,Internal Medicine,S,6987,16352.1,471792.74,483101,547,,6385,15224.9,429099,450449,,487,"#",,,,6427,160334.4,*,,,,2052,145480.92,,4935,326311.82,,1317,82982.29,,5670,388810.45,262,12321.25,6447,62,3.7498210963217,,,,,,48,585.69,42,*,,,*,,72.482632541133,60,259,181,47,252,295,453,25,,43,,25,86,461,1.4285109312249
1790860492,Gair,Brian,H,MD,I,18 Ashford Avenue,Suite 3w,Dobbs Ferry,NY,36,10522,1,"Metropolitan area core: primary flow within an urbanized area of 50,000 and greater",US,Family Practice,S,3488,8465.6666666667,290565.42,248316,304,,3375,8306.6666666667,288576.65,243782,,293,"#",,,,3137,90453.01,*,,,,1316,104470,,2172,186095.42,,303,21187.17,,3185,269378.25,78,2510.27,1828,18,2.2362385321101,0,0,0,0,0,64,1053.37,41,*,,,*,,74.858552631579,11,147,106,40,147,157,250,15,,19,,15,25,279,0.9587906839662
1801008099,Abraham,Sherly,,M.D.,I,"121, Dekalb Ave",,Brooklyn,NY,36,11201,1,"Metropolitan area core: primary flow within an urbanized area of 50,000 and greater",US,Family Practice,S,4356,8105.3333333333,709032.74,234833,374,,3585,6882,565688.71,200324,,304,,951,621742.98,,3257,79367.75,,148,7922.01,,3649,598187.53,,707,110845.21,,3375,558891.91,,981,150140.83,,,,,,,,,,,45,553.72,36,*,,,*,,70.729946524064,70,184,93,27,263,111,,196,,154,0,,264,110,1.4358988568376
1801072376,Rashid,Javaid,,M.D.,I,450 Clarkson Ave,,Brooklyn,NY,36,11203,1,"Metropolitan area core: primary flow within an urbanized area of 50,000 and greater",US,Psychiatry,S,1415,1476.2666666667,168107.6,42672,126,,715,765.93333333333,53875.61,22137,,67,"#",,,,1294,35100.26,*,,,,863,75866.22,,552,92241.38,,1083,160830.84,,332,7276.76,0,0,0,0,0,0,0,0,0,,0,0,0,,243,46551.57,,38,61.880952380952,59,53,,,58,68,23,69,16,,0,,96,30,1.4801385733669
1801107818,Wong,Kaitlyn,L,M.D,I,100 W Kingsbridge Rd,,Bronx,NY,36,10468,1,"Metropolitan area core: primary flow within an urbanized area of 50,000 and greater",US,Internal Medicine,S,23639,29724.666666667,3646986.95,867531,1028,,23004,28964.066666667,3557021.58,845549,,992,,5980,3189301.5,,17259,446528.01,,400,11157.44,,21662,3382549.63,,1977,264437.32,,23061,3595096.51,,578,51890.44,,,,,,,,,,,164,1720.9,139,,56,531.74,,14,73.217898832685,36,627,265,100,506,522,,,1006,,0,,963,65,1.1778691708815
1801191663,Thu,Aye,M,M.D,I,374 Stockholm St,,Brooklyn,NY,36,11237,1,"Metropolitan area core: primary flow within an urbanized area of 50,000 and greater",US,Internal Medicine,S,2696,6925.1,99065.949999999,202377,471,,2618,6762.1666666667,95766.929999999,197911,,456,,278,56481.82,,2371,41351.55,,47,1232.58,,2652,98061.479999999,,44,1004.47,,357,9544.04,,2339,89521.91,57,904.58,1228,22,2.1142433234421,,,,,,24,518.51,16,*,,,*,,74.390658174098,15,263,138,55,277,194,153,35,155,90,0,38,52,419,0.95731758374087
1801456348,Wang,Huan,,NP,I,3907 Prince St Ste 3a,,Flushing,NY,36,11354,1,"Metropolitan area core: primary flow within an urbanized area of 50,000 and greater",US,Nurse Practitioner,S,8380,10335.7,1389917.77,301716,708,,8169,10086.2,1348717.03,294430,,685,,2119,1192152.34,,6133,193650.29,,128,4115.14,,7668,1287515.64,,712,102402.13,,8201,1379045.02,,179,10872.75,0,0,0,0,0,0,0,0,0,,65,486.63,53,,15,168.51,*,,72.690677966102,23,463,166,56,327,381,,0,695,,0,,682,26,0.90976800421304
1801803556,Jacobson,William,,MD,I,10 Chester Ave,,White Plains,NY,36,10601,1,"Metropolitan area core: primary flow within an urbanized area of 50,000 and greater",US,Family Practice,S,5417,8496.9,226551.68,208827,396,,5390,8427.9,225745.22,206858,"#",,"#",,,,4740,85039.31,*,,,,877,46841.05,,4540,179710.63,,281,10731.75,,5136,215819.93,35,429.01,366,22,0.64611408528706,0,0,0,0,0,138,2114.51,56,,82,1641.49,*,,81.229797979798,,,,,240,156,325,31,,17,,14,31,365,1.4388146033856
1801834577,Rohr,Gabriela,,MD,I,20118 Hillside Ave,,Hollis,NY,36,11423,1,"Metropolitan area core: primary flow within an urbanized area of 50,000 and greater",US,Family Practice,S,5393,13042.7,677381.51,383958,349,,4988,12224.033333333,596158.2,359916,,323,,688,575728.44,,4572,96586.73,,133,5066.34,,4241,508810.84,,1152,168570.67,,3917,574987.45,,1476,102394.06,,,,,,,,,,,128,2297.15,84,,24,2865.45,*,,71.945558739255,26,204,96,23,229,120,14,124,73,49,17,72,217,132,0.94093547552333
1801857222,Ricker,Kerry,E,D.O.,I,1270 Belmont Ave,,Schenectady,NY,36,12308,1,"Metropolitan area core: primary flow within an urbanized area of 50,000 and greater",US,Family Practice,S,9137,9459.6333333333,1194830.86,245187,272,,7140,7433.8,957444.93,193124,,234,,2059,827938.02,,6954,355825.64,,124,11067.2,,8783,1151518.07,,354,43312.79,,8974,1181313.8,,163,13517.06,174,13234.44,3086,45,1.904344970997,37,10500.71,952,,21.264367816092,173,40980.79,52,,197,82164.29,,24,74.577205882353,38,105,84,45,200,72,210,28,,17,0,,197,75,2.1547793146345
1801916903,Yang,Joyce,T,MD,I,20 Main St,,Andover,NY,36,14806,8,"Small town high commuting: primary flow 30% or more to a urban cluster of 2,500 to 9,999",US,Internal Medicine,S,3090,5673.9,296131.6,164727,451,,2597,4826.9333333333,246657.64,140138,,383,"#",,,,2593,61647.97,*,,,,1617,163554.27,,1473,132577.33,,1106,127773.18,,1984,168358.42,159,12158.4,4391,73,5.1456310679612,26,5440.14,738,11,16.352201257862,51,544.78,43,*,,,*,,73.144124168514,68,188,133,62,252,199,433,,,,0,,121,330,1.1469979788279
1801943154,Guadron,Rodolfo,,NP,I,356 W 18th St,,New York,NY,36,10011,1,"Metropolitan area core: primary flow within an urbanized area of 50,000 and greater",US,Nurse Practitioner,S,1197,1743.8,888196.37,50113,80,,579,1047.7666666667,419388.49,30629,,39,,368,867134.22,,807,19919.32,,22,1142.83,,830,564612.45,,367,323583.92,,803,643523.74,,394,244672.63,11,136.63,149,,0.91896407685881,,,,,,24,803.57,13,*,,,*,,59.8,41,33,,,15,65,37,17,0,22,,,60,20,1.0600083333333
1801986500,Chen,Yuping,,MD,I,13621 Roosevelt Ave,Suite 205,Flushing,NY,36,11354,1,"Metropolitan area core: primary flow within an urbanized area of 50,000 and greater",US,Internal Medicine,S,12134,19612.333333333,927041.09,580368,528,,12063,19534.333333333,926549.25,578160,"#",,,1373,699758.66,,10602,220950.33,,159,6332.1,,10324,775027.61,,1810,152013.48,,10311,712647.72,,1823,214393.37,,,,,,,,,,,101,723.88,77,,15,134.62,*,,73.611742424242,,,,,302,226,,,500,,0,,397,131,1.0453983701433
1801990395,Bonadonna,Susan,,MD,I,1 Fordham Plz,,Bronx,NY,36,10458,1,"Metropolitan area core: primary flow within an urbanized area of 50,000 and greater",US,Family Practice,S,3114,5440,344059.72,158060,172,,2581,4581.3333333333,278548.19,133155,,134,,646,283475.84,,2377,57663.73,,91,2920.15,,2673,290913.21,,441,53146.51,,2619,304617.97,,495,39441.75,39,252.28,548,12,1.252408477842,0,0,0,0,0,15,250,11,*,,,*,,69.482558139535,38,86,37,11,137,35,11,50,11,89,0,11,129,43,1.2879665104398
1811068299,Rico,Marta,,MD,I,Mmg - Cfcc,1621 Eastchester Road,Bronx,NY,36,10461,1,"Metropolitan area core: primary flow within an urbanized area of 50,000 and greater",US,Internal Medicine,S,4937,8926.5666666667,563077.89,261245,349,,4241,7893,474422.41,231682,,297,,1120,482117.36,,3687,75917.53,,130,5043,,4090,467008.81,,847,96069.08,,4203,494267.26,,734,68810.63,26,124,632,,0.52663560866923,,,,,,24,14084.15,19,,21,234.48,*,,72.335243553009,52,140,118,39,238,111,43,73,11,217,,,259,90,1.4536798243053
1811069925,Riegel,Norman,,"M.D., F.A.C.C.",I,14916 80th St,,Howard Beach,NY,36,11414,1,"Metropolitan area core: primary flow within an urbanized area of 50,000 and greater",US,Cardiology,S,18619,40696.933333333,1711920.32,1196220,1504,,17400,38274.333333333,1593858.24,1125992,,1408,,2815,1328852.51,,15760,380195.64,,44,2872.17,,6504,605669.85,,12115,1106250.47,,3444,377777.09,,15175,1334143.23,375,21326.58,10620,77,2.0140716472421,32,12154.46,945,,8.5333333333333,530,5456.11,319,,25,2106.86,*,,75.797207446809,96,615,519,274,838,666,1275,36,,124,,37,244,1260,1.2296003365942
1811073935,Dorschug,Sarita,K,,I,652 Suffolk Ave,Suite 208,Brentwood,NY,36,11717,1,"Metropolitan area core: primary flow within an urbanized area of 50,000 and greater",US,Family Practice,S,10869,24851.566666667,1464240.73,729478,651,,9752,22570.166666667,1325024.76,663177,,574,,1657,1271254.68,,9009,183017.95,,203,9968.1,,5707,698356.48,,5162,765884.25,,4923,695505.55,,5946,768735.18,86,1252.07,2454,21,0.79124114453952,0,0,0,0,0,304,4439.08,206,*,,,*,,73.142857142857,77,303,196,75,428,223,197,106,,318,,22,225,426,1.1029170917666
1811077886,Murray,James,J,M.D.,I,377 Church St,,Saratoga Springs,NY,36,12866,1.1,"Secondary flow 30% to <50% to a larger urbanized area of 50,000 and greater",US,Family Practice,S,6116,12749.066666667,607316.6,371292,453,,5464,11619.2,533359.4,338954,,411,,1009,495285.79,,5025,109718.19,,82,2312.62,,4109,422895.62,,2007,184420.98,,1166,99255.59,,4950,508061.01,163,4515.29,4429,27,2.6651406147809,0,0,0,0,0,134,1275.26,81,,29,668.38,*,,72.501103752759,42,226,156,29,233,220,425,,,,0,13,60,393,1.005027227988
1811143639,Poppenberg Duquette,Kristin,E,M.D.,I,3560 N Buffalo St,,Orchard Park,NY,36,14127,1,"Metropolitan area core: primary flow within an urbanized area of 50,000 and greater",US,Internal Medicine,S,4212,9039.6333333333,395080.22,261862,491,,3731,8217.0333333333,303307.66,238704,,442,,539,300055.76,,3633,92071.31,,40,2953.15,,2995,266902.45,,1217,128177.77,,625,106928.44,,3587,288151.78,149,11836.84,3420,36,3.5375118708452,19,7774.79,570,,12.751677852349,140,1237.37,100,*,,,*,,72.405295315682,49,264,124,54,371,120,474,,0,,0,14,40,451,0.92932680754552
1124362348,Wu,Xuxia,,M.D.,I,13107 40th Rd Unit E06,,Flushing,NY,36,11354,1,"Metropolitan area core: primary flow within an urbanized area of 50,000 and greater",US,Internal Medicine,S,3795,6179,536834.44,178517,175,,3669,5935.1,521733.97,171424,"#",,,842,449329.17,,2801,81738.73,,152,5766.54,,3327,468395.07,,468,68439.37,,3072,482042.7,,723,54791.74,,,,,,,,,,,83,903.58,47,,14,690.15,*,,71.325714285714,,,,,92,83,,,154,,0,,107,68,0.99413698655772
1124453105,Ponce Garcia,Maria Gabriela,,MD,I,10211 Roosevelt Ave,,Corona,NY,36,11368,1,"Metropolitan area core: primary flow within an urbanized area of 50,000 and greater",US,Internal Medicine,S,1922,4474,269150.31,132327,159,,1745,4126.8333333333,237746.83,122220,,142,,324,223756.1,,1534,43636.33,,64,1757.88,,1772,258176.72,,150,10973.59,,1613,248026.04,,309,21124.27,,,,,,,,,,,17,1361.89,,,0,0,,0,71.11320754717,17,93,38,11,88,71,,,,146,0,,119,40,1.0591368145065
1134118706,Kravitz,Helang,C,M.D.,I,268 Canal St,,New York,NY,36,10013,1,"Metropolitan area core: primary flow within an urbanized area of 50,000 and greater",US,Internal Medicine,S,6301,10180.366666667,580009.11,301035,360,,6207,10021.366666667,556052.45,296323,"#",,,911,482335.98,,5222,91409.84,,168,6263.29,,5290,492619.67,,1011,87389.44,,6088,575111.27,,213,4897.84,0,0,0,0,0,0,0,0,0,,23,85.95,21,,0,0,*,,73.511111111111,,,,,238,122,,,342,,0,,338,22,0.97281384908792
1134175359,Wolfson,Robert,A,MD,I,90 S Bedford Rd,"Caremount Medical, Pc",Mount Kisco,NY,36,10549,1,"Metropolitan area core: primary flow within an urbanized area of 50,000 and greater",US,Internal Medicine,S,7606,17032.066666667,675402.07,495894,665,,7280,16509.666666667,655251.25,480571,,647,,858,486525.46,,6734,188146.05,,14,730.56,,1589,147198.36,,6017,528203.71,,812,42526.81,,6794,632875.26,95,6891.62,1862,30,1.249013936366,17,5683.57,750,,17.894736842105,246,15435.39,138,,32,6749.76,*,,76.076691729323,18,310,223,114,322,343,594,,,14,0,40,41,624,1.0531090557451
1134195738,Lin,Tun,,M.D.,I,9024 Corona Ave,,Elmhurst,NY,36,11373,1,"Metropolitan area core: primary flow within an urbanized area of 50,000 and greater",US,Internal Medicine,S,13594,23508.566666667,2690211.83,690181,465,,12261,21423.466666667,2353704.68,629388,,414,,3494,2370284.22,,9783,309228.33,,317,10699.28,,10815,2127206.26,,2779,563005.57,,11959,2431592.43,,1635,258619.4,148,3384.16,4059,24,1.0887156098279,0,0,0,0,0,198,39781.32,123,,26,363.48,*,,71.559139784946,51,270,107,37,274,191,16,42,183,198,0,26,343,122,1.008408442197
1134196041,Darrow,Nicole,,D.O.,I,754 Deer Park Ave,,North Babylon,NY,36,11703,1,"Metropolitan area core: primary flow within an urbanized area of 50,000 and greater",US,Family Practice,S,5953,12466.5,499558.33,347119,1002,,5409,11531.033333333,445464.02,321412,,924,,1208,374504.19,,4723,123936.2,,22,1117.94,,2110,140691.39,,3843,358866.94,,1144,90665.86,,4809,408892.47,,,,,,,,,,,231,2711.74,141,*,,,*,,72.962075848303,78,524,306,94,665,337,871,23,17,53,0,38,115,887,0.92023198389592
1134212368,Samuelson,Sana,,MD,I,Mmg - Bronx East,2300 Westchester Avenue,Bronx,NY,36,10462,1,"Metropolitan area core: primary flow within an urbanized area of 50,000 and greater",US,Internal Medicine,S,7666,17039.166666667,939495.39,504442,715,,6752,15351,763961.01,454934,,635,,1505,781061.35,,5846,144045.95,,315,14388.09,,5496,722211.5,,2170,217283.89,,3371,498595.99,,4295,440899.4,,,,,,,,,,,30,369.97,27,,20,457.43,*,,73.106293706294,80,323,233,79,537,178,78,370,,218,,26,231,484,1.3239217446953
1134251101,Hiby,Erika,H,M.D.,I,340 E Main St,,Bay Shore,NY,36,11706,1,"Metropolitan area core: primary flow within an urbanized area of 50,000 and greater",US,Family Practice,S,4527,11693.3,618803.8,343703,449,,3995,10387.666666667,498591.44,305507,,394,,577,548720.09,,3877,62945.02,,73,7138.69,,3376,411113.57,,1151,207690.23,,2844,495296.3,,1683,123507.5,,,,,,,,,,,100,2810.44,77,,13,739.46,*,,72.592427616926,55,222,136,36,269,180,49,36,,350,0,,227,222,0.98841917531961
1134284813,Myint,Richard,,DO,I,128 Mott St,Suite 203,New York,NY,36,10013,1,"Metropolitan area core: primary flow within an urbanized area of 50,000 and greater",US,Internal Medicine,S,9242,12094.133333333,566673.12,356443,291,,8556,11166.933333333,541608.35,329558,,268,,1319,444075.68,,7794,120162.4,,129,2435.04,,7512,442154.29,,1730,124518.83,,7295,458674.32,,1947,107998.8,44,601.18,974,15,0.47608742696386,0,0,0,0,0,100,1873.72,70,,68,730.6,*,,72.79381443299,23,164,74,30,166,125,41,18,154,67,0,11,189,102,0.9342038687632
1134303969,Sabharwal,Chanchal,D,MD,I,12506 101st Ave,,South Richmond Hill,NY,36,11419,1,"Metropolitan area core: primary flow within an urbanized area of 50,000 and greater",US,Internal Medicine,S,11891,26647.9,1167906.31,789000,708,,10926,24899.6,1035219.73,737415,,662,,1753,930609.25,,9832,226322.56,,306,10974.5,,10026,1000383.27,,1865,167523.04,,5696,670903.88,,6195,497002.43,60,848.67,1151,24,0.50458329829283,0,0,0,0,0,70,410.47,58,,16,88.83,*,,74.696327683616,46,331,245,86,446,262,102,228,123,105,24,126,254,454,1.1493006295975
1134311152,Pisani,Carrieanne,,PA,I,179 N Broad St,,Norwich,NY,36,13815,7,"Small town core: primary flow within an urban cluster of 2,500 to 9,999",US,Physician Assistant,S,4323,9457.3,416380.65,275019,759,,3533,8125.9666666667,343969.57,236918,,648,,679,330709.54,,3582,81441.14,,62,4229.97,,2377,258013.04,,1946,158367.61,,1558,164547.99,,2765,251832.66,22,380.58,556,11,0.5089058524173,0,0,0,0,0,102,995.65,80,,15,170.4,*,,71.973649538867,111,351,223,74,435,324,718,,,,,24,179,580,0.99380335427703
1134316938,Zhang,Xiaoxia,,M.D.,I,3907 Prince St Ste 6h,,Flushing,NY,36,11354,1,"Metropolitan area core: primary flow within an urbanized area of 50,000 and greater",US,Family Practice,S,15033,22725.4,1274450.18,670184,533,,14911,22589.4,1264967.36,666136,"#",,,2132,973360.65,,12619,293014.06,,282,8075.47,,14179,1198600.9,,854,75849.28,,14219,1240849.36,,814,33600.82,0,0,0,0,0,0,0,0,0,,200,1560.84,138,,0,0,*,,72.93808630394,,,,,278,255,,,516,,0,,461,72,0.98694435291997
1134358203,Bertini,Maria,T,D.O.,I,4417 Vestal Parkway East,,Vestal,NY,36,13850,1,"Metropolitan area core: primary flow within an urbanized area of 50,000 and greater",US,Family Practice,S,4349,9735.6333333333,214636.84,284249,381,,3739,8684.3333333333,186133.33,253655,,338,,460,124884.31,,3877,88672.53,,12,1080,,2011,109515.81,,2338,105121.03,,771,52708.53,,3578,161928.31,120,2129.78,3074,26,2.7592550011497,0,0,0,0,0,100,2610.88,69,*,,,*,,72.839895013123,43,185,105,48,298,83,353,,,,,13,49,332,0.94819944774772
1134369689,Whalen,Elizabeth,F,M.D.,I,175 Green St,,Albany,NY,36,12202,1,"Metropolitan area core: primary flow within an urbanized area of 50,000 and greater",US,Internal Medicine,S,104,104,17997.13,104,84,,72,72,12407.13,72,,58,,104,17997.13,,0,0,,0,0,,60,10752.03,,44,7245.1,,64,11604.1,,40,6393.03,0,0,0,0,0,0,0,0,0,,0,0,0,,0,0,,0,70.047619047619,26,27,,,57,27,62,,,,0,0,52,32,1.5950783730159
1134392004,Rausch-Phung,Elizabeth,,"MD, MPH",I,Empire State Plz,Corning Tower Room 649,Albany,NY,36,12237,1,"Metropolitan area core: primary flow within an urbanized area of 50,000 and greater",US,Preventive Medicine,S,190,246.66666666667,31110.01,4221,132,"#",,,,,"#",,,150,29885.88,"#",,,*,,,,98,16740.62,,92,14369.39,,90,14506.08,,100,16603.93,0,0,0,0,0,0,0,0,0,,,,,*,,,*,,73.772727272727,,,,,89,43,68,17,,28,,,49,83,1.132797724856
1134569866,Lall,Brijlall,,NP,I,1225 Gerard Ave,,Bronx,NY,36,10452,1,"Metropolitan area core: primary flow within an urbanized area of 50,000 and greater",US,Nurse Practitioner,S,6563,12600.433333333,863009.3,373586,242,,5839,11366.5,772939.4,337574,,214,,1011,758013.14,,5188,96194.48,,364,8801.68,,5688,717880.02,,875,145129.28,,6097,848241.41,,466,14767.89,0,0,0,0,0,0,0,0,0,,14,156.43,,,0,0,,0,71.02479338843,28,132,70,12,159,83,,32,14,181,,,195,47,0.93516573992403
1134620354,Fiorini,Lisa,M,FNP,I,750 East Adams St,,Syracuse,NY,36,13210,1,"Metropolitan area core: primary flow within an urbanized area of 50,000 and greater",US,Nurse Practitioner,S,93,93.4,6201.76,999,50,,74,74.4,4711.24,761,,39,,30,5438.28,,63,763.48,,0,0,,76,5153.07,,17,1048.69,,31,2474.86,,62,3726.9,21,51.33,62,21,22.58064516129,0,0,0,0,0,,,,,0,0,,0,70.56,11,22,,,23,27,49,,,0,0,0,14,36,1.02012
1134656119,Lewinn,Ashley,C,NP,I,1516 Oriental Blvd,,Brooklyn,NY,36,11235,1,"Metropolitan area core: primary flow within an urbanized area of 50,000 and greater",US,Nurse Practitioner,S,1449,1769.9666666667,76055.08,44036,264,,1433,1743.9666666667,75431.41,43295,"#",,"#",,,,1277,33540.82,*,,,,184,7642.35,,1265,68412.73,,357,19930.35,,1092,56124.73,80,1304.2,1367,39,5.5210489993099,15,783.82,321,,18.75,91,3026.51,51,,27,1117.89,*,,85.810606060606,,,,,203,61,235,,,11,0,,48,216,2.1239584787535
1134673601,Depersis,Melissa,,NP,I,5 College Ave,,Windsor,NY,36,13865,2,"Metropolitan area high commuting: primary flow 30% or more to a urbanized area of 50,000 and greater",US,Nurse Practitioner,S,3363,7688.1666666667,308001.94,221549,510,,2637,6068.9333333333,242271.3,174746,,412,,458,248685.12,,2872,58153.64,,33,1163.18,,2086,219245.39,,1277,88756.55,,1197,134581.43,,2166,173420.51,61,1174.86,1403,27,1.8138566755873,,,,,,131,1829.25,92,*,,,*,,70.835294117647,98,229,134,49,311,199,495,,0,,0,,133,377,0.97420359819982
1144222340,Sheikh,Zia,M,M.D.,I,2211 W State St,Suite 121,Olean,NY,36,14760,4,"Micropolitan area core: primary flow within an urban cluster of 10,000 to 49,999",US,Nephrology,S,23104,34336.1,2537454.62,936194,738,,17231,25747.566666667,1735774.57,698634,,566,,4625,2049655.63,,18293,467630.04,,186,20168.95,,15256,1665425.41,,7848,872029.21,,16272,1886133.07,,6832,651321.55,604,11910.81,12107,165,2.6142659279778,28,3816.95,750,,4.635761589404,685,21177.75,265,,379,55450.77,,49,70.392953929539,172,304,164,98,346,392,699,12,,,,13,401,337,1.6459342989891
1144238924,Kondamudi,Vasantha,,MD,I,121 Dekalb Ave,Family Practice,Brooklyn,NY,36,11201,1,"Metropolitan area core: primary flow within an urbanized area of 50,000 and greater",US,Family Practice,S,35,39,10243.44,500,31,"#",,,,,"#",,,30,10108,*,,,"#",,,"#",,,*,,,,24,8832.8,,11,1410.64,0,0,0,0,0,0,0,0,0,,0,0,0,*,,,*,,71.290322580645,,,,,,,,19,,,0,0,,,1.5577903225806
1144256405,Koon,Wong,L,M.D.,I,13347 Sanford Ave,No. 2a,Flushing,NY,36,11355,1,"Metropolitan area core: primary flow within an urbanized area of 50,000 and greater",US,Internal Medicine,S,7097,14047.1,843666.75,415227,351,,7055,14005.1,843064.48,414062,"#",,,1157,682254.57,,5832,154755.94,,108,6656.24,,4812,572260.54,,2285,271406.21,,4497,544175.65,,2600,299491.1,,,,,,,,,,,148,2040.32,97,*,,,*,,77.111111111111,,,,,194,157,,0,331,,0,15,141,210,0.84048929461479
1144258476,Kaul,Vanita,S,MD,I,1055 Stewart Ave,,Bethpage,NY,36,11714,1,"Metropolitan area core: primary flow within an urbanized area of 50,000 and greater",US,Internal Medicine,S,6659,17452.066666667,319942.47,518952,580,,6467,17098.066666667,310518.18,508537,,560,,560,195700.02,,6076,123532.81,,23,709.64,,4607,221313.79,,2052,98628.68,,1768,119597.33,,4891,200345.14,,,,,,,,,,,65,409.49,60,*,,,*,,77.231034482759,20,221,204,135,370,210,347,60,115,37,,,131,449,1.1500244453799
1144287467,Orbon,Paul,G,DO,I,975 Stewart Ave,,Garden City,NY,36,11530,1,"Metropolitan area core: primary flow within an urbanized area of 50,000 and greater",US,Allergy/ Immunology,S,4040,9924.1,246984.61,293079,542,,3788,9414.9,231361.14,278406,,506,"#",,,,3673,84121.53,*,,,,1181,63122.78,,2859,183861.83,,652,51101.08,,3388,195883.53,48,393.33,1121,17,1.1881188118812,0,0,0,0,0,71,863.54,63,,15,5327.68,*,,75.236162361624,36,224,198,84,276,266,417,66,,32,,26,62,480,1.1014105032139
1144298175,Rodriguez,Rafael,,MD,I,9001a Roosevelt Ave,2nd Floor,Jackson Heights,NY,36,11372,1,"Metropolitan area core: primary flow within an urbanized area of 50,000 and greater",US,Internal Medicine,S,22124,45268.033333333,4417298.97,1344949,1346,,19320,40645.266666667,3807997.04,1207887,,1207,,4549,3858204.19,,16792,533708.3,,783,25386.48,,20530,4099428.48,,1594,317870.49,,17705,4111094.83,,4419,306204.14,121,1632.79,3135,27,0.5469173747966,,,,,,194,4058.95,150,,260,6460.57,,68,72.362555720654,139,724,386,97,748,598,75,,20,1218,,17,912,434,1.0575425889856
1144304908,Seaman,Tami,,,I,713 Troy Schenectady Rd,Suite 224,Latham,NY,36,12110,1,"Metropolitan area core: primary flow within an urbanized area of 50,000 and greater",US,Family Practice,S,8722,18955.666666667,815674.43,554516,618,,7303,16631.9,669903.66,487504,,550,,1236,605063.98,,7422,207884.8,,64,2725.65,,5071,421294.69,,3651,394379.74,,1881,156265.33,,6841,659409.1,362,47165.19,9109,69,4.1504242146297,39,41023.74,1132,,10.773480662983,145,2030.5,85,*,,,*,,71.647249190939,68,340,157,53,466,152,562,15,11,,,25,84,534,0.97017581373752
1144315367,Taneja,Sanjay,,M.D.,I,294 Grand Ave,,Saratoga Springs,NY,36,12866,1.1,"Secondary flow 30% to <50% to a larger urbanized area of 50,000 and greater",US,Family Practice,S,6160,13979.133333333,462084.16,405720,499,,5837,13309.733333333,436934.32,386524,,470,,731,319530.66,,5350,137751.6,,79,4801.9,,3447,254028.48,,2713,208055.68,,1342,118728.82,,4818,343355.34,92,466.43,1895,21,1.4935064935065,0,0,0,0,0,187,2024.64,110,*,,,*,,73.839679358717,29,258,158,54,252,247,447,11,23,,,17,67,432,1.0342148709559
1144340225,Jung,Anthony,H,M.D,I,40-18murray Street,,Flushing,NY,36,11354,1,"Metropolitan area core: primary flow within an urbanized area of 50,000 and greater",US,Internal Medicine,S,54629,73862.466666667,7686402.17,2187915,1736,,53880,72872.266666667,7562368.03,2158767,,1711,,13900,6976125.04,,38007,602828.08,,2722,107449.05,,41020,5613350.56,,13609,2073051.61,,47585,7106892.4600001,,7044,579509.71,94,1373.69,889,49,0.17206977978729,0,0,0,0,0,387,3595.47,265,,85,1692.95,,15,75.097926267281,25,840,699,172,1057,679,28,,1565,21,,117,1222,514,1.0914565192544
1144378837,Burke,Robert,E,M.D.,I,100 John Roemmelt Dr,Suite 301,Horseheads,NY,36,14845,1,"Metropolitan area core: primary flow within an urbanized area of 50,000 and greater",US,Internal Medicine,S,9057,20669.3,739393.83,604758,511,,7955,18684.666666667,641274.17,547414,,457,,1028,528002.04,,7953,208280.3,,76,3111.49,,5459,393806.54,,3598,345587.29,,2237,187492.47,,6820,551901.36,150,4599.9,3826,46,1.6561775422325,11,1324.32,330,,7.3333333333333,284,13802.3,151,*,,,*,,73.360078277887,54,231,155,71,254,257,472,20,,,0,12,93,418,1.2162455740939
1144394966,Lee,Edward,E,M.D.,I,164-10 Northern Blvd,Suite 210,Flushing,NY,36,11358,1,"Metropolitan area core: primary flow within an urbanized area of 50,000 and greater",US,Internal Medicine,S,14451,17164.966666667,2962706.08,507737,382,,13055,15577.7,2712721.84,460744,,359,,4386,2734576.32,,9732,214801.86,,333,13327.9,,10676,2146281.98,,3775,816424.1,,12794,2856545.45,,1657,106160.63,18,109.45,281,,0.12455885405854,0,0,0,,0,41,473.95,31,*,,,*,,74.243455497382,23,186,132,41,190,192,13,,320,20,,19,282,100,1.8277946326235
1144402843,Jorolemon,Jeremey,J,RPH,I,609 E Main St,,Palmyra,NY,36,14522,2,"Metropolitan area high commuting: primary flow 30% or more to a urbanized area of 50,000 and greater",US,Pharmacist,T,15,15,2776.89,15,13,"#",,,,,*,,,15,2776.89,,0,0,,0,0,"#",,,*,,,*,,,"#",,,0,0,0,0,0,0,0,0,0,,0,0,0,*,,,*,,73.307692307692,,,,,,,13,0,0,0,0,0,,,0.86353846153846
1144407891,Good,David,A,RPH,I,73 N Main St,,Brockport,NY,36,14420,2,"Metropolitan area high commuting: primary flow 30% or more to a urbanized area of 50,000 and greater",US,Pharmacist,T,12,12,1981.06,12,12,"#",,,,,"#",,,12,1981.06,,0,0,,0,0,*,,,*,,,*,,,*,,,0,0,0,0,0,0,0,0,0,,0,0,0,*,,,*,,72.75,,,,,,,11,,,0,0,0,,,1.3625833333333
1144636713,Cohen,James,S,NP,I,4771 Hylan Blvd,,Staten Island,NY,36,10312,1,"Metropolitan area core: primary flow within an urbanized area of 50,000 and greater",US,Nurse Practitioner,S,3982,9041.8666666667,1486211.98,265672,298,,3269,7713.0333333333,1181288.28,226765,,254,,1354,1381630.46,,2333,55971.89,,295,48609.63,,2575,982296.3,,1407,503915.68,,1569,599002.47,,2413,887209.51,,,,,,,,,,,86,658.01,53,*,,,*,,71.812080536913,44,137,85,32,169,129,194,31,,49,,14,79,219,1.5252696760082
1144704834,Sze,Cho Chak,,,I,10962 Francis Lewis Blvd,,Queens Village,NY,36,11429,1,"Metropolitan area core: primary flow within an urbanized area of 50,000 and greater",US,Pharmacist,T,18,18,2616.73,18,18,"#",,,,,"#",,,18,2616.73,,0,0,,0,0,*,,,"#",,,*,,,"#",,,0,0,0,0,0,0,0,0,0,,0,0,0,*,,,*,,70.555555555556,,,,,,,,,0,,0,,,,0.69051851851852
1144752486,Tran,Connie,,NP,I,268 Canal St,,New York,NY,36,10013,1,"Metropolitan area core: primary flow within an urbanized area of 50,000 and greater",US,Nurse Practitioner,S,2888,6853.6,316787.96,196680,370,,2669,6398.3333333333,290402.05,183412,,359,,417,260400.9,,2460,55564.79,,11,822.27,,323,13082.55,,2565,303705.41,,2789,308917.9,,99,7870.06,0,0,0,0,0,0,0,0,0,,15,190.38,13,,0,0,,0,71.386486486486,11,281,61,17,220,150,,,363,,0,,,,0.72038529836286
1144869009,Vosburg,Jensen,,PA-C,I,9768 Liberty Dr,,Painted Post,NY,36,14870,4,"Micropolitan area core: primary flow within an urban cluster of 10,000 to 49,999",US,Physician Assistant,S,1623,2853.6,124557.73,80093,435,,1270,2339.3333333333,106601.53,65901,,352,,223,98677.88,,1382,25080.56,,18,799.29,,1035,74291.84,,588,50265.89,,537,40891.91,,1086,83665.82,72,2176.67,1861,41,4.4362292051756,,,,,,77,1042.34,69,*,,,*,,71.096551724138,83,199,106,47,240,195,421,,,0,0,,117,318,1.1820912060112
1154335222,Friedman,Sanford,J,MD,I,941 Park Ave,,New York,NY,36,10028,1,"Metropolitan area core: primary flow within an urbanized area of 50,000 and greater",US,Cardiology,S,5674,13031.033333333,899240.24,385074,383,,5630,12933.033333333,890509.14,382134,"#",,"#",,,,4559,178521.2,*,,,,510,60837.37,,5164,838402.87,,155,36973.33,,5519,862266.91,49,601.68,1043,18,0.86358829749736,0,0,0,0,0,117,6915.36,61,*,,,*,,78.334203655352,,,,,179,204,344,13,,,0,21,,,0.97641433459345
1154394732,Rohl,Bernedette,L,PA-C,I,130 Center Way,,Corning,NY,36,14830,4,"Micropolitan area core: primary flow within an urban cluster of 10,000 to 49,999",US,Physician Assistant,S,6031,11489.666666667,481182.14,335837,356,,4519,9136.1333333333,290557.92,267904,,279,,750,356716.03,,5204,121262.28,,77,3203.83,,3492,272334.68,,2539,208847.46,,2129,204247.57,,3902,276934.57,146,5534.03,3013,29,2.4208257337092,13,2970.5,390,,8.9041095890411,95,1406.12,63,,13,614.82,*,,68.974719101124,77,182,76,21,250,106,346,,0,,0,,104,252,1.1198732967766
1154417871,Lee,Chang,S,M.D.,I,38-05 Bowne St.,,Flushing,NY,36,11354,1,"Metropolitan area core: primary flow within an urbanized area of 50,000 and greater",US,Internal Medicine,S,57000,70596.8,6907663.73,2081291,1572,,56278,69708.8,6743769.88,2054933,,1550,,12252,5981959.43,,44217,906219.19,,531,19485.11,,43093,4973213.97,,13907,1934449.76,,51712,6585250.65,,5288,322413.08,203,3012.58,4573,44,0.35614035087719,0,0,0,0,0,664,4123.41,364,,88,2220.51,*,,74.763358778626,22,816,560,174,913,659,16,,1448,11,,93,1207,365,0.96844329121374
1154429215,Adebayo,Adegboyega,T,MD,I,40 West I35th Street,Suite 1d,New York,NY,36,10037,1,"Metropolitan area core: primary flow within an urbanized area of 50,000 and greater",US,Internal Medicine,S,10260,21610.9,1344037.48,640316,531,,8965,18875.833333333,1059952.95,559785,,473,,1804,1121115.31,,8317,213763.47,,139,9158.7,,8253,1133569.39,,2007,210468.09,,7703,1117318.86,,2557,226718.62,101,575,1494,21,0.98440545808967,0,0,0,0,0,88,855.54,69,,209,3622,,53,73.274952919021,58,248,156,69,311,220,,240,,275,0,,351,180,1.1320065913371
1154497642,Zheng,Hanbin,,M.D.,I,86 Bowery,4th Floor,New York,NY,36,10013,1,"Metropolitan area core: primary flow within an urbanized area of 50,000 and greater",US,Internal Medicine,S,17381,31399,3477416.46,922656,794,,16669,30178.7,3302407.4,887035,,757,,4274,3057073.4,,12753,404699.75,,354,15643.31,,13584,2640816.03,,3797,836600.43,,15798,3205952.19,,1583,271464.27,,,,,,,,,,,199,1937.42,143,,41,821.68,*,,74.568010075567,37,411,228,118,422,372,,,762,,0,22,656,138,1.2584450246945
1154541092,Christian,Patricia,S,ANP-C,I,1938 Curry Rd,,Schenectady,NY,36,12303,1,"Metropolitan area core: primary flow within an urbanized area of 50,000 and greater",US,Nurse Practitioner,S,8635,8772.8,976976.24,224617,245,,7169,7288.2333333333,744765.07,187535,,219,,1630,662016.48,,6873,304219.01,,132,10740.75,,8057,920486.87,,578,56489.37,,8551,968602.84,,84,8373.4,217,6395.38,4609,60,2.513028372901,21,2305.86,606,,9.6774193548387,154,7519.62,71,,222,84849.37,,29,78.591836734694,26,66,74,79,181,64,188,26,,21,0,,231,14,3.2627188893662
1154661619,Allen,Bradley,,PHARM. D,I,506 S Franklin St,,Watkins Glen,NY,36,14891,7,"Small town core: primary flow within an urban cluster of 2,500 to 9,999",US,Pharmacist,T,28,28,5048.34,28,22,"#",,,,,"#",,,28,5048.34,,0,0,,0,0,*,,,"#",,,*,,,"#",,,0,0,0,0,0,0,0,0,0,,0,0,0,*,,,*,,72.681818181818,,,,,,,22,0,0,0,0,0,,,0.75972727272727
1154785467,Saddick,Daniel,L,D.O.,I,600 Roe Ave,,Elmira,NY,36,14905,1,"Metropolitan area core: primary flow within an urbanized area of 50,000 and greater",US,Internal Medicine,S,3261,8073.0666666666,134056.6,234694,749,,3109,7765.2,127316.25,226098,,704,,377,74712.13,,2845,58388.81,,39,955.66,,3182,131063.89,,79,2992.71,,792,40217.1,,2469,93839.5,112,1619.3,1859,50,3.4345292854952,12,146.14,358,,10.714285714286,60,1222.61,54,*,,,*,,74.248331108144,45,358,256,90,371,378,339,39,118,233,0,20,157,592,1.2633584588139
1164442950,Stohrer,Hans,,MD,I,120 W 106th St,,New York,NY,36,10025,1,"Metropolitan area core: primary flow within an urbanized area of 50,000 and greater",US,Internal Medicine,S,1884,4148.8,247857.58,122600,180,,1364,3073.3,147487.71,91037,,135,,471,214604.99,,1292,30388.09,,121,2864.5,,1686,210114.93,,198,37742.65,,1743,240510.85,,141,7346.73,0,0,0,0,0,0,0,0,0,,,,,,0,0,,0,67.066666666667,45,108,27,0,110,70,,41,0,132,,,152,28,1.4460323077763
1164447629,Jing,Wuhua,,MD,I,8 Chatham Sq,Suite 800,New York,NY,36,10038,1,"Metropolitan area core: primary flow within an urbanized area of 50,000 and greater",US,Internal Medicine,S,22042,48528.2,6935275.22,1444223,578,,21509,47693.466666667,6829088.98,1419368,,564,,6908,6285227.71,,14622,635921.37,,512,14126.14,,19948,6200639.36,,2094,734635.86,,20860,6758809.14,,1182,176466.08,0,0,0,0,0,0,0,0,0,,103,22379.21,71,,42,860.01,*,,74.9723183391,14,314,170,80,265,313,,,549,,0,15,509,69,1.1739026471931
1164457297,Esposito,Riccardo,J,M.D.,I,462 Broadway,,Kingston,NY,36,12401,1,"Metropolitan area core: primary flow within an urbanized area of 50,000 and greater",US,Family Practice,S,7819,16785.033333333,678195,476759,837,,7033,15611.233333333,611319.94,443600,,772,,1261,484572.57,,6503,189608.01,,55,4014.42,,3388,261037.71,,4431,417157.29,,1476,145972.67,,6343,532222.33,408,17418.96,11733,65,5.2180585752654,61,9381.5,1830,,14.950980392157,249,3207.26,149,*,,,*,,73.991636798088,65,398,274,100,436,401,766,13,,22,,28,88,749,1.0165779846174
1164467312,Churchill,Laura,H,FNP,I,411 Main St,3rd Floor,Catskill,NY,36,12414,7,"Small town core: primary flow within an urban cluster of 2,500 to 9,999",US,Nurse Practitioner,S,129,129,22130.69,144,94,"#",,,,,"#",,,129,22130.69,,0,0,,0,0,,54,9324.24,,75,12806.45,*,,,"#",,,0,0,0,0,0,0,0,0,0,,0,0,0,*,,,*,,73.542553191489,,,,,45,49,87,,0,0,0,,,,0.80424645390071
1164519575,Taylor,Delphine,S,M.D.,I,622 W 168th St,,New York,NY,36,10032,1,"Metropolitan area core: primary flow within an urbanized area of 50,000 and greater",US,Internal Medicine,S,4399,8767.7333333333,619915.05,258746,218,,4167,8327.6333333333,562669.37,245809,,201,,805,532384.19,,3356,79135.82,,238,8395.04,,3352,471759.19,,1047,148155.86,,4365,618903.15,,34,1011.9,14,655.06,401,,0.31825414867015,,,,,,,,,,20,186.77,*,,74.784403669725,17,79,94,28,170,48,,26,,176,0,,,,1.6121004286676
1164547402,Deng,Juliang,,M.D.,I,4202 Kissena Blvd,,Flushing,NY,36,11355,1,"Metropolitan area core: primary flow within an urbanized area of 50,000 and greater",US,Internal Medicine,S,12623,26462.866666667,1607395.55,785390,594,,12536,26282.266666667,1598312.96,780033,"#",,,1779,1239319.48,,10728,362915.74,,116,5160.33,,11059,1409811.81,,1564,197583.74,,9928,1332243.9,,2695,275151.65,0,0,0,0,0,0,0,0,0,,72,660.37,50,,15,885.96,*,,76.771043771044,,,,,319,275,,,547,,0,27,398,196,0.93980083414136
1164563110,Guzman,Ronald,,MD,I,800 Ayrault Rd Ste 200,,Fairport,NY,36,14450,1,"Metropolitan area core: primary flow within an urbanized area of 50,000 and greater",US,Internal Medicine,S,5605,12636.366666667,360819.14,370527,471,,4754,11197.466666667,294655.55,328955,,427,,512,230301.76,,5042,128150.91,,51,2366.47,,4382,256811.47,,1223,104007.67,,853,45534.52,,4752,315284.62,186,26297.81,4518,31,3.3184656556646,42,23326.82,1190,,22.58064516129,67,921.95,48,*,,,*,,73.530785562633,44,206,166,55,239,232,418,,,13,0,20,54,417,0.85993144941594
1164597498,Fairbanks Doane,Lauri,A,DO,I,8100 Oswego Road,Suite 220,Liverpool,NY,36,13090,1,"Metropolitan area core: primary flow within an urbanized area of 50,000 and greater",US,Family Practice,S,6877,15362.766666667,419641.85,447250,524,,6516,14732.066666667,405833.08,429252,,489,,731,274014.68,,6108,144199.47,,38,1427.7,,4527,274842.72,,2350,144799.13,,630,30929.44,,6247,388712.41,248,11763.95,6673,46,3.6062236440308,11,4450.9,286,,4.4354838709677,213,2496.65,138,,16,473.7,*,,73.723282442748,35,245,194,50,400,124,497,,,,,15,35,489,1.0510188620159
1164623708,Moy,Michael,C,D.O.,I,8710 Queens Blvd Fl 1,,Elmhurst,NY,36,11373,1,"Metropolitan area core: primary flow within an urbanized area of 50,000 and greater",US,Family Practice,S,1827,2280.4666666667,180877.6,62344,144,"#",,,,,"#",,,319,146154.6,,1488,33821.6,,20,901.4,,1673,162712.57,,154,18165.03,,1486,163724.21,,341,17153.39,0,0,0,0,0,0,0,0,0,,155,1933.75,75,*,,,*,,71.194444444444,,,,,78,66,,,123,12,0,,100,44,0.8802307026224
1164685699,Wu,Duchu,,M.D,I,268 Canal St,,New York,NY,36,10013,1,"Metropolitan area core: primary flow within an urbanized area of 50,000 and greater",US,Internal Medicine,S,8056,15847.6,1003690.61,467527,594,,7776,15362.933333333,968276.53,453463,,571,,1333,863193.24,,6505,135737.15,,218,4760.22,,7026,856553.07,,1030,147137.54,,7403,963066.85,,653,40623.76,0,0,0,0,0,0,0,0,0,,27,2395.58,20,,0,0,,0,72.218855218855,23,382,137,52,292,302,,,567,,0,15,530,64,0.93554756262491
1164855243,Lamay,Kristin,E,FNP,I,921 State St,,Ogdensburg,NY,36,13669,4,"Micropolitan area core: primary flow within an urban cluster of 10,000 to 49,999",US,Nurse Practitioner,S,4324,8840.7666666667,523342.44,250861,340,,3462,7274.7666666667,432467.29,207135,,280,,666,431880.1,,3596,88367.38,,62,3094.96,,1407,184268.17,,2917,339074.27,,1537,208202.09,,2787,315140.35,175,13489.21,4359,38,4.0471785383904,25,9741.51,693,,14.285714285714,213,2863.3,125,*,,,*,,71.047058823529,60,175,81,24,187,153,331,,0,,0,,63,277,1.0053323529412
1164860961,O'Connor,Jeremy,M,M.D.,I,1225 Gerard Ave,,Bronx,NY,36,10452,1,"Metropolitan area core: primary flow within an urbanized area of 50,000 and greater",US,Internal Medicine,S,2156,4436.2,273561.07,130636,144,,1950,4097.2666666667,244386.47,120800,,124,,413,235155.67,,1647,33912.4,,96,4493,,1980,251350.1,,176,22210.97,,1910,251106.4,,246,22454.67,19,1304.93,420,,0.88126159554731,0,0,0,,0,,,,*,,,*,,70.881944444444,20,77,,,96,48,,40,,90,,,110,34,1.0493723401423
1164882064,Gilbert,Alie,,PA-C,I,40 La Riviere Dr Ste 201,,Buffalo,NY,36,14202,1,"Metropolitan area core: primary flow within an urbanized area of 50,000 and greater",US,Physician Assistant,S,7425,9330.2333333333,423278.59,255169,293,,6989,8847.7,393533.82,241579,,281,,1137,308677.61,,6245,112293.72,,43,2307.26,,4699,284362.37,,2726,138916.22,,2344,134198.73,,5081,289079.86,166,3380.45,4252,42,2.2356902356902,20,1071.21,566,,12.048192771084,118,2888.44,66,,72,745.17,,18,84.880546075085,12,34,70,177,213,80,260,24,,,0,,78,215,2.0711643044727
1174032171,Hvisdak,Veronica,J,PA-C,I,919 Westfall Rd Bldg C,,Rochester,NY,36,14618,1,"Metropolitan area core: primary flow within an urbanized area of 50,000 and greater",US,Physician Assistant,S,7923,15874.833333333,834271.72,462777,652,,5744,12111.6,594987.48,353692,,518,,1228,677857.53,,6665,152910.44,,30,3503.75,,3657,431969.33,,4266,402302.39,,5322,668686.42,,2601,165585.3,191,5885.48,4715,59,2.4107030165341,,,,,,50,405.3,36,,20,308.58,*,,70.53527607362,134,299,158,61,359,293,632,,,,,11,364,288,1.2136681662477
1174511000,Tan,Wei,Y,MD,I,5618 7th Ave,,Brooklyn,NY,36,11220,1,"Metropolitan area core: primary flow within an urbanized area of 50,000 and greater",US,Internal Medicine,S,4934,7940.4666666667,987535.53,229966,167,,4832,7758.4666666667,961266.38,224619,"#",,,1319,895053.16,,3549,91389.71,,66,1092.66,,4692,949938.5,,242,37597.03,,4754,980258.7,,180,7276.83,0,0,0,0,0,0,0,0,0,,60,548.02,39,,13,66.21,*,,70.802395209581,,,,,78,89,,0,160,,0,,153,14,0.93257984031936
1174555486,He,Yong,K,,I,77 Bowery Fl 3f,,New York,NY,36,10002,1,"Metropolitan area core: primary flow within an urbanized area of 50,000 and greater",US,Internal Medicine,S,4158,4822.0666666667,645049.81,138581,594,,4072,4724.0666666667,634372.74,135862,,580,,1049,547328.1,,3081,97047.07,,28,674.64,,3915,618606.67,,243,26443.14,,4051,632299.91,,107,12749.9,,,,,,,,,,,71,293.63,61,*,,,*,,72.260942760943,14,405,141,34,301,293,,,589,,0,,562,32,0.90295354305792
1174598999,Charnetski,Carl,M,M.D.,I,602 Ivy St,2nd Floor,Elmira,NY,36,14905,1,"Metropolitan area core: primary flow within an urbanized area of 50,000 and greater",US,Internal Medicine,S,10278,22984.6,834113.32,679105,606,,8971,20615.133333333,724064.87,609189,,545,,1061,591478.5,,9171,238444.98,,46,4189.84,,6279,474838.27,,3999,359275.05,,2095,188695.6,,8183,645417.72,228,12790.44,6126,57,2.2183304144775,38,7708.8,1140,,16.666666666667,158,5814.44,89,,36,1200.93,*,,73.773927392739,61,266,190,89,319,287,568,15,,,0,16,98,508,1.0274978048936
1174757249,Roseme-Frederic,Nathalie,,,I,3508 Flatlands Ave,,Brooklyn,NY,36,11234,1,"Metropolitan area core: primary flow within an urbanized area of 50,000 and greater",US,Family Practice,S,2517,5716.3,220483.03,169569,208,,2328,5328.6666666667,193131.21,158178,,188,,348,172792.3,,2132,46763.35,,37,927.38,,1826,172607.6,,691,47875.43,,1467,149380.73,,1050,71102.3,0,0,0,0,0,0,0,0,0,,16,287.5,11,*,,,*,,73.610576923077,20,95,68,25,136,72,41,39,20,102,,,103,105,1.0745420673077
1174758429,Pahk,Albert,J,MD,I,13630 Maple Ave Ste 1d,,Flushing,NY,36,11355,1,"Metropolitan area core: primary flow within an urbanized area of 50,000 and greater",US,Gastroenterology,S,1755,3187.5,232392.2,93113,109,,1755,3187.5,232392.2,93113,,109,,362,197817.31,,1380,34254.16,,13,320.73,,1308,143232.12,,447,89160.08,,1207,195265.78,,548,37126.42,13,697.32,324,,0.74074074074074,0,0,0,,0,26,354.26,15,,0,0,,0,75.284403669725,0,60,34,15,64,45,,,93,0,0,,53,56,0.90279203546088
1174791875,Lingis,Ruta,,RPH,I,2426 Bell Blvd,,Bayside,NY,36,11360,1,"Metropolitan area core: primary flow within an urbanized area of 50,000 and greater",US,Pharmacist,T,18,18,3147.38,18,18,"#",,,,,"#",,,18,3147.38,,0,0,,0,0,*,,,"#",,,*,,,"#",,,0,0,0,0,0,0,0,0,0,,0,0,0,*,,,*,,76.944444444444,,,,,,,11,,,,0,,,,0.97883333333333
1174811459,Daratt,Susan,E,PHARMD,I,110 E Broadway,,Fulton,NY,36,13069,2,"Metropolitan area high commuting: primary flow 30% or more to a urbanized area of 50,000 and greater",US,Pharmacist,T,12,12,2078.39,12,11,*,,,,,*,,,12,2078.39,,0,0,,0,0,*,,,*,,,*,,,*,,,0,0,0,0,0,0,0,0,0,,0,0,0,*,,,*,,69.818181818182,,,,,,,,0,0,,0,0,,,0.91763636363636
1174855456,Mushiyev,Aleksey,,PHARMD,I,8432 Jamaica Ave,,Woodhaven,NY,36,11421,1,"Metropolitan area core: primary flow within an urbanized area of 50,000 and greater",US,Pharmacist,T,56,56,8498.06,56,50,"#",,,,,"#",,,56,8498.06,,0,0,,0,0,,35,5219.32,,21,3278.74,*,,,"#",,,0,0,0,0,0,0,0,0,0,,0,0,0,*,,,*,,73.52,,,,,27,23,44,0,,,0,,,,0.88461307020584
1174921688,Niazova,Irina,,,I,9610 Metropolitan Ave,,Forest Hills,NY,36,11375,1,"Metropolitan area core: primary flow within an urbanized area of 50,000 and greater",US,Nurse Practitioner,S,6062,15194.333333333,691397.83,448711,631,,5330,13608.066666667,566532.42,402397,,572,,990,548059.71,,4877,133600.06,,195,9738.06,,4720,575165.81,,1342,116232.02,,2144,329176.02,,3918,362221.81,,,,,,,,,,,79,703.11,67,,19,232,*,,74.740095087163,59,250,227,95,425,206,277,167,36,127,,,168,463,1.2430075857358
1184020315,Bong,Wai Loon,,P.A,I,13811 63rd Ave,,Flushing,NY,36,11367,1,"Metropolitan area core: primary flow within an urbanized area of 50,000 and greater",US,Physician Assistant,S,5936,8897,1130069.59,261037,448,,5543,8322.3333333333,1093381.22,244168,,416,,1315,981609.6,,4510,142963,,111,5496.99,,4858,915103,,1078,214966.59,,5061,1068936.88,,875,61132.71,0,0,0,0,0,0,0,0,0,,126,1248.88,91,,19,211.12,*,,74.752232142857,32,211,120,85,253,195,32,27,335,40,0,14,301,147,1.5764188991646
1184076507,Ratnasingam,Shamanthy,,M.D,I,82 Copeland Ave,,Homer,NY,36,13077,4,"Micropolitan area core: primary flow within an urban cluster of 10,000 to 49,999",US,Internal Medicine,S,3440,6966.0333333333,411733.74,202273,360,,2709,5847.8,330531.18,170680,,304,,546,349459.19,,2856,60064.72,,38,2209.83,,1618,187767.21,,1822,223966.53,,1157,148781.15,,2283,262952.59,86,2721.74,1838,22,2.5,,,,,,111,29991.37,79,*,,,*,,72.8,56,139,118,47,251,109,341,,,,0,,98,262,1.1880077320221
1184645095,Athyal,Vidush,P,"MD, MPH",I,777 Clinton Ave S,Suite 500,Rochester,NY,36,14620,1,"Metropolitan area core: primary flow within an urbanized area of 50,000 and greater",US,Family Practice,S,4031,9786.6,169693.85,281667,528,,3783,9269.2,152853.84,266859,,511,,523,96112.94,,3455,72175.4,,53,1405.51,,4001,169157.87,,30,535.98,,457,36267.34,,3574,133426.51,324,6646.62,8097,52,8.0377077648226,76,1605.69,1890,,23.456790123457,169,2605.65,138,*,,,*,,74.098484848485,17,297,153,61,285,243,352,53,45,46,0,32,36,492,1.016582037624
1184778029,Palmas,Walter,,M.D.,I,"630 W 168th St # 4","Vc 12th Floor, Suite 208",New York,NY,36,10032,1,"Metropolitan area core: primary flow within an urbanized area of 50,000 and greater",US,Internal Medicine,S,5945,10481.433333333,787682.07,308105,215,,5516,9697.0666666667,694769.48,285049,,188,,1199,683017.91,,4435,97786.43,,311,6877.73,,5282,724324.63,,663,63357.44,,5905,786209.68,,40,1472.39,32,80.58,498,,0.53826745164003,0,0,0,,0,20,12963.34,12,,49,2014.39,*,,73.427906976744,27,96,64,28,148,67,11,15,,185,0,,202,13,1.6304483262232
1871611319,Palomino,Lucy,,NURSE PRACTITIONER,I,707 E Main St,,Middletown,NY,36,10940,1,"Metropolitan area core: primary flow within an urbanized area of 50,000 and greater",US,Nurse Practitioner,S,4007,5850.7333333333,623093.7,171222,161,,3595,5368.7666666667,577546.27,157430,,133,,948,565940.69,,2863,51622.76,,196,5530.25,,3658,599735,,349,23358.7,,3792,594107.08,,215,28986.62,,,,,,,,,,,43,23091.81,23,,0,0,,0,69.130434782609,28,90,,,120,41,19,16,,121,0,,125,36,1.1729642978807
1871655944,Zhou,Zhu-Ping,,M.D.,I,13620 38th Ave,"#6k",Flushing,NY,36,11354,1,"Metropolitan area core: primary flow within an urbanized area of 50,000 and greater",US,Internal Medicine,S,27497,41612.4,4932863.93,1221779,701,,26888,40842.1,4830949.18,1199805,,683,,7215,4485945.04,,19794,432640.82,,488,14278.07,,24630,4357641.25,,2867,575222.68,,25060,4532241.19,,2437,400622.74,,,,,,,,,,,457,3223.41,268,,102,48579.66,,17,74.833095577746,18,352,238,93,371,330,,,673,,0,,539,162,1.0641548787347
1871662379,Jean-Francois,T.,R,M.D,I,622 Ocean Ave,,Brooklyn,NY,36,11226,1,"Metropolitan area core: primary flow within an urbanized area of 50,000 and greater",US,Internal Medicine,S,7463,16595.666666667,1078931.88,489295,471,,6730,15189.633333333,994292.58,448531,,406,,1329,858672.65,,5930,211748.21,,204,8511.02,,6494,919157.11,,969,159774.77,,6015,886925.32,,1448,192006.56,13,196.71,204,,0.17419268390728,0,0,0,,0,54,544.05,44,,12,739.16,*,,71.762208067941,65,237,124,45,303,168,,300,,137,,22,345,126,1.2842487422478
1871674051,Shah,Nimesh,K,MD,I,20507 Hillside Ave Ste 12,,Hollis,NY,36,11423,1,"Metropolitan area core: primary flow within an urbanized area of 50,000 and greater",US,Nephrology,S,2231,5229.6666666667,269806.59,154906,118,,1973,4751.3333333333,243463.26,140899,,107,,341,221833.55,,1795,45229.67,,95,2743.37,,1692,198800.89,,539,71005.7,,1643,218506.83,,588,51299.76,,,,,,,,,,,23,2587.12,19,,0,0,,0,72.991525423729,11,57,,,61,57,,43,40,,,19,72,46,1.4784180062502
1871681353,Kerr,William,B,MD,I,83 Wainscott Northwest Rd,,Wainscott,NY,36,11975,4.1,"Secondary flow 30% to <50% to a urbanized area of 50,000 and greater",US,General Practice,S,4623,8313.3666666667,507800.42,236244,531,,4448,8100.3666666667,451429.9,230272,,515,"#",,,,3982,93246.48,*,,,,535,63108.61,,4088,444691.81,,646,248219.93,,3977,259580.49,57,701.89,1123,19,1.2329656067489,0,0,0,0,0,254,5744.9,187,*,,,*,,75.425612052731,16,256,179,80,288,243,474,,,15,,27,49,482,0.87876476776816
1871735050,Banayan,Emil,,MD,I,170 W 12th St,,New York,NY,36,10011,1,"Metropolitan area core: primary flow within an urbanized area of 50,000 and greater",US,Internal Medicine,S,6932,17475.366666667,255052.26,513077,967,,6673,16954.233333333,250230.99,498680,,928,,621,133800.6,,6250,119392.66,,61,1859,,6892,253608.57,,40,1443.69,,1044,32310.35,,5888,222741.91,219,3799.52,5051,69,3.1592613964224,,,,,,75,765.1,64,,12,396.08,*,,75.830403309204,39,442,318,168,480,487,721,32,78,100,0,36,134,833,1.2307354146795
1871779330,Zacharski,Lidia,,NP,I,128 Glen St,,Glen Cove,NY,36,11542,1,"Metropolitan area core: primary flow within an urbanized area of 50,000 and greater",US,Nurse Practitioner,S,1912,3195.1666666667,302165.53,81149,378,,1713,2889.7,282542.85,73574,,351,"#",,,,1574,115403.13,*,,,,585,93081.55,,1327,209083.98,,615,139779.11,,1297,162386.42,14,20.87,56,,0.73221757322176,0,0,0,,0,329,42596.27,173,*,,,*,,72.846560846561,27,206,99,46,239,139,336,,,11,0,22,53,325,0.90503438174267
1871837260,Moak,Susan,,RPA,I,8100 Oswego Rd,Suite 220,Liverpool,NY,36,13090,1,"Metropolitan area core: primary flow within an urbanized area of 50,000 and greater",US,Physician Assistant,S,2683,6068.3333333333,168641.48,175192,286,,2517,5761.9,165094.82,166818,,266,,288,117528.56,,2378,50444.21,,17,668.71,,1987,111091.14,,696,57550.34,,226,10893.91,,2457,157747.57,59,799.55,1357,13,2.1990309355199,,,,,,109,964.18,68,,0,0,,0,71.269230769231,20,180,73,13,233,53,274,,,,0,,20,266,0.82140865384616
1871874453,Xie,Yuanli,,M.D.,I,8504 21st Ave,,Brooklyn,NY,36,11214,1,"Metropolitan area core: primary flow within an urbanized area of 50,000 and greater",US,Internal Medicine,S,1828,3031.7,198780,85975,176,,1769,2946.7,186527.53,83686,"#",,,342,168736.87,,1469,29867.5,,17,175.63,,1720,185210.67,,108,13569.33,,1647,187127.24,,181,11652.76,0,0,0,0,0,0,0,0,0,,53,886.62,36,*,,,*,,72.056818181818,,,,,102,74,,0,164,,0,,143,33,0.91083143939394
1871890004,Mayard,Jules,J,M.D.,I,120 Richards St,,Brooklyn,NY,36,11231,1,"Metropolitan area core: primary flow within an urbanized area of 50,000 and greater",US,Internal Medicine,S,5846,11101.166666667,580091.27,324234,342,,4518,8717.2666666667,432093.96,255037,,245,,946,484974.56,,4614,89523.85,,286,5592.86,,4954,512582,,892,67509.27,,5394,560474.26,,452,19617.01,,,,,,,,,,,83,1265.98,68,,30,880.25,,13,68.190058479532,97,146,75,24,232,110,20,118,,193,0,,291,51,1.1763053395824
1871944520,Punch,Kayleigh,,MD,I,2655 Ridgeway Ave Ste 480,,Rochester,NY,36,14626,1,"Metropolitan area core: primary flow within an urbanized area of 50,000 and greater",US,Internal Medicine,S,7137,15072.533333333,447149.72,442109,707,,5777,12839.1,352318.03,377132,,620,,672,282539.71,,6404,160559.58,,61,4050.43,,6028,379726.26,,1109,67423.46,,2123,184864.6,,5014,262285.12,519,27288.33,14648,64,7.2719630096679,133,16489.75,3873,13,25.626204238921,134,2254.64,90,,30,9856.45,*,,73.75954738331,87,302,199,119,342,365,603,54,,16,,29,110,597,1.0066271590759
1871981332,Wei,Heng Chao,,MD,I,30 S Highland Ave,,Ossining,NY,36,10562,1,"Metropolitan area core: primary flow within an urbanized area of 50,000 and greater",US,Internal Medicine,S,5908,11071.933333333,533171.19,317262,604,,4615,9516.1,443703.46,275410,,530,,762,399507.86,,5123,132899.98,,23,763.35,,1553,165836.97,,4355,367334.22,,2611,217657.83,,3297,315513.36,62,1931.05,1195,31,1.0494245091401,,,,,,124,2333.15,66,,58,1564.83,,12,73.021523178808,74,276,165,89,343,261,450,70,,33,,28,139,465,1.0121425304402
1881026086,Dorobiala,Kimberly,L,PHARMD,I,2545 Millersport Hwy,,Getzville,NY,36,14068,1,"Metropolitan area core: primary flow within an urbanized area of 50,000 and greater",US,Pharmacist,T,54,54,8757.91,54,43,,54,54,8757.91,54,,43,,54,8757.91,,0,0,,0,0,*,,,"#",,,*,,,"#",,,0,0,0,0,0,0,0,0,0,,0,0,0,,0,0,,0,73.720930232558,0,26,,,25,18,36,0,,,0,,0,43,0.83409302325581
1881170686,Fore,Nicole,A,PA,I,1026 Union Rd,,West Seneca,NY,36,14224,1,"Metropolitan area core: primary flow within an urbanized area of 50,000 and greater",US,Physician Assistant,S,1618,3272.4333333333,108489.29,92365,666,,1318,2814.6333333333,84452.11,79735,,571,"#",,,,1369,25759.21,*,,,,1199,76953.36,,419,31535.93,,504,40065.96,,1114,68423.33,33,582.9,825,28,2.0395550061805,,,,,,80,495.61,74,,0,0,,0,72.276276276276,95,304,200,67,439,227,619,,,16,,19,145,521,1.2642545183049
1881616068,Sullivan,Mack,L,M.D.,I,150 Lake Ave,,Tuckahoe,NY,36,10707,1,"Metropolitan area core: primary flow within an urbanized area of 50,000 and greater",US,Internal Medicine,S,2011,3373.0333333333,120605,82878,330,,1826,3069.0333333333,109537.38,75628,,300,,189,86967.33,,1809,32350.43,,13,1287.24,,599,24740.37,,1412,95864.63,,311,17810.7,,1700,102794.3,62,604.96,1026,26,3.0830432620587,0,0,0,0,0,347,4611.41,181,*,,,*,,74.80303030303,30,149,92,59,200,130,289,14,,,0,15,31,299,0.9276436061019
1881620227,Petrov,Manana,,MD,I,353 Ocean Ave,,Brooklyn,NY,36,11226,1,"Metropolitan area core: primary flow within an urbanized area of 50,000 and greater",US,Internal Medicine,S,12258,18793.733333333,2177486.19,550681,598,,10069,15632.3,1505337.61,458451,,515,,2430,1623628.99,,9196,506065.28,,632,47791.92,,8678,1466532.92,,3580,710953.27,,9906,1951959.01,,2352,225527.18,33,1964.49,841,,0.26921194322075,14,1606.37,420,,42.424242424242,132,975.87,109,,30,1028.36,*,,71.842809364549,83,288,179,48,422,176,30,440,11,66,0,51,396,202,1.3398506138728
1881621654,Muranelli,Marlene,,,I,78 Croton Ave,,Ossining,NY,36,10562,1,"Metropolitan area core: primary flow within an urbanized area of 50,000 and greater",US,Pharmacist,T,14,14,2646.23,14,14,"#",,,,,"#",,,14,2646.23,,0,0,,0,0,*,,,*,,,*,,,"#",,,0,0,0,0,0,0,0,0,0,,0,0,0,*,,,*,,74.714285714286,,,,,,,11,,0,0,0,,,,0.89664285714286
1881623635,Fotidar,Akhilesh,,MD,I,99 E State St,Mab-Gpcc,Gloversville,NY,36,12078,4,"Micropolitan area core: primary flow within an urban cluster of 10,000 to 49,999",US,Internal Medicine,S,3885,7762.8666666667,333601.02,223488,367,,2717,5729.4333333333,229338.88,165971,,276,,747,280068.88,,3064,48977.9,,74,4554.24,,2819,261279.47,,1066,72321.55,,2265,208225.19,,1620,125375.83,70,480.36,1345,16,1.8018018018018,,,,,,47,603.02,40,*,,,*,,69.623978201635,91,163,83,30,170,197,344,,,12,0,,153,214,1.2037381994266
1881624443,Papa,Louis,J,M.D.,I,2400 S Clinton Ave,Bldg H Suite 230,Rochester,NY,36,14618,1,"Metropolitan area core: primary flow within an urbanized area of 50,000 and greater",US,Internal Medicine,S,9616,20374.833333333,702789.93,599081,798,,9002,19478.233333333,668677.8,573171,,757,,824,494045.03,,8748,207105.73,,44,1639.17,,8186,601722.45,,1430,101067.48,,847,143311.23,,8769,559478.7,138,3329.07,3576,30,1.4351081530782,15,1439.75,450,,10.869565217391,62,344.99,44,,24,460.86,*,,75.170426065163,41,362,273,122,400,398,678,51,,18,,48,53,745,0.94114671297918
1881629145,Plain,George,B,MD,I,300 White Spruce Blvd,Suite 100,Rochester,NY,36,14623,1,"Metropolitan area core: primary flow within an urbanized area of 50,000 and greater",US,Internal Medicine,S,9505,22288.733333333,611630.93,652282,533,,9131,21678.733333333,586574.34,634554,,518,,971,410401.73,,8457,195816.34,,77,5412.86,,8132,506043.85,,1373,105587.08,,902,83414.56,,8603,528216.37,109,2357.37,2484,31,1.1467648605997,17,1441.01,510,,15.596330275229,233,3233.58,140,,39,2595.35,,12,77.003752345216,15,207,190,121,276,257,465,42,,,0,22,36,497,1.1491945206946
1881663904,Chin,Shu,Y,M.D,I,86 Bowery,6f,New York,NY,36,10013,1,"Metropolitan area core: primary flow within an urbanized area of 50,000 and greater",US,Internal Medicine,S,13224,24898.1,2775359.12,736966,542,,12764,24167.6,2715908.88,715427,,523,,2925,2447173.91,,10086,321930.79,,213,6254.42,,11130,2295412.32,,2094,479946.8,,12585,2729196.19,,639,46162.93,25,785.45,704,,0.18905021173624,,,,,,103,770.44,80,,24,397.38,*,,73.269372693727,19,334,133,56,330,212,,,515,11,0,12,484,58,0.94218450319347
1881679736,Chait,Maxwell,M,M.D.,I,180 E Hartsdale Ave,Suite 1e,Hartsdale,NY,36,10530,1,"Metropolitan area core: primary flow within an urbanized area of 50,000 and greater",US,Gastroenterology,S,5484,12469.166666667,406183.42,359519,535,,5200,11985,371933.79,346063,,511,"#",,,,4752,145316.86,*,,,,1085,65790.03,,4399,340393.39,,802,88512,,4682,317671.42,25,85.59,132,12,0.45587162654996,0,0,0,0,0,217,13385.35,121,*,,,*,,76.693457943925,24,209,184,118,294,241,440,37,,22,,23,69,466,1.1384719896268
1881699791,Adler,Mitchell,A,MD,I,317 E 34th St,,New York,NY,36,10016,1,"Metropolitan area core: primary flow within an urbanized area of 50,000 and greater",US,Internal Medicine,S,703,1592,53637.47,46815,104,,634,1437,51363.22,42379,"#",,,102,40902.51,,601,12734.96,,0,0,,278,14850.1,,425,38787.37,,132,14413.85,,571,39223.62,14,153.54,389,,1.9914651493599,0,0,0,,0,,,,,0,0,*,,73.134615384615,,,,,53,51,79,,,,0,,12,92,1.0193349338075
1881716934,Eriksen,Roy,H,MD,I,311 N Midland Ave,,Nyack,NY,36,10960,1,"Metropolitan area core: primary flow within an urbanized area of 50,000 and greater",US,Internal Medicine,S,12105,17960.9,968686.4,488361,594,,11477,16953.9,920251.27,460892,,556,,1480,707974.63,,10591,258924.81,,34,1786.96,,2498,172028.72,,9607,796657.68,,5433,466359.64,,6672,502326.76,377,14894.76,8564,72,3.1144155307724,41,7986.16,1177,,10.875331564987,480,10855.15,199,,330,14921.47,,44,79.217171717172,38,174,188,194,335,259,472,72,12,24,0,14,155,439,1.4017974355899
1881747848,Rajagopal,Latha,,M.D.,I,3200 Bainbridge Ave,,Bronx,NY,36,10467,1,"Metropolitan area core: primary flow within an urbanized area of 50,000 and greater",US,Internal Medicine,S,11124,21716,1422949.53,641732,697,,9380,18885.933333333,1182897.67,558790,,592,,2184,1149590.62,,8583,259406.67,,357,13952.24,,7998,1056005.92,,3126,366943.61,,6591,907566.68,,4533,515382.85,66,271.54,1734,15,0.5933117583603,0,0,0,0,0,51,32873,23,*,,,*,,72.827833572453,105,285,227,80,512,185,67,273,,290,,33,337,360,1.6037978088779
1881761864,Orszulak,Todd,M,DO,I,4515 Military Rd,,Niagara Falls,NY,36,14305,1,"Metropolitan area core: primary flow within an urbanized area of 50,000 and greater",US,Internal Medicine,S,3795,8045.9,579779.97,228608,618,,3557,7554.8,556809.66,214382,,587,,751,498605.98,,3006,79046.91,,38,2127.08,,2683,386609.98,,1112,193169.99,,436,78713.93,,3359,501066.04,45,998.87,987,36,1.1857707509881,,,,,,258,2793.35,177,,14,144.66,*,,75.336569579288,31,274,212,101,355,263,579,13,,,0,13,47,571,1.3429096508509
1881776581,Howard,Matthew,P,MD,I,111 Bedford Rd,Care Mount Medical Pc,Katonah,NY,36,10536,1,"Metropolitan area core: primary flow within an urbanized area of 50,000 and greater",US,Internal Medicine,S,5322,12618.033333333,262050.11,373396,604,,4861,11989.033333333,242311.8,355207,,570,,337,150887.19,,4965,110000.48,,20,1162.44,,1350,45604.46,,3972,216445.65,,830,35366.8,,4492,226683.31,54,667.44,917,20,1.0146561443067,,,,,,81,1012.47,65,*,,,*,,75.94701986755,34,239,224,107,278,326,535,,14,22,,28,56,548,1.0381926107939
1881778694,Justa,Shelley,,,I,1783 Route 9,Suite 202,Halfmoon,NY,36,12065,1,"Metropolitan area core: primary flow within an urbanized area of 50,000 and greater",US,Family Practice,S,8103,17433.233333333,619104.61,507170,720,,6867,15502.7,498853.2,453145,,659,,1022,417138.15,,7008,196237.16,,73,5729.3,,5119,392363.84,,2984,226740.77,,1792,150494.45,,6311,468610.16,414,13884.13,10776,66,5.1092188078489,104,8536.89,3042,12,25.12077294686,175,2292.97,96,,26,806.46,*,,73.940277777778,61,340,218,101,522,198,660,,15,11,,28,88,632,1.0524119184229
1881783264,Walders,James,,,I,101 Jordan Rd,Suite 100,Troy,NY,36,12180,1,"Metropolitan area core: primary flow within an urbanized area of 50,000 and greater",US,Internal Medicine,S,7060,16196.633333333,619065.39,477114,536,,6305,14986.7,498740.65,442175,,505,,946,417737.75,,6067,198086.08,,47,3241.56,,4178,347482.67,,2882,271582.72,,1041,170931.71,,6019,448133.68,260,8605.18,7079,51,3.6827195467422,,,,,,103,1119.95,74,*,,,*,,75.779850746269,31,227,181,97,302,234,499,12,,,0,16,51,485,1.2676031978739
1881824605,Gamarnik,Paul,H,MD,I,2 Perlman Dr,"Hudson River Healthcare, Inc.",Spring Valley,NY,36,10977,1,"Metropolitan area core: primary flow within an urbanized area of 50,000 and greater",US,Internal Medicine,S,4503,10944.166666667,406159.3,320839,591,,4301,10449.5,364236.19,306119,,569,"#",,,,3993,105231.76,*,,,,1513,111409.8,,2990,294749.5,,1027,125739.33,,3476,280419.97,40,488.51,613,16,0.88829669109483,,,,,,92,5932.36,78,,27,431.11,*,,76.197969543147,22,261,197,111,298,293,456,12,16,81,0,26,87,504,1.1317050472817
1881828457,Osborn,Elizabeth,R,MD,I,1991 Balsley Rd,,Seneca Falls,NY,36,13148,4,"Micropolitan area core: primary flow within an urban cluster of 10,000 to 49,999",US,Family Practice,S,10856,25400.1,955604.14,744724,762,,9328,22406.566666667,830352.47,658731,,662,,1686,725789.34,,9114,227039.43,,56,2775.37,,7932,658285.77,,2924,297318.37,,2933,317999.45,,7923,637604.69,297,8459.06,7612,57,2.7358142962417,23,2288.06,690,,7.7441077441077,217,1997.32,143,,27,5531.83,*,,72.08530183727,100,364,213,85,574,188,716,11,,,0,21,144,618,0.97596702143224
1881850006,Varghese,Justin,,MD,I,2532 Grand Concourse,,Bronx,NY,36,10458,1,"Metropolitan area core: primary flow within an urbanized area of 50,000 and greater",US,Internal Medicine,S,10099,18029.633333333,858999.69,530572,706,,8763,15915.866666667,720670.52,469038,,594,,1551,674541.42,,8263,170732.14,,285,13726.13,,7685,653284.44,,2414,205715.25,,6088,541947.83,,4011,317051.86,186,2978.08,4122,35,1.8417665115358,0,0,0,0,0,34,640.51,29,,15,47.48,*,,72.150141643059,112,318,209,67,440,266,34,273,,366,,19,362,344,1.309536493685
1881907160,Victoria,Vanessa,,RP.A.-C,I,3751 91st St,,Jackson Heights,NY,36,11372,1,"Metropolitan area core: primary flow within an urbanized area of 50,000 and greater",US,Physician Assistant,S,7165,18077.166666667,1012594.17,531307,760,,6737,17036.366666667,964463.43,500819,,721,,1072,833977.7,,6000,175451.47,,93,3165,,6497,928130.26,,668,84463.91,,5335,874523.28,,1830,138070.89,0,0,0,0,0,0,0,0,0,,179,17536.67,134,*,,,*,,74.768421052632,39,364,260,97,448,312,33,,,710,0,,499,261,0.98189526994853
1881987683,Dlugosz,Michael,R,M.D.,I,1150 Youngs Rd,Suite 104,Williamsville,NY,36,14221,1,"Metropolitan area core: primary flow within an urbanized area of 50,000 and greater",US,Family Practice,S,11780,21447.233333333,1143201.14,589736,1353,,10807,20055.866666667,1013310.34,553622,,1255,,2534,868431.98,,9190,264057.65,,56,10711.51,,7820,697902.83,,3960,445298.31,,5073,426300.46,,6707,716900.68,247,7707.38,6409,102,2.0967741935484,12,2729.18,305,,4.8582995951417,154,14531.16,79,,138,4079,,29,75.334072431633,98,561,446,248,700,653,1258,39,,,0,42,272,1081,1.3870700876729
1891010286,Chan,York Sing,,D.O.,I,2116 Avenue U,,Brooklyn,NY,36,11229,1,"Metropolitan area core: primary flow within an urbanized area of 50,000 and greater",US,Internal Medicine,S,16908,25633.7,2678473.52,753175,561,,16096,24247.233333333,2591113.89,712420,,532,,3463,2052241.33,,13099,615229.93,,346,11002.26,,14006,2307128.26,,2902,371345.26,,15379,2578595.03,,1529,99878.49,22,240.78,476,11,0.1301159214573,,,,,,173,1851.69,111,,74,1502.6,,13,73.311942959002,29,317,145,70,305,256,46,14,456,20,0,25,425,136,0.9821736514956
1891018727,Mathur,Priyanka,,,I,2 West Rd,,Pleasant Valley,NY,36,12569,1,"Metropolitan area core: primary flow within an urbanized area of 50,000 and greater",US,Pharmacist,T,21,21,3191.16,27,19,"#",,,,,"#",,,20,3185.78,*,,,"#",,,"#",,,*,,,*,,,"#",,,0,0,0,0,0,0,0,0,0,,,,,*,,,*,,71.263157894737,,,,,,,15,,,,0,0,,,1.1816842105263
1891058681,Kadimcherla,Pradeep,,M.D.,I,"2255 Adam Clayton Powell Jr Blvd # 2257",,New York,NY,36,10027,1,"Metropolitan area core: primary flow within an urbanized area of 50,000 and greater",US,Internal Medicine,S,6141,13197.633333333,639334.8,387652,740,,5490,11923.933333333,570714.56,350675,,652,,922,528286.18,,5103,103449.17,,116,7599.45,,4901,490586.18,,1240,148748.62,,3870,465162.11,,2271,174172.69,94,726.52,2326,34,1.5306953264941,0,0,0,0,0,100,1447.07,86,,22,464.87,,11,73.112162162162,88,337,240,75,427,313,20,553,20,116,0,31,415,325,1.5669292467897
1891114393,Raza,Khadija,,,I,4417 Vestal Pkwy E,,Vestal,NY,36,13850,1,"Metropolitan area core: primary flow within an urbanized area of 50,000 and greater",US,Internal Medicine,S,5761,13909.133333333,416400.77,409164,477,,5353,13142.833333333,395382.8,387669,,434,,587,304668.25,,5137,109763.39,,37,1969.13,,3171,235120.53,,2590,181280.24,,1481,100121.48,,4280,316279.29,184,4595.97,4245,37,3.1938899496615,,,,,,71,879.16,51,*,,,*,,74.756813417191,43,201,155,78,303,174,437,,,,0,17,103,374,1.2662368590774
1891159257,Oh,Christopher,,M.D.,I,730 Brook Ave,,Bronx,NY,36,10455,1,"Metropolitan area core: primary flow within an urbanized area of 50,000 and greater",US,Family Practice,S,3345,5659.5333333333,479333.73,165275,323,,2709,4645.0666666667,358439.49,135905,,262,,613,381476.2,,2629,92301.42,,103,5556.11,,2903,399448.47,,442,79885.26,,2962,432526.86,,383,46806.87,26,3201.39,622,16,0.77727952167414,,,,,,20,546.05,11,*,,,*,,70.783281733746,61,139,96,27,197,126,14,71,,218,,11,241,82,1.3131669021709
1891178596,Kaminski,Monica,A,M.D.,I,2412 Church Ave,,Brooklyn,NY,36,11226,1,"Metropolitan area core: primary flow within an urbanized area of 50,000 and greater",US,Internal Medicine,S,2315,2576.2,610174.42,74933,157,,1196,1308.8333333333,221908.63,37994,,88,,581,567673.89,,1619,38865.71,,115,3634.82,,1796,506855.96,,519,103318.46,,2035,580114.84,,280,30059.58,,,,,,,,,,,16,308.72,13,,0,0,,0,62.433121019108,69,71,,,88,69,12,95,,40,0,,125,32,1.2680265537271
1891220109,Petru,Viviana,,,I,234 E 149th St,,Bronx,NY,36,10451,1,"Metropolitan area core: primary flow within an urbanized area of 50,000 and greater",US,Internal Medicine,S,2714,6593.3333333333,100465.91,190659,657,,2451,6073.4,85962.43,175986,,617,,317,52055.29,,2368,47105.54,,29,1305.08,,2681,98460.009999999,,33,2005.9,,746,33267.76,,1968,67198.15,110,1493.03,1873,42,4.0530582166544,0,0,0,0,0,67,831.47,58,*,,,*,,74.406392694064,40,314,222,81,422,235,234,31,97,271,0,24,153,504,1.178116549982
1891720058,Leung,Wai,L,M.D.,I,13630 Maple Ave,Suite 1e,Flushing,NY,36,11355,1,"Metropolitan area core: primary flow within an urbanized area of 50,000 and greater",US,Internal Medicine,S,33063,65984.833333333,4308540.1,1959257,1270,,32810,65418.633333333,4298678.48,1942509,,1259,,5214,3447972.76,,27546,850130.19,,303,10437.15,,24261,3174131.05,,8802,1134409.05,,22193,3135881.92,,10870,1172658.18,48,600.75,854,23,0.14517738862172,,,,,,303,2233.43,220,,109,7797.07,,24,77.71968503937,11,516,450,293,771,499,74,37,1056,34,0,69,568,702,1.1159255465499
1891744314,Hambright,Maya,,MD,I,1 Family Practice Dr,,Kingston,NY,36,12401,1,"Metropolitan area core: primary flow within an urbanized area of 50,000 and greater",US,Family Practice,S,1985,2902.3333333333,178872.99,82465,223,,1279,2027.5333333333,97627.9,57219,,180,"#",,,,1662,74454.83,*,,,,1047,91736.75,,938,87136.24,,875,92003.75,,1110,86869.24,199,16446.76,5765,27,10.025188916877,49,5331.1,1470,,24.623115577889,28,251.85,16,,25,617.98,*,,69.340807174888,43,107,,,132,91,202,,,,0,,60,163,1.1147991064267
1891778296,Rehman,Syed,I,M.D.,I,147 Hoosick St Ste K,,Troy,NY,36,12180,1,"Metropolitan area core: primary flow within an urbanized area of 50,000 and greater",US,Internal Medicine,S,8631,17663.833333333,875811.12,516161,485,,5854,13217.5,589466.7,387682,,335,,1368,737811.77,,7171,133380.58,,92,4618.77,,5919,616829.72,,2712,258981.4,,5358,569281.03,,3273,306530.09,417,6425.25,9567,83,4.8314216197428,17,392.51,418,,4.0767386091127,123,1226.84,76,,39,680.11,,11,68.146391752577,150,182,106,47,241,244,354,79,,34,,12,245,240,1.4604319560482
1891812806,Huang,Qing Xiang,,FNP,I,1502 Avenue U,,Brooklyn,NY,36,11229,1,"Metropolitan area core: primary flow within an urbanized area of 50,000 and greater",US,Nurse Practitioner,S,7115,12401.533333333,1201810.88,362750,789,,6956,12120.533333333,1174558.85,354572,,766,,1694,1015009.01,,5310,183933.38,,111,2868.49,,6042,1038804.26,,1073,163006.62,,6728,1154044.25,,387,47766.63,,,,,,,,,,,117,8886.17,91,,14,255.2,*,,74.458808618504,23,439,213,114,439,350,,,760,,,,710,79,1.0875573598375
1891880902,Meaney-Elman,Nora,,MD,I,8171 Sheridan Dr,Ste 600,Williamsville,NY,36,14221,1,"Metropolitan area core: primary flow within an urbanized area of 50,000 and greater",US,Family Practice,S,2202,5072.0666666667,161054.7,146811,188,,2182,5017.0666666667,160543.8,145201,"#",,"#",,,,1813,45095.04,*,,,,1528,106450.43,,674,54604.27,,51,2762.16,,2151,158292.54,,,,,,,,,,,108,1200.48,55,*,,,*,,76.925531914894,,,,,152,36,174,,,,0,,,,1.025045212766
1902103336,Doshi,Jinesh,,,I,5564 Broadway,,Bronx,NY,36,10463,1,"Metropolitan area core: primary flow within an urbanized area of 50,000 and greater",US,Pharmacist,T,15,15,2783.74,15,15,"#",,,,,"#",,,15,2783.74,,0,0,,0,0,"#",,,*,,,"#",,,*,,,0,0,0,0,0,0,0,0,0,,0,0,0,*,,,*,,71.066666666667,,,,,,,0,,0,,0,0,,,1.1369333333333
1902127590,Mcnamara,Barbara,B,CRNP,I,1246 State Route 38,,Owego,NY,36,13827,7.1,"Secondary flow 30% to <50% to a urbanized area of 50,000 and greater",US,Nurse Practitioner,S,3270,7277.8333333333,282261.9,213093,301,,2733,6363.1,228796.37,186946,,256,,469,222198.88,,2777,58381.28,,24,1681.74,,2027,185097.5,,1243,97164.4,,1022,123242.4,,2248,159019.5,62,764.69,1405,14,1.8960244648318,0,0,0,0,0,70,459.4,58,*,,,*,,72.102990033223,45,137,76,43,218,83,290,,0,0,0,,70,231,0.9590111330515
1902194277,Cruz,Christina,M,M.D.,I,10 Union Sq E,Suite 3g,New York,NY,36,10003,1,"Metropolitan area core: primary flow within an urbanized area of 50,000 and greater",US,Internal Medicine,S,6346,12018,683709.37,354798,758,,5452,10557.566666667,599006.58,312043,,629,,1248,564290.27,,4900,112735.15,,198,6683.95,,5238,581763.53,,1108,101945.84,,5500,620877.77,,846,62831.6,33,537.74,798,15,0.52001260636621,0,0,0,0,0,45,723.82,28,*,,,*,,71.630606860158,129,345,227,57,513,245,97,118,20,515,,,607,151,1.3048539625691
1902245384,Bresnahan,Sean,,DO,I,182 Intrepid Ln,,Syracuse,NY,36,13205,1,"Metropolitan area core: primary flow within an urbanized area of 50,000 and greater",US,Family Practice,S,4742,11098.566666667,541894.12,324480,583,,4407,10544.933333333,509157.55,308542,,543,,731,438427.63,,3951,99682.56,,60,3783.93,,2990,357504.19,,1752,184389.93,,661,109264.48,,4081,432629.64,127,8470.23,3660,40,2.6781948544918,12,6824.3,589,,9.4488188976378,88,555.15,76,,14,12283.83,*,,74.320754716981,40,268,187,88,331,252,531,19,,,,19,58,525,1.1960096550207
1902297781,Muto,Kenneth,,"PHARM. D, RPH",I,615 S Meadow St,,Ithaca,NY,36,14850,1,"Metropolitan area core: primary flow within an urbanized area of 50,000 and greater",US,Pharmacist,T,13,13,2197.85,13,12,,13,13,2197.85,13,,12,,13,2197.85,,0,0,,0,0,*,,,*,,,,0,0,,13,2197.85,0,0,0,0,0,0,0,0,0,,0,0,0,,0,0,,0,74.333333333333,0,,,,,,12,0,0,0,0,0,0,12,0.616
1902378300,Ash,Kevin,J,RPH,I,1013 State Highway 29a,,Gloversville,NY,36,12078,4,"Micropolitan area core: primary flow within an urban cluster of 10,000 to 49,999",US,Pharmacist,T,43,43,7344.4,43,41,"#",,,,,"#",,,43,7344.4,,0,0,,0,0,,11,1722.26,,32,5622.14,*,,,"#",,,0,0,0,0,0,0,0,0,0,,0,0,0,*,,,*,,72.121951219512,,,,,27,14,28,,0,,0,,,,0.85617073170732
1902879281,Diaz,Antonio,S,MD,I,1250 Waters Pl,Suite 507,Bronx,NY,36,10461,1,"Metropolitan area core: primary flow within an urbanized area of 50,000 and greater",US,Internal Medicine,S,10845,23079,1121305.78,682882,877,,10000,21431.733333333,976397.62,634191,,796,,1784,918362.84,,8749,191767.14,,312,11175.8,,7671,861444.61,,3174,259861.17,,5058,603769.45,,5787,517536.33,18,188.27,402,,0.16597510373444,,,,,,124,1278.77,97,,16,280.66,*,,73.860889395667,81,388,306,102,574,303,116,234,18,487,,,298,579,1.1789592244642
1902910482,Tallman,Jacob,M,MD,I,118 Main St,,Mount Morris,NY,36,14510,7,"Small town core: primary flow within an urban cluster of 2,500 to 9,999",US,Family Practice,S,12262,24434.566666667,1301166.93,710296,697,,10224,21111.6,1068151.1,615751,,606,,1727,1062653.65,,10419,231882.35,,116,6630.93,,8570,908572.41,,3692,392594.52,,3063,414399.49,,9199,886767.44,382,9918.43,8963,93,3.1153156091992,34,3674.41,927,,8.9005235602094,258,12978.94,155,,70,1149.88,,16,72.552367288379,91,326,193,87,371,326,654,,,12,0,26,123,574,1.0480722867109
1902955768,Hwu,Charles,J,MD,I,136 30 Maple Avenue,Suite 2f,Flushing,NY,36,11355,1,"Metropolitan area core: primary flow within an urbanized area of 50,000 and greater",US,Internal Medicine,S,12443,15859.466666667,458313.49,466545,306,,12294,15699.6,448599.8,461802,"#",,,778,225607.07,,11459,220791.38,,206,11915.04,,10715,405808.26,,1728,52505.23,,9956,373431.66,,2487,84881.83,0,0,0,0,0,0,0,0,0,,237,1676.56,110,,33,366.79,*,,77.627450980392,,,,,168,138,,,277,,0,14,189,117,0.93248826345712
1902960016,Rahman,Mohammad,S,M.D.,I,374 Stockholm St,Faculty Practice Management Suite I-37 North,Brooklyn,NY,36,11237,1,"Metropolitan area core: primary flow within an urbanized area of 50,000 and greater",US,Internal Medicine,S,2952,5872.7333333333,432658.06,173146,222,,2299,4742.1666666667,348656.93,140332,,177,,713,376616.48,,1930,43801.72,,309,12239.86,,2739,391154.01,,213,41504.05,,2649,405606.46,,303,27051.6,0,0,0,0,0,0,0,0,0,,,,,,0,0,,0,68.193693693694,45,141,36,0,106,116,,50,,148,0,,180,42,1.5167806634478
1902993306,Healy,Deborah,P,M.D.,I,400 Fort Hill Ave,,Canandaigua,NY,36,14424,1,"Metropolitan area core: primary flow within an urbanized area of 50,000 and greater",US,Internal Medicine,S,3706,4049.3333333333,569558.97,25661,2665,,3437,3734.3333333333,529749.76,22649,,2490,,3321,557132.55,,385,12426.42,,0,0,,2913,449580.74,,793,119978.23,,437,76026.83,,3269,493532.14,0,0,0,0,0,0,0,0,0,,0,0,0,,29,1147.64,*,,72.681801125704,175,1546,758,186,1556,1109,2302,119,,51,,155,292,2373,0.84588357669932
1912011107,Khalil,Richard,,M.D.,I,75 S Broadway Fl 1,,Yonkers,NY,36,10701,1,"Metropolitan area core: primary flow within an urbanized area of 50,000 and greater",US,Family Practice,S,37624,46087.366666667,6875065.69,1191160,906,,28441,35761.233333333,4774573.36,920965,,700,,11347,5762152.3,,24987,1018886.01,,1290,94027.38,,23254,4818411.12,,14370,2056654.57,,35926,6560406.29,,1698,314659.4,347,8136.67,6631,65,0.92228364873485,41,5007.08,507,,11.815561959654,403,84916.62,200,,667,47204.17,,66,71.362030905077,206,338,252,110,506,400,152,236,,476,,25,794,112,1.9595456612781
1912014945,Yeung,Tsz-Yin,,MD,I,268 Canal St,,New York,NY,36,10013,1,"Metropolitan area core: primary flow within an urbanized area of 50,000 and greater",US,Family Practice,S,4791,6427.7333333333,378207.36,188039,175,,4455,5997.8333333333,350926.54,175837,,164,,690,291797.47,,4076,85421.41,,25,988.48,,4239,358946.83,,552,19260.53,,4394,343994.03,,397,34213.33,0,0,0,0,0,0,0,0,0,,35,192.86,25,,17,184.56,*,,73.285714285714,11,94,42,28,88,87,,,163,,0,,141,34,0.96788761904762
1912078882,Feldfogel,Howard,,DO,I,200 E Eckerson Rd,Ste 1 6,New City,NY,36,10956,1,"Metropolitan area core: primary flow within an urbanized area of 50,000 and greater",US,Internal Medicine,S,7263,17779.333333333,505290.93,519839,803,,6875,16975.833333333,483276.22,496443,,753,,656,324557.59,,6580,179193.7,,27,1539.64,,1732,76350.58,,5531,428940.35,,701,65011.29,,6562,440279.64,57,1099.32,1183,20,0.78479966955803,,,,,,334,5090.36,224,*,,,*,,75.085927770859,50,335,305,113,463,340,679,51,17,36,0,20,68,735,1.0600828024815
1912194069,Reiber,Stuart,,MD,I,12a N Airmont Rd,,Suffern,NY,36,10901,1,"Metropolitan area core: primary flow within an urbanized area of 50,000 and greater",US,Internal Medicine,S,600,1295.5,60527.23,36325,81,,576,1257.5,54600.38,35678,,69,"#",,,,490,12972.21,*,,,,102,5346.49,,498,55180.74,,30,5628.5,,570,54898.73,28,1271.46,782,,4.6666666666667,0,0,0,,0,17,137.69,15,*,,,*,,72.703703703704,12,34,,,38,43,71,,,,0,,21,60,1.0341049086341
1912295429,Regis,Nadine,,M.D.,I,1400 Pelham Pkwy S,Building 6// Suite 1b25,Bronx,NY,36,10461,1,"Metropolitan area core: primary flow within an urbanized area of 50,000 and greater",US,Emergency Medicine,S,1191,1315.3666666667,138693.53,10706,866,,962,1064.3666666667,111515.11,8463,,705,,713,134419.5,,478,4274.03,,0,0,,805,95387.32,,386,43306.21,,519,62385.34,,672,76308.19,104,685.26,329,101,8.7321578505458,0,0,0,0,0,111,1193.85,86,*,,,*,,70.235565819861,161,431,221,53,564,302,516,318,,20,,,314,552,1.2824177802382
1912344755,Schneid,Perel,,D.O.,I,2 Centerock Rd,,West Nyack,NY,36,10994,1,"Metropolitan area core: primary flow within an urbanized area of 50,000 and greater",US,Family Practice,S,2139,4409.2666666667,147185.13,129049,215,,1641,3740.0333333333,125854.73,109591,,178,"#",,,,1869,42675.01,*,,,,837,64679.08,,1302,82506.05,,919,60940.23,,1220,86244.9,,,,,,,,,,,38,390.61,29,,0,0,,0,70.795348837209,37,106,51,21,143,72,142,28,,25,,11,64,151,1.1492658577556
1912393133,Poupalos,James,,,I,325 Essjay Rd Ste 170,,Williamsville,NY,36,14221,1,"Metropolitan area core: primary flow within an urbanized area of 50,000 and greater",US,Family Practice,S,3834,8703.5,340830.76,254534,400,,3306,7703.6,281160.91,225574,,362,,515,250482.97,,3299,89579.07,,20,768.72,,2380,190411.88,,1454,150418.88,,738,85770.41,,3096,255060.35,99,3411.55,2649,26,2.5821596244131,14,1091.52,420,,14.141414141414,109,1841,77,*,,,*,,74.3175,38,170,125,67,230,170,319,53,,,,12,64,336,1.5350364058544
1912950858,Ratsenberg,Dmitriy,,MD,I,2925 W 5th St,Suite 52,Brooklyn,NY,36,11224,1,"Metropolitan area core: primary flow within an urbanized area of 50,000 and greater",US,Internal Medicine,S,35214,46098.266666667,7079906.51,1350408,864,,33637,44185.3,6767367.52,1295742,,814,,10095,5551641.98,,24558,1503618.82,,561,24645.71,,5551,702240.15,,29663,6377666.36,,31759,6817924.62,,3455,261981.89,170,985.67,1933,88,0.48276253762708,0,0,0,0,0,311,23306.39,197,,117,23430.41,,25,75.405092592593,50,374,332,108,528,336,747,17,,12,,84,612,252,1.4459001989302
1912974619,Ho,Elizabeth,T,MD,I,31 Arnot Rd,Suite A,Horseheads,NY,36,14845,1,"Metropolitan area core: primary flow within an urbanized area of 50,000 and greater",US,Internal Medicine,S,5587,11599.966666667,598431.61,339451,334,,4702,10048.133333333,518053.05,295171,,288,,865,479760.81,,4680,115147.15,,42,3523.65,,3641,380317.37,,1946,218114.24,,1861,235067.39,,3726,363364.22,16,81.21,183,,0.28637909432611,,,,,,93,993.89,59,,11,199.22,*,,71.721556886228,46,172,79,37,244,90,296,12,13,,,11,81,253,1.1556607186156
1912986456,Martini,Anthony,J,MD,I,8 Forester Ave,,Warwick,NY,36,10990,2,"Metropolitan area high commuting: primary flow 30% or more to a urbanized area of 50,000 and greater",US,Internal Medicine,S,3758,9309.3333333333,340610.49,272092,379,,3609,8950.5333333333,309057.46,261610,,361,,444,252111.98,,3299,87819.16,,15,679.35,,1258,67762.52,,2500,272847.97,,609,82350.76,,3149,258259.73,61,530.96,1625,21,1.6232038318254,0,0,0,0,0,116,1409.41,71,*,,,*,,74.894459102902,18,188,116,57,213,166,338,,,16,0,19,41,338,1.0147748460862
1922100213,Cao,Shimin,,M.D. PH.D.,I,3808 Union St Ste 6b,,Flushing,NY,36,11354,1,"Metropolitan area core: primary flow within an urbanized area of 50,000 and greater",US,Internal Medicine,S,8596,11617.4,999092.37,340723,360,,8349,11306.866666667,932306.17,331838,,346,,1730,867787.96,,6647,124082.04,,219,7222.37,,7429,830491.9,,1167,168600.47,,8089,969728.05,,507,29364.32,0,0,0,0,0,0,0,0,0,,75,1114.82,53,,22,1608.66,*,,73.036111111111,14,216,89,41,191,169,,,344,,0,,300,60,1.0211176481046
1922240894,Defilippo,Caroline,,"MD, MPH",I,90 S Bedford Rd,,Mount Kisco,NY,36,10549,1,"Metropolitan area core: primary flow within an urbanized area of 50,000 and greater",US,Internal Medicine,S,3215,7990.8333333333,192836.1,235523,423,,3165,7891.6333333333,187993.49,232841,,412,"#",,,,2912,69327.44,*,,,,772,28023.78,,2443,164812.32,,244,10103.34,,2971,182732.76,21,269.97,512,,0.65318818040435,0,0,0,,0,67,508.47,51,,14,303.14,*,,75.172576832151,11,210,144,58,340,83,356,,11,22,,24,25,398,0.97849359963342
1922348390,Zeng,Yiling,,NP,I,420 Lexington Ave,Suite 1644,New York,NY,36,10170,1,"Metropolitan area core: primary flow within an urbanized area of 50,000 and greater",US,Nurse Practitioner,S,9236,10892.3,1187882.64,316199,594,,8791,10403.966666667,1121209.67,301920,,573,,2164,1017651.96,,6937,164529.78,,135,5700.9,,8476,1110510.78,,760,77371.86,,9052,1185788.22,,184,2094.42,,,,,,,,,,,159,1201.87,132,,15,405.44,*,,73.703703703704,21,369,130,74,270,324,,,577,,0,,560,34,1.2510496393431
1932103769,Sharma,Nisha,,MD,I,12657 Seneca Rd,,Irving,NY,36,14081,10,"Rural areas: primary flow to a tract outside a urbanized area of 50,000 and greater or UC",US,Family Practice,S,19863,41979.666666667,2001099.38,1229511,1506,,16785,36780.966666667,1657124.44,1079608,,1295,,3038,1577035.23,,16628,409453.43,,197,14610.72,,12905,1232975.05,,6958,768124.33,,5705,712813.32,,14158,1288286.06,147,1322.87,2145,73,0.74006947590998,0,0,0,0,0,388,20987.96,240,,129,2765.26,,22,71.929614873838,211,740,402,153,1070,436,1409,,14,31,,36,280,1226,1.1066881193128
1932113669,Borgos,William,M,MD,I,161 Carey Rd,,Queensbury,NY,36,12804,1,"Metropolitan area core: primary flow within an urbanized area of 50,000 and greater",US,Family Practice,S,7145,14923.066666667,637583.05,436696,525,,5780,12776.7,513460.52,375203,,446,,922,502612.15,,6163,131359.11,,60,3611.79,,4532,326882.89,,2613,310700.16,,1946,183798.64,,5199,453784.41,289,4920.81,7393,46,4.0447865640308,18,565.54,494,,6.2283737024221,81,913.38,44,,20,1168.22,*,,72.158095238095,79,218,173,55,254,271,491,,,,,21,86,439,0.99549284769514
1932153301,Callahan,Brian,D,,I,480 State Route 28,Suite 1,Boiceville,NY,36,12412,10.1,"Secondary flow 30% to <50% to a urbanized area of 50,000 and greater",US,Nurse Practitioner,S,3678,6950.6666666667,343037.71,201358,373,,3281,6299.9,301785.96,182671,,333,,552,283371.49,,3103,58200.42,,23,1465.8,,1711,106942.81,,1967,236094.9,,1019,115946.59,,2659,227091.12,21,156.82,226,,0.57096247960848,,,,,,96,1692.82,81,,24,323.58,*,,72.865951742627,40,190,101,42,179,194,346,,,,,,89,284,0.95917456422625
1932297579,Gilmour,Cynthia,,FNP,I,518 Broadway,,Monticello,NY,36,12701,7,"Small town core: primary flow within an urban cluster of 2,500 to 9,999",US,Nurse Practitioner,S,5608,12711.233333333,527873.37,372980,586,,4678,10833,440249.63,318429,,487,,815,418133.1,,4772,108343.38,,21,1396.89,,1926,196535.39,,3682,331337.98,,1999,216155.62,,3609,311717.75,179,5793.27,5172,27,3.1918687589158,,,,,,191,1916.05,161,,19,522.71,*,,72.054607508532,99,243,191,53,409,177,458,47,,65,,15,174,412,1.2769727397631
1932413648,Magill,Courtney,,,I,6 Burns Ln,,Massapequa,NY,36,11758,1,"Metropolitan area core: primary flow within an urbanized area of 50,000 and greater",US,Pharmacist,T,15,15,2662.81,15,15,,15,15,2662.81,15,,15,,15,2662.81,,0,0,,0,0,*,,,*,,,*,,,"#",,,0,0,0,0,0,0,0,0,0,,0,0,0,,0,0,,0,72.533333333333,0,11,,,,,,,,,0,,,,0.6482
1932421732,Zulic,Julianna,,PHARMD,I,16 State Route 59,,Nyack,NY,36,10960,1,"Metropolitan area core: primary flow within an urbanized area of 50,000 and greater",US,Pharmacist,T,14,14,2469.92,14,14,"#",,,,,"#",,,14,2469.92,,0,0,,0,0,*,,,"#",,,,0,0,,14,2469.92,0,0,0,0,0,0,0,0,0,,0,0,0,*,,,*,,72.5,,,,,,,12,,,0,0,0,0,14,0.92235714285714
1932526845,Aung,Myo Myo,,M.D,I,198 Canal St Ste 401,,New York,NY,36,10013,1,"Metropolitan area core: primary flow within an urbanized area of 50,000 and greater",US,Internal Medicine,S,7150,10541.7,776697.61,308112,493,,7011,10307.033333333,754283.48,301356,,480,,1265,613931.88,,5763,158536.45,,122,4229.28,,5814,578574.75,,1336,198122.86,,6586,722206.62,,564,54490.99,,,,,,,,,,,164,1778.57,128,,0,0,,0,73.241379310345,13,312,129,39,272,221,15,,447,,0,22,410,83,1.1691695214804
1932562931,Patel,Harshal,,D.O.,I,3980a Sheridan Dr Ste 200,,Amherst,NY,36,14226,1,"Metropolitan area core: primary flow within an urbanized area of 50,000 and greater",US,Family Practice,S,803,1759.2333333333,68671.59,50769,386,,727,1627.2333333333,66969.68,47068,,352,"#",,,,660,17748.51,*,,,,605,51001.58,,198,17670.01,,115,10391.11,,688,58280.48,29,1085.61,705,26,3.6114570361146,,,,,,13,68.99,12,,0,0,,0,73.015544041451,34,185,136,31,208,178,341,21,,,,,44,342,1.1718190675746
1942246186,Singh,Rajendra,P,,I,2135 Buffalo Rd,,Rochester,NY,36,14624,1,"Metropolitan area core: primary flow within an urbanized area of 50,000 and greater",US,Internal Medicine,S,10312,20795.6,1032869.32,610774,530,,8523,17782.266666667,861604.88,523048,,434,,1410,829253.59,,8742,195988.35,,160,7627.38,,6429,582899.61,,3883,449969.71,,5629,684340.91,,4683,348528.41,97,2015.16,2629,16,0.94065166795966,16,301.06,422,,16.494845360825,155,1058.93,94,,25,884.98,*,,70.630188679245,96,259,124,51,277,253,289,134,61,17,0,29,209,321,1.1590433721813
1942259205,Prasad,Ankineedu,,MD,I,894 Eastern Pkwy,,Brooklyn,NY,36,11213,1,"Metropolitan area core: primary flow within an urbanized area of 50,000 and greater",US,Hospitalist,S,7271,15716.366666667,733756.55,458665,560,,6506,14216.7,619010.51,416304,,490,,1220,536199.33,,5866,188156.71,,185,9400.51,,5385,476014.95,,1886,257741.6,,4280,504879.6,,2991,228876.95,55,807.46,1279,12,0.75642965204236,,,,,,161,1797.44,103,,12,1115.67,*,,73.653571428571,70,227,177,86,349,211,14,471,,25,,44,290,270,2.0066463881347
1942275441,Gorman,Timothy,A,MD,I,138 E Main St,,Westfield,NY,36,14787,7,"Small town core: primary flow within an urban cluster of 2,500 to 9,999",US,Family Practice,S,6027,13022.033333333,686120.1,380458,537,,4951,11351,596257.58,332046,,482,,885,575141.11,,5067,102591.63,,75,8387.36,,3557,346335.27,,2470,339784.83,,1761,196831.76,,4266,489288.34,278,17532.99,6949,63,4.6125767380123,48,9682.51,1347,13,17.26618705036,81,570.35,57,,17,345.49,*,,73.378026070763,55,251,161,70,256,281,514,,0,,0,15,112,425,1.2280845832911
1942276530,Hu,Andy,K,M.D,I,839 58th St,2nd Floor,Brooklyn,NY,36,11220,1,"Metropolitan area core: primary flow within an urbanized area of 50,000 and greater",US,Internal Medicine,S,17765,20180.5,2120769.11,595844,306,,17096,19364.3,2023378.89,572118,,292,,4053,1860608.1,,13425,249167.58,,287,10993.43,,14419,1717717.96,,3346,403051.15,,17488,2079232.95,,277,41536.16,,,,,,,,,,,146,1737.1,97,,11,22.39,*,,73.415032679739,14,180,81,31,156,150,,0,301,,0,,286,20,1.114678234742
1942335096,Wang,Bin,,MD,I,13347 Sanford Ave Ste C1g,,Flushing,NY,36,11355,1,"Metropolitan area core: primary flow within an urbanized area of 50,000 and greater",US,Internal Medicine,S,62061,78758.4,5439533.2200001,2307761,1303,,61458,78105.7,5362399.5200001,2289424,,1286,,8466,4285381.12,,52171,1107869.23,,1424,46282.87,,58696,5093939.15,,3365,345594.07,,59844,5311523.2200001,,2217,128010,28,684.8,329,15,0.045116901113421,0,0,0,0,0,836,10600.28,462,,184,2879.99,,42,73.112049117421,17,840,343,103,668,635,,,1277,,0,12,1145,158,1.2821269982989
1942375134,Atac,Bulent,S,MD,I,1619 Pelham Parkway North,,Bronx,NY,36,10469,1,"Metropolitan area core: primary flow within an urbanized area of 50,000 and greater",US,Internal Medicine,S,8874,19442.233333333,3195198,570781,516,,7729,17493.566666667,2813813.3,514556,,449,,2721,2901745.15,,6007,277842.46,,146,15610.39,,5867,2092087.61,,3007,1103110.39,,2933,1171025.82,,5941,2024172.18,69,875.93,1704,25,0.77755240027045,0,0,0,0,0,175,7610.18,112,,0,0,,0,73.091085271318,67,238,147,64,308,208,153,196,,121,,35,122,394,1.0744012157086
1942381405,Mora-Mclaughlin,Fernando,S,MD,I,1225 Gerard Ave,,Bronx,NY,36,10452,1,"Metropolitan area core: primary flow within an urbanized area of 50,000 and greater",US,Internal Medicine,S,24068,36614.233333333,5163584.54,1070060,562,,18948,29834.266666667,4065269.9,875953,,463,,4839,3891687.12,,18294,1249648.11,,935,22249.31,,22701,4766821.72,,1367,396762.82,,23082,5038077.51,,986,125507.03,666,12355.11,16256,112,2.7671597141433,55,5037.52,1572,,8.2582582582583,161,3136.26,74,,27,364.92,*,,69.88256227758,99,309,127,27,341,221,,29,,513,0,,505,57,1.0969233277688
1942389689,Duba,Joseph,R,MD,I,8 West Main Street,,Shortsville,NY,36,14548,2,"Metropolitan area high commuting: primary flow 30% or more to a urbanized area of 50,000 and greater",US,General Practice,S,6478,12433.733333333,363511.74,362108,429,,5643,11162.366666667,303783.72,325288,,368,,654,224758.72,,5789,136914.04,,35,1838.98,,4892,290791.31,,1586,72720.43,,1551,125708.93,,4927,237802.81,331,12434.37,8303,55,5.1096017289287,14,5195.13,372,,4.2296072507553,127,1597.4,68,,18,163.07,*,,71.39627039627,61,226,101,41,238,191,413,,,,0,,73,356,0.93349769845829
1942393152,Duret,Danielle,,MD,I,Mmg - University Avenue,105 West 188th Street,Bronx,NY,36,10468,1,"Metropolitan area core: primary flow within an urbanized area of 50,000 and greater",US,Internal Medicine,S,14850,25394.766666667,1572963.04,740748,526,,12491,21725.9,1255232.16,634868,,434,,2570,1282907.3,,11801,275667.37,,479,14388.37,,13849,1369440.49,,1001,203522.55,,13663,1427843.18,,1187,145119.86,296,14943.36,7132,53,1.993265993266,,,,,,149,2803.97,94,,64,740.26,,14,70.794676806084,92,268,120,46,391,135,15,64,15,424,,,439,87,1.4184827727057
1942393178,Au,Sophia,S,MD,I,Mmg - Map,"3400 Bainbridge Avenue, 8th Fl",Bronx,NY,36,10467,1,"Metropolitan area core: primary flow within an urbanized area of 50,000 and greater",US,Internal Medicine,S,6814,12033.433333333,633931,356676,539,,5992,10848.466666667,555243.78,322005,,478,,1130,521620.46,,5469,98966.56,,215,13343.98,,5321,479218.91,,1493,154712.09,,3888,411439.23,,2926,222491.77,12,33.07,167,,0.17610801291459,0,0,0,,0,15,184.36,13,*,,,*,,72.91094619666,61,256,165,57,434,105,45,235,,204,,29,244,295,1.3313929601107
1942416284,Wong,Peter,,RPAC,I,234 E 149th St,,Bronx,NY,36,10451,1,"Metropolitan area core: primary flow within an urbanized area of 50,000 and greater",US,Physician Assistant,S,22182,25855.566666667,2973179.25,755068,1104,,21607,25208.9,2914265.33,736232,,1067,,5233,2534956.09,,16691,430211.81,,258,8011.35,,20277,2695024.86,,1905,278154.39,,21587,2932227.37,,595,40951.88,,,,,,,,,,,275,1695.96,214,,51,317.21,,15,73.670289855072,37,674,264,129,579,525,,,1081,,0,,1030,74,1.1747754293394
1942462957,Elkins,Cinthia,L,"MD, PHD",I,82 Copeland Ave,,Homer,NY,36,13077,4,"Micropolitan area core: primary flow within an urban cluster of 10,000 to 49,999",US,Family Practice,S,6062,11811.5,743444.86,340606,320,,4209,8666.4333333333,489775.04,250924,,250,,941,604670.66,,5045,134279.6,,76,4494.6,,3588,373189.46,,2474,370255.4,,3206,503130.75,,2856,240314.11,287,6251.35,7510,55,4.7344110854503,46,2035.7,1427,,16.02787456446,131,1602.1,86,,68,3696.5,,14,70.48125,70,143,68,39,242,78,292,,,,,13,120,200,1.29440326803
1952303281,Treatman,David,,M.D.,I,416 37th St,,Brooklyn,NY,36,11232,1,"Metropolitan area core: primary flow within an urbanized area of 50,000 and greater",US,Family Practice,S,6553,11307,1244427.28,324309,241,,4850,8580.6,917664.97,246651,,188,,1496,992686.45,,4949,245143.98,,108,6596.85,,3508,776591.6,,3045,467835.68,,5178,1032002.2,,1375,212425.08,250,11099.98,6332,31,3.8150465435678,15,1893.4,450,,6,198,50333.06,81,,21,782.37,*,,69.730290456432,53,112,61,15,168,73,53,23,,151,,11,134,107,1.3544197909919
1952303448,Bailey,Nadine,,"MS, PA-C",I,25 Park Ave,,Cohocton,NY,36,14826,10,"Rural areas: primary flow to a tract outside a urbanized area of 50,000 and greater or UC",US,Physician Assistant,S,4690,9612.3333333333,485827.26,280055,377,,3526,7533.4666666667,372356.08,220257,,308,,706,398212.42,,3940,85913.95,,44,1700.89,,3503,303247.36,,1187,182579.9,,1776,234959.29,,2914,250867.97,179,5639.71,4403,30,3.816631130064,20,1747.9,600,,11.173184357542,109,1032.06,84,*,,,*,,70.206896551724,69,196,81,31,262,115,360,,0,,0,12,105,272,1.041572391506
1952309460,Upadhyayula,Nagendra,P,MD,I,1003 Main St,,Fishkill,NY,36,12524,1,"Metropolitan area core: primary flow within an urbanized area of 50,000 and greater",US,Anesthesiology,S,2015,2033.6,75472.91,56450,305,,974,984.6,45174.4,26132,,187,,121,23464.28,,1894,52008.63,,0,0,,904,27213.45,,1111,48259.46,,1181,40717.43,,834,34755.48,1359,43733.35,40042,183,67.444168734491,47,4478.39,1410,11,3.4584253127299,43,294.23,35,,0,0,,0,65.606557377049,118,122,,,176,129,241,33,,21,0,,111,194,1.6338514161052
1952355794,Call,Andrew,,M.D.,I,28 Church St,,Alfred,NY,36,14802,7,"Small town core: primary flow within an urban cluster of 2,500 to 9,999",US,Family Practice,S,8907,20137.933333333,812988.1,594260,730,,7692,17844.5,693252.51,527062,,650,,1357,613995.75,,7423,190083.55,,127,8908.8,,4165,386689.18,,4742,426298.92,,2041,249870.09,,6866,563118.01,262,8082.96,8014,68,2.9415066801392,26,1761.33,1380,,9.9236641221374,159,2060.57,92,,35,750.08,*,,73.01095890411,80,363,205,82,378,352,688,,,,0,29,120,610,1.0218300314496
1952358095,Massand,Seema,,MD,I,1055 Stewart Ave,,Bethpage,NY,36,11714,1,"Metropolitan area core: primary flow within an urbanized area of 50,000 and greater",US,Internal Medicine,S,5261,13502.366666667,455498.05,401758,508,,5158,13253.366666667,447386.48,394369,"#",,,594,330590.81,,4581,121998.91,,86,2908.33,,3490,332496.26,,1771,123001.79,,2216,205746.81,,3045,249751.24,16,61.95,258,,0.30412469112336,0,0,0,,0,39,331.23,32,*,,,*,,76.860236220472,,,,,340,168,261,42,154,28,0,23,156,352,1.2097303958687
1952365579,Kennette,Karen,M,MD,I,77 Miller Road,Suite 1,Castleton,NY,36,12033,1,"Metropolitan area core: primary flow within an urbanized area of 50,000 and greater",US,Pediatric Medicine,S,50,68.266666666667,7050.31,965,39,"#",,,,,"#",,,40,6780.96,*,,,"#",,,,28,3479.32,,22,3570.99,*,,,"#",,,0,0,0,0,0,0,0,0,0,,,,,*,,,*,,71.948717948718,,,,,22,17,35,,0,0,0,,,,0.74466666666667
1952389470,Castiglia,Carolyn,M,DO,I,4042a Austin Blvd,,Island Park,NY,36,11558,1,"Metropolitan area core: primary flow within an urbanized area of 50,000 and greater",US,Family Practice,S,3810,7377.8,345435.28,210548,322,,3273,6589.9333333333,271806.26,188866,,290,,518,271534.22,,3276,73566.43,,16,334.63,,1104,86410.03,,2706,259025.25,,1366,152695.55,,2444,192739.73,12,47.86,132,,0.31496062992126,0,0,0,,0,149,1313.88,81,,17,257.87,*,,72.512422360248,32,162,105,23,245,77,277,,,26,0,,59,263,1.1875984006484
1952394520,Mcswain,Mark,W,M.D.,I,161 Genesee St,Suite 203,Auburn,NY,36,13021,4,"Micropolitan area core: primary flow within an urban cluster of 10,000 to 49,999",US,Internal Medicine,S,11548,15667.966666667,1575540.52,273084,5478,,10177,13883.666666667,1434200.8,238026,,4969,,7319,1503357.53,,4190,69306.91,,39,2876.08,,6648,932742.44999999,,4900,642798.07,,1944,262028.18,,9604,1313512.34,120,2661.73,2927,19,1.0391409767925,,,,,,133,2702.56,78,,13,100.19,*,,71.930631617379,509,3174,1438,357,3139,2339,4876,204,68,69,12,249,852,4626,0.91245784477428
1952456808,Jordan,Michael,R,M.D.,I,325 Essjay Rd,,Williamsville,NY,36,14221,1,"Metropolitan area core: primary flow within an urbanized area of 50,000 and greater",US,Family Practice,S,10723,24316.266666667,1087435.73,713693,861,,9600,22182.166666667,938227.31,652083,,789,,1522,840923.99,,9148,243658.72,,53,2853.02,,8023,762785.97,,2700,324649.76,,1415,177550.09,,9308,909885.64,205,13065.76,7442,48,1.9117784202182,18,9270.23,936,,8.780487804878,183,2366.37,122,*,,,*,,73.361207897793,72,425,262,102,465,396,771,47,,,0,36,87,774,1.2868229527182
1952463937,Daskalakis,Demetre,C,MD,I,275 7th Ave Fl 12,,New York,NY,36,10001,1,"Metropolitan area core: primary flow within an urbanized area of 50,000 and greater",US,Internal Medicine,T,1830,1915.9666666667,340820.91,11665,1441,,1660,1728.6333333333,287509.01,9641,,1322,,1803,340419.59,,27,401.32,,0,0,,1032,202161.22,,798,138659.69,,851,171496.58,,979,169324.33,0,0,0,0,0,0,0,0,0,,,,,,0,0,,0,71.903539208883,119,864,378,80,824,617,588,123,366,264,,,617,824,1.0228537360076
1952755225,Kaur,Navdeep,,M.D.,I,13303 Jamaica Ave,,Jamaica,NY,36,11418,1,"Metropolitan area core: primary flow within an urbanized area of 50,000 and greater",US,Family Practice,S,2475,6648.1,103029.58,195776,359,,2286,6242.1666666667,95492.71,184052,,341,,257,60038.93,,2173,41534.59,,45,1456.06,,2462,102835.04,,13,194.54,,531,19923.95,,1944,83105.63,30,286.41,359,18,1.2121212121212,0,0,0,0,0,55,690.8,50,,0,0,,0,74.066852367688,18,190,104,47,213,146,150,17,90,77,0,25,53,306,1.0131464778678
1962055764,Chen,Xiaoping,,,I,755 61st St,,Brooklyn,NY,36,11220,1,"Metropolitan area core: primary flow within an urbanized area of 50,000 and greater",US,Physician Assistant,S,6948,8039.0333333333,919996.7,232345,778,,6791,7877.9666666667,907881.51,227697,,754,,1604,800907.82,,5265,117400.77,,79,1688.11,,6650,891488.5,,298,28508.2,,6830,906725.01,,118,13271.69,,,,,,,,,,,96,1101.07,79,*,,,*,,71.847043701799,24,561,138,55,404,374,,,755,,,,751,27,0.94990068171325
1962407627,Ajemian,Gregory,,M.D.,I,1046 Esther St,,Franklin Square,NY,36,11010,1,"Metropolitan area core: primary flow within an urbanized area of 50,000 and greater",US,Internal Medicine,S,5107,11212.733333333,523813.41,326268,390,,4639,10368.2,470923.65,302621,,359,,716,414150.95,,4342,107134.31,,49,2528.15,,2169,230012.25,,2938,293801.16,,1081,191550.9,,4026,332262.51,,,,,,,,,,,141,3206.68,99,,27,1227.45,*,,74.712820512821,31,165,134,60,171,219,294,36,,26,,26,66,324,1.3334807169691
1962422972,He,Xiaorong,,M.D.,I,8701 Justice Ave,,Elmhurst,NY,36,11373,1,"Metropolitan area core: primary flow within an urbanized area of 50,000 and greater",US,Internal Medicine,S,38620,47896.533333333,6240066.84,1401532,695,,38121,47340.8,6194860.62,1385383,,680,,9378,5391863.09,,28819,836191.83,,423,12011.92,,31077,4999784.76,,7543,1240282.08,,36118,6020882.8,,2502,219184.04,,,,,,,,,,,434,4877.79,244,,21,274.58,*,,77.736690647482,15,263,249,168,416,279,,,667,,0,16,546,149,1.0419846850523
1962425561,Mcginnis,Mary Joyce,,M.D.,I,24 Computer Dr W,,Albany,NY,36,12205,1,"Metropolitan area core: primary flow within an urbanized area of 50,000 and greater",US,Obstetrics & Gynecology,S,614,1320.7666666667,63992.8,36313,218,,556,1214.1666666667,57503.01,33751,,203,,81,28289.95,,533,35702.85,,0,0,,346,35486.8,,268,28506,,60,5716.68,,554,58276.12,0,0,0,0,0,0,0,0,0,,31,232.36,19,,0,0,,0,71.665137614679,15,128,61,14,,,197,,,,0,13,17,201,0.73131192660552
1962442699,Lam,Kin,,MD,I,110 Lafayette St Ste 601,,New York,NY,36,10013,1,"Metropolitan area core: primary flow within an urbanized area of 50,000 and greater",US,Hematology-Oncology,S,16170,27238.7,9128702,789885,1123,,15736,26574.333333333,8467263.2,770807,,1080,,4260,7995434.52,,11671,1125052.83,,239,8214.65,,12447,6498419.88,,3723,2630282.12,,14558,8009131.14,,1612,1119570.86,96,2073.99,1906,53,0.59369202226345,,,,,,295,3001.1,202,,48,2352.61,,13,76.522707034728,43,493,343,244,693,430,,,1085,11,0,25,904,219,1.4682926328012
1962451344,Koretz,Daniel,J,M.D.,I,6200 Slocum Rd,,Ontario,NY,36,14519,1,"Metropolitan area core: primary flow within an urbanized area of 50,000 and greater",US,Internal Medicine,S,1037,1269.7666666667,132990.7,17752,586,,883,1087.1,114633.26,14372,,505,,685,126909.21,"#",,,*,,,,834,113111.52,,203,19879.18,,266,36985.71,,771,96004.99,,,,,,,,,,,46,406.06,41,,0,0,,0,70.953924914676,81,314,160,31,341,245,547,,0,,0,20,115,471,0.94385677803862
1962460014,Wittig,Geoffrey,,MD,I,60 Red Jacket St,Suite 1,Dansville,NY,36,14437,7,"Small town core: primary flow within an urban cluster of 2,500 to 9,999",US,Family Practice,S,9743,19715.833333333,770862.81,570069,783,,7758,16715.866666667,591118.46,485638,,628,,1178,578176.36,,8471,186005.46,,94,6680.99,,6637,505094.49,,3106,265768.32,,2603,222997.11,,7140,547865.7,478,14538.67,11187,90,4.9060864210202,69,3381.14,1818,,14.435146443515,301,9187.61,165,,18,217.65,*,,70.860791826309,155,343,200,85,424,359,740,,,,,22,191,592,1.0789762779639
1962488254,Pong,Perry,,MD,I,268 Canal St,,New York,NY,36,10013,1,"Metropolitan area core: primary flow within an urbanized area of 50,000 and greater",US,Internal Medicine,S,5863,12051.633333333,807164.09,358176,281,,5633,11634.966666667,761435.58,345779,,269,,902,611601.42,,4878,192505.66,,83,3057.01,,4203,549365.02,,1660,257799.07,,4946,670071.3,,917,137092.79,,,,,,,,,,,25,227.2,18,*,,,*,,75.039145907473,12,131,90,48,122,159,17,,246,,0,,208,73,1.0149456637933
1962494948,Ramirez,Julio,A,MD,I,1 East Tremont Avenue,,Bronx,NY,36,10453,1,"Metropolitan area core: primary flow within an urbanized area of 50,000 and greater",US,Internal Medicine,S,9287,16936.633333333,1286774.14,501285,447,,8224,15671.466666667,1144410.85,464468,,399,,1841,1131372.28,,6960,146446.43,,486,8955.43,,8776,1231925.61,,511,54848.53,,8759,1257237.79,,528,29536.35,46,772.04,904,13,0.49531603316464,0,0,0,0,0,40,937.99,35,,0,0,,0,72.646532438479,48,227,135,37,216,231,,24,0,418,0,,387,60,1.1786510816283
1962514646,Mcadam,Kelly,S,MD,I,601 Elmwood Ave,,Rochester,NY,36,14642,1,"Metropolitan area core: primary flow within an urbanized area of 50,000 and greater",US,Internal Medicine,S,7515,19126.166666667,358557.44,559343,1081,,6866,17636.266666667,317046.31,515706,,1009,,874,193219.73,,6528,159779.84,,113,5557.87,,7399,341069.29,,116,17488.15,,1115,67808.51,,6400,290748.93,690,14957.74,16653,160,9.1816367265469,82,1910.61,2305,19,11.884057971014,114,1585.28,92,*,,,*,,73.9111933395,72,530,348,131,711,370,930,27,21,93,,,134,947,1.1778457273011
1962546499,Sanchez,Janet,I,M.D.,I,4032 Forley St,,Elmhurst,NY,36,11373,1,"Metropolitan area core: primary flow within an urbanized area of 50,000 and greater",US,Internal Medicine,S,12161,27491.333333333,3133352.98,809120,634,,11461,25931.433333333,2968992.72,763272,,588,,2973,2673170.91,,8937,451331.39,,251,8850.68,,10754,2646965.21,,1407,486387.77,,9761,2874889.68,,2400,258463.3,137,3680.85,3344,25,1.1265520927555,0,0,0,0,0,244,25526.16,186,,20,3827.66,*,,74.798107255521,46,280,227,81,444,190,31,,,588,0,,432,202,1.0140676758429
1962550699,Murtezani,Skender,,MD,I,5516 Main St,,Flushing,NY,36,11355,1,"Metropolitan area core: primary flow within an urbanized area of 50,000 and greater",US,Internal Medicine,S,3998,7069.9,381770.37,205207,252,,2863,5576.0666666667,287104.97,162856,,196,,549,272768.5,,3407,106941.98,,42,2059.89,,1454,163857.35,,2544,217913.02,,2477,269207.16,,1521,112563.21,109,3180.66,2481,26,2.7263631815908,0,0,0,0,0,93,772.49,56,,41,522.53,*,,70.349206349206,56,110,62,24,144,108,150,39,,32,,24,106,146,1.1301145733094
1962591750,Zhao,Jiansheng,,MD,I,3907 Prince Street,Suite 4f,Flushing,NY,36,11354,1,"Metropolitan area core: primary flow within an urbanized area of 50,000 and greater",US,Internal Medicine,S,13465,24922.833333333,1473463.6,731657,455,,13342,24735.833333333,1466895.81,726381,"#",,,1963,1169484.22,,11355,299462.74,,147,4516.64,,12473,1348099.01,,992,125364.59,,11766,1345195.76,,1699,128267.84,,,,,,,,,,,240,1662.85,128,,51,2696.86,*,,73.8,,,,,213,242,12,,424,,0,,343,112,1.2130529092348
1962598490,Garfinkel,Abraham,G,M.D.,I,15 Hamilton Ave,,Monticello,NY,36,12701,7,"Small town core: primary flow within an urban cluster of 2,500 to 9,999",US,Family Practice,S,8265,13468.933333333,906491.91,394493,441,,7072,11948.766666667,800087.04,350137,,390,,1318,720507.77,,6861,180873.85,,86,5110.29,,2658,276349.99,,5607,630141.92,,2304,247563.32,,5961,658928.59,513,16456.19,13901,82,6.2068965517241,13,1966.94,351,,2.5341130604288,141,1216.55,88,,102,2570.96,,19,71.69387755102,51,240,124,26,242,199,351,46,,31,,11,74,367,1.0509417571559
1962678458,Ye,Wei,,D.O.,I,4235 Main St Ste 3n,,Flushing,NY,36,11355,1,"Metropolitan area core: primary flow within an urbanized area of 50,000 and greater",US,Family Practice,S,8109,12757.8,1304084.21,374090,617,,7714,12178.233333333,1241882.51,357118,,599,,1849,1105083.63,,6131,196101.36,,129,2899.22,,7196,1124381.2,,913,179703.01,,7662,1253024.12,,447,51060.09,0,0,0,0,0,0,0,0,0,,91,1069.51,84,*,,,*,,73.568881685575,18,389,138,72,360,257,,,589,,0,,545,72,1.1409012602801
1962717512,Arkali,Christine,A,ANP,I,76 Southaven Ave,Suite 5,Medford,NY,36,11763,1,"Metropolitan area core: primary flow within an urbanized area of 50,000 and greater",US,Nurse Practitioner,S,4728,7710.5,474571.5,216106,471,,2876,5225.9,230578,148983,,343,,755,392201.3,,3939,80584.71,,34,1785.49,,2843,272043.07,,1885,202528.43,,3530,436210.91,,1198,38360.59,112,6863.37,1598,25,2.3688663282572,,,,,,180,7676.37,100,*,,,*,,68.048832271762,128,219,96,28,315,156,97,54,,303,,11,304,167,1.2173066407265
1962723924,Persaud,Bianca,,M.D.,I,220 13th St,,Brooklyn,NY,36,11215,1,"Metropolitan area core: primary flow within an urbanized area of 50,000 and greater",US,Family Practice,S,6195,13687.566666667,652726.94,393573,598,,5099,11610.133333333,507736.52,335358,,513,,791,527315.52,,5337,120519.18,,67,4892.24,,5006,528830.26,,1189,123896.68,,2643,403704.01,,3552,249022.93,231,4034.48,4340,85,3.728813559322,0,0,0,0,0,157,2389.83,113,*,,,*,,70.531772575251,85,342,126,45,361,237,320,30,,235,0,,146,452,1.3407890971791
1962766352,George,Malini,S,MD,I,"1991 Marcus Ave, 2nd Floor",,New Hyde Park,NY,36,11042,1,"Metropolitan area core: primary flow within an urbanized area of 50,000 and greater",US,Family Practice,S,7431,19082.633333333,784417.29,567074,580,,7230,18560.4,780165.92,551639,,556,,953,604983.31,,6342,172215.14,,136,7218.84,,5613,580849.48,,1818,203567.81,,1435,236513.47,,5996,547903.82,57,1461.01,1343,24,0.76705692369802,,,,,,47,433.33,35,,11,199.56,*,,76.755172413793,24,221,224,111,383,197,283,92,109,59,,,96,484,1.1858802285092
1962815944,Cambareri,Rocco,M,MD,I,301 Prospect Ave,,Syracuse,NY,36,13203,1,"Metropolitan area core: primary flow within an urbanized area of 50,000 and greater",US,Family Practice,S,12642,31344.966666667,1037997.88,922360,930,,12048,30100.933333333,979082.08,886120,,881,,1146,694306.22,,11387,337484.53,,109,6207.13,,7725,618497.31,,4917,419500.57,,1426,156008.51,,11216,881989.37,376,12172.29,9945,84,2.9742129409903,25,2695.11,750,,6.6489361702128,245,3670.28,161,,84,10734.56,,22,75.076344086022,49,414,314,153,511,419,852,21,,,,43,82,848,1.1271230660778
1962912782,Young,Davis,S,PA,I,1246 State Route 38,,Owego,NY,36,13827,7.1,"Secondary flow 30% to <50% to a urbanized area of 50,000 and greater",US,Physician Assistant,S,3926,8851.2666666667,422353.33,257236,481,,3246,7625.0333333333,327293.27,222085,,420,,626,327166.95,,3270,92828.94,,30,2357.44,,2475,302497.05,,1451,119856.28,,1295,175244.37,,2631,247108.96,64,1402.59,1469,27,1.6301579215486,,,,,,89,2025.72,75,,21,153.77,*,,72.669438669439,61,197,158,65,282,199,456,,,,,11,104,377,1.0540742825552
1962962738,Chernenkoff,Allen,B,R.PH.,I,454 5th Ave,,Brooklyn,NY,36,11215,1,"Metropolitan area core: primary flow within an urbanized area of 50,000 and greater",US,Pharmacist,T,39,39,6571.01,39,38,"#",,,,,"#",,,39,6571.01,,0,0,,0,0,,20,3403.71,,19,3167.3,*,,,"#",,,0,0,0,0,0,0,0,0,0,,0,0,0,*,,,*,,74.605263157895,,,,,25,13,38,0,0,0,0,0,,,1.1245000965054
1972116309,Zheng,Yu-Han,,NP,I,837 59th St,,Brooklyn,NY,36,11220,1,"Metropolitan area core: primary flow within an urbanized area of 50,000 and greater",US,Nurse Practitioner,S,3299,4041.1666666667,563109.67,115358,417,,3280,4010.5666666667,550258.01,114529,"#",,,801,451031.84,,2463,110562.13,,35,1515.7,,3011,511264.5,,288,51845.17,,3210,561611.58,,89,1498.09,0,0,0,0,0,0,0,0,0,,38,330.78,30,*,,,*,,73.270983213429,,,,,219,198,,0,411,,0,,396,21,0.96228800640432
1972528032,Wang,Wei,,M.D.,I,5722 7th Ave,First Floor,Brooklyn,NY,36,11220,1,"Metropolitan area core: primary flow within an urbanized area of 50,000 and greater",US,Family Practice,S,38360,46598.866666667,6311014.77,1349266,678,,36357,44228.633333333,5610129.84,1280602,,646,,8382,4961034.02,,29280,1338849.67,,698,11131.08,,36257,5582072.02,,2103,728942.75,,37824,6252853.43,,536,58161.34,132,3416.9,3504,29,0.34410844629823,0,0,0,0,0,678,43078.8,305,,70,1253.67,,14,71.525073746313,32,467,137,42,331,347,13,,630,32,0,,642,36,1.1066535633592
1972539351,Nunno,Patrick,M,M.D.,I,800 Ayrault Rd Ste 200,,Fairport,NY,36,14450,1,"Metropolitan area core: primary flow within an urbanized area of 50,000 and greater",US,Internal Medicine,S,11291,26324.233333333,768244.54,774730,1017,,10530,25007.466666667,716168.39,736601,,956,,1104,479308.65,,10122,282957,,65,5978.89,,9577,634657.98,,1714,133586.56,,922,69661.19,,10369,698583.35,240,10036.5,5345,47,2.1255867505093,30,1801.4,900,,12.5,198,1607.65,121,,14,1526.84,*,,75.0668633235,61,418,408,130,559,458,938,19,14,14,0,32,61,956,0.92372923538591
1972545788,Yarwood-Wishner,Barbara,J,M.D.,I,73 Market St,,Yonkers,NY,36,10710,1,"Metropolitan area core: primary flow within an urbanized area of 50,000 and greater",US,Internal Medicine,S,1212,2997.6333333333,78327.16,88639,139,,1148,2874.6333333333,74843.05,85032,"#",,,163,53732.33,,1038,23854.6,,11,740.23,,670,46325.26,,542,32001.9,,254,25610.41,,958,52716.75,,,,,,,,,,,15,131.4,12,,0,0,*,,73.78417266187,,,,,105,34,96,19,,14,0,,19,120,0.84990132199569
1972575124,Jee,Paul,Y,M.D.,I,2510 Route 44,,Salt Point,NY,36,12578,1,"Metropolitan area core: primary flow within an urbanized area of 50,000 and greater",US,Internal Medicine,S,8664,18704.1,979179.41,548799,683,,7626,16917.466666667,858784.44,496939,,610,,1256,769390.83,,7337,205510.62,,71,4277.96,,3170,322736.5,,5494,656442.91,,1983,225233.75,,6681,753945.66,217,5216.18,4301,59,2.5046168051708,14,2138.82,346,,6.4516129032258,197,2509.39,126,,32,6674.51,,11,73.557833089312,73,311,197,102,321,362,599,21,11,22,0,30,117,566,1.02783795699
1972603066,Gibson,Ralph,M,M.D.,I,200 Pantigo Pl,Suite H,East Hampton,NY,36,11937,4.1,"Secondary flow 30% to <50% to a urbanized area of 50,000 and greater",US,Internal Medicine,S,2761,4916.7666666667,282586.73,138240,174,,2684,4781.7666666667,271357.37,134210,"#",,,450,197608.72,,2294,83605.06,,17,1372.95,,117,13033.07,,2644,269553.66,,26,6321.62,,2735,276265.11,214,9105.21,3179,16,7.7508149221297,12,3034.56,360,,5.607476635514,142,2177.67,77,,16,425.75,*,,76.298850574713,,,,,97,77,158,,,0,0,11,,,1.0709953003046
1972788875,Barber,Nathan,D,R.P.H,I,3225 3rd Ave,,Bronx,NY,36,10451,1,"Metropolitan area core: primary flow within an urbanized area of 50,000 and greater",US,Pharmacist,T,11,11,1811.46,11,,,11,11,1811.46,11,*,,,11,1811.46,,0,0,,0,0,*,,,*,,,*,,,*,,,0,0,0,,0,0,0,0,,,0,0,,,0,0,*,,75.6,,,,,,,,,,,,,,,0.9625
1568413565,Che,Bi,H,MD,I,210 Canal St,Suiet 203,New York,NY,36,10013,1,"Metropolitan area core: primary flow within an urbanized area of 50,000 and greater",US,Internal Medicine,S,4942,10660.333333333,637424.84,315183,354,,4907,10578.466666667,627661.06,312796,"#",,,963,495672.93,,3958,141591.48,,21,160.43,,4488,594982.66,,454,42442.18,,4381,597081.11,,561,40343.73,,,,,,,,,,,28,235.12,20,,0,0,*,,72.80790960452,,,,,257,97,,0,336,,0,14,285,69,0.85073587570621
1568414126,Moss,Craig,N,MD,I,360 Washington Ave,,Kingston,NY,36,12401,1,"Metropolitan area core: primary flow within an urbanized area of 50,000 and greater",US,Geriatric Medicine,S,6471,13719.533333333,861387.64,400076,644,,6021,12893.933333333,775068.83,376530,,575,,949,690337.6,,5464,168658.76,,58,2391.28,,2087,340328.48,,4384,521059.16,,1363,208854.67,,5108,652532.97,134,2099.7,2203,44,2.0707773141709,,,,,,170,1725.94,128,,62,3102.6,,16,74.91149068323,69,244,208,123,334,310,573,23,,13,,26,119,525,1.2568779509654
1568417533,Caifano,Robert,A,M.D.,I,1850 Ridge Rd E,,Rochester,NY,36,14622,1,"Metropolitan area core: primary flow within an urbanized area of 50,000 and greater",US,Internal Medicine,S,9772,20032.933333333,800747.73,587347,588,,9080,18932.3,743481.07,555207,,543,,1276,574547.01,,8420,220307.72,,76,5893,,8637,682168.51,,1135,118579.22,,1720,148368.63,,8052,652379.1,294,8734.67,7552,64,3.0085959885387,,,,,,182,2079.85,103,,47,811.02,,12,75.702380952381,45,237,183,123,315,273,513,27,,22,,25,81,507,1.1414792480984
1568427243,Chan,Alexander,C,M.D.,I,13-17 Elizabeth Street,Rm 409,New York,NY,36,10013,1,"Metropolitan area core: primary flow within an urbanized area of 50,000 and greater",US,Internal Medicine,S,17977,31391.6,2113161.68,919620,708,,17481,30746.333333333,2040853.3,901003,,691,,2998,1661641.3,,14832,444615.63,,147,6904.75,,13838,1602507.62,,4139,510654.06,,15587,1879088.81,,2390,234072.87,44,752.76,787,19,0.24475718974245,0,0,0,0,0,365,2789.83,194,,48,2142.25,*,,74.994350282486,17,390,192,109,392,316,15,,660,,0,28,530,178,0.95803552107563
1568436004,Jain,Rajiv,,MD,I,1491 Sheridan Dr,,Tonawanda,NY,36,14217,1,"Metropolitan area core: primary flow within an urbanized area of 50,000 and greater",US,Internal Medicine,S,4818,10247.666666667,361020.66,300901,615,,4071,8850.9333333333,286694.89,260214,,528,,574,270858.09,,4183,87085.35,,61,3077.22,,3479,259098.46,,1339,101922.2,,1122,118190.35,,3696,242830.31,96,2770.9,2668,26,1.9925280199253,18,1908.08,540,,18.75,28,189.87,24,*,,,*,,71.934959349593,87,297,169,62,375,240,529,40,,17,,17,135,480,1.0846269212339
1568441921,Blumenthal,Steven,J,MD,I,98 Woodchuck Hollow Rd,,Cold Spring Harbor,NY,36,11724,1,"Metropolitan area core: primary flow within an urbanized area of 50,000 and greater",US,Internal Medicine,S,12677,14769.6,2116719.3100001,116135,9554,,11939,13859.933333333,2005678.4700001,107392,,9008,,11565,2084616.7400001,"#",,,*,,,,2661,437716.48,,10016,1679002.8300001,,1425,240330.36,,11252,1876388.9500001,,,,,,,,,,,16,274.66,13,,0,0,,0,73.076617123718,546,5341,2981,686,5478,4076,7803,438,,482,,520,978,8576,0.91159553767768
1568469096,Hoda,Tahirul,,M.D.,I,6889 Route 434,,Apalachin,NY,36,13732,1,"Metropolitan area core: primary flow within an urbanized area of 50,000 and greater",US,Family Practice,S,4122,9547.9666666667,408958.68,280915,362,,3458,8173.8666666667,305481.28,240434,,299,,591,324485.98,,3500,83189.05,,31,1283.65,,2184,202114.95,,1938,206843.73,,1394,163656.81,,2728,245301.87,86,8263.96,2297,36,2.0863658418244,,,,,,70,16508.27,42,*,,,*,,71.28729281768,63,172,102,25,158,204,337,,,11,,,74,288,1.0543300381492
1568486793,Klein,Arthur,D,DO,I,90 E Main St,,Washingtonville,NY,36,10992,1,"Metropolitan area core: primary flow within an urbanized area of 50,000 and greater",US,Family Practice,S,5817,13714.566666667,649317.08,406575,558,,5600,13273.866666667,627648.31,393556,,519,"#",,,,4916,127358.48,*,,,,2012,182051.2,,3805,467265.88,,803,124974.8,,5014,524342.28,15,473.22,313,,0.25786487880351,0,0,0,,0,71,1020.97,49,*,,,*,,73.345878136201,39,284,187,48,279,279,485,16,,30,,22,59,499,0.92829930070203
1568491967,Hsu,Ricky,K,MD,I,352 7th Ave,Rm 1205,New York,NY,36,10001,1,"Metropolitan area core: primary flow within an urbanized area of 50,000 and greater",US,Internal Medicine,S,7460,8324.0666666667,6455783.59,240926,119,,3798,4443.9,3241225.76,129327,,77,,2534,6161256.51,,4878,293143.25,,48,1383.83,,2259,1651242.77,,5201,4804540.82,,3832,3098438.75,,3628,3357344.84,88,1824.59,2184,15,1.1796246648794,,,,,,80,27430.2,32,*,,,*,,66.268907563025,42,59,18,0,,,81,13,,13,0,,44,75,1.4451757703081
1568607919,Jang,Hangjun,,"M.D., PH.D.",I,15009 Northern Blvd,,Flushing,NY,36,11354,1,"Metropolitan area core: primary flow within an urbanized area of 50,000 and greater",US,Internal Medicine,S,35378,53386.966666667,7372211.8200001,1561165,1073,,34151,51725.133333333,6966197.4400001,1512473,,1046,,8863,6185069.5,,25744,1143883.73,,771,43258.59,,26591,5172950.46,,8787,2199261.36,,31619,6841701.1900001,,3759,530510.63,230,5964.24,4829,81,0.65012154446266,0,0,0,0,0,456,8109.68,233,,101,41245.14,,27,74.477166821994,27,564,360,122,619,454,11,,982,,0,70,806,267,1.2254835419555
1568618742,Frangas,Alexander,,M.D.,I,30 Newbridge Rd,Suite 200,East Meadow,NY,36,11554,1,"Metropolitan area core: primary flow within an urbanized area of 50,000 and greater",US,Internal Medicine,S,4649,10781.266666667,415992.26,315820,601,,4301,10015.9,365734.46,293136,,562,,534,290402.26,,4090,124214.6,,25,1375.4,,823,92036.98,,3826,323955.28,,612,112287.89,,4037,303704.37,47,1585.7,956,24,1.010970101097,,,,,,141,1917.96,108,,11,112.72,*,,72.757071547421,39,356,147,59,345,256,511,19,12,28,0,31,47,554,0.88933356754464
1568641827,Lupski,Robert,S,RPH,I,403 William Floyd Pkwy,,Shirley,NY,36,11967,1,"Metropolitan area core: primary flow within an urbanized area of 50,000 and greater",US,Pharmacist,T,18,19.333333333333,2516.55,116,18,"#",,,,,"#",,,16,2489.28,*,,,"#",,,*,,,"#",,,*,,,"#",,,0,0,0,0,0,0,0,0,0,,0,0,0,*,,,*,,74.666666666667,,,,,,,16,,0,0,0,,,,1.0355555555556
1568717916,Karmally,Rachel,,M.D.,I,1425 Portand Avenue,,Rochester,NY,36,14621,1,"Metropolitan area core: primary flow within an urbanized area of 50,000 and greater",US,Internal Medicine,S,5771,11537.433333333,543312.5,337463,564,,4456,9185.5333333333,415632.74,269360,,438,,861,428761.56,,4770,108218.08,,140,6332.86,,3241,311207.79,,2530,232104.71,,2849,312878.42,,2922,230434.08,285,6043.76,7461,62,4.9384855311038,11,113.07,330,,3.859649122807,38,37147.96,28,,18,796.19,*,,70.601063829787,126,260,113,65,356,208,56,485,,15,0,,247,317,1.9037412087528
1568738540,Hodges,Mark,H,M.D.,I,601 Elmwood Ave,Box Med,Rochester,NY,36,14642,1,"Metropolitan area core: primary flow within an urbanized area of 50,000 and greater",US,Internal Medicine,S,8431,20133.6,650131.65,591580,690,,7893,19122.833333333,581222.18,562160,,655,,887,461173.85,,7461,184968.32,,83,3989.48,,6639,491831.72,,1792,158299.93,,972,133804.1,,7459,516327.55,290,8249.11,6763,62,3.4396868698849,23,2723.91,647,,7.9310344827586,198,5977.37,116,,11,275.43,*,,74.428985507246,35,339,241,75,431,259,588,40,,12,,45,45,645,0.94916815540255
1568753978,Daly,Ian,T,M.D.,I,5700 W Genesee St,"Family Care Medical Group, Ste. 109n",Camillus,NY,36,13031,1,"Metropolitan area core: primary flow within an urbanized area of 50,000 and greater",US,Family Practice,S,5309,11623.966666667,356296.35,340078,423,,5041,11082.966666667,332622.6,324164,,397,,616,262588.74,,4671,93057.55,,22,650.06,,3268,241605.56,,2041,114690.79,,446,33845.37,,4863,322450.98,95,2039,2436,19,1.789414202298,0,0,0,0,0,97,717.58,71,,17,461.82,*,,74.323877068558,26,192,153,52,231,192,397,,,,0,14,24,399,1.0492928039258
1568760171,Kraft,Robert,L,"D.O., R.PH.",I,2085 Rt 5&20,,Seneca Falls,NY,36,13148,4,"Micropolitan area core: primary flow within an urban cluster of 10,000 to 49,999",US,Pharmacist,T,11,11,1970.56,11,,*,,,,,*,,,11,1970.56,,0,0,,0,0,*,,,*,,,,0,0,,11,1970.56,0,0,0,,0,0,0,0,,,0,0,,*,,,*,,73.1,,,,,,,,,,,,,,,0.5753
1568906337,Rozmarin,Eleonora,,NP,I,1009 Brighton Beach Ave Ste 2,,Brooklyn,NY,36,11235,1,"Metropolitan area core: primary flow within an urbanized area of 50,000 and greater",US,Nurse Practitioner,S,7111,7844.3,1911072.72,231406,122,,6741,7450.9666666667,1787914.15,219892,"#",,,2579,1720365.76,,4459,189349.39,,73,1357.57,,605,142013.92,,6506,1769058.8,,6943,1887880.24,,168,23192.48,60,1911.92,1532,16,0.84376318379975,0,0,0,0,0,71,4583.41,41,,11,14391.49,*,,75.040983606557,,,,,79,43,103,,,,0,11,108,14,1.5370170765027
1568983062,Ahmed,Saba,N,MBBS,I,130 Center Way,,Corning,NY,36,14830,4,"Micropolitan area core: primary flow within an urban cluster of 10,000 to 49,999",US,Internal Medicine,S,1266,2148.5,115588.16,60401,200,,958,1678.0333333333,86580.45,47524,,147,"#",,,,1091,28358.53,*,,,,659,56886.08,,607,58702.08,,531,51158.19,,735,64429.97,13,673.38,256,,1.0268562401264,,,,,,52,391.45,43,*,,,*,,69.585,53,82,47,18,108,92,182,,,,0,,68,132,1.4461448117431
1578084604,Hernandez Rodriguez,Julio Ivan Alexander,,MD,I,301 E Main St,,Bay Shore,NY,36,11706,1,"Metropolitan area core: primary flow within an urbanized area of 50,000 and greater",US,Family Practice,S,5391,11561.966666667,517804.37,333483,724,,4907,10593.8,486476.37,305773,,667,,637,392038.48,,4694,123446.46,,60,2319.43,,5231,496054.82,,160,21749.55,,3741,410332.22,,1650,107472.15,52,440.37,776,30,0.96457058059729,0,0,0,0,0,78,16576.45,61,,23,560.23,*,,72.631215469613,57,403,204,60,339,385,22,141,,553,,,419,305,1.840382704429
1578505392,Uribe,Alejandra,M,D.O.,I,71 Metropolitan Oval,"Boro Medical, P.C,",Bronx,NY,36,10462,1,"Metropolitan area core: primary flow within an urbanized area of 50,000 and greater",US,Family Practice,S,8279,15675.4,1337689.7,460083,427,,7218,13810.466666667,1151858.46,405720,,372,,1729,1170315.61,,6352,158719.9,,198,8654.19,,7346,1173418.56,,933,164271.14,,7793,1315482.86,,486,22206.84,37,292.76,835,12,0.44691387848774,0,0,0,0,0,48,951.15,38,,37,386.13,*,,72.707259953162,55,205,122,45,292,135,12,46,,363,0,,366,61,1.3099704681324
1578547006,Field,Jonathan,,MD,I,10 Union Sq E,,New York,NY,36,10003,1,"Metropolitan area core: primary flow within an urbanized area of 50,000 and greater",US,Allergy/ Immunology,S,6609,6953.9333333333,1147930.31,31569,4954,,6053,6363.6666666667,1034078.08,27276,,4591,,6157,1133575.53,,452,14354.78,,0,0,,1432,235839.89,,5177,912090.41999997,,1032,192155.51,,5577,955774.79999997,,,,,,,,,,,33,496.19,21,,0,0,,0,72.633427533306,363,2731,1546,314,2785,2169,4111,173,,305,,245,635,4319,0.91713915321296
1578551560,Shen,Tsun,Y,M.D.,I,268 Canal St,,New York,NY,36,10013,1,"Metropolitan area core: primary flow within an urbanized area of 50,000 and greater",US,Internal Medicine,S,6290,12132.5,809962.96,359516,402,,6069,11699.5,771005.51,346743,,382,,1102,645822.6,,4991,159284.39,,197,4855.97,,5341,694237.71,,949,115725.25,,6066,801659.52,,224,8303.44,0,0,0,0,0,0,0,0,0,,15,185.96,13,*,,,*,,72.691542288557,20,233,111,38,177,225,,,387,,0,,370,32,0.97898317806192
1578571469,Lackey,Roy,S,MD,I,161 Fort Washington Ave,Suite 421,New York,NY,36,10032,1,"Metropolitan area core: primary flow within an urbanized area of 50,000 and greater",US,Internal Medicine,S,3127,6986.7,333768.27,204403,443,,3030,6785.6333333333,313101.98,198493,,425,"#",,,,2612,75089.34,*,,,,647,48900.85,,2480,284867.42,,323,41240.05,,2804,292528.22,,,,,,,,,,,55,1165.56,37,*,,,*,,75.002257336343,18,208,161,56,216,227,286,58,30,43,0,26,37,406,1.0003815707899
1578592978,Schneider,Michael,S,M.D.,I,2400 S Clinton Ave,Bldg H Ste 230,Rochester,NY,36,14618,1,"Metropolitan area core: primary flow within an urbanized area of 50,000 and greater",US,Internal Medicine,S,10602,23096.633333333,606885.84,671972,938,,10033,22101.6,549847.21,643916,,889,,847,367532.42,,9698,233870.43,,57,5482.99,,9062,467310.63,,1540,139575.21,,913,84813.29,,9689,522072.55,299,9509.58,6601,64,2.8202225995095,27,2712.74,810,,9.0301003344482,277,2365.23,148,,46,867.99,,13,75.130063965885,49,437,298,154,477,461,795,59,,13,,67,55,883,1.0138194743365
1578625737,Ngai,Yi,,M.D.,I,13338 41st Rd,Suite Co-3,Flushing,NY,36,11355,1,"Metropolitan area core: primary flow within an urbanized area of 50,000 and greater",US,Family Practice,S,21559,32578.366666667,4411985.13,964344,667,,21244,32069.066666667,4330059.41,949462,"#",,,6841,4016527.76,,14381,381603.84,,337,13853.53,,19804,3962148.95,,1755,449836.18,,20006,4123682.83,,1553,288302.3,,,,,,,,,,,220,7184.3,158,,43,5641.88,*,,75.836581709145,,,,,423,244,,,642,,0,,557,110,1.0819677907749
1578646477,Bundoc,Susana,D,MD,I,6200 Beach Channel Dr,,Arverne,NY,36,11692,1,"Metropolitan area core: primary flow within an urbanized area of 50,000 and greater",US,Internal Medicine,S,5766,12361.7,780567.23,364287,253,,4343,9332.8333333333,582361.42,275199,,191,,1302,679179.4,,4292,96526.43,,172,4861.4,,4255,540091.72,,1511,240475.51,,4817,681180.44,,949,99386.79,0,0,0,0,0,0,0,0,0,,43,3410.33,29,*,,,*,,68.715415019763,62,111,58,22,150,103,28,140,14,59,0,12,195,58,1.7915084569097
1578678256,Makalatia,Nana,A,MD,I,5141 Broadway,,New York,NY,36,10034,1,"Metropolitan area core: primary flow within an urbanized area of 50,000 and greater",US,Geriatric Medicine,S,2687,6194.5666666667,283570.42,182712,350,,2687,6194.5666666667,283570.42,182712,,350,,401,227000.98,,2268,54954.03,,18,1615.41,,1379,163230.18,,1308,120340.24,,1179,188273.11,,1508,95297.31,23,720.14,629,,0.85597320431708,0,0,0,,0,36,446.84,27,,23,2077.66,,12,81.557142857143,0,82,136,132,242,108,192,34,,104,,12,122,228,1.3818308213651
1578694683,Singh,Nisha,,M.D.,I,8100 Oswego Rd,Suite 220,Liverpool,NY,36,13090,1,"Metropolitan area core: primary flow within an urbanized area of 50,000 and greater",US,Family Practice,S,3775,8024.2666666667,175277.83,232948,409,,3439,7492.1333333333,163887.6,217499,,387,,360,108642.1,,3380,64760.91,,35,1874.82,,2575,122138.5,,1200,53139.33,,459,25868.32,,3316,149409.51,65,1033.3,1647,23,1.7218543046358,0,0,0,0,0,151,1269.39,114,*,,,*,,72.919315403423,22,233,124,30,291,118,382,,,,0,,27,382,0.92835946615281
1578718920,Polyakova,Natalia,,,I,1010 Central Park Ave,,Yonkers,NY,36,10704,1,"Metropolitan area core: primary flow within an urbanized area of 50,000 and greater",US,Internal Medicine,S,4032,9530.8333333333,442352.62,279824,440,,3620,8654.4333333333,402817.7,254733,,402,,577,357155.88,,3389,82784.35,,66,2412.39,,2686,296349,,1346,146003.62,,1498,182093.05,,2534,260259.57,64,648.89,1280,17,1.5873015873016,0,0,0,0,0,65,290.59,42,*,,,*,,73.363636363636,38,217,133,52,312,128,137,161,36,76,0,30,130,310,1.0507949837139
1578947750,Gomez Lopez,Tatiana,F,,I,"10211 Roosevelt Ave # 4",,Corona,NY,36,11368,1,"Metropolitan area core: primary flow within an urbanized area of 50,000 and greater",US,Internal Medicine,S,3254,5060.2666666667,215864.16,146476,218,,2989,4663.4666666667,177598.26,134858,,195,,423,171257.32,,2752,42594.44,,79,2012.4,,3087,206338.5,,167,9525.66,,2861,204741.48,,393,11122.68,,,,,,,,,,,78,1993.93,50,,12,4400.64,*,,71.642201834862,23,127,41,27,148,70,,,,197,0,,181,37,1.0373111620795
1578958914,Goodman,Debbie,,,I,234 E 85th St,,New York,NY,36,10028,1,"Metropolitan area core: primary flow within an urbanized area of 50,000 and greater",US,Internal Medicine,S,3619,8505.3,271914.22,251346,438,,3173,7614.2666666667,238197.85,225230,,389,,437,194512.96,,3124,74354.49,,58,3046.77,,1633,125611.45,,1986,146302.77,,1267,127891.88,,2352,144022.34,20,748.33,544,,0.55263885051119,,,,,,35,1554.89,29,*,,,*,,71.668949771689,49,237,121,31,343,95,201,83,,113,,25,110,328,1.2315696061164
1588118368,Liu,Victoria,,NP,I,57 Willoughby St,,Brooklyn,NY,36,11201,1,"Metropolitan area core: primary flow within an urbanized area of 50,000 and greater",US,Nurse Practitioner,S,11534,13754.533333333,1881206.39,401965,741,,11211,13356.133333333,1812375.3,390547,,721,,2916,1648129.48,,8482,229761.75,,136,3315.16,,10391,1716450.74,,1143,164755.65,,11385,1858186.37,,149,23020.02,,,,,,,,,,,75,846.3,65,,47,1191.77,,18,73.851551956815,20,469,143,109,379,362,0,,734,,0,,721,20,1.1540871926112
1588210561,Sanchez,Darlene,M,FNP,I,389 Merrick Ave,,Merrick,NY,36,11566,1,"Metropolitan area core: primary flow within an urbanized area of 50,000 and greater",US,Nurse Practitioner,S,1438,2936.7,216586.51,83863,263,,1124,2338.5666666667,171082.83,67087,,209,,272,191622.13,,1149,24214.67,,17,749.71,,977,145290.63,,461,71295.88,,1029,178319.91,,409,38266.6,12,90.27,250,,0.83449235048679,0,0,0,,0,42,1179.99,36,,13,418.21,*,,69.022813688213,54,138,53,18,184,79,69,15,,171,,,167,96,1.1891541531418
1588217103,Hsieh,Chih Yuan,,NP,I,161 Fort Washington Ave Fl 5,,New York,NY,36,10032,1,"Metropolitan area core: primary flow within an urbanized area of 50,000 and greater",US,Nurse Practitioner,S,3210,5066.2,528016.8,147262,295,,2881,4632.6666666667,477171.99,134692,,277,,720,453576.05,,2427,73241.9,,63,1198.85,,2651,470028.35,,559,57988.45,,2978,501484.86,,232,26531.94,,,,,,,,,,,46,293.58,31,,45,754.15,,11,73.484745762712,18,172,68,37,148,147,,,280,,0,,254,41,1.0368560250049
1588623714,Pfalzer,David,F,MD,I,2914 Elmwood Ave,,Kenmore,NY,36,14217,1,"Metropolitan area core: primary flow within an urbanized area of 50,000 and greater",US,Family Practice,S,8736,20706.566666667,584209.76,607921,585,,8428,20139.233333333,525161.88,591737,,555,,949,403288.01,,7706,175922.05,,81,4999.7,,6611,389219.9,,2125,194989.86,,930,114302.42,,7806,469907.34,203,2568.58,3398,58,2.3237179487179,0,0,0,0,0,116,1597.5,77,,91,9406.58,,27,73.779487179487,30,315,163,77,293,292,547,,,,0,19,55,530,0.93358933179263
1588629216,Charles,Richard,E,M.D.,I,85 High St,,Buffalo,NY,36,14203,1,"Metropolitan area core: primary flow within an urbanized area of 50,000 and greater",US,Internal Medicine,S,7056,15823.5,975810.88,454285,1651,,6431,14662.066666667,898859.46,421167,,1502,,1184,816091.26,,5806,154973.56,,66,4746.06,,4632,620601.46,,2424,355209.42,,1695,263186.89,,5361,712623.99,16,440.51,414,,0.22675736961451,0,0,0,,0,325,12228.18,251,,15,135.18,*,,74.465172622653,149,714,545,243,1004,647,1111,448,,26,,58,291,1360,1.6511828225961
1588641849,Scafuri,Frank,,D.O.,I,2177 Victory Blvd,,Staten Island,NY,36,10314,1,"Metropolitan area core: primary flow within an urbanized area of 50,000 and greater",US,Internal Medicine,S,19001,42908.566666667,3407147.48,1271627,2072,,16615,38515.633333333,2353613.46,1143029,,1807,,2826,2887868.05,,16037,510288.07,,138,8991.36,,9235,1646423.79,,9766,1760723.69,,4719,1377382.28,,14282,2029765.2,74,1983.77,2136,27,0.38945318667439,,,,,,361,208384.25,225,,43,3212.13,,12,72.781370656371,265,951,634,222,1257,815,1733,64,78,122,0,75,362,1710,1.1148091637628
1588643423,Keenen,Charles,H,MD,I,37 W Garden St,Suite 102,Auburn,NY,36,13021,4,"Micropolitan area core: primary flow within an urban cluster of 10,000 to 49,999",US,Family Practice,S,4565,9426.6333333333,885002.14,277606,216,,3609,7932.1,701052.37,233631,,189,,946,776799.69,,3515,101640.72,,104,6561.73,,2406,455803.45,,2159,429198.69,,1735,388199.14,,2830,496803,141,11027.02,4133,19,3.0887185104053,34,7356.15,1020,,24.113475177305,59,470.66,37,*,,,*,,72.569444444444,27,103,60,26,103,113,199,,,,0,,49,167,1.3177141506751
1588644991,Patel,Girish,,M.D.,I,765 Amsterdam Ave,"#1f",New York,NY,36,10025,1,"Metropolitan area core: primary flow within an urbanized area of 50,000 and greater",US,Internal Medicine,S,25679,48113.5,1933030.21,1390794,1192,,23418,44396.6,1708017.91,1286426,,1081,,2887,1426500.34,,22554,497355.25,,238,9174.62,,17627,1267334.28,,8052,665695.93,,19135,1489024.44,,6544,444005.77,245,2202.36,5874,52,0.95408699715721,0,0,0,0,0,580,11918.56,317,,434,35913.2,,87,75.432046979866,111,462,407,212,745,447,152,385,50,552,,,710,482,1.4435591218237
1588654172,Contacessa,Frank,J,M.D.,I,16 Orchard Dr,,Armonk,NY,36,10504,1,"Metropolitan area core: primary flow within an urbanized area of 50,000 and greater",US,Internal Medicine,S,2412,5352.3333333333,143306.44,155090,277,,2363,5256.4666666667,138567.22,152265,"#",,,275,91282.41,,2114,50592.68,,23,1431.35,,712,47440.27,,1700,95866.17,,86,7409.26,,2326,135897.18,34,2334.36,555,,1.4096185737977,0,0,0,,0,56,745.63,42,*,,,*,,74.061371841155,,,,,137,140,239,,,11,0,22,13,264,0.85644671536611
1588667893,Maclean,Craig,K,DO,I,3040 Amsdell Rd,,Hamburg,NY,36,14075,1,"Metropolitan area core: primary flow within an urbanized area of 50,000 and greater",US,Family Practice,S,11569,28990.166666667,1472425.02,853487,772,,10738,27204.4,1322542.01,801231,,716,,1747,1188137.15,,9718,278639.47,,104,5648.4,,8268,978065.85,,3301,494359.17,,1811,377258.5,,9758,1095166.52,156,8173.33,2815,50,1.3484311522171,,,,,,228,3349.18,133,,23,7222.33,*,,74.388601036269,56,358,250,108,397,375,742,,,,0,18,83,689,1.1915808986968
1588669949,Keib Cramer,Caroline,W,MD,I,739 Irving Ave,Ste 200,Syracuse,NY,36,13210,1,"Metropolitan area core: primary flow within an urbanized area of 50,000 and greater",US,Internal Medicine,S,8375,18342.766666667,664383.85,538876,540,,7631,17087.3,609470.96,502394,,501,,933,464559.02,,7396,196350.06,,46,3474.77,,4587,335548.46,,3788,328835.39,,998,64389.73,,7377,599994.12,226,16294.49,5914,40,2.6985074626866,12,12588.24,360,,5.3097345132743,104,764.45,75,,55,7082.52,*,,73.396296296296,39,285,155,61,461,79,482,22,,,0,27,40,500,0.93236241097136
1588692552,Beira,Richard,J,M.D.,I,3485 E Tremont Ave,,Bronx,NY,36,10465,1,"Metropolitan area core: primary flow within an urbanized area of 50,000 and greater",US,Family Practice,S,21335,28892.566666667,3288463.18,835740,1030,,13029,18288.833333333,1795462.52,530574,,606,,4444,2813986.49,,16339,448941.04,,552,25535.65,,17707,2705692.67,,3628,582770.51,,19262,3029956.46,,2073,258506.72,880,20373.44,23827,278,4.12467775955,,,,,,309,36610.01,179,,169,29245.89,,36,64.433980582524,424,413,162,31,583,447,92,332,,553,,30,845,185,1.4067658818087
1588698203,Mcgoldrick,Dennis,M,RPA C,I,4855 Camp Rd,Suite 100,Hamburg,NY,36,14075,1,"Metropolitan area core: primary flow within an urbanized area of 50,000 and greater",US,Physician Assistant,S,3470,6544.2666666667,220886.6,189044,537,,2581,5284.1666666667,164208.42,153313,,442,,410,145405.39,,3027,70970.38,,33,4510.83,,1765,104781.56,,1705,116105.04,,1366,77971.52,,2104,142915.08,56,1087.07,1289,23,1.6138328530259,,,,,,118,1375.85,76,,12,2359.3,*,,71.003724394786,95,238,152,52,202,335,513,,0,12,0,,126,411,1.1743912436708
1588751515,Smith,Neal,T,M.D.,I,5973 Walworth Rd,,Ontario,NY,36,14519,1,"Metropolitan area core: primary flow within an urbanized area of 50,000 and greater",US,Family Practice,S,3275,8115.3333333333,158389.36,238135,325,,3196,7954.3333333333,157152.5,233581,,310,,331,91693.16,,2932,65986.04,,12,710.16,,3004,151563.18,,271,6826.18,,98,3311.18,,3177,155078.18,82,1217.09,1648,15,2.5038167938931,,,,,,43,511.54,31,,0,0,,0,74.390769230769,15,151,121,38,141,184,304,,,0,0,19,19,306,0.92935181924335
1588751671,Savillo,Robert,,MD,I,"505 E 70th St # Ht-4",,New York,NY,36,10021,1,"Metropolitan area core: primary flow within an urbanized area of 50,000 and greater",US,Internal Medicine,S,6838,14269.6,1352620.36,417972,536,,5734,12427.966666667,861109.67,365450,,476,,1114,953680.32,,5577,394668.08,,147,4271.96,,2918,642573.35,,3920,710047.01,,3259,892875.61,,3579,459744.75,292,65080.3,6082,39,4.2702544603685,26,57668.09,760,,8.9041095890411,90,1205,62,,36,5048.76,*,,73.902985074627,60,220,195,61,287,249,274,103,24,105,0,30,208,328,1.3547665339872
1588764484,Choi,Mike,J,MD,I,2517 Vestal Pkwy E,,Vestal,NY,36,13850,1,"Metropolitan area core: primary flow within an urbanized area of 50,000 and greater",US,Family Practice,S,6810,15450.566666667,593246.37,450006,552,,5746,13739.033333333,525847.52,401231,,488,,920,458469.27,,5851,132413.61,,39,2363.49,,3442,356928.04,,3368,236318.33,,1546,134106.2,,5264,459140.17,95,1254.47,1671,35,1.3950073421439,,,,,,176,1726.51,112,,23,781.43,*,,72.69384057971,64,258,175,55,251,301,514,,,,0,19,89,463,0.98736736483034
1588774921,Park,Jia,,M.D,I,210-08 35th Avenue,,Bayside,NY,36,11361,1,"Metropolitan area core: primary flow within an urbanized area of 50,000 and greater",US,Family Practice,S,10302,20591.566666667,1192954.14,607492,649,,10047,20190.7,1172597.36,595696,,630,,1399,1013834.7,,8729,175552.08,,174,3567.36,,8894,962667.22,,1408,230286.92,,7046,971371.42,,3256,221582.72,30,435.42,565,11,0.29120559114735,0,0,0,0,0,114,1218.4,84,,23,555.59,*,,72.078582434515,19,434,146,50,368,281,51,,532,23,,41,341,308,0.80540469181068
1598023582,Kwon,Hea,R,,I,8248 135th St Apt 2h,,Jamaica,NY,36,11435,1,"Metropolitan area core: primary flow within an urbanized area of 50,000 and greater",US,Nurse Practitioner,S,8350,10310.933333333,993799.15,304174,207,,8157,10039.433333333,970657.91,296094,"#",,,1827,891383.89,,6425,98926.29,,98,3488.97,,6709,751325.03,,1641,242474.12,,7774,979966.56,,576,13832.59,,,,,,,,,,,34,312.66,24,,0,0,*,,72.87922705314,,,,,116,91,,0,187,,0,11,169,38,1.0183655909105
1598031924,Wang,Sheng,,M.D.,I,450 E 63rd St Apt 4e,,New York,NY,36,10065,1,"Metropolitan area core: primary flow within an urbanized area of 50,000 and greater",US,Internal Medicine,S,1950,2974.6666666667,178895.91,85660,80,,1950,2974.6666666667,178895.91,85660,,80,,260,105170.44,,1670,73436.64,,20,288.83,,1870,175769.67,,80,3126.24,,1877,173870.4,,73,5025.51,0,0,0,0,0,0,0,0,0,,45,439.69,30,*,,,*,,70.725,0,65,,,41,39,0,,77,,0,0,,,0.932575
1598038507,Morabito,Joseph,A,PA,I,5100 W Taft Rd,Suite 2y,Liverpool,NY,36,13088,1,"Metropolitan area core: primary flow within an urbanized area of 50,000 and greater",US,Physician Assistant,S,10106,19387.1,1090750.26,566641,781,,6627,13547.833333333,673064.26,397602,,573,,1670,876200.62,,8330,209412.78,,106,5136.86,,7074,747499.44,,3032,343250.82,,5294,665050.81,,4812,425699.45,79,2083.8,1756,26,0.78171383336632,,,,,,131,1638.19,92,,30,2220.51,*,,68.364916773367,208,346,169,58,347,434,666,39,28,,,26,291,490,1.1602570076629
1598077679,Balguri,Sumanth,,M.D.,I,42 W Main St,,Owego,NY,36,13827,7.1,"Secondary flow 30% to <50% to a urbanized area of 50,000 and greater",US,Family Practice,S,5162,11254.666666667,448595.63,325762,427,,4471,10018.8,370582.35,290277,,380,,708,343865.48,,4414,103043.06,,40,1687.09,,2646,248435.24,,2516,200160.39,,1410,121774.58,,3752,326821.05,81,1719.09,2034,21,1.5691592406044,0,0,0,0,0,186,3903.42,108,*,,,*,,73.599531615925,47,178,143,59,203,224,411,,0,,0,11,76,351,1.1250073782736
1598100612,Jones,Elizabeth,M,NP,I,1 Gustave L Levy Pl,,New York,NY,36,10029,1,"Metropolitan area core: primary flow within an urbanized area of 50,000 and greater",US,Nurse Practitioner,S,3291,6055.0666666667,363895.21,176439,393,,2783,5164.6333333333,307754.64,150541,,327,,700,312370.09,,2527,49324.83,,64,2200.29,,2597,225023.37,,694,138871.84,,2192,275509.26,,1099,88385.95,86,718.71,1528,13,2.6131874810088,12,110.08,360,,13.953488372093,13,125.48,11,*,,,*,,73.363867684478,66,151,104,72,274,119,97,128,,154,,,216,177,1.4403323284102
1598381535,Gao,Xue Qin,,NP,I,71-44 160th St. Unit 1,,Flushing,NY,36,11365,1,"Metropolitan area core: primary flow within an urbanized area of 50,000 and greater",US,Nurse Practitioner,S,4825,6826.3,837214.42,195899,624,,4756,6751.5,811466.54,193879,,601,,1167,731840.58,,3562,102085.87,,96,3287.97,,4470,776934.02,,355,60280.4,,4716,799978.54,,109,37235.88,0,0,0,0,0,0,0,0,0,,62,3010.6,46,*,,,*,,72.608974358974,23,408,134,59,307,317,,,604,,0,,598,26,1.1378242879587
1598719106,Collins,Steven,M,M.D.,I,5877 Old State Rd,,Belmont,NY,36,14813,9,"Small town low commuting: primary flow 10% to <30% to a urban cluster of 2,500 to 9,999",US,Family Practice,S,7675,15515.966666667,538737.7,454120,381,,6247,13477.333333333,446180.74,395466,,311,,777,384300.46,,6837,149963.04,,61,4474.2,,4479,283811.65,,3196,254926.05,,2879,209428.56,,4796,329309.14,292,7169.96,7980,67,3.8045602605863,24,968.95,694,,8.2191780821918,130,1047.82,87,,35,775.06,*,,71.482939632546,70,166,119,26,165,216,359,,0,0,,18,110,271,0.99016151383176
1598719460,Picco,Pasquale,,M.D.,I,20 Elm St,,Hornell,NY,36,14843,4,"Micropolitan area core: primary flow within an urban cluster of 10,000 to 49,999",US,Internal Medicine,S,20762,45244.3,3404550,1329070,1014,,18245,40753.966666667,2656534.87,1197806,,920,,4666,2981040.46,,15830,407869.45,,266,15640.09,,11272,1599702.93,,9490,1804847.07,,5948,1324446.09,,14814,2080103.91,415,31132.99,11110,54,1.9988440419998,50,24311.92,1416,,12.048192771084,541,12073.9,219,,39,1032.01,*,,74.32741617357,94,442,353,125,545,469,976,,,,0,32,205,809,1.2605832693195
1598721078,Carroll,James,E,MD,I,16 Danforth St,,Hoosick Falls,NY,36,12090,2,"Metropolitan area high commuting: primary flow 30% or more to a urbanized area of 50,000 and greater",US,Family Practice,S,17021,30427.066666667,1349124.89,860906,962,,13622,25567.633333333,1018988.2,727129,,834,,2368,965395.09,,14453,373240.95,,200,10488.85,,9459,741885.93,,7562,607238.96,,7117,665159.38,,9904,683965.51,1072,51555.64,19937,131,6.2981023441631,197,31537.08,5650,26,18.376865671642,384,8067.18,202,,168,11676.55,,23,72.663201663202,128,437,263,134,544,418,931,,,,0,22,239,723,1.0811060376365
1598721714,Logalbo,Elizabeth,M,DO,I,256 Main St,,Massena,NY,36,13662,4,"Micropolitan area core: primary flow within an urban cluster of 10,000 to 49,999",US,Family Practice,S,13616,14501.433333333,2066981.7499999,72894,9812,,12733,13573.433333333,1946307.9399999,66678,,9252,,12411,2046472.5599999,"#",,,*,,,,7370,1081959.32,,6246,985022.42999998,,2683,397746.71,,10933,1669235.0399999,67,985.54,954,19,0.49206815511163,,,,,,78,680.95,53,*,,,*,,73.482368528333,560,5295,3003,954,5541,4271,2726,,5045,547,,1422,1656,8156,0.93455211833453
1598723702,Zhang,Han,,M.D,I,1508 Avenue U,,Brooklyn,NY,36,11229,1,"Metropolitan area core: primary flow within an urbanized area of 50,000 and greater",US,Pediatric Medicine,S,5280,6707.6,1034863.26,194473,269,,5103,6495.2666666667,987218.44,188205,,257,,1653,909392.06,,3550,122821.91,,77,2649.29,,4589,901018.72,,691,133844.54,,5186,1030493.85,,94,4369.41,,,,,,,,,,,61,2754.55,43,*,,,*,,72.531598513011,12,169,53,35,142,127,0,,259,,0,,258,11,1.0397163900877
1598743007,Mederos,Mariano,,M.D,I,311 Saint Nicholas Ave Ste E,,Ridgewood,NY,36,11385,1,"Metropolitan area core: primary flow within an urbanized area of 50,000 and greater",US,Internal Medicine,S,5791,7136.5333333333,331908.59,206719,255,,4922,6122.5333333333,250019.97,177739,,219,,752,260591.29,,4890,67727.51,,149,3589.79,,5585,325116.65,,206,6791.94,,5333,326720.62,,458,5187.97,33,531.96,636,,0.56984976687964,0,0,0,,0,78,502.69,60,,12,161.05,*,,72.949019607843,36,105,87,27,138,117,,,,239,0,,212,43,1.1015931614581
1598763963,Castrillon,Augusto,A,M.D.,I,546 Eastern Parkway,,Brooklyn,NY,36,11225,1,"Metropolitan area core: primary flow within an urbanized area of 50,000 and greater",US,Family Practice,S,6131,13329.733333333,724934.6,391439,722,,5516,12114.2,621020.01,356061,,656,,1019,575216.03,,4928,142383.48,,184,7335.09,,4773,560401.21,,1358,164533.39,,2273,355556.95,,3858,369377.65,0,0,0,0,0,0,0,0,0,,99,6891.46,75,,40,502.28,*,,74.939058171745,66,294,235,127,492,230,32,507,,143,,34,218,504,1.2185476896026
1598947194,Fakhouri,Zeiad,A,MD,I,1531 Route 82,,Hopewell Junction,NY,36,12533,1,"Metropolitan area core: primary flow within an urbanized area of 50,000 and greater",US,Family Practice,S,7049,7295.1333333333,1091070.91,38121,4984,,6297,6464,999097.81999999,26753,,4606,,6096,1071723.27,"#",,,*,,,,2175,330287.01,,4874,760783.89999999,,1206,169807.79,,5843,921263.11999999,,,,,,,,,,,152,1102.62,126,,19,277.12,*,,72.371789727127,378,2892,1393,321,2849,2135,4003,289,,295,,253,653,4331,0.89863547144192
1598978371,Mathur-Wagh,Usha,,M.D,I,10 Union Sq E,,New York,NY,36,10003,1,"Metropolitan area core: primary flow within an urbanized area of 50,000 and greater",US,Internal Medicine,S,3200,3701.7666666667,3007171.86,107467,111,,1671,1957.9333333333,1411494.77,56504,,42,,1318,2943752.76,,1849,62546.52,,33,872.58,,1348,1147122.48,,1852,1860049.38,,2789,2584935.61,,411,422236.25,64,1325.23,1263,13,2,12,400.64,344,,18.75,41,444.29,14,*,,,*,,61.72972972973,69,34,,,22,89,27,48,,35,0,,91,20,2.2706387765652
1609058650,Byrne,Jennifer,,RPH,I,19 Central Ave,,Catskill,NY,36,12414,7,"Small town core: primary flow within an urban cluster of 2,500 to 9,999",US,Pharmacist,T,20,20,3576.92,20,18,,20,20,3576.92,20,,18,,20,3576.92,,0,0,,0,0,*,,,"#",,,,0,0,,20,3576.92,0,0,0,0,0,0,0,0,0,,0,0,0,,0,0,,0,71.5,0,13,,,,,16,0,0,,0,,0,18,0.62127777777778
1609126630,Zhou,Hui Qin,,NP,I,268 Canal St,,New York,NY,36,10013,1,"Metropolitan area core: primary flow within an urbanized area of 50,000 and greater",US,Nurse Practitioner,S,9903,13390.9,1181292.89,390344,504,,9348,12764.566666667,1133438.59,372028,,476,,2110,954708.72,,7629,222891.74,,164,3692.43,,8023,973152.93,,1880,208139.96,,9659,1161809.15,,244,19483.74,0,0,0,0,0,0,0,0,0,,69,766.69,59,,12,21.24,*,,72.125,28,321,101,54,305,199,,,476,,0,12,462,42,0.97118689280911
1609251586,Gromilic,Jasmina,,PHARM. D,I,21b Knolls Cres,,Bronx,NY,36,10463,1,"Metropolitan area core: primary flow within an urbanized area of 50,000 and greater",US,Pharmacist,T,26,29,3849.57,174,25,"#",,,,,"#",,,26,3849.57,,0,0,,0,0,"#",,,*,,,*,,,"#",,,0,0,0,0,0,0,0,0,0,,0,0,0,*,,,*,,71.52,,,,,13,12,21,,0,,0,0,,,1.12368
1609258680,Jaswal,Gaurav,,MD,I,82 Copeland Ave,,Homer,NY,36,13077,4,"Micropolitan area core: primary flow within an urban cluster of 10,000 to 49,999",US,Family Practice,S,2951,5253.9333333333,229725.25,149077,272,,2498,4560.4,195535.71,129469,,225,,488,173723.51,,2439,54558.79,,24,1442.95,,1563,134454.7,,1388,95270.55,,1087,77531.56,,1864,152193.69,67,1237.8,1246,31,2.2704168078617,,,,,,87,1600.33,45,,19,770.18,*,,70.860294117647,47,128,73,24,113,159,258,,,,0,,82,190,1.3635884035647
1609263748,Evans,Anne,,D.O.,I,1 Irongate Ctr,,Glens Falls,NY,36,12801,1,"Metropolitan area core: primary flow within an urbanized area of 50,000 and greater",US,Family Practice,S,3260,6745.9666666667,276489.27,192425,378,,2829,6070.9,246584.59,173861,,339,,453,212363.04,,2783,62977.76,,24,1148.47,,2274,190871.43,,986,85617.84,,718,74180.74,,2542,202308.53,75,1210.69,1819,22,2.3006134969325,17,396.05,510,,22.666666666667,111,9241.32,64,,20,1445.89,*,,73.431216931217,39,174,131,34,237,141,371,,,,0,,50,328,1.1206716774545
1609469089,Walsh,John,M,,I,2231 Downer Street Rd,,Baldwinsville,NY,36,13027,1,"Metropolitan area core: primary flow within an urbanized area of 50,000 and greater",US,Pharmacist,T,15,15,2804.3,15,14,,15,15,2804.3,15,,14,,15,2804.3,,0,0,,0,0,*,,,*,,,*,,,"#",,,0,0,0,0,0,0,0,0,0,,0,0,0,,0,0,,0,73.5,0,11,,,,,13,,0,0,0,,,,0.78042857142857
1609828250,Sheran,Michael,,MD,I,360 Washington Ave,,Kingston,NY,36,12401,1,"Metropolitan area core: primary flow within an urbanized area of 50,000 and greater",US,Internal Medicine,S,14510,23120.166666667,3650691.3,659888,876,,9154,16313.9,1813162.2,471058,,732,,2498,3278829.57,,11934,366707.93,,78,5153.8,,5344,1149122.77,,9166,2501568.53,,6006,1744437.1,,8504,1906254.2,1158,148249.7,29441,141,7.9807029634735,270,112136.86,7763,33,23.316062176166,299,32805.82,156,,68,2401.11,,17,71.574200913242,144,398,239,95,481,395,779,33,,25,,33,202,674,1.1271008579746
1609830827,Saksonova,Marina,,M.D.,I,9785 Queens Blvd,,Rego Park,NY,36,11374,1,"Metropolitan area core: primary flow within an urbanized area of 50,000 and greater",US,Internal Medicine,S,11358,21076.933333333,1856669.06,625736,570,,10765,19967.633333333,1772234.72,592998,,533,,2530,1599885.58,,8714,253147.4,,114,3636.08,,4450,653473.25,,6908,1203195.81,,8169,1538263.91,,3189,318405.15,65,808.47,1359,21,0.57228385279098,0,0,0,0,0,59,2233.98,49,*,,,*,,75.736842105263,37,235,203,95,391,179,350,51,,77,,55,317,253,1.5859956736396
1609831536,Bodkin,John,J,M.D.,I,1150 Youngs Rd,Suite 104,Williamsville,NY,36,14221,1,"Metropolitan area core: primary flow within an urbanized area of 50,000 and greater",US,Family Practice,S,6221,10359.166666667,441369.96,290579,803,,6028,9996.5,416117.6,280119,,757,,991,321512.39,,5205,118620.05,,25,1237.52,,4388,325713.01,,1833,115656.95,,453,49831.81,,5768,391538.15,226,4271.69,5423,91,3.6328564539463,,,,,,117,1935.39,63,,124,13808.69,,18,76.346201743462,46,337,253,167,447,356,751,22,,,,17,71,732,1.2874922984983
1609864792,Aranda,Arvin,L,MD,I,1246 State Route 38,,Owego,NY,36,13827,7.1,"Secondary flow 30% to <50% to a urbanized area of 50,000 and greater",US,Family Practice,S,7860,16793.9,591820.86,488014,564,,6336,14189.433333333,490953.16,413833,,486,,932,431826.5,,6888,156226.11,,40,3768.25,,5137,372701.06,,2723,219119.8,,3143,282645.21,,4717,309175.65,378,10702.94,9815,58,4.8091603053435,24,5702.26,716,,6.3492063492063,201,2940.36,123,,24,247.56,*,,72.58865248227,78,248,158,80,291,273,534,14,,,0,,145,419,1.0232860542318
1609945807,Chu,Felix,,DO,I,13-17 Elizabeth St,"#603",New York,NY,36,10013,1,"Metropolitan area core: primary flow within an urbanized area of 50,000 and greater",US,Cardiology,S,4675,9658.4,663890.01,287251,376,,4649,9588.4,662539.09,285151,"#",,,824,537428.72,,3826,125877.04,,25,584.25,,3725,465175.8,,950,198714.21,,3685,498847.73,,990,165042.28,,,,,,,,,,,36,255.91,25,,12,675.64,*,,77.539893617021,,,,,163,213,16,,323,15,,17,253,123,1.2257751775099
1609947191,Batoon,Sherwin,,M.D,I,147-14 Delaware Ave,,Flushing,NY,36,11355,1,"Metropolitan area core: primary flow within an urbanized area of 50,000 and greater",US,Internal Medicine,S,11192,20377.533333333,1541414.47,594465,511,,10215,18883,1065779.96,550958,,476,,1942,1050510.4,,8913,469075.93,,337,21828.14,,8140,1273579.78,,3052,267834.69,,6518,1118618.88,,4674,422795.59,17,901.39,412,,0.15189421015011,,,,,,395,4263.41,229,,79,1675.78,,11,74.272015655577,35,252,152,72,335,176,82,,170,154,,57,222,289,1.179156366515
1619012085,Gauvin,Mila,,MD,I,195 Montague St,,Brooklyn,NY,36,11201,1,"Metropolitan area core: primary flow within an urbanized area of 50,000 and greater",US,Internal Medicine,S,5580,12921.133333333,495196.67,382020,578,,5041,11882.633333333,453210.4,351723,,523,,759,335796.98,,4568,148419.82,,253,10979.87,,4130,319687.93,,1450,175508.74,,1850,155884.73,,3730,339311.94,52,520.1,812,17,0.93189964157706,,,,,,29,132.16,24,,29,199.21,*,,74.22491349481,55,242,200,81,443,135,37,456,,67,,14,142,436,1.3394328326972
1619014420,William,Christina,F,MD,I,156 West Ave,2nd Floor,Brockport,NY,36,14420,2,"Metropolitan area high commuting: primary flow 30% or more to a urbanized area of 50,000 and greater",US,Internal Medicine,S,8219,17039.166666667,630249.37,492565,725,,7333,15445.4,552433.51,447210,,652,,1117,449346.21,,7049,174131.66,,53,6771.5,,6261,472825.2,,1958,157424.17,,1751,162371.63,,6468,467877.74,88,1363.23,1694,31,1.0706898649471,,,,,,268,4370.49,167,*,,,*,,74.364137931034,73,278,263,111,453,272,687,14,,,0,11,91,634,1.1959334844073
1619088812,Ojugbeli,Diane,S,MD,I,304 Genesee St,,Chittenango,NY,36,13037,2,"Metropolitan area high commuting: primary flow 30% or more to a urbanized area of 50,000 and greater",US,Family Practice,S,112,183.6,8200.64,4423,65,,96,155.6,7548.92,3677,"#",,,36,5480.1,,76,2720.54,,0,0,,59,4415.07,,53,3785.57,,39,1563.49,,73,6637.15,,,,,,,,,,,,,,*,,,*,,74.123076923077,,,,,40,25,54,,,0,0,,19,46,1.4174532399049
1619105053,Gagne,Amy,L,FNP,I,84 E State St,"St. Mary'S Hospital, Gloversville Family Health Center",Gloversville,NY,36,12078,4,"Micropolitan area core: primary flow within an urban cluster of 10,000 to 49,999",US,Nurse Practitioner,S,5642,8065.0333333333,640240.88,235263,239,,2437,3676.3666666667,283052.76,107702,,98,,1011,453761.58,,4601,185609.23,,30,870.07,,41,707.38,,5601,639533.5,,5642,640240.88,,0,0,,,,,,,,,,,56,1808.54,26,*,,,*,,58.924686192469,141,54,31,13,111,128,209,17,,,0,,239,0,1.5755041841004
1619109956,Ashok,Mala,,MD,I,"1900 Empire Blvd # 100",,Webster,NY,36,14580,1,"Metropolitan area core: primary flow within an urbanized area of 50,000 and greater",US,Family Practice,S,6133,12691.866666667,401126.47,369261,470,,4626,10360,272702.72,302674,,387,,720,272197.43,,5351,125906.7,,62,3022.34,,4580,275004.4,,1553,126122.07,,2252,211819.86,,3881,189306.61,98,1997.83,2556,28,1.5979129300505,,,,,,114,1320.42,68,*,,,*,,70.902127659574,83,208,128,51,341,129,412,20,,,,19,113,357,0.93978080442137
1619131190,Zheng,Yixiu,,MD,I,19 Bowery,"2/Fl., Ste.8",New York,NY,36,10002,1,"Metropolitan area core: primary flow within an urbanized area of 50,000 and greater",US,Internal Medicine,S,3594,4674.1666666667,659314.39,137026,305,,3419,4465.7,636515.06,131168,,287,,723,579632.81,,2803,76959.88,,68,2721.7,,3353,634363.63,,241,24950.76,,3210,630005.29,,384,29309.1,33,3235.45,818,,0.91819699499165,12,2541.59,360,,36.363636363636,18,211.82,13,,112,2079.07,,31,72.455737704918,18,198,66,23,154,151,12,,280,,0,,260,45,1.0171652320004
1619173614,Gomez Del Carpio,Jimena,M,M.D.,I,6714 4th Ave,Park Ridge Family Health Center,Brooklyn,NY,36,11220,1,"Metropolitan area core: primary flow within an urbanized area of 50,000 and greater",US,Family Practice,S,1613,4024.1,63512.05,117093,184,,1521,3822.1,56834.56,111173,"#",,,214,37691.01,,1375,25361.86,,24,459.18,"#",,,*,,,,319,13121.25,,1294,50390.8,,,,,,,,,,,25,318.42,22,,0,0,*,,72.603260869565,,,,,108,76,79,14,19,67,,,17,167,0.99828111617348
1619174240,Ranin-Lay,Maria,T,M.D.,I,855 State Route 17m,,Monroe,NY,36,10950,1,"Metropolitan area core: primary flow within an urbanized area of 50,000 and greater",US,Internal Medicine,S,10289,14919.9,799943.85,398844,517,,9621,13968.133333333,763238.45,373185,,486,,1958,526819.23,,8320,272665.28,,11,459.34,,1852,100714.91,,8437,699228.94,,7344,639933.19,,2945,160010.66,215,12966.21,5027,49,2.0896102633881,91,10286.94,2274,17,42.325581395349,299,7710.89,141,,277,11048.17,,36,77.622823984526,31,177,156,153,382,135,407,25,,61,,13,220,297,1.5905174019983
1619391513,Robertson,Scott,,,I,10 Prospect St,,Jamestown,NY,36,14701,4,"Micropolitan area core: primary flow within an urban cluster of 10,000 to 49,999",US,Pharmacist,T,13,13,2299.75,13,13,*,,,,,*,,,13,2299.75,,0,0,,0,0,*,,,*,,,*,,,*,,,0,0,0,0,0,0,0,0,0,,0,0,0,*,,,*,,70.538461538462,,,,,,,,,0,0,0,,,,1.3373846153846
1619581675,Ho,Joanne,C,PHARMD,I,976 3rd Ave,,Brooklyn,NY,36,11232,1,"Metropolitan area core: primary flow within an urbanized area of 50,000 and greater",US,Pharmacist,T,21,21,3601.87,21,17,,21,21,3601.87,21,,17,,21,3601.87,,0,0,,0,0,*,,,"#",,,,0,0,,21,3601.87,0,0,0,0,0,0,0,0,0,,0,0,0,,0,0,,0,74.588235294118,0,,,,,,15,0,0,,0,,0,17,0.66117647058824
1619912268,Vaules,William,A,M.D.,I,2212 Penfield Rd,Suite 200,Penfield,NY,36,14526,1,"Metropolitan area core: primary flow within an urbanized area of 50,000 and greater",US,Internal Medicine,S,9972,20139.933333333,757453.01,588136,650,,8726,18472.333333333,656398.28,541171,,599,,1124,552094.91,,8754,200351.99,,94,5006.11,,7825,603054.33,,2147,154398.68,,1416,97022.02,,8556,660430.99,160,4726.26,3319,41,1.6044925792218,11,1111.23,330,,6.875,148,1437.86,101,*,,,*,,73.7,51,294,235,70,295,355,579,19,12,,,37,65,585,0.87600195983508
1619961950,Cerri,Ruben,W,MD,I,2818 Steinway St,,Astoria,NY,36,11103,1,"Metropolitan area core: primary flow within an urbanized area of 50,000 and greater",US,Pediatric Medicine,S,25,33,3324.28,591,14,,25,33,3324.28,591,,14,,17,3178.67,*,,,"#",,,,14,2599.68,,11,724.6,"#",,,*,,,0,0,0,0,0,0,0,0,0,,0,0,0,,0,0,,0,71.285714285714,0,,,0,,,,0,,,0,0,,,0.96004761904762
1619978160,Floyd,Frank,D,M.D.,I,800 Hooper Road,,Endwell,NY,36,13760,1,"Metropolitan area core: primary flow within an urbanized area of 50,000 and greater",US,Internal Medicine,S,10769,25964.966666667,886158.42,760305,1076,,10054,24614.533333333,838003.63,721113,,976,,1143,636363.19,,9541,244327.45,,85,5467.78,,4876,400197.92,,5893,485960.5,,996,83684.41,,9773,802474.01,318,8465.11,8160,102,2.9529204197233,,,,,,222,13892.33,126,,34,1589.24,,12,75.299256505576,100,402,388,186,593,483,1026,,,12,,23,125,951,1.0470105859127
1619984432,Balikcioglu,Dimyan,,MD,I,841 Burke Ave,,Bronx,NY,36,10467,1,"Metropolitan area core: primary flow within an urbanized area of 50,000 and greater",US,Internal Medicine,S,9204,17519.566666667,1299460.78,510502,393,,7975,15770.5,1130087.53,460826,,347,,1647,1101707.09,,7260,183987.86,,297,13765.83,,5886,866950.24,,3318,432510.54,,5916,898110.04,,3288,401350.74,270,13698.06,6430,39,2.9335071707953,,,,,,137,2400.46,90,,38,464.32,*,,72.977099236641,46,179,121,47,244,149,45,201,12,104,0,31,197,196,1.5098670382725
1629002589,Liu,George,C,"M.D., PH.D.",I,185 Canal Street,6th Floor,New York,NY,36,10013,1,"Metropolitan area core: primary flow within an urbanized area of 50,000 and greater",US,Internal Medicine,S,14275,32006.733333333,3649303.97,954241,748,,13743,31051.3,3505491.89,925728,,715,,3405,3280287.77,,10438,339465.41,,432,29550.79,,11832,3007411.8,,2443,641892.17,,11174,3006994.76,,3101,642309.21,,,,,,,,,,,106,1482.22,71,,95,18140.97,,28,74.636363636364,33,373,240,102,431,317,24,18,665,22,0,19,498,250,1.258677286071
1629031208,Cheung,William,,M.D.,I,19 Bowery Fl 2,Suite 8,New York,NY,36,10002,1,"Metropolitan area core: primary flow within an urbanized area of 50,000 and greater",US,Internal Medicine,S,7558,12418.9,8677001.9,357263,865,,7226,11935.9,7784797.9,343367,,835,,2160,8410023.48,,5332,264872.81,,66,2105.61,,6727,7832579.92,,831,844421.98,,6611,8236117.31,,947,440884.59,45,1458.88,1255,,0.59539560730352,0,0,0,,0,178,1988.61,120,,55,599.88,,13,74.830057803468,30,449,262,124,456,409,,,814,11,0,25,736,129,1.1844524247156
1629044987,Burke,Robert,P,MD,I,1 Oxford Rd Ste 200,,New Hartford,NY,36,13413,1,"Metropolitan area core: primary flow within an urbanized area of 50,000 and greater",US,Family Practice,S,5457,8319.7666666667,500077.78,230281,493,,3425,5706.4666666667,289591.49,157303,,408,,1079,350430.08,,4365,147446.58,,13,2201.12,,3625,332868.42,,1832,167209.36,,2770,304242.22,,2687,195835.56,178,3748.88,4649,31,3.2618654938611,,,,,,110,887.9,60,*,,,*,,71.194726166329,85,226,137,45,233,260,447,,,12,,19,118,375,0.98403383344956
1629067483,Kim,Yong,R,M.D.,I,8635 Queens Blvd,Suite1e,Elmhurst,NY,36,11373,1,"Metropolitan area core: primary flow within an urbanized area of 50,000 and greater",US,Family Practice,S,10784,22017.4,1367955.56,653734,558,,10337,21227.733333333,1314998.72,630352,,529,,1856,1113273.92,,8842,253071.49,,86,1610.15,,8226,980651.35,,2558,387304.21,,8251,1225927.1,,2533,142028.46,22,86,548,,0.2040059347181,0,0,0,,0,100,2714.57,89,,25,347.43,*,,72.915770609319,29,319,173,37,331,227,69,,132,321,,26,361,197,0.89694411518077
1629069349,Anderson,Dana,P,M.D.,I,1 School St,Suite 107,Gowanda,NY,36,14070,7,"Small town core: primary flow within an urban cluster of 2,500 to 9,999",US,Family Practice,S,9456,16556.666666667,1007181.71,484463,625,,8359,14983.233333333,916202.6,439390,,557,,1581,834692.96,,7832,170331.43,,43,2157.32,,6157,601974.49,,3299,405207.22,,2410,264477.08,,7046,742704.63,335,21305.32,8601,72,3.5427241962775,56,14324.38,1704,,16.716417910448,121,2019.16,78,,39,1423.8,*,,73.112,68,300,171,86,348,277,597,0,,,,19,87,538,1.0708085687693
1629092978,Telonis,James,D,MD,I,5586 Legionnaire Dr Ste 1,,Cicero,NY,36,13039,1,"Metropolitan area core: primary flow within an urbanized area of 50,000 and greater",US,Family Practice,S,11150,26176.066666667,1085184.25,776859,762,,10554,24929.066666667,1057779.28,739780,,720,,1483,816432.1,,9588,262503.74,,79,6248.41,,6377,550042.61,,4773,535141.64,,1049,100229.59,,10101,984954.66,61,951.08,1886,13,0.54708520179372,,,,,,91,1005.79,65,,31,597.64,*,,75.171916010499,42,352,257,111,421,341,727,,,,0,21,51,711,0.99335799487671
1629134622,Mitchell,Harrison,,M.D,I,2368 Adam Clayton Powell Jr Blvd,,New York,NY,36,10030,1,"Metropolitan area core: primary flow within an urbanized area of 50,000 and greater",US,Internal Medicine,S,8350,18115.3,1082118.95,536013,586,,7644,16613.6,987528.9,491530,,535,,1378,850410.66,,6846,226050.82,,126,5657.47,,6552,871163.4,,1798,210955.55,,5052,739549.55,,3298,342569.4,91,782.71,2692,20,1.0898203592814,0,0,0,0,0,133,2227.3,85,,90,1844.38,,28,74.617747440273,51,254,187,94,363,223,,360,,208,,,294,292,1.1389496454373
1629146196,Shum,Kee,Y,MD,I,136 25 Maple Avenue,Suite 205,Flushing,NY,36,11355,1,"Metropolitan area core: primary flow within an urbanized area of 50,000 and greater",US,Internal Medicine,S,8874,18939.5,3632588.51,559627,635,,8812,18788.433333333,3620390.02,555138,"#",,,1022,3268188.26,,7797,362110.57,,55,2289.68,,6740,3094067.48,,2134,538521.03,,5447,3042695.42,,3427,589893.09,20,887.47,320,,0.22537750732477,0,0,0,,0,188,1340.5,132,*,,,*,,76.71811023622,,,,,376,259,,,578,,0,39,323,312,0.91160823604881
1629161849,Mathur,Manuja,C,MD,I,Mmg - Bronx East,2300 Westchester Avenue,Bronx,NY,36,10462,1,"Metropolitan area core: primary flow within an urbanized area of 50,000 and greater",US,Internal Medicine,S,7378,14144.966666667,705558.87,418252,521,,7001,13494.6,657496.34,399288,,487,,1158,581278.02,,6049,115243.86,,171,9036.99,,5312,509579.62,,2066,195979.25,,2775,333097.53,,4603,372461.34,49,359.79,1138,11,0.66413662239089,0,0,0,0,0,30,159.63,25,,13,100.81,*,,75.817658349328,34,217,164,106,368,153,62,237,23,182,,,153,368,1.4357811591761
1811343221,Macintyre,Amelia,,D.O.,I,13303 Jamaica Ave,,Jamaica,NY,36,11418,1,"Metropolitan area core: primary flow within an urbanized area of 50,000 and greater",US,Family Practice,S,5323,12745.133333333,203689.68,372297,669,,5131,12425.5,197049.39,363684,,643,,615,106047.66,,4636,94816.509999999,,72,2825.51,"#",,,*,,,,585,21795.7,,4738,181893.98,306,6438.4,7662,63,5.7486379860981,47,1328.91,1338,,15.359477124183,102,3909.06,78,,31,617.2,*,,75.548579970105,26,297,241,105,469,200,537,29,20,68,,,46,623,1.1207263655408
1811378094,Carroll,Christopher,M,D.O.,I,130 Centerway,,Corning,NY,36,14830,4,"Micropolitan area core: primary flow within an urban cluster of 10,000 to 49,999",US,Family Practice,S,4565,9613.0333333333,478395.27,278163,542,,3571,8042,414971.26,233974,,411,,725,386553.25,,3783,87933.8,,57,3908.22,,2629,226718.39,,1936,251676.88,,1524,108906.76,,3041,369488.51,123,1216.7,1692,42,2.6944140197152,,,,,,96,960.39,64,,33,1305.5,*,,68.959409594096,131,244,125,42,263,279,518,,,,,13,157,385,1.0931073429431
1811444557,Kirchheimer,Katelyn,,NP,I,30 Broad St Fl 45,,New York,NY,36,10004,1,"Metropolitan area core: primary flow within an urbanized area of 50,000 and greater",US,Nurse Practitioner,S,3931,8749.1,340947.25,254995,576,,3335,7667,273056.02,224251,,506,,588,271032.62,,3327,68883.4,,16,1031.23,,1902,156272.01,,2029,184675.24,,1180,128002.8,,2751,212944.45,167,6246.62,4106,54,4.2482828796744,13,2516.58,331,,7.7844311377246,60,531.44,46,,14,382.38,*,,73.402777777778,70,246,174,86,332,244,530,,12,,0,18,125,451,1.0561797077027
1811932890,Chaudhari,Neena,,M.D.,I,267 E Main St,Building A,Smithtown,NY,36,11787,1,"Metropolitan area core: primary flow within an urbanized area of 50,000 and greater",US,Internal Medicine,S,5157,11779.533333333,422862.01,348030,465,,4993,11486.466666667,411125.69,339469,,453,,601,333505.15,,4545,88976.97,,11,379.89,,1131,76021.68,,4026,346840.33,,480,69253.32,,4677,353608.69,,,,,,,,,,,96,1750.63,62,*,,,*,,77.032258064516,12,178,184,91,321,144,414,,13,14,,22,34,431,1.2436357355811
1811936081,Mitchell,Scott,H,M.D.,I,3 Bridge Street,Suite 3,Carthage,NY,36,13619,1,"Metropolitan area core: primary flow within an urbanized area of 50,000 and greater",US,Internal Medicine,S,10188,20880.466666667,849060.77,610279,645,,8301,17791.166666667,676853.6,521177,,557,,1227,654642.72,,8865,188915.67,,96,5502.38,,4691,347039.71,,5497,502021.06,,4405,353613.79,,5783,495446.98,307,3917.43,8196,65,3.013349038084,,,,,,160,4888.74,105,,72,2108.19,,15,72.184496124031,88,311,175,71,346,299,620,,0,0,,22,165,480,1.0541142963498
1811959935,Nanavati,Digant,M,MD,I,182 Intrepid Ln,Brighton Medical Associates,Syracuse,NY,36,13205,1,"Metropolitan area core: primary flow within an urbanized area of 50,000 and greater",US,Family Practice,S,18290,35395.6,1934758.16,1022288,1001,,13989,29422.966666667,1440996.53,856570,,816,,2617,1542820.55,,15505,383329.44,,168,8608.17,,11149,1263333.59,,7141,671424.57,,7853,959580.32,,10437,975177.84,460,18947.25,11213,89,2.5150355385457,43,11795.09,1177,,9.3478260869565,392,4158.67,212,,60,1373.61,,14,71.923076923077,185,396,280,140,532,469,814,108,40,,,26,303,698,1.280738001267
1811960446,Chan,Yeoman,K,MD,I,41 Brunswick St Fl 1,,Staten Island,NY,36,10314,1,"Metropolitan area core: primary flow within an urbanized area of 50,000 and greater",US,Family Practice,S,2862,6911.1666666667,330223.81,203424,291,,2585,6387.3,300466.57,188055,,267,,399,270233.35,,2417,57932.6,,46,2057.86,,1949,179262.8,,913,150961.01,,1473,176395.21,,1389,153828.6,0,0,0,0,0,0,0,0,0,,55,690.14,44,*,,,*,,72.257731958763,24,174,71,22,165,126,112,,121,36,,14,122,169,0.93516604962752
1811979438,Reeves,Robert,P,M.D.,I,3 Irongate Center,,Glens Falls,NY,36,12801,1,"Metropolitan area core: primary flow within an urbanized area of 50,000 and greater",US,Family Practice,S,3711,7751.6,333882.92,225126,456,,3412,7333.7333333333,311926.26,213644,,427,,489,270780.38,,3205,62368.9,,17,733.64,,2460,209409.36,,1251,124473.56,,547,60828.55,,3164,273054.37,82,1310.26,1808,23,2.209646995419,,,,,,94,651.85,59,*,,,*,,74.217105263158,29,218,152,57,208,248,441,,,,0,,48,408,1.0697291695685
1811990898,Mitchko,Michael,J,M.D.,I,335 Parrish St,,Canandaigua,NY,36,14424,1,"Metropolitan area core: primary flow within an urbanized area of 50,000 and greater",US,Internal Medicine,S,14865,31249.333333333,989413.19,918964,1097,,13846,29669.4,921274.67,873651,,1035,,1683,703341.08,,13010,277747.34,,172,8324.77,,12290,827799.77,,2575,161613.42,,1776,143243.16,,13089,846170.03,466,19819.02,11747,90,3.1348805919946,59,7293.41,1770,,12.660944206009,235,1540.45,146,,14,162.6,*,,74.741112123974,62,507,381,147,607,490,1029,,,,0,54,105,992,0.90182771784886
1821004698,Aguirre,Richard,S,MD,I,5989 Big Tree Rd,Suite A,Lakeville,NY,36,14480,2,"Metropolitan area high commuting: primary flow 30% or more to a urbanized area of 50,000 and greater",US,Family Practice,S,15378,32944.233333333,1869515.29,962730,769,,13308,29141.733333333,1467807.17,852540,,691,,2195,1492478.39,,13118,371815.76,,65,5221.14,,12114,1411555.63,,3264,457959.66,,3476,635160.03,,11902,1234355.26,422,14000.81,8132,73,2.7441799973989,20,9000.46,635,,4.739336492891,285,4081.96,170,,130,40537.96,,25,73.037711313394,78,365,243,83,431,338,722,,,15,,27,115,654,0.95676509096298
1821053299,Chu-Wong,Amy,S,M.D.,I,210 Canal Street,"#411",New York,NY,36,10013,1,"Metropolitan area core: primary flow within an urbanized area of 50,000 and greater",US,Internal Medicine,S,19104,34667.866666667,2718359.79,1010529,632,,18583,33963.9,2656269.36,990275,,621,,4389,2272689.23,,14332,430541.61,,383,15128.95,,15146,2125243.96,,3958,593115.83,,17338,2523395.84,,1766,194963.95,61,426.63,430,49,0.31930485762144,0,0,0,0,0,426,3942.44,245,,101,1261.33,,26,76.686708860759,11,297,199,125,448,184,,0,605,,0,23,498,134,1.1805903529804
1821061581,Rametta,Concetto,S,MD,I,22 Grove St,,Middletown,NY,36,10940,1,"Metropolitan area core: primary flow within an urbanized area of 50,000 and greater",US,Internal Medicine,S,5648,12494.833333333,364580.81,362922,554,,5174,11651.833333333,333912.44,338441,,518,,721,251175.86,,4905,112550.85,,22,854.1,,1781,90880.19,,3867,273700.62,,1182,95236.46,,4466,269344.35,37,383.69,650,13,0.65509915014164,0,0,0,0,0,321,4933.29,175,*,,,*,,74.684115523466,36,251,184,83,334,220,460,35,,37,,12,71,483,1.0798880866426
1821077702,Szpur,Walter,B,M.D.,I,200 S Broadway,,Tarrytown,NY,36,10591,1,"Metropolitan area core: primary flow within an urbanized area of 50,000 and greater",US,Family Practice,S,3875,7333.5,331296.07,208960,260,,3362,6387.9333333333,267078.3,181292,,235,,715,243533.24,,3117,85668.72,,43,2094.11,,859,71093.4,,3016,260202.67,,2285,224562.59,,1590,106733.48,111,5310.32,2964,20,2.8645161290323,19,484.11,570,,17.117117117117,99,2124.18,54,,56,2001.13,,15,76.1,25,97,77,61,167,93,152,24,0,75,,,123,137,1.1444044871795
1821082009,Carguello,Patrick,J,D.O.,I,61 Delano St,,Pulaski,NY,36,13142,10,"Rural areas: primary flow to a tract outside a urbanized area of 50,000 and greater or UC",US,Family Practice,S,8123,15436.4,636543.8,450417,716,,6653,13137,548757.96,383904,,592,,1050,503659.57,,7027,129617.96,,46,3266.27,,5495,432438.71,,2628,204105.09,,3073,235982.8,,5050,400561,73,2033.84,1688,47,0.89868275267758,,,,,,188,2751.84,111,,20,4889.52,*,,71.223463687151,124,331,196,65,378,338,691,,,,0,22,212,504,1.1796418082879
1821107517,Hill,Wendy,J,MSNP,I,1930 Pre Emption Rd,,Penn Yan,NY,36,14527,7,"Small town core: primary flow within an urban cluster of 2,500 to 9,999",US,Nurse Practitioner,S,5977,14051.4,690248.07,412326,470,,5303,12758.2,560402,374686,,428,,1175,560872.33,,4778,127573.44,,24,1802.3,,4718,513259.16,,1259,176988.91,,1171,189475.86,,4806,500772.21,50,346.1,1104,16,0.83654007026937,0,0,0,0,0,121,1415.87,57,*,,,*,,73.323404255319,42,230,135,63,306,164,439,,0,,0,30,68,402,0.86488162825365
1821151481,Granato,Eduardo,S,M.D.,I,3 Michael Frey Dr,,Eastchester,NY,36,10709,1,"Metropolitan area core: primary flow within an urbanized area of 50,000 and greater",US,Internal Medicine,S,3915,9401.8333333333,346985.76,277420,398,,3669,8969.8333333333,328952.28,264820,,377,,451,250760.08,,3433,94804.16,,31,1421.52,,1622,130058.48,,2293,216927.28,,727,87089.53,,3188,259896.23,23,713.72,234,15,0.5874840357599,,,,,,66,6573.47,46,*,,,*,,75.979899497487,21,161,150,66,171,227,320,26,,33,,15,52,346,1.1039856619068
1821160540,Wang,Yan,,"M.D.,",I,42-35 Main St,Suite 3j,Flushing,NY,36,11355,1,"Metropolitan area core: primary flow within an urbanized area of 50,000 and greater",US,Internal Medicine,S,6965,9104.8,650851.43,267592,264,,6746,8870.5666666667,638737.32,260893,"#",,,1107,546664.1,,5802,102893.74,,56,1293.59,,6363,618413.56,,602,32437.87,,6504,632650.9,,461,18200.53,0,0,0,0,0,0,0,0,0,,47,482.02,35,,0,0,*,,72.465909090909,,,,,149,115,,,245,,0,,226,38,0.92744823232323
1821250036,Hung,Lingpin,,M.D,I,3712 Prince St Ste 6b,,Flushing,NY,36,11354,1,"Metropolitan area core: primary flow within an urbanized area of 50,000 and greater",US,Internal Medicine,S,13456,24963.766666667,1934003.03,735890,639,,13261,24642.766666667,1925208.19,726618,"#",,,2438,1619959.81,,10859,303572.6,,159,10470.62,,11217,1651993.16,,2239,282009.87,,10220,1582246.06,,3236,351756.97,52,545.57,1287,11,0.38644470868014,,,,,,163,1111.17,107,,22,395.44,*,,75.597809076682,,,,,354,285,14,,585,11,,24,352,287,0.94611126109927
1821251323,Stahl Balaban,Celeste,,D.O.,I,21 N Main St,,Middleport,NY,36,14105,7,"Small town core: primary flow within an urban cluster of 2,500 to 9,999",US,Internal Medicine,S,8325,16521.333333333,810111.95,478566,528,,7537,15130.7,726008.25,438557,,486,,1137,650359.28,,7102,155238.65,,86,4514.02,,5386,448166,,2939,361945.95,,1477,210909.85,,6848,599202.1,216,6947.86,5060,49,2.5945945945946,,,,,,226,1490.46,151,,32,2252.46,,11,72.702651515152,42,277,162,47,327,201,501,,0,,0,20,70,458,1.1874557594582
1821294273,Sang,Koky,,MD,I,13626 37th Ave,,Flushing,NY,36,11354,1,"Metropolitan area core: primary flow within an urbanized area of 50,000 and greater",US,Internal Medicine,S,3729,6368.3333333333,312218.42,188049,243,,3629,6169.9333333333,305314.71,182205,"#",,,489,252649.4,,3190,58446.29,,50,1122.73,,3141,235815.38,,588,76403.04,,3143,274497.83,,586,37720.59,0,0,0,0,0,0,0,0,0,,22,249.24,20,*,,,*,,72.008230452675,,,,,122,121,,,183,45,0,,182,61,0.96081578320143
1821331604,Immenhausen,Diana,,D.O.,I,3330 Noyac Road Burkeshire Court,Bldg A,Sag Harbor,NY,36,11963,1,"Metropolitan area core: primary flow within an urbanized area of 50,000 and greater",US,Family Practice,S,2328,5164.3,147564.52,150211,275,,2196,4898.3,139046.65,142557,"#",,"#",,,,1968,46068.57,*,,,,322,27034.64,,2006,120529.88,,209,10225.99,,2119,137338.53,59,1965.07,949,24,2.5343642611684,,,,,,75,3499.82,55,*,,,*,,74.872727272727,,,,,192,83,240,13,,,0,20,13,262,0.95713323932758
1821353970,Bao,Dashi,,M.D.,I,4266 Kissena Blvd,Fl1,Flushing,NY,36,11355,1,"Metropolitan area core: primary flow within an urbanized area of 50,000 and greater",US,Internal Medicine,S,11128,15516.733333333,1415852.54,444376,749,,10946,15227.733333333,1392495.87,436215,,732,,2264,1242161.41,,8698,168120.61,,166,5570.52,,10370,1318930.41,,758,96922.13,,10886,1411778.22,,242,4074.32,13,30.36,63,,0.11682242990654,0,0,0,,0,299,2399.32,186,,43,20198.78,,18,72.937249666222,17,484,189,59,392,357,,,728,,0,,708,41,1.1407749768699
1821368390,Song,Xiaoyan,,M.D.,I,4199 Main St Ste 201,,Flushing,NY,36,11355,1,"Metropolitan area core: primary flow within an urbanized area of 50,000 and greater",US,Internal Medicine,S,17483,21838.766666667,2882414.66,629846,683,,16993,21152.8,2790144.78,610337,,660,,4881,2574489.98,,12200,290546.15,,402,17378.53,,15780,2614208.54,,1703,268206.12,,16894,2852512.39,,589,29902.27,32,261.51,315,11,0.18303494823543,0,0,0,0,0,389,6711.9,227,*,,,*,,72.8682284041,23,414,182,64,405,278,19,11,601,34,0,18,591,92,0.99809504152604
1821417429,Christianer,Kaylan,,MD,I,180 Fort Washington Ave,,New York,NY,36,10032,1,"Metropolitan area core: primary flow within an urbanized area of 50,000 and greater",US,Internal Medicine,S,2648,5883.5666666667,288317.2,173061,252,,2496,5630.6666666667,279330.22,165724,,238,,396,228924.97,,2224,57377.19,,28,2015.04,,695,60069.18,,1953,228248.02,,419,52663.13,,2229,235654.07,41,298.85,658,,1.5483383685801,0,0,0,,0,26,462.91,19,,13,494.07,*,,76.956349206349,14,79,111,48,179,73,162,40,,29,,11,35,217,1.4916840565205
1821594425,Husain,Hoi Lun,W,NP,I,"19 Bowery # 8",,New York,NY,36,10002,1,"Metropolitan area core: primary flow within an urbanized area of 50,000 and greater",US,Nurse Practitioner,S,9743,14460.833333333,1962972.63,423475,844,,9420,13967.533333333,1900587.01,409174,,813,,2361,1741458.13,,7227,214143.95,,155,7370.55,,8424,1726524.75,,1319,236447.88,,9220,1897195.61,,523,65777.02,,,,,,,,,,,61,842.36,57,,107,2077.17,,37,75.099526066351,31,437,236,140,435,409,,,807,,0,13,728,116,1.0652659781286
1831142843,Gu,Xi,F,M.D.,I,15 Elizabeth St,Rm. 301,New York,NY,36,10013,1,"Metropolitan area core: primary flow within an urbanized area of 50,000 and greater",US,Internal Medicine,S,1476,3412.2,135099.51,98034,135,,1426,3298.6333333333,131682.11,94681,"#",,"#",,,,1243,33794.71,*,,,,352,30834.22,,1124,104265.29,,267,36507.02,,1209,98592.49,28,269.19,297,,1.8970189701897,0,0,0,,0,57,1199.54,33,*,,,*,,73.296296296296,,,,,90,45,97,,12,,0,13,14,121,0.85870740740741
1831156447,Cleary,Kevin,G,MD,I,4893 Transit Rd,,Depew,NY,36,14043,1,"Metropolitan area core: primary flow within an urbanized area of 50,000 and greater",US,Internal Medicine,S,6443,15696.666666667,691965.64,462052,1039,,6106,15039.933333333,655891.36,443136,,983,,994,549294.39,,5397,139403.48,,52,3267.77,,4530,460435.79,,1913,231529.85,,736,107260.85,,5707,584704.79,33,197.3,690,13,0.51218376532671,0,0,0,0,0,137,2025.91,119,,12,297.19,*,,75.169393647738,56,472,347,164,568,471,987,13,,,0,30,75,964,1.2117982489561
1831163567,Borker,Priti,V,MD,I,2265 3rd Ave,,New York,NY,36,10035,1,"Metropolitan area core: primary flow within an urbanized area of 50,000 and greater",US,Emergency Medicine,S,2736,3910.3,243221.53,113475,212,,2359,3391.9666666667,224518.66,98629,,169,,564,213702.28,,2102,27701,,70,1818.25,,2022,142307.55,,714,100913.98,,2345,197336.97,,391,45884.56,,,,,,,,,,,73,1398.07,65,*,,,*,,71.853773584906,43,78,55,36,141,71,63,57,,82,0,,135,77,1.3208461909458
1831196898,Nguyen,Dustin,T,MD,I,202 Canal St,Fl 7,New York,NY,36,10013,1,"Metropolitan area core: primary flow within an urbanized area of 50,000 and greater",US,Internal Medicine,S,32588,66113.033333333,7814322.1,1942972,743,,31453,64182.7,7486448.65,1886306,,723,,7721,6728664.3,,24170,1074328.09,,697,11329.71,,15803,3563902.03,,16785,4250420.07,,30396,7354246.87,,2192,460075.23,78,1798.61,1345,14,0.23935190867804,12,927.57,360,,15.384615384615,251,17088.28,176,,22,1053.02,*,,75.025572005384,20,372,254,97,432,311,,,722,,0,11,621,122,1.1033961628573
1831203991,Silverman,Warren,,M.D.,I,776a Watervliet Shaker Rd,,Latham,NY,36,12110,1,"Metropolitan area core: primary flow within an urbanized area of 50,000 and greater",US,Preventive Medicine,S,4537,4583.4333333333,793798.88999999,12492,3472,,4302,4341.4333333333,751124.60999999,11559,,3287,,4469,781404.41999999,"#",,,*,,,,1794,305240.62,,2743,488558.27,,662,114717.71,,3875,679081.17999999,,,,,,,,,,,15,79.77,13,,0,0,,0,72.970622119816,185,2052,977,258,1995,1477,3200,39,28,,,178,472,3000,0.81997625770547
1831226190,Brorein,William,J,MD PHD,I,2237 Clinton Ave So,,Rochester,NY,36,14618,1,"Metropolitan area core: primary flow within an urbanized area of 50,000 and greater",US,Internal Medicine,S,2403,5429.7666666667,139192.01,158447,185,,2361,5323.9666666667,137670.26,155273,"#",,,212,81366.5,,2175,57121.25,,16,704.26,,2143,111702.94,,260,27489.07,,217,22112.06,,2186,117079.95,39,428.43,767,11,1.6229712858926,0,0,0,0,0,79,484.66,45,*,,,*,,77.740540540541,,,,,93,92,166,,,,0,,,,0.99075675675676
1831239391,Park,Daniel,D,DO,I,6019 Roosevelt Ave,"Suite #201",Woodside,NY,36,11377,1,"Metropolitan area core: primary flow within an urbanized area of 50,000 and greater",US,Family Practice,S,9354,13459.833333333,1004972.56,395129,375,,8863,12772.166666667,951052.81,375012,,353,,1846,877689.83,,7401,124182.72,,107,3100.01,,6135,572519.43,,3219,432453.13,,7754,942014.96,,1600,62957.6,14,42.36,325,,0.14966859097712,0,0,0,,0,185,1403.47,111,,0,0,,0,74.232,22,182,129,42,210,165,41,,254,56,,13,231,144,0.89165066416011
1831253244,Poon,Tze,,,I,139 Centre St Ste 601,,New York,NY,36,10013,1,"Metropolitan area core: primary flow within an urbanized area of 50,000 and greater",US,Internal Medicine,S,13949,19792.333333333,1680292.09,574135,438,,13818,19657.333333333,1668533.5,570218,"#",,,2963,1355798.93,,10906,322434.76,,80,2058.4,,10131,1182180,,3818,498112.09,,13097,1618486.92,,852,61805.17,14,250.58,188,,0.100365617607,0,0,0,,0,184,2128.85,101,,0,0,*,,76.303652968037,,,,,242,196,,0,416,,0,20,362,76,1.2070652173913
1831288851,Ben-Moha,Dorit,,DO,I,420 N Broadway,,Jericho,NY,36,11753,1,"Metropolitan area core: primary flow within an urbanized area of 50,000 and greater",US,Internal Medicine,S,10161,13376.366666667,717627.97,380707,367,,5073,7794.5333333333,368301.84,224682,,202,,1438,458473.72,,8705,258449.61,,18,704.64,,2405,154210.2,,7756,563417.77,,8397,537535.72,,1764,180092.25,0,0,0,0,0,0,0,0,0,,387,10599.13,153,,24,1143.29,*,,64.059945504087,165,125,58,19,210,157,305,27,,16,,11,238,129,1.8176912427506
1831329127,Han,Young Ho,,MD,I,3680 Hill Blvd,"Caremount Medical, Pc",Jefferson Valley,NY,36,10535,1,"Metropolitan area core: primary flow within an urbanized area of 50,000 and greater",US,Internal Medicine,S,3401,8860.2333333333,382641,262440,329,,3302,8638.7333333333,365593.25,255849,,314,"#",,,,2984,112040.34,*,,,,1024,125618.67,,2377,257022.33,,393,58737.65,,3008,323903.35,,,,,,,,,,,55,1295.31,34,,0,0,,0,75.720364741641,15,143,119,52,172,157,266,,23,22,,11,34,295,1.3002837502158
1831352590,Mehta,Rajen,A,D.O.,I,233 Nostrand Ave,,Brooklyn,NY,36,11205,1,"Metropolitan area core: primary flow within an urbanized area of 50,000 and greater",US,Internal Medicine,S,2688,6265.7333333333,207139.64,185310,257,,2342,5660.5333333333,180815.99,167471,,233,,307,152829.04,,2360,52905.99,,21,1404.61,,1021,56187.98,,1667,150951.66,,825,67696.53,,1863,139443.11,,,,,,,,,,,42,1162.72,25,*,,,*,,73.891050583658,24,106,93,34,143,114,143,62,13,29,,,52,205,1.0941753939486
1831412170,Brenon,Tamara,L,PHARMD,I,2601 Sheridan Dr,,Tonawanda,NY,36,14150,1,"Metropolitan area core: primary flow within an urbanized area of 50,000 and greater",US,Pharmacist,T,18,18,2824.3,18,17,,18,18,2824.3,18,,17,,18,2824.3,,0,0,,0,0,"#",,,*,,,*,,,"#",,,0,0,0,0,0,0,0,0,0,,0,0,0,,0,0,,0,71.823529411765,0,12,,,,,13,0,,,0,,,,0.71664705882353
1831417575,Hua,Haiyin,,MD,I,7206 Bay Pkwy,,Brooklyn,NY,36,11204,1,"Metropolitan area core: primary flow within an urbanized area of 50,000 and greater",US,Family Practice,S,3416,4340.1666666667,403404.3,126696,124,,3338,4220.1666666667,400234.87,123396,"#",,,554,319715.64,,2784,76510.68,,78,7177.98,,2689,320908.26,,727,82496.04,,3251,394253.88,,165,9150.42,,,,,,,,,,,47,312.24,35,*,,,*,,71.733870967742,,,,,57,67,15,,100,,0,,106,18,1.1205974630065
1831465558,Wang,Hongyin,,M.D.,I,99 Hillside Ave Ste I,,Williston Park,NY,36,11596,1,"Metropolitan area core: primary flow within an urbanized area of 50,000 and greater",US,Internal Medicine,S,21500,24105.833333333,2442787.98,699944,826,,21029,23568.1,2381612.6,684331,,803,,4166,2138080.04,,16965,291040.82,,369,13667.12,,20681,2356843.53,,819,85944.45,,20802,2377991.03,,698,64796.95,,,,,,,,,,,275,5511.59,194,*,,,*,,71.784503631961,23,574,185,44,399,427,,,810,,0,,793,33,0.96741565398309
1831466259,Xie,Jack,,,I,7901 Broadway,,Elmhurst,NY,36,11373,1,"Metropolitan area core: primary flow within an urbanized area of 50,000 and greater",US,Physician Assistant,S,1396,1637.7333333333,170805.32,47487,204,,1362,1596.2333333333,166074.93,46297,"#",,,292,142059.1,,1091,28579.16,,13,167.06,,1307,165202.74,,89,5602.58,,1385,169140.47,,11,1664.85,0,0,0,0,0,0,0,0,0,,,,,*,,,*,,71.539215686275,,,,,89,115,,0,202,,0,0,,,0.94270959378776
1831472570,Balducci,Robert,,,I,10640 Rockaway Beach Blvd,,Rockaway Park,NY,36,11694,1,"Metropolitan area core: primary flow within an urbanized area of 50,000 and greater",US,Pharmacist,T,23,23,4290.74,23,22,"#",,,,,"#",,,23,4290.74,,0,0,,0,0,*,,,"#",,,*,,,"#",,,0,0,0,0,0,0,0,0,0,,0,0,0,*,,,*,,73.181818181818,,,,,,,17,,0,0,0,,,,0.87213636363636
1831523976,Jones,Bryan,R,PHARMD,I,819 S Salina St,,Syracuse,NY,36,13202,1,"Metropolitan area core: primary flow within an urbanized area of 50,000 and greater",US,Pharmacist,T,31,31,5133.98,31,29,"#",,,,,"#",,,31,5133.98,,0,0,,0,0,*,,,"#",,,*,,,"#",,,0,0,0,0,0,0,0,0,0,,0,0,0,*,,,*,,72.793103448276,,,,,,,23,0,,,0,,,,0.91603448275862
1831773845,Wu,Shu-Hsien,,NP-C,I,837 59th St,,Brooklyn,NY,36,11220,1,"Metropolitan area core: primary flow within an urbanized area of 50,000 and greater",US,Nurse Practitioner,S,2189,2649.8,323169.07,75773,360,,2157,2614.8,316070.88,74905,"#",,,504,274626.22,,1667,47869.41,,18,673.44,,1993,296271.47,,196,26897.6,,2131,318341.72,,58,4827.35,0,0,0,0,0,0,0,0,0,,36,181.83,30,*,,,*,,71.447222222222,,,,,173,187,0,0,356,,0,,348,12,0.89467295394439
1841223096,Wat,John,M,D.O.,I,7785 N State St Fl 3,,Lowville,NY,36,13367,7.1,"Secondary flow 30% to <50% to a urbanized area of 50,000 and greater",US,Family Practice,S,3335,6890.5,254267.31,202188,296,,2616,5715.9666666667,216375.82,167982,,228,,382,188553.98,,2928,65251.48,,25,461.85,,1548,117059.35,,1787,137207.96,,1489,117139.89,,1846,137127.42,32,5127.94,803,18,0.95952023988006,,,,,,50,702.98,39,*,,,*,,71.537162162162,68,108,70,50,126,170,284,,,0,0,11,113,183,1.2441257581698
1841227816,Schaefer,John,D,MD,I,3 Lyon Pl Ste 302,,Ogdensburg,NY,36,13669,4,"Micropolitan area core: primary flow within an urban cluster of 10,000 to 49,999",US,Otolaryngology,S,1898,2114.4666666667,80426.29,48622,465,,1443,1637.9666666667,43242.76,38523,,365,,97,36808.66,,1801,43617.63,,0,0,,646,14294.11,,1252,66132.18,,606,39503.38,,1292,40922.91,14,77.23,80,14,0.73761854583772,0,0,0,0,0,496,7638.29,216,,0,0,,0,69.574193548387,100,232,101,32,253,212,452,,,,,,123,342,1.0616830460851
1841231057,Huang,Zheng-Bo,,M.D.,I,14218 38th Ave,Suite 1c,Flushing,NY,36,11354,1,"Metropolitan area core: primary flow within an urbanized area of 50,000 and greater",US,Geriatric Medicine,S,19211,25353.2,1986839.53,751189,451,,19104,25226.866666667,1953596.71,747452,"#",,,3494,1632566.77,,15576,349434.21,,141,4838.55,,15185,1590467.4,,4026,396372.13,,17300,1850328.84,,1911,136510.69,32,377.94,822,15,0.16657123522982,0,0,0,0,0,132,2069.71,90,,61,641.44,*,,80.161862527716,,,,,277,174,15,,411,,0,,334,117,1.2701405126798
1841234895,Desa,Kenneth,,M.D.,I,6 Henry St,,Beacon,NY,36,12508,1,"Metropolitan area core: primary flow within an urbanized area of 50,000 and greater",US,Family Practice,S,5677,10431.2,738950.99,307270,406,,3750,7181.9,437552.89,212176,,281,,1018,625473.97,,4542,104678.36,,117,8798.66,,3228,385935.75,,2449,353015.24,,4352,666747.52,,1325,72203.47,,,,,,,,,,,40,434.78,30,,31,1523.91,*,,67.987684729064,125,179,78,24,239,167,194,77,,108,,17,237,169,1.2567198358041
1841261062,Li,Yuan,Y,MD,I,13304 41st Ave,First Floor B,Flushing,NY,36,11355,1,"Metropolitan area core: primary flow within an urbanized area of 50,000 and greater",US,Internal Medicine,S,7232,9389.7333333333,385759.84,273937,279,,7113,9256.7333333333,367793.92,270085,"#",,,707,253803.41,,6429,128838.57,,96,3117.86,,6225,323297.02,,1007,62462.82,,6816,367443.08,,416,18316.76,,,,,,,,,,,77,595.76,57,,0,0,*,,73.175627240143,,,,,157,122,,,265,,0,,251,28,0.90165707403088
1841269172,Brown,Stephen,M,MD,I,5800 Heritage Landing Dr Ste C,,East Syracuse,NY,36,13057,1,"Metropolitan area core: primary flow within an urbanized area of 50,000 and greater",US,Obstetrics & Gynecology,S,155,204.33333333333,19900.2,3092,85,,136,185.33333333333,17930.46,2903,"#",,,92,17867.4,,63,2032.8,,0,0,,112,13312.79,,43,6587.41,,26,3046.54,,129,16853.66,0,0,0,0,0,0,0,0,0,,13,115.71,,,0,0,*,,69.823529411765,,,,,61,24,79,,0,0,0,,,,0.75136470588235
1841278579,Chua,Vincent,P,M.D.,I,13336 41st Rd,Suite 2m,Flushing,NY,36,11355,1,"Metropolitan area core: primary flow within an urbanized area of 50,000 and greater",US,Internal Medicine,S,7875,14873.2,913316.66,441094,578,,7684,14601.266666667,901129.62,433238,,562,,1173,751385.53,,6590,155506.07,,112,6425.06,,6718,797607.68,,1157,115708.98,,5513,656683.25,,2362,256633.41,34,1031.87,782,,0.43174603174603,,,,,,76,471.91,58,,23,645.68,*,,75.878892733564,16,285,165,112,355,223,14,,537,,0,17,300,278,0.84606521171799
1841363009,Nair,Amita,N,MD,I,158 Saratoga Ave.,Waterford Health Center,Waterford,NY,36,12188,1,"Metropolitan area core: primary flow within an urbanized area of 50,000 and greater",US,Internal Medicine,S,3697,9184.5666666667,139482.88,266265,437,,3608,8967.6666666667,137458.93,259963,,422,,394,76062.49,,3262,62461.31,,41,959.08,"#",,,*,,,,556,18763.39,,3141,120719.49,64,548.77,973,24,1.731133351366,,,,,,70,1001.51,56,,13,174.2,*,,74.659038901602,15,231,131,60,233,204,176,121,47,69,,,55,382,0.86088646939317
1841375037,Chang,Steve,C,MD,I,13620 38th Ave,Suite 8e,Flushing,NY,36,11354,1,"Metropolitan area core: primary flow within an urbanized area of 50,000 and greater",US,Internal Medicine,S,5300,9375.6333333333,526666.18,278394,222,,5242,9303.2333333333,524119.4,276247,"#",,,721,416971.9,,4507,106237.2,,72,3457.08,,3966,396985.28,,1334,129680.9,,2819,305801.11,,2481,220865.07,,,,,,,,,,,30,362.83,22,,0,0,*,,74.72972972973,,,,,123,99,,,196,,0,,67,155,0.80633009089429
1841383064,Sanger,Heidi,S,MD,I,Mmg - Eastchester,440 White Plains Road,Eastchester,NY,36,10709,1,"Metropolitan area core: primary flow within an urbanized area of 50,000 and greater",US,Internal Medicine,S,5102,12033.466666667,817650.87,354138,541,,4560,11018.766666667,723268.81,324949,,488,,848,680928.12,,4217,134598.08,,37,2124.67,,2049,319801.58,,3053,497849.29,,919,135818.54,,4183,681832.33,53,576.76,762,21,1.0388083104665,0,0,0,0,0,49,3524.99,41,,23,998.76,*,,72.781885397412,53,278,147,63,389,152,369,72,13,59,0,28,79,462,0.93855572950188
1841466703,Yang,Liming,,M.D.,I,5803 7th Ave,,Brooklyn,NY,36,11220,1,"Metropolitan area core: primary flow within an urbanized area of 50,000 and greater",US,Family Practice,S,7709,11498.133333333,1005392.52,333347,371,,7506,11191.8,982164.58,324448,,355,,1585,838693.06,,6022,163403.2,,102,3296.26,,6946,900007.38,,763,105385.14,,7346,971247.93,,363,34144.59,,,,,,,,,,,71,950.54,56,,24,134.22,*,,72.77358490566,16,230,89,36,190,181,,,343,,0,11,329,42,0.93937178137689
1841522679,Soliman,Joseph,,R.PH. PHARM D.,I,2864 Broadway,,New York,NY,36,10025,1,"Metropolitan area core: primary flow within an urbanized area of 50,000 and greater",US,Pharmacist,T,32,32,5814.6,32,32,"#",,,,,"#",,,32,5814.6,,0,0,,0,0,*,,,"#",,,*,,,"#",,,0,0,0,0,0,0,0,0,0,,0,0,0,*,,,*,,73.40625,,,,,16,16,24,,,,0,,,,0.8529375
1841549508,Lloyd,Alyssia,M,FNP,I,2206 Genesee St,Suite 101,Utica,NY,36,13502,1,"Metropolitan area core: primary flow within an urbanized area of 50,000 and greater",US,Nurse Practitioner,S,1796,3619.5,126584.38,105872,169,,1584,3176.6,110758.02,92806,,154,"#",,,,1554,25679.07,*,,,,1155,74045.34,,641,52539.04,,159,24508.33,,1637,102076.05,36,607.96,951,,2.0044543429844,0,0,0,,0,31,550.8,21,*,,,*,,70.544378698225,15,116,,,122,47,153,,0,,0,,,,0.76361883629191
1841562485,Maiello,Wendy,,,I,260 Arden Ave,,Staten Island,NY,36,10312,1,"Metropolitan area core: primary flow within an urbanized area of 50,000 and greater",US,Pharmacist,T,19,19,3082.64,19,19,,19,19,3082.64,19,,19,,19,3082.64,,0,0,,0,0,*,,,"#",,,,0,0,,19,3082.64,0,0,0,0,0,0,0,0,0,,0,0,0,,0,0,,0,70.631578947368,0,15,,,,,11,,,,0,0,0,19,0.61757894736842
1841721982,Yuan,Yanyi,,FNP,I,839 58th St Apt 5,,Brooklyn,NY,36,11220,1,"Metropolitan area core: primary flow within an urbanized area of 50,000 and greater",US,Nurse Practitioner,S,8616,10441.7,1174018.89,296251,680,,8508,10321.466666667,1170251.59,293219,"#",,,1708,964215.74,,6766,206288.44,,142,3514.71,,8223,1138589.66,,393,35429.23,,8512,1160738.3,,104,13280.59,,,,,,,,,,,174,2643.9,129,,24,162.25,*,,73.504411764706,,,,,378,302,,0,673,,0,,661,19,1.264172094818
1851319685,Johnson,Andrea,,,I,17 Sherman St,Suite 2100,Jamestown,NY,36,14701,4,"Micropolitan area core: primary flow within an urban cluster of 10,000 to 49,999",US,Family Practice,S,6656,15059.6,496471.41,442746,487,,6047,13992.066666667,462704.04,411804,,454,,845,357861.96,,5710,132181.33,,101,6428.12,,3708,247726.3,,2948,248745.11,,1075,55261.87,,5581,441209.54,197,4196.2,4804,33,2.9597355769231,,,,,,109,990.2,67,,13,99.92,*,,73.989733059548,33,238,154,62,326,161,457,,0,,0,24,51,436,0.96138021233266
1851321855,Khishchenko,Larisa,,M.D.,I,485 Titus Ave,Ste H,Rochester,NY,36,14617,1,"Metropolitan area core: primary flow within an urbanized area of 50,000 and greater",US,Internal Medicine,S,6597,15454.466666667,415118.45,456805,421,,6453,15181.433333333,409227.85,448764,,406,,813,288131.46,,5759,125964.63,,25,1022.36,,5582,328565.01,,1015,86553.44,,1474,128319.3,,5123,286799.15,20,278.55,473,,0.30316810671517,0,0,0,,0,84,485.77,52,*,,,*,,76.149643705463,15,188,150,68,310,111,356,25,,11,,25,80,341,0.97429558006535
1851362594,Lewis,Paulette,,M.D.,I,31 Arnot Rd,,Horseheads,NY,36,14845,1,"Metropolitan area core: primary flow within an urbanized area of 50,000 and greater",US,Internal Medicine,S,10789,25493,1110364.72,746878,641,,8760,21169.8,897398.61,621545,,545,,1306,865744.4,,9401,240632.81,,82,3987.51,,6239,622839.84,,4550,487524.88,,4267,463282.91,,6522,647081.81,262,4855.65,6831,33,2.4283992955788,43,3268.91,1290,,16.412213740458,226,3400.42,123,,37,1248.37,,12,71.1872074883,96,323,154,68,506,135,570,43,,13,,11,184,457,1.0963177828092
1851387682,Warchol,Anna,,MD,I,934 Manhattan Ave,,Brooklyn,NY,36,11222,1,"Metropolitan area core: primary flow within an urbanized area of 50,000 and greater",US,Internal Medicine,S,5902,11468.933333333,576313.14,334878,458,,5683,11087.466666667,559096.24,323778,,442,,977,473128.02,,4870,101758.26,,55,1426.86,,3568,315022.66,,2334,261290.48,,3522,383534.28,,2380,192778.86,46,218.88,732,16,0.77939681463911,0,0,0,0,0,151,2291.2,106,,14,158.9,*,,75.526200873362,16,212,155,75,308,150,316,34,,68,,31,224,234,1.2694321629534
1851397129,Yang,Ber-Yuh,,M.D.,I,13511 40th Rd,Suite 3d,Flushing,NY,36,11354,1,"Metropolitan area core: primary flow within an urbanized area of 50,000 and greater",US,Hematology-Oncology,S,4445,6536.7333333333,3504200.77,186529,215,,4128,6152.4,3251758.1,175353,"#",,,769,3329414.72,,3606,172070.7,,70,2715.35,,3475,2899923.57,,970,604277.2,,3392,3046631.79,,1053,457568.98,51,3801.67,1308,14,1.1473565804274,22,2000.68,660,,43.137254901961,245,3002.96,58,*,,,*,,74.739534883721,,,,,121,94,,0,203,,0,,132,83,1.463311627907
1851456321,Meyer,Vincent,E,MD,I,418 Geyser Rd,"#14",Ballston Spa,NY,36,12020,1.1,"Secondary flow 30% to <50% to a larger urbanized area of 50,000 and greater",US,Family Practice,S,5345,7600.5666666667,511220.57,216173,244,,3566,5522.5,258490.8,157872,,200,,596,368697.17,,4700,139925.1,,49,2598.3,,3102,241340.34,,2243,269880.23,,1929,137713.45,,3416,373507.12,586,24781.89,15625,54,10.963517305893,123,7998.91,3586,11,20.98976109215,127,36028.11,60,,112,1950.11,,16,71.811475409836,44,108,54,38,111,133,229,,0,,0,,53,191,1.061255622033
1851456669,Wang,Jyming,,M.D.,I,13336 41st Rd Ste 2m,,Flushing,NY,36,11355,1,"Metropolitan area core: primary flow within an urbanized area of 50,000 and greater",US,Internal Medicine,S,4988,9546.6,594468.37,280854,510,,4701,9176.9,566106.81,271043,,495,,583,482487.91,,4378,111276.38,,27,704.08,,3884,479378.17,,1104,115090.2,,2944,296283.18,,2044,298185.19,56,1734.97,950,,1.1226944667201,,,,,,87,1000.1,57,*,,,*,,76.111764705882,15,240,156,99,348,162,23,,455,,0,21,223,287,0.81607310968603
1851459895,Chung,Roger,M,M.B.B.S.,I,139 Centre St,Suite 802,New York,NY,36,10013,1,"Metropolitan area core: primary flow within an urbanized area of 50,000 and greater",US,Internal Medicine,S,8410,10962.633333333,979125.5,323538,261,,8346,10897.633333333,973576.59,321678,"#",,,1591,787979.25,,6749,188830.32,,70,2315.93,,5873,666610.74,,2537,312514.76,,7873,953403.49,,537,25722.01,18,155.7,432,,0.21403091557669,,,,,,76,38348.76,52,,115,876.4,*,,76.053639846743,,,,,136,125,,,243,,0,,214,47,1.104121199922
1851476972,Huang,Hui-Li,,MD,I,Mmg - Grand Concourse,2532 Grand Concourse,Bronx,NY,36,10458,1,"Metropolitan area core: primary flow within an urbanized area of 50,000 and greater",US,Family Practice,S,7757,14795.833333333,1043846.16,437889,460,,6718,13247.533333333,895663.09,392487,,402,,1568,858872,,5907,173018.17,,282,11955.99,,5458,744931.91,,2299,298914.25,,4114,590112.64,,3643,453733.52,,,,,,,,,,,50,575.71,42,*,,,*,,72.952173913043,58,211,146,45,336,124,16,261,12,156,0,15,186,274,1.3983467293494
1851499875,Morgan,Julia,M,MD,I,7325 Community Dr.,,Lima,NY,36,14485,2,"Metropolitan area high commuting: primary flow 30% or more to a urbanized area of 50,000 and greater",US,Family Practice,S,2223,4463.1666666667,160918.06,128904,287,,1961,4030.2333333333,144768.97,116893,,255,,323,113265.5,,1877,46533.81,,23,1118.75,,1836,138020.97,,387,22897.09,,540,49822.79,,1683,111095.27,20,169.9,370,,0.89968511021143,,,,,,59,574.02,39,*,,,*,,73.15331010453,32,132,82,41,200,87,269,,0,,0,14,43,244,0.97072179338841
1851514095,Bernstein,Steven,E,DDS,I,99 Fieldstone Dr,,Hartsdale,NY,36,10530,1,"Metropolitan area core: primary flow within an urbanized area of 50,000 and greater",US,Dentist,S,12,12,2211.84,12,11,,12,12,2211.84,12,,11,,12,2211.84,,0,0,,0,0,*,,,"#",,,,0,0,,12,2211.84,0,0,0,0,0,0,0,0,0,,0,0,0,,0,0,,0,73.636363636364,0,,,0,,,,,0,0,0,0,0,11,0.93518181818182
1851559041,Einav,Eldad,U,M.D.,I,732 Vestal Pkwy E,Suite 6a,Vestal,NY,36,13850,1,"Metropolitan area core: primary flow within an urbanized area of 50,000 and greater",US,Cardiology,S,5034,5669,968003.40999999,54596,3206,,4551,5106.1333333333,874148.52999999,47762,,2917,,4373,956656.12999999,"#",,,*,,,,2698,514406.27,,2336,453597.14,,866,165127.23,,4168,802876.17999999,0,0,0,0,0,0,0,0,0,,0,0,0,,0,0,,0,72.70929507174,289,1734,902,281,1788,1418,2965,55,,40,,108,513,2693,0.89748239129809
1851739346,Young,Charmaine,,D.O.,I,268 Canal St,,New York,NY,36,10013,1,"Metropolitan area core: primary flow within an urbanized area of 50,000 and greater",US,Family Practice,S,5721,10067.7,578234.95,294446,369,,5462,9735.5666666667,562410.72,284982,,348,,778,404956.05,,4845,171789.15,,98,1489.75,,4528,527745.4,,1193,50489.55,,5456,562953.76,,265,15281.19,,,,,,,,,,,21,137.08,19,,0,0,,0,73.092140921409,21,216,87,45,203,166,11,,339,,0,,327,42,0.97821085800933
1851764567,Giji,Bindu,,,I,4 Park Oval,,Congers,NY,36,10920,1,"Metropolitan area core: primary flow within an urbanized area of 50,000 and greater",US,Nurse Practitioner,S,1380,2333.4333333333,134160.74,67522,450,,1151,1991.9666666667,107587.98,57724,,381,,245,113176.93,,994,17674.48,,141,3309.33,,1077,94136.14,,303,40024.6,,880,88903.23,,500,45257.51,,,,,,,,,,,32,376.19,29,*,,,*,,72.826666666667,69,197,131,53,325,125,40,186,,195,,17,236,214,1.6047004537661
1851830491,Kim,Joungran,,,I,2015 Grand Concourse,,Bronx,NY,36,10453,1,"Metropolitan area core: primary flow within an urbanized area of 50,000 and greater",US,Nurse Practitioner,S,11315,17107.733333333,1529799.01,507789,616,,11140,16893.4,1512458.52,501474,"#",,,2524,1317535.96,,8745,211863.96,,46,399.09,,3459,354521.35,,7856,1175277.66,,9873,1453567.94,,1442,76231.07,,,,,,,,,,,82,534.92,72,*,,,*,,74.904220779221,,,,,369,247,,,561,0,0,50,370,246,0.92660177574444
1861414021,Sulik,Sandra,M,MD,I,4104 Medical Center Dr,Suite 104,Fayetteville,NY,36,13066,1,"Metropolitan area core: primary flow within an urbanized area of 50,000 and greater",US,Family Practice,S,4143,7679.7,316816.78,218271,353,,3303,6527.3666666667,259270.28,189293,,314,,516,226686.97,,3615,89260.74,,12,869.07,,2677,177707.06,,1466,139109.72,,879,64588.64,,3264,252228.14,40,498.26,1031,11,0.96548394882935,11,241.96,330,,27.5,120,3579.65,60,,33,301.5,*,,72.274787535411,39,179,88,47,248,105,324,11,,,0,13,65,288,0.96459666864162
1861426413,Sullivan,Jay,F,MD,I,4882b North Jefferson Street,,Pulaski,NY,36,13142,10,"Rural areas: primary flow to a tract outside a urbanized area of 50,000 and greater or UC",US,Family Practice,S,8977,17485.133333333,1231265.73,505962,448,,8182,16084.7,1131308.68,465748,,416,,1564,1015186.83,,7304,209521.93,,109,6556.97,,4485,584699.03,,4492,646566.7,,1940,266573.6,,7037,964692.13,223,14562.63,4274,40,2.4841261000334,46,10226.3,1319,,20.627802690583,264,6415.87,127,,54,5383.99,,11,73.975446428571,32,232,130,54,226,222,424,,,0,,20,59,389,1.0204235931819
1861430076,Guillen,Rafael,A,M.D.,I,800 Grand Concourse Frnt Office5,,Bronx,NY,36,10451,1,"Metropolitan area core: primary flow within an urbanized area of 50,000 and greater",US,Internal Medicine,S,14072,30807.533333333,1766504.38,911920,762,,12514,27817.966666667,1503683.63,823331,,688,,2126,1387407.03,,11725,368862.88,,221,10234.47,,13048,1651500.83,,1024,115003.55,,12345,1602476.13,,1727,164028.25,17,54.15,99,15,0.12080727686185,0,0,0,0,0,116,18058.35,91,,67,1469.93,,15,73.335958005249,74,371,240,77,461,301,32,30,,686,0,,592,170,1.2079333186436
1861433930,Hashmi,Yahya,J,MD,I,5300 Military Rd,@mount St. Mary'S Hospital Rm 302,Lewiston,NY,36,14092,1,"Metropolitan area core: primary flow within an urbanized area of 50,000 and greater",US,Internal Medicine,S,7091,14704.666666667,754566.96,428584,493,,6420,13434.533333333,665770.82,391914,,442,,1205,613920.44,,5840,138165.84,,46,2480.68,,4961,505889.9,,2130,248677.06,,1134,161198.46,,5957,593368.5,95,4252.52,1978,46,1.3397264137639,,,,,,171,1624.1,118,,43,670,*,,73.231237322515,51,239,134,69,291,202,448,21,,,0,,60,433,1.3803017727692
1861456196,Wu,Rex,H,M.D.,I,128 Mott Street,Suite 402,New York,NY,36,10013,1,"Metropolitan area core: primary flow within an urbanized area of 50,000 and greater",US,Internal Medicine,S,18317,32596.533333333,2460031.88,958918,737,,17337,31006,2339842.02,912834,,700,,3184,2025739.23,,14809,424877.41,,324,9415.24,,14168,1988273.62,,4149,471758.26,,16928,2310423.62,,1389,149608.26,33,145.69,259,20,0.18016050663318,0,0,0,0,0,122,1163.49,88,,25,702.72,*,,75.124830393487,37,356,230,114,398,339,12,14,672,24,0,15,620,117,1.0981212397871
1861456642,Deberny,David,R,M.D.,I,3560 N Buffalo St,,Orchard Park,NY,36,14127,1,"Metropolitan area core: primary flow within an urbanized area of 50,000 and greater",US,Internal Medicine,S,7107,16599.9,604013.99,485190,633,,6444,15310.433333333,526923.19,447939,,571,,1011,436421.64,,6021,163240.09,,75,4352.26,,5134,408483.57,,1973,195530.42,,619,60026.24,,6488,543987.75,217,4303.81,4886,63,3.0533277050795,,,,,,188,1825.36,123,*,,,*,,71.883096366509,62,354,162,55,325,308,609,,,,0,17,47,586,0.91868649019361
1861471716,Moshman,Eliot,P,MD,I,210 Westchester Ave,,White Plains,NY,36,10604,1,"Metropolitan area core: primary flow within an urbanized area of 50,000 and greater",US,Internal Medicine,S,7437,19266.1,565730,573074,592,,7228,18822.6,544625.32,560022,,573,,641,431371.41,,6763,132529.45,,33,1829.14,,2471,159409.99,,4966,406320.01,,765,68724.89,,6672,497005.11,54,731.42,1457,15,0.72609923356192,,,,,,47,498,30,,12,310.28,*,,75.755067567568,19,269,212,92,238,354,440,75,11,23,0,43,47,545,1.0019904954509
1861498248,Cope,Kevin,,M.D,I,3768 St Hwy 30,,Broadalbin,NY,36,12025,2,"Metropolitan area high commuting: primary flow 30% or more to a urbanized area of 50,000 and greater",US,Family Practice,S,13520,24338.566666667,1210553.29,698285,696,,9587,18871.266666667,828677.71,546924,,522,,1777,810658.58,,11662,395661.26,,81,4233.45,,7815,653613.5,,5705,556939.79,,6145,631914.54,,7375,578638.75,534,12736.38,10082,91,3.9497041420118,35,3753.24,968,,6.5543071161049,382,5863.21,202,,113,2636.81,,17,69.829022988506,174,249,190,83,348,348,653,,,,0,20,284,412,1.4082089809169
1861568685,Aponte,Alex,M,MD,I,147 Beach Rd,Suite A,Westhampton Beach,NY,36,11978,1,"Metropolitan area core: primary flow within an urbanized area of 50,000 and greater",US,Family Practice,S,4149,8981.1,323371.72,260908,389,,3923,8617.8666666667,303032.14,250760,,362,,507,201552.6,,3631,121359.44,,11,459.68,,899,72514.36,,3250,250857.36,,485,47186.5,,3664,276185.22,84,1667,1306,24,2.0245842371656,,,,,,77,968.25,57,,24,2601.33,*,,73.650385604113,27,188,141,33,239,150,361,,,,0,,41,348,0.97888410454156
1861583940,Eschenberg,Nancy,A,FNP,I,8881 State Route 97,,Callicoon,NY,36,12723,10,"Rural areas: primary flow to a tract outside a urbanized area of 50,000 and greater or UC",US,Nurse Practitioner,S,4680,8452.4,535440.64,244566,358,,3902,7186.8,409953.37,208304,,311,,852,454496.23,,3794,76549.17,,34,4395.24,,1823,199424.39,,2857,336016.25,,1723,224387.47,,2957,311053.17,31,987.22,626,,0.66239316239316,,,,,,115,1868.52,73,,21,790.94,*,,72.483240223464,47,166,109,36,223,135,322,,,11,0,11,91,267,1.1478441484808
1861612350,Siu,Irene,,RPH,I,66 Covington Cir,,Staten Island,NY,36,10312,1,"Metropolitan area core: primary flow within an urbanized area of 50,000 and greater",US,Pharmacist,T,32,32,5310.43,32,29,,32,32,5310.43,32,,29,,32,5310.43,,0,0,,0,0,*,,,"#",,,,0,0,,32,5310.43,0,0,0,0,0,0,0,0,0,,0,0,0,,0,0,,0,71.862068965517,0,20,,,,,11,,,,0,,0,29,0.48003448275862
1861679433,Nyameh,Marcia,A,"PHARMD, B.S.",I,249 Main St,,Binghamton,NY,36,13905,1,"Metropolitan area core: primary flow within an urbanized area of 50,000 and greater",US,Pharmacist,T,24,24,4102.39,24,24,"#",,,,,"#",,,24,4102.39,,0,0,,0,0,*,,,"#",,,,12,1874.83,,12,2227.56,0,0,0,0,0,0,0,0,0,,0,0,0,*,,,*,,69.25,,,,,,,,,,,0,0,12,12,0.76860416666667
1861682098,Rodriguez,Victor,N,RPA-C,I,750 East Adams St,,Syracuse,NY,36,13210,1,"Metropolitan area core: primary flow within an urbanized area of 50,000 and greater",US,Physician Assistant,S,2077,2087,350423.71,4067,1640,,1912,1922,327818.6,3476,,1512,,2004,349321.57,,73,1102.14,,0,0,,901,149976.88,,1176,200446.83,,599,98678.42,,1478,251745.29,,,,,,,,,,,32,657.02,32,,0,0,,0,72.351829268293,128,959,455,98,1003,637,1048,327,,110,,86,438,1202,0.95391180978594
1861735656,Skudnov,Liudmila,A,DO,I,1000 Targee St Apt 4t,,Staten Island,NY,36,10304,1,"Metropolitan area core: primary flow within an urbanized area of 50,000 and greater",US,Family Practice,S,3890,6751.5,217556.58,191955,490,,3389,6081.1,174661.23,173223,,434,,466,151218.92,,3404,65468.23,,20,869.43,,2502,137020.21,,1388,80536.37,,996,83536.97,,2894,134019.61,110,2520.84,2466,54,2.827763496144,,,,,,162,2926,113,,22,311.09,*,,74.310204081633,56,193,152,89,365,125,439,21,,12,,14,105,385,1.1484631025928
1861931933,Chen,Ting,,,I,One Gustavy Levy Place,,New York,NY,36,10029,1,"Metropolitan area core: primary flow within an urbanized area of 50,000 and greater",US,Nurse Practitioner,S,2463,2763.5,2327353.62,79404,112,,1580,1829.3333333333,1251691.42,52878,,63,,1052,2242147.61,,1378,84603.2,,33,602.81,,1579,1464369.97,,884,862983.65,,2200,1963637.85,,263,363715.77,23,336.31,502,,0.93382054405197,0,0,0,,0,12,144.35,,,12,79.2,*,,62.267857142857,49,59,,,25,87,32,48,,28,0,,87,25,1.2564293154762
1871530873,Jindal,Kumud,,M.D.,I,515 Audubon Ave,,New York,NY,36,10040,1,"Metropolitan area core: primary flow within an urbanized area of 50,000 and greater",US,Internal Medicine,S,10263,10288.5,426891.05,146809,203,,9001,9023.8333333333,370364.98,127691,,184,,1086,322046.06,,9149,103417.63,,28,1427.36,,4752,141618.85,,5511,285272.2,,10210,426111.57,,53,779.48,48,1495.54,977,23,0.46769950306928,,,,,,109,15876.08,37,,130,10660.55,,12,79.694581280788,19,43,65,76,107,96,42,58,,94,0,,190,13,2.6366199725259
1871573378,Deahn,Dale,L,M.D.,I,401 Main St,,Arcade,NY,36,14009,7,"Small town core: primary flow within an urban cluster of 2,500 to 9,999",US,Family Practice,S,5264,10355.8,536896.47,301415,537,,4264,8814.3666666667,433464.39,257032,,447,,708,406315.62,,4536,129489.15,,20,1091.7,,3723,323178.52,,1541,213717.95,,2000,252319.2,,3264,284577.27,555,24816.68,15032,97,10.543313069909,32,9430.92,942,,5.7657657657658,134,7521.42,71,,13,314.47,*,,72.001862197393,90,229,155,63,278,259,515,,,,,16,135,402,1.3137116736955
1871575639,Tran,Tuan Richie,Q,MD,I,356 West 18th Street,Community Health Project Inc.,New York,NY,36,10011,1,"Metropolitan area core: primary flow within an urbanized area of 50,000 and greater",US,Internal Medicine,S,1633,2116.0333333333,1454370.47,61146,99,,946,1338.6333333333,579384.39,38837,,54,,558,1389898.66,,1056,63188.48,,19,1283.33,,776,574111.93,,857,880258.54,,1136,1070462.29,,497,383908.18,27,1361.81,682,,1.6533986527863,0,0,0,,0,12,260.7,,,0,0,,0,62.69696969697,45,44,,,18,81,51,25,,19,0,,64,35,1.0909991582492
1871586446,Archer,Cassandra,A,M.D.,I,161 Genesee St,Suite 203,Auburn,NY,36,13021,4,"Micropolitan area core: primary flow within an urban cluster of 10,000 to 49,999",US,Internal Medicine,S,3336,7448.9,370361.88,218498,253,,3104,7062.3666666667,359514.4,207279,,236,,536,310661.78,,2772,57790.17,,28,1909.93,,1787,187018.86,,1549,183343.02,,838,106492.26,,2498,263869.62,111,2162.18,2721,19,3.3273381294964,18,870.69,540,,16.216216216216,49,915.82,34,*,,,*,,73.102766798419,17,133,77,26,182,71,237,,,,0,,35,218,0.97652140974967
1871594234,Coveney,Carolyn,L,MD,I,308 W Seneca St,,Manlius,NY,36,13104,1,"Metropolitan area core: primary flow within an urbanized area of 50,000 and greater",US,Family Practice,S,6715,13712.466666667,495439,398725,436,,5865,12384.533333333,447790.47,361016,,397,,805,333252.82,,5854,158635.9,,56,3550.28,,4407,306831.16,,2308,188607.84,,1200,104617.96,,5515,390821.04,238,5972,6282,51,3.5443037974684,29,708.81,870,,12.18487394958,180,2512.04,112,,33,1798.26,*,,72.582568807339,39,242,105,50,312,124,395,12,,,0,19,48,388,1.0146388390088
1376574293,Litt,Anne Beth,,M.D.,I,20 Hospital Oval West,,Valhalla,NY,36,10595,1,"Metropolitan area core: primary flow within an urbanized area of 50,000 and greater",US,Internal Medicine,S,52,52,5368.16,828,26,,28,28,5126.24,113,"#",,,25,5068.93,,27,299.23,,0,0,,30,1356.51,,22,4011.65,,27,795.31,,25,4572.85,0,0,0,0,0,0,0,0,0,,,,,,0,0,*,,71,,,,,15,11,16,,,,0,,,,1.1426153846154
1376595710,Ye,Hong,,D.O,I,822 54th Street,1fl,Brooklyn,NY,36,11220,1,"Metropolitan area core: primary flow within an urbanized area of 50,000 and greater",US,Family Practice,S,4257,5868.2,604929.24,171421,275,,4073,5629.2,590001.94,164377,"#",,,821,502125.08,,3339,101248.67,,97,1555.49,,3771,542394.79,,486,62534.45,,4176,599842.85,,81,5086.39,,,,,,,,,,,67,818.83,49,,28,3138.14,*,,71.701818181818,,,,,151,124,0,,267,,0,,263,12,1.0365536808374
1376612242,Schrem,Stanley,S,M.D.,I,635 Madison Ave,3rd Floor,New York,NY,36,10022,1,"Metropolitan area core: primary flow within an urbanized area of 50,000 and greater",US,Cardiology,S,4638,9274.2666666667,361323.51,274470,354,,4638,9274.2666666667,361323.51,274470,,354,,593,251825.75,,4045,109497.76,,0,0,,116,5034.31,,4522,356289.2,,147,2533.07,,4491,358790.44,,,,,,,,,,,91,1541.15,55,,19,147.05,*,,79.522598870056,0,116,136,102,180,174,322,0,,,0,21,,,1.0645064040174
1376771766,Chokshi,Dave,,MD,I,530 1st Ave,,New York,NY,36,10016,1,"Metropolitan area core: primary flow within an urbanized area of 50,000 and greater",US,Internal Medicine,S,332,350.6,45155.95,6253,288,,206,218.5,29400.54,3693,,191,,303,44453.61,"#",,,*,,,,207,27758.14,,125,17397.81,,234,30477.7,,98,14678.25,,,,,,,,,,,,,,,0,0,,0,66.520833333333,97,123,55,13,185,103,75,119,,79,0,,186,102,1.7829745604334
1376776054,Patel,Sonal,,M.D.,I,11 Park Ave,Suite 1k,Mount Vernon,NY,36,10550,1,"Metropolitan area core: primary flow within an urbanized area of 50,000 and greater",US,Internal Medicine,S,2749,6232.3333333333,275732.21,183431,186,,2244,5133.2,194431.02,151280,,158,,364,214670.52,,2331,58267,,54,2794.69,,1863,211204.83,,886,64527.38,,1774,213125.73,,975,62606.48,51,1545.53,1342,11,1.8552200800291,0,0,0,0,0,53,325.62,38,,11,273.57,*,,72.806451612903,28,86,51,21,131,55,12,110,,37,,15,95,91,0.9949398064001
1376924100,Siegenthaler,Matthew,,MD,I,3 Curtis Rd,,Vernon,NY,36,13476,4,"Micropolitan area core: primary flow within an urban cluster of 10,000 to 49,999",US,Family Practice,S,5079,11986.766666667,455738.63,347123,535,,4625,11075.333333333,411988.86,320878,,484,,782,339072.93,,4228,113817.93,,69,2847.77,,2853,226143.79,,2226,229594.84,,681,91853.12,,4398,363885.51,139,3718.39,3705,44,2.7367592045678,14,737.56,351,,10.071942446043,218,6779.3,127,*,,,*,,73.132710280374,51,271,146,67,309,226,499,,,,,29,74,461,0.98987924092734
1386007896,Baden,Sarah,D,M.D.,I,1824 Madison Ave,5th Floor,New York,NY,36,10035,1,"Metropolitan area core: primary flow within an urbanized area of 50,000 and greater",US,Family Practice,S,1181,1921.5,179316.31,55540,124,,878,1515.2,103208.98,43962,,93,,241,144327.83,,908,34018.47,,32,970.01,,995,160271.16,,186,19045.15,,1044,159686.57,,137,19629.74,,,,,,,,,,,,,,,0,0,,0,68.943548387097,31,62,,,80,44,,37,,72,0,,96,28,1.3434196167354
1386081545,Dunn,Geoffrey,S,M.D.,I,68 E 161st St Fl 13,,Bronx,NY,36,10451,1,"Metropolitan area core: primary flow within an urbanized area of 50,000 and greater",US,Family Practice,S,777,1022.8,26338.06,20243,405,,711,944.8,23040.35,18750,,375,,139,17167.04,,638,9171.02,,0,0,"#",,,*,,,,105,4576.14,,672,21761.92,69,629.84,357,64,8.8803088803089,0,0,0,0,0,214,2205.88,180,,0,0,,0,73.6,30,197,140,38,261,144,355,16,,18,,12,38,367,1.4147109361783
1386192318,Phelan,Eric,,,I,800 Hooper Rd,,Endwell,NY,36,13760,1,"Metropolitan area core: primary flow within an urbanized area of 50,000 and greater",US,Physician Assistant,S,6109,14026.233333333,578206.89,406792,1099,,5072,12036.166666667,471924.55,350231,,948,,756,456464.06,,5317,120031.8,,36,1711.03,,3350,354306.41,,2759,223900.48,,1315,128563.11,,4794,449643.78,331,9223.91,7787,117,5.4182353904076,12,2745.89,297,,3.6253776435045,146,1260.3,105,,17,602.7,*,,73.634212920837,151,437,334,177,518,581,1042,14,,12,,24,184,915,1.0616945630341
1386601557,He,Fufu,,M.D,I,1508 Avenue U,,Brooklyn,NY,36,11229,1,"Metropolitan area core: primary flow within an urbanized area of 50,000 and greater",US,Family Practice,S,26712,41040.366666667,5068580.44,1188641,1108,,26406,40455.866666667,5017838.87,1171741,,1082,,6791,4387111.78,,19584,674211.55,,337,7257.11,,22551,4200195.62,,4161,868384.82,,26090,4975149.01,,622,93431.43,18,150.72,151,16,0.067385444743935,0,0,0,0,0,401,14330.26,274,,52,796.48,,11,73.946750902527,26,650,295,137,602,506,,,1076,,0,15,1045,63,0.98161057361217
1386604858,Brown,Jennie,L,MD,I,5100 W Taft Rd,Suite 1d,Liverpool,NY,36,13088,1,"Metropolitan area core: primary flow within an urbanized area of 50,000 and greater",US,Family Practice,S,16739,32756.766666667,1503679.63,958647,1129,,13998,28276.833333333,1233008.58,829523,,951,,2293,1169447.82,,14227,322849.12,,219,11382.69,,11524,1038163.87,,5215,465515.76,,5900,660243.66,,10839,843435.97,211,9893.62,4677,64,1.2605293028257,18,5592.73,510,,8.5308056872038,263,49526.07,161,,74,1665.88,,17,72.620017714792,178,468,348,135,813,316,1017,46,,20,,35,307,822,1.0789561107378
1386605848,Wight,John,A,M.D.,I,3 Curtis Rd,,Vernon,NY,36,13476,4,"Micropolitan area core: primary flow within an urban cluster of 10,000 to 49,999",US,Family Practice,S,6361,15053.066666667,526741.86,441267,571,,6196,14742.733333333,515849.04,432386,,542,,839,421099.45,,5466,103242.4,,56,2400.01,,3750,272520.44,,2611,254221.42,,1002,105699.77,,5359,421042.09,74,1322.49,1580,23,1.1633390976262,,,,,,210,17058.2,115,*,,,*,,74.218914185639,29,295,174,73,295,276,537,0,0,,,31,69,502,0.93978723545298
1386616472,Jackson,Leland,J,MD,I,5006 W Genesee St,,Camillus,NY,36,13031,1,"Metropolitan area core: primary flow within an urbanized area of 50,000 and greater",US,Family Practice,S,6079,12293.966666667,720594.08,352026,503,,5202,11068.833333333,627539.85,318531,,455,,921,575488.63,,5099,142053.01,,59,3052.44,,3152,347635.39,,2927,372958.69,,1517,182956.98,,4562,537637.1,391,29319.54,6997,69,6.4319789439052,54,24088.33,1204,,13.81074168798,164,6047.75,102,,20,288.51,*,,73.86083499006,48,221,154,80,285,218,471,,,,,17,63,440,1.0047158230633
1386643781,Cihak,William,,MD,I,535 Main St,,Olean,NY,36,14760,4,"Micropolitan area core: primary flow within an urban cluster of 10,000 to 49,999",US,Internal Medicine,S,17050,35535.9,1162674.48,1029478,1067,,15923,33811.666666667,1087615.78,981459,,1017,,2033,756584.16,,14863,397676.51,,154,8413.81,,11293,731313.47,,5757,431361.01,,2729,267473.36,,14321,895201.12,727,82666.09,16706,140,4.2639296187683,43,3882.77,1692,,5.9147180192572,621,5635.66,351,,35,1356.78,*,,75.420805998126,50,463,396,158,584,483,1040,,,0,0,19,121,946,0.88878083814512
1386699577,Mannini,Matthew,R,DO,I,185 Route 312,,Brewster,NY,36,10509,1,"Metropolitan area core: primary flow within an urbanized area of 50,000 and greater",US,Internal Medicine,S,7950,17344.333333333,424195.75,511595,707,,7556,16662.9,408921.47,491774,,661,"#",,,,7400,152464.57,*,,,,2401,109098.19,,5549,315097.56,,1291,83280.91,,6659,340914.84,139,3670.31,3503,31,1.748427672956,15,1449.54,420,,10.791366906475,128,9856.93,103,,43,1159.4,,12,75.173974540311,46,301,255,105,380,327,646,,,19,0,27,80,627,1.1824030875299
1386719599,Liu,Zoe,Z,M.D.,I,98 E Broadway,4th Floor,New York,NY,36,10002,1,"Metropolitan area core: primary flow within an urbanized area of 50,000 and greater",US,Internal Medicine,S,23754,31863.266666667,2293339.91,925882,702,,23305,31229.666666667,2239347.62,907480,,688,,3509,1925242,,20021,362206.72,,224,5891.19,,23448,2267428.89,,306,25911.02,,23375,2267781.17,,379,25558.74,0,0,0,0,0,0,0,0,0,,312,3986.03,213,,24,163.12,*,,72.17094017094,14,481,169,38,382,320,,,684,,0,,679,23,0.94327874682598
1386721124,Marratta,Douglas,E,M.D.,I,161 Fort Washington Ave,,New York,NY,36,10032,1,"Metropolitan area core: primary flow within an urbanized area of 50,000 and greater",US,Internal Medicine,S,4733,11118.6,418009.84,326736,491,,4613,10898.5,393714.48,320930,"#",,,604,313769.1,,4109,101313.93,,20,2926.81,,2036,177703.39,,2697,240306.45,,1040,109626,,3693,308383.84,38,549.36,390,16,0.80287344179168,0,0,0,0,0,70,2418.47,51,*,,,*,,77.42566191446,,,,,295,196,276,78,24,88,0,25,62,429,1.1544307107929
1386745578,Zeitlin,Adam,D,DO,I,7161 159th St,,Flushing,NY,36,11365,1,"Metropolitan area core: primary flow within an urbanized area of 50,000 and greater",US,Family Practice,S,24821,29108.366666667,2420489.81,811250,927,,22871,26943.966666667,2221681.32,754336,,857,,3860,1717954.5,,20440,675049,,521,27486.31,,7708,820987.08,,17113,1599502.73,,19733,1853609.09,,5088,566880.72,442,79139.95,10643,98,1.780750171226,20,2499.66,600,,4.5248868778281,641,26962,288,,483,29915.85,,61,77.31067961165,70,339,250,268,542,385,564,130,74,108,,,615,312,1.7865692958397
1386759231,Almonte,Luis,A,MD,I,8811 101st Ave,,Ozone Park,NY,36,11416,1,"Metropolitan area core: primary flow within an urbanized area of 50,000 and greater",US,Internal Medicine,S,9520,18956.633333333,1138935.92,559552,541,,8464,17182.333333333,947104.5,507763,,484,,1653,940558.33,,7382,180157.09,,485,18220.5,,8932,1088052.73,,588,50883.19,,7804,1029095.25,,1716,109840.67,0,0,0,0,0,0,0,0,0,,151,5010.1,99,,0,0,,0,72.789279112754,57,266,168,50,302,239,12,,,517,,,403,138,1.0529512855043
1386824951,Merrill,Lorraine,,R.PH.,I,4202 W Genesee St,,Syracuse,NY,36,13219,1,"Metropolitan area core: primary flow within an urbanized area of 50,000 and greater",US,Pharmacist,T,19,19,3345.27,19,19,"#",,,,,"#",,,19,3345.27,,0,0,,0,0,*,,,*,,,*,,,"#",,,0,0,0,0,0,0,0,0,0,,0,0,0,*,,,*,,71.631578947368,,,,,,,17,,0,0,0,,,,0.73994736842105
1386991099,Foster,Rhiannon,B,NP,I,800 Hooper Rd,,Endwell,NY,36,13760,1,"Metropolitan area core: primary flow within an urbanized area of 50,000 and greater",US,Nurse Practitioner,S,3767,8385.7333333333,462168.22,243713,772,,3042,7216.4,384739.58,210321,,652,"#",,,,3177,78074.7,*,,,,1701,199336.29,,2066,262831.93,,1271,150401.34,,2496,311766.88,93,5234.95,2142,52,2.4688080700823,13,3812.11,360,,13.978494623656,93,1132.05,60,,19,685.27,*,,72.768134715026,120,315,219,118,487,285,730,,,12,0,19,155,617,1.098846591351
1396005252,Hui,Hilltone,,,I,333 E 38th St,,New York,NY,36,10016,1,"Metropolitan area core: primary flow within an urbanized area of 50,000 and greater",US,Physician Assistant,S,3351,3972.0666666667,774671.48,115519,390,,3303,3908.4,769155.39,113940,,375,,1015,693547.08,,2288,79864.54,,48,1259.86,,3234,753130.29,,117,21541.19,,3337,770945.62,,14,3725.86,0,0,0,0,0,0,0,0,0,,30,326.23,26,*,,,*,,70.969230769231,15,292,68,15,182,208,,0,388,0,0,,,,0.90480937955932
1396057253,Ma,Yanqing,,,I,4160 Main St,Ste 217,Flushing,NY,36,11355,1,"Metropolitan area core: primary flow within an urbanized area of 50,000 and greater",US,Internal Medicine,S,12431,14370.933333333,1585526.56,415707,283,"#",,,,,"#",,,2635,1315691.44,,9536,263377.67,,260,6457.45,,11710,1473186.18,,721,112340.38,,11842,1518453.5,,589,67073.06,,,,,,,,,,,265,1994.62,123,*,,,*,,73.187279151943,,,,,155,128,,0,273,,0,,238,45,0.96305202265474
1396067674,Wing,Peter,C,PHARM.D.,I,9 E Grand St,,Palatine Bridge,NY,36,13428,7,"Small town core: primary flow within an urban cluster of 2,500 to 9,999",US,Pharmacist,T,15,15,2424.56,25,15,"#",,,,,"#",,,14,2407.93,*,,,"#",,,*,,,*,,,*,,,"#",,,0,0,0,0,0,0,0,0,0,,,,,*,,,*,,71.866666666667,,,,,,,,0,0,,0,,,,1.0093333333333
1396078127,Chen,Helen,H,D.O.,I,136-36 39th Ave.,5th Floor,Flushing,NY,36,11354,1,"Metropolitan area core: primary flow within an urbanized area of 50,000 and greater",US,Family Practice,S,4451,7420.3333333333,594439.51,216538,218,,4204,7003.4333333333,540058.12,204600,"#",,,907,521187.98,,3470,70282.19,,74,2969.34,,3766,494701.43,,685,99738.08,,3778,542283.09,,673,52156.42,,,,,,,,,,,36,403.72,28,*,,,*,,73.990825688073,,,,,129,89,,,183,15,0,,139,79,1.0239727890352
1396078911,Rubinshteyn,Alina,,PHARM D.,I,3155 Amboy Rd,,Staten Island,NY,36,10306,1,"Metropolitan area core: primary flow within an urbanized area of 50,000 and greater",US,Pharmacist,T,26,26,4773.62,26,21,"#",,,,,"#",,,26,4773.62,,0,0,,0,0,*,,,"#",,,*,,,"#",,,0,0,0,0,0,0,0,0,0,,0,0,0,*,,,*,,70.142857142857,,,,,,,18,0,0,,0,,,,1.6119977937658
1396090411,Giterman,Igor,,M.D.,I,4771 Hylan Blvd,,Staten Island,NY,36,10312,1,"Metropolitan area core: primary flow within an urbanized area of 50,000 and greater",US,Family Practice,S,10579,26589.033333333,1217303.19,786369,799,,9281,24017.4,1025425.59,710803,,714,,1334,910620.95,,9084,298160.23,,161,8522.01,,7037,900628.22,,3542,316674.97,,2577,403124.52,,8002,814178.67,91,1917.76,1965,24,0.86019472539938,13,954.9,390,,14.285714285714,116,2749.4,81,,43,2246.31,,17,74.178973717146,85,336,245,133,460,339,638,45,29,49,0,38,158,641,1.1858404866482
1396190450,Carpenter,Joshua,L,P.A.C.,I,40 La Riviere Dr Ste 201,,Buffalo,NY,36,14202,1,"Metropolitan area core: primary flow within an urbanized area of 50,000 and greater",US,Physician Assistant,S,15858,18230.3,615125.62,371380,399,,14977,17217.233333333,574473.25,347327,,375,,2222,417576.22,,13543,192270.62,,93,5278.78,,9617,331630.21,,6241,283495.41,,9796,385441.74,,6062,229683.88,408,13669.32,11692,71,2.5728339008702,70,5784.07,2079,12,17.156862745098,191,10966.67,118,,147,2671.29,,23,82.456140350877,24,68,103,204,299,100,357,31,,,0,,170,229,2.2887486195896
1396340915,Li,Jie,,FNP,I,837 59th St,,Brooklyn,NY,36,11220,1,"Metropolitan area core: primary flow within an urbanized area of 50,000 and greater",US,Nurse Practitioner,S,3891,4421.1,526712.87,127531,433,,3834,4362.1,525667.25,125904,,420,,954,450591.98,,2904,75412.01,,33,708.88,,3412,479125.38,,479,47587.49,,3842,520529.71,,49,6183.16,0,0,0,0,0,0,0,0,0,,71,1791.34,56,*,,,*,,72.127020785219,13,311,72,37,208,225,,0,421,,0,,416,17,0.8863908853573
1396363180,Soliman,Olivia,A,RPH,I,16 Route 59,,Nyack,NY,36,10960,1,"Metropolitan area core: primary flow within an urbanized area of 50,000 and greater",US,Pharmacist,T,21,21,3583.23,79,18,"#",,,,,"#",,,19,3547.21,*,,,"#",,,*,,,"#",,,,0,0,,21,3583.23,0,0,0,0,0,0,0,0,0,,0,0,0,*,,,*,,73.722222222222,,,,,,,17,,0,0,0,,0,18,0.96288888888889
1396718383,Hubicki,Walter,W,M.D.,I,77 County Route 26a,,Greenville,NY,36,12083,2,"Metropolitan area high commuting: primary flow 30% or more to a urbanized area of 50,000 and greater",US,Family Practice,S,9425,18585.966666667,1159849.55,535847,531,,8183,16469.366666667,965446.89,476292,,485,,1609,945092.89,,7746,211257.11,,70,3499.55,,5599,682719.6,,3826,477129.95,,1833,387916.28,,7592,771933.27,562,118448.73,11741,60,5.9628647214854,87,98870.65,2800,,15.480427046263,229,2146.83,133,,37,768,*,,74.868173258004,46,220,186,79,287,244,510,,0,,0,13,57,474,1.02704462902
1396743407,Freeman,Michael,J,DO,I,2 Titus Pl,,Walton,NY,36,13856,7,"Small town core: primary flow within an urban cluster of 2,500 to 9,999",US,Family Practice,S,9853,20540.8,1253398.15,593506,609,,7560,16436.9,1010327.01,476425,,502,,1652,1025709.61,,8078,219286.22,,123,8402.32,,5876,844807.1,,3977,408591.05,,3979,555314.06,,5874,698084.09,499,16523.58,12455,95,5.0644473764336,65,8590.88,1877,,13.026052104208,291,2376.14,157,,31,3011.52,,11,72.073891625616,107,246,189,67,299,310,582,,0,11,,,168,441,1.0473712952147
1396746087,Asante,Baah,,MD,I,30 South Broadway,,Yonkers,NY,36,10701,1,"Metropolitan area core: primary flow within an urbanized area of 50,000 and greater",US,Pediatric Medicine,S,99,99,17187.8,344,76,,80,80,14324.21,225,,64,,93,16738.13,*,,,"#",,,,52,8991.92,,47,8195.88,,44,8231.89,,55,8955.91,0,0,0,0,0,0,0,0,0,,,,,,0,0,,0,72.078947368421,12,38,,,41,35,41,,,21,0,,33,43,1.2370910087719
1396761763,Nave,Dennis,J,MD,I,5586 Legionnaire Dr,,Cicero,NY,36,13039,1,"Metropolitan area core: primary flow within an urbanized area of 50,000 and greater",US,Family Practice,S,12679,28741.633333333,1500104.89,842026,1025,,11704,26866.333333333,1406439.89,787817,,950,,1989,1202963.17,,10609,291241.58,,81,5900.14,,7553,928031.55,,5126,572073.34,,1497,115420.09,,11182,1384684.8,104,860.61,1859,33,0.82025396324631,,,,,,345,3041.29,169,,64,1050.59,,16,74.539512195122,75,453,349,148,566,459,972,17,,,0,22,95,930,1.0129979349738
1396800454,Barber,David,,MD,I,7 Bridge St,,Phoenix,NY,36,13135,1,"Metropolitan area core: primary flow within an urbanized area of 50,000 and greater",US,Internal Medicine,S,11269,20279.233333333,1014355.36,584098,534,,9176,17117.833333333,848331.93,496207,,457,,1658,823850.61,,9475,184741.54,,136,5763.21,,7031,631089.63,,4238,383265.73,,4201,383653.84,,7068,630701.52,356,13367.92,9572,53,3.1591090602538,30,1498.46,830,,8.4269662921348,251,5137.57,150,,46,1015.82,*,,71.715355805243,77,266,144,47,296,238,513,,,,0,14,135,399,1.0563945818875
1396849071,Kurtz,Arthur,S,MD,I,16 Roosevelt Ave,,Port Jefferson Station,NY,36,11776,1,"Metropolitan area core: primary flow within an urbanized area of 50,000 and greater",US,Internal Medicine,S,640,645.43333333333,25986.35,15543,77,,90,91.833333333333,5587.68,2137,,33,"#",,,,548,12003.35,*,,,,12,654.8,,628,25331.55,,619,22312.62,,21,3673.73,0,0,0,0,0,0,0,0,0,,16,83.82,,,0,0,,0,57.038961038961,44,21,,,33,44,66,,,,0,,60,17,1.6064588744589
1396850061,Mirro,Elizabeth,,MD,I,30 Newbridge Rd,Suite 200,East Meadow,NY,36,11554,1,"Metropolitan area core: primary flow within an urbanized area of 50,000 and greater",US,Internal Medicine,S,2813,6683.9333333333,184010.49,195929,385,,2723,6479.9333333333,177319.92,189944,,372,"#",,,,2511,57658.92,*,,,,380,17029.91,,2433,166980.58,,207,24751.62,,2606,159258.87,26,535.14,396,11,0.92428012797725,0,0,0,0,0,90,1306.96,65,*,,,*,,74.862337662338,13,199,123,50,311,74,337,14,,,0,16,19,366,0.85664134509279
1396931085,Shao,Xiyun,,M.D.,I,13633 37th Ave,Suite 6a,Flushing,NY,36,11354,1,"Metropolitan area core: primary flow within an urbanized area of 50,000 and greater",US,Internal Medicine,S,9518,11261.8,1021998.62,328590,235,,9498,11241.8,1021520.76,328029,"#",,,1737,856008.8,,7603,157878.49,,178,8111.33,,8457,925325.8,,1061,96672.82,,9169,961525.39,,349,60473.23,0,0,0,0,0,0,0,0,0,,144,1141.34,80,,20,277.64,*,,75.629787234043,,,,,136,99,,0,219,,0,,217,18,1.2931628633278
1396959987,Mcnamara,Kristen,A,MD.,I,4104 Medical Center Dr,Suite 104,Fayetteville,NY,36,13066,1,"Metropolitan area core: primary flow within an urbanized area of 50,000 and greater",US,Family Practice,S,2725,5539.9,272832.17,161263,277,,2260,4780.2666666667,219913.88,139428,,232,,393,219209.71,,2312,52367.87,,20,1254.59,,1663,134539.72,,1062,138292.45,,744,79504.69,,1981,193327.48,40,1234.21,1029,12,1.4678899082569,,,,,,46,528.28,34,*,,,*,,71.328519855596,45,131,73,28,197,80,239,23,,,,,63,214,0.97473775520101
1396994018,Liang,Celia,,DO,I,6238 Dieterle Cres,,Rego Park,NY,36,11374,1,"Metropolitan area core: primary flow within an urbanized area of 50,000 and greater",US,Family Practice,S,9703,12678.766666667,1340761.19,368391,470,,9035,11910.766666667,1274503.79,346444,,448,,2198,1170202.11,,7336,165047.18,,169,5511.9,,8493,1150832.14,,1210,189929.05,,8565,1226389.73,,1138,114371.46,23,808.86,434,,0.2370400906936,0,0,0,,0,99,29449.18,73,,16,66.03,*,,71.908510638298,22,320,96,32,274,196,11,,416,19,,15,370,100,1.0511884815588
1407138639,Gupta,Nidhi,,M.D,I,"Suny @ Stony Brook, Dept Of Neurology",Health Science Center T12-020,Stony Brook,NY,36,11794,1,"Metropolitan area core: primary flow within an urbanized area of 50,000 and greater",US,Neurology,S,1003,1963.5,244578.2,57202,281,,839,1697.9,156522.79,49574,,249,,141,184414.65,,862,60163.55,,0,0,,987,236736.18,,16,7842.02,,277,87355.83,,726,157222.37,,,,,,,,,,,0,0,0,*,,,*,,73.056939501779,32,121,96,32,174,107,94,131,26,20,,,51,230,1.3128136258494
1407142052,Kong,Steven,,,I,210 E 2nd St,,Brooklyn,NY,36,11218,1,"Metropolitan area core: primary flow within an urbanized area of 50,000 and greater",US,Physician Assistant,S,14166,19018.3,5602240.2,557539,433,,13776,18545.933333333,5488891.57,543931,,419,,5335,4475434.12,,8622,1119981.74,,209,6824.34,,13693,5304406.75,,473,297833.45,,14046,5585751.49,,120,16488.71,,,,,,,,,,,171,34212.33,106,,17,400.33,*,,71.806004618938,14,313,79,27,220,213,,,428,,0,,,,0.98177872584066
1407186414,Lu,Thuy,P,M.D.,I,8701 Shore Rd,Apartment 413,Brooklyn,NY,36,11209,1,"Metropolitan area core: primary flow within an urbanized area of 50,000 and greater",US,Internal Medicine,S,3492,9420.9333333333,138465.21,275847,655,,3363,9112.8333333333,135550.81,267035,,619,,351,69475.39,,3094,67596.259999999,,47,1393.56,,3458,137588.43,,34,876.78,,428,14510.95,,3064,123954.26,60,964.66,1133,30,1.7182130584192,,,,,,75,2741.79,61,,0,0,,0,74.662595419847,36,317,213,89,427,228,266,134,112,104,0,39,78,577,1.1527243302877
1407232119,St. Fleur,Andral,M,M.D,I,1023 E 58th St Fl 1,,Brooklyn,NY,36,11234,1,"Metropolitan area core: primary flow within an urbanized area of 50,000 and greater",US,General Practice,S,472,480,6268.33,4631,305,,280,285.33333333333,3758.14,2746,,188,,32,1999.57,,440,4268.76,,0,0,"#",,,*,,,,21,125.02,,451,6143.31,13,64.21,84,13,2.7542372881356,0,0,0,0,0,164,921.31,156,*,,,*,,66.934426229508,117,111,60,17,166,139,,,0,304,0,0,,,1.6139874007678
1407243843,An,Hyewon,,,I,6111 Queens Blvd,,Woodside,NY,36,11377,1,"Metropolitan area core: primary flow within an urbanized area of 50,000 and greater",US,Nurse Practitioner,S,4425,9466.1333333333,583237.58,281267,601,,4411,9422.3333333333,577827.24,279953,"#",,"#",,,,3580,82937.8,*,,,,1945,273535.22,,2480,309702.36,,2504,331686.42,,1921,251551.16,,,,,,,,,,,26,216.15,23,,0,0,*,,74.48918469218,,,,,336,265,,0,550,,0,43,198,403,1.0178807884632
1407251283,Zhang,Daniel,,,I,14210b Roosevelt Ave Ste P24,,Flushing,NY,36,11354,1,"Metropolitan area core: primary flow within an urbanized area of 50,000 and greater",US,Family Practice,S,6930,7808.0666666667,1009941.53,222344,815,,6846,7721.3,1005317.27,220508,,790,,1737,892630.4,,5088,114460.74,,105,2850.39,,6514,963870.23,,416,46071.3,,6708,994657.26,,222,15284.27,,,,,,,,,,,161,2074.97,140,,13,120.48,*,,72.300613496933,25,535,199,56,431,384,34,,738,18,,23,729,86,0.95707216311174
1407397631,Ng,Kimberly,,MD,I,"232 W. 80th St., Ll",,New York,NY,36,10024,1,"Metropolitan area core: primary flow within an urbanized area of 50,000 and greater",US,Internal Medicine,S,1042,2182.6666666667,74718.47,62718,259,,951,2066.1,68815.47,59462,,241,"#",,,,903,21596.47,*,,,,113,7626.84,,929,67091.63,,276,25639.18,,766,49079.29,,,,,,,,,,,53,4411.65,41,*,,,*,,73.756756756757,18,122,97,22,178,81,193,21,,14,,23,47,212,0.9362515270686
1407418478,Nowalk,Elizabeth,D,NP,I,1780 Hanshaw Rd,,Ithaca,NY,36,14850,1,"Metropolitan area core: primary flow within an urbanized area of 50,000 and greater",US,Nurse Practitioner,S,1923,3708.0333333333,161851.38,105877,312,,1172,2524.2333333333,81614.89,72881,,249,,262,122375.78,,1635,37566.92,,26,1908.68,,1092,85364.89,,831,76486.49,,889,91264.41,,1034,70586.97,17,296.05,315,12,0.88403536141446,0,0,0,0,0,69,558.61,54,,0,0,,0,69.826923076923,63,146,82,21,204,108,278,15,,,0,11,88,224,1.0554902303027
1407801798,Clerk,Harnath,B,MD,I,2610 William St,,Newfane,NY,36,14108,2,"Metropolitan area high commuting: primary flow 30% or more to a urbanized area of 50,000 and greater",US,Internal Medicine,S,48977,68037.766666667,2753532.1,1457346,1284,,43562,59969.366666667,2351972.7,1243728,,1138,,7027,2015686.22,,41506,713097.17,,444,24748.71,,28402,1448615.48,,20575,1304916.62,,31000,1273139.25,,17977,1480392.85,1035,29114.5,21680,239,2.1132368254487,170,14391.68,3812,21,16.425120772947,955,38239.84,420,,586,88108.02,,76,75.296728971963,146,480,399,259,738,546,1200,29,18,,,31,426,858,1.718846226363
1407833502,Hodjati,Ramin,,MD,I,515 Audubon Ave,,New York,NY,36,10040,1,"Metropolitan area core: primary flow within an urbanized area of 50,000 and greater",US,Geriatric Medicine,S,9405,9434.5,316623.26,133705,149,,8794,8823.5,307542.96,125547,"#",,"#",,,,8022,90747.07,*,,,,4780,145822.23,,4625,170801.03,,9393,316459.97,,12,163.29,62,736.48,975,25,0.65922381711855,0,0,0,0,0,91,2628.32,42,,251,7213.81,*,,81.610738255034,,,,,86,63,26,42,,70,0,,,,2.2902374621471
1407844145,Murak,Daniel,J,M.D.,I,1026 Union Rd,,West Seneca,NY,36,14224,1,"Metropolitan area core: primary flow within an urbanized area of 50,000 and greater",US,Family Practice,S,5288,12201.3,417466.01,359368,509,,4846,11501.3,377247.43,339171,,480,,672,311707.46,,4568,102931.24,,48,2827.31,,3807,300053.35,,1481,117412.66,,739,68531.76,,4549,348934.25,221,7008.85,5638,47,4.179273827534,28,2456.22,806,,12.669683257919,48,287.37,42,,0,0,,0,74.145383104126,29,245,176,59,285,224,501,,0,0,0,,43,466,1.0515082580915
1407855679,Handley,Johanna,,M.D.,I,535 Main St,,Olean,NY,36,14760,4,"Micropolitan area core: primary flow within an urban cluster of 10,000 to 49,999",US,Family Practice,S,6946,16244.766666667,277758.13,470394,1309,,6451,15230.833333334,263760.32,441246,,1206,,584,137914.05,,6271,137645.93,,91,2198.15,,6865,271133.91,,81,6624.22,,640,43676.74,,6306,234081.39,369,7280.79,8539,135,5.3124100201555,20,741.97,548,,5.420054200542,255,12004.66,182,*,,,*,,73.119174942704,103,676,405,125,804,505,850,69,63,299,,,117,1192,1.3103533790543
1407883457,Plansky,Bernard,J,M.D.,I,61f Monroe Ave.,,Pittsford,NY,36,14534,1,"Metropolitan area core: primary flow within an urbanized area of 50,000 and greater",US,Family Practice,S,4253,9372.5666666667,326131.51,274809,249,,3976,8866.6333333333,318293.44,260304,,231,,381,212389.89,,3851,112867.75,,21,873.87,,3711,202163.93,,542,123967.58,,366,19577.96,,3887,306553.55,165,15827.86,4507,23,3.8796143898425,32,12204.57,921,,19.393939393939,65,530.36,45,,24,2014.83,*,,72.951807228916,18,133,79,19,133,116,219,,,,0,17,17,232,1.0657599513781
1407896152,Dempsey,George,P,M.D.,I,200 Pantigo Pl,Suite I,East Hampton,NY,36,11937,4.1,"Secondary flow 30% to <50% to a urbanized area of 50,000 and greater",US,Family Practice,S,4796,8009.4333333333,470083.8,225149,378,,4457,7579.4333333333,439012.99,213807,,356,,762,386073.35,,4008,82353.58,,26,1656.87,,773,57075.35,,4023,413008.45,,1553,165930.28,,3243,304153.52,210,4564.21,3418,22,4.3786488740617,53,2786.78,1149,,25.238095238095,86,1426.82,56,,82,2312.3,,12,74.873015873016,22,162,145,49,188,190,303,13,,42,,15,74,304,1.206616148058
1407919145,Shen,Kuan,H,M.D.,I,139 Centre St,Suite 709,New York,NY,36,10013,1,"Metropolitan area core: primary flow within an urbanized area of 50,000 and greater",US,Internal Medicine,S,16163,28035.733333333,2153261.04,829887,992,,15636,27301.933333333,2067509.11,808099,,962,,3406,1810138.76,,12561,336114.52,,196,7007.76,,14343,1857351.2,,1820,295909.84,,15096,2102650.42,,1067,50610.62,,,,,,,,,,,98,1615.12,72,,12,293.62,*,,73.918346774194,30,582,280,100,518,474,,,952,,0,23,883,109,1.0601018403703
1407935802,Carpenter,Margaret,D,MD,I,1156 Old Ford Rd,,New Paltz,NY,36,12561,1,"Metropolitan area core: primary flow within an urbanized area of 50,000 and greater",US,Family Practice,S,562,970.46666666667,171403.61,26026,99,,360,628.66666666667,141561.63,16368,,83,"#",,,,413,20094.12,*,,,,165,117627.61,,397,53776,,352,143181.91,,210,28221.7,93,4081.08,2548,,16.548042704626,49,3266.08,1470,,52.688172043011,21,430.6,,*,,,*,,73.818181818182,16,36,32,15,62,37,91,,0,,0,,33,66,1.2386316411635
1407937485,Ambler,Kristin,,M.D.,I,128 Boynton Ave,,Plattsburgh,NY,36,12901,4,"Micropolitan area core: primary flow within an urban cluster of 10,000 to 49,999",US,Internal Medicine,S,4015,10143.9,581643.47,298998,430,,3843,9741.6333333333,521845.92,287170,,401,,616,475751.05,,3356,101037,,43,4855.42,,827,68633.88,,3188,513009.59,,293,48326.22,,3722,533317.25,90,5234.13,2527,23,2.2415940224159,,,,,,80,32181.42,49,*,,,*,,75.716279069767,29,169,157,75,197,233,409,,,,0,12,32,398,1.0867372551752
1407965510,Mcguire,John,F,MD,I,53 W Main St,,Victor,NY,36,14564,1,"Metropolitan area core: primary flow within an urbanized area of 50,000 and greater",US,Family Practice,S,3931,8384.0333333333,154106.07,246383,424,,3604,7918.9666666667,142902.04,233350,,393,,337,89730.24,,3580,63781.18,,14,594.65,,2939,104034.12,,992,50071.95,,623,19410.94,,3308,134695.13,,,,,,,,,,,86,1571.57,62,*,,,*,,73.858490566038,31,204,150,39,213,211,391,,,,0,22,53,371,0.88283621593291
1407999378,Fagelman,Andrew,,M.D.,I,155 Spring St,4th Floor,New York,NY,36,10012,1,"Metropolitan area core: primary flow within an urbanized area of 50,000 and greater",US,Internal Medicine,S,1067,2232.8333333333,69758.91,59503,126,,1055,2204.8333333333,69334.85,58706,"#",,,256,53234.47,,799,16147.22,,12,377.22,,516,16430.46,,551,53328.45,,162,28020.88,,905,41738.03,,,,,,,,,,,15,140.77,11,*,,,*,,72.801587301587,,,,,59,67,102,,,,0,11,18,108,0.83185251322751
1417049727,Liakeas,George,P,M.D.,I,139 E 57th St,8th Floor,New York,NY,36,10022,1,"Metropolitan area core: primary flow within an urbanized area of 50,000 and greater",US,Family Practice,S,1689,3165.4,216243.38,90030,226,,1534,2954.7333333333,196876.59,84367,,210,"#",,,,1344,67588.09,*,,,,549,51126.96,,1140,165116.42,,166,28763.67,,1523,187479.71,34,349.74,421,,2.0130254588514,0,0,0,,0,64,3115.77,47,*,,,*,,73.880530973451,16,112,76,22,125,101,179,14,,18,,,26,200,0.87764686691653
1417102658,Daniel,Cary,,M.D,I,2316 Nostrand Ave,,Brooklyn,NY,36,11210,1,"Metropolitan area core: primary flow within an urbanized area of 50,000 and greater",US,Internal Medicine,S,7999,18145.7,988450.63,536604,747,,7267,16613.166666667,871642.5,491404,,677,,1221,779959.15,,6612,197501.78,,166,10989.7,,5820,748704.2,,2179,239746.43,,4858,666360.5,,3141,322090.13,42,210.46,998,13,0.52506563320415,0,0,0,0,0,68,811.22,51,,17,457.46,*,,73.057563587684,70,350,256,71,505,242,19,618,,43,,62,345,402,1.1143625125307
1417102849,Ehtesham,Nadira,I,,I,115 Dreiser Loop,Area C,Bronx,NY,36,10475,1,"Metropolitan area core: primary flow within an urbanized area of 50,000 and greater",US,Internal Medicine,S,6477,14524.6,712627.08,432504,652,,5723,13133.166666667,590938.63,391415,,593,,987,575065.61,,5272,129873.69,,218,7687.78,,4597,535245.23,,1880,177381.85,,2325,303228.61,,4152,409398.47,0,0,0,0,0,0,0,0,0,,12,59.66,,*,,,*,,75.064417177914,59,267,224,102,486,166,61,347,21,202,0,21,194,458,1.3231830847626
1417137746,Mclaughlin,Timothy,J,RPH,I,321 W Washington St,Att Pharmacy Dept,Bath,NY,36,14810,7,"Small town core: primary flow within an urban cluster of 2,500 to 9,999",US,Pharmacist,T,24,24,4336.7,24,21,"#",,,,,"#",,,24,4336.7,,0,0,,0,0,"#",,,*,,,*,,,"#",,,0,0,0,0,0,0,0,0,0,,0,0,0,*,,,*,,71.571428571429,,,,,,,20,,0,0,0,,,,0.87514285714286
1417149030,Fears,Melissa,,M.D.,I,2257 Adam Clayton Powell Jr Blvd,,New York,NY,36,10027,1,"Metropolitan area core: primary flow within an urbanized area of 50,000 and greater",US,Internal Medicine,S,2674,5400.6333333333,313586.93,158590,417,,2313,4733.3333333333,277756.1,139509,,351,,421,264826.37,,2217,47640.59,,36,1119.97,,2109,248160.31,,565,65426.62,,1970,248020.98,,704,65565.95,25,266.18,516,14,0.93492894540015,0,0,0,0,0,32,293.71,27,*,,,*,,71.705035971223,66,177,145,29,241,176,11,307,,88,0,,265,152,1.674217272844
1417176694,Andersen,Eva,E,NP,I,180 Marble Ave,,Pleasantville,NY,36,10570,1,"Metropolitan area core: primary flow within an urbanized area of 50,000 and greater",US,Nurse Practitioner,S,1931,2016.6333333333,200719.22,52623,134,"#",,,,,"#",,,476,169612.37,,1438,28948.23,,17,2158.62,*,,,"#",,,,317,20446.35,,1614,180272.87,,,,,,,,,,,40,6513.24,20,*,,,*,,83.179104477612,,,,,0,134,122,0,,,0,,19,115,1.423333704153
1417203456,Yeung,Joyce,M,NP,I,5517 7th Ave,"#1",Brooklyn,NY,36,11220,1,"Metropolitan area core: primary flow within an urbanized area of 50,000 and greater",US,Nurse Practitioner,S,13086,16752,3214080.93,494536,581,,12914,16566.8,3166948.11,489073,"#",,,4753,2996725.72,,8123,213237.82,,210,4117.39,,12054,2946645.82,,1032,267435.11,,12816,3203142.37,,270,10938.56,0,0,0,0,0,0,0,0,0,,85,528.78,76,*,,,*,,72.697074010327,,,,,303,278,,,571,,0,,547,34,0.93996155363055
1417242413,Rizkalla,Jessica,E,PA-C,I,155 Crystal Run Rd,,Middletown,NY,36,10941,1,"Metropolitan area core: primary flow within an urbanized area of 50,000 and greater",US,Physician Assistant,S,159,159,15637.9,803,134,,142,142,14662.2,664,,118,,91,14854.84,,68,783.06,,0,0,,33,2308.42,,126,13329.48,,20,834.46,,139,14803.44,0,0,0,0,0,0,0,0,0,,39,566.42,37,,0,0,,0,72.111940298507,16,64,43,11,89,45,117,,,,0,,18,116,1.089328358209
1417276965,Sapovits,John,D,NP,I,127 E State St,,Gloversville,NY,36,12078,4,"Micropolitan area core: primary flow within an urban cluster of 10,000 to 49,999",US,Nurse Practitioner,S,4065,4485.3666666667,400623.11,124391,228,,2112,2307.9,230415.89,62343,,100,,526,265236.41,,3514,134501.45,,25,885.25,,0,0,,4065,400623.11,,4065,400623.11,,0,0,,,,,,,,,,,110,3599.32,19,,62,4346.59,*,,60.675438596491,128,58,31,11,103,125,199,18,,,0,,228,0,1.641475877193
1417297177,Dusha,Marguerite,M,"APRN, ANP-BC, FNP-BC",I,200 Smith Dr,,Corinth,NY,36,12822,2,"Metropolitan area high commuting: primary flow 30% or more to a urbanized area of 50,000 and greater",US,Nurse Practitioner,S,494,523.03333333333,39783.51,12867,93,,228,235.3,16873.16,5515,,42,,95,31200.39,,399,8583.12,,0,0,*,,,"#",,,"#",,,*,,,,,,,,,,,,,45,823.84,30,*,,,*,,62.204301075269,51,31,,,36,57,79,,0,,0,,,,1.6056863289113
1417301375,Yao,Yuan,,,I,833 58th St,,Brooklyn,NY,36,11220,1,"Metropolitan area core: primary flow within an urbanized area of 50,000 and greater",US,Internal Medicine,S,7423,11368.833333333,1608951.26,329474,594,,7335,11240.966666667,1581769.71,325962,,576,,2040,1436566.74,,5285,170513.32,,98,1871.2,,6711,1449590.46,,712,159360.8,,7337,1598548.12,,86,10403.14,,,,,,,,,,,86,4071.66,66,*,,,*,,73.124579124579,18,372,136,68,297,297,,,580,,0,,570,24,1.0758033613746
1417366642,Gallerani,Megan,,,I,4038 West Rd,,Cortland,NY,36,13045,4,"Micropolitan area core: primary flow within an urban cluster of 10,000 to 49,999",US,Physician Assistant,S,1912,4077.3666666667,219653,119220,312,,1724,3798.4333333333,188500.78,111412,,287,,319,183779.01,,1593,35873.99,,0,0,,1042,135126.65,,870,84526.35,,249,30813.93,,1663,188839.07,13,152.76,162,12,0.67991631799163,0,0,0,0,0,32,223.09,27,*,,,*,,73.173076923077,25,154,99,34,160,152,303,,0,,0,,31,281,1.0578797629866
1417903295,Margulis,Steven,M,MD,I,90 South Bedford Road,"Care Mount Medical, Pc",Mount Kisco,NY,36,10549,1,"Metropolitan area core: primary flow within an urbanized area of 50,000 and greater",US,Internal Medicine,S,5389,13282.266666667,364821.98,392053,753,,5335,13212.266666667,363136.85,390268,"#",,,465,238846.23,,4910,125272.82,,14,702.93,,1472,104703.04,,3917,260118.94,,277,12448.5,,5112,352373.48,24,181.59,398,,0.44535164223418,0,0,0,,0,91,2329.89,69,*,,,*,,76.030544488712,,,,,273,480,663,,19,16,,50,36,717,0.96990679036535
1417912031,Chan,Melissa,M,M.D.,I,139 Centre Street,Suite Ph 104,New York,NY,36,10013,1,"Metropolitan area core: primary flow within an urbanized area of 50,000 and greater",US,Internal Medicine,S,11769,21266.233333333,2881751.39,629920,378,,11172,20225.566666667,2747749.74,599159,,360,,3365,2572367.78,,8158,302726.7,,246,6656.91,,8467,1994708.93,,3302,887042.46,,10620,2733440.8,,1149,148310.59,,,,,,,,,,,67,1504.15,50,,27,16654.37,*,,75.410052910053,18,187,102,71,275,103,13,15,302,26,0,22,270,108,1.1362488342977
1417914029,Cohen,Scott,A,M.D.,I,1 Atwell Rd,,Cooperstown,NY,36,13326,10,"Rural areas: primary flow to a tract outside a urbanized area of 50,000 and greater or UC",US,Family Practice,S,2386,4823.8333333333,222898.98,141774,219,,2133,4339.3333333333,195565.8,127610,,196,"#",,,,1856,33134.06,*,,,,1219,118881.23,,1167,104017.75,,459,39805.96,,1927,183093.02,33,543.87,700,,1.3830678960604,,,,,,,,,*,,,*,,73.150684931507,23,106,66,24,96,123,207,0,,,,,33,186,1.0090421148238
1417923434,Woglom,Russell,C,MD,I,130 Center Way,,Corning,NY,36,14830,4,"Micropolitan area core: primary flow within an urban cluster of 10,000 to 49,999",US,Internal Medicine,S,8339,17747.533333333,962079.34,525708,425,,7527,16647.166666667,875026.94,493478,,380,,1103,770885.72,,7175,188081.87,,61,3111.75,,3382,431140.23,,4957,530939.11,,1747,220599.56,,6592,741479.78,79,1866.34,1660,29,0.94735579805732,,,,,,117,1396.3,63,,53,897.51,*,,75.449411764706,45,160,146,74,160,265,399,,,,0,21,74,351,1.3665288167253
1417949421,Dave,Hirendra,J,MD,I,110 Lockwood Ave,Suite 202,New Rochelle,NY,36,10801,1,"Metropolitan area core: primary flow within an urbanized area of 50,000 and greater",US,Family Practice,S,8665,13372.733333333,840640.8,339654,459,,8068,12476.8,783576.25,315020,,420,,1544,667914.12,,7064,169334.36,,57,3392.32,,2059,224521.25,,6606,616119.55,,5895,454536.47,,2770,386104.33,119,1127.99,2351,29,1.3733410271206,0,0,0,0,0,250,4178.67,147,,214,5012.45,,46,76.753812636166,39,149,162,109,311,148,191,152,36,53,0,27,219,240,1.8587699503062
1417983669,Rebuffot,Genevieve,M,M.D.,I,Davis Ave At E Post Rd,,White Plains,NY,36,10601,1,"Metropolitan area core: primary flow within an urbanized area of 50,000 and greater",US,Family Practice,S,1522,3086.1666666667,140262.38,90999,135,,1171,2419.8,86115.83,71391,,106,,214,114423.92,,1268,23778.1,,40,2060.36,,504,45795.73,,1018,94466.65,,1336,124090.52,,186,16171.86,,,,,,,,,,,,,,,12,86.88,*,,69.614814814815,29,68,,,87,48,36,28,11,55,,,114,21,1.1802189342143
1417991803,Ackert,Gregory,,M.D.,I,1983 Marcus Ave,Suite E124,New Hyde Park,NY,36,11042,1,"Metropolitan area core: primary flow within an urbanized area of 50,000 and greater",US,Internal Medicine,S,3915,9497.8333333333,439020.84,278794,530,,3805,9225.8333333333,398311.05,270997,,513,"#",,,,3302,97211.93,*,,,,999,69708.1,,2916,369312.74,,405,40033.82,,3510,398987.02,13,103.53,252,,0.33205619412516,0,0,0,,0,90,70056.47,50,,0,0,,0,76.141509433962,17,238,189,86,299,231,427,30,13,28,0,32,36,494,1.1128307271654
1417993932,Bellot,Victoria,,MD,I,7901 Broadway,Broadway Dialysis Center D-7 Wing,Elmhurst,NY,36,11373,1,"Metropolitan area core: primary flow within an urbanized area of 50,000 and greater",US,Nephrology,S,5010,9602.9333333333,1478154.8,280823,461,,4386,8569.6,1275442.1,250515,,418,,1321,1335847.39,,3599,139402.05,,90,2905.36,,3233,1073539.44,,1777,404615.36,,4237,1367625.5,,773,110529.3,,,,,,,,,,,108,1179.5,72,*,,,*,,74.433839479393,43,200,141,77,211,250,86,69,66,205,,,308,153,2.6786668203787
1427004522,Neifeld,Gary,L,MD,I,241 North Rd,,Poughkeepsie,NY,36,12601,1,"Metropolitan area core: primary flow within an urbanized area of 50,000 and greater",US,Emergency Medicine,S,2573,2591.6666666667,429740.64,4512,2030,,2407,2425.6666666667,403536.74,4091,,1898,,2486,428663.53,,87,1077.11,,0,0,,898,148638.71,,1675,281101.93,,316,50406.93,,2257,379333.71,,,,,,,,,,,39,361.64,35,,0,0,,0,72.7039408867,132,1162,608,128,1151,879,1744,70,35,78,0,103,221,1809,0.88073204462884
1427030097,Sumner,Jonathan,H,M.D.,I,30 Hempstead Ave,Suite H 8,Rockville Centre,NY,36,11570,1,"Metropolitan area core: primary flow within an urbanized area of 50,000 and greater",US,Internal Medicine,S,527,986.66666666667,34255.49,27910,127,,472,863.66666666667,31666.65,24336,,112,,91,25890.01,,436,8365.48,,0,0,,373,20151.98,,154,14103.51,,236,11637.88,,291,22617.61,0,0,0,0,0,0,0,0,0,,,,,,12,373.21,*,,72.488188976378,15,63,,,69,58,60,52,,,0,,42,85,1.3499320194007
1427077429,Lindman,Harry,D,D.O.,I,3 Care Ln Ste 100,,Saratoga Springs,NY,36,12866,1.1,"Secondary flow 30% to <50% to a larger urbanized area of 50,000 and greater",US,Family Practice,S,4238,5498.7666666667,377848.78,157543,284,,2317,3350.1666666667,192377.44,97486,,156,,510,231164.89,,3673,144954.02,,55,1729.87,,984,97996.6,,3254,279852.18,,3406,311341.93,,832,66506.85,66,2085.97,1679,17,1.5573383671543,15,1615.59,450,,22.727272727273,47,11244.7,21,,55,3673.9,*,,63.088028169014,128,109,,,108,176,248,20,,,0,11,200,84,1.1930381288336
1427083435,Dar,Qutubuddin,K,MD,I,31 Duncan St,Suite 1,Warsaw,NY,36,14569,7,"Small town core: primary flow within an urban cluster of 2,500 to 9,999",US,Internal Medicine,S,4765,9533.8666666667,1058007.74,275165,267,,3493,7366.7333333333,759260.73,213305,,211,,1080,954809,,3625,99517.35,,60,3681.39,,2875,670318.26,,1890,387689.48,,2051,555557.73,,2714,502450.01,189,7688.74,4749,24,3.9664218258132,40,3046.14,1200,,21.164021164021,145,1652.78,88,,15,551.39,*,,70.554307116105,56,113,71,27,138,129,256,,0,,0,,81,186,1.3822524351796
1427176478,Bolduc,Sarah,J,M.D.,I,89 Genesee St,"Bk Bldg., 3rd Floor",Rochester,NY,36,14611,1,"Metropolitan area core: primary flow within an urbanized area of 50,000 and greater",US,Internal Medicine,S,1619,2536.7,516530.21,71006,236,,607,1040.3,193573.38,29908,,93,,436,472327.28,,1169,42587.38,,14,1615.55,,1205,344809.85,,414,171720.36,,1362,439660.07,,257,76870.14,25,7782.66,552,,1.5441630636195,,,,,,,,,,0,0,,0,58.194915254237,143,79,,,100,136,121,74,,35,0,,178,58,1.3051070290488
1427207786,Horn,Joshua,G,RPH,I,111 E Green St,Dan Horn Pharmacy,Olean,NY,36,14760,4,"Micropolitan area core: primary flow within an urban cluster of 10,000 to 49,999",US,Pharmacist,T,59,59,10659.22,59,41,"#",,,,,"#",,,59,10659.22,,0,0,,0,0,,39,6885.89,,20,3773.33,,11,2097.94,,48,8561.28,0,0,0,0,0,0,0,0,0,,0,0,0,*,,,*,,73.731707317073,,,,,28,13,40,,0,0,0,,,,1.0327865853659
1427269257,Guo,Xiaojun,,M.D.,I,13668 Roosevelt Ave Unit 5d,,Flushing,NY,36,11354,1,"Metropolitan area core: primary flow within an urbanized area of 50,000 and greater",US,Internal Medicine,S,4810,6658.6,1217926.26,194814,161,,4675,6437.9333333333,1178740.38,188438,"#",,,1366,1092398.22,,3348,123099.59,,96,2428.45,,4572,1170624.78,,238,47301.48,,4447,1177208.6,,363,40717.66,,,,,,,,,,,66,1062.66,39,*,,,*,,72.950310559006,,,,,88,73,,,149,,0,,126,35,1.0341061076605
1427326065,Gao,Pei,,M.D.,I,3916 Prince St Ste 257,,Flushing,NY,36,11354,1,"Metropolitan area core: primary flow within an urbanized area of 50,000 and greater",US,Internal Medicine,S,14281,16835.466666667,1587068.17,489815,342,,14058,16555.9,1575581.67,481662,"#",,,2887,1365519.1,,11174,216050.82,,220,5498.25,,13523,1516460.95,,758,70607.22,,13637,1545113.15,,644,41955.02,,,,,,,,,,,170,1598.33,98,,226,1405.69,*,,72.233918128655,,,,,208,134,,,313,,0,,287,55,0.94688322557049
1427343722,Kanahara,Satoko,,MD,I,975 Westchester Ave,,Bronx,NY,36,10459,1,"Metropolitan area core: primary flow within an urbanized area of 50,000 and greater",US,Internal Medicine,S,3057,5023.3666666667,1192428.26,147561,145,,1911,3406.2,489461.39,100531,,85,,798,1119515.71,,2186,67422.81,,73,5489.74,,2865,1093542.13,,192,98886.13,,2883,1145140.35,,174,47287.91,,,,,,,,,,,52,920.26,24,,11,61.29,*,,64.448275862069,60,57,,,80,65,,40,,99,0,,126,19,1.3514695402299
1427347509,Venci,Nicholas,M,M.D.,I,140 Canal View Blvd Ste 102,,Rochester,NY,36,14623,1,"Metropolitan area core: primary flow within an urbanized area of 50,000 and greater",US,Cardiology,S,4677,9574.6666666667,935672.62,239890,1908,,4309,8822.1666666667,886760.61,221224,,1751,,2113,872252.8,,2564,63419.82,,0,0,,3505,549503.85,,1172,386168.77,,800,123676.64,,3877,811995.98,,,,,,,,,,,,,,,0,0,,0,73.547169811321,157,953,606,192,1010,898,1688,83,,40,,76,272,1636,1.0997237741445
1427380518,Miller,Laura,A,RPH,I,1125 Ridge Rd,,Webster,NY,36,14580,1,"Metropolitan area core: primary flow within an urbanized area of 50,000 and greater",US,Pharmacist,T,16,16,2919.8,16,15,"#",,,,,"#",,,16,2919.8,,0,0,,0,0,"#",,,*,,,*,,,"#",,,0,0,0,0,0,0,0,0,0,,0,0,0,*,,,*,,69.6,,,,,,,14,,0,0,0,,,,0.62066666666667
1437134947,Burns,Charles,W,NP,I,6435 Webster Rd,,Orchard Park,NY,36,14127,1,"Metropolitan area core: primary flow within an urbanized area of 50,000 and greater",US,Nurse Practitioner,S,6693,14075,1024102.76,411228,481,,5388,11927.566666667,686701.14,349092,,411,,1202,870976.19,,5463,152117,,28,1009.57,,5273,764706.51,,1420,259396.25,,1045,319992.82,,5648,704109.94,315,20675.24,8656,61,4.7064096817571,59,16124.41,1719,,18.730158730159,186,1524.99,119,*,,,*,,71.453222453222,70,237,133,41,248,233,451,,,,,13,55,426,1.0308367738575
1437140985,Wild,James,E,M.D.,I,1 School St,Suite 107,Gowanda,NY,36,14070,7,"Small town core: primary flow within an urban cluster of 2,500 to 9,999",US,Family Practice,S,11152,18299.433333333,1128551.67,533493,652,,9368,16015.5,940881.95,467381,,580,,1821,932719.68,,9251,192218.12,,80,3613.87,,6798,600615.65,,4354,527936.02,,2613,230941.96,,8539,897609.71,608,69433.73,15876,92,5.4519368723099,109,40931.53,3187,13,17.927631578947,217,3389.07,109,,68,1634.42,*,,73.450920245399,72,299,183,98,371,281,623,0,,,0,24,94,558,1.0608689882942
1437151537,Michnovicz,Jon,,M.D.,I,177 Livingston Street,Lower Level,Brooklyn,NY,36,11201,1,"Metropolitan area core: primary flow within an urbanized area of 50,000 and greater",US,Internal Medicine,S,21782,22623.066666667,1770146.53,651515,922,,5517,5749,370773.18,166573,,243,,2882,1039255.43,,18673,722639.32,,227,8251.78,,3492,197649.93,,18290,1572496.6,,21721,1764642.57,,61,5503.96,74,1684.94,2009,14,0.33973005233679,0,0,0,0,0,122,13090.29,66,,107,10694.38,,26,53.676789587852,679,169,61,13,370,552,462,267,21,153,0,19,905,17,1.0689625966085
1437220084,Rai,Jagraj,S,MD,I,1020 Vestal Pkwy E,,Vestal,NY,36,13850,1,"Metropolitan area core: primary flow within an urbanized area of 50,000 and greater",US,Internal Medicine,S,11564,27865.566666667,979554.08,818896,1061,,10797,26248.933333333,934103.56,771887,,990,,1371,742761.64,,10151,234674.37,,42,2118.07,,5635,438651.55,,5929,540902.53,,1642,128508.45,,9922,851045.63,261,11305.22,6693,63,2.2570044967139,,,,,,151,2494.81,102,,43,1613.72,,12,75.177191328935,71,451,379,160,595,466,1000,,12,11,,30,118,943,1.0584828981885
1437221207,Amin,Hossam,H,MD,I,6903 4th Ave,,Brooklyn,NY,36,11209,1,"Metropolitan area core: primary flow within an urbanized area of 50,000 and greater",US,Pulmonary Disease,S,38383,48698.133333333,4489562.06,1417471,707,,30811,39815.333333333,3770185.94,1159660,,571,,6464,3089153.36,,30340,1322669.65,,1579,77739.05,,30905,3565822.89,,7478,923739.17,,35446,4247218.65,,2937,242343.41,40,67.2,322,26,0.10421280254279,0,0,0,0,0,896,14731.94,378,*,,,*,,68.903818953324,136,403,141,27,275,432,352,47,79,,,194,586,121,1.3462121849833
1437224755,Fazio,Shawn,E,MD,I,8100 Oswego Road,Suite 220,Liverpool,NY,36,13090,1,"Metropolitan area core: primary flow within an urbanized area of 50,000 and greater",US,Family Practice,S,9099,19399.6,750517.63,565993,615,,8243,18020.233333333,699237.93,526153,,576,,1029,547153.29,,7986,199701.23,,84,3663.11,,5702,414447.66,,3397,336069.97,,1090,98474.77,,8009,652042.86,242,23513.35,6542,43,2.6596329266952,47,15469.26,1249,,19.421487603306,337,4157.69,195,,16,139.49,*,,73.278048780488,39,326,191,59,323,292,574,,,,,29,40,575,1.0904636028029
1437231107,Chang,Patrick,S,M.D.,I,560 Northern Blvd,Suite 203,Great Neck,NY,36,11021,1,"Metropolitan area core: primary flow within an urbanized area of 50,000 and greater",US,Internal Medicine,S,3008,7690.4333333333,169804.2,229176,362,,2983,7621.4333333333,169378.16,227129,"#",,"#",,,,2738,60895.72,*,,,,1254,42549.55,,1754,127254.65,,611,57705.49,,2397,112098.71,,,,,,,,,,,,,,*,,,*,,73.582872928177,,,,,160,202,130,14,177,,,37,54,308,0.80514515960579
1437290913,Iskander,Nahed,S,MD.,I,104 Union Avenue,Suite 806-807,Syracuse,NY,36,13203,1,"Metropolitan area core: primary flow within an urbanized area of 50,000 and greater",US,Internal Medicine,S,3528,7373.1666666667,348529.68,215381,295,,3118,6741.6,304465.76,197191,,271,,530,279096.52,,2974,68607.3,,24,825.86,,2052,178963.54,,1476,169566.14,,1057,142722.45,,2471,205807.23,27,790.21,648,11,0.76530612244898,,,,,,68,3104.09,50,*,,,*,,73.620338983051,24,141,98,32,195,100,256,13,,,0,13,59,236,0.99057530466525
1437322385,D'Ambrosio,Anthony,,M.D.,I,150 Route 52,,Carmel,NY,36,10512,1,"Metropolitan area core: primary flow within an urbanized area of 50,000 and greater",US,Family Practice,S,3186,7923.5333333333,290186.75,233167,360,,2813,7042.0666666667,257922.92,207312,,316,,385,222868.82,,2779,64940.09,,22,2377.84,,1432,119691.59,,1754,170495.16,,540,51637.06,,2646,238549.69,,,,,,,,,,,79,2189.4,55,*,,,*,,72.833333333333,44,170,102,44,198,162,299,22,,21,,13,55,305,1.0804834037207
1437365277,Enecilla,Maria Cynthia,A,MD,I,77 Sullys Trl,,Pittsford,NY,36,14534,1,"Metropolitan area core: primary flow within an urbanized area of 50,000 and greater",US,Family Practice,S,7186,14396.4,401323,416683,638,,6125,12821.1,326103.24,373020,,584,,641,238145.23,,6520,161551.17,,25,1626.6,,5756,306824.52,,1430,94498.48,,1955,141168.56,,5231,260154.44,286,12288.15,6832,36,3.9799610353465,23,2194.66,750,,8.041958041958,161,1289.12,106,,34,937.73,*,,73.048589341693,54,317,199,68,377,261,550,25,16,,,39,97,541,0.81585913238288
1063456192,Ghosh,Shantonu,,M.D.,I,470 Collins St,,Avon,NY,36,14414,2,"Metropolitan area high commuting: primary flow 30% or more to a urbanized area of 50,000 and greater",US,Internal Medicine,S,4142,8842.3666666667,326686.83,257635,423,,3828,8280.7,303745.54,241872,,394,,393,227548.96,,3721,97413.25,,28,1724.62,,3219,237968.95,,923,88717.88,,718,66502.46,,3424,260184.37,77,1139.65,1695,24,1.8590053114437,0,0,0,0,0,154,2420.95,87,,23,406.51,*,,74.905437352246,29,187,132,75,225,198,396,,,,0,14,54,369,1.0937384429147
1063464519,Kutler,Charles,,MD,I,360 Washington Avr,,Kingston,NY,36,12401,1,"Metropolitan area core: primary flow within an urbanized area of 50,000 and greater",US,Infectious Disease,S,1388,2249.8,579033.23,62073,161,,1119,1940.4666666667,391279.73,54405,,127,"#",,,,1073,78178.26,*,,,,269,55370.3,,1119,523662.93,,533,385154.04,,855,193879.19,11,540.32,305,,0.79250720461095,0,0,0,,0,223,71256.37,69,*,,,*,,70.894409937888,34,64,47,16,77,84,142,,,,0,,46,115,1.7359068441568
1063468627,Shamekh,Shahram,D,MD,I,935 Northern Blvd Ste 105,,Great Neck,NY,36,11021,1,"Metropolitan area core: primary flow within an urbanized area of 50,000 and greater",US,Internal Medicine,S,5972,11522.733333333,1361060,331807,339,,5505,10791.4,1318652.92,310891,,314,,1354,1106963.43,,4583,222186.22,,35,31910.35,,2989,549191.57,,2983,811868.43,,4331,1178940.61,,1641,182119.39,52,608.96,1351,11,0.87073007367716,,,,,,135,9930.44,72,,19,9452.52,*,,73.985250737463,25,152,108,54,194,145,180,30,60,31,0,38,170,169,1.8738131583042
1063474070,Callahan,Gina,M,RPA-C,I,1302 E Main St,,Endicott,NY,36,13760,1,"Metropolitan area core: primary flow within an urbanized area of 50,000 and greater",US,Physician Assistant,S,4765,9422.7666666667,444293.06,272097,404,,3291,6943.0333333333,306520.48,202363,,288,,642,360216.82,,4095,82592.74,,28,1483.5,,3091,278254.65,,1674,166038.41,,2710,288668.18,,2055,155624.88,170,5918.92,3383,45,3.5676810073452,13,2488.03,364,,7.6470588235294,86,1845.08,51,*,,,*,,68.480198019802,116,172,82,34,263,141,348,32,,14,0,,175,229,1.042623349835
1063483311,Gong,Lin,,M.D.,I,763 56th St Fl 1,,Brooklyn,NY,36,11220,1,"Metropolitan area core: primary flow within an urbanized area of 50,000 and greater",US,Internal Medicine,S,22210,25721.366666667,2395175.53,754808,877,,21706,25166.3,2346272.52,738444,,856,,4349,2063976.78,,17557,321992.93,,304,9205.82,,20876,2233785.11,,1334,161390.42,,21409,2332113.92,,801,63061.61,0,0,0,0,0,0,0,0,0,,246,8935.39,192,,30,271.64,*,,72.058152793615,21,598,204,54,438,439,,,858,,0,,835,42,1.0290821899696
1063487296,Elsisi,Amr,M,MD,I,31 Arnot Rd,,Horseheads,NY,36,14845,1,"Metropolitan area core: primary flow within an urbanized area of 50,000 and greater",US,Internal Medicine,S,10853,23104.566666667,1365087.67,668989,720,,9256,20160.5,1207723.15,586344,,612,,1715,1107917.2,,9032,246662.47,,106,10508,,6452,833675.93,,4401,531411.74,,3691,461037.07,,7162,904050.6,251,3568.99,5115,60,2.3127245922786,,,,,,246,5233.99,149,,45,6427.74,,15,71.705555555556,108,328,209,75,312,408,672,14,,,,20,174,546,1.2576589339705
1063512002,Bergman,Mark,J,M.D.,I,175 E Main St,Suite 200,Huntington,NY,36,11743,1,"Metropolitan area core: primary flow within an urbanized area of 50,000 and greater",US,Cardiology,S,12029,29558.733333333,1433825.84,878767,943,,11608,28700.733333333,1308403.07,854045,,923,,1920,1154450.8,,10096,278684.36,,13,690.68,,1292,97216.08,,10737,1336609.76,,744,131442.45,,11285,1302383.39,102,2031.63,2452,31,0.84795078560146,,,,,,183,3170.41,114,,26,1229.86,*,,77.348886532344,20,350,390,183,526,417,884,,,14,0,31,35,908,0.98872660091702
1063537041,Ng,Norland,,M.D.,I,139 Centre St,Suite 515,New York,NY,36,10013,1,"Metropolitan area core: primary flow within an urbanized area of 50,000 and greater",US,Hematology-Oncology,S,6179,9231.8333333333,15829486.33,259204,543,,5608,8397.1666666667,15095364.51,235605,,506,"#",,,,3979,586836.65,*,,,,5019,12288518,,1160,3540968.33,,5758,14772584.24,,421,1056902.09,83,2774.57,1785,27,1.3432594270918,20,1761.5,600,,24.096385542169,35,243.15,17,*,,,*,,74.484346224678,37,270,162,74,312,231,,,525,,0,11,474,69,1.7793405359162
1063591832,Hsuih,Chun Hung,,M.D,I,775 57th St,,Brooklyn,NY,36,11220,1,"Metropolitan area core: primary flow within an urbanized area of 50,000 and greater",US,Internal Medicine,S,17404,24398.366666667,2819424.79,713334,429,,16777,23527.9,2680505.27,687801,,409,,3884,2325591.25,,13128,484680.68,,392,9152.86,,14484,2309649.84,,2920,509774.95,,16463,2701447.97,,941,117976.82,,,,,,,,,,,158,1636.46,106,,15,33.66,*,,72.797202797203,20,258,120,31,215,214,,0,418,,0,,380,49,1.040699715071
1063896728,Lane,Sarah,,NP,I,15 Birdsall St,,Greene,NY,36,13778,2,"Metropolitan area high commuting: primary flow 30% or more to a urbanized area of 50,000 and greater",US,Nurse Practitioner,S,6149,13704.5,753368.55,398382,945,,5090,11744.866666667,629007.94,342339,,799,,943,629278.08,,5130,120101.91,,76,3988.56,,3717,530957.47,,2432,222411.08,,2240,381512.96,,3909,371855.59,190,7263.69,4960,61,3.0899333224915,15,3272.87,450,,7.8947368421053,186,1579.49,132,,33,1726.74,,15,71.997883597884,146,424,280,95,523,422,888,,,12,,37,235,710,0.9894263611039
1073045183,Mossayebi,Elaheh,,M.D.,I,355 Bard Ave Dept Of,1st Floor,Staten Island,NY,36,10310,1,"Metropolitan area core: primary flow within an urbanized area of 50,000 and greater",US,Internal Medicine,S,2311,5714.3,112524.49,163085,494,,2180,5455.3666666667,107970.93,156224,,466,,228,70099.46,,2056,41763.62,,27,661.41,,2300,112175.6,,11,348.89,,737,58470.72,,1574,54053.77,104,4160.57,1988,35,4.5002163565556,23,2845.5,680,,22.115384615385,136,19556.46,107,*,,,*,,73.69028340081,28,255,158,53,346,148,149,68,42,223,,,122,372,1.3305001488253
1700841756,Palumbo,Vito,D,D.O.,I,61 Maple Rd,,Williamsville,NY,36,14221,1,"Metropolitan area core: primary flow within an urbanized area of 50,000 and greater",US,Family Practice,S,2381,5927.6333333333,247563.08,173764,361,,2172,5463.3,222907.49,159991,,329,,326,192696.7,,2042,52917.09,,13,1949.29,,1754,169348.28,,627,78214.8,,321,57168.4,,2060,190394.68,,,,,,,,,,,39,206.49,30,,0,0,,0,73.409972299169,32,167,128,34,167,194,336,,,,0,,38,323,1.168146728614
1700851375,Skezas,Jacob,W,MD,I,1780 Hanshaw Rd,,Ithaca,NY,36,14850,1,"Metropolitan area core: primary flow within an urbanized area of 50,000 and greater",US,Internal Medicine,S,11849,22203.266666667,1026934.95,640146,640,,10825,20850.766666667,931174.87,602342,,598,,1541,722411.76,,10249,301174.36,,59,3348.83,,4005,395470.94,,7844,631464.01,,1560,146003.2,,10289,880931.75,358,65495.7,7974,71,3.0213520128281,39,55130.75,1170,,10.893854748603,331,11697.42,159,,40,758.12,*,,76.99375,42,215,242,141,295,345,583,16,,,,27,69,571,1.1526596715145
1700937745,Coons,Bonnie,,RN MSN FNP,I,2 Coulter Rd,,Clifton Springs,NY,36,14432,2,"Metropolitan area high commuting: primary flow 30% or more to a urbanized area of 50,000 and greater",US,Nurse Practitioner,S,4074,8561.8333333333,326677.21,252945,154,,3781,8127.1333333333,310469.19,240231,"#",,,646,254931.45,,3395,69805.77,,33,1939.99,,2950,259866.81,,1124,66810.4,,1382,112904.97,,2692,213772.24,81,1030.26,2152,18,1.9882179675994,0,0,0,0,0,41,483.98,24,,17,278.08,*,,76.019480519481,,,,,86,68,144,,0,,0,,34,120,1.4382326163915
1700969920,Lam,Wai-Kuen,,M.D.,I,13630 Maple Ave Ste 2l,,Flushing,NY,36,11355,1,"Metropolitan area core: primary flow within an urbanized area of 50,000 and greater",US,Internal Medicine,S,12566,21250.166666667,1325824.66,632219,505,,12374,20931.366666667,1304354.59,622784,,493,,1819,1037748.24,,10497,278265.34,,250,9811.08,,9301,946317.08,,3265,379507.58,,10117,1165821.41,,2449,160003.25,,,,,,,,,,,90,1158.68,60,,35,575.86,*,,75.186138613861,12,258,166,69,349,156,0,,477,,,17,305,200,0.90586673919642
1700970670,Rojas,Henry,,MD,I,1071 Stoneleigh Ave,,Carmel,NY,36,10512,1,"Metropolitan area core: primary flow within an urbanized area of 50,000 and greater",US,Internal Medicine,S,5002,8519.8,444217.36,236651,757,,3857,7146.3,342659.07,196840,,684,"#",,,,3957,100487.17,*,,,,1996,140080.59,,3006,304136.77,,1416,128752.64,,3586,315464.72,234,7897.92,6513,33,4.6781287485006,15,1101.97,450,,6.4102564102564,71,552.11,54,*,,,*,,73.640686922061,73,340,269,75,412,345,672,,11,42,,20,90,667,1.0893702555219
1700975034,Carrozzi,Gianni,C,MD,I,3444 Kossuth Ave,Pab Clinic,Bronx,NY,36,10467,1,"Metropolitan area core: primary flow within an urbanized area of 50,000 and greater",US,Internal Medicine,S,5660,9140.4666666667,706946.9,267447,386,,5047,8233.3666666667,648748.62,241252,,331,,1151,615088.28,,4296,83730.85,,213,8127.77,,4561,575776.13,,1099,131170.77,,5229,661733.2,,431,45213.7,121,1718.93,2861,36,2.1378091872792,13,268.76,390,,10.743801652893,21,364.46,15,*,,,*,,72.383419689119,55,170,125,36,260,126,33,109,13,222,,,322,64,1.5573459035116
1700976412,Yamada,Erika,,MD,I,1940 Commerce St,"Caremount Medical, Pc",Yorktown Heights,NY,36,10598,1,"Metropolitan area core: primary flow within an urbanized area of 50,000 and greater",US,Internal Medicine,S,1894,4261.0666666667,154683.38,124434,212,,1769,3994.2666666667,144022.1,116756,"#",,,228,108304.43,,1666,46378.95,,0,0,,528,37192.25,,1366,117491.13,,304,29097.49,,1590,125585.89,20,54.99,397,,1.0559662090813,0,0,0,,0,47,724.88,35,,0,0,*,,74.669811320755,,,,,176,36,174,,,18,0,11,25,187,1.083890831695
1700987567,Bushkuhl,Paul,W,MD,I,360 Washington Ave,,Kingston,NY,36,12401,1,"Metropolitan area core: primary flow within an urbanized area of 50,000 and greater",US,Internal Medicine,S,7378,13981.433333333,947592.94,397771,793,,6335,12377.033333333,728374.36,352463,,691,,1100,733357.8,,6258,213397.57,,20,837.57,,2697,393413.53,,4681,554179.41,,2254,356195.2,,5124,591397.74,455,37673.75,10709,103,6.1669829222011,76,28714.97,2201,18,16.703296703297,196,30019.62,132,,35,622.03,*,,72.746532156368,102,376,224,91,430,363,717,24,,12,,31,162,631,1.2104273838566
1710053145,Berger,Aaron,H,MD,I,1203 Avenue J,2nd Floor,Brooklyn,NY,36,11230,1,"Metropolitan area core: primary flow within an urbanized area of 50,000 and greater",US,Cardiology,S,358,647.16666666667,42683.93,18183,122,,333,594.16666666667,37945.37,16622,"#",,"#",,,,261,11739.29,*,,,,134,12516.53,,224,30167.4,,129,13824.46,,229,28859.47,0,0,0,0,0,0,0,0,0,,,,,,0,0,*,,75.385245901639,,,,,66,56,72,34,,,0,,37,85,1.4239698873345
1710070933,Kostakos,Katherine,,MD,I,Mmg - Riverdale,3510 Johnson Avenue,Bronx,NY,36,10463,1,"Metropolitan area core: primary flow within an urbanized area of 50,000 and greater",US,Internal Medicine,S,6082,12611.9,482619.54,371402,523,,5673,11885.433333333,449914.3,350704,,498,,888,349170.02,,5142,131401.22,,52,2048.3,,2972,253826.52,,3110,228793.02,,1804,148452.84,,4278,334166.7,103,2164.62,2131,22,1.6935218678066,0,0,0,0,0,90,875.41,62,,41,985.5,*,,75.61759082218,25,217,206,75,379,144,344,71,,81,,21,109,414,1.0378343078985
1710078993,Lee,Colleen,I,MD,I,1270 Broadway,"Ste #405",New York,NY,36,10001,1,"Metropolitan area core: primary flow within an urbanized area of 50,000 and greater",US,Internal Medicine,S,7023,15373.933333333,990526.35,456072,718,,6915,15119.666666667,970572.28,448543,,703,,1159,865393.16,,5756,119777.81,,108,5355.38,,5979,827684.03,,1044,162842.32,,5089,836989.28,,1934,153537.07,,,,,,,,,,,93,760.47,74,*,,,*,,74.356545961003,15,382,256,65,422,296,12,,648,,0,47,454,264,0.97309795052426
1710092234,Tang,David,,M.D.,I,1010 N Broadway,,Yonkers,NY,36,10701,1,"Metropolitan area core: primary flow within an urbanized area of 50,000 and greater",US,Internal Medicine,S,9563,19813.033333333,1011499.55,575460,624,,8042,17553.5,852306.13,511123,,565,,1503,765654.92,,8011,239236.96,,49,6607.67,,3713,394833.56,,5850,616665.99,,3025,401444.04,,6538,610055.51,389,18528.25,9782,58,4.067761162815,20,4238.48,600,,5.1413881748072,384,4540.42,186,,32,14820.98,*,,74.309294871795,59,283,182,100,378,246,477,43,,53,,31,106,518,1.2313869306224
1710093695,Hicar,Mark,D,MD,I,1001 Main St,,Buffalo,NY,36,14203,1,"Metropolitan area core: primary flow within an urbanized area of 50,000 and greater",US,Pediatric Medicine,S,64,64,10991.17,64,52,"#",,,,,"#",,,64,10991.17,,0,0,,0,0,,53,8986.93,,11,2004.24,,13,2225.89,,51,8765.28,0,0,0,0,0,0,0,0,0,,0,0,0,*,,,*,,72.615384615385,,,,,29,23,50,,0,0,0,,,,0.97576282051282
1710290515,Niyazov,Linda,,PA,I,1st Avenue 16street,Beth Israel Medical Center,Manhattan,NY,36,10003,1,"Metropolitan area core: primary flow within an urbanized area of 50,000 and greater",US,Physician Assistant,S,169,182.2,22911.86,2738,111,,157,170.2,22273.52,2539,"#",,,87,20259.62,,82,2652.24,,0,0,,76,8034.12,,93,14877.74,,77,9677.4,,92,13234.46,0,0,0,0,0,0,0,0,0,,13,157.89,12,*,,,*,,75.594594594595,,,,,72,39,66,14,,22,0,,38,73,1.4461159659439
1710327796,Taufik,Mireille,,MD,I,130 Center Way,,Corning,NY,36,14830,4,"Micropolitan area core: primary flow within an urban cluster of 10,000 to 49,999",US,Family Practice,S,6704,14466.933333333,680623.33,424395,514,,5447,12320.6,549099.51,362297,,423,,926,539232.78,,5722,138358.98,,56,3031.57,,3852,334206.37,,2852,346416.96,,2286,266088.63,,4418,414534.7,108,9455.16,1870,36,1.6109785202864,,,,,,63,508.23,49,,31,2134.26,*,,70.260700389105,91,259,123,41,341,173,486,11,,,,,135,379,1.0719735353598
1710405030,Wawrzusin,Christopher,C,NP,I,31 Arnot Rd,,Horseheads,NY,36,14845,1,"Metropolitan area core: primary flow within an urbanized area of 50,000 and greater",US,Nurse Practitioner,S,6874,10635.8,540066.28,302754,288,,4150,6991.7,336630.22,201422,,201,,835,399019.24,,5986,137749.04,,53,3298,,3981,292710.99,,2893,247355.29,,3916,299237.6,,2958,240828.68,380,21592.62,7828,49,5.5280768111725,29,11829.62,845,,7.6315789473684,176,36646.85,77,,51,695.06,*,,67.555555555556,87,106,72,23,149,139,267,,,,0,,127,161,1.4267526349824
1710921200,Erick,Lynda,,N.P.,I,2914 Elmwood Ave,,Kenmore,NY,36,14217,1,"Metropolitan area core: primary flow within an urbanized area of 50,000 and greater",US,Nurse Practitioner,S,5969,12398.133333333,469812.51,360514,469,,5596,11773.033333333,430192.63,342889,,439,,997,373498.31,,4899,92132.72,,73,4181.48,,4759,373170.55,,1210,96641.96,,521,33596.06,,5448,436216.45,138,1396.24,2964,48,2.311945049422,0,0,0,0,0,151,1118.67,105,,24,246.41,*,,74.132196162047,30,226,150,63,351,118,428,14,,,,17,36,433,1.0045726464378
1710921648,Brammer,Werner,K,M.D.,I,7573 State Route 54,Keuka Family Practice,Bath,NY,36,14810,7,"Small town core: primary flow within an urban cluster of 2,500 to 9,999",US,Family Practice,S,9205,14854.866666667,997078.43,374739,2035,,7327,12222.7,800778.29,306099,,1770,,3006,842687.97,,6144,152389.8,,55,2000.66,,6148,703027.03,,3057,294051.4,,3538,429055.65,,5667,568022.78,408,24289.89,10071,77,4.4323737099402,48,16059.46,1423,,11.764705882353,176,7242.55,103,,53,4799.82,*,,71.510565110565,265,1083,542,145,1131,904,1935,,,17,,67,455,1580,0.9135466774491
1710925029,Bath,Surinder,S,M.D.,I,911 W Center St,,Medina,NY,36,14103,7,"Small town core: primary flow within an urban cluster of 2,500 to 9,999",US,Internal Medicine,S,6364,11282.433333333,513453.15,328896,265,,5568,10192.233333333,444338.7,297369,,236,,849,416728.63,,5464,94342.81,,51,2381.71,,4586,347908.14,,1778,165545.01,,2037,186482.16,,4327,326970.99,147,5831.66,4052,34,2.3098680075424,,,,,,115,828.38,60,,14,296.97,*,,74.150943396226,29,114,82,40,127,138,226,27,,,0,,59,206,1.212714308016
1710933940,Gross,Jeffrey,D,MD,I,90 S Bedford Rd,Care Mount Medical Pc,Mount Kisco,NY,36,10549,1,"Metropolitan area core: primary flow within an urbanized area of 50,000 and greater",US,Internal Medicine,S,6323,15142.266666667,364653.64,447463,777,,6010,14591.266666667,354060.53,431456,,744,"#",,,,5766,135963.12,*,,,,1732,97107.23,,4591,267546.41,,665,42712.09,,5658,321941.55,77,1406.38,1627,22,1.2177763719753,,,,,,88,1289.55,70,,28,1103.11,*,,75.055341055341,33,359,270,115,268,509,686,13,16,15,0,47,42,735,0.95746265039585
1710941521,Aquino,Nicholas,J,M.D,I,1001 Main St,,Buffalo,NY,36,14203,1,"Metropolitan area core: primary flow within an urbanized area of 50,000 and greater",US,Internal Medicine,S,7098,15443.8,683298.14,452353,588,,6651,14546,644187.18,426320,,553,,1006,545939.32,,5981,132644.49,,111,4714.33,,5480,485867.53,,1618,197430.61,,699,92949.18,,6399,590348.96,115,1864.63,2385,32,1.6201746970978,,,,,,110,864.14,75,*,,,*,,73.506802721088,35,319,156,78,271,317,551,,,,0,24,37,551,0.9440898947448
1710950365,Barry,Joseph,T,M.D.,I,5415 W Genesee St,Suite 301,Camillus,NY,36,13031,1,"Metropolitan area core: primary flow within an urbanized area of 50,000 and greater",US,Internal Medicine,S,3450,5831.9333333333,512878.01,164967,271,,3142,5403.6,458035.45,153213,,256,,603,420264.74,,2811,84169.97,,36,8443.3,,1903,242802.03,,1547,270075.98,,137,34423.7,,3313,478454.31,147,2959.78,3541,26,4.2608695652174,19,543.43,461,,12.925170068027,154,2510.81,74,,49,12747.93,,16,77.450184501845,15,97,89,70,159,112,253,,,0,0,11,11,260,1.2731221232594
1710967393,Lipetz,Simon,S,M.D.,I,10460 Queens Blvd,,Forest Hills,NY,36,11375,1,"Metropolitan area core: primary flow within an urbanized area of 50,000 and greater",US,Internal Medicine,S,3440,6281.7333333333,464053.55,182008,294,,3236,5932.8666666667,399253.64,172044,,272,,658,381992.04,,2732,79721.28,,50,2340.23,,1511,226045.02,,1929,238008.53,,1537,307996.61,,1903,156056.94,41,1302.12,1119,11,1.1918604651163,0,0,0,0,0,138,1727.51,76,*,,,*,,73.353741496599,22,151,90,31,164,130,217,17,18,23,0,19,87,207,1.0365066638383
1710967971,Shifrin,Inna,,MD,I,98 Avenue U,,Brooklyn,NY,36,11223,1,"Metropolitan area core: primary flow within an urbanized area of 50,000 and greater",US,Internal Medicine,S,11137,17407.2,1218956.93,490465,428,,8901,14483.6,959875.14,410121,,366,,2106,1002409.89,,8840,207847.94,,191,8699.1,,4955,580513.64,,6182,638443.29,,6494,860395.25,,4643,358561.68,170,35710.51,4312,35,1.5264433869085,41,20714,1172,,24.117647058824,436,40740.35,198,,85,1497.69,,18,73.296728971963,62,165,154,47,305,123,308,49,,44,,21,157,271,1.2414565274456
1710972013,Parker,Richard,L,MD,I,25 Park Avenue,,Cohocton,NY,36,14826,10,"Rural areas: primary flow to a tract outside a urbanized area of 50,000 and greater or UC",US,Family Practice,S,5668,12003.333333333,417515.82,351649,497,,4415,9779.3666666667,321932.14,287011,,404,,645,287836.98,,4999,128918.9,,24,759.94,,3734,257856.47,,1934,159659.35,,2226,216223.87,,3442,201291.95,202,6710.94,5387,49,3.5638673253352,20,1035.46,577,,9.9009900990099,121,1496.58,92,,24,996.42,*,,71.368209255533,93,224,126,54,242,255,477,,0,,,,150,347,1.1383021846923
1710985379,Roth,Aaron,E,MD,I,90 Seacord Rd,,New Rochelle,NY,36,10804,1,"Metropolitan area core: primary flow within an urbanized area of 50,000 and greater",US,Family Practice,S,2924,4468.6666666667,255181.23,123515,587,,2461,3757.1666666667,175187.22,103940,,488,,422,198666.88,,2334,47756.56,,168,8757.79,,1492,142465.87,,1432,112715.36,,1718,156283.8,,1206,98897.43,120,5503.37,3223,52,4.1039671682627,14,3504.15,400,,11.666666666667,187,2378.76,133,,42,5408.47,,17,75.100511073254,99,186,154,148,365,222,397,124,11,48,,,296,291,2.6260221683251
1710989314,De Lara,Francisco,A,MD,I,1525 Pitkin Ave,,Brooklyn,NY,36,11212,1,"Metropolitan area core: primary flow within an urbanized area of 50,000 and greater",US,Internal Medicine,S,11634,21161,786360.48,623343,433,,10790,19678.433333333,712840.39,580088,,399,,1570,595992.29,,9585,181042.25,,479,9325.94,,10049,678113.13,,1585,108247.35,,10513,758802.95,,1121,27557.53,52,169.21,1066,17,0.44696578992608,0,0,0,0,0,98,963.11,66,,40,286.8,*,,73.394919168591,34,214,136,49,229,204,,40,,372,0,,339,94,1.0340978197476
1720015506,Aziz,Farzana,H,M.D.,I,374 Meacham Ave,,Elmont,NY,36,11003,1,"Metropolitan area core: primary flow within an urbanized area of 50,000 and greater",US,Internal Medicine,S,8083,16777.233333333,1176680.85,496595,278,,7521,15827.266666667,1114863.73,468384,,261,,1360,1024709.85,,6331,135427.76,,392,16543.24,,6024,928079.23,,2059,248601.62,,6869,1025941.29,,1214,150739.56,,,,,,,,,,,101,1280.84,71,,0,0,,0,71.154676258993,17,187,61,13,176,102,29,24,168,,,37,205,73,1.1288045972094
1720072465,Luvera,Vincent,J,DO,I,600 Mcclellan St,St Claires Hospital Wound Care Center,Schenectady,NY,36,12304,1,"Metropolitan area core: primary flow within an urbanized area of 50,000 and greater",US,Family Practice,S,344,346,56029.16,953,273,,317,319,51053.47,926,,251,,333,55948.41,,11,80.75,,0,0,,225,36902.71,,119,19126.45,,62,10818.83,,282,45210.33,0,0,0,0,0,0,0,0,0,,,,,,0,0,,0,71.311355311355,22,180,55,16,139,134,223,,,15,0,28,45,228,0.90444043793483
1720088081,Scrivani,Stephen,P,MD,I,18 Limestone Dr,Suite 5,Williamsville,NY,36,14221,1,"Metropolitan area core: primary flow within an urbanized area of 50,000 and greater",US,Family Practice,S,9436,19709.766666667,780143.38,575917,654,,8074,17562.8,697958.99,515451,,591,,1145,576848.5,,8175,195578.07,,116,7716.81,,7142,566216.96,,2294,213926.42,,1994,170906.39,,7442,609236.99,415,10796.61,10389,65,4.3980500211954,36,2421.15,1080,,8.6746987951807,182,1185.89,105,,23,688.7,*,,73.004587155963,63,332,193,66,359,295,589,40,,,0,19,74,580,1.1574282509468
1720173081,Hanna,Thomas,A,M.D.,I,5856 Scenic Ave,,Mexico,NY,36,13114,3,"Metropolitan area low commuting: primary flow 10% to <30% to a urbanized area of 50,000 and greater",US,Family Practice,S,5115,9385.2,390417.61,270975,435,,4045,7776.9333333333,344563.84,225819,,343,,570,300454.39,,4518,88849.09,,27,1114.13,,2799,196048.39,,2316,194369.22,,1865,143284.11,,3250,247133.5,178,3122,4562,40,3.4799608993157,0,0,0,0,0,135,1843.84,83,,11,190.19,*,,70.496551724138,92,184,123,36,228,207,426,0,,,0,,131,304,1.0371803069483
1720257405,Roberts,Renee,L,RPH,I,2345 Buffalo Rd,,Rochester,NY,36,14624,1,"Metropolitan area core: primary flow within an urbanized area of 50,000 and greater",US,Pharmacist,T,35,35,6018.73,93,29,"#",,,,,"#",,,35,6018.73,,0,0,,0,0,,21,3660.93,,14,2357.8,,11,1981.64,,24,4037.09,0,0,0,0,0,0,0,0,0,,0,0,0,*,,,*,,70.931034482759,,,,,18,11,25,,0,0,0,,,,0.90210344827586
1720266992,Khan,Mohammed,N,PHARM.D.,I,1 Westchester Ave,,Port Chester,NY,36,10573,1,"Metropolitan area core: primary flow within an urbanized area of 50,000 and greater",US,Pharmacist,T,21,21,3522.81,21,17,,21,21,3522.81,21,,17,,21,3522.81,,0,0,,0,0,*,,,"#",,,*,,,"#",,,0,0,0,0,0,0,0,0,0,,0,0,0,,0,0,,0,74.235294117647,0,,,,,,14,0,0,,0,,,,0.64776470588235
1720334881,Umali,Ismael,,N.P.,I,3444 Kossuth Avenue,,Bronx,NY,36,10467,1,"Metropolitan area core: primary flow within an urbanized area of 50,000 and greater",US,Nurse Practitioner,S,2488,4938.6666666667,444242.76,145406,373,,2092,4188.6666666667,353111.53,123441,,296,,580,399311.89,,1836,41770.09,,72,3160.78,,2156,359841.87,,332,84400.89,,2135,407230.96,,353,37011.8,0,0,0,0,0,0,0,0,0,,17,459.11,16,,0,0,,0,71.378016085791,77,137,131,28,252,121,,96,17,224,,21,289,84,1.3679176852737
1720521297,Stephens,Mackenzie,,,I,709 Main St,,Poughkeepsie,NY,36,12601,1,"Metropolitan area core: primary flow within an urbanized area of 50,000 and greater",US,Pharmacist,T,33,33,5584.59,33,27,"#",,,,,"#",,,33,5584.59,,0,0,,0,0,,17,2827.43,,16,2757.16,*,,,"#",,,0,0,0,0,0,0,0,0,0,,0,0,0,*,,,*,,72,,,,,15,12,20,0,,,0,,,,0.89756296296296
1720636343,Goodrich,Veronica,,,I,360 Dingens St,,Buffalo,NY,36,14206,1,"Metropolitan area core: primary flow within an urbanized area of 50,000 and greater",US,Pharmacist,T,35,38,5841.73,270,31,"#",,,,,"#",,,35,5841.73,,0,0,,0,0,,23,3680.6,,12,2161.13,*,,,"#",,,0,0,0,0,0,0,0,0,0,,0,0,0,*,,,*,,73.548387096774,,,,,18,13,30,,0,0,0,,,,0.97364516129032
1730136805,Uebbing,Mary,C,NP,I,40 La Riviere Dr Ste 201,,Buffalo,NY,36,14202,1,"Metropolitan area core: primary flow within an urbanized area of 50,000 and greater",US,Nurse Practitioner,S,6449,8033.4333333333,579559.16,228346,252,,5282,6654.9333333333,410920.7,189270,,215,,1342,469192.52,,5050,107289.25,,57,3077.39,,3842,302822.55,,2607,276736.61,,4568,473309.12,,1881,106250.04,207,7263.85,5721,42,3.2097999689874,,,,,,126,36408.11,60,,73,8619.62,,13,77.694444444444,37,67,61,87,174,78,186,56,,,0,,137,115,2.5110416693113
1730144809,Shilimova,Yelena,,M.D.,I,1009 Brighton Beach Ave,2nd Floor,Brooklyn,NY,36,11235,1,"Metropolitan area core: primary flow within an urbanized area of 50,000 and greater",US,Internal Medicine,S,5711,7065.9666666667,1109169.09,206296,386,,5083,6390.0666666667,1044702.21,188119,,348,,2950,1050419.15,,2212,38265.27,,549,20484.67,,1042,205310.1,,4669,903858.99,,4869,928385.92,,842,180783.17,0,0,0,0,0,0,0,0,0,,17,116.21,14,,0,0,,0,73.352331606218,38,181,129,38,270,116,312,,12,,0,47,311,75,1.8822392651316
1730165457,Glowacki,Michael,J,MD,I,3922 Fennell St,,Skaneateles,NY,36,13152,7.1,"Secondary flow 30% to <50% to a urbanized area of 50,000 and greater",US,Family Practice,S,5505,12138.766666667,501570.79,351887,453,,5122,11557.633333333,478907.86,335740,,426,,596,366840.22,,4885,133282.85,,24,1447.72,,3308,321132.43,,2197,180438.36,,674,61630.52,,4831,439940.27,145,3298.63,2676,37,2.6339691189827,,,,,,177,2785.21,111,,19,469.21,*,,74.748344370861,27,203,155,68,192,261,426,0,,,0,23,43,410,0.9984278322157
1730184250,Politi,Anthony,F,M.D.,I,3384 State Route 22,,Peru,NY,36,12972,5,"Micropolitan high commuting: primary flow 30% or more to a urban cluster of 10,000 to 49,999",US,Internal Medicine,S,146,205.33333333333,16244.98,3685,72,,88,97.333333333333,13365.08,915,,61,,86,14909.06,"#",,,*,,,,33,5620.84,,113,10624.14,,67,4420.52,,79,11824.46,0,0,0,0,0,0,0,0,0,,,,,,0,0,,0,69.555555555556,11,43,,,31,41,71,,0,,0,0,18,54,1.1987886343312
1730195314,Demallie,Alice,,NP,I,15 Canandaigua St,,Shortsville,NY,36,14548,2,"Metropolitan area high commuting: primary flow 30% or more to a urbanized area of 50,000 and greater",US,Nurse Practitioner,S,2467,4144.3,175773.74,117535,293,,1677,3084.8333333333,127552.23,88035,,206,,363,118509.82,,2077,54936.34,,27,2327.58,,1436,94263.6,,1031,81510.14,,1441,104182.21,,1026,71591.53,129,2415.52,3354,23,5.2290231049858,0,0,0,0,0,82,2157.06,48,*,,,*,,68.119453924915,87,108,70,28,178,115,282,,,,0,,127,166,1.1832158084653
1730261421,Bhatt,Jimmy,H,MD,I,342 Route 202,Care Mount Medical Pc,Somers,NY,36,10589,1,"Metropolitan area core: primary flow within an urbanized area of 50,000 and greater",US,Internal Medicine,S,5726,13679.833333333,359329.75,402993,567,,5612,13465.833333333,354142.98,396767,,556,,446,203816.53,,5267,154876.67,,13,636.55,,1401,82219.23,,4325,277110.52,,429,35021.98,,5297,324307.77,52,1389.37,970,18,0.90813831645127,,,,,,139,2417.5,90,*,,,*,,77.405643738977,11,231,207,118,296,271,507,,14,14,,26,32,535,1.1779297387699
1730282906,Abderhalden-Friend,Renee,E,M.D.,I,100 John Roemmelt Dr Ste 301,,Horseheads,NY,36,14845,1,"Metropolitan area core: primary flow within an urbanized area of 50,000 and greater",US,Internal Medicine,S,6640,13679.566666667,424422.9,395851,371,,5466,11712.633333333,322710.45,339168,,325,,697,259654.85,,5887,161865.22,,56,2902.83,,4261,274926.46,,2379,149496.44,,2208,188377.36,,4432,236045.54,115,1937.54,1836,44,1.7319277108434,,,,,,214,2004.38,106,,18,226.34,*,,72.525606469003,46,180,102,43,280,91,354,,,,0,,79,292,1.0002237824044
1730284308,Chan,Chun-Kit,,D.O.,I,2 Mott St Rm 305,,New York,NY,36,10013,1,"Metropolitan area core: primary flow within an urbanized area of 50,000 and greater",US,Internal Medicine,S,9198,16842.933333333,1541254.58,498562,445,,8920,16433.8,1479700.42,486712,,432,,1670,1361014.12,,7435,177431.8,,93,2808.66,,8291,1413218.82,,907,128035.76,,8870,1510723.92,,328,30530.66,12,110.4,166,,0.13046314416177,0,0,0,,0,54,397.8,47,,29,302.43,*,,71.723595505618,13,320,82,30,213,232,,,431,,0,,405,40,0.89567311454943
1730295155,Dhanoa,Pardeep,P,DO,I,1026 Union Rd,,West Seneca,NY,36,14224,1,"Metropolitan area core: primary flow within an urbanized area of 50,000 and greater",US,Internal Medicine,S,1447,3539.7666666667,61379.57,101494,228,,1253,3122.5666666667,50729.03,89902,,199,,169,38843.01,,1251,21230.93,,27,1305.63,,1430,61075.21,,17,304.36,,546,26797.66,,901,34581.91,,,,,,,,,,,34,470.58,30,*,,,*,,70.526315789474,29,137,48,14,111,117,96,70,34,,,17,47,181,0.94156541205029
1730424284,Arevalo,Cecilia,E,PA-C,I,4008 Forley St,,Elmhurst,NY,36,11373,1,"Metropolitan area core: primary flow within an urbanized area of 50,000 and greater",US,Physician Assistant,S,4343,7857.5,641188.48,226175,419,,3690,6927.8666666667,561730.57,199798,,371,,955,537389.7,,3331,97066.95,,57,6731.83,,3760,537372.39,,583,103816.09,,3720,599493.11,,623,41695.37,35,725.84,889,,0.80589454294267,0,0,0,,0,87,776.91,67,*,,,*,,72.453460620525,48,217,105,49,269,150,,0,,405,0,,307,112,1.0934531797566
1730442211,Abernathy,Veronica,,M.D.,I,1276 Fulton Ave,,Bronx,NY,36,10456,1,"Metropolitan area core: primary flow within an urbanized area of 50,000 and greater",US,Family Practice,S,4884,11301.1,201752.6,326178,562,,4360,10426.266666667,179939.84,302646,,495,,569,114254.28,,4246,85896.94,,69,1601.38,,4830,198570.3,,54,3182.3,,1417,64247.23,,3467,137505.37,470,9060.79,10044,94,9.6232596232596,54,1893.12,1530,,11.489361702128,65,929.86,49,,11,146.1,*,,72.256227758007,67,289,150,56,399,163,274,158,14,111,,,150,412,1.2859651102002
1730493305,Lee,Shuk Ying,V,NP,I,13626 37th Ave,,Flushing,NY,36,11354,1,"Metropolitan area core: primary flow within an urbanized area of 50,000 and greater",US,Nurse Practitioner,S,2378,3876.9666666667,221639.2,114099,187,,2221,3711.9666666667,213775.69,109247,"#",,,364,177685.59,,1986,43056.51,,28,897.1,,1921,183688.18,,457,37951.02,,2210,210922.76,,168,10716.44,0,0,0,0,0,0,0,0,0,,15,208.91,15,*,,,*,,72.550802139037,,,,,113,74,0,,181,,0,,165,22,0.95630362569325
1730791997,Oksinski,Ryan,,PHARMD,I,222 5th Ave Ext,,Gloversville,NY,36,12078,4,"Micropolitan area core: primary flow within an urban cluster of 10,000 to 49,999",US,Pharmacist,T,14,14,2587.79,14,14,"#",,,,,"#",,,14,2587.79,,0,0,,0,0,*,,,*,,,*,,,"#",,,0,0,0,0,0,0,0,0,0,,0,0,0,*,,,*,,72.857142857143,,,,,,,13,,0,0,0,,,,0.82235714285714
1740234160,Fruchter,Alexander,,MD,I,"450 East Main St #4",,Middletown,NY,36,10940,1,"Metropolitan area core: primary flow within an urbanized area of 50,000 and greater",US,Internal Medicine,S,13231,31539.633333333,1909054.56,925828,713,,12310,29721.233333333,1696646.85,873689,,662,,1909,1521243.68,,11208,379680.57,,114,8130.31,,2000,307420.72,,11231,1601633.84,,1638,315650.89,,11593,1593403.67,174,34660.54,4189,44,1.3150933413952,54,32215.44,1620,,31.034482758621,435,14228.54,214,,49,675.91,,11,74.504908835905,51,310,253,99,383,330,618,29,,34,,23,64,649,1.0988710163781
1740240282,Jhaveri,Jayant,J,MD,I,267 Andrews St,St. Lawrence Internists,Massena,NY,36,13662,4,"Micropolitan area core: primary flow within an urban cluster of 10,000 to 49,999",US,Internal Medicine,S,11874,27884.4,1789274.16,818106,661,,10932,25959.066666667,1618426.14,761502,,620,,1651,1491970.64,,10149,292884.68,,74,4418.84,,5226,810093.88,,6648,979180.28,,2790,291425.22,,9084,1497848.94,154,4818.72,4481,33,1.2969513222166,19,797.28,513,,12.337662337662,183,3505.81,106,,84,3847.99,,26,75.986384266263,41,271,226,123,338,323,633,0,,,,,154,507,1.3246255654754
1740246735,Carlson Jr,Richard,A,MD,I,1491 Sheridan Dr,Sheridan Medical Group,Tonawanda,NY,36,14217,1,"Metropolitan area core: primary flow within an urbanized area of 50,000 and greater",US,Internal Medicine,S,15794,24969.8,981100.21,589383,1071,,14330,22957.033333333,879838.86,546804,,977,,2248,750737.71,,13406,223136.71,,140,7225.79,,11452,682803.69,,4342,298296.52,,7946,366778.67,,7848,614321.54,216,19924.95,5037,47,1.367607952387,32,17436.26,928,,14.814814814815,131,15659.18,70,,99,49113.96,,13,76.197012138189,94,403,335,239,620,451,970,55,,,0,31,230,841,1.2331914815111
1740254242,Hoag,Stephen,D,MD,I,4104 Medical Center Dr,Suite 104,Fayetteville,NY,36,13066,1,"Metropolitan area core: primary flow within an urbanized area of 50,000 and greater",US,Family Practice,S,4761,8583.5,539482.4,247551,295,,3573,6980,400713.67,203360,,236,,712,454377,,3996,81868.29,,53,3237.11,,3092,341513.06,,1669,197969.34,,2214,261046.37,,2547,278436.03,93,2421.98,2148,28,1.9533711405167,11,632,146,,11.827956989247,109,1740.46,51,,54,13320.99,*,,70.661016949153,59,133,67,36,139,156,260,15,,,0,,85,210,1.1478048297835
1740256908,Naarendorp,Michael,,M.D.,I,51 Saint Nicholas Ave,Apt Ph-3f,New York,NY,36,10026,1,"Metropolitan area core: primary flow within an urbanized area of 50,000 and greater",US,Rheumatology,S,2411,2790.8333333333,2940446.54,80538,210,,1574,1907.0333333333,1502636.68,55122,,152,"#",,,,1742,42507.61,*,,,,1804,2276511.09,,607,663935.45,,1946,2655029.75,,465,285416.79,,,,,,,,,,,,,,,0,0,,0,68.985714285714,58,89,48,15,180,30,,75,,122,0,,158,52,1.493499221509
1740269000,Karetnick,Gerald,D,D.O.,I,36 College Ave,,Nanuet,NY,36,10954,1,"Metropolitan area core: primary flow within an urbanized area of 50,000 and greater",US,Family Practice,S,11167,18860.566666667,876185.14,543430,996,,7490,14867.6,607591.75,431335,,813,,1443,636633.63,,9675,237397.06,,49,2154.45,,3348,327701.69,,7819,548483.45,,5938,468966.19,,5229,407218.95,160,6122.95,3079,33,1.4327930509537,,,,,,236,56084.77,142,,45,3093.52,,14,72.895582329317,183,336,308,169,527,469,795,76,,56,,37,291,705,0.99151273727888
1740280171,Chen,Yanfeng,,M.D.,I,5517 7th Ave,1f,Brooklyn,NY,36,11220,1,"Metropolitan area core: primary flow within an urbanized area of 50,000 and greater",US,Internal Medicine,S,29314,35059.9,3561657.43,1020237,1326,,28571,34181.7,3457805.14,994629,,1291,,6264,3072407.37,,22756,483057.96,,294,6192.1,,23753,2919634.45,,5561,642022.98,,28432,3507217.66,,882,54439.77,,,,,,,,,,,321,1956.71,255,,123,2922.68,,16,73.151583710407,35,853,291,147,720,606,,,1297,11,0,,1240,86,1.0172405552666
1740437722,Brown,Sheryl,N,MD,I,713 Troy Schenectady Rd,Suite 224,Latham,NY,36,12110,1,"Metropolitan area core: primary flow within an urbanized area of 50,000 and greater",US,Family Practice,S,3395,7659,263415.5,223984,330,,2902,6724.2,207520.02,197151,,292,"#",,,,2952,63851.3,*,,,,2197,155135.16,,1198,108280.34,,924,107568.83,,2471,155846.67,51,863.12,1115,16,1.5022091310751,0,0,0,0,0,64,734.72,47,*,,,*,,72.530303030303,38,165,90,37,229,101,265,45,,,0,,60,270,1.1946335737851
1740440155,Yiu,John,,MD,I,757 60th St,First Floor,Brooklyn,NY,36,11220,1,"Metropolitan area core: primary flow within an urbanized area of 50,000 and greater",US,Family Practice,S,22175,33499.3,3496702.31,970288,1609,,21621,32650.9,3388887.21,945652,,1568,,4861,3013719.45,,16912,470501.24,,402,12481.62,,19224,3025144.11,,2951,471558.2,,21872,3472527.23,,303,24175.08,32,334.48,199,26,0.14430665163472,0,0,0,0,0,340,2158.72,254,,62,1013.66,,16,75.172778123058,41,859,436,273,873,736,,,1579,11,0,,1543,66,1.2064996896303
1740625631,Sta. Maria,Jaclyn Anne,N,MD,I,2 Centerock Rd,,West Nyack,NY,36,10994,1,"Metropolitan area core: primary flow within an urbanized area of 50,000 and greater",US,Family Practice,S,2901,6864.1666666667,178012.1,202421,336,,2615,6293.5,166455.91,185731,,305,"#",,,,2549,50864.65,*,,,,1372,91416.78,,1529,86595.32,,1036,58929.84,,1865,119082.26,,,,,,,,,,,33,346.14,31,,0,0,,0,73.52380952381,31,159,97,49,252,84,181,40,43,56,0,16,82,254,1.0852988754141
1740629112,Zhou,Zhigang,,MD,I,4422 3rd Ave,Dept Of Internal Med Mills 3rd Fl,Bronx,NY,36,10457,1,"Metropolitan area core: primary flow within an urbanized area of 50,000 and greater",US,Internal Medicine,S,8418,12932.6,2884223.3,376564,464,,8004,12334.266666667,2775688.05,359562,,434,,2732,2743559.37,,5577,136420.18,,109,4243.75,,8201,2821969.12,,217,62254.18,,8148,2856365.81,,270,27857.49,0,0,0,0,0,0,0,0,0,,54,565.12,44,*,,,*,,72.773706896552,30,279,106,49,232,232,,0,457,,0,,415,49,1.1560067194251
1740669050,Lee,Angel,,MD,I,731 White Plains Rd,,Bronx,NY,36,10473,1,"Metropolitan area core: primary flow within an urbanized area of 50,000 and greater",US,Family Practice,S,2042,3070.3333333333,263929.5,90064,149,,1339,2225.9333333333,175950.37,65806,,116,,475,238775.63,,1488,22764.86,,79,2389.01,,1669,229447.22,,373,34482.28,,1660,230937.45,,382,32992.05,0,0,0,0,0,0,0,0,0,,14,123.1,12,,0,0,,0,69.046979865772,33,74,31,11,106,43,,63,,73,0,,103,46,1.1229003855178
1740674191,Tran,Canh,,MD,I,1014 Oswegatchie Trail Rd,,Star Lake,NY,36,13690,10,"Rural areas: primary flow to a tract outside a urbanized area of 50,000 and greater or UC",US,Hospitalist,S,2571,4602.8666666667,195337.96,132131,300,,1904,3495.9,132892.14,100124,,233,,376,153101.43,,2184,41565.33,,11,671.2,,1096,94684.44,,1475,100653.52,,1076,102796.82,,1495,92541.14,134,4466.97,3079,40,5.2119797744068,19,1617.79,519,,14.179104477612,27,249.9,22,,43,1064.14,*,,72.326666666667,67,103,84,46,151,149,286,,,,,,106,194,1.1867812845937
1003155730,Yang,Yanjin,,,I,506 6th St,,Brooklyn,NY,36,11215,1,"Metropolitan area core: primary flow within an urbanized area of 50,000 and greater",US,Internal Medicine,S,11496,18924.1,1275962.48,556523,391,,10782,17825.6,1226155.35,524321,,364,,1802,990427.54,,9495,276973.66,,199,8561.28,,8598,948683.66,,2898,327278.82,,9340,1009576.44,,2156,266386.04,59,576.94,1278,14,0.51322199025748,0,0,0,0,0,107,1906.5,79,,38,702.57,,12,74.913043478261,27,196,104,64,222,169,51,46,263,13,0,18,242,149,1.1131432210548
1003199670,Heinrichs,Phillip,A,PHARM D.,I,4999 State Highway 30,,Amsterdam,NY,36,12010,2,"Metropolitan area high commuting: primary flow 30% or more to a urbanized area of 50,000 and greater",US,Pharmacist,T,29,29,4426.94,29,26,"#",,,,,"#",,,29,4426.94,,0,0,,0,0,,13,1929.22,,16,2497.72,*,,,"#",,,0,0,0,0,0,0,0,0,0,,0,0,0,*,,,*,,71.115384615385,,,,,11,15,16,0,,,0,,,,0.84438559601021
1003220864,Vazzano,Alexander,,MD,I,1425 Portland Ave,,Rochester,NY,36,14621,1,"Metropolitan area core: primary flow within an urbanized area of 50,000 and greater",US,Emergency Medicine,S,147,149.66666666667,4693.3,1411,109,,97,99.666666666667,3731.46,932,,77,,21,3710.36,,126,982.94,,0,0,,115,3360.95,,32,1332.35,,63,1706.69,,84,2986.61,,,,,,,,,,,50,414.8,44,,0,0,,0,68.43119266055,32,38,25,14,61,48,82,13,,13,0,,44,65,1.4664464026277
1003362682,Rising,Michelle,,NP,I,54 Main St,,Candor,NY,36,13743,2,"Metropolitan area high commuting: primary flow 30% or more to a urbanized area of 50,000 and greater",US,Nurse Practitioner,S,3305,5945.5333333333,973777.03,167602,563,,2399,4592.9,813000.12,130478,,448,,602,898366.91,,2689,74122.02,,14,1288.1,,2005,514545.5,,1300,459231.53,,1368,358432.33,,1937,615344.7,243,31223.32,4906,113,7.3524962178517,57,26176.76,1516,29,23.456790123457,61,785.48,52,,12,218.2,*,,69.896980461812,115,271,141,36,311,252,541,,,,0,,171,392,1.3595078917498
1003398975,Reale,Zachary,,PHARMD,I,709 Main St,,Poughkeepsie,NY,36,12601,1,"Metropolitan area core: primary flow within an urbanized area of 50,000 and greater",US,Pharmacist,T,13,13,2239.33,13,12,,13,13,2239.33,13,,12,,13,2239.33,,0,0,,0,0,*,,,*,,,,0,0,,13,2239.33,0,0,0,0,0,0,0,0,0,,0,0,0,,0,0,,0,70.833333333333,0,,,0,,,,0,0,,0,,0,12,0.663
1003813676,Cai,Min,,M.D.,I,4105 College Point Blvd,Suite 1c,Flushing,NY,36,11355,1,"Metropolitan area core: primary flow within an urbanized area of 50,000 and greater",US,Internal Medicine,S,27304,36695.366666667,3399926.62,1071635,886,,26832,36024.633333333,3347825.12,1052777,,864,,5415,2839304.49,,21261,536381.53,,628,24240.6,,24668,2958185.18,,2636,441741.44,,24833,3159406.47,,2471,240520.15,46,177.76,314,13,0.16847348373865,0,0,0,0,0,313,4459.42,208,,84,2997.09,,19,73.602708803612,22,515,262,87,487,399,,,857,,0,15,692,194,0.91639008831941
1003856964,Lan,Andrew,E,MD,I,1010 Central Park Ave,,Yonkers,NY,36,10704,1,"Metropolitan area core: primary flow within an urbanized area of 50,000 and greater",US,Internal Medicine,S,7933,19411.9,684603.25,576719,1025,,7253,18192.033333333,621211.02,540846,,935,,859,524682.74,,6884,152420.83,,190,7499.68,,5489,444559.72,,2444,240043.53,,2560,248781.93,,5373,435821.32,59,543.19,968,14,0.74372872809782,0,0,0,0,0,29,309.9,24,,20,529.61,*,,75.429268292683,90,390,381,164,655,370,113,614,,261,,22,264,761,1.1880220788204
1003864216,Aliwalas,Martha,G,M.D.,I,4939 Brittonfield Pkwy,Suite 101,East Syracuse,NY,36,13057,1,"Metropolitan area core: primary flow within an urbanized area of 50,000 and greater",US,Family Practice,S,8454,16849.633333333,772802.79,489959,604,,5750,12499.566666667,496016.62,365797,,487,,1118,576979.51,,7235,189924.2,,101,5899.08,,5143,485080.45,,3311,287722.34,,3599,408477,,4855,364325.79,250,5320.26,5881,51,2.9571800331204,13,303.42,390,,5.2,203,7053.13,139,,32,1010.39,*,,70.288079470199,117,293,149,45,455,149,551,27,,,,12,156,448,1.1037209171246
1003868399,Zhang,Xueshu,,MD,I,133-47 Sanford Avenue,Suite 1f,Flushing,NY,36,11355,1,"Metropolitan area core: primary flow within an urbanized area of 50,000 and greater",US,Internal Medicine,S,16998,21796.533333333,1129173.29,631321,576,,16734,21532.533333333,1120460.76,623751,,564,,2046,844794.68,,14665,276306.48,,287,8072.13,,16404,1098369.15,,594,30804.14,,16382,1077948.93,,616,51224.36,,,,,,,,,,,211,1577.78,144,,12,164.26,*,,72.064236111111,12,392,132,40,293,283,,,562,,0,,514,62,0.88124023744448
1003880055,Choi,Susan,W,MD,I,1246 State Route 38,,Owego,NY,36,13827,7.1,"Secondary flow 30% to <50% to a urbanized area of 50,000 and greater",US,Internal Medicine,S,22129,49961.766666667,2208100.01,1454612,1193,,20223,46513.4,1996459.23,1355054,,1128,,3027,1656482.98,,18966,542452.37,,136,9164.66,,11052,1047205.4,,11077,1160894.61,,4059,443409.17,,18070,1764690.84,575,8971.6,12359,122,2.5984002892132,,,,,,676,11357.26,385,,91,2352.11,,28,75.288348700754,65,524,400,204,800,393,1129,,,,,40,117,1076,0.92790069989515
1003880113,Cotton,Shawn,,M.D.,I,112 Olean St,Suite 220,East Aurora,NY,36,14052,2,"Metropolitan area high commuting: primary flow 30% or more to a urbanized area of 50,000 and greater",US,Family Practice,S,10101,20097.7,897366.12,584231,554,,8873,18276.533333333,811239.06,531408,,513,,1367,673463.7,,8646,219714.71,,88,4187.71,,7541,635497.94,,2560,261868.18,,1373,90304.95,,8728,807061.17,364,45132.66,8928,61,3.6036036036036,56,34888.48,1873,11,15.384615384615,294,4655.81,139,,47,1106.54,*,,74.234657039711,41,267,174,72,294,260,529,,,,0,18,50,504,1.0213130435971
1003881400,Lashbrook,Lorie,A,MD,I,138 E Main St,,Westfield,NY,36,14787,7,"Small town core: primary flow within an urban cluster of 2,500 to 9,999",US,Family Practice,S,5205,11182.066666667,585925.59,326096,424,,4321,9349.3333333333,508757.47,272534,,367,,711,471438.24,,4422,108761.08,,72,5726.27,,3166,431352.14,,2039,154573.45,,2173,374217.23,,3032,211708.36,153,3999.73,4035,51,2.9394812680115,24,667.63,720,,15.686274509804,79,1591.84,54,,14,845.79,*,,71.037735849057,57,215,121,31,260,164,404,,,,0,11,106,318,1.2000308274467
1003917980,Kadet,Alan,B,MD,I,65 Central Park West,Suite 1g,New York,NY,36,10023,1,"Metropolitan area core: primary flow within an urbanized area of 50,000 and greater",US,Internal Medicine,S,2755,5104.2,187625.7,143755,222,,2642,4957.2,186177.07,139593,"#",,"#",,,,2393,69166.55,*,,,,529,34624.2,,2226,153001.5,,90,2901.28,,2665,184724.42,85,2554.6,1870,23,3.0852994555354,0,0,0,0,0,128,6276.79,70,*,,,*,,75.162162162162,,,,,123,99,193,,,,0,15,,,0.72542792792793
1003928953,Ram,Padma,,MD,I,300 State Route 104,Suite 1,Oswego,NY,36,13126,4,"Micropolitan area core: primary flow within an urban cluster of 10,000 to 49,999",US,Internal Medicine,S,16075,34118.933333333,1660015.41,998262,1152,,14153,30828.5,1476638.98,903458,,1004,,2231,1258225.96,,13746,396599.93,,98,5189.52,,7429,645276.97,,8646,1014738.44,,3429,392717.1,,12646,1267298.31,679,21143.1,17372,158,4.2239502332815,87,9284.09,2625,15,12.812960235641,358,5815.77,208,,76,2568.93,,14,72.7890625,148,536,326,142,809,343,1113,,,0,,22,175,977,1.1445664193101
1003976077,Lee,Kevin,S,MD,I,1649 Deer Park Avenue,,Deer Park,NY,36,11729,1,"Metropolitan area core: primary flow within an urbanized area of 50,000 and greater",US,Internal Medicine,S,6118,14820.333333333,566640.67,441256,582,,6038,14640.333333333,562228.89,436069,,567,,608,451486.7,,5490,114329.88,,20,824.09,,4074,356330.61,,2044,210310.06,,2430,261718.63,,3688,304922.04,63,528.61,1287,25,1.0297482837529,0,0,0,0,0,47,490.26,38,,0,0,,0,74.824742268041,15,281,227,59,287,295,98,28,398,16,0,42,199,383,0.96094334649602
1003992074,Ceka,Bari,F,M.D.,I,7098 Amboy Road,,Staten Island,NY,36,10307,1,"Metropolitan area core: primary flow within an urbanized area of 50,000 and greater",US,Internal Medicine,S,2093,4830.8666666667,148053.01,140773,588,,1970,4597.8333333333,145018.93,134116,,546,"#",,,,1823,36537.06,*,,,,1166,77160.37,,927,70892.64,,601,37641.89,,1492,110411.12,0,0,0,0,0,0,0,0,0,,51,442.08,48,*,,,*,,73.528911564626,42,277,228,41,323,265,511,,,14,0,57,152,436,0.90807321663468
1013010107,Zaso,John,R,DO,I,611 Merrick Ave,,East Meadow,NY,36,11554,1,"Metropolitan area core: primary flow within an urbanized area of 50,000 and greater",US,Pediatric Medicine,S,34,36,5748.26,219,26,,34,36,5748.26,219,,26,,31,5656.13,*,,,"#",,,*,,,"#",,,*,,,"#",,,0,0,0,0,0,0,0,0,0,,,,,,0,0,,0,75.269230769231,0,17,,,,,22,0,0,,0,,,,1.0275769230769
1013019454,Bhagat,Anjni,,MD,I,5 Clay St,,Malone,NY,36,12953,4,"Micropolitan area core: primary flow within an urban cluster of 10,000 to 49,999",US,Internal Medicine,S,18994,49492.3,2873388.96,1463992,902,,18158,47413.766666667,2770253.62,1402819,,859,,2810,2333008.36,,16077,530009.12,,107,10371.48,,7902,1176259.03,,11092,1697129.93,,3260,592070.73,,15734,2281318.23,134,11845.11,3123,36,0.70548594292935,15,9654.34,396,,11.194029850746,474,68649.14,270,,47,3133.02,,16,75.59866962306,43,397,320,142,524,378,865,,,,,26,122,780,1.1891788586145
1013026277,Gadee,Faraj,,MD,I,1503 Gravesend Neck Rd,,Brooklyn,NY,36,11229,1,"Metropolitan area core: primary flow within an urbanized area of 50,000 and greater",US,Internal Medicine,S,4410,6149,515057.65,182064,182,,3105,4340.5666666667,320496.09,128543,,106,,922,457055.3,,3286,50333.71,,202,7668.64,,2726,370422.01,,1684,144635.64,,4093,481406.76,,317,33650.89,0,0,0,0,0,0,0,0,0,,21,6030.91,,*,,,*,,64.258241758242,76,78,,,78,104,25,73,,72,,,155,27,1.3753250110464
1013026665,Yoon,Julie,E,MD,I,300 White Spruce Blvd,Suite 100,Rochester,NY,36,14623,1,"Metropolitan area core: primary flow within an urbanized area of 50,000 and greater",US,Internal Medicine,S,3843,9345.2,267715.18,274256,323,,3609,8846.9333333333,256955.56,259778,,306,,358,167158.25,,3464,99415.49,,21,1141.44,,3089,193309.77,,754,74405.41,,571,55823.03,,3272,211892.15,122,7563.57,3393,22,3.1746031746032,19,1697.55,570,,15.573770491803,125,2208.95,78,,37,894.67,*,,74.452012383901,17,166,96,44,241,82,276,18,12,,,14,29,294,1.0759763836646
1013077486,Mathew,Bindu,N,MD,I,14 Church St,Suite 200,Ossining,NY,36,10562,1,"Metropolitan area core: primary flow within an urbanized area of 50,000 and greater",US,Family Practice,S,6076,12374,403240.49,357973,502,,5793,11906.066666667,385395.49,344580,,474,,782,267597.38,,5266,133222.24,,28,2420.87,,2079,121863.75,,3997,281376.74,,1853,116900.76,,4223,286339.73,111,3132.53,2351,34,1.8268597761685,,,,,,109,1671.08,88,,58,3012.99,,15,76.233067729084,28,206,160,108,389,113,402,58,,20,,12,94,408,1.1605738400049
1013079011,Khanderia,Vikrant,,MD,I,154 W 71st St,,New York,NY,36,10023,1,"Metropolitan area core: primary flow within an urbanized area of 50,000 and greater",US,Family Practice,S,4602,10086.033333333,245113.28,297395,433,,4246,9483.7,225073.76,280072,,405,,488,159730.01,,4076,83076.41,,38,2306.86,,3328,186347.73,,1274,58765.55,,1248,72171.59,,3354,172941.69,76,1531.56,1650,17,1.651455888744,0,0,0,0,0,22,117.39,20,*,,,*,,75.214780600462,28,185,154,66,258,175,116,203,12,83,0,19,100,333,1.1688863870518
1013082254,Grabowski,Dariusz,,M.D.,I,934 Manhattan Ave,,Brooklyn,NY,36,11222,1,"Metropolitan area core: primary flow within an urbanized area of 50,000 and greater",US,Internal Medicine,S,13617,22395.6,1719588.67,653390,474,,12080,20345.833333333,1458113.9,594448,,436,,2897,1502091.48,,10660,215990.81,,60,1506.38,,8660,1042773.82,,4957,676814.85,,9698,1270238.01,,3919,449350.66,,,,,,,,,,,322,7808.64,149,,51,1517.11,,15,72.736286919831,38,269,124,43,240,234,385,,,34,0,45,277,197,1.2812634286163
1013105949,Boggs,Laura,E,DO,I,53-59 Public Square,Suite 301,Watertown,NY,36,13601,1,"Metropolitan area core: primary flow within an urbanized area of 50,000 and greater",US,Internal Medicine,S,11173,18358.966666667,964396.28,521755,755,,10135,16826.6,852975.7,479014,,705,,1808,775900.82,,9294,182333.47,,71,6161.99,,4662,392284.47,,6511,572111.81,,5003,463663.4,,6170,500732.88,48,1072.41,997,28,0.42960708851696,,,,,,163,25911.82,102,,88,12348.14,,18,77.04238410596,50,270,259,176,455,300,718,,,,0,28,249,506,1.431208313275
1013160589,Bleier,Ava,,,I,341 Commack Rd,,Commack,NY,36,11725,1,"Metropolitan area core: primary flow within an urbanized area of 50,000 and greater",US,Pharmacist,T,47,47,7788.71,47,38,"#",,,,,"#",,,47,7788.71,,0,0,,0,0,*,,,"#",,,,0,0,,47,7788.71,0,0,0,0,0,0,0,0,0,,0,0,0,*,,,*,,73.605263157895,,,,,16,22,31,,0,0,0,,0,38,0.75928947368421
1013230077,Landi,Philip,G,RPH,I,2474 Bailey Ave,,Buffalo,NY,36,14215,1,"Metropolitan area core: primary flow within an urbanized area of 50,000 and greater",US,Pharmacist,T,42,42,6789.48,42,39,"#",,,,,"#",,,42,6789.48,,0,0,,0,0,,12,1944.84,,30,4844.64,*,,,"#",,,0,0,0,0,0,0,0,0,0,,0,0,0,*,,,*,,71.333333333333,,,,,24,15,36,,0,,0,0,,,0.80589743589744
1013274638,Nichols,Kellyrose,M,D.O.,I,8745 Lake Street Rd,,Le Roy,NY,36,14482,3,"Metropolitan area low commuting: primary flow 10% to <30% to a urbanized area of 50,000 and greater",US,Family Practice,S,9831,18778.5,725843.15,542904,846,,7893,15785.266666667,570380.69,457845,,740,,1234,503887.6,,8527,218839.65,,70,3115.9,,7271,511924.37,,2560,213918.78,,2773,286058.64,,7058,439784.51,449,34749.04,10725,102,4.5671854338318,63,21088.06,1774,11,14.031180400891,296,3203.83,164,,69,1218.49,,16,72.77304964539,106,377,264,99,535,311,803,,,,,24,136,710,1.1000879720581
1013368885,Than,Swe,,"M.D.,PH.D",I,6018 Madison St,,Ridgewood,NY,36,11385,1,"Metropolitan area core: primary flow within an urbanized area of 50,000 and greater",US,Internal Medicine,S,8661,17345.066666667,542809.68,500121,780,,6663,13740.533333333,425122.27,397687,,635,,874,352134.66,,7744,188076.06,,43,2598.96,,1863,111227.4,,6798,431582.28,,4350,305452.61,,4311,237357.07,803,22118.6,20277,178,9.2714467151599,34,3659.37,983,,4.2341220423412,129,1967.93,87,,26,539.65,*,,71.584615384615,145,328,216,91,591,189,517,36,31,177,,,298,482,1.2937578933128
1013461565,Kubik,Jason,,PHARMD,I,3d Fulham Rd,,Clifton Park,NY,36,12065,1,"Metropolitan area core: primary flow within an urbanized area of 50,000 and greater",US,Pharmacist,T,49,50,7763.51,137,39,"#",,,,,"#",,,49,7763.51,,0,0,,0,0,,19,3035.04,,30,4728.47,*,,,"#",,,0,0,0,0,0,0,0,0,0,,0,0,0,*,,,*,,73.923076923077,,,,,23,16,35,,0,,0,0,,,0.96623076923077
1013948314,Xu,Min,,MD,I,227 Madison St,,New York,NY,36,10002,1,"Metropolitan area core: primary flow within an urbanized area of 50,000 and greater",US,Internal Medicine,S,5228,9606,595885.1,284411,298,"#",,,,,"#",,,725,508584.99,,4390,85856.55,,113,1443.56,,4898,551399.27,,330,44485.83,,4986,560518.87,,242,35366.23,0,0,0,0,0,0,0,0,0,,24,297.76,21,*,,,*,,71.654362416107,,,,,149,149,,0,284,,0,,267,31,0.88846476510067
1013984392,Burack,Jedidiah,,MD,I,55 Greene Ave,,Brooklyn,NY,36,11238,1,"Metropolitan area core: primary flow within an urbanized area of 50,000 and greater",US,Internal Medicine,S,5760,7655.3,2005204.28,222774,258,,3697,5279.8333333333,779276.3,154917,,192,,1418,1822544.57,,4237,179757.61,,105,2902.1,,3531,1243251.26,,2229,761953.02,,3614,1537883.54,,2146,467320.74,67,1554.03,1703,14,1.1631944444444,12,1148.98,360,,17.910447761194,77,3390.84,43,,31,788.07,*,,69.953488372093,66,108,63,21,149,109,56,160,,27,,11,128,130,1.6075422603456
1013986256,Carreras-Suchanick,Helen,,D.O.,I,19 Lake Shore Dr W,,Dunkirk,NY,36,14048,4,"Micropolitan area core: primary flow within an urban cluster of 10,000 to 49,999",US,Family Practice,S,5471,12835.3,850708.06,378330,295,,4968,11697.033333333,719199.8,344900,,269,,1074,724919.51,,4352,121947.24,,45,3841.31,,3559,517656.91,,1912,333051.15,,1069,282521.29,,4402,568186.77,70,1828.03,1747,18,1.2794735880095,,,,,,75,982.96,53,,0,0,,0,72.769491525424,26,159,76,34,231,64,272,,0,17,0,,42,253,1.065567843323
1023028354,Fariwa,Victor,,MD,I,2153 E 3rd St,,Brooklyn,NY,36,11223,1,"Metropolitan area core: primary flow within an urbanized area of 50,000 and greater",US,Internal Medicine,S,28519,35630.433333333,2774066.61,950626,1357,,25703,32448.166666667,2493749.88,867161,,1276,,5042,2104989.38,,23364,661996.02,,113,7081.21,,9595,881083.51,,18924,1892983.1,,20322,2133300.01,,8197,640766.6,410,2517.26,6546,193,1.4376380658508,17,1153.92,455,,4.1463414634146,2815,87367.24,1014,,69,10289.74,,18,74.310243183493,81,646,441,189,701,656,1137,,59,53,,100,586,771,1.1123970603645
1023052065,Ferris,Lori,,M.D.,I,3350 Brown Rd,,Caledonia,NY,36,14423,2,"Metropolitan area high commuting: primary flow 30% or more to a urbanized area of 50,000 and greater",US,Family Practice,S,8222,15706.766666667,489961.34,461878,425,,7151,14041.9,431154.13,413339,,374,,773,339427.33,,7394,147195.44,,55,3338.57,,6695,398730.05,,1527,91231.29,,1198,88383.81,,7024,401577.53,130,1922.42,3165,27,1.5811238141571,,,,,,137,1860.6,69,,49,862.27,,12,72.244705882353,51,224,98,52,269,156,408,,0,,0,11,52,373,0.90026215686275
1023113610,Chen,Haifan,,"M.D., D.O.",I,3808 Union St Ste 3l,,Flushing,NY,36,11354,1,"Metropolitan area core: primary flow within an urbanized area of 50,000 and greater",US,Family Practice,S,8922,13240.166666667,1710474.4,386322,516,,8681,12879.166666667,1664257.58,376067,,496,,1971,1533048.31,,6843,173828.42,,108,3597.67,,7862,1577733.43,,1060,132740.97,,8159,1652258.27,,763,58216.13,29,592.48,412,16,0.32503922887245,,,,,,111,142680.89,68,,54,832.42,,14,73.627906976744,20,312,119,65,302,214,,,482,13,0,,423,93,1.1671579116496
1023186061,Smith,Brian,K,MD,I,8324 Oswego Rd,Ste D,Liverpool,NY,36,13090,1,"Metropolitan area core: primary flow within an urbanized area of 50,000 and greater",US,Family Practice,S,8951,19974.766666667,1035451.06,578784,785,,8244,18617.066666667,996685.39,540329,,728,,1143,832112.68,,7707,199289.75,,101,4048.63,,5971,536600.77,,2980,498850.29,,1147,99084.66,,7804,936366.4,293,8275.49,7730,66,3.273377276282,,,,,,349,8451.22,243,,22,342.2,*,,73.08152866242,57,404,243,81,438,347,731,15,,,0,31,57,728,1.0486520700637
1023331485,Nealis,William,S,RPH,I,4295 Katonah Ave,,Bronx,NY,36,10470,1,"Metropolitan area core: primary flow within an urbanized area of 50,000 and greater",US,Pharmacist,T,15,15,2691.49,15,11,,15,15,2691.49,15,,11,,15,2691.49,,0,0,,0,0,*,,,"#",,,*,,,"#",,,0,0,0,0,0,0,0,0,0,,0,0,0,,0,0,,0,76.181818181818,0,,,,,,11,0,0,0,0,0,,,0.98409090909091
1023348364,Cai,Renee,R,M.D.,I,227 Madison St,,New York,NY,36,10002,1,"Metropolitan area core: primary flow within an urbanized area of 50,000 and greater",US,Family Practice,S,5520,8891.8,869362.79,258490,158,,5365,8616.4666666667,841169.4,250346,"#",,,1152,701775.5,,4294,166496.66,,74,1090.63,,4818,742627.33,,702,126735.46,,5244,858218.22,,276,11144.57,,,,,,,,,,,129,1544.23,67,,0,0,*,,72.493670886076,,,,,86,72,,0,154,,0,,137,21,0.88685126582278
1023356623,Kosakyan,Tina,,,I,234 E 149th St,,Bronx,NY,36,10451,1,"Metropolitan area core: primary flow within an urbanized area of 50,000 and greater",US,Internal Medicine,S,4610,11576,181639.97,339410,826,,4401,11066.733333333,174225.2,324716,,784,,400,98460.21,,4176,82389.779999999,,34,789.98,,4582,178918.05,,28,2721.92,,289,9572.15,,4321,172067.82,227,4536.4,5195,76,4.9240780911063,16,858.82,480,,7.0484581497797,47,498.83,39,,19,420.77,*,,73.732445520581,42,449,251,84,537,289,648,,23,125,,18,52,774,1.0505361728727
1023373602,Prevost,Sandra,J,FNP,I,1729 Burrstone Rd,,New Hartford,NY,36,13413,1,"Metropolitan area core: primary flow within an urbanized area of 50,000 and greater",US,Nurse Practitioner,S,1126,1150,200399.94,6168,851,,1031,1054,183319.92,5927,,778,,1122,200367.83,*,,,"#",,,,692,124266.83,,434,76133.11,,189,35212.61,,937,165187.33,0,0,0,0,0,0,0,0,0,,0,0,0,,0,0,,0,72.251468860165,73,482,248,48,467,384,807,,,,,35,121,730,0.85401327203962
1023413747,Chen,Zu,Y,D.O,I,13739 45th Ave,,Flushing,NY,36,11355,1,"Metropolitan area core: primary flow within an urbanized area of 50,000 and greater",US,Family Practice,S,5623,7224.7333333333,865466.58,209592,405,,5398,6936.7333333333,823144.44,201256,,380,,1324,780797.3,,4233,82761.53,,66,1907.75,,5175,806726.15,,448,58740.43,,5058,809913.48,,565,55553.1,,,,,,,,,,,64,893.35,53,,36,657.56,*,,72.271604938272,25,259,82,39,226,179,,,384,,0,,345,60,1.0544174551812
1033154315,Weisbrod,Leslie,S,M.D.,I,1900 Empire Blvd,Ste 100,Webster,NY,36,14580,1,"Metropolitan area core: primary flow within an urbanized area of 50,000 and greater",US,Family Practice,S,10047,20631,571580.36,602802,705,,8947,19082.333333333,523424.79,559413,,649,,994,378410.61,,8953,189584.19,,100,3585.56,,8508,490962.28,,1539,80618.08,,1301,86621.98,,8746,484958.38,308,6168.09,5830,49,3.0655917189211,17,268.01,510,,5.5194805194805,217,3316.91,117,,57,877.5,*,,74.093617021277,56,322,232,95,373,332,650,,,,0,31,72,633,0.89825491215394
1033165345,Lau,On,H,M.D.,I,139 Centre Street,"#604",New York,NY,36,10013,1,"Metropolitan area core: primary flow within an urbanized area of 50,000 and greater",US,Internal Medicine,S,15717,30626.133333333,2050566.94,904316,498,,15500,30139.5,2019992.95,889882,,485,,2766,1595982.08,,12704,446834.72,,247,7750.14,,13682,1777520.39,,2035,273046.55,,13833,1898287.65,,1884,152279.29,12,114.6,256,,0.076350448558885,0,0,0,,0,237,3016.31,135,,206,3028.45,,56,74.592369477912,13,289,131,65,270,228,0,0,484,,0,,374,124,1.3550124007231
1033172143,Huang,Huajun,,M.D.,I,13338 41st Rd Ste C02,,Flushing,NY,36,11355,1,"Metropolitan area core: primary flow within an urbanized area of 50,000 and greater",US,Internal Medicine,S,10974,18005.966666667,1260430.37,534612,435,,10585,17425.066666667,1163548.79,517649,,416,,1851,1088778,,8767,155321.62,,356,16330.75,,10094,1185629.76,,880,74800.61,,9821,1127949.81,,1153,132480.56,,,,,,,,,,,62,434.97,39,,0,0,,0,73.147126436782,19,257,128,31,215,220,19,12,298,90,0,16,339,96,1.0483729680822
1033201959,Schierer,Calvin,L,DO,I,5596 Route 19a,,Castile,NY,36,14427,10,"Rural areas: primary flow to a tract outside a urbanized area of 50,000 and greater or UC",US,Family Practice,S,4138,9047.5333333333,285316.96,264835,333,,3646,8335.4333333333,255017.14,244967,,296,,492,201538.3,,3608,82190.99,,38,1587.67,,2758,211041.62,,1380,74275.34,,1002,71520.84,,3136,213796.12,134,14679.47,3491,24,3.2382793620106,12,11139.26,336,,8.955223880597,79,1620.33,46,,0,0,,0,74.012012012012,37,131,118,47,167,166,317,0,0,,,13,53,280,1.1003970549438
1033205117,Plokamakis,Michael,,M.D.,I,2597 38th Street,,Astoria,NY,36,11103,1,"Metropolitan area core: primary flow within an urbanized area of 50,000 and greater",US,Internal Medicine,S,16728,36472.9,1836194.01,1060559,1151,,15595,34198.4,1640012.97,995842,,1068,,2799,1493366.56,,13769,334729.04,,160,8098.41,,11130,1154533.09,,5598,681660.92,,9963,1275453.82,,6765,560740.19,83,512.11,1819,27,0.49617407938785,0,0,0,0,0,500,9134.55,284,,96,5175.03,,22,75.069504778454,83,479,411,178,612,539,952,17,27,125,0,30,538,613,1.202654888774
1033214317,Qureshi,Pervaiz,I,MD,I,1921 Fulton St,,Brooklyn,NY,36,11233,1,"Metropolitan area core: primary flow within an urbanized area of 50,000 and greater",US,Internal Medicine,S,1568,2869.6333333333,242179.99,83641,111,,1194,2399.1333333333,190535.77,70241,,89,,373,217305.57,,1109,22905,,86,1969.42,,1366,224777.73,,202,17402.26,,1379,225719.42,,189,16460.57,,,,,,,,,,,29,262.12,19,*,,,*,,70.333333333333,22,53,,,66,45,,76,11,,0,,73,38,1.0480534534196
1033222468,Shivdasani,Shyam,C,M.D.,I,140 Lockwood Ave,Suite 216,New Rochelle,NY,36,10801,1,"Metropolitan area core: primary flow within an urbanized area of 50,000 and greater",US,Internal Medicine,S,8777,19887.166666667,1098434.21,572451,590,,8082,18551.366666667,983586.52,535474,,536,,1419,879658.17,,7231,209786.9,,127,8989.14,,3356,393296,,5421,705138.21,,2461,425958.58,,6316,672475.63,56,923.56,1107,19,0.63803121795602,0,0,0,0,0,490,7420.5,267,,13,294.32,*,,72.728813559322,54,319,168,49,352,238,195,216,58,97,,,118,472,1.0519752174592
1033222831,Liang,Weining,W,MD,I,133 02 41st Ave,,Flushing,NY,36,11355,1,"Metropolitan area core: primary flow within an urbanized area of 50,000 and greater",US,Internal Medicine,S,22324,25868.433333333,3770945.34,752267,476,,21469,24818.633333333,3617388.97,722056,,440,,5240,3070730.48,,16701,686456.03,,383,13758.83,,18346,3331544.24,,3978,439401.1,,20759,3662367.98,,1565,108577.36,25,559.45,658,,0.11198709908619,0,0,0,,0,307,4012.12,177,,22,409.26,*,,72.138655462185,36,284,114,42,200,276,45,29,364,28,,,370,106,1.0331410104739
1033224738,Kaplan,Philip,,MD,I,115 Fairgrounds Drive,,Manlius,NY,36,13104,1,"Metropolitan area core: primary flow within an urbanized area of 50,000 and greater",US,Family Practice,S,1521,3195.6666666667,104310.39,89286,412,,1456,3064.6666666667,101435.01,85683,,395,"#",,,,1225,26462.11,*,,,,986,74122.68,,535,30187.71,,195,20567.87,,1326,83742.52,11,124.61,225,11,0.72320841551611,0,0,0,0,0,84,1114.27,54,,0,0,,0,75.291262135922,17,187,148,60,236,176,387,,,,0,17,30,382,0.86720419507077
1033343173,Spillman,Sarah,H,DO,I,2780 Delaware Ave,Suite 201,Kenmore,NY,36,14217,1,"Metropolitan area core: primary flow within an urbanized area of 50,000 and greater",US,Family Practice,S,6309,13751.166666667,557637.19,403858,583,,5910,13017.1,529691.32,382541,,539,,967,434881.73,,5303,120352.47,,39,2402.99,,4872,372248.52,,1437,185388.67,,1063,99805.35,,5246,457831.84,127,1886.61,3299,33,2.0129973054367,,,,,,72,546.75,52,,17,278.87,*,,74.319039451115,44,284,159,96,447,136,527,30,,15,0,,77,506,1.1174601413277
1033378161,Mariwalla,Nitin,R,"MD, MPH, MS",I,1175 Montauk Hwy,Ste 3,West Islip,NY,36,11795,1,"Metropolitan area core: primary flow within an urbanized area of 50,000 and greater",US,Neurosurgery,S,80,82,2836.85,1179,44,"#",,,,,"#",,,14,2310.87,,66,525.98,,0,0,,15,621.41,,65,2215.44,,20,764.73,,60,2072.12,16,80.69,104,11,20,0,0,0,0,0,,,,*,,,*,,73.931818181818,,,,,26,18,35,,,,0,,,,1.1205606060606
1033648662,Ripon,Sultan,,MD,I,37 W Garden St Ste 201,,Auburn,NY,36,13021,4,"Micropolitan area core: primary flow within an urban cluster of 10,000 to 49,999",US,Family Practice,S,2948,4435.1666666667,247960.97,126090,332,,1938,3028.6,146739.13,86368,,238,"#",,,,2431,38904.17,*,,,,1902,154807.72,,1046,93153.25,,1748,181377.63,,1200,66583.34,20,787.42,353,19,0.67842605156038,,,,,,111,1136.18,76,,25,478.7,*,,68.385542168675,94,136,72,30,198,134,303,13,,,,,146,186,1.4703343373494
1033723283,Li,Christine,C,,I,13329 41st Rd Ste 1b,,Flushing,NY,36,11355,1,"Metropolitan area core: primary flow within an urbanized area of 50,000 and greater",US,Nurse Practitioner,S,1549,1741.3,173949.73,49766,101,,1538,1730.3,173790.21,49517,"#",,,359,149463.99,,1137,23053.24,,53,1432.5,,1370,148448.13,,179,25501.6,,1513,173646.04,,36,303.69,0,0,0,0,0,0,0,0,0,,22,298.49,18,*,,,*,,71.70297029703,,,,,57,44,0,0,98,,0,,,,0.905
1043222755,Digiovanna,Michael,J,D.O.,I,1061 N Broadway,,North Massapequa,NY,36,11758,1,"Metropolitan area core: primary flow within an urbanized area of 50,000 and greater",US,Internal Medicine,S,4326,10047.333333333,994948,294209,428,,3530,8300.4333333333,861927.32,243321,,361,,893,884383.23,,3373,107559.55,,60,3005.22,,1561,411194.89,,2765,583753.11,,1142,379974.93,,3184,614973.07,83,1371.43,1654,20,1.918631530282,,,,,,92,5860.83,61,,30,6691.15,*,,73.165887850467,67,185,107,69,231,197,379,16,,16,,11,75,353,1.2587773455261
1043238629,Garner,Jennifer,,MD,I,550 1st Ave,,New York,NY,36,10016,1,"Metropolitan area core: primary flow within an urbanized area of 50,000 and greater",US,Emergency Medicine,S,156,183,4819.98,2601,113,,133,160,4493.63,2365,,96,,33,3397.88,,123,1422.1,,0,0,"#",,,*,,,,29,437.54,,127,4382.44,16,106.2,45,15,10.25641025641,0,0,0,0,0,54,524.79,52,,0,0,,0,71.663716814159,17,56,,,65,48,88,12,,,0,,20,93,1.2173035562062
1043239528,Fang,Chixin,,M.D.,I,"730 58th St # 1a",,Brooklyn,NY,36,11220,1,"Metropolitan area core: primary flow within an urbanized area of 50,000 and greater",US,Internal Medicine,S,2132,2557.8333333333,292065.42,73837,184,,2055,2465.1333333333,268321.98,71385,"#",,,487,250107.62,,1618,41169.53,,27,788.27,,1676,227958.88,,456,64106.54,,2082,266415.19,,50,25650.23,,,,,,,,,,,35,406.36,28,*,,,*,,70.548913043478,,,,,99,85,,,175,,0,,,,0.95013949275362
1043249378,Ryan,Gregory,J,M.D.,I,1900 Empire Blvd,Suite 100,Webster,NY,36,14580,1,"Metropolitan area core: primary flow within an urbanized area of 50,000 and greater",US,Family Practice,S,7421,17104.933333333,552405.02,498925,534,,6749,15898.9,501545.71,464690,,483,,813,380263.8,,6560,170488.79,,48,1652.43,,5925,412765.33,,1496,139639.69,,1375,119798.82,,6046,432606.2,164,4961.28,3624,35,2.2099447513812,11,387.94,330,,6.7073170731707,176,2609.64,92,,30,1593.38,*,,73.2265917603,51,255,162,66,275,259,480,,,13,,25,76,458,0.9440347268828
1043301575,Bennett,Aida,V,MD,I,355 Bard Ave,Medicine,Staten Island,NY,36,10310,1,"Metropolitan area core: primary flow within an urbanized area of 50,000 and greater",US,Internal Medicine,S,572,572,32127.16,13823,46,,205,205,7815.46,4683,,13,,77,26746.59,,495,5380.57,,0,0,,147,10180.78,,425,21946.38,,540,31041.85,,32,1085.31,0,0,0,0,0,0,0,0,0,,,,,,0,0,,0,55.413043478261,33,11,,,22,24,21,,,,,,,,1.6196775362319
1043319973,Kuo,Tina,M,,I,42-02 Kissena Blvd.,"#1a",Flushing,NY,36,11355,1,"Metropolitan area core: primary flow within an urbanized area of 50,000 and greater",US,Internal Medicine,S,5196,8548.9666666667,503066.37,251791,354,,5123,8453.8,500396.41,249151,"#",,,797,421089.94,,4247,76635.76,,152,5340.67,,4526,454997.23,,670,48069.14,,4571,461189.99,,625,41876.38,,,,,,,,,,,34,331.26,30,*,,,*,,72.901129943503,,,,,213,141,,,331,,0,,277,77,1.0026345999917
1043381056,Sydney,Elana,,,I,1400 Pelham Pkwy S,,Bronx,NY,36,10461,1,"Metropolitan area core: primary flow within an urbanized area of 50,000 and greater",US,Internal Medicine,S,5014,9884.1333333333,642219.31,292149,427,,4375,8734.3666666667,549919.76,258451,,363,,1000,529391.2,,3798,105118.04,,216,7710.07,,4041,512939.53,,973,129279.78,,4453,609343.74,,561,32875.57,24,1087.47,489,,0.47865975269246,,,,,,18,275.76,12,*,,,*,,72.67681498829,64,180,142,41,274,153,51,135,24,192,,,320,107,1.4318919199679
1043410897,Chow,Desiree,,MD,I,10 Union Sq E,Suite 3g,New York,NY,36,10003,1,"Metropolitan area core: primary flow within an urbanized area of 50,000 and greater",US,Internal Medicine,S,10090,18906.866666667,1366957.81,553898,1045,,8376,16201.166666667,1104662.15,475170,,853,,1979,1102809.75,,7913,255443.57,,198,8704.49,,7571,998666.17,,2519,368291.64,,7943,1166613.98,,2147,200343.83,180,43406.25,4222,27,1.7839444995045,25,2274.96,750,,13.888888888889,42,529.85,35,,15,728.34,*,,71.237320574163,192,458,320,75,724,321,179,171,49,626,,,795,250,1.3272969447861
1043449127,Rosato,Elizabeth,A,M.D.,I,4417 Vestal Parkway East,,Vestal,NY,36,13850,1,"Metropolitan area core: primary flow within an urbanized area of 50,000 and greater",US,Family Practice,S,4880,11318.2,257507.66,333847,453,,4417,10453.866666667,238718.88,308576,,410,"#",,,,4450,93962.39,*,,,,2076,95375.17,,2804,162132.49,,1045,55309.08,,3835,202198.58,49,744.62,1064,25,1.0040983606557,0,0,0,0,0,58,1079.21,42,*,,,*,,73.746136865342,43,205,138,67,347,106,420,,,,0,14,72,381,0.93521906374915
1043466709,Locke,Elizabeth,A,MD,I,713 Troy Schenectady Rd,Suite 224,Latham,NY,36,12110,1,"Metropolitan area core: primary flow within an urbanized area of 50,000 and greater",US,Family Practice,S,4768,12024.3,511801.04,356435,422,,4338,11238.7,457069.3,333445,,386,,631,422995.19,,4114,87415.3,,23,1390.55,,3346,348417.54,,1422,163383.5,,670,84861.41,,4098,426939.63,43,538.04,864,,0.90184563758389,13,360.44,347,,30.232558139535,18,165.38,12,,15,280.34,*,,73.099526066351,36,216,132,38,307,115,376,,,,0,24,43,379,0.97642914822325
1043503246,Kessler,Jonathan,D,M.D.,I,2914 Elmwood Ave,,Kenmore,NY,36,14217,1,"Metropolitan area core: primary flow within an urbanized area of 50,000 and greater",US,Family Practice,S,7743,17718.133333333,665698.78,509483,607,,7339,16986.433333333,634491.35,489302,,572,,1181,505628.68,,6503,157014.87,,59,3055.23,,5854,472209.14,,1889,193489.64,,914,75058.72,,6829,590640.06,129,1999.9,2194,59,1.6660209221232,,,,,,252,8144.79,154,,76,3101.06,,23,74.775947281713,35,280,197,95,312,295,563,11,,,0,22,52,555,1.0730052412417
1043543069,Ren,Lili,,M.D.,I,13421 Maple Ave Fl 1,,Flushing,NY,36,11355,1,"Metropolitan area core: primary flow within an urbanized area of 50,000 and greater",US,Internal Medicine,S,15316,17640.933333333,1449135,518380,308,,15031,17289.933333333,1404366.26,508258,"#",,,2221,1181550.1,,12879,262212.77,,216,5372.13,,14434,1294078.12,,882,155056.88,,14688,1412231.8,,628,36903.2,,,,,,,,,,,91,2787.71,52,,122,1270.98,*,,70.717532467532,,,,,162,146,,,285,,0,13,275,33,0.85664637445887
1043622814,Huang,Kaijun,,M.D.,I,81 Elizabeth St Ste 501,,New York,NY,36,10013,1,"Metropolitan area core: primary flow within an urbanized area of 50,000 and greater",US,Internal Medicine,S,5930,9770.4333333333,818208.5,287191,492,,5739,9443.1,792631.7,277605,,471,,1267,703514.76,,4621,113806.55,,42,887.19,,5194,724113.56,,736,94094.94,,5349,783535,,581,34673.5,,,,,,,,,,,40,269.38,32,*,,,*,,73.626016260163,21,283,133,55,290,202,,,462,,0,13,423,69,1.0634646977176
1043671530,Jackson,Sandy,A,,I,14 Center St,,Cuba,NY,36,14727,10,"Rural areas: primary flow to a tract outside a urbanized area of 50,000 and greater or UC",US,Nurse Practitioner,S,6458,11388.066666667,911169.76,326790,371,,4052,7870.5666666667,440900.69,228070,,275,,1018,779242.63,,5384,129159.32,,56,2767.81,,3668,644480.47,,2790,266689.29,,3333,657565.89,,3125,253603.87,182,8070.83,4328,31,2.8182099721276,12,5131.2,360,,6.5934065934066,277,2212.81,137,*,,,*,,67.398921832884,96,184,72,19,229,142,360,0,0,,0,,132,239,1.0020905964568
1043672298,De Jesus,Sasha,,MD,I,408 W 14th St Ste 201,,New York,NY,36,10014,1,"Metropolitan area core: primary flow within an urbanized area of 50,000 and greater",US,Internal Medicine,S,1511,3515.2333333333,139010.67,102503,285,,1434,3390.2,130819.55,98955,,268,,209,94042.74,,1283,43422.69,,19,1545.24,,1112,101970.58,,399,37040.09,,352,33963.35,,1159,105047.32,14,121.05,195,,0.92653871608206,0,0,0,,0,39,388.05,31,,0,0,,0,75.8,17,117,109,42,171,114,103,112,,49,,11,65,220,0.97560233918129
1043809031,Chung,William,,FNP,I,2041 86th St,,Brooklyn,NY,36,11214,1,"Metropolitan area core: primary flow within an urbanized area of 50,000 and greater",US,Nurse Practitioner,S,4342,5257.7,665635.06,152205,462,,4242,5145.7,657338.52,148961,,449,,1065,570365.2,,3225,93681.3,,52,1588.56,,3988,614073.34,,354,51561.72,,4254,663039.1,,88,2595.96,0,0,0,0,0,0,0,0,0,,54,490.46,49,,12,105.26,*,,72.850649350649,13,301,105,43,234,228,,0,450,,0,,436,26,0.94149625986064
1043821424,King,Megan,,FNP-BC,I,214 State St,,Schenectady,NY,36,12305,1,"Metropolitan area core: primary flow within an urbanized area of 50,000 and greater",US,Nurse Practitioner,S,5057,5525.5666666667,330488.17,153642,264,,1923,2080.3333333333,125757.3,58695,,82,,531,219200.55,,4487,109629.13,,39,1658.49,,496,31163.83,,4561,299324.34,,5002,330343.72,,55,144.45,,,,,,,,,,,110,2376.38,55,,21,1251.3,*,,56.784090909091,182,51,31,0,113,151,224,24,,,0,,,,1.1592181186869
1053325407,Li,Paul,X,MD,I,13336 41st Rd Ste 1,,Flushing,NY,36,11355,1,"Metropolitan area core: primary flow within an urbanized area of 50,000 and greater",US,Family Practice,S,23061,27131.266666667,3331474.82,787966,525,,22695,26706.033333333,3272285.36,775793,,512,,5732,2915602.23,,16869,398647.4,,460,17225.19,,19792,2792153.37,,3269,539321.45,,21862,3274650.19,,1199,56824.63,55,470.97,483,32,0.23849789688218,0,0,0,0,0,464,5948.1,218,,146,3036.67,,20,75.133333333333,13,258,174,80,282,243,,,498,12,0,,426,99,1.0294654045535
1053343053,Gad,Dina,,MD,I,123 W 86th St,,New York,NY,36,10024,1,"Metropolitan area core: primary flow within an urbanized area of 50,000 and greater",US,Internal Medicine,S,3084,5675,308444.07,165672,195,,2845,5303.2,279787.03,154887,,178,,512,245069.53,,2543,57433.7,,29,5940.84,,1878,179455.65,,1206,128988.42,,1602,203845.03,,1482,104599.04,18,108.21,112,,0.58365758754864,0,0,0,,0,36,465.59,20,,0,0,,0,74.466666666667,17,84,70,24,154,41,79,38,,60,0,,72,123,1.2657837439876
1053348599,Siepel,Timothy,V,MD,I,8912 Hebdon Rd,,West Valley,NY,36,14171,2,"Metropolitan area high commuting: primary flow 30% or more to a urbanized area of 50,000 and greater",US,Family Practice,S,6552,9860.8333333333,502060.14,280771,308,,5476,8458.1666666667,413104.19,240229,,266,,998,365751.37,,5506,133408.92,,48,2899.85,,4801,346625.12,,1751,155435.02,,2532,229597.01,,4020,272463.13,502,40156.26,14066,56,7.6617826617827,169,30733.74,4592,17,33.665338645418,128,2098.21,52,,15,256.83,*,,72.321428571429,42,142,84,40,138,170,288,,0,,0,18,76,232,1.0622072899622
1053379420,Obrien,Edward,P,MD,I,300 Center Rd,,West Seneca,NY,36,14224,1,"Metropolitan area core: primary flow within an urbanized area of 50,000 and greater",US,Internal Medicine,S,8049,15268.033333333,806315.64,432428,506,,6206,12425.566666667,577065.94,354203,,420,,1338,618862.43,,6698,187170.35,,13,282.86,,5723,562772.33,,2326,243543.31,,2220,239570.61,,5829,566745.03,239,4475.37,4383,43,2.9693129581314,,,,,,322,6454.82,145,,11,165.37,*,,73.826086956522,86,169,170,81,280,226,484,,0,,,11,89,417,1.072631889542
1053394106,Li,Jim,,D.O.,I,14355 37th Ave Fl 1,,Flushing,NY,36,11354,1,"Metropolitan area core: primary flow within an urbanized area of 50,000 and greater",US,Family Practice,S,24654,26475.7,4186243.9000003,184457,16868,,23004,24780.933333333,3909252.6300002,174806,,15743,,21742,4111586.2000003,,2799,71294.53,,113,3363.17,,11470,1924634.48,,13184,2261609.4200001,,8578,1452565.21,,16076,2733678.6900001,,,,,,,,,,,76,1690.52,52,*,,,*,,72.948600901115,1125,9426,5049,1268,10295,6573,9738,2260,936,2974,15,945,4177,12691,0.93282037234237
1053417501,Patel,Madhu,S,M.D.,I,2001 Marcus Ave,,New Hyde Park,NY,36,11042,1,"Metropolitan area core: primary flow within an urbanized area of 50,000 and greater",US,Internal Medicine,S,4093,9984.5333333333,259393.22,295212,341,,3895,9635.1666666667,243915.97,284971,,327,"#",,,,3716,105572.62,*,,,,694,20487.48,,3399,238905.74,,456,41367.71,,3637,218025.51,11,146.48,208,,0.26875152699731,0,0,0,,0,32,577.55,25,*,,,*,,75.938416422287,14,147,120,60,248,93,255,16,44,,,18,25,316,0.84267307505956
1053473843,Hsu,Warren,W,D.O.,I,21215 Union Tpke,,Oakland Gardens,NY,36,11364,1,"Metropolitan area core: primary flow within an urbanized area of 50,000 and greater",US,Internal Medicine,S,1418,3161.2333333333,132038.71,92269,155,,1357,3050.2333333333,129515.35,88979,"#",,"#",,,,1285,45130.69,*,,,,812,57421.57,,606,74617.14,,152,9320.96,,1266,122717.75,,,,,,,,,,,46,397.65,34,,0,0,*,,71.864516129032,,,,,85,70,13,,119,,0,12,17,138,0.69263870967742
1053481754,Holmes,Ann-Mary,,RPH,I,654-690 Main St,,Poughkeepsie,NY,36,12601,1,"Metropolitan area core: primary flow within an urbanized area of 50,000 and greater",US,Pharmacist,T,35,35,5819.41,35,35,"#",,,,,"#",,,35,5819.41,,0,0,,0,0,,17,2889.22,,18,2930.19,*,,,"#",,,0,0,0,0,0,0,0,0,0,,0,0,0,*,,,*,,71.685714285714,,,,,21,14,34,,0,0,0,,,,0.66065714285714
1053511220,Sturtz,Michele,,R.PH.,I,31 Cavalry Dr,,New City,NY,36,10956,1,"Metropolitan area core: primary flow within an urbanized area of 50,000 and greater",US,Pharmacist,T,23,23,3795.4,23,23,,23,23,3795.4,23,,23,,23,3795.4,,0,0,,0,0,*,,,"#",,,*,,,"#",,,0,0,0,0,0,0,0,0,0,,0,0,0,,0,0,,0,73.739130434783,0,,14,,,,20,,,0,0,0,,,0.69991304347826
1053602623,Quick,Melissa,,DO,I,16 E 16th St,,New York,NY,36,10003,1,"Metropolitan area core: primary flow within an urbanized area of 50,000 and greater",US,Family Practice,S,834,1888.8,40759.29,53616,173,,813,1857.8,38711.01,52946,"#",,,129,23938.69,,705,16820.6,,0,0,,834,40759.29,,0,0,,99,6868.84,,735,33890.45,13,329.36,289,,1.5587529976019,0,0,0,,0,13,128.95,13,*,,,*,,72.803468208092,,,,,105,68,137,,12,,,,11,162,0.85318208092485
1053687491,Tam,Anthony,,M.D,I,139 Centre St Ste 709,,New York,NY,36,10013,1,"Metropolitan area core: primary flow within an urbanized area of 50,000 and greater",US,Internal Medicine,S,16590,26091.866666667,2856657.95,763915,919,,15944,25227.966666667,2711112.01,738877,,885,,4004,2405799.69,,12377,444776.62,,209,6081.64,,14165,2514056.07,,2425,342601.88,,15929,2789161.3,,661,67496.65,12,266.32,217,,0.072332730560579,0,0,0,,0,146,1529.74,101,,0,0,,0,72.811751904244,34,584,217,84,465,454,,,885,,0,14,832,87,1.0631119355792
1053688671,Cadet-Valeus,Sergelyne,B,M.D.,I,6200 Beach Channel Dr,,Arverne,NY,36,11692,1,"Metropolitan area core: primary flow within an urbanized area of 50,000 and greater",US,Internal Medicine,S,5607,11339.666666667,760109.93,333722,295,,4386,8978.1666666667,566694.8,264091,,229,,1003,672412.78,,4414,81766.43,,190,5930.72,,4886,640971.45,,721,119138.48,,4892,696242.52,,715,63867.41,60,294.86,1167,17,1.0700909577314,0,0,0,0,0,50,820.4,44,*,,,*,,69.525423728814,66,145,66,18,204,91,16,140,,119,,11,229,66,1.4845237863739
1053707893,Jeffers,Shane,,M.D.,I,2350 Ridgeway Ave Ste A,,Rochester,NY,36,14626,1,"Metropolitan area core: primary flow within an urbanized area of 50,000 and greater",US,Family Practice,S,8082,16448.466666667,578751.76,478523,708,,5494,12125.333333333,311330.43,354667,,533,,742,406563.57,,7302,169990.34,,38,2197.85,,6074,379416.31,,2008,199335.45,,3546,369616.56,,4536,209135.2,74,3413.35,1807,25,0.91561494679535,23,2295.86,690,,31.081081081081,113,766.24,81,*,,,*,,68.826271186441,175,309,163,61,402,306,541,102,,36,,21,217,491,1.0378695830359
1063078541,Huang,Juan,,AGPCNP,I,757 60th St,,Brooklyn,NY,36,11220,1,"Metropolitan area core: primary flow within an urbanized area of 50,000 and greater",US,Nurse Practitioner,S,10479,12471.066666667,1535782.85,362751,640,,10269,12234.866666667,1505657.03,356353,,621,,2633,1351958.67,,7680,179273.54,,166,4550.64,,9596,1420546.22,,883,115236.63,,10249,1522127.24,,230,13655.61,,,,,,,,,,,112,724.24,95,*,,,*,,72.1,19,454,116,51,342,298,,0,627,,0,,618,22,0.97893713691245
1063401636,Sung,John,H,M.D.,I,13626 37th Ave,,Flushing,NY,36,11354,1,"Metropolitan area core: primary flow within an urbanized area of 50,000 and greater",US,Internal Medicine,S,11064,14528.6,810613.7,427535,418,,10855,14295.4,807134.83,420711,"#",,,1368,662982.91,,9584,144519.8,,112,3110.99,,9857,670804.24,,1207,139809.46,,10441,774266.72,,623,36346.98,,,,,,,,,,,39,3375.78,33,*,,,*,,73.023923444976,,,,,204,214,,0,404,,0,,369,49,0.94707075763856
1063401644,Wu,Shuyi,,M.D.,I,13626 37th Ave,,Flushing,NY,36,11354,1,"Metropolitan area core: primary flow within an urbanized area of 50,000 and greater",US,Internal Medicine,S,4842,6622.1,346861.41,194813,183,,4777,6553.1,341976.61,192846,"#",,,683,269787.62,,4079,75106.39,,80,1967.4,,4093,306310.77,,749,40550.64,,4603,342123.77,,239,4737.64,0,0,0,0,0,0,0,0,0,,19,109.73,15,,0,0,*,,73.31693989071,,,,,103,80,,,174,,0,,165,18,0.94321664029293
1063428159,Miller,Scott,C,PA-C,I,161 Carey Rd,,Queensbury,NY,36,12804,1,"Metropolitan area core: primary flow within an urbanized area of 50,000 and greater",US,Physician Assistant,S,7939,13978.866666667,1012610.86,401490,402,,3950,7595.8666666667,488915.29,218905,,241,,1502,830891.98,,6379,174342.2,,58,7376.68,,4872,678802.73,,3067,333808.13,,5741,832652.39,,2198,179958.47,314,27280.23,6975,43,3.9551580803628,70,22947.63,1990,,22.292993630573,98,1178.43,66,,18,316.82,*,,65.233830845771,161,151,64,26,190,212,381,,,,0,,211,191,1.2498579594566
1497937718,Sakach,Maria,T,PHARMD,I,4407 Military Rd,,Niagara Falls,NY,36,14305,1,"Metropolitan area core: primary flow within an urbanized area of 50,000 and greater",US,Pharmacist,T,58,58,9934.34,64,51,,58,58,9934.34,64,,51,,57,9913.48,*,,,"#",,,*,,,"#",,,*,,,"#",,,0,0,0,0,0,0,0,0,0,,0,0,0,,0,0,,0,74.745098039216,0,31,,,28,23,48,0,,0,0,,,,0.7738431372549
1508048034,Sung-Monahan,Julia,,RPH,I,10 W Main St,,Smithtown,NY,36,11787,1,"Metropolitan area core: primary flow within an urbanized area of 50,000 and greater",US,Pharmacist,T,14,14,2512.52,14,13,"#",,,,,"#",,,14,2512.52,,0,0,,0,0,,0,0,,14,2512.52,*,,,"#",,,0,0,0,0,0,0,0,0,0,,0,0,0,*,,,*,,70.846153846154,,,,,,,11,,0,0,0,,,,1.2393846153846
1508071754,Scarseth,Stephen,C,NP,I,54 Main St,,Candor,NY,36,13743,2,"Metropolitan area high commuting: primary flow 30% or more to a urbanized area of 50,000 and greater",US,Nurse Practitioner,S,3918,7966.1666666667,339529.65,228104,563,,3015,6516.3333333333,267167.05,187110,,448,,510,261069.02,,3378,76194.35,,30,2266.28,,2324,202917.3,,1594,136612.35,,1458,157359.3,,2460,182170.35,91,4613.72,2111,42,2.3226135783563,,,,,,223,2505.77,157,*,,,*,,70.653641207815,115,233,168,47,328,235,544,,0,,0,13,150,413,1.052557407618
1508124397,Curran,Christopher,,,I,104 Genesee St,,Oneida,NY,36,13421,4,"Micropolitan area core: primary flow within an urban cluster of 10,000 to 49,999",US,Pharmacist,T,23,23,4148.04,23,22,"#",,,,,"#",,,23,4148.04,,0,0,,0,0,"#",,,*,,,*,,,"#",,,0,0,0,0,0,0,0,0,0,,0,0,0,*,,,*,,69.727272727273,,,,,,,19,0,,0,0,,,,0.70844318181818
1508185372,Chandel,Amit,,M.D.,I,506 Lenox Ave,,New York,NY,36,10037,1,"Metropolitan area core: primary flow within an urbanized area of 50,000 and greater",US,Pediatric Medicine,S,79,112.4,127478.09,2471,43,,49,76.4,17145.23,1634,,29,,58,127166.66,,21,311.43,,0,0,,58,37308.58,,21,90169.51,,30,89120.39,,49,38357.7,,,,,,,,,,,0,0,0,,0,0,,0,66.302325581395,14,21,,,23,20,26,,,,,,13,30,2.1733537249383
1508259284,Reddy,Greeshma,,MD,I,111 E 210th St,,Bronx,NY,36,10467,1,"Metropolitan area core: primary flow within an urbanized area of 50,000 and greater",US,Internal Medicine,S,1971,4344.2,193519.64,125906,351,,1825,4058.0666666667,138497.62,117638,,316,,248,142136.81,,1705,50595.99,,18,786.84,,1237,146752.45,,734,46767.19,,456,36491.4,,1515,157028.24,39,819.08,850,11,1.9786910197869,,,,,,48,4585.3,43,*,,,*,,73.863247863248,35,156,123,37,235,116,331,,,0,0,17,82,269,1.0577311662031
1508428921,Thompson,Danielle,,PA-C,I,3980a Sheridan Dr Ste 200,,Amherst,NY,36,14226,1,"Metropolitan area core: primary flow within an urbanized area of 50,000 and greater",US,Physician Assistant,S,6340,13319.866666667,666871.67,387338,1057,,5194,11333.233333333,542042.12,330814,,915,,1004,530783.21,,5285,132680.5,,51,3407.96,,4829,479203.69,,1511,187667.98,,1504,197086.78,,4836,469784.89,290,13463.49,7254,91,4.5741324921136,20,7051.72,427,,6.8965517241379,138,1073.79,111,*,,,*,,71.82119205298,142,531,296,88,623,434,949,52,,14,,36,159,898,1.1181679539754
1508800491,Robillard,Kristen,S,MD,I,4855 Camp Road,Suite 100,Hamburg,NY,36,14075,1,"Metropolitan area core: primary flow within an urbanized area of 50,000 and greater",US,Family Practice,S,6879,15797.866666667,760767.73,467876,687,,6156,14559.166666667,649817.95,431348,,637,,1122,607509.24,,5725,151760.58,,32,1497.91,,4827,475815.13,,2052,284952.6,,1337,171607.85,,5542,589159.88,136,11560.45,3569,29,1.9770315452827,54,9424.18,1606,,39.705882352941,39,300.86,28,,37,1027.79,*,,73.97962154294,50,336,220,81,475,212,653,,,11,0,15,79,608,1.1754253219888
1508829284,Persaud,Krishna,V,MD,I,4418 E Ridge Rd,Williamson Medical Pllc,Williamson,NY,36,14589,2,"Metropolitan area high commuting: primary flow 30% or more to a urbanized area of 50,000 and greater",US,Internal Medicine,S,9687,21462.133333333,884102.91,628632,619,,8764,19630.933333333,761467.01,575692,,548,,1259,640856.07,,8340,238633.27,,88,4613.57,,7780,736842.9,,1907,147260.01,,1696,154455.11,,7991,729647.8,245,40570.79,5425,56,2.5291627954991,35,35433.88,1040,,14.285714285714,198,2431.22,114,,76,2807.5,,23,74.222940226171,71,247,209,92,321,298,554,29,,,0,24,92,527,1.1389861188296
1508833872,Kan,Sang,,M.D.,I,19 Bowery St,"2nd Floor, Suite 8",New York,NY,36,10002,1,"Metropolitan area core: primary flow within an urbanized area of 50,000 and greater",US,Internal Medicine,S,12193,19035.633333333,1632345.6,561609,791,,11913,18633.9,1609210.27,550067,,774,,2226,1364163.28,,9827,260764.86,,140,7417.46,,10524,1444851.74,,1669,187493.86,,11101,1553351.79,,1092,78993.81,,,,,,,,,,,76,579.46,63,,82,584.94,,15,75.089759797724,17,430,221,123,400,391,,,770,,0,14,669,122,1.0306244621279
1508863275,Diminico,Carlo,,M.D.,I,30 Columbia St,,Poughkeepsie,NY,36,12601,1,"Metropolitan area core: primary flow within an urbanized area of 50,000 and greater",US,Internal Medicine,S,9490,20633.166666667,776998.05,603001,883,,9035,19865.666666667,738112.73,581092,,832,,1034,600266.71,,8430,175439.45,,26,1291.89,,3351,250567.18,,6139,526430.87,,1017,101160.85,,8473,675837.2,232,7382.88,5377,38,2.4446786090622,15,1078.64,435,,6.4655172413793,209,2850.38,143,*,,,*,,75.112117780294,51,373,329,130,414,469,734,60,15,29,0,45,91,792,1.207695855129
1508885971,Perle,Kristine,E,M.D.,I,9768 Liberty Dr,,Painted Post,NY,36,14870,4,"Micropolitan area core: primary flow within an urban cluster of 10,000 to 49,999",US,Family Practice,S,11058,22435.333333333,1004092.53,657720,590,,8450,18398.666666667,760522.47,541409,,498,,1470,777737.37,,9485,219924.33,,103,6430.83,,7115,573012.68,,3943,431079.85,,3670,396869.27,,7388,607223.26,402,20669.86,11055,57,3.6353771025502,53,13802.3,1552,,13.18407960199,129,5166.85,82,,20,126.31,*,,71.249152542373,92,295,149,54,373,217,573,,,0,0,11,125,465,1.0283560867203
1508886219,Tan,Catherine,C,MD,I,300 White Spruce Blvd,Suite 100,Rochester,NY,36,14623,1,"Metropolitan area core: primary flow within an urbanized area of 50,000 and greater",US,Internal Medicine,S,5580,12381.633333333,329294.76,363538,454,,5212,11796.833333333,309296.36,346958,,424,,606,206055.8,,4942,120273.7,,32,2965.26,,4986,298741.08,,594,30553.68,,672,45610.11,,4908,283684.65,145,6825.97,4624,32,2.5985663082437,,,,,,129,812.29,82,,35,859.12,*,,73.848017621145,30,229,142,53,294,160,359,37,25,,,30,42,412,0.94989690316055
1508910209,Nevins,Brooke,J,MD,I,130 Pondfield Rd,Ste 2,Bronxville,NY,36,10708,1,"Metropolitan area core: primary flow within an urbanized area of 50,000 and greater",US,Internal Medicine,S,3021,5320.4333333333,283795.32,151300,442,,2554,4680.3333333333,221885.2,133478,,389,,455,204069.95,,2546,78445.21,,20,1280.16,,966,94373.6,,2055,189421.72,,603,78751.43,,2418,205043.89,180,33107.91,4184,24,5.9582919563059,21,28905.34,650,,11.666666666667,99,4502.58,38,,27,2700.27,*,,73.253393665158,53,203,122,64,256,186,288,65,21,41,0,27,89,353,1.1667682491504
1508939067,Ganti,Valli,,MD,I,1265 Franklin Ave,Martin Luther King Health Center,Bronx,NY,36,10456,1,"Metropolitan area core: primary flow within an urbanized area of 50,000 and greater",US,Internal Medicine,S,2779,5088.7,291392.14,147399,199,,2350,4317.9666666667,258700.15,125802,,150,,464,247874.66,,2226,38679.53,,89,4837.95,,1133,131322.63,,1646,160069.51,,2587,278450.64,,192,12941.5,93,1445.79,2001,29,3.3465275278877,0,0,0,0,0,17,138.12,14,,14,86.78,*,,69.929648241206,49,88,46,16,114,85,76,23,12,86,,,180,19,1.4423858295675
1508947540,Fucito,Christopher,D,D.O.,I,1336 Cedar St,,Elmira,NY,36,14904,1,"Metropolitan area core: primary flow within an urbanized area of 50,000 and greater",US,Family Practice,S,10474,23518.366666667,961581.47,692866,811,,9573,21968.4,899550.88,648609,,729,,1205,746447.67,,9203,210083.74,,66,5050.06,,6275,480269.52,,4199,481311.95,,1274,103060.66,,9200,858520.81,147,4121.34,3359,46,1.4034752721023,15,1512.69,450,,10.204081632653,86,847.83,57,,29,408.1,*,,72.335388409371,82,420,239,70,399,412,777,14,,,0,12,112,699,1.0250833481974
1518035997,Annabi,Iyad,N,M.D.,I,472 Palmer Rd,,Yonkers,NY,36,10701,1,"Metropolitan area core: primary flow within an urbanized area of 50,000 and greater",US,Family Practice,S,16697,26454.266666667,1781862.57,749531,960,,15074,24347.233333333,1536337.78,690796,,888,,3068,1322178.64,,13507,451586.59,,122,8097.34,,4962,512033.04,,11735,1269829.53,,8218,790346.39,,8479,991516.18,244,18118.81,6321,73,1.4613403605438,21,13970.19,583,,8.6065573770492,323,14055.82,199,,143,6717.55,,41,77.9875,72,299,302,287,625,335,646,146,,123,,31,403,557,1.7179250430523
1518236181,Tan,Wu,,MD,I,4235 Main St,Ste 3m,Flushing,NY,36,11355,1,"Metropolitan area core: primary flow within an urbanized area of 50,000 and greater",US,Internal Medicine,S,28418,30083.1,4931368.65,743836,503,,27448,29097.433333333,4811706.61,721841,,488,,8421,4501198.03,,19850,426337.93,,147,3832.69,,24655,4639965.09,,3763,291403.56,,28110,4914731.61,,308,16637.04,153,5239.9,2069,38,0.53839116053206,29,3374.59,774,,18.954248366013,414,63580.02,202,,387,16880.76,,41,74.673956262425,15,283,115,90,270,233,31,54,370,36,0,12,,,1.7011123702261
1518258003,You,Lu,,MD,I,350 E 17th St,20 Baird Hall,New York,NY,36,10003,1,"Metropolitan area core: primary flow within an urbanized area of 50,000 and greater",US,Internal Medicine,S,8123,14910.466666667,1535206.29,435153,792,,7941,14615.033333333,1494535.82,426791,,763,,2075,1345167.96,,5955,186983.84,,93,3054.49,,7031,1331526.45,,1092,203679.84,,7627,1492117.37,,496,43088.92,,,,,,,,,,,70,981.84,54,,12,350.08,*,,73.70202020202,29,472,197,94,431,361,,,759,,0,13,705,87,1.0580646981819
1518335686,Davis,Fern,O,FNP-BC,I,731 White Plains Rd,,Bronx,NY,36,10473,1,"Metropolitan area core: primary flow within an urbanized area of 50,000 and greater",US,Nurse Practitioner,S,5581,6461.4333333333,426803.66,186373,302,,2128,2716.2333333333,155764.51,79469,,135,,965,332430.38,,4534,92590.76,,82,1782.52,,2421,172734.97,,3160,254068.69,,5327,412734.96,,254,14068.7,,,,,,,,,,,24,268.34,22,*,,,*,,59.592715231788,167,84,40,11,148,154,38,93,,160,0,,260,42,0.95032437851832
1518352418,Jiang,Rui,,,I,10 Union Sq E,,New York,NY,36,10003,1,"Metropolitan area core: primary flow within an urbanized area of 50,000 and greater",US,Internal Medicine,S,6581,12631.866666667,686437.88,372274,1014,,5174,10267.8,525040.58,303202,,806,,1245,565567.14,,5168,116108.74,,168,4762,,5384,558198.79,,1197,128239.09,,6014,655932.79,,567,30505.09,,,,,,,,,,,17,6076.73,12,,11,52.41,*,,70.69033530572,208,444,285,77,676,338,126,188,32,646,,,864,150,1.4163243470826
1518380559,Yeung,Angela,,,I,139 Centre St,Suite 709,New York,NY,36,10013,1,"Metropolitan area core: primary flow within an urbanized area of 50,000 and greater",US,Nurse Practitioner,S,4761,7759.2,959255.03,224992,608,,4406,7245.0666666667,900025.85,209918,,582,,1201,823351.55,,3485,133419.17,,75,2484.31,,4195,837265.1,,566,121989.93,,4610,951258.75,,151,7996.28,0,0,0,0,0,0,0,0,0,,37,329.59,32,*,,,*,,73.289473684211,26,362,149,71,328,280,,,586,,0,,562,46,1.1069714445671
1518932441,Maggio,Russell,P,M.D.,I,125 Lattimore Rd,Suite 256,Rochester,NY,36,14620,1,"Metropolitan area core: primary flow within an urbanized area of 50,000 and greater",US,Internal Medicine,S,6096,12838.6,474368.5,377513,903,,5844,12333.833333333,446385.56,362703,,863,,741,343416.95,,5321,128900.65,,34,2050.9,,5276,387578.46,,820,86790.04,,609,79770.76,,5487,394597.74,99,17028.42,3743,33,1.6240157480315,17,14916.43,1082,,17.171717171717,97,2900.34,86,,31,16417.74,*,,75.091915836102,40,409,337,117,449,454,797,43,,16,,37,69,834,1.0591470013685
1518941756,Zelman,Russell,H,MD,I,2628 State Route 169,,Little Falls,NY,36,13365,7,"Small town core: primary flow within an urban cluster of 2,500 to 9,999",US,General Practice,T,67,75,6607.21,1282,22,"#",,,,,"#",,,25,4432.7,,42,2174.51,,0,0,"#",,,*,,,*,,,"#",,,13,1311.26,345,,19.402985074627,0,0,0,,0,0,0,0,*,,,*,,70.909090909091,,,,,11,11,21,,0,0,0,,,,0.82853409090909
1518949833,Varavenkataraman,Raghupathy,,MD,I,1026 Union Rd,,West Seneca,NY,36,14224,1,"Metropolitan area core: primary flow within an urbanized area of 50,000 and greater",US,Internal Medicine,S,10226,25600.766666667,1055231.92,759721,790,,9412,24018.266666667,950024.87,713130,,732,,1322,849408.31,,8764,198712.66,,140,7110.95,,7056,715806.94,,3170,339424.98,,1725,221722,,8501,833509.92,164,3446.89,4809,28,1.6037551339722,17,779.78,510,,10.365853658537,146,1247.84,110,,19,226.03,*,,74.030379746835,58,392,247,93,439,351,738,14,,15,,22,94,696,1.1843696769568
1518982123,Chang,Jung Mi,,,I,460 W 34th St,,New York,NY,36,10001,1,"Metropolitan area core: primary flow within an urbanized area of 50,000 and greater",US,Internal Medicine,S,6505,7972.7666666667,333327.45,233255,418,,2769,3768.6666666667,147588.61,111053,,178,,1005,242194.9,,5482,90882.81,,18,249.74,,1558,103118.93,,4947,230208.52,,6122,308298.14,,383,25029.31,,,,,,,,,,,22,265.88,20,,0,0,,0,58.184210526316,240,124,,,187,231,150,100,102,41,,,350,68,0.9535946411204
1528005907,Hasan,Zeeshan,S,MD,I,2 Arkansas Dr,,Valley Stream,NY,36,11580,1,"Metropolitan area core: primary flow within an urbanized area of 50,000 and greater",US,Internal Medicine,S,2899,5883.2333333333,420234.55,172858,134,,2652,5449.9333333333,394299.69,160219,,123,,599,380047.85,,2204,36623.4,,96,3563.3,,2027,304974.13,,872,115260.42,,2433,408625.34,,466,11609.21,,,,,,,,,,,24,295.96,17,*,,,*,,72.194029850746,11,77,35,11,94,40,,17,85,,,16,105,29,1.1104514925373
1528013091,Kang,Hea-Shin,,M.D.,I,143-08 Roosevelt Ave,"#l-2",Flushing,NY,36,11354,1,"Metropolitan area core: primary flow within an urbanized area of 50,000 and greater",US,Internal Medicine,S,27338,35180.3,4626204.87,1041992,548,,27141,34963.1,4609473.35,1035707,"#",,,7084,4201230.69,,19836,409702.24,,418,15271.94,,22064,3669755.2,,5274,956449.67,,25607,4530536.57,,1731,95668.3,73,982.14,1840,21,0.26702758065696,0,0,0,0,0,214,2694.05,125,,13,176.86,*,,75.583941605839,,,,,311,237,,0,508,,0,32,446,102,1.0999592802889
1528045416,Schwalb,David,,MD,I,111 Sullivan Ave,Liberty Medical Group,Ferndale,NY,36,12734,10,"Rural areas: primary flow to a tract outside a urbanized area of 50,000 and greater or UC",US,Internal Medicine,S,15332,34440.433333333,2156004.94,1017869,1105,,13742,31270.133333333,1946159.12,924819,,969,,2259,1846997.63,,12907,294637.64,,166,14369.67,,5777,641898,,9555,1514106.94,,4432,604571.75,,10900,1551433.19,434,15610.44,11245,89,2.8306809287764,15,481.52,374,,3.4562211981567,274,2801.87,193,,31,1610.27,*,,73.653393665158,136,464,367,138,555,550,984,37,,41,,34,243,862,1.1019323037362
1528050358,Spisak,Gregory,M,MD,I,173 Mineola Blvd,Suite 403,Mineola,NY,36,11501,1,"Metropolitan area core: primary flow within an urbanized area of 50,000 and greater",US,Internal Medicine,S,4735,11604.333333333,291749.7,343692,549,,4556,11199.266666667,279474.64,331693,,528,"#",,,,4223,104858.26,*,,,,946,34524.41,,3789,257225.29,,422,16650.5,,4313,275099.2,55,1295.17,1243,14,1.1615628299894,0,0,0,0,0,85,1101.26,66,,21,673.99,*,,77.244080145719,21,195,213,120,306,243,454,48,,19,,22,38,511,1.169977731915
1528072576,Hollander,Ira,J,MD,I,3060 Ocean Ave,Suite Lo,Brooklyn,NY,36,11235,1,"Metropolitan area core: primary flow within an urbanized area of 50,000 and greater",US,Internal Medicine,S,7926,17103.333333333,925886.74,501946,600,,7609,16477.333333333,869788.37,483793,,576,,1256,732179.42,,6603,187824.36,,67,5882.96,,962,60814.31,,6964,865072.43,,1844,367704.11,,6082,558182.63,51,751.18,1392,13,0.64345193035579,0,0,0,0,0,247,5507.04,121,,18,462.22,*,,76.463333333333,24,253,215,108,351,249,536,,,,0,44,96,504,1.0431248794481
1528098647,Apostolakos,Michael,J,MD,I,601 Elmwood Ave,Box Med,Rochester,NY,36,14642,1,"Metropolitan area core: primary flow within an urbanized area of 50,000 and greater",US,Pulmonary Disease,S,307,311,54857.68,720,246,,201,205,35543.76,495,,161,,303,54540.69,*,,,"#",,,,197,34929,,110,19928.68,,204,36448.16,,103,18409.52,0,0,0,0,0,0,0,0,0,,,,,,0,0,,0,67.19918699187,85,113,34,14,153,93,135,80,,16,,,154,92,1.464156520018
1528126315,Espejo,Maria,T,MD,I,234 E 149th Street,Lincoln Hospital,Bronx,NY,36,10451,1,"Metropolitan area core: primary flow within an urbanized area of 50,000 and greater",US,Internal Medicine,S,3639,8079.7666666667,625663.96,238940,321,,3263,7275.8333333333,550847.56,215152,,275,,745,532631.11,,2708,83153.25,,186,9879.6,,3471,599565.25,,168,26098.71,,3420,602897.47,,219,22766.49,0,0,0,0,0,0,0,0,0,,17,454.33,14,,0,0,,0,70.582554517134,46,181,,,198,123,,30,0,279,0,,280,41,1.2741400598228
1528140597,Jiang,Baoen,,M.D.,I,8 Chatham Sq,Suite 301,New York,NY,36,10038,1,"Metropolitan area core: primary flow within an urbanized area of 50,000 and greater",US,Internal Medicine,S,48978,70419.3,11044207.25,2063084,1295,,47438,68393.933333333,10725196.17,2003817,,1268,,15345,9934653.48,,32623,1076482.03,,1010,33071.74,,43868,10016633.11,,5110,1027574.14,,47368,10824930.98,,1610,219276.27,,,,,,,,,,,502,22186.34,317,,105,994.58,,27,74.49111969112,27,752,330,186,711,584,,,1259,,0,18,1149,146,1.0831582873366
1528146586,Clark,Elizabeth,M,M.D.,I,3400 Bainbridge Ave,,Bronx,NY,36,10467,1,"Metropolitan area core: primary flow within an urbanized area of 50,000 and greater",US,Geriatric Medicine,S,3828,7139.7333333333,393973.53,210982,309,,3117,6024.8333333333,329228.15,178772,,265,,745,331520.53,,2969,57840.17,,114,4612.83,,3310,352385.57,,518,41587.96,,2657,342755.69,,1171,51217.84,,,,,,,,,,,29,8605.69,16,,14,21.73,*,,72.313915857605,44,142,90,33,216,93,57,92,,142,,,177,132,1.4435074860434
1528177193,Foote,Michael,M,MD,I,3 Honeoye Commons,,Honeoye,NY,36,14471,2,"Metropolitan area high commuting: primary flow 30% or more to a urbanized area of 50,000 and greater",US,Family Practice,S,8788,18391.466666667,777542.41,539220,617,,6937,15232.5,620440.6,447503,,523,,1093,579375.61,,7603,194096.38,,92,4070.42,,6652,578632.89,,2136,198909.52,,2731,309481.53,,6057,468060.88,329,26404.22,8260,61,3.743741465635,57,17667.97,1710,,17.325227963526,145,8764.21,88,,66,5725.08,,13,71.615883306321,94,300,165,58,302,315,585,,0,,0,22,130,487,1.0357678946785
1528229473,Lo,Wei-Hsiu,,M.D.,I,13336 41st Rd Ste 1c,,Flushing,NY,36,11355,1,"Metropolitan area core: primary flow within an urbanized area of 50,000 and greater",US,Internal Medicine,S,5197,9331.5333333333,559673.59,272790,240,,5110,9140.7,545028.15,267171,"#",,,805,443983.04,,4327,113253.13,,65,2437.42,,4754,518243.44,,443,41430.15,,4151,458449.29,,1046,101224.3,,,,,,,,,,,154,1540.08,77,,0,0,*,,74.8,,,,,134,106,,,225,,0,,151,89,1.0805523645561
1528246824,Squatrito,Charles,J,PHARM.D.,I,1125 Bay St,,Staten Island,NY,36,10305,1,"Metropolitan area core: primary flow within an urbanized area of 50,000 and greater",US,Pharmacist,T,43,43,7298.93,43,36,"#",,,,,"#",,,43,7298.93,,0,0,,0,0,,25,4094.36,,18,3204.57,,18,3021.54,,25,4277.39,0,0,0,0,0,0,0,0,0,,0,0,0,*,,,*,,69.611111111111,,,,,18,18,23,12,,,0,0,11,25,1.2873206053972
1528290061,Skiadas,Melissa,E,FNP,I,800 Hooper Rd,,Endwell,NY,36,13760,1,"Metropolitan area core: primary flow within an urbanized area of 50,000 and greater",US,Nurse Practitioner,S,7288,15475,673728.02,450936,684,,5507,12334.166666667,485326.71,360142,,582,,928,508686.47,,6325,163653.26,,35,1388.29,,3795,331540.14,,3493,342187.88,,1940,221894.44,,5348,451833.58,277,13734.02,6914,49,3.8007683863886,26,7121.5,760,,9.3862815884477,150,1942.12,102,,14,107.59,*,,72.66081871345,102,276,210,96,440,244,637,,,11,,23,121,563,0.98062784049201
1528343498,Davis,Raquel,E,MD,I,111 E 210th Street,,Bronx,NY,36,10467,1,"Metropolitan area core: primary flow within an urbanized area of 50,000 and greater",US,Internal Medicine,S,6234,12347.566666667,618248.48,361968,665,,5135,10555.5,512203.39,310910,,549,,1022,491777.14,,4991,118983.49,,221,7487.85,,4692,493722.68,,1542,124525.8,,3682,356298.87,,2552,261949.61,129,816.7,2255,40,2.0692974013474,0,0,0,0,0,43,498.87,27,*,,,*,,71.488721804511,116,295,186,68,471,194,29,374,,241,,13,296,369,1.4846918346924
1528345394,Yang,Zhigang,,D.O,I,133-29 41rd,Suite 1a,Flushing,NY,36,11355,1,"Metropolitan area core: primary flow within an urbanized area of 50,000 and greater",US,General Practice,S,20930,24785.466666667,3201673.27,718770,468,,20283,24042.2,3104079.1,697834,,455,,5187,2712950.92,,15552,482530.35,,191,6192,,20598,3129215.54,,332,72457.73,,20673,3189686.69,,257,11986.58,49,687.74,1230,12,0.23411371237458,0,0,0,0,0,175,78598.26,96,,72,577.47,,14,71.705128205128,13,338,97,20,241,227,0,0,463,,0,,452,16,0.98279721389361
1528401007,Thomashefski,Matthew,,MD,I,127 West Main Street,Leroy Medical Associates,Leroy,NY,36,14482,3,"Metropolitan area low commuting: primary flow 10% to <30% to a urbanized area of 50,000 and greater",US,Family Practice,S,8013,15733.9,520342.41,455012,603,,7181,14408.2,476922.67,417497,,535,,1040,373825.75,,6883,142176.48,,90,4340.18,,6274,400712.17,,1739,119630.24,,1466,132358.25,,6547,387984.16,334,14360.58,6622,73,4.1682266317234,32,9853.54,836,,9.5808383233533,210,2069.17,127,,24,317.38,*,,72.709784411277,68,288,182,65,250,353,563,15,,,0,20,88,515,1.0944662010718
1528412418,Andujar,Kevin,,M.D.,I,234 E 85th St,,New York,NY,36,10028,1,"Metropolitan area core: primary flow within an urbanized area of 50,000 and greater",US,Internal Medicine,S,3458,7326.2,363472.49,214209,435,,2848,6193.0666666667,285508.72,181476,,383,,538,294641.62,,2888,67091.35,,32,1739.52,,1871,194704.85,,1587,168767.64,,1746,239569.4,,1712,123903.09,49,1371.98,1056,,1.417004048583,,,,,,49,1388.62,37,*,,,*,,73.018390804598,52,197,138,48,200,235,158,70,11,174,0,22,145,290,1.329946279105
1528412897,Lighthouse,Daniel,V,M.D.,I,42 Nichols St Ste 10,,Spencerport,NY,36,14559,1,"Metropolitan area core: primary flow within an urbanized area of 50,000 and greater",US,Internal Medicine,S,7521,16773.2,646335,486148,653,,6084,13887.966666667,513389.19,403921,,550,,918,456945.59,,6515,184561.52,,88,4827.89,,5545,468973.87,,1976,177361.13,,2304,215929.04,,5217,430405.96,350,8774.3,7714,59,4.65363648451,24,3126.71,677,,6.8571428571429,155,1046.2,94,,28,346.66,*,,71.333843797856,103,308,188,54,416,237,600,22,,,0,23,128,525,1.0611594206266
1528498649,Nguyen,Tram,,PHARMD,I,5564 Broadway,,Bronx,NY,36,10463,1,"Metropolitan area core: primary flow within an urbanized area of 50,000 and greater",US,Pharmacist,T,58,58,10134.69,58,50,"#",,,,,"#",,,58,10134.69,,0,0,,0,0,,43,7661.41,,15,2473.28,,13,2349.9,,45,7784.79,0,0,0,0,0,0,0,0,0,,0,0,0,*,,,*,,72.4,,,,,33,17,22,,,,0,,,,1.411012017002
1528511409,John,Jerel,,,I,90 S Bedford Rd,,Mount Kisco,NY,36,10549,1,"Metropolitan area core: primary flow within an urbanized area of 50,000 and greater",US,Nurse Practitioner,S,2619,6434.6666666667,184392.41,188703,766,,2573,6349.6666666667,183319.38,186294,,751,,226,121784.72,,2379,61969.38,,14,638.31,,718,42800.56,,1901,141591.85,,209,20297.13,,2410,164095.28,,,,,,,,,,,76,1027.34,67,*,,,*,,75.646214099217,15,367,278,106,356,410,679,,23,15,,41,46,720,0.93869342906876
1538123922,Dy-Guillaume,Marie,E,MD,I,8708 Justice Ave Ste Cs,,Elmhurst,NY,36,11373,1,"Metropolitan area core: primary flow within an urbanized area of 50,000 and greater",US,Internal Medicine,S,697,1666.7333333333,53512.86,49039,63,"#",,,,,"#",,"#",,,,608,12761.94,*,,,,585,40551.83,,112,12961.03,,446,33604.44,,251,19908.42,0,0,0,0,0,0,0,0,0,,,,,*,,,*,,72.84126984127,,,,,48,15,,,25,23,0,,32,31,0.89843438976466
1538125117,Lecates,William,W,M.D.,I,1 Atwell Rd,,Cooperstown,NY,36,13326,10,"Rural areas: primary flow to a tract outside a urbanized area of 50,000 and greater or UC",US,Nephrology,S,181,356.13333333333,47513.09,10382,39,,115,246.46666666667,40735.45,7269,"#",,"#",,,,143,6064.28,*,,,,60,1960.19,,121,45552.9,,52,6538.85,,129,40974.24,0,0,0,0,0,0,0,0,0,,,,,,0,0,*,,71.794871794872,,,,,19,20,38,,0,0,0,,,,1.7196640477655
1538131388,Baraya,Edgar,,MD,I,2045 Lafayette Ave,,Bronx,NY,36,10473,1,"Metropolitan area core: primary flow within an urbanized area of 50,000 and greater",US,Internal Medicine,S,12197,23130.966666667,1608007.85,671357,571,,10714,20414.033333333,1455773.78,592782,,503,,2015,1342855.42,,9961,256083.68,,221,9068.75,,9209,1213530.92,,2988,394476.93,,8833,1259539.73,,3364,348468.12,96,518.43,1604,31,0.78707878986636,0,0,0,0,0,378,4494.32,204,,15,403.17,*,,75.196147110333,68,204,201,98,382,189,31,33,,494,,,327,244,1.1358849127358
1538141601,Coppens,Thomas,B,M.D.,I,3 Irongate Center,,Glens Falls,NY,36,12801,1,"Metropolitan area core: primary flow within an urbanized area of 50,000 and greater",US,Family Practice,S,4192,9459.5333333333,443802.74,275163,476,,3712,8640.8666666667,396789.18,252426,,436,,632,353948.33,,3542,89049.35,,18,805.06,,2877,291010.61,,1315,152792.13,,383,36864.96,,3809,406937.78,162,7301.15,3604,52,3.8645038167939,19,3215.81,555,,11.728395061728,75,1182.18,58,*,,,*,,74.134453781513,40,222,154,60,240,236,457,,,,0,,40,436,1.1760380593148
1538141726,Selbo,Scot,T,M.D.,I,61 Emerald Pl,,Rock Hill,NY,36,12775,9,"Small town low commuting: primary flow 10% to <30% to a urban cluster of 2,500 to 9,999",US,Internal Medicine,S,6990,14551.966666667,335737.54,428629,654,,6044,12920.533333333,277025.94,381716,,563,,641,215793.02,,6334,119029.09,,15,915.43,,1619,99209.41,,5371,236528.13,,2654,128445.87,,4336,207291.67,39,158.12,501,13,0.55793991416309,0,0,0,0,0,89,1557.45,68,,35,971.23,*,,71.863914373089,91,318,174,71,312,342,543,37,,48,,20,192,462,1.2668000269412
1538143433,Charlotten,Kevin,A,MD,I,4150 78th St Ste 102103,"Q-Care Affordable Medical Care, Pllc",Elmhurst,NY,36,11373,1,"Metropolitan area core: primary flow within an urbanized area of 50,000 and greater",US,Family Practice,S,4783,11601.033333333,714887.78,342246,266,,4172,10218.033333333,631109.54,301627,,241,,710,609284.76,,4009,103972.02,,64,1631,,3998,590106.42,,785,124781.36,,3075,566811.45,,1708,148076.33,37,305.16,903,,0.77357307129417,0,0,0,,0,126,3367.55,77,*,,,*,,72.086466165414,25,144,75,22,150,116,41,,34,169,,14,139,127,0.9156996338528
1538156989,Raskin,Jonathan,M,M.D.,I,1000 Park Ave,,New York,NY,36,10028,1,"Metropolitan area core: primary flow within an urbanized area of 50,000 and greater",US,Pulmonary Disease,S,2473,4522.6666666667,529075.03,132677,170,,2427,4476.6666666667,522366.94,131342,"#",,"#",,,,1757,74611.74,*,,,,135,48169.33,,2338,480905.7,,198,32638.66,,2275,496436.37,17,775.86,627,,0.68742418115649,,,,,,36,531.59,25,,0,0,*,,78.911764705882,,,,,110,60,137,,,15,0,,,,1.1104509803922
1538163191,Sun,Yin,,MD,I,185 Canal St Suite 506,,New York,NY,36,10013,1,"Metropolitan area core: primary flow within an urbanized area of 50,000 and greater",US,Internal Medicine,S,17287,28013.9,2346081.18,799027,729,,16812,27319.866666667,2296360.35,779960,,703,,3123,2001560.32,,14010,342555.81,,154,1965.05,,16630,2183059.92,,657,163021.26,,16780,2296518.54,,507,49562.64,13,75.31,252,11,0.075201018106091,0,0,0,0,0,635,5372.45,333,,39,189.62,*,,71.515775034294,26,523,146,34,404,325,,0,708,,0,15,688,41,1.1093600843601
1538169404,Nakao,Michael,,MD,I,5 Palisades Dr,Ste 100,Albany,NY,36,12205,1,"Metropolitan area core: primary flow within an urbanized area of 50,000 and greater",US,Pulmonary Disease,S,2593,4045.4666666667,1180970.95,85832,1255,,2181,3359.7,979803.76,68891,,1119,,2047,1150027.45,,546,30943.5,,0,0,,1644,602536.98,,949,578433.97,,651,297563.64,,1942,883407.31,,,,,,,,,,,69,418.22,51,,0,0,,0,72.174501992032,136,669,358,92,728,527,1124,63,,14,,44,217,1038,1.148933961273
1538201231,Leddy,Vincent,R,M.D.,I,160 4th St,,Brentwood,NY,36,11717,1,"Metropolitan area core: primary flow within an urbanized area of 50,000 and greater",US,Internal Medicine,S,5050,8498.4333333333,819742.17,245429,392,,4174,7131.4333333333,632095.58,206542,,325,,1094,732543.93,,3903,77549.85,,53,9648.39,,3200,489445.25,,1850,330296.92,,3151,567263.94,,1899,252478.23,43,1246.06,1275,14,0.85148514851485,,,,,,90,3657.42,66,,94,1392.31,,31,70.34693877551,67,207,90,28,197,195,113,37,,231,0,,222,170,1.1207133856957
1538208665,Crane,Dustin,J,PHARMD.,I,1125 Ridge Rd,,Webster,NY,36,14580,1,"Metropolitan area core: primary flow within an urbanized area of 50,000 and greater",US,Pharmacist,T,18,18,3398.6,18,18,,18,18,3398.6,18,,18,,18,3398.6,,0,0,,0,0,"#",,,*,,,,0,0,,18,3398.6,0,0,0,0,0,0,0,0,0,,0,0,0,,0,0,,0,75.055555555556,0,11,,,,,,,0,,0,,0,18,0.97800079864706
1538262464,Lee,Kwok-Man,,M.D.,I,198 Canal St,Suite 404,New York,NY,36,10013,1,"Metropolitan area core: primary flow within an urbanized area of 50,000 and greater",US,Internal Medicine,S,11221,23029.933333333,2482925.26,685218,474,,11076,22774.333333333,2436887.91,677609,"#",,,2491,2135140.45,,8621,344320.6,,109,3464.21,,10018,2186901.82,,1203,296023.44,,9882,2275506.57,,1339,207418.69,0,0,0,0,0,0,0,0,0,,78,638.58,65,,96,637.98,*,,75.428270042194,,,,,229,245,0,,447,,0,23,360,114,0.98670759506479
1538302310,Oliveros,Alexis,N,M.D.,I,35 S Riverside Ave,The Westchester Medical Practice Pc,Croton On Hudson,NY,36,10520,1,"Metropolitan area core: primary flow within an urbanized area of 50,000 and greater",US,Internal Medicine,S,4312,10081,365343.53,294664,511,,3982,9465.6333333333,328112.76,276828,,484,,593,287586,,3708,76873.48,,11,884.05,,1294,74430,,3018,290913.53,,703,57741.53,,3609,307602,52,631.92,977,21,1.2059369202226,,,,,,133,3635.01,94,*,,,*,,74.291585127202,27,255,165,64,388,123,401,49,,34,,21,53,458,0.89575779122859
1538445069,Schwab,Mallorie,L,RPA-C,I,1 School St Ste 107,,Gowanda,NY,36,14070,7,"Small town core: primary flow within an urban cluster of 2,500 to 9,999",US,Physician Assistant,S,571,1057.8666666667,44902.06,29773,212,,486,914.86666666667,35868.03,25890,,190,,75,33227.36,,496,11674.7,,0,0,,382,33369.44,,189,11532.62,,54,7212.56,,517,37689.5,19,383.05,502,13,3.3274956217163,0,0,0,0,0,37,247.47,32,,0,0,,0,72.485849056604,22,116,56,18,138,74,204,0,0,,,,24,188,1.0421310212869
1538447438,Cano-Landivar,Jeannette,E,M.D.,I,10119 Jamaica Ave,,Richmond Hill,NY,36,11418,1,"Metropolitan area core: primary flow within an urbanized area of 50,000 and greater",US,Internal Medicine,S,1265,2774.0666666667,135791.25,81614,112,,1154,2569.0666666667,123790.89,75712,,100,"#",,,,1065,35869.42,*,,,,1127,123851.17,,138,11940.08,,1036,116976.21,,229,18815.04,,,,,,,,,,,24,216.14,17,*,,,*,,72.258928571429,12,57,31,12,78,34,,,,104,0,,84,28,1.0308074817928
1538541305,Chen,Jacky,,M.D.,I,4077 West Rd,,Cortland,NY,36,13045,4,"Micropolitan area core: primary flow within an urban cluster of 10,000 to 49,999",US,Family Practice,S,3636,7442.2333333333,354615.12,216163,311,,2861,6137.2,280415,178551,,243,,666,281347.69,,2926,71859.87,,44,1407.56,,2128,218834.54,,1508,135780.58,,1945,236694.31,,1691,117920.81,50,1602.75,1062,16,1.3751375137514,,,,,,63,989.02,40,*,,,*,,70.411575562701,68,128,88,27,153,158,284,,,,,15,122,189,1.2789517161115
1538555743,Lee,Eunmyung,,NP,I,3825 Parsons Blvd Ste 1g,,Flushing,NY,36,11354,1,"Metropolitan area core: primary flow within an urbanized area of 50,000 and greater",US,Nurse Practitioner,S,4393,7165.8333333333,908712.48,209034,591,,4319,7025.3333333333,897347.17,204982,,579,,1035,808624.12,,3268,98581.59,,90,1506.77,,3871,783609.86,,522,125102.62,,4090,897929.97,,303,10782.51,35,746.02,698,18,0.79672205781926,0,0,0,0,0,66,508.7,54,*,,,*,,74.24703891709,12,327,181,71,413,178,,,555,,0,24,502,89,1.0687978550678
1538741798,Grisanti,Kristina,M,PHARM D,I,126 Tremont Ave,,Kenmore,NY,36,14217,1,"Metropolitan area core: primary flow within an urbanized area of 50,000 and greater",US,Pharmacist,T,11,11,1930.06,11,11,*,,,,,*,,,11,1930.06,,0,0,,0,0,*,,,*,,,*,,,*,,,0,0,0,0,0,0,0,0,0,,0,0,0,*,,,*,,71.545454545455,,,,,,,,,0,0,0,,,,0.64472727272727
1548219041,Maung,Maung,,MD,I,13620 38th Ave Fl 4,Suite Cfc,Flushing,NY,36,11354,1,"Metropolitan area core: primary flow within an urbanized area of 50,000 and greater",US,Internal Medicine,S,14119,19349.233333333,1218147.18,571336,479,,13875,19093.233333333,1192740.57,563810,"#",,,2370,965741.07,,11406,241629.94,,343,10776.17,,13086,1101564.29,,1033,116582.89,,13156,1122007.13,,963,96140.05,0,0,0,0,0,0,0,0,0,,119,1565.47,94,*,,,*,,71.352818371608,,,,,258,221,,14,415,15,,27,398,81,0.9838920941817
1548220775,Barcomb,Alan,J,MD,I,41 Main St,,Oakfield,NY,36,14125,5,"Micropolitan high commuting: primary flow 30% or more to a urban cluster of 10,000 to 49,999",US,Family Practice,S,5936,13245.5,773036.32,387197,742,,5180,12066.366666667,673762.56,353902,,668,,992,608391.27,,4867,159945.01,,77,4700.04,,4095,515917.48,,1841,257118.84,,1139,188384.72,,4797,584651.6,292,35710.7,8657,63,4.9191374663073,75,27793.22,2684,15,25.684931506849,106,964.19,79,,16,2749.47,*,,73.125336927224,74,339,243,86,375,367,708,,0,,,19,98,644,0.99470687209225
1548250590,Fried,Steven,M,M.D.,I,8 Barstow Rd,Suite 1a,Great Neck,NY,36,11021,1,"Metropolitan area core: primary flow within an urbanized area of 50,000 and greater",US,Internal Medicine,S,3024,7083.0666666667,324325.21,207003,240,,2928,6891.2,310975.8,201267,"#",,,411,244962.6,,2594,78714.37,,19,648.24,,232,19933.62,,2792,304391.59,,395,45595.32,,2629,278729.89,44,806.96,891,15,1.4550264550265,0,0,0,0,0,113,7270.11,56,,18,2901.58,*,,75.808333333333,,,,,145,95,191,18,,,0,14,22,218,1.026303514008
1548286438,Moehs,Charles,J,MD,I,428 Washington St Ste 2,,Watertown,NY,36,13601,1,"Metropolitan area core: primary flow within an urbanized area of 50,000 and greater",US,Family Practice,S,832,868.96666666667,146467.18,12360,364,,447,479,74270.53,3367,,308,,452,88896.16,,380,57571.02,,0,0,,398,64996.85,,434,81470.33,,475,85715.79,,357,60751.39,,,,,,,,,,,11,158.27,,,0,0,,0,70.236263736264,56,206,78,24,198,166,329,,,,,21,91,273,0.94834317765568
1548303720,Choi,Shanna,H,M.D.,I,144 E 44th St,3rd Fl,New York,NY,36,10017,1,"Metropolitan area core: primary flow within an urbanized area of 50,000 and greater",US,Internal Medicine,S,5588,15201.566666667,212780.73,446177,823,,5445,14876.766666667,204582.11,437129,,794,,498,106511.55,,5040,103856.4,,50,2412.78,,5560,208873.78,,28,3906.95,,513,18987.56,,5075,193793.17,202,3497.35,3653,58,3.6148890479599,,,,,,62,642.43,56,*,,,*,,75.663426488457,29,368,295,131,554,269,534,30,142,92,0,25,72,751,1.0828516557266
1548323645,Popovtzer-Zolty,Einath,,,I,2300 Westchester Ave,,Bronx,NY,36,10462,1,"Metropolitan area core: primary flow within an urbanized area of 50,000 and greater",US,Internal Medicine,S,9163,20112.2,1625738.28,598578,782,,8028,17997.966666667,1363738.13,536105,,695,,2053,1454579.04,,6891,160579.93,,219,10579.31,,6638,1194766.1,,2525,430972.18,,5098,994143.01,,4065,631595.27,,,,,,,,,,,27,12312.34,21,,19,182.91,*,,73.837595907928,87,316,273,106,540,242,62,351,34,304,,,334,448,1.5186282846056
1548333552,Chan,Thomas,K,MD,I,198 Canal Street,Suite 602,New York,NY,36,10013,1,"Metropolitan area core: primary flow within an urbanized area of 50,000 and greater",US,Pulmonary Disease,S,20912,24027.2,2962134.08,686520,865,,20604,23710.533333333,2940288.95,677647,,851,"#",,,,12327,270919.73,*,,,,16589,2372947.75,,4323,589186.33,,19533,2844145.51,,1379,117988.57,0,0,0,0,0,0,0,0,0,,140,2725.61,68,,0,0,,0,76.700578034682,14,395,280,176,354,511,,,841,,0,20,768,97,1.5287995468862
1548391683,Teng,Susanna,,MD,I,154 W 71st St,,New York,NY,36,10023,1,"Metropolitan area core: primary flow within an urbanized area of 50,000 and greater",US,Internal Medicine,S,5131,11785.366666667,383771.01,347362,522,,4683,10957.633333333,317330.69,323349,,481,,571,281332.3,,4473,98154.56,,87,4284.15,,3816,313539.96,,1315,70231.05,,1316,144089.33,,3815,239681.68,28,2089.73,702,,0.54570259208731,0,0,0,,0,57,397.54,47,*,,,*,,74.666666666667,41,220,192,69,384,138,144,255,14,93,0,16,109,413,1.1055678713775
1548471998,Wolfgang,Nicholas,D,,I,1125 Ridge Rd,,Webster,NY,36,14580,1,"Metropolitan area core: primary flow within an urbanized area of 50,000 and greater",US,Pharmacist,T,19,19,3342.86,19,18,,19,19,3342.86,19,,18,,19,3342.86,,0,0,,0,0,"#",,,*,,,*,,,"#",,,0,0,0,0,0,0,0,0,0,,0,0,0,,0,0,,0,72.666666666667,0,13,,,,,15,0,,0,0,,,,0.59944444444444
1548641970,Yadon,Elliott,,FNP-C,I,701 Seneca St Ste 646c,,Buffalo,NY,36,14210,1,"Metropolitan area core: primary flow within an urbanized area of 50,000 and greater",US,Nurse Practitioner,S,6548,15224.633333333,677431.51,448214,1131,,6010,14114,573801.73,415474,,1063,,1022,543563.64,,5458,123840.5,,68,10027.37,,4816,430931.78,,1732,246499.73,,963,118304.5,,5585,559127.01,85,2434.44,2318,38,1.2981062919976,,,,,,114,5024.4,91,,20,198.93,*,,73.966401414677,68,567,358,138,616,515,1042,25,14,,,41,111,1020,1.1482162377279
1548644305,Fulater,Gina,,NP,I,55 Melroy Ave,,Lackawanna,NY,36,14218,1,"Metropolitan area core: primary flow within an urbanized area of 50,000 and greater",US,Nurse Practitioner,S,2842,5435.7,459442.71,154472,143,,2633,5033.5666666667,415477.76,143113,"#",,,664,353722.36,,2138,103714.56,,40,2005.79,"#",,,*,,,"#",,,*,,,185,7339.57,4935,37,6.5095003518649,66,3383.2,1959,15,35.675675675676,128,5115.31,36,,41,16866.53,*,,81.391608391608,,,,,120,23,122,13,,,0,,,,1.9333103448276
1548671886,Donnelly,Ryan,M,DO,I,6356 Nys Route 30,,Indian Lake,NY,36,12842,10,"Rural areas: primary flow to a tract outside a urbanized area of 50,000 and greater or UC",US,Family Practice,S,6661,15784.633333333,700710.44,463843,602,,5834,14285.466666667,593931.8,420569,,526,,889,539432.94,,5703,158365.82,,69,2911.68,,4060,414974.29,,2601,285736.15,,1376,216531.18,,5285,484179.26,176,2905.72,4256,36,2.6422459090227,,,,,,70,2520.89,45,,0,0,,0,72.514950166113,76,283,188,55,283,319,562,,,,0,25,104,498,1.010296929371
1558313932,Chan,Robin,Y,M.D,I,1508 Avenue U,,Brooklyn,NY,36,11229,1,"Metropolitan area core: primary flow within an urbanized area of 50,000 and greater",US,Internal Medicine,S,18950,29522.133333333,3611251.51,864583,740,,18226,28475.633333333,3465688.24,834377,,713,,5080,3014231.04,,13642,589757.35,,228,7263.12,,16668,3097669.9,,2282,513581.61,,18659,3590641.81,,291,20609.7,67,2059.99,1002,,0.35356200527704,21,1309.55,495,,31.34328358209,250,3310.62,165,,79,1406.3,,27,73.371621621622,27,435,196,82,410,330,,,721,,0,,709,31,1.0987631625671
1558314831,Sarkissian,Edmond,,MD,I,260 W Sunrise Hwy,Suite 200,Valley Stream,NY,36,11581,1,"Metropolitan area core: primary flow within an urbanized area of 50,000 and greater",US,Internal Medicine,S,8570,22489.933333333,844250.48,669748,769,,8160,21426.266666667,782049.96,638016,,727,,1018,633536.72,,7462,205579.96,,90,5133.8,,6349,635804.84,,2221,208445.64,,1354,193496.5,,7216,650753.98,19,162.24,252,,0.22170361726954,,,,,,50,341.35,36,*,,,*,,75.478543563069,42,344,250,133,426,343,189,456,,45,,39,128,641,1.1272160891709
1558372086,Healey,Gregory,,MD,I,25 Park St,,Canton,NY,36,13617,7,"Small town core: primary flow within an urban cluster of 2,500 to 9,999",US,Family Practice,S,38028,65342.666666667,4716918.3,1814375,2497,,31862,55869.566666667,3714382.78,1552223,,2204,,7148,3832868.54,,30608,866654.25,,272,17395.51,,13460,1368588.68,,24568,3348329.62,,16616,1922473.51,,21412,2794444.79,1806,222286.12,43212,260,4.7491322183654,201,86365.62,6129,22,11.129568106312,1081,35269.36,442,,420,32741.53,,55,73.075290348418,293,1208,684,312,1376,1121,2381,,,11,,89,557,1940,1.0085842085296
1558439281,Labarbera,Marianne,,MD,I,1776 Richmond Rd,,Staten Island,NY,36,10306,1,"Metropolitan area core: primary flow within an urbanized area of 50,000 and greater",US,Family Practice,S,2922,7132.1666666667,233643.22,211928,218,,2723,6767.8333333333,209045.54,201171,,204,"#",,,,2556,61786.9,*,,,,1196,69182.95,,1726,164460.27,,792,97763.7,,2130,135879.52,46,1207.41,1325,,1.574264202601,19,1020.09,570,,41.304347826087,28,259.09,19,*,,,*,,75.293577981651,14,102,66,36,164,54,154,30,,21,0,,45,173,1.1503126911315
1558451450,Diaz,Maria,C,MD,I,Mmg - University Avenue,105 West 188th Street,Bronx,NY,36,10468,1,"Metropolitan area core: primary flow within an urbanized area of 50,000 and greater",US,Internal Medicine,S,22563,32296.033333333,2014476.36,938726,722,,18723,27298.933333333,1616212.25,795574,,605,,3711,1715574.98,,18354,281826.17,,498,17075.21,,20153,1777265.62,,2410,237210.74,,21068,1887536.08,,1495,126940.28,419,3678.31,8211,80,1.8570225590569,,,,,,124,2410.3,81,,143,1727.04,,28,72.073407202216,117,341,185,79,558,164,19,52,17,632,,,624,98,1.3176762405337
1558455154,Baskin,David,,,I,185 West End Avenue,Suite 1m,New York,NY,36,10023,1,"Metropolitan area core: primary flow within an urbanized area of 50,000 and greater",US,Internal Medicine,S,4567,10279.433333333,378765.18,301083,611,,4555,10263.433333333,376477.97,300652,"#",,"#",,,,3886,107375.78,*,,,,833,57087.52,,3734,321677.66,,273,22407.65,,4294,356357.53,64,2757.72,1598,19,1.4013575651412,11,986.07,330,,17.1875,139,7259.7,79,,11,146.16,*,,78.561374795417,,,,,318,293,519,18,11,26,0,37,34,577,0.98491171925426
1558515320,Cobb,Aleksandra,,FNP,I,3030 Westchester Ave,,Purchase,NY,36,10577,1,"Metropolitan area core: primary flow within an urbanized area of 50,000 and greater",US,Nurse Practitioner,S,1635,1685.4333333333,99909.76,44410,122,,1620,1670.4333333333,98256.27,44110,"#",,"#",,,,1392,33858.21,*,,,,807,66756.12,,828,33153.64,,1622,99842.33,,13,67.43,35,641.58,939,20,2.1406727828746,,,,,,46,836.98,24,,59,5687.1,*,,89.368852459016,,,,,108,14,107,,,,0,,,,2.2038958702065
1558650663,Moore,Jillian,G,M.D.,I,10 S Pointe Lndg,Suite 250,Rochester,NY,36,14606,1,"Metropolitan area core: primary flow within an urbanized area of 50,000 and greater",US,Family Practice,S,1652,3190.6666666667,148284.71,89298,269,,1248,2432.4,71825,68370,,215,"#",,,,1464,60804.7,*,,,,1278,123668.59,,374,24616.12,,461,71347.6,,1191,76937.11,69,1556.35,1258,32,4.1767554479419,14,986.59,392,,20.289855072464,76,815.39,51,*,,,*,,69.397769516729,54,128,64,23,179,90,228,23,,,0,,63,206,1.0987587373268
1558728568,Bowen,Kelly,E,NP,I,196 North St,"Geneva General Hospital, Hospitalist Dept.",Geneva,NY,36,14456,4,"Micropolitan area core: primary flow within an urban cluster of 10,000 to 49,999",US,Nurse Practitioner,S,6075,12850.666666667,584510.42,375310,322,,4980,10935.4,487160.12,319839,,274,,834,450008.76,,5189,130221.98,,52,4279.68,,4747,485888.3,,1328,98622.12,,1651,169335.98,,4424,415174.44,243,6343.63,5858,37,4,0,0,0,0,0,102,2238.8,66,,23,3771.88,*,,72.934782608696,48,128,101,45,205,117,301,,0,,0,,71,251,1.1491731627404
1629224159,Alfonso,Jillian,,MD,I,3400 Bainbridge Ave,,Bronx,NY,36,10467,1,"Metropolitan area core: primary flow within an urbanized area of 50,000 and greater",US,Family Practice,S,10504,21513.266666667,1317378.76,630938,740,,8763,18501.633333333,1003874.7,543806,,634,,2052,1111134.48,,8134,193252.91,,318,12991.37,,8434,1063133.47,,2070,254245.29,,7279,961962.24,,3225,355416.52,,,,,,,,,,,139,1905.72,110,*,,,*,,72.1,106,338,230,66,585,155,71,280,,347,,20,381,359,1.316977959412
1629252663,Hsu,Angela,,M.D.,I,177 Fort Washington Ave,"6th Floor, Ctr 12",New York,NY,36,10032,1,"Metropolitan area core: primary flow within an urbanized area of 50,000 and greater",US,Internal Medicine,S,3539,8939.9,172553.3,261921,558,,3393,8632.7333333333,134932.94,252944,,540,,272,78609.37,,3245,93123.75,,22,820.18,"#",,,*,,,,305,15958.59,,3234,156594.71,127,35890.79,3003,22,3.5885843458604,25,3078.87,700,,19.685039370079,36,404.93,30,,56,963.73,,18,76.164874551971,18,203,249,88,329,229,311,59,109,49,0,30,40,518,1.0536475872908
1629257423,Mesmer,David,J,R.PH,I,635 Pittsford Victor Rd,,Pittsford,NY,36,14534,1,"Metropolitan area core: primary flow within an urbanized area of 50,000 and greater",US,Pharmacist,T,14,14,2343.63,14,11,,14,14,2343.63,14,,11,,14,2343.63,,0,0,,0,0,*,,,*,,,,0,0,,14,2343.63,0,0,0,0,0,0,0,0,0,,0,0,0,,0,0,,0,74.818181818182,0,,,,,,,0,,0,0,,0,11,0.57390909090909
1629270459,Dehaan,Elliot,N,MD,I,401 N Middletown Rd,"Attn: Dr. Elliot Dehaan, Building 190/Floor 4",Pearl River,NY,36,10965,1,"Metropolitan area core: primary flow within an urbanized area of 50,000 and greater",US,Internal Medicine,S,3428,4193.1,3702104.24,120200,134,,1193,1641.4333333333,1255834.2,47769,,57,,1682,3591050.45,,1696,109657.69,,50,1396.1,,1948,1828840.08,,1480,1873264.16,,2976,3215014.78,,452,487089.46,78,7504.84,1679,18,2.2753792298716,15,6616.63,438,,19.230769230769,85,1099.18,18,*,,,*,,59.761194029851,77,48,,,39,95,35,59,,37,0,,109,25,2.2176855073819
1629272810,Korni,Roopa,M,MD,I,2450 W Ridge Rd,Ste 202,Rochester,NY,36,14626,1,"Metropolitan area core: primary flow within an urbanized area of 50,000 and greater",US,Family Practice,S,9321,20799.966666667,778909.84,607590,459,,8104,18733.8,701929.46,547608,,407,,1023,552683.62,,8238,224115.91,,60,2110.31,,8047,638592.65,,1274,140317.19,,2001,197847.28,,7320,581062.56,354,8488.28,9435,61,3.797875764403,0,0,0,0,0,322,2871.71,178,*,,,*,,73.474945533769,52,196,151,60,261,198,369,52,,,,19,71,388,1.1380101109751
1629283791,Thomas,Kera,A,RPA-C,I,101 Pennsylvania Avenue,,Brooklyn,NY,36,11207,1,"Metropolitan area core: primary flow within an urbanized area of 50,000 and greater",US,Physician Assistant,S,4745,10581.766666667,441643.43,312064,652,,4049,9312.5333333333,372740.06,274669,,586,,702,331268.52,,3854,99121.07,,189,11253.84,,3269,304970.77,,1476,136672.66,,1928,199072.07,,2817,242571.36,0,0,0,0,0,0,0,0,0,,103,885,87,*,,,*,,73.799079754601,66,290,216,80,470,182,,550,,71,,21,184,468,1.2167134158351
1629300074,Bujno,Karen,,RPH,I,2084 State Route 208,,Montgomery,NY,36,12549,2,"Metropolitan area high commuting: primary flow 30% or more to a urbanized area of 50,000 and greater",US,Pharmacist,T,13,13,2322.52,13,12,"#",,,,,"#",,,13,2322.52,,0,0,,0,0,*,,,*,,,*,,,"#",,,0,0,0,0,0,0,0,0,0,,0,0,0,*,,,*,,71.416666666667,,,,,,,11,,0,0,0,,0,12,1.002
1629401294,Gulkar,Inna,,M.D.,I,259 1st St,,Mineola,NY,36,11501,1,"Metropolitan area core: primary flow within an urbanized area of 50,000 and greater",US,Internal Medicine,S,3900,10263.766666667,165516.8,301422,778,,3715,9820.0333333333,159678.68,288786,,741,,334,94599.69,,3494,68396.39,,72,2520.72,,3876,164061.88,,24,1454.92,,500,22483.59,,3400,143033.21,166,2964.23,3399,62,4.2564102564103,,,,,,78,953.15,52,,0,0,,0,75.340616966581,37,343,272,126,517,261,552,,65,97,,33,98,680,1.2410496389767
1629465158,Guan,Dandan,,PAC,I,132 Bowery Frnt 1,,New York,NY,36,10013,1,"Metropolitan area core: primary flow within an urbanized area of 50,000 and greater",US,Physician Assistant,S,7233,8456.5,1074770.53,247531,564,,7085,8288.4666666667,1044990.07,242612,,553,,1874,978120.51,,5244,93688.2,,115,2961.82,,6395,959105.7,,838,115664.83,,7087,1066549.47,,146,8221.06,0,0,0,0,0,0,0,0,0,,49,6488.59,44,*,,,*,,73.437943262411,11,366,133,54,285,279,,,551,,0,,538,26,0.91531751209877
1629470265,Gorrell,Mattison,,PA,I,535 Main St,,Olean,NY,36,14760,4,"Micropolitan area core: primary flow within an urban cluster of 10,000 to 49,999",US,Physician Assistant,S,3617,7756.5333333333,204087.74,225411,317,,2939,6648.0333333333,167448.24,193971,,271,,297,142318.86,,3299,60261.2,,21,1507.68,,2168,123292.88,,1449,80794.86,,1142,99312.74,,2475,104775,52,456.68,962,23,1.4376555156207,,,,,,99,1417.38,69,,12,493.98,*,,72.583596214511,46,136,104,31,178,139,311,,0,,0,,71,246,1.003146835443
1639140486,Rosenfeld,Howard,,MD,I,123 Grove Ave,Suite 102,Cedarhurst,NY,36,11516,1,"Metropolitan area core: primary flow within an urbanized area of 50,000 and greater",US,Internal Medicine,S,6438,12988.4,602866.31,379063,476,,6131,12444.6,557068.68,363409,,453,,1008,468987.89,,5399,131957.41,,31,1921.01,,1462,133813.58,,4976,469052.73,,1054,131680.57,,5384,471185.74,,,,,,,,,,,246,4322.84,160,,46,5886.22,,11,75.279411764706,23,220,152,81,248,228,400,25,,21,,26,56,420,1.1334539473497
1639142391,Phillips,Eric,C,D.O.,I,31 Arnot Rd,,Horseheads,NY,36,14845,1,"Metropolitan area core: primary flow within an urbanized area of 50,000 and greater",US,Family Practice,S,5636,11103.466666667,513475.28,323765,456,,4279,8784.9333333333,344187.07,256910,,354,,696,384414.16,,4854,125422.47,,86,3638.65,,3190,318033.99,,2446,195441.29,,2220,255447.74,,3416,258027.54,16,132.33,313,,0.28388928317956,0,0,0,,0,175,2124.75,130,,25,6890.38,*,,69.405701754386,102,214,103,37,218,238,424,12,,,0,12,131,325,1.0312457949617
1639153752,Patel,Dhansukhlal,M,M.D.,I,11 Park Ave,Suite 1k,Mount Vernon,NY,36,10550,1,"Metropolitan area core: primary flow within an urbanized area of 50,000 and greater",US,Internal Medicine,S,4192,8963,314605.01,263107,248,,3517,7684.9,272701.84,225583,,207,,506,241454.99,,3648,71608.21,,38,1541.81,,2717,193528.71,,1475,121076.3,,2913,209980.67,,1279,104624.34,103,826.13,2490,30,2.4570610687023,0,0,0,0,0,64,370.82,51,,47,412.16,,14,72.459677419355,41,104,76,27,125,123,20,134,21,55,,,140,108,1.0796303438073
1639162365,Sheridan,Bernadette,L,MD,I,1222 E 96th St,,Brooklyn,NY,36,11236,1,"Metropolitan area core: primary flow within an urbanized area of 50,000 and greater",US,Family Practice,S,5434,12848.2,802066.17,380357,539,,5123,12220.766666667,746173.57,362170,,495,,872,631517.67,,4433,165220.8,,129,5327.7,,3929,580071.55,,1505,221994.62,,2006,293807.68,,3428,508258.49,56,1388,1189,17,1.0305483989695,,,,,,24,164.31,19,,21,489.86,*,,74.875695732839,44,215,207,73,450,89,,484,,20,0,26,149,390,1.2953081249369
1639167679,Lee,Sophia,S,MD,I,155 Crystal Run Rd,,Middletown,NY,36,10941,1,"Metropolitan area core: primary flow within an urbanized area of 50,000 and greater",US,Internal Medicine,S,10658,19868.033333333,829500.89,563813,806,,9943,18669.066666667,782449.75,528989,,733,,1506,547102.33,,9104,279478.86,,48,2919.7,,2337,170582.86,,8321,658918.03,,4826,463896.71,,5832,365604.18,114,1935.54,2004,50,1.0696190654907,,,,,,204,5165.74,104,,133,4653.95,,20,74.32382133995,73,361,241,131,617,189,631,65,,68,,25,237,569,1.3066669275572
1639171143,Hall,George,,MD,I,241 Canal St,Suite 402,New York,NY,36,10013,1,"Metropolitan area core: primary flow within an urbanized area of 50,000 and greater",US,Internal Medicine,S,65359,81552.366666667,7075693.87,2383181,2304,,64065,80072.533333333,6940094.37,2340530,,2232,,12071,5832349.81,,52643,1222002.57,,645,21341.49,,55160,6085006.97,,10199,990686.9,,63256,6917264.62,,2103,158429.25,89,742.07,1023,45,0.13617099404826,0,0,0,0,0,696,7314.23,461,,280,4041.98,,55,74.535590277778,72,1279,626,327,1240,1064,,,2245,18,0,27,2115,189,1.2619181760987
1639172968,Saarie,Elizabeth,,MD,I,4939 Brittonfield Pkwy,Suite 101,East Yracuse,NY,36,13057,1,"Metropolitan area core: primary flow within an urbanized area of 50,000 and greater",US,Family Practice,S,4993,10985.066666667,432001.16,321750,646,,4266,9678.1,375099.83,283535,,570,,656,329709.39,,4254,98300.68,,83,3991.09,,3362,329418.02,,1631,102583.14,,1191,149947.65,,3802,282053.51,110,3545.16,2696,39,2.2030843180453,,,,,,128,1445.35,87,*,,,*,,72.078947368421,76,334,169,67,506,140,598,22,,,,17,92,554,0.96016749052267
1639205636,Byron,Paul,J,"MD,DO",I,500 Balltown Rd,,Schenectady,NY,36,12304,1,"Metropolitan area core: primary flow within an urbanized area of 50,000 and greater",US,Family Practice,S,4050,4216.7333333333,403446.81,113232,272,,1463,1540.5,161933.24,42501,,94,,376,277620.76,,3611,123664.43,,63,2161.62,*,,,"#",,,"#",,,*,,,104,1243.7,2264,38,2.5679012345679,0,0,0,0,0,100,31258.67,54,,58,3517.2,,12,57.992647058824,178,69,,,87,185,216,32,,,,14,,,1.3320854604978
1639214489,Lee,Shuk-Yi,,M.D.,I,139 Centre St,Room 603,New York,NY,36,10013,1,"Metropolitan area core: primary flow within an urbanized area of 50,000 and greater",US,Internal Medicine,S,6240,9986.2,596976.1,296633,372,,6167,9900.2,589462.8,294107,"#",,,794,428676.93,,5369,166572.2,,77,1726.97,,4637,446349,,1603,150627.1,,5349,511765.62,,891,85210.48,,,,,,,,,,,29,861.29,23,,31,634.12,*,,73.655913978495,,,,,254,118,,,355,0,0,13,264,108,0.94812609341478
1639254832,Culmine,John,,MD,I,2300 Westchester Ave,,Bronx,NY,36,10462,1,"Metropolitan area core: primary flow within an urbanized area of 50,000 and greater",US,Internal Medicine,S,11612,25088.033333333,1393809.47,741712,836,,10122,22521.2,1178485.83,667189,,745,,1830,1141370.9,,9436,236537.53,,346,15901.04,,9404,1087583.26,,2208,306226.21,,5546,663054.92,,6066,730754.55,31,148.38,328,13,0.2669652084051,0,0,0,0,0,86,4621.55,58,,17,79.93,*,,73.343301435407,91,372,279,94,509,327,136,308,32,332,,,295,541,1.2579826323005
1639356728,Yang,Peter,,,I,44 N Central Ave,,Valley Stream,NY,36,11580,1,"Metropolitan area core: primary flow within an urbanized area of 50,000 and greater",US,Pharmacist,T,40,40,7010.85,40,33,"#",,,,,"#",,,40,7010.85,,0,0,,0,0,,16,2520.02,,24,4490.83,"#",,,*,,,0,0,0,0,0,0,0,0,0,,0,0,0,*,,,*,,69.787878787879,,,,,16,17,,,,20,0,0,,,1.1310303030303
1639357882,Decker,Joseph,W,RPH.,I,40 Catherwood Rd,Pharmacy T-1508,Ithaca,NY,36,14850,1,"Metropolitan area core: primary flow within an urbanized area of 50,000 and greater",US,Pharmacist,T,24,24,3406.1,24,22,"#",,,,,"#",,,24,3406.1,,0,0,,0,0,*,,,"#",,,*,,,"#",,,0,0,0,0,0,0,0,0,0,,0,0,0,*,,,*,,74.727272727273,,,,,,,18,0,,0,0,,,,0.71845833333333
1639359805,Natale,Michael,S,RPH,I,2950 Ridge Rd W,,Rochester,NY,36,14626,1,"Metropolitan area core: primary flow within an urbanized area of 50,000 and greater",US,Pharmacist,T,36,36,6143.58,36,32,"#",,,,,"#",,,36,6143.58,,0,0,,0,0,,22,3958.11,,14,2185.47,,15,2636.9,,21,3506.68,0,0,0,0,0,0,0,0,0,,0,0,0,*,,,*,,71.40625,,,,,14,18,19,,0,,0,,12,20,1.239625
1639449069,Cai,Lu,,,I,8425 Elmhurst Ave,Unit P1,Elmhurst,NY,36,11373,1,"Metropolitan area core: primary flow within an urbanized area of 50,000 and greater",US,Internal Medicine,S,7518,9137.5333333333,772400.82,263503,262,,7502,9121.5333333333,768291.68,263046,"#",,,1471,632249.72,,5882,136955.5,,165,3195.6,,7494,772028.47,,24,372.35,,7258,757108.97,,260,15291.85,0,0,0,0,0,0,0,0,0,,149,1011.03,91,*,,,*,,72.301526717557,,,,,141,121,0,0,256,,0,,237,25,0.84880735479305
1639468010,Micelotta,Noa,,,I,210 Westchester Ave,,White Plains,NY,36,10604,1,"Metropolitan area core: primary flow within an urbanized area of 50,000 and greater",US,Internal Medicine,S,5035,11610.733333333,372644.84,341773,475,,4501,10840.533333333,316334.42,319376,,445,,573,253151.73,,4432,117817.43,,30,1675.68,,1596,61754.14,,3439,310890.7,,1161,156331.59,,3874,216313.25,,,,,,,,,,,77,789.55,54,,19,581.59,,11,73.532631578947,30,239,152,54,413,62,326,71,23,33,0,22,75,400,0.89757687796228
1639468267,Wang,Hongwei,,MD,I,1650 Grand Concourse,,Bronx,NY,36,10457,1,"Metropolitan area core: primary flow within an urbanized area of 50,000 and greater",US,Internal Medicine,S,5218,6029.4333333333,888216.4,175575,129,,5095,5905.4333333333,871403.36,172123,"#",,,1393,715571.79,,3682,169978.76,,143,2665.85,,5174,879515.01,,44,8701.39,,5081,871997.51,,137,16218.89,0,0,0,0,0,0,0,0,0,,29,346.83,22,,0,0,*,,71.682170542636,,,,,65,64,0,0,126,,0,,,,0.81571447028424
1649230020,Silverstein,Bruce,N,MD,I,5100 W Taft Rd,,Liverpool,NY,36,13088,1,"Metropolitan area core: primary flow within an urbanized area of 50,000 and greater",US,Family Practice,S,5040,11740.366666667,677187.88,343898,437,,4502,10651.266666667,602211.94,312296,,397,,813,577590.36,,4165,96102.12,,62,3495.4,,3399,464231.01,,1641,212956.87,,866,130983.13,,4174,546204.75,,,,,,,,,,,90,1651.28,57,,11,299.21,*,,72.713958810069,40,237,106,54,174,263,412,11,,,0,,54,383,1.0471126150477
1649251489,Shambo,Roger,B,MD,I,9559 Main Street,,Beaver Falls,NY,36,13305,2,"Metropolitan area high commuting: primary flow 30% or more to a urbanized area of 50,000 and greater",US,Family Practice,S,2315,5283.7666666667,122989.19,152801,209,,2000,4671.4333333333,110369.79,135589,,185,,216,71017.41,,2074,50918,,25,1053.78,,1327,67893.75,,988,55095.44,,634,38160.82,,1681,84828.37,20,139.75,289,,0.86393088552916,0,0,0,,0,94,1750.85,55,,0,0,,0,71.961722488038,24,110,61,14,106,103,198,0,0,,0,,43,166,0.86301754385965
1649261066,Patel,Kartik,,MD,I,45 Webster Commons Blvd,Ste 200,Webster,NY,36,14580,1,"Metropolitan area core: primary flow within an urbanized area of 50,000 and greater",US,Internal Medicine,S,18241,44522.633333333,1580023.52,1313321,1465,,16577,41522.866666667,1434326.41,1226462,,1330,,2075,1198486.28,,16120,378644.79,,46,2892.45,,15740,1375576.53,,2501,204446.99,,3808,402357.37,,14433,1177666.15,273,8672.46,7037,62,1.4966284743161,27,3666.82,920,,9.8901098901099,258,2382.95,185,,27,880.52,*,,73.660068259386,135,660,494,176,755,710,1283,38,45,,,69,202,1263,0.87858454801826
1649341595,Hahn,Steven,,,I,1400 Pelham Pkwy S,,Bronx,NY,36,10461,1,"Metropolitan area core: primary flow within an urbanized area of 50,000 and greater",US,Internal Medicine,S,2839,5984.3333333333,411745.14,177222,143,,2295,4979.2,304700.32,147700,,122,,592,349446.72,,2106,56153.29,,141,6145.13,,2346,337017.45,,493,74727.69,,2484,379101.22,,355,32643.92,0,0,0,0,0,0,0,0,0,,,,,*,,,*,,73.041958041958,21,59,49,14,84,59,15,33,,83,0,,114,29,1.6011653258192
1649510116,Allen,Edward,G,MD,I,450 Clarkson Ave,Box 67,Brooklyn,NY,36,11203,1,"Metropolitan area core: primary flow within an urbanized area of 50,000 and greater",US,Family Practice,S,3727,7908.1,797531.73,233361,221,,3026,6349.6,600491.96,187963,,187,,670,515898.34,,2991,277886.88,,66,3746.51,,2859,587045.41,,868,210486.32,,2998,740974.77,,729,56556.96,51,62467.11,1115,,1.3683928092299,,,,,,20,188.12,11,,0,0,,0,72.868778280543,34,93,64,30,139,82,,186,,,0,20,139,82,1.321684180257
1649517251,Jiang,Xiao-Hong,,M.D,I,139 Centre St,Suite 515,New York,NY,36,10013,1,"Metropolitan area core: primary flow within an urbanized area of 50,000 and greater",US,Internal Medicine,S,9296,17282.666666667,1566445.14,510012,692,,9071,16899.666666667,1497515.12,499021,,669,,1901,1315869.47,,7336,249358.65,,59,1217.02,,7731,1304272.83,,1565,262172.31,,8068,1468553.24,,1228,97891.9,,,,,,,,,,,62,640.25,53,,21,435.9,*,,76.625722543353,23,302,217,150,409,283,,0,657,,0,25,538,154,1.2351132587017
1649553470,Bohunicky,Brian,A,,I,37 Pennsylvania Ave,,Binghamton,NY,36,13903,1,"Metropolitan area core: primary flow within an urbanized area of 50,000 and greater",US,Pharmacist,T,18,19,2881.5,77,16,"#",,,,,"#",,,18,2881.5,,0,0,,0,0,"#",,,*,,,*,,,"#",,,0,0,0,0,0,0,0,0,0,,0,0,0,*,,,*,,72.125,,,,,,,11,,,,0,,,,0.8859375
1649596552,Hosaka,Mia,,D.O.,I,2 Clara Barton Dr,Suite 201,Albany,NY,36,12208,1,"Metropolitan area core: primary flow within an urbanized area of 50,000 and greater",US,Family Practice,S,1548,3619.6333333333,46624.69,105185,346,,1499,3529.2,45448.22,102702,,326,"#",,,,1371,24836.16,*,,,"#",,,*,,,,214,4976.15,,1334,41648.54,152,2742.17,3477,42,9.8191214470284,,,,,,,,,*,,,*,,73.647398843931,20,184,108,34,191,155,251,53,,16,,17,41,305,1.0762412946789
1649724386,Liao,Lucy,,NP,I,"19 Bowery, 2fl., Ste. 8",,New York,NY,36,10002,1,"Metropolitan area core: primary flow within an urbanized area of 50,000 and greater",US,Nurse Practitioner,S,6126,8597.9666666667,1463364.61,251689,537,,6045,8487.9666666667,1451793.75,248461,,522,,1696,1347521.21,,4362,111983.78,,68,3859.62,,5725,1376805.59,,401,86559.02,,5901,1405615.53,,225,57749.08,0,0,0,0,0,0,0,0,0,,64,668.7,50,,40,897.09,,15,75.230912476723,15,294,134,94,269,268,,,515,,0,,476,61,1.1830927782657
