Prscrbr_NPI,Prscrbr_Last_Org_Name,Prscrbr_First_Name,Prscrbr_City,Prscrbr_State_Abrvtn,Prscrbr_State_FIPS,Prscrbr_Type,Prscrbr_Type_Src,Brnd_Name,Gnrc_Name,Tot_Clms,Tot_30day_Fills,Tot_Day_Suply,Tot_Drug_Cst,Tot_Benes,GE65_Sprsn_Flag,GE65_Tot_Clms,GE65_Tot_30day_Fills,GE65_Tot_Drug_Cst,GE65_Tot_Day_Suply,GE65_Bene_Sprsn_Flag,GE65_Tot_Benes
1003155730,Yang,Yanjin,Brooklyn,NY,36,Internal Medicine,Claim-Specialty,Shingrix,Varicella-Zoster Ge/As01b/Pf,48,85,2347,6999.72,33,#,,,,,#,
1003182486,Frassino,Dominic,Yonkers,NY,36,Pharmacist,NPPES-Taxonomy,Shingrix,Varicella-Zoster Ge/As01b/Pf,28,28,28,4143.17,26,,28,28,4143.17,28,,26
1003192790,Norey,Edward,New York,NY,36,Pharmacist,NPPES-Taxonomy,Shingrix,Varicella-Zoster Ge/As01b/Pf,28,28,28,4562.64,24,#,,,,,#,
1003199670,Heinrichs,Phillip,Amsterdam,NY,36,Pharmacist,NPPES-Taxonomy,Shingrix,Varicella-Zoster Ge/As01b/Pf,13,13,13,2082.94,13,,13,13,2082.94,13,,13
1003251976,Brockway,Matthew,Penfield,NY,36,Internal Medicine,Claim-Specialty,Shingrix,Varicella-Zoster Ge/As01b/Pf,12,12,99,2187.37,,,12,12,2187.37,99,*,
1003809393,Kowalski,Peter,Williamsville,NY,36,Family Practice,Claim-Specialty,Shingrix,Varicella-Zoster Ge/As01b/Pf,21,21,21,3299.44,16,#,,,,,#,
1003813676,Cai,Min,Flushing,NY,36,Internal Medicine,Claim-Specialty,Adacel Tdap,"Diph,pertuss(Acell),tet Vac/Pf",13,13,71,630.33,13,,13,13,630.33,71,,13
1003813676,Cai,Min,Flushing,NY,36,Internal Medicine,Claim-Specialty,Boostrix Tdap,"Diphth,pertuss(Acell),tet Vac",28,28,550,1280.95,26,,28,28,1280.95,550,,26
1003813676,Cai,Min,Flushing,NY,36,Internal Medicine,Claim-Specialty,Zostavax,Zoster Vaccine Live/Pf,42,42,593,9525.03,42,#,,,,,#,
1003815952,Bearnot,Harris,New York,NY,36,Internal Medicine,Claim-Specialty,Shingrix,Varicella-Zoster Ge/As01b/Pf,29,29,58,4734.5,20,,29,29,4734.5,58,,20
1003819053,Laclair,Thomas,Camillus,NY,36,Family Practice,Claim-Specialty,Shingrix,Varicella-Zoster Ge/As01b/Pf,32,32,438,5289.87,18,,32,32,5289.87,438,,18
1003822172,Keil,Lynn,Queensbury,NY,36,Physician Assistant,Claim-Specialty,Shingrix,Varicella-Zoster Ge/As01b/Pf,15,15,15,2449.43,11,,15,15,2449.43,15,,11
1003860438,Bose,Reena,Buffalo,NY,36,Internal Medicine,Claim-Specialty,Shingrix,Varicella-Zoster Ge/As01b/Pf,26,26,114,4038.64,17,,26,26,4038.64,114,,17
1003879115,Rieger,Jill,New York,NY,36,Internal Medicine,Claim-Specialty,Shingrix,Varicella-Zoster Ge/As01b/Pf,30,35,414,4873.63,19,,30,35,4873.63,414,,19
1003880055,Choi,Susan,Apalachin,NY,36,Internal Medicine,Claim-Specialty,Adacel Tdap,"Diph,pertuss(Acell),tet Vac/Pf",21,21,253,1427.66,21,,21,21,1427.66,253,,21
1003880055,Choi,Susan,Apalachin,NY,36,Internal Medicine,Claim-Specialty,Shingrix,Varicella-Zoster Ge/As01b/Pf,24,24,285,3991.77,22,#,,,,,#,
1003880113,Cotton,Shawn,East Aurora,NY,36,Family Practice,Claim-Specialty,Adacel Tdap,"Diph,pertuss(Acell),tet Vac/Pf",11,11,11,685.85,11,,11,11,685.85,11,,11
1003880113,Cotton,Shawn,East Aurora,NY,36,Family Practice,Claim-Specialty,Shingrix,Varicella-Zoster Ge/As01b/Pf,22,22,22,3426.94,13,#,,,,,#,
1003881400,Lashbrook,Lorie,Westfield,NY,36,Family Practice,Claim-Specialty,Shingrix,Varicella-Zoster Ge/As01b/Pf,12,12,70,1938.47,,#,,,,,*,
1003882382,Hinman,Michael,Carthage,NY,36,Physician Assistant,Claim-Specialty,Shingrix,Varicella-Zoster Ge/As01b/Pf,15,15,218,2396.1,11,,15,15,2396.1,218,,11
1003884289,Kitchen,Timothy,Westfield,NY,36,Family Practice,Claim-Specialty,Shingrix,Varicella-Zoster Ge/As01b/Pf,24,29,435,3879.6,16,#,,,,,#,
1003917980,Kadet,Alan,New York,NY,36,Internal Medicine,Claim-Specialty,Shingrix,Varicella-Zoster Ge/As01b/Pf,26,28,231,4326.27,18,,26,28,4326.27,231,,18
1003918905,Mark,Richard,New York,NY,36,Internal Medicine,Claim-Specialty,Shingrix,Varicella-Zoster Ge/As01b/Pf,22,23,197,3500.45,17,,22,23,3500.45,197,,17
1003928953,Ram,Padma,Oswego,NY,36,Internal Medicine,Claim-Specialty,Shingrix,Varicella-Zoster Ge/As01b/Pf,15,15,218,2377.86,12,,15,15,2377.86,218,,12
1003945080,Faust,Michael,New York,NY,36,Internal Medicine,Claim-Specialty,Shingrix,Varicella-Zoster Ge/As01b/Pf,19,19,135,2999.36,13,,19,19,2999.36,135,,13
1003970948,Ozuna Mendez,Janny,New York,NY,36,Internal Medicine,Claim-Specialty,Boostrix Tdap,"Diphth,pertuss(Acell),tet Vac",19,19,425,1101.99,19,#,,,,,#,
1003970948,Ozuna Mendez,Janny,New York,NY,36,Internal Medicine,Claim-Specialty,Zostavax,Zoster Vaccine Live/Pf,16,16,422,3706.69,16,#,,,,,#,
1003976077,Lee,Kevin,Deer Park,NY,36,Internal Medicine,Claim-Specialty,Shingrix,Varicella-Zoster Ge/As01b/Pf,147,189.3,3360,23152.05,123,#,,,,,#,
1013001759,Klapowitz,Julian,New York,NY,36,Internal Medicine,Claim-Specialty,Shingrix,Varicella-Zoster Ge/As01b/Pf,13,13,129,2272.82,11,,13,13,2272.82,129,,11
1013010107,Zaso,John,East Meadow,NY,36,Pediatric Medicine,NPPES-Specialty,Shingrix,Varicella-Zoster Ge/As01b/Pf,24,24,24,3935.34,18,,24,24,3935.34,24,,18
1013011006,Racine,Maurice,Champlain,NY,36,Family Practice,Claim-Specialty,Shingrix,Varicella-Zoster Ge/As01b/Pf,12,12,12,1926.26,,*,,,,,*,
1013018068,Mattes,Leonard,New York,NY,36,Internal Medicine,Claim-Specialty,Shingrix,Varicella-Zoster Ge/As01b/Pf,21,21,21,3277.1,16,,21,21,3277.1,21,,16
1013019454,Bhagat,Anjni,Malone,NY,36,Internal Medicine,Claim-Specialty,Shingrix,Varicella-Zoster Ge/As01b/Pf,23,25,373,3642.94,14,,23,25,3642.94,373,,14
1013026665,Yoon,Julie,Rochester,NY,36,Internal Medicine,Claim-Specialty,Adacel Tdap,"Diph,pertuss(Acell),tet Vac/Pf",19,19,367,1292.78,19,#,,,,,#,
1013026665,Yoon,Julie,Rochester,NY,36,Internal Medicine,Claim-Specialty,Shingrix,Varicella-Zoster Ge/As01b/Pf,66,66,1255,11056.18,41,#,,,,,#,
1013057991,Sykes,Gerard,Bronx,NY,36,Internal Medicine,Claim-Specialty,Shingrix,Varicella-Zoster Ge/As01b/Pf,23,23,199,3518.66,17,#,,,,,#,
1013071620,Goikhberg,Marina,Staten Island,NY,36,Internal Medicine,Claim-Specialty,Shingrix,Varicella-Zoster Ge/As01b/Pf,21,21,224,3267.65,18,#,,,,,#,
1013077486,Mathew,Bindu,Ossining,NY,36,Family Practice,Claim-Specialty,Shingrix,Varicella-Zoster Ge/As01b/Pf,40,40,273,6399.55,34,#,,,,,#,
1013079011,Khanderia,Vikrant,New York,NY,36,Family Practice,Claim-Specialty,Boostrix Tdap,"Diphth,pertuss(Acell),tet Vac",16,16,480,829.44,16,,16,16,829.44,480,,16
1013079011,Khanderia,Vikrant,New York,NY,36,Family Practice,Claim-Specialty,Shingrix,Varicella-Zoster Ge/As01b/Pf,39,41,398,6128.97,33,#,,,,,#,
1013082254,Grabowski,Dariusz,Brooklyn,NY,36,Internal Medicine,Claim-Specialty,Boostrix Tdap,"Diphth,pertuss(Acell),tet Vac",28,30,146,1556.27,28,#,,,,,#,
1013082254,Grabowski,Dariusz,Brooklyn,NY,36,Internal Medicine,Claim-Specialty,Shingrix,Varicella-Zoster Ge/As01b/Pf,37,38,330,5690.16,35,#,,,,,#,
1013091941,Nicholson,Timothy,Burnt Hills,NY,36,Pediatric Medicine,Claim-Specialty,Shingrix,Varicella-Zoster Ge/As01b/Pf,32,32,380,6374.81,25,,32,32,6374.81,380,,25
1013105949,Boggs,Laura,Watertown,NY,36,Internal Medicine,Claim-Specialty,Shingrix,Varicella-Zoster Ge/As01b/Pf,22,22,167,3547.15,15,#,,,,,#,
1013109354,Martin,Jill,Scotia,NY,36,Nurse Practitioner,Claim-Specialty,Shingrix,Varicella-Zoster Ge/As01b/Pf,15,15,44,2547.95,11,,15,15,2547.95,44,,11
1013123579,O'brien,John,Cazenoviz,NY,36,Family Practice,Claim-Specialty,Shingrix,Varicella-Zoster Ge/As01b/Pf,39,39,590,6609.16,26,#,,,,,#,
1013160589,Bleier,Ava,Commack,NY,36,Pharmacist,NPPES-Taxonomy,Shingrix,Varicella-Zoster Ge/As01b/Pf,50,50,50,7089.74,41,,50,50,7089.74,50,,41
1013181072,Mroz,Melissa,Rochester,NY,36,Internal Medicine,Claim-Specialty,Shingrix,Varicella-Zoster Ge/As01b/Pf,13,13,158,2053.39,,,13,13,2053.39,158,*,
1013198886,Hashmi,Imaduddin,Brooklyn,NY,36,Family Practice,Claim-Specialty,Zostavax,Zoster Vaccine Live/Pf,20,20,368,4677.81,19,,20,20,4677.81,368,,19
1013230077,Landi,Philip,Buffalo,NY,36,Pharmacist,NPPES-Taxonomy,Shingrix,Varicella-Zoster Ge/As01b/Pf,24,24,24,3797.6,17,,24,24,3797.6,24,,17
1013272939,Kelley,Kristen,Greenwich,NY,36,Family Practice,Claim-Specialty,Shingrix,Varicella-Zoster Ge/As01b/Pf,11,11,69,1794.92,,*,,,,,*,
1013274638,Nichols,Kellyrose,Le Roy,NY,36,Family Practice,Claim-Specialty,Shingrix,Varicella-Zoster Ge/As01b/Pf,21,22,167,3446.49,17,,21,22,3446.49,167,,17
1013902444,Lebwohl,Mark,New York,NY,36,Dermatology,Claim-Specialty,Shingrix,Varicella-Zoster Ge/As01b/Pf,28,47,946,5415.25,26,,28,47,5415.25,946,,26
1013936798,Kernan,Michael,Fayetteville,NY,36,Family Practice,Claim-Specialty,Shingrix,Varicella-Zoster Ge/As01b/Pf,12,12,215,2018.79,12,#,,,,,#,
1013955475,Patel-Pannullo,Julie,Jamaica,NY,36,Internal Medicine,Claim-Specialty,Boostrix Tdap,"Diphth,pertuss(Acell),tet Vac",22,22,660,1120.48,22,#,,,,,#,
1013984392,Burack,Jedidiah,Brooklyn,NY,36,Internal Medicine,Claim-Specialty,Shingrix,Varicella-Zoster Ge/As01b/Pf,14,15,189,2182.87,12,#,,,,,#,
1013984392,Burack,Jedidiah,Brooklyn,NY,36,Internal Medicine,Claim-Specialty,Zostavax,Zoster Vaccine Live/Pf,12,12,273,3148.81,12,*,,,,,*,
1013986256,Carreras-Suchanick,Helen,Dunkirk,NY,36,Family Practice,Claim-Specialty,Shingrix,Varicella-Zoster Ge/As01b/Pf,14,14,14,2178.8,,#,,,,,*,
1023003027,Morelli,Daniel,Williamsville,NY,36,Family Practice,Claim-Specialty,Shingrix,Varicella-Zoster Ge/As01b/Pf,59,59,146,9337.16,36,#,,,,,#,
1023013059,Andin,Perla,New Windsor,NY,36,Internal Medicine,Claim-Specialty,Shingrix,Varicella-Zoster Ge/As01b/Pf,11,11,69,1774.18,,,11,11,1774.18,69,*,
1023036613,Grunseid,Fred,Brooklyn,NY,36,Internal Medicine,Claim-Specialty,Shingrix,Varicella-Zoster Ge/As01b/Pf,20,24,315,3166.12,16,,20,24,3166.12,315,,16
1023052065,Ferris,Lori,Caledonia,NY,36,Family Practice,Claim-Specialty,Shingrix,Varicella-Zoster Ge/As01b/Pf,40,40,533,6290.65,24,#,,,,,#,
1023092723,Taylor,Robert,Stone Ridge,NY,36,Family Practice,NPPES-Specialty,Shingrix,Varicella-Zoster Ge/As01b/Pf,37,37,37,6053.52,32,#,,,,,#,
1023101243,Lee,Jeffrey,Bronx,NY,36,Internal Medicine,Claim-Specialty,Boostrix Tdap,"Diphth,pertuss(Acell),tet Vac",12,12,360,775.32,12,#,,,,,#,
1023101243,Lee,Jeffrey,Bronx,NY,36,Internal Medicine,Claim-Specialty,Shingrix,Varicella-Zoster Ge/As01b/Pf,24,26,200,3777.71,21,,24,26,3777.71,200,,21
1023113610,Chen,Haifan,Flushing,NY,36,Family Practice,Claim-Specialty,Boostrix Tdap,"Diphth,pertuss(Acell),tet Vac",22,22,486,1390.78,21,#,,,,,#,
1023113610,Chen,Haifan,Flushing,NY,36,Family Practice,Claim-Specialty,Shingrix,Varicella-Zoster Ge/As01b/Pf,17,21,427,2726.04,15,#,,,,,#,
1023119039,Mazurov,Boris,Brooklyn,NY,36,Internal Medicine,Claim-Specialty,Shingrix,Varicella-Zoster Ge/As01b/Pf,28,36,675,5062.09,23,,28,36,5062.09,675,,23
1023133550,Rishe,Eric,New York,NY,36,Internal Medicine,NPPES-Taxonomy,Adacel Tdap,"Diph,pertuss(Acell),tet Vac/Pf",33,33,33,2106.43,33,#,,,,,#,
1023133550,Rishe,Eric,New York,NY,36,Internal Medicine,NPPES-Taxonomy,Boostrix Tdap,"Diphth,pertuss(Acell),tet Vac",366,368,542,21991.26,366,,305,307,18281.3,481,,305
1023133550,Rishe,Eric,New York,NY,36,Internal Medicine,NPPES-Taxonomy,Shingrix,Varicella-Zoster Ge/As01b/Pf,2526,2587,7948,406390.73,1857,,2311,2368,371634.05,7439,,1704
1023133550,Rishe,Eric,New York,NY,36,Internal Medicine,NPPES-Taxonomy,Zostavax,Zoster Vaccine Live/Pf,63,65,181,14835.89,63,#,,,,,#,
1023158268,Lewis,Stuart,New York,NY,36,General Practice,Claim-Specialty,Shingrix,Varicella-Zoster Ge/As01b/Pf,34,39,503,5453.69,26,,34,39,5453.69,503,,26
1023161056,Ibeabuchi,Onuora,Bronx,NY,36,Internal Medicine,NPPES-Specialty,Shingrix,Varicella-Zoster Ge/As01b/Pf,18,18,105,2870.61,17,#,,,,,#,
1023171949,Dalton,Patrick,New York,NY,36,Internal Medicine,Claim-Specialty,Shingrix,Varicella-Zoster Ge/As01b/Pf,19,19,251,2889.74,13,*,,,,,*,
1023186061,Smith,Brian,Liverpool,NY,36,Family Practice,Claim-Specialty,Adacel Tdap,"Diph,pertuss(Acell),tet Vac/Pf",18,18,395,1215.86,18,#,,,,,#,
1023191533,Kineke,Stephen,Halfmoon,NY,36,Family Practice,Claim-Specialty,Shingrix,Varicella-Zoster Ge/As01b/Pf,30,30,88,4801.75,26,#,,,,,#,
1023228996,Hassan,Humaira,Ithaca,NY,36,Internal Medicine,Claim-Specialty,Adacel Tdap,"Diph,pertuss(Acell),tet Vac/Pf",15,15,247,1076.65,15,#,,,,,#,
1023229242,Harris,Elizabeth,Bronx,NY,36,Internal Medicine,Claim-Specialty,Shingrix,Varicella-Zoster Ge/As01b/Pf,16,16,364,2179.75,11,,16,16,2179.75,364,,11
1023253572,Levine-Tanco,Karen,New York,NY,36,Internal Medicine,Claim-Specialty,Shingrix,Varicella-Zoster Ge/As01b/Pf,38,47,917,6190.38,24,,38,47,6190.38,917,,24
1023356623,Kosakyan,Tina,Bronx,NY,36,Internal Medicine,Claim-Specialty,Adacel Tdap,"Diph,pertuss(Acell),tet Vac/Pf",22,22,22,1012,22,,22,22,1012,22,,22
1023369394,Kim,Richard,Brooklyn,NY,36,Internal Medicine,Claim-Specialty,Boostrix Tdap,"Diphth,pertuss(Acell),tet Vac",23,23,690,1192.32,23,#,,,,,#,
1023446432,Lacayo Allen,Dorcas,Jamestown,NY,36,Family Practice,Claim-Specialty,Shingrix,Varicella-Zoster Ge/As01b/Pf,12,13,129,1955.11,,,12,13,1955.11,129,*,
1023488327,Mastrogiacomo,Veronica,Bronx,NY,36,Nurse Practitioner,Claim-Specialty,Shingrix,Varicella-Zoster Ge/As01b/Pf,19,19,77,3017.89,14,,19,19,3017.89,77,,14
1033101720,Zerbe,Daniel,Perry,NY,36,Family Practice,Claim-Specialty,Shingrix,Varicella-Zoster Ge/As01b/Pf,11,11,11,1792.16,,,11,11,1792.16,11,*,
1033104419,Loy,Martin,Staten Island,NY,36,Internal Medicine,Claim-Specialty,Boostrix Tdap,"Diphth,pertuss(Acell),tet Vac",12,12,99,765,12,*,,,,,*,
1033107529,Chen,Douglas,New York,NY,36,Internal Medicine,NPPES-Specialty,Shingrix,Varicella-Zoster Ge/As01b/Pf,11,15,450,1579,,,11,15,1579,450,*,
1033111265,"Grimshaw, Jr.",Robert,Yorktown Hts,NY,36,Internal Medicine,Claim-Specialty,Shingrix,Varicella-Zoster Ge/As01b/Pf,86,111,2112,12154.58,61,#,,,,,#,
1033131388,Pohlman,Amy,Orchard Park,NY,36,Physician Assistant,Claim-Specialty,Shingrix,Varicella-Zoster Ge/As01b/Pf,17,17,75,2682.87,11,,17,17,2682.87,75,,11
1033138755,Hunter,Philip,Charlton,NY,36,Family Practice,Claim-Specialty,Shingrix,Varicella-Zoster Ge/As01b/Pf,26,26,345,4934.24,19,,26,26,4934.24,345,,19
1033154315,Weisbrod,Leslie,Webster,NY,36,Family Practice,Claim-Specialty,Shingrix,Varicella-Zoster Ge/As01b/Pf,58,58,348,8955.57,34,,58,58,8955.57,348,,34
1033165345,Lau,On,New York,NY,36,Internal Medicine,Claim-Specialty,Boostrix Tdap,"Diphth,pertuss(Acell),tet Vac",20,20,281,830.75,20,#,,,,,#,
1033165345,Lau,On,New York,NY,36,Internal Medicine,Claim-Specialty,Shingrix,Varicella-Zoster Ge/As01b/Pf,13,17,365,1894.78,13,,13,17,1894.78,365,,13
1033165345,Lau,On,New York,NY,36,Internal Medicine,Claim-Specialty,Zostavax,Zoster Vaccine Live/Pf,33,35,325,7558.56,33,#,,,,,#,
1033172143,Huang,Huajun,Flushing,NY,36,Internal Medicine,Claim-Specialty,Shingrix,Varicella-Zoster Ge/As01b/Pf,67,67,1372,9681.16,41,,67,67,9681.16,1372,,41
1033174958,Pawlowski,David,Williamsville,NY,36,Family Practice,Claim-Specialty,Shingrix,Varicella-Zoster Ge/As01b/Pf,45,45,132,7044.45,30,#,,,,,#,
1033181649,Bowen,Kim,Buffalo,NY,36,Nurse Practitioner,Claim-Specialty,Shingrix,Varicella-Zoster Ge/As01b/Pf,14,14,73,2214.09,,,14,14,2214.09,73,*,
1033184205,Bolon,David,New York,NY,36,Cardiology,Claim-Specialty,Shingrix,Varicella-Zoster Ge/As01b/Pf,16,18,192,2575.28,13,,16,18,2575.28,192,,13
1033201959,Schierer,Calvin,Houghton,NY,36,Family Practice,Claim-Specialty,Shingrix,Varicella-Zoster Ge/As01b/Pf,23,23,23,3470.45,14,,23,23,3470.45,23,,14
1033224738,Kaplan,Philip,Manlius,NY,36,Family Practice,Claim-Specialty,Shingrix,Varicella-Zoster Ge/As01b/Pf,158,160,798,25292.29,88,,145,147,23181.73,727,#,
1033265244,Esposito,Teresa,Massapequa,NY,36,Family Practice,Claim-Specialty,Shingrix,Varicella-Zoster Ge/As01b/Pf,12,12,186,1911.88,11,,12,12,1911.88,186,,11
1033318449,Napolitano,Blaise,Riverhead,NY,36,Family Practice,Claim-Specialty,Shingrix,Varicella-Zoster Ge/As01b/Pf,12,12,99,1884.56,,,12,12,1884.56,99,*,
1033397187,Nguyen,Y-Uyen,New York,NY,36,Internal Medicine,NPPES-Specialty,Shingrix,Varicella-Zoster Ge/As01b/Pf,66,107,2920,9477.22,48,#,,,,,#,
1043204084,Shapiro,Deborah,West Nyack,NY,36,Pulmonary Disease,Claim-Specialty,Shingrix,Varicella-Zoster Ge/As01b/Pf,27,29,261,4357.89,20,#,,,,,#,
1043204258,Hunsiker,Celesta,New Hartford,NY,36,Internal Medicine,Claim-Specialty,Shingrix,Varicella-Zoster Ge/As01b/Pf,33,33,149,5331.9,30,,33,33,5331.9,149,,30
1043218951,Pisaniello,Martha,Lyons Falls,NY,36,Family Practice,Claim-Specialty,Shingrix,Varicella-Zoster Ge/As01b/Pf,11,13,187,1729.35,,*,,,,,*,
1043231848,Hoffmann,John,Brockport,NY,36,Emergency Medicine,Claim-Specialty,Boostrix Tdap,"Diphth,pertuss(Acell),tet Vac",12,12,215,757.61,12,*,,,,,*,
1043249378,Ryan,Gregory,Webster,NY,36,Family Practice,Claim-Specialty,Shingrix,Varicella-Zoster Ge/As01b/Pf,171,175,1830,26895.61,96,#,,,,,#,
1043256290,Carron,Cathy,New York,NY,36,Internal Medicine,Claim-Specialty,Shingrix,Varicella-Zoster Ge/As01b/Pf,34,34,208,5573.24,27,#,,,,,#,
1043269335,Garg,Pankaj,Brockport,NY,36,Internal Medicine,Claim-Specialty,Shingrix,Varicella-Zoster Ge/As01b/Pf,18,18,308,2845.22,,,18,18,2845.22,308,*,
1043272719,Maddela,Elizabeth,Staten Island,NY,36,Internal Medicine,Claim-Specialty,Shingrix,Varicella-Zoster Ge/As01b/Pf,11,13,129,1806.93,,,11,13,1806.93,129,*,
1043278849,Terwilliger,Megan,Rochester,NY,36,Internal Medicine,Claim-Specialty,Shingrix,Varicella-Zoster Ge/As01b/Pf,45,45,567,7391.36,28,#,,,,,#,
1043290208,Ramsaroop,Sharda,New York,NY,36,Internal Medicine,Claim-Specialty,Shingrix,Varicella-Zoster Ge/As01b/Pf,12,12,157,1910.16,,,12,12,1910.16,157,*,
1043303233,Klepper,James,Huntington,NY,36,Cardiology,Claim-Specialty,Shingrix,Varicella-Zoster Ge/As01b/Pf,25,25,199,4040.65,22,,25,25,4040.65,199,,22
1043306632,Gorczynski,Julie,New Hartford,NY,36,Physician Assistant,Claim-Specialty,Shingrix,Varicella-Zoster Ge/As01b/Pf,28,28,145,4459.75,24,#,,,,,#,
1043308695,Elfenbein,Jeffrey,Seaford,NY,36,Internal Medicine,Claim-Specialty,Shingrix,Varicella-Zoster Ge/As01b/Pf,21,23,168,3380.8,16,#,,,,,#,
1043309453,Lau,Amy,Bronx,NY,36,Internal Medicine,Claim-Specialty,Shingrix,Varicella-Zoster Ge/As01b/Pf,48,54,460,7525.37,35,#,,,,,#,
1043319973,Kuo,Tina,Flushing,NY,36,Internal Medicine,Claim-Specialty,Shingrix,Varicella-Zoster Ge/As01b/Pf,59,74,1292,8588.13,39,,59,74,8588.13,1292,,39
1043319973,Kuo,Tina,Flushing,NY,36,Internal Medicine,Claim-Specialty,Zostavax,Zoster Vaccine Live/Pf,14,14,217,3024.46,14,,14,14,3024.46,217,,14
1043347784,Doolin,Thomas,Amsterdam,NY,36,Physician Assistant,Claim-Specialty,Shingrix,Varicella-Zoster Ge/As01b/Pf,18,18,105,2947.4,14,,18,18,2947.4,105,,14
1043349012,Agarwal,Parag,Brooklyn,NY,36,Pharmacist,NPPES-Taxonomy,Adacel Tdap,"Diph,pertuss(Acell),tet Vac/Pf",14,14,14,898.26,14,,14,14,898.26,14,,14
1043349012,Agarwal,Parag,Brooklyn,NY,36,Pharmacist,NPPES-Taxonomy,Shingrix,Varicella-Zoster Ge/As01b/Pf,59,59,204,9511.68,34,#,,,,,#,
1043367204,Liguori,Michael,New York,NY,36,Internal Medicine,Claim-Specialty,Shingrix,Varicella-Zoster Ge/As01b/Pf,39,46,423,6345.8,30,#,,,,,#,
1043392616,Hodes,Leon,East Rockaway,NY,36,Internal Medicine,Claim-Specialty,Shingrix,Varicella-Zoster Ge/As01b/Pf,11,11,40,1802.74,11,,11,11,1802.74,40,,11
1043410897,Chow,Desiree,New York,NY,36,Internal Medicine,Claim-Specialty,Shingrix,Varicella-Zoster Ge/As01b/Pf,26,28,492,4175.74,15,#,,,,,#,
1043416365,Kodial,Sukhwinder,Williamsville,NY,36,Family Practice,Claim-Specialty,Shingrix,Varicella-Zoster Ge/As01b/Pf,21,21,79,3350.89,15,#,,,,,#,
1043425937,Mcphee,Catherine,Pittsford,NY,36,Family Practice,Claim-Specialty,Shingrix,Varicella-Zoster Ge/As01b/Pf,12,12,215,2031.88,,,12,12,2031.88,215,*,
1043466709,Locke,Elizabeth,Latham,NY,36,Family Practice,Claim-Specialty,Shingrix,Varicella-Zoster Ge/As01b/Pf,31,31,437,6072.26,24,,31,31,6072.26,437,,24
1043501646,Kotchev,Nicola,Bronx,NY,36,Internal Medicine,Claim-Specialty,Boostrix Tdap,"Diphth,pertuss(Acell),tet Vac",12,12,244,1063.72,12,*,,,,,*,
1043503246,Kessler,Jonathan,Kenmore,NY,36,Family Practice,Claim-Specialty,Boostrix Tdap,"Diphth,pertuss(Acell),tet Vac",11,11,243,768.41,11,,11,11,768.41,243,,11
1043503246,Kessler,Jonathan,Kenmore,NY,36,Family Practice,Claim-Specialty,Shingrix,Varicella-Zoster Ge/As01b/Pf,60,62,410,9516.77,45,#,,,,,#,
1043543069,Ren,Lili,Flushing,NY,36,Internal Medicine,Claim-Specialty,Shingrix,Varicella-Zoster Ge/As01b/Pf,26,31,466,3714.62,21,,26,31,3714.62,466,,21
1043543069,Ren,Lili,Flushing,NY,36,Internal Medicine,Claim-Specialty,Zostavax,Zoster Vaccine Live/Pf,11,12,128,2470.04,11,,11,12,2470.04,128,,11
1043647688,Przybelinski,Krista,Westfield,NY,36,Nurse Practitioner,Claim-Specialty,Shingrix,Varicella-Zoster Ge/As01b/Pf,13,13,13,2032.56,,*,,,,,*,
1053313940,Hartman,Barry,New York,NY,36,Infectious Disease,Claim-Specialty,Shingrix,Varicella-Zoster Ge/As01b/Pf,14,14,304,2841.01,11,#,,,,,*,
1053319509,Emy,John,New York,NY,36,Internal Medicine,Claim-Specialty,Shingrix,Varicella-Zoster Ge/As01b/Pf,49,53,604,7982.75,32,,49,53,7982.75,604,,32
1053325407,Li,Paul,Flushing,NY,36,Family Practice,Claim-Specialty,Shingrix,Varicella-Zoster Ge/As01b/Pf,29,39,735,4398.31,27,,29,39,4398.31,735,,27
1053343053,Gad,Dina,New York,NY,36,Internal Medicine,Claim-Specialty,Shingrix,Varicella-Zoster Ge/As01b/Pf,21,25,576,3602.96,16,,21,25,3602.96,576,,16
1053347401,Treihaft,Leonard,New Hyde Park,NY,36,Internal Medicine,Claim-Specialty,Shingrix,Varicella-Zoster Ge/As01b/Pf,17,17,46,2779.5,15,,17,17,2779.5,46,,15
1053371484,Pretto,Zorayda,White Plains,NY,36,Internal Medicine,Claim-Specialty,Shingrix,Varicella-Zoster Ge/As01b/Pf,11,16,218,1757.03,,*,,,,,*,
1053379420,Obrien,Edward,West Seneca,NY,36,Internal Medicine,Claim-Specialty,Shingrix,Varicella-Zoster Ge/As01b/Pf,11,11,11,1803.57,,,11,11,1803.57,11,*,
1053382283,Moorjani,Harish,Briarcliff Manor,NY,36,Infectious Disease,Claim-Specialty,Shingrix,Varicella-Zoster Ge/As01b/Pf,15,15,189,2315.31,,*,,,,,*,
1053393207,Ludwig,Samantha,Latham,NY,36,Family Practice,Claim-Specialty,Shingrix,Varicella-Zoster Ge/As01b/Pf,26,26,200,4500,20,,26,26,4500,200,,20
1053394106,Li,Jim,Flushing,NY,36,Family Practice,Claim-Specialty,Boostrix Tdap,"Diphth,pertuss(Acell),tet Vac",557,575,1563,33647.38,555,,524,538,31642.12,1352,,522
1053394106,Li,Jim,Flushing,NY,36,Family Practice,Claim-Specialty,Shingrix,Varicella-Zoster Ge/As01b/Pf,13409,13804,42957,2185605.78,9372,,13186,13574,2149353.15,42089,,9207
1053394106,Li,Jim,Flushing,NY,36,Family Practice,Claim-Specialty,Zostavax,Zoster Vaccine Live/Pf,49,49,194,11622.91,49,#,,,,,#,
1053417501,Patel,Madhu,New Hyde Park,NY,36,Internal Medicine,Claim-Specialty,Shingrix,Varicella-Zoster Ge/As01b/Pf,30,30,175,4884.1,25,#,,,,,#,
1053467886,Jacobson,Elizabeth,New York,NY,36,Internal Medicine,Claim-Specialty,Shingrix,Varicella-Zoster Ge/As01b/Pf,21,27,462,3911.85,14,,21,27,3911.85,462,,14
1053495390,Khodosh,Zinaida,Brooklyn,NY,36,Internal Medicine,Claim-Specialty,Shingrix,Varicella-Zoster Ge/As01b/Pf,21,26,537,3380.01,14,,21,26,3380.01,537,,14
1063410066,Singh,Sonjoy,Niagara Falls,NY,36,Family Practice,Claim-Specialty,Shingrix,Varicella-Zoster Ge/As01b/Pf,34,34,63,5380.79,27,,34,34,5380.79,63,,27
1063410108,Andres,Jerome,Niagara Falls,NY,36,Family Practice,Claim-Specialty,Shingrix,Varicella-Zoster Ge/As01b/Pf,16,16,74,2520.46,,,16,16,2520.46,74,*,
1063436210,Borghi-Cavallaro,Christine,Rochester,NY,36,Family Practice,Claim-Specialty,Shingrix,Varicella-Zoster Ge/As01b/Pf,26,26,258,4180.31,17,,26,26,4180.31,258,,17
1063442689,Krasner,Michael,Rochester,NY,36,Internal Medicine,Claim-Specialty,Shingrix,Varicella-Zoster Ge/As01b/Pf,38,40,446,6045.65,24,,38,40,6045.65,446,,24
1063459394,Roche,Robert,West Seneca,NY,36,Family Practice,Claim-Specialty,Shingrix,Varicella-Zoster Ge/As01b/Pf,36,36,181,5693.02,24,#,,,,,#,
1063464519,Kutler,Charles,Kingston,NY,36,Infectious Disease,Claim-Specialty,Shingrix,Varicella-Zoster Ge/As01b/Pf,19,28,637,2777.84,14,#,,,,,#,
1063468627,Shamekh,Shahram,Great Neck,NY,36,Internal Medicine,Claim-Specialty,Shingrix,Varicella-Zoster Ge/As01b/Pf,20,20,368,3150.24,20,#,,,,,#,
1063468627,Shamekh,Shahram,Great Neck,NY,36,Internal Medicine,Claim-Specialty,Zostavax,Zoster Vaccine Live/Pf,11,11,214,2104.88,,*,,,,,*,
1063483311,Gong,Lin,Brooklyn,NY,36,Internal Medicine,Claim-Specialty,Boostrix Tdap,"Diphth,pertuss(Acell),tet Vac",14,14,304,879.98,14,,14,14,879.98,304,,14
1063483311,Gong,Lin,Brooklyn,NY,36,Internal Medicine,Claim-Specialty,Zostavax,Zoster Vaccine Live/Pf,11,11,127,2546.94,11,,11,11,2546.94,127,,11
1063502870,Koo,Jimmy,Yorktown Heights,NY,36,Internal Medicine,Claim-Specialty,Shingrix,Varicella-Zoster Ge/As01b/Pf,14,16,248,2054.4,,,14,16,2054.4,248,*,
1063512002,Bergman,Mark,Huntington,NY,36,Cardiology,Claim-Specialty,Shingrix,Varicella-Zoster Ge/As01b/Pf,16,16,74,2575.23,14,#,,,,,#,
1063524155,Jackson,Christopher,Indian Lake,NY,36,Physician Assistant,Claim-Specialty,Shingrix,Varicella-Zoster Ge/As01b/Pf,20,20,49,3214.79,16,#,,,,,#,
1063524536,Rettagliata,George,Staten Island,NY,36,Internal Medicine,Claim-Specialty,Shingrix,Varicella-Zoster Ge/As01b/Pf,11,11,40,1700.17,,*,,,,,*,
1063532034,Shah,Rupal,Hempstead,NY,36,Geriatric Medicine,Claim-Specialty,Shingrix,Varicella-Zoster Ge/As01b/Pf,19,20,78,3081.58,14,,19,20,3081.58,78,,14
1063559797,Keil,Katherine,New York,NY,36,Internal Medicine,Claim-Specialty,Shingrix,Varicella-Zoster Ge/As01b/Pf,52,55,374,8397.4,36,,52,55,8397.4,374,,36
1063591832,Hsuih,Chun Hung,Brooklyn,NY,36,Internal Medicine,Claim-Specialty,Boostrix Tdap,"Diphth,pertuss(Acell),tet Vac",22,22,544,1062.04,16,,22,22,1062.04,544,,16
1063591832,Hsuih,Chun Hung,Brooklyn,NY,36,Internal Medicine,Claim-Specialty,Shingrix,Varicella-Zoster Ge/As01b/Pf,15,18,395,2321.28,14,#,,,,,#,
1063596823,Doucet,Christine,Patchogue,NY,36,Family Practice,Claim-Specialty,Shingrix,Varicella-Zoster Ge/As01b/Pf,17,19,222,2779.73,14,#,,,,,#,
1073535449,Ruh,Richard,Orchard Park,NY,36,Family Practice,Claim-Specialty,Shingrix,Varicella-Zoster Ge/As01b/Pf,12,12,12,2058.72,,,12,12,2058.72,12,*,
1073537361,Sherman,Eric,New York,NY,36,Internal Medicine,Claim-Specialty,Shingrix,Varicella-Zoster Ge/As01b/Pf,31,36,500,4926.4,23,,31,36,4926.4,500,,23
1073538351,D Angelo,Christopher,Rochester,NY,36,Internal Medicine,Claim-Specialty,Shingrix,Varicella-Zoster Ge/As01b/Pf,144,150,1919,22725.31,82,#,,,,,#,
1073549341,Lindgren,Elaine,Kingston,NY,36,Family Practice,Claim-Specialty,Adacel Tdap,"Diph,pertuss(Acell),tet Vac/Pf",14,14,14,837.88,14,#,,,,,#,
1073549341,Lindgren,Elaine,Kingston,NY,36,Family Practice,Claim-Specialty,Boostrix Tdap,"Diphth,pertuss(Acell),tet Vac",178,178,265,10809.74,177,,149,149,9046.97,178,,148
1073549341,Lindgren,Elaine,Kingston,NY,36,Family Practice,Claim-Specialty,Shingrix,Varicella-Zoster Ge/As01b/Pf,1911,1946,4586,311260.89,1505,,1806,1841,294115.2,4423,,1425
1073562187,Borden,Eric,Saratoga Springs,NY,36,Family Practice,Claim-Specialty,Shingrix,Varicella-Zoster Ge/As01b/Pf,40,40,98,6425.76,32,,40,40,6425.76,98,,32
1073573101,Cortes,Gabriel,Amherst,NY,36,Internal Medicine,Claim-Specialty,Shingrix,Varicella-Zoster Ge/As01b/Pf,14,14,72,2128.64,12,,14,14,2128.64,72,,12
1073574273,Sanchez,Ruth,Purchase,NY,36,Internal Medicine,Claim-Specialty,Shingrix,Varicella-Zoster Ge/As01b/Pf,13,14,130,2132.04,,#,,,,,*,
1073575429,Mcmullen,Michael,Rochester,NY,36,Family Practice,Claim-Specialty,Shingrix,Varicella-Zoster Ge/As01b/Pf,18,18,192,2924.31,15,#,,,,,#,
1073583738,Mazzei -Klokiw,Renata,Clifton Park,NY,36,Family Practice,Claim-Specialty,Boostrix Tdap,"Diphth,pertuss(Acell),tet Vac",11,11,40,1923.99,11,,11,11,1923.99,40,,11
1073583738,Mazzei -Klokiw,Renata,Clifton Park,NY,36,Family Practice,Claim-Specialty,Shingrix,Varicella-Zoster Ge/As01b/Pf,30,30,39,4707.86,19,,30,30,4707.86,39,,19
1073584017,Lilly,Sarah,New York,NY,36,Internal Medicine,Claim-Specialty,Shingrix,Varicella-Zoster Ge/As01b/Pf,32,34,266,4972.55,26,#,,,,,#,
1073610531,Falk,George,New York,NY,36,Internal Medicine,Claim-Specialty,Shingrix,Varicella-Zoster Ge/As01b/Pf,32,34,237,5247.16,30,#,,,,,#,
1073615225,Weinberg,Jed,Huntington,NY,36,Internal Medicine,Claim-Specialty,Shingrix,Varicella-Zoster Ge/As01b/Pf,15,17,162,2558.96,13,,15,17,2558.96,162,,13
1073629622,Kancharla,Madhavi,Sleepy Hollow,NY,36,Internal Medicine,Claim-Specialty,Shingrix,Varicella-Zoster Ge/As01b/Pf,31,33,265,4928.27,25,#,,,,,#,
1073671400,Chung,Sea,Flushing,NY,36,Internal Medicine,Claim-Specialty,Shingrix,Varicella-Zoster Ge/As01b/Pf,78,145,3973,12193.15,68,#,,,,,#,
1073671400,Chung,Sea,Flushing,NY,36,Internal Medicine,Claim-Specialty,Zostavax,Zoster Vaccine Live/Pf,32,45,804,7300.79,32,,32,45,7300.79,804,,32
1073693032,Parikh,Nita,Latham,NY,36,Internal Medicine,Claim-Specialty,Shingrix,Varicella-Zoster Ge/As01b/Pf,30,30,204,4855.37,23,#,,,,,#,
1073740122,King,Julie,Baldwinsville,NY,36,Family Practice,Claim-Specialty,Shingrix,Varicella-Zoster Ge/As01b/Pf,27,27,549,4506.64,24,#,,,,,#,
1073772638,Kim,Taegyun,Flushing,NY,36,Internal Medicine,Claim-Specialty,Shingrix,Varicella-Zoster Ge/As01b/Pf,23,48,1353,3880.17,19,,23,48,3880.17,1353,,19
1073772638,Kim,Taegyun,Flushing,NY,36,Internal Medicine,Claim-Specialty,Zostavax,Zoster Vaccine Live/Pf,17,17,220,3895.92,17,,17,17,3895.92,220,,17
1073830022,Robinson,Kristin,Albany,NY,36,Internal Medicine,Claim-Specialty,Shingrix,Varicella-Zoster Ge/As01b/Pf,12,12,12,2132.66,12,,12,12,2132.66,12,,12
1073842381,Vona,Vincent,Riverhead,NY,36,Pharmacist,NPPES-Taxonomy,Shingrix,Varicella-Zoster Ge/As01b/Pf,32,32,32,4582.9,25,,32,32,4582.9,32,,25
1073879862,Saadia,Meir,Brooklyn,NY,36,Internal Medicine,Claim-Specialty,Boostrix Tdap,"Diphth,pertuss(Acell),tet Vac",18,18,540,913.12,18,#,,,,,#,
1073890810,Stein,Scott,New York,NY,36,Geriatric Medicine,Claim-Specialty,Shingrix,Varicella-Zoster Ge/As01b/Pf,25,25,83,4040.88,23,#,,,,,#,
1073922316,Ponnam,Harikrishna Choudary,Mount Vernon,NY,36,Internal Medicine,Claim-Specialty,Boostrix Tdap,"Diphth,pertuss(Acell),tet Vac",11,11,330,741.97,11,*,,,,,*,
1083608418,Wehr,Matthew,Westfield,NY,36,Family Practice,Claim-Specialty,Shingrix,Varicella-Zoster Ge/As01b/Pf,25,26,113,4000.57,21,#,,,,,#,
1083630735,Trapasso,James,Cortlandt Manor,NY,36,Internal Medicine,Claim-Specialty,Shingrix,Varicella-Zoster Ge/As01b/Pf,24,25,83,3739.7,15,,24,25,3739.7,83,,15
1083638027,Martinke,David,Williamsville,NY,36,Family Practice,Claim-Specialty,Adacel Tdap,"Diph,pertuss(Acell),tet Vac/Pf",14,14,14,870.03,14,,14,14,870.03,14,,14
1083638027,Martinke,David,Williamsville,NY,36,Family Practice,Claim-Specialty,Shingrix,Varicella-Zoster Ge/As01b/Pf,14,14,72,2163.71,,,14,14,2163.71,72,*,
1083649560,Ellement,Patricia,Glens Falls,NY,36,Physician Assistant,Claim-Specialty,Shingrix,Varicella-Zoster Ge/As01b/Pf,17,17,94,2718.59,14,,17,17,2718.59,94,,14
1083662977,Lai,Cindy,New York,NY,36,Internal Medicine,Claim-Specialty,Shingrix,Varicella-Zoster Ge/As01b/Pf,29,33,380,4649.03,19,#,,,,,#,
1083667315,Shur,Irina,Bronx,NY,36,Internal Medicine,Claim-Specialty,Boostrix Tdap,"Diphth,pertuss(Acell),tet Vac",22,22,660,1440,22,#,,,,,#,
1083671325,Ziegler,Sharon,Ithaca,NY,36,Family Practice,Claim-Specialty,Shingrix,Varicella-Zoster Ge/As01b/Pf,17,19,193,2722.88,,,17,19,2722.88,193,*,
1083692271,Simon,David,Syracuse,NY,36,Internal Medicine,Claim-Specialty,Shingrix,Varicella-Zoster Ge/As01b/Pf,96,96,502,15441.73,56,#,,,,,#,
1083707244,Ross,Randy,Bronx,NY,36,Internal Medicine,Claim-Specialty,Boostrix Tdap,"Diphth,pertuss(Acell),tet Vac",14,14,420,904.54,14,#,,,,,#,
1083707244,Ross,Randy,Bronx,NY,36,Internal Medicine,Claim-Specialty,Shingrix,Varicella-Zoster Ge/As01b/Pf,17,17,17,2686.98,17,#,,,,,#,
1083712806,Rucker,Steve,New Hyde Park,NY,36,Nephrology,Claim-Specialty,Shingrix,Varicella-Zoster Ge/As01b/Pf,16,17,133,2571.94,11,#,,,,,*,
1083765531,Correa,Michael,New York,NY,36,Internal Medicine,Claim-Specialty,Shingrix,Varicella-Zoster Ge/As01b/Pf,13,13,158,1979.1,12,*,,,,,*,
1083766729,Rosenbluth,Adam,New York,NY,36,Cardiology,Claim-Specialty,Shingrix,Varicella-Zoster Ge/As01b/Pf,44,50,601,7180.58,37,,44,50,7180.58,601,,37
1083790430,Fares,Hassan,Cheektowaga,NY,36,Nurse Practitioner,Claim-Specialty,Shingrix,Varicella-Zoster Ge/As01b/Pf,34,34,208,5323.48,21,#,,,,,#,
1083900922,Kuhfta,Jeanne,Auburn,NY,36,Nurse Practitioner,Claim-Specialty,Shingrix,Varicella-Zoster Ge/As01b/Pf,17,19,396,2785.29,,#,,,,,*,
1083928428,Chen,Xing Lian,Brooklyn,NY,36,Nurse Practitioner,Claim-Specialty,Zostavax,Zoster Vaccine Live/Pf,12,12,273,2688.98,12,,12,12,2688.98,273,,12
1093065757,Pointon,Tracy,Rochester,NY,36,Physician Assistant,Claim-Specialty,Shingrix,Varicella-Zoster Ge/As01b/Pf,13,13,303,2021.82,,*,,,,,*,
1093119596,Kreuze,Jeanette,Bronx,NY,36,Nurse Practitioner,Claim-Specialty,Shingrix,Varicella-Zoster Ge/As01b/Pf,12,14,333,1860.25,11,#,,,,,*,
1093703696,Ramirez,Alvaro,Jackson Heights,NY,36,Family Practice,Claim-Specialty,Zostavax,Zoster Vaccine Live/Pf,11,11,214,2541.46,11,*,,,,,*,
1093711467,Lipton,Mitchell,Brooklyn,NY,36,Cardiology,Claim-Specialty,Shingrix,Varicella-Zoster Ge/As01b/Pf,16,18,163,2568.46,13,#,,,,,#,
1093729964,Schynoll,Gerald,Albany,NY,36,Internal Medicine,Claim-Specialty,Shingrix,Varicella-Zoster Ge/As01b/Pf,16,16,16,2705.52,13,,16,16,2705.52,16,,13
1093749285,Cahn-Hidalgo,Diego,Rochester,NY,36,Internal Medicine,Claim-Specialty,Adacel Tdap,"Diph,pertuss(Acell),tet Vac/Pf",28,28,608,1911.98,28,#,,,,,#,
1093749285,Cahn-Hidalgo,Diego,Rochester,NY,36,Internal Medicine,Claim-Specialty,Shingrix,Varicella-Zoster Ge/As01b/Pf,180,180,3080,30254.41,115,#,,,,,#,
1093769358,Mackellar,Bruce,Hornell,NY,36,Family Practice,Claim-Specialty,Shingrix,Varicella-Zoster Ge/As01b/Pf,151,181.1,3143,24071.01,87,#,,,,,#,
1093776445,Novelli,David,West Seneca,NY,36,Family Practice,Claim-Specialty,Havrix,Hepatitis A Virus Vaccine/Pf,26,26,26,2387.85,21,#,,,,,#,
1093776445,Novelli,David,West Seneca,NY,36,Family Practice,Claim-Specialty,Shingrix,Varicella-Zoster Ge/As01b/Pf,21,21,110,3499.64,17,#,,,,,#,
1093776445,Novelli,David,West Seneca,NY,36,Family Practice,Claim-Specialty,Typhim Vi,Typhoid Vi Polysacch Vaccine,25,25,25,3083.24,24,#,,,,,#,
1093777930,Wong,Min,Brooklyn,NY,36,Internal Medicine,Claim-Specialty,Shingrix,Varicella-Zoster Ge/As01b/Pf,42,54,1040,6028.66,37,#,,,,,#,
1093777930,Wong,Min,Brooklyn,NY,36,Internal Medicine,Claim-Specialty,Zostavax,Zoster Vaccine Live/Pf,27,29,493,5694.79,26,,27,29,5694.79,493,,26
1093780025,Pierce,Natalie,Sherman,NY,36,Physician Assistant,Claim-Specialty,Shingrix,Varicella-Zoster Ge/As01b/Pf,39,39,590,6045.53,27,#,,,,,#,
1093788374,Herzog,David,Rye,NY,36,Internal Medicine,Claim-Specialty,Shingrix,Varicella-Zoster Ge/As01b/Pf,19,19,135,2836.52,11,,19,19,2836.52,135,,11
1093793101,Chen,Henry,Brooklyn,NY,36,Internal Medicine,Claim-Specialty,Boostrix Tdap,"Diphth,pertuss(Acell),tet Vac",16,16,480,1160.55,16,#,,,,,#,
1093793101,Chen,Henry,Brooklyn,NY,36,Internal Medicine,Claim-Specialty,Shingrix,Varicella-Zoster Ge/As01b/Pf,74,133,3700,10285.04,59,#,,,,,#,
1093793101,Chen,Henry,Brooklyn,NY,36,Internal Medicine,Claim-Specialty,Zostavax,Zoster Vaccine Live/Pf,20,20,542,4024.13,20,#,,,,,#,
1093794547,Saltzman-Gabelman,Lori,White Plains,NY,36,Internal Medicine,Claim-Specialty,Shingrix,Varicella-Zoster Ge/As01b/Pf,11,11,156,1767.05,,,11,11,1767.05,156,*,
1093808255,Berk,Lee,Yonkers,NY,36,Internal Medicine,Claim-Specialty,Boostrix Tdap,"Diphth,pertuss(Acell),tet Vac",21,21,630,1356.81,21,,21,21,1356.81,630,,21
1093808255,Berk,Lee,Yonkers,NY,36,Internal Medicine,Claim-Specialty,Shingrix,Varicella-Zoster Ge/As01b/Pf,11,11,156,1760.44,,*,,,,,*,
1093873291,Pavels,Anita,Poughkeepsie,NY,36,Internal Medicine,Claim-Specialty,Shingrix,Varicella-Zoster Ge/As01b/Pf,25,25,141,3997.75,17,#,,,,,#,
1104036516,Cohen,Adam,Great Neck,NY,36,Internal Medicine,Claim-Specialty,Shingrix,Varicella-Zoster Ge/As01b/Pf,18,18,134,2815.19,14,,18,18,2815.19,134,,14
1104060870,Lineman,Erin,Rochester,NY,36,Family Practice,Claim-Specialty,Shingrix,Varicella-Zoster Ge/As01b/Pf,13,13,158,2198.29,12,#,,,,,#,
1104173632,Davis,Jenny,New York,NY,36,Nurse Practitioner,Claim-Specialty,Shingrix,Varicella-Zoster Ge/As01b/Pf,12,12,41,1982.05,,#,,,,,*,
1104261601,Bir,Jasmin,Buffalo,NY,36,Internal Medicine,Claim-Specialty,Adacel Tdap,"Diph,pertuss(Acell),tet Vac/Pf",16,16,16,736,16,#,,,,,#,
1104807981,Smith,Neil,Lawrence,NY,36,Family Practice,Claim-Specialty,Shingrix,Varicella-Zoster Ge/As01b/Pf,15,15,160,2517.28,12,,15,15,2517.28,160,,12
1104818640,Choi,Alexander,Flushing,NY,36,Internal Medicine,Claim-Specialty,Shingrix,Varicella-Zoster Ge/As01b/Pf,216,363.5,9687,34397.34,129,,216,363.5,34397.34,9687,,129
1104819010,Zaltsman,Helen,Brooklyn,NY,36,Internal Medicine,Claim-Specialty,Adacel Tdap,"Diph,pertuss(Acell),tet Vac/Pf",15,15,15,961.38,15,*,,,,,*,
1104819010,Zaltsman,Helen,Brooklyn,NY,36,Internal Medicine,Claim-Specialty,Boostrix Tdap,"Diphth,pertuss(Acell),tet Vac",234,244,708,13959.54,234,,212,218,12673.1,479,,212
1104819010,Zaltsman,Helen,Brooklyn,NY,36,Internal Medicine,Claim-Specialty,Shingrix,Varicella-Zoster Ge/As01b/Pf,3762,3872.7,11010,610140.62,2699,,3568,3674.7,578778.89,10551,,2559
1104819010,Zaltsman,Helen,Brooklyn,NY,36,Internal Medicine,Claim-Specialty,Zostavax,Zoster Vaccine Live/Pf,45,47,221,10695.47,45,#,,,,,#,
1104834324,Yeh,Qing,New York,NY,36,Internal Medicine,Claim-Specialty,Shingrix,Varicella-Zoster Ge/As01b/Pf,14,16,335,1998.36,14,,14,16,1998.36,335,,14
1104834324,Yeh,Qing,New York,NY,36,Internal Medicine,Claim-Specialty,Zostavax,Zoster Vaccine Live/Pf,63,63,1183,14347.04,63,,63,63,14347.04,1183,,63
1104840743,Lebeau,Dorothy,New York,NY,36,Internal Medicine,Claim-Specialty,Shingrix,Varicella-Zoster Ge/As01b/Pf,44,55,775,6924.57,36,,44,55,6924.57,775,,36
1104862986,Freeman,James,Elmira,NY,36,Rheumatology,Claim-Specialty,Shingrix,Varicella-Zoster Ge/As01b/Pf,11,11,11,1748.1,,*,,,,,*,
1104880624,Huselton,John,Webster,NY,36,Internal Medicine,Claim-Specialty,Shingrix,Varicella-Zoster Ge/As01b/Pf,50,50,543,7939.9,30,#,,,,,#,
1104886860,Macenat,Jean,Bronx,NY,36,Internal Medicine,Claim-Specialty,Zostavax,Zoster Vaccine Live/Pf,12,12,240,2688.79,12,*,,,,,*,
1104903988,Melamed,Jakob,Bronx,NY,36,Internal Medicine,Claim-Specialty,Shingrix,Varicella-Zoster Ge/As01b/Pf,22,23,400,3538.14,15,,22,23,3538.14,400,,15
1104924570,Ryan,William,Whitesboro,NY,36,Family Practice,Claim-Specialty,Shingrix,Varicella-Zoster Ge/As01b/Pf,56,56,172,8908.64,40,#,,,,,#,
1104933886,Guize,Stephanie,West Amherst,NY,36,Physician Assistant,Claim-Specialty,Shingrix,Varicella-Zoster Ge/As01b/Pf,14,14,14,2264.81,,#,,,,,*,
1104953777,Lin,Kevin,New York,NY,36,Internal Medicine,Claim-Specialty,Shingrix,Varicella-Zoster Ge/As01b/Pf,39,42,854,5661.64,28,,39,42,5661.64,854,,28
1104971589,Alam,Tasbirul,Jackson Heights,NY,36,Family Practice,NPPES-Specialty,Adacel Tdap,"Diph,pertuss(Acell),tet Vac/Pf",41,41,41,2630.81,41,#,,,,,#,
1104971589,Alam,Tasbirul,Jackson Heights,NY,36,Family Practice,NPPES-Specialty,Boostrix Tdap,"Diphth,pertuss(Acell),tet Vac",1264,1292,2975,74950.2,1263,,1151,1175,68189.8,2684,,1151
1104971589,Alam,Tasbirul,Jackson Heights,NY,36,Family Practice,NPPES-Specialty,Menactra,"Mening Vac A,c,y,w-135 Dip/Pf",21,21,21,2881.85,21,#,,,,,#,
1104971589,Alam,Tasbirul,Jackson Heights,NY,36,Family Practice,NPPES-Specialty,Shingrix,Varicella-Zoster Ge/As01b/Pf,13033,13363,38809,2113514.34,9530,,12478,12797,2023760.4,37286,,9146
1104971589,Alam,Tasbirul,Jackson Heights,NY,36,Family Practice,NPPES-Specialty,Zostavax,Zoster Vaccine Live/Pf,114,120,555,27113.95,114,#,,,,,#,
1114000494,Liang,Ellen,Flushing,NY,36,Internal Medicine,Claim-Specialty,Boostrix Tdap,"Diphth,pertuss(Acell),tet Vac",27,27,607,1758.38,27,#,,,,,#,
1114000494,Liang,Ellen,Flushing,NY,36,Internal Medicine,Claim-Specialty,Zostavax,Zoster Vaccine Live/Pf,22,22,428,5532.02,22,,22,22,5532.02,428,,22
1114006012,Zhao,Xiaoyuan,New York,NY,36,Internal Medicine,Claim-Specialty,Shingrix,Varicella-Zoster Ge/As01b/Pf,30,38,792,4399.71,26,,30,38,4399.71,792,,26
1114006012,Zhao,Xiaoyuan,New York,NY,36,Internal Medicine,Claim-Specialty,Zostavax,Zoster Vaccine Live/Pf,24,26,577,5442.89,24,,24,26,5442.89,577,,24
1114010337,Feinstein,Gabriel,Bronx,NY,36,Internal Medicine,Claim-Specialty,Boostrix Tdap,"Diphth,pertuss(Acell),tet Vac",14,14,420,904.54,14,#,,,,,#,
1114014800,Huberfeld,Seymour,New Hyde Park,NY,36,Critical Care (Intensivists),Claim-Specialty,Shingrix,Varicella-Zoster Ge/As01b/Pf,18,22,196,2958.27,12,,18,22,2958.27,196,,12
1114020237,Parker,Keith,Elmira,NY,36,Internal Medicine,Claim-Specialty,Shingrix,Varicella-Zoster Ge/As01b/Pf,16,16,103,2602.01,,,16,16,2602.01,103,*,
1114033057,Libby,Daniel,New York,NY,36,Pulmonary Disease,Claim-Specialty,Shingrix,Varicella-Zoster Ge/As01b/Pf,11,12,302,1663.84,,,11,12,1663.84,302,*,
1114035193,Mejia,Manuel,Bronx,NY,36,Internal Medicine,Claim-Specialty,Zostavax,Zoster Vaccine Live/Pf,107,107,513,23216.44,107,#,,,,,#,
1114039799,El Khoury,Naji,New Hartford,NY,36,Internal Medicine,Claim-Specialty,Boostrix Tdap,"Diphth,pertuss(Acell),tet Vac",29,29,43,1737.44,29,,29,29,1737.44,43,,29
1114039799,El Khoury,Naji,New Hartford,NY,36,Internal Medicine,Claim-Specialty,Shingrix,Varicella-Zoster Ge/As01b/Pf,22,22,51,3514.15,18,,22,22,3514.15,51,,18
1114102381,Varghese,Giti,Poughkeepsie,NY,36,Pharmacist,NPPES-Taxonomy,Adacel Tdap,"Diph,pertuss(Acell),tet Vac/Pf",33,33,33,2007.92,33,#,,,,,#,
1114102381,Varghese,Giti,Poughkeepsie,NY,36,Pharmacist,NPPES-Taxonomy,Shingrix,Varicella-Zoster Ge/As01b/Pf,43,43,101,6800.73,35,#,,,,,#,
1114102381,Varghese,Giti,Poughkeepsie,NY,36,Pharmacist,NPPES-Taxonomy,Twinrix,Hepatitis A And B Vaccine/Pf,11,11,11,1270.85,,*,,,,,*,
1114157013,Klein,Radoslava,Poughkeepsie,NY,36,Internal Medicine,Claim-Specialty,Shingrix,Varicella-Zoster Ge/As01b/Pf,20,20,20,2740.63,15,,20,20,2740.63,20,,15
1114162898,Wong,Jimmy,Mount Kisco,NY,36,Internal Medicine,Claim-Specialty,Shingrix,Varicella-Zoster Ge/As01b/Pf,97,99,390,14825.66,64,#,,,,,#,
1114168499,Thomas,Julie,Orchard Park,NY,36,Family Practice,Claim-Specialty,Shingrix,Varicella-Zoster Ge/As01b/Pf,25,26,142,3912.87,16,,25,26,3912.87,142,,16
1114244738,Ranaletta,Monica,Penfield,NY,36,Family Practice,Claim-Specialty,Shingrix,Varicella-Zoster Ge/As01b/Pf,13,13,247,1998.48,,,13,13,1998.48,247,*,
1114285426,Wu,Lina,Oswego,NY,36,Nurse Practitioner,NPPES-Specialty,Shingrix,Varicella-Zoster Ge/As01b/Pf,52,53,1039,7371.93,49,#,,,,,#,
1114368610,Kolaj,Brunilda,Syracuse,NY,36,Family Practice,Claim-Specialty,Shingrix,Varicella-Zoster Ge/As01b/Pf,15,15,73,2385.45,11,#,,,,,*,
1114909066,Manning,Karen,Springville,NY,36,Nurse Practitioner,Claim-Specialty,Shingrix,Varicella-Zoster Ge/As01b/Pf,11,11,181,1648.57,,*,,,,,*,
1114912367,Kalmuk,Eugene,Cheektowaga,NY,36,Internal Medicine,Claim-Specialty,Adacel Tdap,"Diph,pertuss(Acell),tet Vac/Pf",21,21,21,1336.4,21,,21,21,1336.4,21,,21
1114912367,Kalmuk,Eugene,Cheektowaga,NY,36,Internal Medicine,Claim-Specialty,Shingrix,Varicella-Zoster Ge/As01b/Pf,14,14,14,2158.36,11,,14,14,2158.36,14,,11
1114914090,Christiano,Peter,East Syracuse,NY,36,Family Practice,Claim-Specialty,Shingrix,Varicella-Zoster Ge/As01b/Pf,11,11,11,1781.68,,*,,,,,*,
1114923315,Mitgang,Charles,Rockville Centre,NY,36,Internal Medicine,Claim-Specialty,Shingrix,Varicella-Zoster Ge/As01b/Pf,15,15,73,2369.69,12,,15,15,2369.69,73,,12
1114925716,Daggett,Brian,Kinderhook,NY,36,Internal Medicine,Claim-Specialty,Shingrix,Varicella-Zoster Ge/As01b/Pf,60,62,236,9657.45,44,#,,,,,#,
1114934585,Novich,Robert,Larchmont,NY,36,Nephrology,Claim-Specialty,Shingrix,Varicella-Zoster Ge/As01b/Pf,69,79,1297,10066.54,47,,69,79,10066.54,1297,,47
1114941267,Harbison,Andrew,Williamsville,NY,36,Family Practice,Claim-Specialty,Shingrix,Varicella-Zoster Ge/As01b/Pf,35,35,93,5471.59,23,#,,,,,#,
1114955069,Donahue,Kathleen,Rochester,NY,36,Family Practice,Claim-Specialty,Shingrix,Varicella-Zoster Ge/As01b/Pf,19,19,425,2998.78,12,,19,19,2998.78,425,,12
1114968385,Chang,Jonathan,Brooklyn,NY,36,Family Practice,Claim-Specialty,Shingrix,Varicella-Zoster Ge/As01b/Pf,83,96,2735,11981.65,53,#,,,,,#,
1114968385,Chang,Jonathan,Brooklyn,NY,36,Family Practice,Claim-Specialty,Zostavax,Zoster Vaccine Live/Pf,36,38,1111,7899.51,36,,36,38,7899.51,1111,,36
1124008347,Lentz,Todd,Syracuse,NY,36,Internal Medicine,Claim-Specialty,Shingrix,Varicella-Zoster Ge/As01b/Pf,30,30,175,4805.61,19,,30,30,4805.61,175,,19
1124017249,Kandiah,Vigneswaran,Clinton,NY,36,Internal Medicine,Claim-Specialty,Shingrix,Varicella-Zoster Ge/As01b/Pf,186,186,702,29925.9,125,#,,,,,#,
1124030549,Meaker,Philip,Victor,NY,36,Internal Medicine,Claim-Specialty,Boostrix Tdap,"Diphth,pertuss(Acell),tet Vac",37,37,936,2428.64,33,,37,37,2428.64,936,,33
1124048707,Beylinson,Alexander,Staten Island,NY,36,Internal Medicine,Claim-Specialty,Shingrix,Varicella-Zoster Ge/As01b/Pf,11,12.8,94,1743.55,,*,,,,,*,
1124048780,Behar,Caren,White Plains,NY,36,Pediatric Medicine,Claim-Specialty,Shingrix,Varicella-Zoster Ge/As01b/Pf,13,13,274,2338.34,12,,13,13,2338.34,274,,12
1124054671,Wadhwani,Jai,Williamsville,NY,36,Cardiology,Claim-Specialty,Adacel Tdap,"Diph,pertuss(Acell),tet Vac/Pf",64,64,64,4028.89,64,,38,38,2386.07,38,,38
1124054671,Wadhwani,Jai,Williamsville,NY,36,Cardiology,Claim-Specialty,Boostrix Tdap,"Diphth,pertuss(Acell),tet Vac",870,870,1220,51089.76,869,,703,703,41062.09,1023,,702
1124054671,Wadhwani,Jai,Williamsville,NY,36,Cardiology,Claim-Specialty,Shingrix,Varicella-Zoster Ge/As01b/Pf,10305,10326,19607,1646158.59,6720,,9468,9486,1510095.36,17897,,6180
1124054671,Wadhwani,Jai,Williamsville,NY,36,Cardiology,Claim-Specialty,Tenivac,Tetanus-Diphtheria Toxoids/Pf,16,16,16,811.73,16,#,,,,,#,
1124054671,Wadhwani,Jai,Williamsville,NY,36,Cardiology,Claim-Specialty,Zostavax,Zoster Vaccine Live/Pf,46,46,104,10650.92,46,#,,,,,#,
1124062393,Scherpirro,Jodi,North Babylon,NY,36,Family Practice,Claim-Specialty,Shingrix,Varicella-Zoster Ge/As01b/Pf,11,11,11,1776.46,11,,11,11,1776.46,11,,11
1124080056,Gullickson,Donald,Buffalo,NY,36,Internal Medicine,Claim-Specialty,Adacel Tdap,"Diph,pertuss(Acell),tet Vac/Pf",11,11,11,682.02,11,*,,,,,*,
1124080056,Gullickson,Donald,Buffalo,NY,36,Internal Medicine,Claim-Specialty,Shingrix,Varicella-Zoster Ge/As01b/Pf,17,17,278,2872.7,16,#,,,,,#,
1124082011,Leung,Blanche,New York,NY,36,Internal Medicine,Claim-Specialty,Shingrix,Varicella-Zoster Ge/As01b/Pf,17,17,220,2700.9,12,,17,17,2700.9,220,,12
1124089552,Tong,Michael,Liverpool,NY,36,Family Practice,Claim-Specialty,Shingrix,Varicella-Zoster Ge/As01b/Pf,83,84,747,13279.09,58,,83,84,13279.09,747,,58
1124123823,Chung,Bruce,New York,NY,36,Family Practice,Claim-Specialty,Shingrix,Varicella-Zoster Ge/As01b/Pf,14,14,275,2663.42,12,,14,14,2663.42,275,,12
1124125703,Wang,John,New York,NY,36,Internal Medicine,Claim-Specialty,Shingrix,Varicella-Zoster Ge/As01b/Pf,32,37,385,5089.08,25,#,,,,,#,
1124190228,Stern,Leonard,New York,NY,36,Internal Medicine,NPPES-Taxonomy,Shingrix,Varicella-Zoster Ge/As01b/Pf,32,32,91,5143.61,26,,32,32,5143.61,91,,26
1124198304,Katzenelenbogen,Moshe,Brooklyn,NY,36,Internal Medicine,Claim-Specialty,Boostrix Tdap,"Diphth,pertuss(Acell),tet Vac",15,15,15,873.82,14,#,,,,,#,
1124198304,Katzenelenbogen,Moshe,Brooklyn,NY,36,Internal Medicine,Claim-Specialty,Shingrix,Varicella-Zoster Ge/As01b/Pf,93,99,708,15053.69,72,,93,99,15053.69,708,,72
1124248463,Hitzeman,Lawrence,New York,NY,36,Internal Medicine,Claim-Specialty,Shingrix,Varicella-Zoster Ge/As01b/Pf,21,24,314,3335.92,16,#,,,,,#,
1124311360,Sullivan,Mallory,Waterville,NY,36,Family Practice,Claim-Specialty,Shingrix,Varicella-Zoster Ge/As01b/Pf,18,18,20,2889.4,15,#,,,,,#,
1124337365,Lemankiewicz,Colleen,Buffalo,NY,36,Physician Assistant,Claim-Specialty,Shingrix,Varicella-Zoster Ge/As01b/Pf,15,15,73,2465.94,11,#,,,,,*,
1134104979,Anderson,Lori,Manlius,NY,36,Family Practice,Claim-Specialty,Shingrix,Varicella-Zoster Ge/As01b/Pf,19,19,77,3120.26,13,#,,,,,#,
1134118821,Bell,Michael,Warrensburg,NY,36,Family Practice,Claim-Specialty,Shingrix,Varicella-Zoster Ge/As01b/Pf,55,55,84,8747.21,36,#,,,,,#,
1134127699,Wahba,Eman,Rochester,NY,36,Internal Medicine,Claim-Specialty,Shingrix,Varicella-Zoster Ge/As01b/Pf,57,57,755,9003.27,38,,57,57,9003.27,755,,38
1134175359,Wolfson,Robert,Mount Kisco,NY,36,Internal Medicine,Claim-Specialty,Shingrix,Varicella-Zoster Ge/As01b/Pf,91,102,972,14162.84,68,,91,102,14162.84,972,,68
1134180052,Barbarotto,Paul,Rensselaer,NY,36,Family Practice,Claim-Specialty,Shingrix,Varicella-Zoster Ge/As01b/Pf,12,12,41,2143.92,11,#,,,,,*,
1134187537,Degrave,Thomas,Orchard Park,NY,36,Family Practice,Claim-Specialty,Boostrix Tdap,"Diphth,pertuss(Acell),tet Vac",25,25,54,1578.2,25,,25,25,1578.2,54,,25
1134187537,Degrave,Thomas,Orchard Park,NY,36,Family Practice,Claim-Specialty,Shingrix,Varicella-Zoster Ge/As01b/Pf,58,58,174,9324.17,41,,58,58,9324.17,174,,41
1134191026,Newberger,David,Williamsville,NY,36,Family Practice,Claim-Specialty,Shingrix,Varicella-Zoster Ge/As01b/Pf,32,33,179,5211.18,21,#,,,,,#,
1134195738,Lin,Tun,Elmhurst,NY,36,Internal Medicine,Claim-Specialty,Zostavax,Zoster Vaccine Live/Pf,22,22,544,4947.17,21,#,,,,,#,
1134196041,Darrow,Nicole,North Babylon,NY,36,Family Practice,Claim-Specialty,Adacel Tdap,"Diph,pertuss(Acell),tet Vac/Pf",20,20,107,1173.4,20,#,,,,,#,
1134196041,Darrow,Nicole,North Babylon,NY,36,Family Practice,Claim-Specialty,Boostrix Tdap,"Diphth,pertuss(Acell),tet Vac",37,37,182,2192.89,37,#,,,,,#,
1134196041,Darrow,Nicole,North Babylon,NY,36,Family Practice,Claim-Specialty,Shingrix,Varicella-Zoster Ge/As01b/Pf,1995,2016,13163,323121.73,1265,,1909,1930,309298.34,12410,,1212
1134200058,Kastner,Ron,Plainview,NY,36,Internal Medicine,Claim-Specialty,Shingrix,Varicella-Zoster Ge/As01b/Pf,67,72,913,10828.52,60,#,,,,,#,
1134226665,Zabezhanskaya,Marina,Brooklyn,NY,36,Dermatology,Claim-Specialty,Shingrix,Varicella-Zoster Ge/As01b/Pf,13,15,448,2119.26,,#,,,,,*,
1134235302,Noonan,Martin,Syracuse,NY,36,Internal Medicine,Claim-Specialty,Boostrix Tdap,"Diphth,pertuss(Acell),tet Vac",11,11,272,721.93,11,*,,,,,*,
1134278823,Foote,Colleen,Naples,NY,36,Physician Assistant,Claim-Specialty,Shingrix,Varicella-Zoster Ge/As01b/Pf,44,44,160,6860.06,23,#,,,,,#,
1134316938,Zhang,Xiaoxia,Flushing,NY,36,Family Practice,Claim-Specialty,Adacel Tdap,"Diph,pertuss(Acell),tet Vac/Pf",11,11,156,509.6,11,,11,11,509.6,156,,11
1134316938,Zhang,Xiaoxia,Flushing,NY,36,Family Practice,Claim-Specialty,Boostrix Tdap,"Diphth,pertuss(Acell),tet Vac",17,17,510,745.26,17,,17,17,745.26,510,,17
1134316938,Zhang,Xiaoxia,Flushing,NY,36,Family Practice,Claim-Specialty,Zostavax,Zoster Vaccine Live/Pf,21,32,762,4637.43,21,,21,32,4637.43,762,,21
1134356249,Rotella,Anthony,Fulton,NY,36,Family Practice,Claim-Specialty,Shingrix,Varicella-Zoster Ge/As01b/Pf,11,11,127,1754.02,,,11,11,1754.02,127,*,
1134485352,Desain,Mary,Rochester,NY,36,Internal Medicine,Claim-Specialty,Shingrix,Varicella-Zoster Ge/As01b/Pf,20,20,107,3226.26,14,#,,,,,#,
1134569502,Cellino,Alexandra,Orchard Park,NY,36,Physician Assistant,Claim-Specialty,Adacel Tdap,"Diph,pertuss(Acell),tet Vac/Pf",11,11,11,685.85,11,*,,,,,*,
1134569502,Cellino,Alexandra,Orchard Park,NY,36,Physician Assistant,Claim-Specialty,Shingrix,Varicella-Zoster Ge/As01b/Pf,40,40,214,6256.95,29,#,,,,,#,
1134597339,Snider,Andrew,East Syracuse,NY,36,Physician Assistant,Claim-Specialty,Shingrix,Varicella-Zoster Ge/As01b/Pf,12,12,70,1914.9,,,12,12,1914.9,70,*,
1144202482,Goltz,Hayden,Webster,NY,36,Internal Medicine,Claim-Specialty,Shingrix,Varicella-Zoster Ge/As01b/Pf,11,11,69,1690.24,,,11,11,1690.24,69,*,
1144221110,Lotsvin,Liliya,Bronx,NY,36,Internal Medicine,Claim-Specialty,Shingrix,Varicella-Zoster Ge/As01b/Pf,32,37,414,5043.76,26,,32,37,5043.76,414,,26
1144224551,Stone,Eileen,Syracuse,NY,36,Internal Medicine,Claim-Specialty,Shingrix,Varicella-Zoster Ge/As01b/Pf,17,17,163,2763.82,12,#,,,,,#,
1144256405,Koon,Wong,Flushing,NY,36,Internal Medicine,Claim-Specialty,Shingrix,Varicella-Zoster Ge/As01b/Pf,19,22,408,2924.07,17,#,,,,,#,
1144258476,Kaul,Vanita,Hicksville,NY,36,Internal Medicine,Claim-Specialty,Boostrix Tdap,"Diphth,pertuss(Acell),tet Vac",13,13,390,673.92,13,,13,13,673.92,390,,13
1144262379,Wesley,Kimberly,Clifton Springs,NY,36,Nurse Practitioner,NPPES-Specialty,Shingrix,Varicella-Zoster Ge/As01b/Pf,11,11,12,1670.22,,*,,,,,*,
1144262379,Wesley,Kimberly,Clifton Springs,NY,36,Nurse Practitioner,NPPES-Specialty,Twinrix,Hepatitis A And B Vaccine/Pf,16,16,16,1740,,*,,,,,*,
1144271917,Brum,Seth,Staten Island,NY,36,Internal Medicine,Claim-Specialty,Shingrix,Varicella-Zoster Ge/As01b/Pf,12,12,70,1909.58,11,#,,,,,*,
1144274150,Berk,Charles,Brooklyn,NY,36,Family Practice,Claim-Specialty,Shingrix,Varicella-Zoster Ge/As01b/Pf,13,13,100,2094.21,,,13,13,2094.21,100,*,
1144278474,Ashdown,Adrian,Hornell,NY,36,Family Practice,Claim-Specialty,Shingrix,Varicella-Zoster Ge/As01b/Pf,11,11,185,1750.76,,,11,11,1750.76,185,*,
1144286485,Corigliano,Joseph,Williamsville,NY,36,Family Practice,Claim-Specialty,Adacel Tdap,"Diph,pertuss(Acell),tet Vac/Pf",36,36,36,2242.11,36,#,,,,,#,
1144286485,Corigliano,Joseph,Williamsville,NY,36,Family Practice,Claim-Specialty,Shingrix,Varicella-Zoster Ge/As01b/Pf,15,15,15,2449.14,,,15,15,2449.14,15,*,
1144287467,Orbon,Paul,Garden City,NY,36,Allergy/ Immunology,Claim-Specialty,Boostrix Tdap,"Diphth,pertuss(Acell),tet Vac",16,16,480,853.76,16,#,,,,,#,
1144287467,Orbon,Paul,Garden City,NY,36,Allergy/ Immunology,Claim-Specialty,Shingrix,Varicella-Zoster Ge/As01b/Pf,24,28,376,3902.86,21,#,,,,,#,
1144288143,Guida,Charles,Southampton,NY,36,Internal Medicine,Claim-Specialty,Shingrix,Varicella-Zoster Ge/As01b/Pf,23,23,221,3595.79,21,#,,,,,#,
1144298175,Rodriguez,Rafael,Jackson Heights,NY,36,Internal Medicine,Claim-Specialty,Zostavax,Zoster Vaccine Live/Pf,12,12,157,2592.15,12,,12,12,2592.15,157,,12
1144302886,Enzien,Ernest,Delmar,NY,36,Family Practice,Claim-Specialty,Shingrix,Varicella-Zoster Ge/As01b/Pf,21,21,79,3494.05,19,,21,21,3494.05,79,,19
1144304908,Seaman,Tami,Latham,NY,36,Family Practice,Claim-Specialty,Shingrix,Varicella-Zoster Ge/As01b/Pf,18,18,163,3402.42,16,,18,18,3402.42,163,,16
1144315367,Taneja,Sanjay,Saratoga Springs,NY,36,Family Practice,Claim-Specialty,Adacel Tdap,"Diph,pertuss(Acell),tet Vac/Pf",38,38,76,2266.78,38,#,,,,,#,
1144315367,Taneja,Sanjay,Saratoga Springs,NY,36,Family Practice,Claim-Specialty,Boostrix Tdap,"Diphth,pertuss(Acell),tet Vac",216,216,361,12752.03,216,,198,198,11672.68,343,,198
1144315367,Taneja,Sanjay,Saratoga Springs,NY,36,Family Practice,Claim-Specialty,Shingrix,Varicella-Zoster Ge/As01b/Pf,3709,3725,6318,598212.44,2668,,3498,3512,563974.35,5733,,2522
1144315367,Taneja,Sanjay,Saratoga Springs,NY,36,Family Practice,Claim-Specialty,Zostavax,Zoster Vaccine Live/Pf,12,12,12,2830.85,12,*,,,,,*,
1144337122,Marcelo,Janette,Middle Village,NY,36,Internal Medicine,Claim-Specialty,Shingrix,Varicella-Zoster Ge/As01b/Pf,30,32,235,4810.15,24,,30,32,4810.15,235,,24
1144340225,Jung,Anthony,Flushing,NY,36,Internal Medicine,Claim-Specialty,Shingrix,Varicella-Zoster Ge/As01b/Pf,63,95,2270,9546.14,48,,63,95,9546.14,2270,,48
1144340225,Jung,Anthony,Flushing,NY,36,Internal Medicine,Claim-Specialty,Zostavax,Zoster Vaccine Live/Pf,11,11,98,2523.61,11,,11,11,2523.61,98,,11
1144374380,Kogan,Faina,Brooklyn,NY,36,Internal Medicine,Claim-Specialty,Shingrix,Varicella-Zoster Ge/As01b/Pf,18,19,77,2860.51,14,#,,,,,#,
1144378837,Burke,Robert,Horseheads,NY,36,Internal Medicine,Claim-Specialty,Shingrix,Varicella-Zoster Ge/As01b/Pf,60,61,235,9630.79,39,,60,61,9630.79,235,,39
1144394966,Lee,Edward,Flushing,NY,36,Internal Medicine,Claim-Specialty,Shingrix,Varicella-Zoster Ge/As01b/Pf,17,26,606,2589.06,11,,17,26,2589.06,606,,11
1154305266,Baker,Karen,Arcade,NY,36,Nurse Practitioner,Claim-Specialty,Shingrix,Varicella-Zoster Ge/As01b/Pf,18,18,105,3047.54,11,,18,18,3047.54,105,,11
1154316503,Shah,Parag,West Nyack,NY,36,Internal Medicine,Claim-Specialty,Shingrix,Varicella-Zoster Ge/As01b/Pf,18,18,221,3288.97,14,,18,18,3288.97,221,,14
1154322584,Mosse,Christine,New York,NY,36,Internal Medicine,Claim-Specialty,Boostrix Tdap,"Diphth,pertuss(Acell),tet Vac",19,19,48,1045.82,19,#,,,,,#,
1154322584,Mosse,Christine,New York,NY,36,Internal Medicine,Claim-Specialty,Zostavax,Zoster Vaccine Live/Pf,18,18,76,4188.81,18,#,,,,,#,
1154323780,Bariletti,Valerio,Suffern,NY,36,Internal Medicine,Claim-Specialty,Shingrix,Varicella-Zoster Ge/As01b/Pf,24,24,111,3894.69,21,#,,,,,#,
1154335222,Friedman,Sanford,New York,NY,36,Cardiology,Claim-Specialty,Shingrix,Varicella-Zoster Ge/As01b/Pf,100,100,2130,16573.29,63,,100,100,16573.29,2130,,63
1154345437,Huang,Amy Pang Fu,New York,NY,36,Internal Medicine,Claim-Specialty,Shingrix,Varicella-Zoster Ge/As01b/Pf,18,20,252,2886.25,12,,18,20,2886.25,252,,12
1154365559,Antfleck,Alan,Kenmore,NY,36,Internal Medicine,Claim-Specialty,Boostrix Tdap,"Diphth,pertuss(Acell),tet Vac",11,11,11,627.54,11,,11,11,627.54,11,,11
1154376432,Shedd,Nancy,Rochester,NY,36,Internal Medicine,Claim-Specialty,Shingrix,Varicella-Zoster Ge/As01b/Pf,31,31,205,4816.76,19,#,,,,,#,
1154377380,Childs,Marc,Brewster,NY,36,Pediatric Medicine,NPPES-Specialty,Shingrix,Varicella-Zoster Ge/As01b/Pf,110,113,577,17466.89,93,#,,,,,#,
1154388049,Ross,Lynne,North Tonawanda,NY,36,Family Practice,Claim-Specialty,Shingrix,Varicella-Zoster Ge/As01b/Pf,39,40,272,6156.16,30,#,,,,,#,
1154402808,Ward,Anna Marie,Norwich,NY,36,Family Practice,Claim-Specialty,Shingrix,Varicella-Zoster Ge/As01b/Pf,27,39,822,4246.93,18,#,,,,,#,
1154403855,Wein,Michael,Katonah,NY,36,Internal Medicine,Claim-Specialty,Shingrix,Varicella-Zoster Ge/As01b/Pf,27,27,85,4338.23,21,#,,,,,#,
1154417871,Lee,Chang,Flushing,NY,36,Internal Medicine,Claim-Specialty,Adacel Tdap,"Diph,pertuss(Acell),tet Vac/Pf",17,17,220,809.44,17,,17,17,809.44,220,,17
1154417871,Lee,Chang,Flushing,NY,36,Internal Medicine,Claim-Specialty,Boostrix Tdap,"Diphth,pertuss(Acell),tet Vac",13,13,158,782.19,13,,13,13,782.19,158,,13
1154417871,Lee,Chang,Flushing,NY,36,Internal Medicine,Claim-Specialty,Shingrix,Varicella-Zoster Ge/As01b/Pf,272,436,11079,39833.97,201,#,,,,,#,
1154417871,Lee,Chang,Flushing,NY,36,Internal Medicine,Claim-Specialty,Zostavax,Zoster Vaccine Live/Pf,23,23,313,5387.9,23,,23,23,5387.9,313,,23
1154418234,Etingin,Orli,New York,NY,36,Internal Medicine,Claim-Specialty,Shingrix,Varicella-Zoster Ge/As01b/Pf,13,13,158,2926.85,,,13,13,2926.85,158,*,
1154429215,Adebayo,Adegboyega,New York,NY,36,Internal Medicine,Claim-Specialty,Shingrix,Varicella-Zoster Ge/As01b/Pf,23,23,139,3594.76,21,,23,23,3594.76,139,,21
1154490530,Horowitz,Mark,New York,NY,36,Internal Medicine,Claim-Specialty,Shingrix,Varicella-Zoster Ge/As01b/Pf,16,16,219,4561.39,11,,16,16,4561.39,219,,11
1154497642,Zheng,Hanbin,New York,NY,36,Internal Medicine,Claim-Specialty,Shingrix,Varicella-Zoster Ge/As01b/Pf,338,378,7077,47780.06,232,#,,,,,#,
1154534410,Pablos-Mendez,Ariel,New York,NY,36,Internal Medicine,Claim-Specialty,Shingrix,Varicella-Zoster Ge/As01b/Pf,23,23,139,3652.13,17,#,,,,,#,
1154550523,Kessel,Lisa,Auburn,NY,36,Nurse Practitioner,Claim-Specialty,Shingrix,Varicella-Zoster Ge/As01b/Pf,21,21,253,3329.25,14,,21,21,3329.25,253,,14
1154581692,Brilliant,Rachelle,Troy,NY,36,Family Practice,Claim-Specialty,Shingrix,Varicella-Zoster Ge/As01b/Pf,36,36,181,5864.58,28,,36,36,5864.58,181,,28
1154588713,Kyaw,Soe,Saugerties,NY,36,Family Practice,Claim-Specialty,Shingrix,Varicella-Zoster Ge/As01b/Pf,14,14,106,2293.02,,,14,14,2293.02,106,*,
1154661619,Allen,Bradley,Watkins Glen,NY,36,Pharmacist,NPPES-Taxonomy,Shingrix,Varicella-Zoster Ge/As01b/Pf,28,28,86,4523.65,21,#,,,,,#,
1154865210,Adams,Brooke,Amherst,NY,36,Nurse Practitioner,Claim-Specialty,Boostrix Tdap,"Diphth,pertuss(Acell),tet Vac",14,14,43,809.32,14,,14,14,809.32,43,,14
1164420378,Reubens,Harold,Niagara Falls,NY,36,Family Practice,Claim-Specialty,Shingrix,Varicella-Zoster Ge/As01b/Pf,76,76,337,12020.73,54,#,,,,,#,
1164436515,Berkowitz,Harry,Brooklyn,NY,36,Internal Medicine,Claim-Specialty,Shingrix,Varicella-Zoster Ge/As01b/Pf,11,11,98,1686.73,,,11,11,1686.73,98,*,
1164447629,Jing,Wuhua,New York,NY,36,Internal Medicine,Claim-Specialty,Shingrix,Varicella-Zoster Ge/As01b/Pf,103,147,4265,15545.85,82,#,,,,,#,
1164457297,Esposito,Riccardo,Kingston,NY,36,Family Practice,Claim-Specialty,Shingrix,Varicella-Zoster Ge/As01b/Pf,384,390,773,62312.25,382,,366,372,59374.1,755,,364
1164459897,Buckley,John,Rochester,NY,36,Internal Medicine,Claim-Specialty,Boostrix Tdap,"Diphth,pertuss(Acell),tet Vac",24,24,140,1333.24,24,,24,24,1333.24,140,,24
1164467312,Churchill,Laura,Catskill,NY,36,Nurse Practitioner,Claim-Specialty,Shingrix,Varicella-Zoster Ge/As01b/Pf,35,35,35,5664.01,28,#,,,,,#,
1164467932,Budd,James,Rochester,NY,36,Internal Medicine,Claim-Specialty,Shingrix,Varicella-Zoster Ge/As01b/Pf,100,100,622,16045.85,58,,100,100,16045.85,622,,58
1164477238,Gordon,Emily,Middletown,NY,36,Internal Medicine,Claim-Specialty,Shingrix,Varicella-Zoster Ge/As01b/Pf,32,33,295,5120.38,26,,32,33,5120.38,295,,26
1164489803,Zoghlin,Benson,Hilton,NY,36,Family Practice,Claim-Specialty,Shingrix,Varicella-Zoster Ge/As01b/Pf,29,29,725,4846.26,29,#,,,,,#,
1164492054,Boykin,Roger,Jamaica,NY,36,Internal Medicine,Claim-Specialty,Shingrix,Varicella-Zoster Ge/As01b/Pf,17,17,162,2711.54,15,#,,,,,#,
1164499448,Buzzeo,Louis,Sleepy Hollow,NY,36,Nephrology,Claim-Specialty,Shingrix,Varicella-Zoster Ge/As01b/Pf,71,72,300,11437.49,55,,71,72,11437.49,300,,55
1164501219,Grant,Dov,New York,NY,36,Internal Medicine,Claim-Specialty,Shingrix,Varicella-Zoster Ge/As01b/Pf,21,21,50,3387.04,19,,21,21,3387.04,50,,19
1164515375,Weiner,Arthur,Bronx,NY,36,Internal Medicine,Claim-Specialty,Shingrix,Varicella-Zoster Ge/As01b/Pf,18,19,222,2763.92,16,,18,19,2763.92,222,,16
1164588554,Filipova,Olga,Brooklyn,NY,36,Internal Medicine,Claim-Specialty,Shingrix,Varicella-Zoster Ge/As01b/Pf,11,11,11,1763.79,11,*,,,,,*,
1164597498,Fairbanks Doane,Lauri,Liverpool,NY,36,Family Practice,Claim-Specialty,Adacel Tdap,"Diph,pertuss(Acell),tet Vac/Pf",20,20,455,1361.56,20,#,,,,,#,
1164685699,Wu,Duchu,New York,NY,36,Internal Medicine,NPPES-Specialty,Shingrix,Varicella-Zoster Ge/As01b/Pf,30,43,1145,4394.86,21,,30,43,4394.86,1145,,21
1164746970,Jose,Neetu,New York,NY,36,Family Practice,Claim-Specialty,Boostrix Tdap,"Diphth,pertuss(Acell),tet Vac",23,23,690,1205.09,23,#,,,,,#,
1174075824,Mcpartland,Patricia,Mount Kisco,NY,36,Nurse Practitioner,Claim-Specialty,Shingrix,Varicella-Zoster Ge/As01b/Pf,12,12,12,1742.37,,*,,,,,*,
1174501498,Brodey,Mitchell,Syracuse,NY,36,Infectious Disease,Claim-Specialty,Shingrix,Varicella-Zoster Ge/As01b/Pf,58,58,408,9345.21,38,#,,,,,#,
1174502504,Liu-Chen,Xinyue,Buffalo,NY,36,Family Practice,Claim-Specialty,Adacel Tdap,"Diph,pertuss(Acell),tet Vac/Pf",40,40,40,2483.35,40,#,,,,,#,
1174502850,Pastore,Paolo,Cicero,NY,36,Family Practice,Claim-Specialty,Shingrix,Varicella-Zoster Ge/As01b/Pf,70,70.9,388,11119.19,48,#,,,,,#,
1174502918,Johnson,Jenifer,Rye,NY,36,Family Practice,Claim-Specialty,Shingrix,Varicella-Zoster Ge/As01b/Pf,32,33,410,5080.77,24,#,,,,,#,
1174511000,Tan,Wei,Brooklyn,NY,36,Internal Medicine,Claim-Specialty,Shingrix,Varicella-Zoster Ge/As01b/Pf,13,13,216,2135.39,11,,13,13,2135.39,216,,11
1174550891,Hamilton,David,Rochester,NY,36,Internal Medicine,Claim-Specialty,Shingrix,Varicella-Zoster Ge/As01b/Pf,15,15,102,2369.47,,,15,15,2369.47,102,*,
1174555486,He,Yong,New York,NY,36,Internal Medicine,Claim-Specialty,Zostavax,Zoster Vaccine Live/Pf,27,27,520,6025.71,27,,27,27,6025.71,520,,27
1174567101,Friedman,Steven,Rockville Centre,NY,36,Gastroenterology,Claim-Specialty,Shingrix,Varicella-Zoster Ge/As01b/Pf,57,58,493,9001.19,35,,57,58,9001.19,493,,35
1174576391,Klares,Scott,Mount Kisco,NY,36,Pulmonary Disease,Claim-Specialty,Shingrix,Varicella-Zoster Ge/As01b/Pf,71,73,391,11224.27,47,#,,,,,#,
1174598999,Charnetski,Carl,Elmira,NY,36,Internal Medicine,Claim-Specialty,Shingrix,Varicella-Zoster Ge/As01b/Pf,37,37,182,5901.53,23,#,,,,,#,
1174623136,Romano,Paval,Huntington,NY,36,Cardiology,Claim-Specialty,Shingrix,Varicella-Zoster Ge/As01b/Pf,11,11,185,1777.49,,,11,11,1777.49,185,*,
1174641682,Guzman,Pedro,New York,NY,36,Physician Assistant,NPPES-Specialty,Zostavax,Zoster Vaccine Live/Pf,12,12,186,2395.1,12,*,,,,,*,
1174690101,Decoo,Ydelfonso,New York,NY,36,General Practice,Claim-Specialty,Shingrix,Varicella-Zoster Ge/As01b/Pf,11,11,40,1749.04,,*,,,,,*,
1174757249,Roseme-Frederic,Nathalie,Brooklyn,NY,36,Family Practice,Claim-Specialty,Shingrix,Varicella-Zoster Ge/As01b/Pf,14,15,160,2226.7,,#,,,,,*,
1174810808,Evellis,Shannon,Chestertown,NY,36,Physician Assistant,Claim-Specialty,Shingrix,Varicella-Zoster Ge/As01b/Pf,13,13,100,2109.06,,#,,,,,*,
1174830863,Mondelo,Doreen,Schenectady,NY,36,Family Practice,Claim-Specialty,Shingrix,Varicella-Zoster Ge/As01b/Pf,30,30,59,4832.53,23,,30,30,4832.53,59,,23
1174855456,Mushiyev,Aleksey,Woodhaven,NY,36,Pharmacist,NPPES-Taxonomy,Boostrix Tdap,"Diphth,pertuss(Acell),tet Vac",16,16,16,984.91,16,#,,,,,#,
1174855456,Mushiyev,Aleksey,Woodhaven,NY,36,Pharmacist,NPPES-Taxonomy,Shingrix,Varicella-Zoster Ge/As01b/Pf,75,75,104,12104.85,61,#,,,,,#,
1174921688,Niazova,Irina,Forest Hills,NY,36,Nurse Practitioner,Claim-Specialty,Boostrix Tdap,"Diphth,pertuss(Acell),tet Vac",20,20,600,1036.8,20,#,,,,,#,
1174936132,Jagadish,Abanthi,Rochester,NY,36,Internal Medicine,Claim-Specialty,Adacel Tdap,"Diph,pertuss(Acell),tet Vac/Pf",23,23,23,1058,23,#,,,,,#,
1184621153,Junke,Richard,Lockport,NY,36,Family Practice,Claim-Specialty,Shingrix,Varicella-Zoster Ge/As01b/Pf,14,14,43,2197.05,11,,14,14,2197.05,43,,11
1184623134,Emert,Roger,New York,NY,36,Internal Medicine,Claim-Specialty,Shingrix,Varicella-Zoster Ge/As01b/Pf,17,17,191,2780.34,14,#,,,,,#,
1184627358,Bergin,Margaret,Rochester,NY,36,Internal Medicine,Claim-Specialty,Shingrix,Varicella-Zoster Ge/As01b/Pf,32,32,409,5015.43,20,,32,32,5015.43,409,,20
1184645095,Athyal,Vidush,Rochester,NY,36,Family Practice,Claim-Specialty,Adacel Tdap,"Diph,pertuss(Acell),tet Vac/Pf",80,80,80,3680,80,#,,,,,#,
1184645095,Athyal,Vidush,Rochester,NY,36,Family Practice,Claim-Specialty,Havrix,Hepatitis A Virus Vaccine/Pf,276,276,276,16498,255,,263,263,15718,263,,243
1184645095,Athyal,Vidush,Rochester,NY,36,Family Practice,Claim-Specialty,Stamaril,Yellow Fever Vaccine Live/Pf,16,16,16,1248,16,,16,16,1248,16,,16
1184645095,Athyal,Vidush,Rochester,NY,36,Family Practice,Claim-Specialty,Tenivac,Tetanus-Diphtheria Toxoids/Pf,33,33,33,1023,33,,33,33,1023,33,,33
1184645095,Athyal,Vidush,Rochester,NY,36,Family Practice,Claim-Specialty,Typhim Vi,Typhoid Vi Polysacch Vaccine,137,137,137,15070,137,#,,,,,#,
1184651770,Robertson,John,New Hartford,NY,36,Family Practice,Claim-Specialty,Shingrix,Varicella-Zoster Ge/As01b/Pf,13,13,13,2021.28,11,#,,,,,*,
1184652067,Wildfeuer,Olga,Brooklyn,NY,36,Internal Medicine,NPPES-Specialty,Zostavax,Zoster Vaccine Live/Pf,11,11,330,2330.44,11,*,,,,,*,
1184660847,Schorr,Jeffrey,Wappingers Falls,NY,36,General Practice,NPPES-Taxonomy,Adacel Tdap,"Diph,pertuss(Acell),tet Vac/Pf",14,14,14,689.51,14,#,,,,,#,
1184700478,Shetty,Sharmilee,Smithtown,NY,36,Family Practice,Claim-Specialty,Boostrix Tdap,"Diphth,pertuss(Acell),tet Vac",12,12,360,801.13,12,,12,12,801.13,360,,12
1184727653,Sparks,Cheryl,Amsterdam,NY,36,Nurse Practitioner,Claim-Specialty,Shingrix,Varicella-Zoster Ge/As01b/Pf,19,21,168,2985.12,12,,19,21,2985.12,168,,12
1184794356,Baccellieri,Angelo,Bronx,NY,36,Emergency Medicine,Claim-Specialty,Shingrix,Varicella-Zoster Ge/As01b/Pf,219,259,5831,35743.35,167,#,,,,,#,
1184795981,Syvinluan,Maria,Vestal,NY,36,Family Practice,Claim-Specialty,Shingrix,Varicella-Zoster Ge/As01b/Pf,26,28,174,4118.44,20,,26,28,4118.44,174,,20
1184912578,Raghavan,Sreekala,Glen Oaks,NY,36,Internal Medicine,Claim-Specialty,Shingrix,Varicella-Zoster Ge/As01b/Pf,13,13,13,2098.86,,,13,13,2098.86,13,*,
1194039941,Nekvapil,Edward,Middletown,NY,36,Nurse Practitioner,NPPES-Specialty,Shingrix,Varicella-Zoster Ge/As01b/Pf,60,60,60,9502.09,37,,43,43,6797.29,43,,26
1194700161,Dursztman,Mark,New York,NY,36,Internal Medicine,Claim-Specialty,Shingrix,Varicella-Zoster Ge/As01b/Pf,14,14,101,2321.84,,,14,14,2321.84,101,*,
1194708818,Lozah,Mamdouh,Staten Island,NY,36,Internal Medicine,Claim-Specialty,Boostrix Tdap,"Diphth,pertuss(Acell),tet Vac",22,22,660,1140.48,22,#,,,,,#,
1194737361,Nagendra,Thambirajah,Wolcott,NY,36,Internal Medicine,Claim-Specialty,Boostrix Tdap,"Diphth,pertuss(Acell),tet Vac",21,21,427,1335.06,21,#,,,,,#,
1194737361,Nagendra,Thambirajah,Wolcott,NY,36,Internal Medicine,Claim-Specialty,Shingrix,Varicella-Zoster Ge/As01b/Pf,55,55,838,9219.77,33,#,,,,,#,
1194737486,Wang,Vincent,Flushing,NY,36,Internal Medicine,Claim-Specialty,Shingrix,Varicella-Zoster Ge/As01b/Pf,18,24,517,2537.63,12,,18,24,2537.63,517,,12
1194748822,Weiss,Philip,Kingston,NY,36,Family Practice,Claim-Specialty,Shingrix,Varicella-Zoster Ge/As01b/Pf,12,12,41,1820.82,,,12,12,1820.82,41,*,
1194752352,Mintz,Evan,Great Neck,NY,36,Internal Medicine,Claim-Specialty,Shingrix,Varicella-Zoster Ge/As01b/Pf,17,17,46,2776.24,14,,17,17,2776.24,46,,14
1194775536,Alpert,Barabara,Mount Kisco,NY,36,Internal Medicine,Claim-Specialty,Shingrix,Varicella-Zoster Ge/As01b/Pf,133,137,747,20846.35,99,,133,137,20846.35,747,,99
1194783415,Cole,Robert,Rochester,NY,36,Family Practice,Claim-Specialty,Shingrix,Varicella-Zoster Ge/As01b/Pf,78,78,2137,11598.37,59,#,,,,,#,
1194783852,Gross,Eric,Troy,NY,36,Internal Medicine,Claim-Specialty,Shingrix,Varicella-Zoster Ge/As01b/Pf,54,57,202,8673.77,38,#,,,,,#,
1194797837,Bekhor,David,New York,NY,36,Internal Medicine,Claim-Specialty,Shingrix,Varicella-Zoster Ge/As01b/Pf,18,18,424,2952.02,17,#,,,,,#,
1194799494,Lawton,David,East Aurora,NY,36,Family Practice,Claim-Specialty,Adacel Tdap,"Diph,pertuss(Acell),tet Vac/Pf",16,16,16,1038.48,15,,16,16,1038.48,16,,15
1194809293,Nagler,Jerry,New York,NY,36,Gastroenterology,Claim-Specialty,Shingrix,Varicella-Zoster Ge/As01b/Pf,15,19,251,2448.04,12,,15,19,2448.04,251,,12
1194810820,Denzien,Darlene,Binghamton,NY,36,Family Practice,Claim-Specialty,Shingrix,Varicella-Zoster Ge/As01b/Pf,11,11,69,2382.16,,*,,,,,*,
1194831610,Castellanos,Robert,Cortland,NY,36,Family Practice,Claim-Specialty,Adacel Tdap,"Diph,pertuss(Acell),tet Vac/Pf",14,14,217,942.88,14,#,,,,,#,
1194833129,Comninellis,Aris,White Plains,NY,36,Internal Medicine,Claim-Specialty,Shingrix,Varicella-Zoster Ge/As01b/Pf,28,28,260,4604.92,22,#,,,,,#,
1194883991,Lee,Stephen,Flushing,NY,36,Internal Medicine,Claim-Specialty,Shingrix,Varicella-Zoster Ge/As01b/Pf,16,22,486,2155.63,11,,16,22,2155.63,486,,11
1194909697,Stephenson,Lisa,Halfmoon,NY,36,Nurse Practitioner,Claim-Specialty,Shingrix,Varicella-Zoster Ge/As01b/Pf,11,11,98,2025.11,11,*,,,,,*,
1194910992,Chen,Mei-Hui,Flushing,NY,36,Internal Medicine,Claim-Specialty,Zostavax,Zoster Vaccine Live/Pf,14,14,217,3214.61,14,,14,14,3214.61,217,,14
1194943969,Bufton,Jeffrey,Rochester,NY,36,Pharmacist,NPPES-Taxonomy,Shingrix,Varicella-Zoster Ge/As01b/Pf,31,31,31,4985.34,27,,31,31,4985.34,31,,27
1205133204,Tran,Tony,Patchogue,NY,36,Family Practice,Claim-Specialty,Tenivac,Tetanus-Diphtheria Toxoids/Pf,18,18,18,558,18,#,,,,,#,
1205239571,Vladimirskiy,Igor,Brooklyn,NY,36,Pharmacist,NPPES-Taxonomy,Shingrix,Varicella-Zoster Ge/As01b/Pf,23,23,23,3793.32,22,,23,23,3793.32,23,,22
1205366267,Chan,Sandy,Brooklyn,NY,36,Nurse Practitioner,NPPES-Specialty,Shingrix,Varicella-Zoster Ge/As01b/Pf,69,90,1975,10059.37,57,,69,90,10059.37,1975,,57
1205815131,Levat,Jay,Purchase,NY,36,Internal Medicine,Claim-Specialty,Shingrix,Varicella-Zoster Ge/As01b/Pf,32,33,296,5525.69,25,,32,33,5525.69,296,,25
1205820313,Chapman,Jay,Pulaski,NY,36,Family Practice,NPPES-Specialty,Shingrix,Varicella-Zoster Ge/As01b/Pf,11,11,69,1798.94,,,11,11,1798.94,69,*,
1205834736,Jacobs,Steven,Poughkeepsie,NY,36,Geriatric Medicine,Claim-Specialty,Shingrix,Varicella-Zoster Ge/As01b/Pf,17,17,75,3031.64,12,,17,17,3031.64,75,,12
1205836772,Liberman,Jeffrey,Rochester,NY,36,Internal Medicine,Claim-Specialty,Adacel Tdap,"Diph,pertuss(Acell),tet Vac/Pf",15,15,363,1029.22,15,#,,,,,#,
1205836772,Liberman,Jeffrey,Rochester,NY,36,Internal Medicine,Claim-Specialty,Shingrix,Varicella-Zoster Ge/As01b/Pf,31,31,611,5205.06,19,#,,,,,#,
1205837515,Wiley,Jennifer,Troy,NY,36,Family Practice,Claim-Specialty,Shingrix,Varicella-Zoster Ge/As01b/Pf,37,41,507,6536.71,23,#,,,,,#,
1205839255,Goldberg,Steven,Great Neck,NY,36,Internal Medicine,Claim-Specialty,Shingrix,Varicella-Zoster Ge/As01b/Pf,19,19,164,2968.65,18,,19,19,2968.65,164,,18
1205842184,Oconnor,Terence,Orchard Park,NY,36,Internal Medicine,Claim-Specialty,Shingrix,Varicella-Zoster Ge/As01b/Pf,16,16,74,2677.42,12,#,,,,,#,
1205851516,Vogel,Brian,Massapequa Park,NY,36,Internal Medicine,Claim-Specialty,Shingrix,Varicella-Zoster Ge/As01b/Pf,22,23,139,3371.33,20,,22,23,3371.33,139,,20
1205853926,Loehr,James,Ithaca,NY,36,Family Practice,Claim-Specialty,Shingrix,Varicella-Zoster Ge/As01b/Pf,207,213,3867,33394.44,114,#,,,,,#,
1205863008,Evans,Lara,Rochester,NY,36,Internal Medicine,Claim-Specialty,Shingrix,Varicella-Zoster Ge/As01b/Pf,13,13,158,2465.78,,,13,13,2465.78,158,*,
1205876380,Cohen,Donald,Armonk,NY,36,Emergency Medicine,Claim-Specialty,Shingrix,Varicella-Zoster Ge/As01b/Pf,59,59,407,9295.28,42,,59,59,9295.28,407,,42
1205893591,Dombrowski,Jacqueline,Orchard Park,NY,36,Internal Medicine,Claim-Specialty,Shingrix,Varicella-Zoster Ge/As01b/Pf,44,44,140,7002.25,29,,44,44,7002.25,140,,29
1205910999,Bae,Stewart,Flushing,NY,36,Internal Medicine,Claim-Specialty,Shingrix,Varicella-Zoster Ge/As01b/Pf,15,16,190,2409.49,13,,15,16,2409.49,190,,13
1205914348,Park,Christina,Great Neck,NY,36,Internal Medicine,Claim-Specialty,Shingrix,Varicella-Zoster Ge/As01b/Pf,20,21,166,3178.19,17,,20,21,3178.19,166,,17
1205916335,Saponara,Eduardo,Bronxville,NY,36,Hematology-Oncology,Claim-Specialty,Shingrix,Varicella-Zoster Ge/As01b/Pf,23,27,462,3640.62,20,,23,27,3640.62,462,,20
1205919115,Seodat,Vishnudat,Riverhead,NY,36,Family Practice,Claim-Specialty,Shingrix,Varicella-Zoster Ge/As01b/Pf,41,44,397,6535.16,33,#,,,,,#,
1205928694,Guo,Kevin,New York,NY,36,Internal Medicine,Claim-Specialty,Boostrix Tdap,"Diphth,pertuss(Acell),tet Vac",48,48,843,2040.53,48,#,,,,,#,
1205928694,Guo,Kevin,New York,NY,36,Internal Medicine,Claim-Specialty,Shingrix,Varicella-Zoster Ge/As01b/Pf,20,25,518,2785.6,18,#,,,,,#,
1205929221,Cohen,Richard,New York,NY,36,Internal Medicine,Claim-Specialty,Shingrix,Varicella-Zoster Ge/As01b/Pf,26,30,320,4651.05,23,,26,30,4651.05,320,,23
1205932290,Feher,Laszlo,New York,NY,36,Internal Medicine,Claim-Specialty,Boostrix Tdap,"Diphth,pertuss(Acell),tet Vac",11,15,189,599.2,11,,11,15,599.2,189,,11
1205932290,Feher,Laszlo,New York,NY,36,Internal Medicine,Claim-Specialty,Shingrix,Varicella-Zoster Ge/As01b/Pf,69,75,568,10945.68,49,#,,,,,#,
1205944006,Landgraf,Susan,Shortsville,NY,36,Family Practice,Claim-Specialty,Shingrix,Varicella-Zoster Ge/As01b/Pf,34,34,295,5402.68,25,#,,,,,#,
1205948668,Chung,Yun Hee,Flushing,NY,36,Internal Medicine,Claim-Specialty,Shingrix,Varicella-Zoster Ge/As01b/Pf,177,208,2296,24926.85,127,#,,,,,#,
1205948668,Chung,Yun Hee,Flushing,NY,36,Internal Medicine,Claim-Specialty,Zostavax,Zoster Vaccine Live/Pf,12,12,126,2352.07,12,,12,12,2352.07,126,,12
1205961935,Kosta,Eva,New York,NY,36,Cardiology,Claim-Specialty,Shingrix,Varicella-Zoster Ge/As01b/Pf,12,12,128,1896.67,,,12,12,1896.67,128,*,
1205975091,Tong,Xuezhu,New York,NY,36,General Practice,Claim-Specialty,Boostrix Tdap,"Diphth,pertuss(Acell),tet Vac",11,13,286,430.28,11,*,,,,,*,
1205975091,Tong,Xuezhu,New York,NY,36,General Practice,Claim-Specialty,Shingrix,Varicella-Zoster Ge/As01b/Pf,36,39,869,5228.76,23,,36,39,5228.76,869,,23
1215017231,Dorfman,Stuart,Depew,NY,36,Preventive Medicine,NPPES-Specialty,Boostrix Tdap,"Diphth,pertuss(Acell),tet Vac",77,77,77,4356.88,77,#,,,,,#,
1215017231,Dorfman,Stuart,Depew,NY,36,Preventive Medicine,NPPES-Specialty,Shingrix,Varicella-Zoster Ge/As01b/Pf,1566,1567,6819,245689.24,899,,1544,1545,242209.61,6681,,886
1215075197,Silverman,David,New York,NY,36,Internal Medicine,Claim-Specialty,Shingrix,Varicella-Zoster Ge/As01b/Pf,12,12,186,1797.72,,,12,12,1797.72,186,*,
1215085469,Jain,Jaswant,East Rochester,NY,36,Internal Medicine,Claim-Specialty,Shingrix,Varicella-Zoster Ge/As01b/Pf,31,31,437,4826.73,24,,31,31,4826.73,437,,24
1215125588,Massih,Shawkat,Middletown,NY,36,Family Practice,Claim-Specialty,Shingrix,Varicella-Zoster Ge/As01b/Pf,14,14,101,2252.7,12,*,,,,,*,
1215929187,Martinez,Nilsa,Hilton,NY,36,Family Practice,Claim-Specialty,Shingrix,Varicella-Zoster Ge/As01b/Pf,28,28,434,4710.16,27,#,,,,,#,
1215947239,Sinha,Sanjai,Bronx,NY,36,Internal Medicine,Claim-Specialty,Shingrix,Varicella-Zoster Ge/As01b/Pf,36,36,210,5767.59,27,#,,,,,#,
1215947429,Gao,Ling Min,Flushing,NY,36,Internal Medicine,Claim-Specialty,Zostavax,Zoster Vaccine Live/Pf,15,15,218,3238.3,15,,15,15,3238.3,218,,15
1215964648,Williams,Gail,New York,NY,36,Nephrology,Claim-Specialty,Shingrix,Varicella-Zoster Ge/As01b/Pf,15,17,133,2393.22,,,15,17,2393.22,133,*,
1215967880,Warner,Andrew,Buffalo,NY,36,Internal Medicine,Claim-Specialty,Shingrix,Varicella-Zoster Ge/As01b/Pf,35,35,151,5459.1,24,#,,,,,#,
1215971262,Rahman,Mohammed,Forest Hills,NY,36,Internal Medicine,Claim-Specialty,Shingrix,Varicella-Zoster Ge/As01b/Pf,15,15,73,2135.74,15,#,,,,,#,
1215977301,Gestri,Brandi,Brewster,NY,36,Internal Medicine,Claim-Specialty,Shingrix,Varicella-Zoster Ge/As01b/Pf,18,19,280,3111.27,11,,18,19,3111.27,280,,11
1225004476,"Phillis, Md, Pllc",Nanette,Rochester,NY,36,Internal Medicine,Claim-Specialty,Shingrix,Varicella-Zoster Ge/As01b/Pf,134,134,2396,22373.77,83,#,,,,,#,
1225005937,Peterson,Kimberly,Rochester,NY,36,Internal Medicine,Claim-Specialty,Shingrix,Varicella-Zoster Ge/As01b/Pf,16,16,45,2725.82,14,#,,,,,#,
1225009095,Malavet,Angel,Corning,NY,36,Internal Medicine,Claim-Specialty,Shingrix,Varicella-Zoster Ge/As01b/Pf,16,16,103,2588.82,13,#,,,,,#,
1225025109,Bonavita,Louis,East Syracuse,NY,36,Family Practice,Claim-Specialty,Shingrix,Varicella-Zoster Ge/As01b/Pf,32,38,579,5188.37,24,#,,,,,#,
1225031065,Lowenthal,Michael,Great Neck,NY,36,Internal Medicine,Claim-Specialty,Shingrix,Varicella-Zoster Ge/As01b/Pf,12,12,70,1988.93,11,,12,12,1988.93,70,,11
1225031255,Kellogg,Collins,Watertown,NY,36,Internal Medicine,Claim-Specialty,Shingrix,Varicella-Zoster Ge/As01b/Pf,169,189,2726,26963.65,109,#,,,,,#,
1225038581,Shafik,Ihab,Williamsville,NY,36,Internal Medicine,Claim-Specialty,Shingrix,Varicella-Zoster Ge/As01b/Pf,18,18,76,2786.24,13,,18,18,2786.24,76,,13
1225043029,Dinh,Linh,Huntington,NY,36,Internal Medicine,Claim-Specialty,Shingrix,Varicella-Zoster Ge/As01b/Pf,19,20,79,3027.51,14,,19,20,3027.51,79,,14
1225057037,Lane,Darla,Williamsville,NY,36,Family Practice,Claim-Specialty,Shingrix,Varicella-Zoster Ge/As01b/Pf,79,79,494,12609.98,52,#,,,,,#,
1225067572,Wegman,Susan,Penfield,NY,36,Internal Medicine,Claim-Specialty,Shingrix,Varicella-Zoster Ge/As01b/Pf,14,14,72,2235.2,,,14,14,2235.2,72,*,
1225074909,Balaji,Karai,Avon,NY,36,Internal Medicine,Claim-Specialty,Shingrix,Varicella-Zoster Ge/As01b/Pf,84,85,752,13416.58,53,#,,,,,#,
1225077357,Rao,Jhansi,North Babylon,NY,36,Internal Medicine,Claim-Specialty,Boostrix Tdap,"Diphth,pertuss(Acell),tet Vac",17,17,510,885.28,17,#,,,,,#,
1225078314,Schwechter,Leon,Greenvale,NY,36,Internal Medicine,Claim-Specialty,Shingrix,Varicella-Zoster Ge/As01b/Pf,69,71,506,11387.07,55,#,,,,,#,
1225090640,Osher,Annette,New York,NY,36,Cardiology,Claim-Specialty,Shingrix,Varicella-Zoster Ge/As01b/Pf,23,23,168,3669.61,17,,23,23,3669.61,168,,17
1225095946,Unger,Allen,New York,NY,36,Cardiology,Claim-Specialty,Shingrix,Varicella-Zoster Ge/As01b/Pf,20,23,226,3270.01,20,,20,23,3270.01,226,,20
1225095979,Crowther,Brie Anne,Williamsville,NY,36,Physician Assistant,Claim-Specialty,Shingrix,Varicella-Zoster Ge/As01b/Pf,18,18,18,2845.6,11,,18,18,2845.6,18,,11
1225099070,Nautiyal,Preeti,Brooklyn,NY,36,Infectious Disease,Claim-Specialty,Shingrix,Varicella-Zoster Ge/As01b/Pf,14,14,215,2165.52,11,*,,,,,*,
1225099989,Nemetz,Sarah,Rochester,NY,36,Internal Medicine,Claim-Specialty,Shingrix,Varicella-Zoster Ge/As01b/Pf,26,26,548,4480.69,19,,26,26,4480.69,548,,19
1225121452,Holmes,Richard,Bronx,NY,36,Internal Medicine,Claim-Specialty,Boostrix Tdap,"Diphth,pertuss(Acell),tet Vac",11,11,185,1107.16,11,*,,,,,*,
1225125321,Demopoulos,Byron,New York,NY,36,Internal Medicine,Claim-Specialty,Shingrix,Varicella-Zoster Ge/As01b/Pf,17,20,223,2703.57,12,#,,,,,#,
1225137094,Zarfes,Marc,Canandaigua,NY,36,Family Practice,Claim-Specialty,Shingrix,Varicella-Zoster Ge/As01b/Pf,13,13,245,2136.64,,#,,,,,*,
1225174188,Edwards,Maureen,White Plains,NY,36,Internal Medicine,NPPES-Specialty,Shingrix,Varicella-Zoster Ge/As01b/Pf,45,45,857,6597.5,33,#,,,,,#,
1225249436,Zysman Cromwell,Alicia,Honeoye Falls,NY,36,Family Practice,Claim-Specialty,Shingrix,Varicella-Zoster Ge/As01b/Pf,14,14,101,2203.96,,#,,,,,*,
1225347735,Odina,Moromoke,Fort Drum,NY,36,Internal Medicine,Claim-Specialty,Tdvax,"Tetanus, Diphtheria Tox,adult",14,14,14,691.32,14,*,,,,,*,
1235101908,Thierman,Eric,Williamsville,NY,36,Internal Medicine,Claim-Specialty,Adacel Tdap,"Diph,pertuss(Acell),tet Vac/Pf",12,12,12,747.5,12,,12,12,747.5,12,,12
1235101908,Thierman,Eric,Williamsville,NY,36,Internal Medicine,Claim-Specialty,Shingrix,Varicella-Zoster Ge/As01b/Pf,41,41,128,6438.42,29,,41,41,6438.42,128,,29
1235113044,Henoch,Avraham,New York,NY,36,Family Practice,Claim-Specialty,Zostavax,Zoster Vaccine Live/Pf,40,40,214,8360.28,39,#,,,,,#,
1235125626,Costello,Ann,Ithaca,NY,36,Internal Medicine,Claim-Specialty,Shingrix,Varicella-Zoster Ge/As01b/Pf,18,18,221,2976.46,12,#,,,,,#,
1235154303,Goodman,Karl,New York,NY,36,Internal Medicine,Claim-Specialty,Shingrix,Varicella-Zoster Ge/As01b/Pf,17,17,75,2608.94,16,,17,17,2608.94,75,,16
1235154964,Gaden,James,Kendall,NY,36,Family Practice,Claim-Specialty,Shingrix,Varicella-Zoster Ge/As01b/Pf,16,16,277,2554.9,11,,16,16,2554.9,277,,11
1235155508,Perlmutter,Robert,Rockville Centre,NY,36,Cardiology,Claim-Specialty,Shingrix,Varicella-Zoster Ge/As01b/Pf,11,11,11,1751.34,11,,11,11,1751.34,11,,11
1235164955,Haber,Stuart,New York,NY,36,Internal Medicine,Claim-Specialty,Shingrix,Varicella-Zoster Ge/As01b/Pf,11,11,185,1707.44,,*,,,,,*,
1235166414,Mahoney,Thomas,Henrietta,NY,36,Internal Medicine,Claim-Specialty,Boostrix Tdap,"Diphth,pertuss(Acell),tet Vac",318,318,666,17815.54,318,,304,304,17009.33,652,,304
1235166414,Mahoney,Thomas,Henrietta,NY,36,Internal Medicine,Claim-Specialty,Shingrix,Varicella-Zoster Ge/As01b/Pf,6734,6787.3,112007,1069454.51,3843,,6590,6641.3,1046367.6,109686,,3759
1235195645,Cowen,Edwin,Albany,NY,36,Internal Medicine,Claim-Specialty,Adacel Tdap,"Diph,pertuss(Acell),tet Vac/Pf",48,48,77,2987.57,48,,37,37,2298.72,66,,37
1235195645,Cowen,Edwin,Albany,NY,36,Internal Medicine,Claim-Specialty,Boostrix Tdap,"Diphth,pertuss(Acell),tet Vac",200,200,374,11911.69,200,,168,168,9968.91,313,,168
1235195645,Cowen,Edwin,Albany,NY,36,Internal Medicine,Claim-Specialty,Shingrix,Varicella-Zoster Ge/As01b/Pf,4018,4024,5593,648027.17,2811,,3694,3700,595438.25,5269,,2590
1235195645,Cowen,Edwin,Albany,NY,36,Internal Medicine,Claim-Specialty,Zostavax,Zoster Vaccine Live/Pf,16,16,16,3745.74,16,#,,,,,#,
1235206665,Matta,Raymond,New York,NY,36,Cardiology,Claim-Specialty,Shingrix,Varicella-Zoster Ge/As01b/Pf,12,15,276,1932.7,,,12,15,1932.7,276,*,
1235227018,Agustin,Maria Lourdes,Brooklyn,NY,36,Internal Medicine,Claim-Specialty,Adacel Tdap,"Diph,pertuss(Acell),tet Vac/Pf",14,14,14,644,14,,14,14,644,14,,14
1235234956,Burdick,Robert,Sherrill,NY,36,General Practice,Claim-Specialty,Boostrix Tdap,"Diphth,pertuss(Acell),tet Vac",15,15,73,854.93,15,#,,,,,#,
1235234956,Burdick,Robert,Sherrill,NY,36,General Practice,Claim-Specialty,Shingrix,Varicella-Zoster Ge/As01b/Pf,15,15,15,2439.88,13,,15,15,2439.88,15,,13
1235459066,King,Kathleen,Springville,NY,36,Family Practice,Claim-Specialty,Shingrix,Varicella-Zoster Ge/As01b/Pf,12,13,71,1887.89,,,12,13,1887.89,71,*,
1235465089,Mesbah,Reza,Jackson Heights,NY,36,Family Practice,Claim-Specialty,Shingrix,Varicella-Zoster Ge/As01b/Pf,27,27,85,4323.97,27,#,,,,,#,
1235505264,Ortman,Caitlin,Buffalo,NY,36,Physician Assistant,Claim-Specialty,Shingrix,Varicella-Zoster Ge/As01b/Pf,16,16,219,2723.99,16,#,,,,,#,
1235533266,Zhou,Chen,Flushing,NY,36,Family Practice,NPPES-Specialty,Zostavax,Zoster Vaccine Live/Pf,14,25,668,3054.04,14,,14,25,3054.04,668,,14
1235572454,Norman,Adam,Williamsville,NY,36,Internal Medicine,Claim-Specialty,Boostrix Tdap,"Diphth,pertuss(Acell),tet Vac",31,31,60,1720.61,31,,31,31,1720.61,60,,31
1235572454,Norman,Adam,Williamsville,NY,36,Internal Medicine,Claim-Specialty,Shingrix,Varicella-Zoster Ge/As01b/Pf,15,16,132,2322.51,,,15,16,2322.51,132,*,
1245219229,Hua,Shuman,Williamsville,NY,36,Internal Medicine,Claim-Specialty,Shingrix,Varicella-Zoster Ge/As01b/Pf,118,119,557,18542.84,78,#,,,,,#,
1245223049,Lee,Catherine,New York,NY,36,Internal Medicine,NPPES-Specialty,Shingrix,Varicella-Zoster Ge/As01b/Pf,106,175,4844,15242.92,73,#,,,,,#,
1245229905,Pender,Matthew,Cambridge,NY,36,Internal Medicine,Claim-Specialty,Shingrix,Varicella-Zoster Ge/As01b/Pf,87,87,234,14129.59,68,#,,,,,#,
1245233295,Potts,Jill,Canandaigua,NY,36,Internal Medicine,Claim-Specialty,Boostrix Tdap,"Diphth,pertuss(Acell),tet Vac",39,39,996,2518.48,39,#,,,,,#,
1245233295,Potts,Jill,Canandaigua,NY,36,Internal Medicine,Claim-Specialty,Shingrix,Varicella-Zoster Ge/As01b/Pf,11,11,330,1841.93,,,11,11,1841.93,330,*,
1245263318,Chockalingam,Mirabai,Fairport,NY,36,Internal Medicine,Claim-Specialty,Shingrix,Varicella-Zoster Ge/As01b/Pf,36,36,94,5635.35,25,,36,36,5635.35,94,,25
1245269364,Elwell,Russell,Westfield,NY,36,General Practice,Claim-Specialty,Shingrix,Varicella-Zoster Ge/As01b/Pf,14,14,72,2246.86,,,14,14,2246.86,72,*,
1245270388,Baldassari,Susan,Kenmore,NY,36,Internal Medicine,Claim-Specialty,Shingrix,Varicella-Zoster Ge/As01b/Pf,20,20,78,3120.96,13,,20,20,3120.96,78,,13
1245290626,Cicchino,Dennis,Rensselaer,NY,36,Physician Assistant,Claim-Specialty,Shingrix,Varicella-Zoster Ge/As01b/Pf,19,19,19,3470.85,15,,19,19,3470.85,19,,15
1245292192,Stehlik,Edward,Buffalo,NY,36,Internal Medicine,Claim-Specialty,Shingrix,Varicella-Zoster Ge/As01b/Pf,62,62,555,10550.13,45,#,,,,,#,
1245295492,Wani,Rozy,Batavia,NY,36,Internal Medicine,Claim-Specialty,Shingrix,Varicella-Zoster Ge/As01b/Pf,16,16,103,2562.36,12,#,,,,,*,
1245298033,Chuey,John,New York,NY,36,Internal Medicine,Claim-Specialty,Shingrix,Varicella-Zoster Ge/As01b/Pf,21,23,516,3616.28,16,,21,23,3616.28,516,,16
1245321462,Lee,Junho,Flushing,NY,36,Internal Medicine,Claim-Specialty,Shingrix,Varicella-Zoster Ge/As01b/Pf,60,104.9,2742,9458.9,50,,60,104.9,9458.9,2742,,50
1245327311,Raik,Barrie,New York,NY,36,Internal Medicine,Claim-Specialty,Shingrix,Varicella-Zoster Ge/As01b/Pf,20,21,195,3193.08,14,,20,21,3193.08,195,,14
1245358274,Bailey,Susan,Rochester,NY,36,Internal Medicine,Claim-Specialty,Adacel Tdap,"Diph,pertuss(Acell),tet Vac/Pf",23,23,23,1421.34,23,#,,,,,#,
1245358274,Bailey,Susan,Rochester,NY,36,Internal Medicine,Claim-Specialty,Boostrix Tdap,"Diphth,pertuss(Acell),tet Vac",314,314,315,18789.48,314,,274,274,16333.42,275,,274
1245358274,Bailey,Susan,Rochester,NY,36,Internal Medicine,Claim-Specialty,Shingrix,Varicella-Zoster Ge/As01b/Pf,4682,4688,9691,753572.72,3281,,4298,4304,690307.76,9098,,3013
1245358274,Bailey,Susan,Rochester,NY,36,Internal Medicine,Claim-Specialty,Zostavax,Zoster Vaccine Live/Pf,14,14,101,3315.47,14,#,,,,,#,
1245378215,Picca,Joseph,Honeoye Falls,NY,36,Family Practice,Claim-Specialty,Shingrix,Varicella-Zoster Ge/As01b/Pf,38,38,299,6068.62,23,,38,38,6068.62,299,,23
1245405158,Hailey,Sean,Lewiston,NY,36,Nurse Practitioner,Claim-Specialty,Adacel Tdap,"Diph,pertuss(Acell),tet Vac/Pf",32,32,32,1996.67,32,#,,,,,#,
1245463983,Capparelli,Maria,Hawthorne,NY,36,Internal Medicine,Claim-Specialty,Shingrix,Varicella-Zoster Ge/As01b/Pf,11,11,69,1802.12,,*,,,,,*,
1245492156,Wang,Emily,New York,NY,36,Internal Medicine,Claim-Specialty,Shingrix,Varicella-Zoster Ge/As01b/Pf,15,21,369,2516.7,,,15,21,2516.7,369,*,
1245590231,Genereux,Michael,Montauk,NY,36,Family Practice,Claim-Specialty,Shingrix,Varicella-Zoster Ge/As01b/Pf,11,11,11,1560.2,11,,11,11,1560.2,11,,11
1255305066,Ritchie,Craig,Latham,NY,36,Specialist,NPPES-Taxonomy,Zostavax,Zoster Vaccine Live/Pf,25,25,25,5879,24,,25,25,5879,25,,24
1255306973,Sayegh,Nadem,Bronx,NY,36,Internal Medicine,Claim-Specialty,Shingrix,Varicella-Zoster Ge/As01b/Pf,13,13,361,2052.24,12,,13,13,2052.24,361,,12
1255318101,Chow,Raymond,Scarsdale,NY,36,Internal Medicine,Claim-Specialty,Shingrix,Varicella-Zoster Ge/As01b/Pf,32,34,150,5176.27,25,,32,34,5176.27,150,,25
1255337705,Kuehnling,William,Depew,NY,36,Family Practice,Claim-Specialty,Adacel Tdap,"Diph,pertuss(Acell),tet Vac/Pf",40,40,649,2690.38,40,#,,,,,#,
1255337705,Kuehnling,William,Depew,NY,36,Family Practice,Claim-Specialty,Shingrix,Varicella-Zoster Ge/As01b/Pf,25,25,344,4233.66,18,#,,,,,#,
1255386710,Krieger,Sharon,Mount Kisco,NY,36,Internal Medicine,Claim-Specialty,Shingrix,Varicella-Zoster Ge/As01b/Pf,166,172,841,25543.12,117,,166,172,25543.12,841,,117
1255397279,Baccash,Emil,Brooklyn,NY,36,Internal Medicine,Claim-Specialty,Shingrix,Varicella-Zoster Ge/As01b/Pf,22,23,342,3414.67,15,,22,23,3414.67,342,,15
1255440111,Daniels,Michael,Yorktown Heights,NY,36,Internal Medicine,Claim-Specialty,Shingrix,Varicella-Zoster Ge/As01b/Pf,17,20,194,2657.8,12,,17,20,2657.8,194,,12
1255478376,Karaszewski,Brian,Williamsville,NY,36,Internal Medicine,Claim-Specialty,Shingrix,Varicella-Zoster Ge/As01b/Pf,23,23,23,3659.41,13,#,,,,,#,
1255520946,Eldredge,Daniel,Saratoga Springs,NY,36,Family Practice,Claim-Specialty,Shingrix,Varicella-Zoster Ge/As01b/Pf,12,12,41,1950.79,,,12,12,1950.79,41,*,
1255540456,Rios,Carlos,New York,NY,36,Internal Medicine,Claim-Specialty,Shingrix,Varicella-Zoster Ge/As01b/Pf,12,13,129,1915.71,12,,12,13,1915.71,129,,12
1255573689,Abraham,Jiji,New York,NY,36,Nurse Practitioner,Claim-Specialty,Shingrix,Varicella-Zoster Ge/As01b/Pf,27,29,174,4184.3,17,,27,29,4184.3,174,,17
1255574000,Yang,Min,Williamsville,NY,36,Family Practice,Claim-Specialty,Shingrix,Varicella-Zoster Ge/As01b/Pf,34,34,92,5361.53,21,#,,,,,#,
1255575379,Downing-Forget,Lisa,Rochester,NY,36,Family Practice,Claim-Specialty,Shingrix,Varicella-Zoster Ge/As01b/Pf,66,70,882,10468.67,39,,66,70,10468.67,882,,39
1255586400,Anderson,Robert,Penn Yan,NY,36,Family Practice,Claim-Specialty,Shingrix,Varicella-Zoster Ge/As01b/Pf,74,76,453,11980.67,45,,74,76,11980.67,453,,45
1255595641,Huestis,Kathleen,Ticonderoga,NY,36,Family Practice,Claim-Specialty,Boostrix Tdap,"Diphth,pertuss(Acell),tet Vac",13,13,361,840.28,13,*,,,,,*,
1255598868,Pike,Sandra,Oswego,NY,36,Nurse Practitioner,NPPES-Specialty,Shingrix,Varicella-Zoster Ge/As01b/Pf,16,16,103,2588.62,12,,16,16,2588.62,103,,12
1255678702,Ernst,Cheryl,Albany,NY,36,Nurse Practitioner,Claim-Specialty,Shingrix,Varicella-Zoster Ge/As01b/Pf,16,16,132,2785.62,13,,16,16,2785.62,132,,13
1255686481,Burman,Adam,Albany,NY,36,Pharmacist,NPPES-Taxonomy,Shingrix,Varicella-Zoster Ge/As01b/Pf,51,51,109,8257.83,38,,51,51,8257.83,109,,38
1255693651,Albanese,Natalie,New York,NY,36,Internal Medicine,Claim-Specialty,Havrix,Hepatitis A Virus Vaccine/Pf,18,18,18,1080,18,,18,18,1080,18,,18
1255740742,Jaffarji,Moiz,Lawrence,NY,36,Pharmacist,NPPES-Taxonomy,Shingrix,Varicella-Zoster Ge/As01b/Pf,22,22,22,3151.57,18,,22,22,3151.57,22,,18
1255749453,Iula,Doreen,Jamestown,NY,36,Nurse Practitioner,Claim-Specialty,Shingrix,Varicella-Zoster Ge/As01b/Pf,12,15,450,2300.84,,,12,15,2300.84,450,*,
1265411052,Macadam,Heather,Aurora,NY,36,Internal Medicine,Claim-Specialty,Shingrix,Varicella-Zoster Ge/As01b/Pf,46,48,425,7504.59,27,,46,48,7504.59,425,,27
1265426480,Tomy,George,New Hartford,NY,36,Internal Medicine,Claim-Specialty,Shingrix,Varicella-Zoster Ge/As01b/Pf,44,44,277,7070.84,35,,44,44,7070.84,277,,35
1265430714,Greaney,Edward,New York,NY,36,Internal Medicine,Claim-Specialty,Shingrix,Varicella-Zoster Ge/As01b/Pf,27,31,350,4399.81,20,,27,31,4399.81,350,,20
1265435234,Lapointe,Julie,Watertown,NY,36,Internal Medicine,Claim-Specialty,Shingrix,Varicella-Zoster Ge/As01b/Pf,29,30,358,4694.24,20,,29,30,4694.24,358,,20
1265444780,Kindel,Susan,Rochester,NY,36,Pediatric Medicine,Claim-Specialty,Shingrix,Varicella-Zoster Ge/As01b/Pf,13,13,274,2393.03,,,13,13,2393.03,274,*,
1265446066,Smead,Bryan,Bolton Landing,NY,36,Family Practice,Claim-Specialty,Shingrix,Varicella-Zoster Ge/As01b/Pf,40,40,69,6407.22,28,,40,40,6407.22,69,,28
1265452262,Nathan,Sathia,Niagara Falls,NY,36,Family Practice,Claim-Specialty,Shingrix,Varicella-Zoster Ge/As01b/Pf,91,91,671,14371.09,58,#,,,,,#,
1265461859,Dobrzynski,David,Rochester,NY,36,Internal Medicine,Claim-Specialty,Shingrix,Varicella-Zoster Ge/As01b/Pf,26,26,113,4149.81,15,,26,26,4149.81,113,,15
1265476261,Cohen,Kenneth,Lake Success,NY,36,Cardiology,Claim-Specialty,Shingrix,Varicella-Zoster Ge/As01b/Pf,27,27,27,4371.92,23,,27,27,4371.92,27,,23
1265499008,Penepent,Philip,Bowmansville,NY,36,Internal Medicine,Claim-Specialty,Shingrix,Varicella-Zoster Ge/As01b/Pf,61,61,235,9627.83,37,#,,,,,#,
1265516017,Arnold,Hendrick,Latham,NY,36,Internal Medicine,Claim-Specialty,Shingrix,Varicella-Zoster Ge/As01b/Pf,96,96,1285,19074.76,74,#,,,,,#,
1265522031,Berk,Steven,Bronx,NY,36,Internal Medicine,Claim-Specialty,Shingrix,Varicella-Zoster Ge/As01b/Pf,24,24,58,3359.74,18,,24,24,3359.74,58,,18
1265525489,Sejdiu,Mentor,Bronx,NY,36,Internal Medicine,Claim-Specialty,Shingrix,Varicella-Zoster Ge/As01b/Pf,17,17,46,2693.12,14,#,,,,,#,
1265538458,Lown,Jonathan,Commack,NY,36,Internal Medicine,Claim-Specialty,Shingrix,Varicella-Zoster Ge/As01b/Pf,39,41,601,6283.38,28,#,,,,,#,
1265541015,Zilberman,Nina,New York,NY,36,Family Practice,Claim-Specialty,Shingrix,Varicella-Zoster Ge/As01b/Pf,13,15,160,1894.03,,,13,15,1894.03,160,*,
1265579197,Hickey,Lynn,Ballston Lake,NY,36,Internal Medicine,Claim-Specialty,Shingrix,Varicella-Zoster Ge/As01b/Pf,15,15,131,3062.88,15,,15,15,3062.88,131,,15
1265607303,Han,Jung A,New York,NY,36,Internal Medicine,Claim-Specialty,Shingrix,Varicella-Zoster Ge/As01b/Pf,11,15,276,1719.24,,,11,15,1719.24,276,*,
1265629992,Pascasio,Joey,Port Jefferson Station,NY,36,Geriatric Medicine,Claim-Specialty,Adacel Tdap,"Diph,pertuss(Acell),tet Vac/Pf",22,22,22,1012,22,,22,22,1012,22,,22
1265687347,Wu,Jianlin,Brooklyn,NY,36,Internal Medicine,Claim-Specialty,Shingrix,Varicella-Zoster Ge/As01b/Pf,62,75,1061,8902.31,44,,62,75,8902.31,1061,,44
1265687347,Wu,Jianlin,Brooklyn,NY,36,Internal Medicine,Claim-Specialty,Zostavax,Zoster Vaccine Live/Pf,134,135,3644,29615.47,134,,134,135,29615.47,3644,,134
1265693410,Hom,Stacy,Webster,NY,36,Family Practice,Claim-Specialty,Shingrix,Varicella-Zoster Ge/As01b/Pf,23,23,168,3675.48,15,#,,,,,#,
1265751002,Li,Simon,Brooklyn,NY,36,Family Practice,Claim-Specialty,Shingrix,Varicella-Zoster Ge/As01b/Pf,28,47,1323,4100.65,18,#,,,,,#,
1275511560,Porter,Russell,Rockville Centre,NY,36,Family Practice,Claim-Specialty,Shingrix,Varicella-Zoster Ge/As01b/Pf,11,11,11,1742.39,,,11,11,1742.39,11,*,
1275523672,Varnum,Corliss,Oswego,NY,36,Family Practice,Claim-Specialty,Shingrix,Varicella-Zoster Ge/As01b/Pf,62,62,642,9488.51,47,,62,62,9488.51,642,,47
1275534000,Gulati,Rajan,Middletown,NY,36,General Practice,Claim-Specialty,Shingrix,Varicella-Zoster Ge/As01b/Pf,20,20,78,3139.46,17,#,,,,,#,
1275537250,Baldwin,Todd,Lake Katrine,NY,36,Family Practice,Claim-Specialty,Shingrix,Varicella-Zoster Ge/As01b/Pf,12,14,159,1910.42,,,12,14,1910.42,159,*,
1275566747,Bolic,Martin,Rockville Centre,NY,36,Internal Medicine,Claim-Specialty,Shingrix,Varicella-Zoster Ge/As01b/Pf,57,58,116,9108.13,49,#,,,,,#,
1275575466,Attia,A. Lawrence,New York,NY,36,Gastroenterology,Claim-Specialty,Shingrix,Varicella-Zoster Ge/As01b/Pf,20,22,254,3019.1,14,,20,22,3019.1,254,,14
1275584138,Wortman,Shye,Staten Island,NY,36,Internal Medicine,Claim-Specialty,Shingrix,Varicella-Zoster Ge/As01b/Pf,24,24,110,3810.22,18,,24,24,3810.22,110,,18
1275586687,Inzlicht-Sprei,Eli,Brooklyn,NY,36,Internal Medicine,Claim-Specialty,Shingrix,Varicella-Zoster Ge/As01b/Pf,20,33,874,2916.38,20,,20,33,2916.38,874,,20
1275588022,Kirtane,Yashodhara,Rockaway Park,NY,36,Allergy/ Immunology,Claim-Specialty,Shingrix,Varicella-Zoster Ge/As01b/Pf,12,12,41,1859.31,11,#,,,,,*,
1275595787,Lyo,Thomas,Flushing,NY,36,Internal Medicine,Claim-Specialty,Shingrix,Varicella-Zoster Ge/As01b/Pf,44,44,740,7355.58,27,#,,,,,#,
1275612467,Yarima,Shannon,Forest Hills,NY,36,Physician Assistant,Claim-Specialty,Boostrix Tdap,"Diphth,pertuss(Acell),tet Vac",57,57,115,3173.82,57,#,,,,,#,
1275612467,Yarima,Shannon,Forest Hills,NY,36,Physician Assistant,Claim-Specialty,Shingrix,Varicella-Zoster Ge/As01b/Pf,32,32,91,5241.48,29,#,,,,,#,
1275639502,Wu,Benjamin,Brooklyn,NY,36,Family Practice,Claim-Specialty,Shingrix,Varicella-Zoster Ge/As01b/Pf,114,210,6068,16543.66,92,#,,,,,#,
1275639502,Wu,Benjamin,Brooklyn,NY,36,Family Practice,Claim-Specialty,Zostavax,Zoster Vaccine Live/Pf,50,54,1330,10848.34,50,#,,,,,#,
1275646010,Choi,Song Ja,Flushing,NY,36,Family Practice,NPPES-Specialty,Shingrix,Varicella-Zoster Ge/As01b/Pf,145,222,5674,21679.26,97,,145,222,21679.26,5674,,97
1275699852,Corzo,Pedro,Corona,NY,36,Internal Medicine,Claim-Specialty,Adacel Tdap,"Diph,pertuss(Acell),tet Vac/Pf",15,15,189,698.63,15,#,,,,,#,
1275712580,Sullivan,Brenda,Yonkers,NY,36,Internal Medicine,Claim-Specialty,Shingrix,Varicella-Zoster Ge/As01b/Pf,39,43,625,6247.38,33,#,,,,,#,
1275886764,Ling,Lisa,New York,NY,36,Student in an Organized Health Care Education/Training Program,NPPES-Taxonomy,Shingrix,Varicella-Zoster Ge/As01b/Pf,88,125,2938,12771.43,56,,88,125,12771.43,2938,,56
1275886764,Ling,Lisa,New York,NY,36,Student in an Organized Health Care Education/Training Program,NPPES-Taxonomy,Zostavax,Zoster Vaccine Live/Pf,15,17,394,3258.56,15,,15,17,3258.56,394,,15
1275891129,Jerome-Roberts,Jenifer,Penfield,NY,36,Internal Medicine,Claim-Specialty,Shingrix,Varicella-Zoster Ge/As01b/Pf,14,14,188,2195.51,,,14,14,2195.51,188,*,
1285605394,Tam,Steve,New York,NY,36,Internal Medicine,Claim-Specialty,Shingrix,Varicella-Zoster Ge/As01b/Pf,28,36,848,4370.23,23,,28,36,4370.23,848,,23
1285605394,Tam,Steve,New York,NY,36,Internal Medicine,Claim-Specialty,Zostavax,Zoster Vaccine Live/Pf,12,12,302,1188.21,12,,12,12,1188.21,302,,12
1285629030,Alcasabas,Aurene,Patchogue,NY,36,Family Practice,Claim-Specialty,Shingrix,Varicella-Zoster Ge/As01b/Pf,13,13,71,2130.61,12,,13,13,2130.61,71,,12
1285655696,Cheng,Jenny,New York,NY,36,Internal Medicine,Claim-Specialty,Boostrix Tdap,"Diphth,pertuss(Acell),tet Vac",33,33,555,1526.93,32,#,,,,,#,
1285655696,Cheng,Jenny,New York,NY,36,Internal Medicine,Claim-Specialty,Shingrix,Varicella-Zoster Ge/As01b/Pf,42,78,2224,6115.59,33,,42,78,6115.59,2224,,33
1285664045,Lum,George,Flushing,NY,36,Internal Medicine,Claim-Specialty,Shingrix,Varicella-Zoster Ge/As01b/Pf,16,17,75,2601.52,13,,16,17,2601.52,75,,13
1285681643,Serje,Jorge,Brooklyn,NY,36,Internal Medicine,Claim-Specialty,Zostavax,Zoster Vaccine Live/Pf,14,14,130,3211.56,14,,14,14,3211.56,130,,14
1285690008,Jupudy,Venkata,Alden,NY,36,Internal Medicine,Claim-Specialty,Adacel Tdap,"Diph,pertuss(Acell),tet Vac/Pf",14,14,188,909.15,14,#,,,,,#,
1285690008,Jupudy,Venkata,Alden,NY,36,Internal Medicine,Claim-Specialty,Shingrix,Varicella-Zoster Ge/As01b/Pf,17,17,17,2633.86,12,,17,17,2633.86,17,,12
1285696260,Kimble,Christine,Brooklyn,NY,36,Internal Medicine,Claim-Specialty,Shingrix,Varicella-Zoster Ge/As01b/Pf,11,12,215,1721.59,,,11,12,1721.59,215,*,
1285714469,Midura,Alan,Ithaca,NY,36,Family Practice,Claim-Specialty,Shingrix,Varicella-Zoster Ge/As01b/Pf,13,13,129,2124.8,,,13,13,2124.8,129,*,
1285721662,Clements,Jerry,New York,NY,36,Family Practice,Claim-Specialty,Shingrix,Varicella-Zoster Ge/As01b/Pf,14,15,189,2108.61,,,14,15,2108.61,189,*,
1285876466,Alhajjoumaa,Mamoun,Elmhurst,NY,36,Physician Assistant,NPPES-Specialty,Shingrix,Varicella-Zoster Ge/As01b/Pf,12,12,12,1954.56,,,12,12,1954.56,12,*,
1285877050,Fu,Philip,Williamsville,NY,36,Internal Medicine,Claim-Specialty,Shingrix,Varicella-Zoster Ge/As01b/Pf,22,22,196,3495.41,14,#,,,,,#,
1285917252,Mann,Peggy,Mayville,NY,36,Pharmacist,NPPES-Taxonomy,Shingrix,Varicella-Zoster Ge/As01b/Pf,96,96,96,13593.51,71,#,,,,,#,
1285919068,Yin,Xiaoqin,Flushing,NY,36,Family Practice,Claim-Specialty,Zostavax,Zoster Vaccine Live/Pf,34,34,440,7116.55,32,#,,,,,#,
1285960443,Sarris,John,Bronx,NY,36,Pharmacist,NPPES-Taxonomy,Shingrix,Varicella-Zoster Ge/As01b/Pf,23,23,23,3675.24,19,#,,,,,#,
1295142610,Mottl,Dan,Albany,NY,36,Pharmacist,NPPES-Taxonomy,Shingrix,Varicella-Zoster Ge/As01b/Pf,18,18,18,2936.96,13,,18,18,2936.96,18,,13
1295705085,Gates-Maby,Tiffany,Deposit,NY,36,Physician Assistant,Claim-Specialty,Shingrix,Varicella-Zoster Ge/As01b/Pf,13,13,13,1798.39,,#,,,,,*,
1295720647,Hodes,David,W. Nyack,NY,36,Pulmonary Disease,Claim-Specialty,Shingrix,Varicella-Zoster Ge/As01b/Pf,23,23,197,3784.38,20,,23,23,3784.38,197,,20
1295732964,Gerringer,Michael,Hopewell Junction,NY,36,Internal Medicine,Claim-Specialty,Shingrix,Varicella-Zoster Ge/As01b/Pf,13,13,127,2098.9,,#,,,,,*,
1295735553,Alonso,Reynaldo,Bronx,NY,36,Internal Medicine,Claim-Specialty,Adacel Tdap,"Diph,pertuss(Acell),tet Vac/Pf",19,19,19,874,19,#,,,,,#,
1295738276,Goh,Kipling,Canandaigua,NY,36,Internal Medicine,Claim-Specialty,Boostrix Tdap,"Diphth,pertuss(Acell),tet Vac",26,26,635,1665.51,26,#,,,,,#,
1295751246,Goldberg,David,Scarsdale,NY,36,Internal Medicine,Claim-Specialty,Shingrix,Varicella-Zoster Ge/As01b/Pf,27,30,407,5402.31,23,,27,30,5402.31,407,,23
1295752624,Gharpure,Anil,Brooklyn,NY,36,Internal Medicine,Claim-Specialty,Boostrix Tdap,"Diphth,pertuss(Acell),tet Vac",66,66,1980,3421.44,66,#,,,,,#,
1295752863,Capulla,Eric,New York,NY,36,Internal Medicine,Claim-Specialty,Menveo A-C-Y-W-135-Dip,"Mening Vac A,c,y,w-135 Dip/Pf",18,18,18,2286,15,#,,,,,#,
1295752863,Capulla,Eric,New York,NY,36,Internal Medicine,Claim-Specialty,Shingrix,Varicella-Zoster Ge/As01b/Pf,13,13,13,1989,13,#,,,,,#,
1295765378,Bae,Kunil,Flushing,NY,36,Internal Medicine,Claim-Specialty,Shingrix,Varicella-Zoster Ge/As01b/Pf,71,117,3162,10438.65,50,#,,,,,#,
1295772077,Kot,Mark,Southampton,NY,36,Emergency Medicine,Claim-Specialty,Shingrix,Varicella-Zoster Ge/As01b/Pf,28,28,406,3992.43,21,,28,28,3992.43,406,,21
1295792133,Ring,Elyn,Cortland,NY,36,Internal Medicine,Claim-Specialty,Shingrix,Varicella-Zoster Ge/As01b/Pf,60,60,665,9714.73,38,,60,60,9714.73,665,,38
1295793933,Altstein,Samuel,New York,NY,36,Family Practice,Claim-Specialty,Shingrix,Varicella-Zoster Ge/As01b/Pf,23,23,168,3686.52,15,,23,23,3686.52,168,,15
1295794287,Marino,Joseph,Rochester,NY,36,Internal Medicine,Claim-Specialty,Shingrix,Varicella-Zoster Ge/As01b/Pf,14,14,275,2396.9,14,,14,14,2396.9,275,,14
1295797462,Wiedeman,Beth,Fayetteville,NY,36,Family Practice,Claim-Specialty,Shingrix,Varicella-Zoster Ge/As01b/Pf,19,19,280,3147.72,18,#,,,,,#,
1295822906,Orshan,Steven,New Hyde Park,NY,36,Pulmonary Disease,Claim-Specialty,Shingrix,Varicella-Zoster Ge/As01b/Pf,22,22,167,3468,17,,22,22,3468,167,,17
1295888709,Reyes,John,Glen Cove,NY,36,Internal Medicine,Claim-Specialty,Shingrix,Varicella-Zoster Ge/As01b/Pf,28,28,28,4484.7,23,,28,28,4484.7,28,,23
1295981181,Kanaley,Anna,Orchard Park,NY,36,Internal Medicine,Claim-Specialty,Shingrix,Varicella-Zoster Ge/As01b/Pf,26,26,59,4114.35,15,,26,26,4114.35,59,,15
1295994002,Guptill,Gloria,Delmar,NY,36,Internal Medicine,Claim-Specialty,Shingrix,Varicella-Zoster Ge/As01b/Pf,19,19,222,3522.15,13,,19,19,3522.15,222,,13
1306095468,Blymire,William,Buffalo,NY,36,Internal Medicine,Claim-Specialty,Adacel Tdap,"Diph,pertuss(Acell),tet Vac/Pf",20,20,107,1339.89,20,,0,0,0,0,,0
1306142351,Ribaudo,Meredith,Mount Kisco,NY,36,Nurse Practitioner,Claim-Specialty,Shingrix,Varicella-Zoster Ge/As01b/Pf,19,19,77,2954.89,15,,19,19,2954.89,77,,15
1306164967,Jerome,Michael,New York,NY,36,Internal Medicine,Claim-Specialty,Boostrix Tdap,"Diphth,pertuss(Acell),tet Vac",19,19,570,984.96,19,#,,,,,#,
1306179833,Yia,Mary Christine,Brooklyn,NY,36,Family Practice,Claim-Specialty,Boostrix Tdap,"Diphth,pertuss(Acell),tet Vac",14,14,420,645.76,14,#,,,,,#,
1306278320,Haugland,Joanne,Hampton Bays,NY,36,Nurse Practitioner,Claim-Specialty,Shingrix,Varicella-Zoster Ge/As01b/Pf,24,24,140,3382.38,21,,24,24,3382.38,140,,21
1306807144,Crenesse,Anne,Brooklyn,NY,36,Family Practice,Claim-Specialty,Shingrix,Varicella-Zoster Ge/As01b/Pf,23,23,139,3698.17,19,#,,,,,#,
1306807227,Velez,Wilfredo,Staten Island,NY,36,Internal Medicine,Claim-Specialty,Boostrix Tdap,"Diphth,pertuss(Acell),tet Vac",26,26,724,1387.87,26,#,,,,,#,
1306811351,Navarro,Victor,New York,NY,36,Cardiology,Claim-Specialty,Shingrix,Varicella-Zoster Ge/As01b/Pf,13,14,188,1963.43,11,,13,14,1963.43,188,,11
1306821095,Hashmi,Kabeeruddin,Staten Island,NY,36,Emergency Medicine,Claim-Specialty,Boostrix Tdap,"Diphth,pertuss(Acell),tet Vac",120,120,236,7139.27,120,#,,,,,#,
1306821095,Hashmi,Kabeeruddin,Staten Island,NY,36,Emergency Medicine,Claim-Specialty,Shingrix,Varicella-Zoster Ge/As01b/Pf,1103,1178,7152,177725.3,779,,1042,1113,167835.12,6797,,738
1306825153,Southard,Eric,Amherst,NY,36,Internal Medicine,Claim-Specialty,Shingrix,Varicella-Zoster Ge/As01b/Pf,26,26,86,4132.97,16,,26,26,4132.97,86,,16
1306825328,Kraftowitz,Lawrence,White Plains,NY,36,Internal Medicine,Claim-Specialty,Shingrix,Varicella-Zoster Ge/As01b/Pf,26,26,432,5035.98,21,#,,,,,#,
1306825559,Wolfe,Mary,Ossining,NY,36,Internal Medicine,Claim-Specialty,Shingrix,Varicella-Zoster Ge/As01b/Pf,29,29,203,4885.99,25,,29,29,4885.99,203,,25
1306830732,Breite,Ira,New York,NY,36,Gastroenterology,Claim-Specialty,Shingrix,Varicella-Zoster Ge/As01b/Pf,11,12,128,1910.55,,,11,12,1910.55,128,*,
1306839592,Ennis,David,Yorktown Heights,NY,36,Internal Medicine,Claim-Specialty,Shingrix,Varicella-Zoster Ge/As01b/Pf,12,12,186,1798.02,,,12,12,1798.02,186,*,
1306871595,Donohue,Robert,Schenectady,NY,36,Internal Medicine,Claim-Specialty,Shingrix,Varicella-Zoster Ge/As01b/Pf,108,109,946,19533.73,82,#,,,,,#,
1306904370,Steinmetz,Ira,Brooklyn,NY,36,Internal Medicine,Claim-Specialty,Shingrix,Varicella-Zoster Ge/As01b/Pf,11,11,69,1740.43,,*,,,,,*,
1306911136,Ingrassia,Joseph,Nanuet,NY,36,Family Practice,Claim-Specialty,Shingrix,Varicella-Zoster Ge/As01b/Pf,17,17,220,2654.02,13,,17,17,2654.02,220,,13
1306934021,Lukoschek,Petra,New York,NY,36,Internal Medicine,Claim-Specialty,Shingrix,Varicella-Zoster Ge/As01b/Pf,12,14,217,1887.88,11,,12,14,1887.88,217,,11
1306984810,Liu,Zova,Flushing,NY,36,Internal Medicine,Claim-Specialty,Adacel Tdap,"Diph,pertuss(Acell),tet Vac/Pf",11,11,98,498.59,11,*,,,,,*,
1306984810,Liu,Zova,Flushing,NY,36,Internal Medicine,Claim-Specialty,Zostavax,Zoster Vaccine Live/Pf,13,13,42,2869.25,12,,13,13,2869.25,42,,12
1306986351,Siu,Singmay,Brooklyn,NY,36,Internal Medicine,Claim-Specialty,Zostavax,Zoster Vaccine Live/Pf,40,44,1059,9019.09,40,#,,,,,#,
1316012560,Odonnell,Patricia,Williamsville,NY,36,Family Practice,Claim-Specialty,Adacel Tdap,"Diph,pertuss(Acell),tet Vac/Pf",11,11,11,687.66,11,,11,11,687.66,11,,11
1316012560,Odonnell,Patricia,Williamsville,NY,36,Family Practice,Claim-Specialty,Shingrix,Varicella-Zoster Ge/As01b/Pf,15,15,73,2544.14,15,,15,15,2544.14,73,,15
1316030547,Fried,Robert,Bronx,NY,36,Internal Medicine,Claim-Specialty,Boostrix Tdap,"Diphth,pertuss(Acell),tet Vac",14,14,362,1199.1,14,#,,,,,#,
1316044563,Jacobson,Michael,New York,NY,36,Cardiology,Claim-Specialty,Shingrix,Varicella-Zoster Ge/As01b/Pf,12,12,70,1957.21,11,,12,12,1957.21,70,,11
1316047434,Johnson Stuber,Genevieve,Rochester,NY,36,Family Practice,Claim-Specialty,Shingrix,Varicella-Zoster Ge/As01b/Pf,11,12.5,115,1631.27,,*,,,,,*,
1316087190,Carstens,Jan,Amsterdam,NY,36,Family Practice,Claim-Specialty,Shingrix,Varicella-Zoster Ge/As01b/Pf,13,14,72,2054.51,,,13,14,2054.51,72,*,
1316108533,Enschede,Elizabeth,New York,NY,36,Family Practice,Claim-Specialty,Shingrix,Varicella-Zoster Ge/As01b/Pf,12,12,60,1906.06,12,,12,12,1906.06,60,,12
1316109002,Win,Yin,New York,NY,36,Internal Medicine,Claim-Specialty,Shingrix,Varicella-Zoster Ge/As01b/Pf,12,15,247,1780,,,12,15,1780,247,*,
1316191687,Baxter,Daniel,New York,NY,36,Internal Medicine,NPPES-Specialty,Shingrix,Varicella-Zoster Ge/As01b/Pf,12,12,157,1863.52,11,*,,,,,*,
1316196520,Green,Debra,Ny,NY,36,Internal Medicine,Claim-Specialty,Shingrix,Varicella-Zoster Ge/As01b/Pf,12,12,42,1843.02,,#,,,,,*,
1316462286,Sarrel,Lindsay,New York,NY,36,Nurse Practitioner,Claim-Specialty,Boostrix Tdap,"Diphth,pertuss(Acell),tet Vac",15,15,450,577.6,15,#,,,,,#,
1316910623,Kuwama,Yuichiro,New York,NY,36,Internal Medicine,Claim-Specialty,Boostrix Tdap,"Diphth,pertuss(Acell),tet Vac",12,12,360,743.88,12,,12,12,743.88,360,,12
1316913593,Scofield,Steven,Rochester,NY,36,Internal Medicine,Claim-Specialty,Shingrix,Varicella-Zoster Ge/As01b/Pf,13,13,158,2120.41,,#,,,,,*,
1316932130,Klein,David,Lynbrook,NY,36,Internal Medicine,Claim-Specialty,Shingrix,Varicella-Zoster Ge/As01b/Pf,12,14,130,1913.94,12,,12,14,1913.94,130,,12
1316939333,Thomas,David,Williamsville,NY,36,Family Practice,Claim-Specialty,Shingrix,Varicella-Zoster Ge/As01b/Pf,58,58,261,9210.75,37,#,,,,,#,
1316946916,Eliach,Pamela,New Rochelle,NY,36,Internal Medicine,Claim-Specialty,Shingrix,Varicella-Zoster Ge/As01b/Pf,48,57,492,7726.56,36,#,,,,,#,
1316964943,Rufai,Olusanya,Brooklyn,NY,36,Internal Medicine,Claim-Specialty,M-M-R Ii Vaccine,"Measles,mumps,rubella Vacc/Pf",16,16,480,1045.28,15,,16,16,1045.28,480,,15
1316973506,Stark,Garry,New Hyde Park,NY,36,Family Practice,Claim-Specialty,Shingrix,Varicella-Zoster Ge/As01b/Pf,14,14,101,2306.62,13,,14,14,2306.62,101,,13
1316977952,Connors,Patrick,Rochester,NY,36,Internal Medicine,Claim-Specialty,Shingrix,Varicella-Zoster Ge/As01b/Pf,41,42,419,6531.19,27,,41,42,6531.19,419,,27
1316979651,Wang,Kuocheng,New York,NY,36,Internal Medicine,Claim-Specialty,Shingrix,Varicella-Zoster Ge/As01b/Pf,39,39,532,5713.55,39,,39,39,5713.55,532,,39
1316979651,Wang,Kuocheng,New York,NY,36,Internal Medicine,Claim-Specialty,Zostavax,Zoster Vaccine Live/Pf,29,29,696,6039.39,27,,29,29,6039.39,696,,27
1316985773,Zilberman,Alla,New York,NY,36,Family Practice,Claim-Specialty,Boostrix Tdap,"Diphth,pertuss(Acell),tet Vac",11,11,330,558.24,11,*,,,,,*,
1316988504,Huang,Yiling,Elmhurst,NY,36,Internal Medicine,Claim-Specialty,Adacel Tdap,"Diph,pertuss(Acell),tet Vac/Pf",11,11,243,768.61,11,,11,11,768.61,243,,11
1316988504,Huang,Yiling,Elmhurst,NY,36,Internal Medicine,Claim-Specialty,Shingrix,Varicella-Zoster Ge/As01b/Pf,28,28,493,4690.22,23,,28,28,4690.22,493,,23
1316988504,Huang,Yiling,Elmhurst,NY,36,Internal Medicine,Claim-Specialty,Zostavax,Zoster Vaccine Live/Pf,13,13,303,3250.9,13,,13,13,3250.9,303,,13
1326000498,Ushyarov,Mani,Rego Park,NY,36,Diagnostic Radiology,Claim-Specialty,Shingrix,Varicella-Zoster Ge/As01b/Pf,14,15,189,2197.44,13,#,,,,,#,
1326001967,Abraham,Susan,Brooklyn,NY,36,Internal Medicine,Claim-Specialty,Shingrix,Varicella-Zoster Ge/As01b/Pf,11,11,11,1771.95,,,11,11,1771.95,11,*,
1326001991,Yu,Yong,Flushing,NY,36,Internal Medicine,Claim-Specialty,Boostrix Tdap,"Diphth,pertuss(Acell),tet Vac",72,72,913,3018.94,71,,72,72,3018.94,913,,71
1326001991,Yu,Yong,Flushing,NY,36,Internal Medicine,Claim-Specialty,Shingrix,Varicella-Zoster Ge/As01b/Pf,25,26,316,3564.22,24,#,,,,,#,
1326001991,Yu,Yong,Flushing,NY,36,Internal Medicine,Claim-Specialty,Zostavax,Zoster Vaccine Live/Pf,52,113,3299,11819.28,52,#,,,,,#,
1326004649,Kumar,Yellamraju,Alden,NY,36,Internal Medicine,Claim-Specialty,Adacel Tdap,"Diph,pertuss(Acell),tet Vac/Pf",30,30,349,1970.14,29,#,,,,,#,
1326005430,Zohur,Jamal,Niagara Falls,NY,36,Internal Medicine,Claim-Specialty,Shingrix,Varicella-Zoster Ge/As01b/Pf,23,23,52,3608.61,20,#,,,,,#,
1326008749,Zitwer,Seth,Rensselaer,NY,36,Family Practice,Claim-Specialty,Shingrix,Varicella-Zoster Ge/As01b/Pf,32,32,32,6286,27,,32,32,6286,32,,27
1326019118,Kennish,Arthur,New York,NY,36,Cardiology,Claim-Specialty,Shingrix,Varicella-Zoster Ge/As01b/Pf,91,95,530,14769.37,65,#,,,,,#,
1326028259,Qudsi,Viqar,Plattsburgh,NY,36,Internal Medicine,Claim-Specialty,Boostrix Tdap,"Diphth,pertuss(Acell),tet Vac",65,65,66,3942.76,65,#,,,,,#,
1326028259,Qudsi,Viqar,Plattsburgh,NY,36,Internal Medicine,Claim-Specialty,Shingrix,Varicella-Zoster Ge/As01b/Pf,842,842,1016,136902.21,606,,781,781,126891.72,926,,562
1326035205,Nachamie,Mark,New York,NY,36,Cardiology,Claim-Specialty,Shingrix,Varicella-Zoster Ge/As01b/Pf,18,19,309,2897.99,13,,18,19,2897.99,309,,13
1326039058,Hallinan,Kathleen,Corning,NY,36,Internal Medicine,Claim-Specialty,Adacel Tdap,"Diph,pertuss(Acell),tet Vac/Pf",13,13,245,908.58,13,#,,,,,#,
1326046343,Singh,Ashok,Niagara Falls,NY,36,Family Practice,Claim-Specialty,Shingrix,Varicella-Zoster Ge/As01b/Pf,72,72,393,11334.97,51,#,,,,,#,
1326048265,Rooney,Ellen,New York,NY,36,Internal Medicine,Claim-Specialty,Shingrix,Varicella-Zoster Ge/As01b/Pf,27,27,143,4395.06,18,,27,27,4395.06,143,,18
1326066424,Haber,Eugene,Schenectady,NY,36,Family Practice,Claim-Specialty,Shingrix,Varicella-Zoster Ge/As01b/Pf,30,30,155,4751.2,24,,30,30,4751.2,155,,24
1326073552,Singh,Pushpinder,Yonkers,NY,36,Internal Medicine,Claim-Specialty,Shingrix,Varicella-Zoster Ge/As01b/Pf,31,33,178,5020.58,20,#,,,,,#,
1326076613,Yee,Walter,Elmhurst,NY,36,Family Practice,Claim-Specialty,Shingrix,Varicella-Zoster Ge/As01b/Pf,20,20,20,2771.19,13,,20,20,2771.19,20,,13
1326080045,Henson,Elliot,Pomona,NY,36,Internal Medicine,Claim-Specialty,Shingrix,Varicella-Zoster Ge/As01b/Pf,17,17,133,3261.31,11,,17,17,3261.31,133,,11
1326084757,Blau,William,Great Neck,NY,36,Cardiology,Claim-Specialty,Shingrix,Varicella-Zoster Ge/As01b/Pf,35,35,557,5835.99,29,,35,35,5835.99,557,,29
1326115304,Laurri,Frank,Niagara Falls,NY,36,Internal Medicine,Claim-Specialty,Adacel Tdap,"Diph,pertuss(Acell),tet Vac/Pf",11,11,11,683.66,11,*,,,,,*,
1326115304,Laurri,Frank,Niagara Falls,NY,36,Internal Medicine,Claim-Specialty,Boostrix Tdap,"Diphth,pertuss(Acell),tet Vac",11,11,243,757.93,11,,11,11,757.93,243,,11
1326115304,Laurri,Frank,Niagara Falls,NY,36,Internal Medicine,Claim-Specialty,Shingrix,Varicella-Zoster Ge/As01b/Pf,121,128,1071,19029.74,89,#,,,,,#,
1326131616,Chan,Tricia,Bronx,NY,36,Internal Medicine,Claim-Specialty,Shingrix,Varicella-Zoster Ge/As01b/Pf,18,18,105,2751.37,16,,18,18,2751.37,105,,16
1326148990,Meltzer,Marc,Roslyn Heights,NY,36,Internal Medicine,Claim-Specialty,Shingrix,Varicella-Zoster Ge/As01b/Pf,16,16,161,3461.93,12,,16,16,3461.93,161,,12
1326159054,Spindler,John,Schenectady,NY,36,Physician Assistant,Claim-Specialty,Shingrix,Varicella-Zoster Ge/As01b/Pf,16,16,74,2763.96,14,,16,16,2763.96,74,,14
1326159526,Baskin,Martin,New York,NY,36,Internal Medicine,Claim-Specialty,Shingrix,Varicella-Zoster Ge/As01b/Pf,246,266,3020,40043.71,172,,246,266,40043.71,3020,,172
1326308040,Whittaker,Sarah,Buffalo,NY,36,Family Practice,Claim-Specialty,Adacel Tdap,"Diph,pertuss(Acell),tet Vac/Pf",17,17,17,1051.34,17,,17,17,1051.34,17,,17
1326308040,Whittaker,Sarah,Buffalo,NY,36,Family Practice,Claim-Specialty,Shingrix,Varicella-Zoster Ge/As01b/Pf,15,15,334,2536.83,15,#,,,,,#,
1326361015,Tourangeau,Richard,Albany,NY,36,Pharmacist,NPPES-Taxonomy,Shingrix,Varicella-Zoster Ge/As01b/Pf,25,25,25,3767.17,25,,25,25,3767.17,25,,25
1336119866,Peterson,Keri,New York,NY,36,Internal Medicine,Claim-Specialty,Shingrix,Varicella-Zoster Ge/As01b/Pf,14,14,159,2201.99,13,,14,14,2201.99,159,,13
1336128198,Martimucci,William,Rye,NY,36,Internal Medicine,Claim-Specialty,Shingrix,Varicella-Zoster Ge/As01b/Pf,12,12,186,1855,,,12,12,1855,186,*,
1336130442,Go,Arsenio,Bronx,NY,36,Family Practice,Claim-Specialty,Zostavax,Zoster Vaccine Live/Pf,27,27,723,6399.95,27,#,,,,,#,
1336136274,Connor,Erika,Randolph,NY,36,Family Practice,Claim-Specialty,Shingrix,Varicella-Zoster Ge/As01b/Pf,48,50,340,7536.09,32,,37,39,5878.03,329,#,
1336146364,Feeney,William,Latham,NY,36,Internal Medicine,Claim-Specialty,Shingrix,Varicella-Zoster Ge/As01b/Pf,20,20,20,3469.64,15,#,,,,,#,
1336148709,Szymanski,Chad,N Tonawanda,NY,36,Family Practice,Claim-Specialty,Adacel Tdap,"Diph,pertuss(Acell),tet Vac/Pf",16,16,16,997.95,16,#,,,,,#,
1336148709,Szymanski,Chad,N Tonawanda,NY,36,Family Practice,Claim-Specialty,Shingrix,Varicella-Zoster Ge/As01b/Pf,20,20,20,3151.43,12,,20,20,3151.43,20,,12
1336158609,Lakhani,Nisha,Bardonia,NY,36,Internal Medicine,Claim-Specialty,Shingrix,Varicella-Zoster Ge/As01b/Pf,18,19,251,2862.76,12,#,,,,,#,
1336174457,Lorenzetti,Joseph,Seneca Falls,NY,36,Family Practice,Claim-Specialty,Shingrix,Varicella-Zoster Ge/As01b/Pf,11,12,134,1875.03,,*,,,,,*,
1336177823,Rienzi,Peter,Schenectady,NY,36,Internal Medicine,Claim-Specialty,Shingrix,Varicella-Zoster Ge/As01b/Pf,16,16,161,2556.9,12,,16,16,2556.9,161,,12
1336184290,Innabi,Khalil,Yonkers,NY,36,Family Practice,Claim-Specialty,Zostavax,Zoster Vaccine Live/Pf,51,51,1124,11628.84,50,#,,,,,#,
1336214220,Yu,Shin,Elmsford,NY,36,Internal Medicine,Claim-Specialty,Shingrix,Varicella-Zoster Ge/As01b/Pf,88,98,823,14567.33,67,,68,78,11090.96,803,,53
1336252816,Dailey,Ron,Brooklyn,NY,36,Internal Medicine,Claim-Specialty,Shingrix,Varicella-Zoster Ge/As01b/Pf,43,44,305,6808.86,31,#,,,,,#,
1336298835,Bang,Eunsook,Flushing,NY,36,Pediatric Medicine,Claim-Specialty,Shingrix,Varicella-Zoster Ge/As01b/Pf,12,17,365,1762.21,,,12,17,1762.21,365,*,
1336346576,Feher,Cynthia,New York,NY,36,Internal Medicine,Claim-Specialty,Boostrix Tdap,"Diphth,pertuss(Acell),tet Vac",17,17,17,705.93,17,#,,,,,#,
1336584820,Maclean,Sean,Hamburg,NY,36,Family Practice,Claim-Specialty,Shingrix,Varicella-Zoster Ge/As01b/Pf,11,11,127,1704.14,,,11,11,1704.14,127,*,
1346233673,Van Hook Spivack,Lucille,Bronx,NY,36,Internal Medicine,Claim-Specialty,Boostrix Tdap,"Diphth,pertuss(Acell),tet Vac",12,12,12,727.82,12,*,,,,,*,
1346277050,Mason,James,Fairport,NY,36,Internal Medicine,Claim-Specialty,Boostrix Tdap,"Diphth,pertuss(Acell),tet Vac",19,19,48,1041.01,19,,19,19,1041.01,48,,19
1346277050,Mason,James,Fairport,NY,36,Internal Medicine,Claim-Specialty,Shingrix,Varicella-Zoster Ge/As01b/Pf,105,105,1497,16612.73,60,,105,105,16612.73,1497,,60
1346285285,Tarrazona-Yu,Pamela,West Seneca,NY,36,Internal Medicine,Claim-Specialty,Shingrix,Varicella-Zoster Ge/As01b/Pf,14,15,133,2291.36,12,,14,15,2291.36,133,,12
1346289733,Yuen,Hak,Flushing,NY,36,Internal Medicine,Claim-Specialty,Adacel Tdap,"Diph,pertuss(Acell),tet Vac/Pf",12,12,186,551.76,12,,12,12,551.76,186,,12
1346289733,Yuen,Hak,Flushing,NY,36,Internal Medicine,Claim-Specialty,Zostavax,Zoster Vaccine Live/Pf,15,15,276,3407.11,15,,15,15,3407.11,276,,15
1346323862,Uppal,Rajneesh,Shoub Oak,NY,36,Internal Medicine,Claim-Specialty,Shingrix,Varicella-Zoster Ge/As01b/Pf,39,56,1330,5611.76,29,#,,,,,#,
1346365319,Price,Mary,Auburn,NY,36,Internal Medicine,Claim-Specialty,Shingrix,Varicella-Zoster Ge/As01b/Pf,116,121,1600,18485.61,64,#,,,,,#,
1346426368,Hoffman,Paul,Pearl River,NY,36,Pharmacist,NPPES-Taxonomy,Shingrix,Varicella-Zoster Ge/As01b/Pf,69,71,477,9834.44,50,#,,,,,#,
1346438157,Gugino,Stacey,Williamsville,NY,36,Family Practice,Claim-Specialty,Shingrix,Varicella-Zoster Ge/As01b/Pf,44,44,44,6975.41,27,,44,44,6975.41,44,,27
1346445194,Price,Marc,Mechanicville,NY,36,Family Practice,Claim-Specialty,Shingrix,Varicella-Zoster Ge/As01b/Pf,13,13,13,2383.29,12,#,,,,,*,
1346471851,Rice,Kelly,Olean,NY,36,Nurse Practitioner,Claim-Specialty,Shingrix,Varicella-Zoster Ge/As01b/Pf,19,19,367,3074.41,13,,19,19,3074.41,367,,13
1346508991,Gallucci,Derek,Williamsville,NY,36,Family Practice,Claim-Specialty,Shingrix,Varicella-Zoster Ge/As01b/Pf,17,17,75,2697.4,12,,17,17,2697.4,75,,12
1346515780,Kang,Tae,Flushing,NY,36,Physician Assistant,Claim-Specialty,Shingrix,Varicella-Zoster Ge/As01b/Pf,245,424,11244,40907.78,168,#,,,,,#,
1346515939,Ames,Kaitlin,Jamestown,NY,36,Family Practice,Claim-Specialty,Shingrix,Varicella-Zoster Ge/As01b/Pf,54,58,493,8675.77,31,,54,58,8675.77,493,,31
1346520525,Rummel,James,Andover,NY,36,Family Practice,Claim-Specialty,Shingrix,Varicella-Zoster Ge/As01b/Pf,14,14,275,2442.4,,#,,,,,*,
1346584034,Stucker,Sue,Syracuse,NY,36,Nurse Practitioner,Claim-Specialty,Shingrix,Varicella-Zoster Ge/As01b/Pf,15,15,102,2437.83,12,*,,,,,*,
1346655354,Rapasadi,Emily,Chatham,NY,36,Physician Assistant,Claim-Specialty,Shingrix,Varicella-Zoster Ge/As01b/Pf,43,43,73,6842.8,29,#,,,,,#,
1346657103,Lum,Tszhoderrick,Staten Island,NY,36,Nurse Practitioner,NPPES-Specialty,Shingrix,Varicella-Zoster Ge/As01b/Pf,20,34,846,2899.61,14,#,,,,,#,
1356301774,Dibble,William,Fayetteville,NY,36,Family Practice,Claim-Specialty,Shingrix,Varicella-Zoster Ge/As01b/Pf,20,20,136,3261.01,16,#,,,,,#,
1356304372,Zhang,Jing,Staten Island,NY,36,Internal Medicine,Claim-Specialty,Boostrix Tdap,"Diphth,pertuss(Acell),tet Vac",17,17,510,881.28,17,,17,17,881.28,510,,17
1356306617,Heffernan,William,Highland,NY,36,Family Practice,Claim-Specialty,Shingrix,Varicella-Zoster Ge/As01b/Pf,17,17,46,2704.37,,,17,17,2704.37,46,*,
1356308845,Schmand,Elizabeth,Buffalo,NY,36,Nurse Practitioner,Claim-Specialty,Boostrix Tdap,"Diphth,pertuss(Acell),tet Vac",20,20,49,1139.47,19,#,,,,,#,
1356318703,Desmone,Donna,Buffalo,NY,36,Geriatric Medicine,Claim-Specialty,Shingrix,Varicella-Zoster Ge/As01b/Pf,14,15.7,182,2190.22,,,14,15.7,2190.22,182,*,
1356337000,Ryan,Timothy,Seneca Falls,NY,36,Family Practice,Claim-Specialty,Shingrix,Varicella-Zoster Ge/As01b/Pf,22,22,22,3557.19,12,,22,22,3557.19,22,,12
1356339469,Rubenstein,Barney,Greenwich,NY,36,Internal Medicine,Claim-Specialty,Shingrix,Varicella-Zoster Ge/As01b/Pf,11,11,69,1770.63,11,,11,11,1770.63,69,,11
1356339469,Rubenstein,Barney,Greenwich,NY,36,Internal Medicine,Claim-Specialty,Tenivac,Tetanus-Diphtheria Toxoids/Pf,11,11,330,728.7,11,,11,11,728.7,330,,11
1356340145,Barnes,Edward,New York,NY,36,Internal Medicine,Claim-Specialty,Shingrix,Varicella-Zoster Ge/As01b/Pf,54,55,142,8739.26,38,#,,,,,#,
1356341622,Masarech,Martin,Greene,NY,36,Family Practice,Claim-Specialty,Shingrix,Varicella-Zoster Ge/As01b/Pf,36,36,95,5660.04,25,#,,,,,#,
1356343065,Quraishi,Nisar,New York,NY,36,Internal Medicine,Claim-Specialty,Shingrix,Varicella-Zoster Ge/As01b/Pf,35,35,760,6865.34,29,,35,35,6865.34,760,,29
1356343206,Maggiore,Peter,Troy,NY,36,Internal Medicine,Claim-Specialty,Shingrix,Varicella-Zoster Ge/As01b/Pf,16,16,16,2557.44,12,,16,16,2557.44,16,,12
1356399844,Rush,Jack,Clayton,NY,36,Family Practice,Claim-Specialty,Shingrix,Varicella-Zoster Ge/As01b/Pf,19,19,135,2983.24,13,,19,19,2983.24,135,,13
1356434104,Chen,Bo,New York,NY,36,Internal Medicine,Claim-Specialty,Boostrix Tdap,"Diphth,pertuss(Acell),tet Vac",50,50,340,2097.39,50,#,,,,,#,
1356434104,Chen,Bo,New York,NY,36,Internal Medicine,Claim-Specialty,Zostavax,Zoster Vaccine Live/Pf,54,58,609,12210.33,54,#,,,,,#,
1356434575,Posner,Joel,Bronx,NY,36,Internal Medicine,Claim-Specialty,Shingrix,Varicella-Zoster Ge/As01b/Pf,13,13,100,1983.54,13,#,,,,,#,
1356447064,Merker,Edward,New York,NY,36,Endocrinology,Claim-Specialty,Shingrix,Varicella-Zoster Ge/As01b/Pf,13,13,129,2086.11,,,13,13,2086.11,129,*,
1356448708,Charap,Mitchell,New York,NY,36,Internal Medicine,Claim-Specialty,Shingrix,Varicella-Zoster Ge/As01b/Pf,18,20,368,4897.53,17,,18,20,4897.53,368,,17
1356547129,Natal,Elizabeth,Yonkers,NY,36,Family Practice,Claim-Specialty,Zostavax,Zoster Vaccine Live/Pf,15,15,276,3355.92,15,#,,,,,#,
1356629240,Griffin,Judith,Ithaca,NY,36,Internal Medicine,Claim-Specialty,Shingrix,Varicella-Zoster Ge/As01b/Pf,14,14,275,2332.57,,,14,14,2332.57,275,*,
1356663512,Imperato,Daniela,Staten Island,NY,36,Pharmacist,NPPES-Taxonomy,Shingrix,Varicella-Zoster Ge/As01b/Pf,14,14,14,2006.25,14,#,,,,,#,
1356754287,Revels,Seth,Sleepy Hollow,NY,36,Family Practice,Claim-Specialty,Adacel Tdap,"Diph,pertuss(Acell),tet Vac/Pf",17,17,17,782,17,,17,17,782,17,,17
1356754287,Revels,Seth,Sleepy Hollow,NY,36,Family Practice,Claim-Specialty,Havrix,Hepatitis A Virus Vaccine/Pf,17,17,17,989,16,#,,,,,#,
1366406365,Myers,Michael,Webster,NY,36,Internal Medicine,Claim-Specialty,Shingrix,Varicella-Zoster Ge/As01b/Pf,160,164,1382,25213.97,99,#,,,,,#,
1366418345,Rich,Ellen,Amherst,NY,36,Internal Medicine,Claim-Specialty,Adacel Tdap,"Diph,pertuss(Acell),tet Vac/Pf",13,13,13,809.15,13,#,,,,,#,
1366418345,Rich,Ellen,Amherst,NY,36,Internal Medicine,Claim-Specialty,Shingrix,Varicella-Zoster Ge/As01b/Pf,27,27,56,4585.68,20,#,,,,,#,
1366422883,Nordlicht,Kenneth,New Hyde Park,NY,36,Internal Medicine,Claim-Specialty,Shingrix,Varicella-Zoster Ge/As01b/Pf,11,12,70,1736.96,,,11,12,1736.96,70,*,
1366423295,Milos,Jovan,Ridgewood,NY,36,Internal Medicine,Claim-Specialty,Adacel Tdap,"Diph,pertuss(Acell),tet Vac/Pf",43,43,362,2906.97,43,#,,,,,#,
1366423295,Milos,Jovan,Ridgewood,NY,36,Internal Medicine,Claim-Specialty,Zostavax,Zoster Vaccine Live/Pf,47,47,453,11957.51,47,#,,,,,#,
1366438228,Rosenberg,Peter,Bayside,NY,36,Internal Medicine,Claim-Specialty,Shingrix,Varicella-Zoster Ge/As01b/Pf,11,11,98,1737.63,,,11,11,1737.63,98,*,
1366444259,Mellow,Ellen,New York,NY,36,Cardiology,Claim-Specialty,Shingrix,Varicella-Zoster Ge/As01b/Pf,13,13,13,2026.89,,,13,13,2026.89,13,*,
1366447716,Daly,Erik,Syracuse,NY,36,Internal Medicine,Claim-Specialty,Boostrix Tdap,"Diphth,pertuss(Acell),tet Vac",75,75,336,4361.42,75,#,,,,,#,
1366447716,Daly,Erik,Syracuse,NY,36,Internal Medicine,Claim-Specialty,Shingrix,Varicella-Zoster Ge/As01b/Pf,1100,1113,16749,176456.84,630,,1073,1084,172150.59,16140,,614
1366447831,Algase,Leslie,Rochester,NY,36,Internal Medicine,Claim-Specialty,Adacel Tdap,"Diph,pertuss(Acell),tet Vac/Pf",11,11,272,751.55,11,,11,11,751.55,272,,11
1366447831,Algase,Leslie,Rochester,NY,36,Internal Medicine,Claim-Specialty,Shingrix,Varicella-Zoster Ge/As01b/Pf,15,15,189,2593.89,11,,15,15,2593.89,189,,11
1366455248,Okere,Henry,West Nyack,NY,36,Internal Medicine,Claim-Specialty,Shingrix,Varicella-Zoster Ge/As01b/Pf,14,14,101,2289.14,11,#,,,,,*,
1366458895,Braverman-Panza,Jill,Albany,NY,36,Internal Medicine,Claim-Specialty,Shingrix,Varicella-Zoster Ge/As01b/Pf,22,22,22,3534.39,18,,22,22,3534.39,22,,18
1366507261,Urena,Andres,Richmond Hill,NY,36,Internal Medicine,NPPES-Specialty,Boostrix Tdap,"Diphth,pertuss(Acell),tet Vac",25,25,83,1489.04,24,#,,,,,#,
1366507261,Urena,Andres,Richmond Hill,NY,36,Internal Medicine,NPPES-Specialty,Shingrix,Varicella-Zoster Ge/As01b/Pf,24,24,24,3906.26,23,#,,,,,#,
1366529687,Morton,Tatyana,New York,NY,36,Internal Medicine,Claim-Specialty,Shingrix,Varicella-Zoster Ge/As01b/Pf,17,20,252,2631.36,12,,17,20,2631.36,252,,12
1366550162,Minnella,Bernedette,Rochester,NY,36,Internal Medicine,Claim-Specialty,Shingrix,Varicella-Zoster Ge/As01b/Pf,67,67,1430,11238.23,42,#,,,,,#,
1366598021,Gozun,Benjamin,Brooklyn,NY,36,Family Practice,Claim-Specialty,Boostrix Tdap,"Diphth,pertuss(Acell),tet Vac",15,15,450,1097.1,15,#,,,,,#,
1366636623,Mihaleva,Velitchka,Mount Vernon,NY,36,Internal Medicine,Claim-Specialty,Boostrix Tdap,"Diphth,pertuss(Acell),tet Vac",42,42,548,1686.63,42,#,,,,,#,
1366636623,Mihaleva,Velitchka,Mount Vernon,NY,36,Internal Medicine,Claim-Specialty,Shingrix,Varicella-Zoster Ge/As01b/Pf,12,12,157,1739.35,11,,12,12,1739.35,157,,11
1366642142,Karoff,Thomas,Mt Kisco,NY,36,Internal Medicine,Claim-Specialty,Shingrix,Varicella-Zoster Ge/As01b/Pf,23,23,81,3730.37,20,#,,,,,#,
1366688152,Lei,Jun,Flushing,NY,36,Internal Medicine,Claim-Specialty,Boostrix Tdap,"Diphth,pertuss(Acell),tet Vac",13,13,13,530.2,13,,13,13,530.2,13,,13
1366731572,Ryan,Anne,Pittsford,NY,36,Internal Medicine,Claim-Specialty,Shingrix,Varicella-Zoster Ge/As01b/Pf,41,43,565,6695.23,23,,41,43,6695.23,565,,23
1366769796,Fasanello,Joseph,West Amherst,NY,36,Family Practice,Claim-Specialty,Shingrix,Varicella-Zoster Ge/As01b/Pf,11,11,69,1736.2,,*,,,,,*,
1376500132,Schwarzmueller,Sarah,Buffalo,NY,36,Nurse Practitioner,NPPES-Specialty,Shingrix,Varicella-Zoster Ge/As01b/Pf,73,73,73,11286.52,59,#,,,,,#,
1376500157,Halsdorfer,Andrew,Williamsville,NY,36,Family Practice,Claim-Specialty,Adacel Tdap,"Diph,pertuss(Acell),tet Vac/Pf",15,15,15,935.53,15,#,,,,,#,
1376500157,Halsdorfer,Andrew,Williamsville,NY,36,Family Practice,Claim-Specialty,Shingrix,Varicella-Zoster Ge/As01b/Pf,15,15,16,2398.13,,#,,,,,*,
1376509240,Zito,Gene,Pittsford,NY,36,Internal Medicine,Claim-Specialty,Shingrix,Varicella-Zoster Ge/As01b/Pf,19,19,338,3054.65,12,,19,19,3054.65,338,,12
1376523688,Dercola,Kelly,Kingston,NY,36,Internal Medicine,Claim-Specialty,Shingrix,Varicella-Zoster Ge/As01b/Pf,22,36,817,3518.59,16,#,,,,,#,
1376531780,Goldberg,Harvey,New York,NY,36,Cardiology,Claim-Specialty,Shingrix,Varicella-Zoster Ge/As01b/Pf,13,13,100,2131.25,,,13,13,2131.25,100,*,
1376546077,Holobinko,Carol,Bath,NY,36,Internal Medicine,Claim-Specialty,Shingrix,Varicella-Zoster Ge/As01b/Pf,20,20,49,3294.54,15,#,,,,,#,
1376548032,Patelli,Annamaria,Franklin Square,NY,36,Internal Medicine,Claim-Specialty,Shingrix,Varicella-Zoster Ge/As01b/Pf,69,70,364,10837.28,56,#,,,,,#,
1376551333,Wagley,Bhupendra,Brooklyn,NY,36,Internal Medicine,Claim-Specialty,Shingrix,Varicella-Zoster Ge/As01b/Pf,12,12,41,1924.56,11,,12,12,1924.56,41,,11
1376551333,Wagley,Bhupendra,Brooklyn,NY,36,Internal Medicine,Claim-Specialty,Zostavax,Zoster Vaccine Live/Pf,12,12,157,2745.22,12,#,,,,,#,
1376555417,Erlebacher,Mark,Syracuse,NY,36,Internal Medicine,Claim-Specialty,Shingrix,Varicella-Zoster Ge/As01b/Pf,31,31,292,5098.65,24,#,,,,,#,
1376561910,Long,Jeffrey,Naples,NY,36,Family Practice,Claim-Specialty,Shingrix,Varicella-Zoster Ge/As01b/Pf,57,57,314,8988.64,35,#,,,,,#,
1376563452,Fusella,Joseph,Schenectady,NY,36,Family Practice,Claim-Specialty,Shingrix,Varicella-Zoster Ge/As01b/Pf,48,48,278,7674.36,41,,48,48,7674.36,278,,41
1376569269,Scardina,Eric,New York,NY,36,Internal Medicine,Claim-Specialty,Shingrix,Varicella-Zoster Ge/As01b/Pf,45,56,524,6592.41,29,#,,,,,#,
1376572842,Gupta,Mala,Rochester,NY,36,Internal Medicine,Claim-Specialty,Shingrix,Varicella-Zoster Ge/As01b/Pf,59,59,639,9375.54,33,#,,,,,#,
1376573998,Courtsal,Charles,Rochester,NY,36,Internal Medicine,Claim-Specialty,Shingrix,Varicella-Zoster Ge/As01b/Pf,21,21,224,3329.64,12,,21,21,3329.64,224,,12
1376574293,Litt,Anne Beth,Valhalla,NY,36,Internal Medicine,Claim-Specialty,Adacel Tdap,"Diph,pertuss(Acell),tet Vac/Pf",27,27,27,1759,27,#,,,,,#,
1376574293,Litt,Anne Beth,Valhalla,NY,36,Internal Medicine,Claim-Specialty,Boostrix Tdap,"Diphth,pertuss(Acell),tet Vac",114,114,143,6818.18,114,#,,,,,#,
1376574293,Litt,Anne Beth,Valhalla,NY,36,Internal Medicine,Claim-Specialty,Shingrix,Varicella-Zoster Ge/As01b/Pf,1263,1289,4972,205575.36,962,,1234,1260,200840.61,4827,,939
1376575662,Norwood-Galloway,Dellis,Bronxville,NY,36,Internal Medicine,Claim-Specialty,Shingrix,Varicella-Zoster Ge/As01b/Pf,11,11,11,1745.66,,,11,11,1745.66,11,*,
1376578419,Carthy,John,Star Lake,NY,36,Family Practice,Claim-Specialty,Shingrix,Varicella-Zoster Ge/As01b/Pf,22,22,22,3595.56,15,#,,,,,#,
1376602201,Gorski,Lydia,New Hyde Park,NY,36,Internal Medicine,Claim-Specialty,Shingrix,Varicella-Zoster Ge/As01b/Pf,15,17,191,2406.15,13,,15,17,2406.15,191,,13
1376612242,Schrem,Stanley,New York,NY,36,Cardiology,Claim-Specialty,Shingrix,Varicella-Zoster Ge/As01b/Pf,151,151,3138,25180.19,104,,151,151,25180.19,3138,,104
1376623314,Elias,Rahel,Forest Hills,NY,36,Internal Medicine,Claim-Specialty,Shingrix,Varicella-Zoster Ge/As01b/Pf,18,18,221,2977.83,14,,18,18,2977.83,221,,14
1376702035,Mehta,Kinner,Vestal,NY,36,Internal Medicine,Claim-Specialty,Shingrix,Varicella-Zoster Ge/As01b/Pf,11,11,11,1749.01,,,11,11,1749.01,11,*,
1376776054,Patel,Sonal,Mount Vernon,NY,36,Internal Medicine,Claim-Specialty,Shingrix,Varicella-Zoster Ge/As01b/Pf,11,11,40,1743.85,,*,,,,,*,
1376854646,Vachon,Cary,Schenectady,NY,36,Family Practice,Claim-Specialty,Shingrix,Varicella-Zoster Ge/As01b/Pf,12,12,12,1908.48,,#,,,,,*,
1386081545,Dunn,Geoffrey,Bronx,NY,36,Family Practice,Claim-Specialty,Adacel Tdap,"Diph,pertuss(Acell),tet Vac/Pf",13,13,13,598,13,#,,,,,#,
1386601557,He,Fufu,Brooklyn,NY,36,Family Practice,Claim-Specialty,Shingrix,Varicella-Zoster Ge/As01b/Pf,26,60,1742,3817.91,24,,26,60,3817.91,1742,,24
1386601557,He,Fufu,Brooklyn,NY,36,Family Practice,Claim-Specialty,Zostavax,Zoster Vaccine Live/Pf,57,57,438,12802.03,56,,57,57,12802.03,438,,56
1386604858,Brown,Jennie,Liverpool,NY,36,Family Practice,Claim-Specialty,Shingrix,Varicella-Zoster Ge/As01b/Pf,46,46,887,7612.93,40,#,,,,,#,
1386623809,Rayner,Carol,Waccabuc,NY,36,Internal Medicine,Claim-Specialty,Shingrix,Varicella-Zoster Ge/As01b/Pf,18,20,223,3037.32,13,,18,20,3037.32,223,,13
1386625275,Rackoff,Paula,New York,NY,36,Rheumatology,Claim-Specialty,Shingrix,Varicella-Zoster Ge/As01b/Pf,12,13,100,2132.46,12,#,,,,,#,
1386644540,Steinwachs,Donna,Williamsville,NY,36,Nurse Practitioner,Claim-Specialty,Shingrix,Varicella-Zoster Ge/As01b/Pf,12,12,70,1893.2,,#,,,,,*,
1386663003,Martin,Kristen,Charlton,NY,36,Family Practice,Claim-Specialty,Shingrix,Varicella-Zoster Ge/As01b/Pf,18,18,134,3481.72,13,,18,18,3481.72,134,,13
1386663235,Suozzi,William,New York,NY,36,Internal Medicine,Claim-Specialty,Shingrix,Varicella-Zoster Ge/As01b/Pf,54,56,926,8933.44,42,,54,56,8933.44,926,,42
1386672368,Donnelly,Paul,Watkins Glen,NY,36,Family Practice,Claim-Specialty,Shingrix,Varicella-Zoster Ge/As01b/Pf,14,14,391,2234.52,,,14,14,2234.52,391,*,
1386713055,Sacolick,Daniel,Hewlett,NY,36,Internal Medicine,Claim-Specialty,Shingrix,Varicella-Zoster Ge/As01b/Pf,66,79,836,10642.85,52,#,,,,,#,
1386719599,Liu,Zoe,New York,NY,36,Internal Medicine,Claim-Specialty,Shingrix,Varicella-Zoster Ge/As01b/Pf,25,25,344,3702.88,20,,25,25,3702.88,344,,20
1386719599,Liu,Zoe,New York,NY,36,Internal Medicine,Claim-Specialty,Zostavax,Zoster Vaccine Live/Pf,48,50,688,11320.78,48,#,,,,,#,
1386728210,Musto,Ronald,Troy,NY,36,Internal Medicine,Claim-Specialty,Shingrix,Varicella-Zoster Ge/As01b/Pf,16,16,45,2549.42,13,,16,16,2549.42,45,,13
1386729374,Haroon,Muneeb,Lockport,NY,36,Internal Medicine,Claim-Specialty,Shingrix,Varicella-Zoster Ge/As01b/Pf,16,16,132,2695.63,11,,16,16,2695.63,132,,11
1386733442,Platzer,William,Geneva,NY,36,Internal Medicine,Claim-Specialty,Shingrix,Varicella-Zoster Ge/As01b/Pf,13,14,78,2009.21,,,13,14,2009.21,78,*,
1386733715,Equinozzi,Arthur,Geneva,NY,36,Internal Medicine,Claim-Specialty,Shingrix,Varicella-Zoster Ge/As01b/Pf,31,32,206,4928.12,18,,31,32,4928.12,206,,18
1386733764,Dorsey,Susan,Saratoga Springs,NY,36,Internal Medicine,Claim-Specialty,Shingrix,Varicella-Zoster Ge/As01b/Pf,51,51,51,8241.93,39,,51,51,8241.93,51,,39
1386734390,Chorny,Shameela,Brooklyn,NY,36,Internal Medicine,Claim-Specialty,Shingrix,Varicella-Zoster Ge/As01b/Pf,13,15,189,2075.39,12,,13,15,2075.39,189,,12
1386739092,Dean,Gary,Vestal,NY,36,Family Practice,Claim-Specialty,Shingrix,Varicella-Zoster Ge/As01b/Pf,157,163,773,25099.89,115,,146,150,23136.98,615,#,
1386910487,Kimble,Sarah,New York,NY,36,Internal Medicine,Claim-Specialty,Shingrix,Varicella-Zoster Ge/As01b/Pf,14,14,130,2808.44,,,14,14,2808.44,130,*,
1386960557,Hasan,Samreen,New York,NY,36,Internal Medicine,Claim-Specialty,Shingrix,Varicella-Zoster Ge/As01b/Pf,13,14,188,2558.4,,,13,14,2558.4,188,*,
1386968006,King,Daniel,Rochester,NY,36,Geriatric Medicine,Claim-Specialty,Shingrix,Varicella-Zoster Ge/As01b/Pf,58,60,669,9509.84,36,,58,60,9509.84,669,,36
1396072591,Land,Malgorzata,New York,NY,36,Internal Medicine,Claim-Specialty,Shingrix,Varicella-Zoster Ge/As01b/Pf,25,27,202,3989.27,20,,25,27,3989.27,202,,20
1396078127,Chen,Helen,Flushing,NY,36,Family Practice,Claim-Specialty,Zostavax,Zoster Vaccine Live/Pf,31,31,234,6739.62,30,#,,,,,#,
1396090411,Giterman,Igor,Staten Island,NY,36,Family Practice,Claim-Specialty,Boostrix Tdap,"Diphth,pertuss(Acell),tet Vac",30,30,900,1555.2,30,#,,,,,#,
1396718383,Hubicki,Walter,Greenville,NY,36,Family Practice,Claim-Specialty,Shingrix,Varicella-Zoster Ge/As01b/Pf,15,15,15,2422.1,11,,15,15,2422.1,15,,11
1396745931,Rogova,Elena,Bronx,NY,36,Internal Medicine,Claim-Specialty,Shingrix,Varicella-Zoster Ge/As01b/Pf,23,23,139,3663.03,17,,23,23,3663.03,139,,17
1396746087,Asante,Baah,Yonkers,NY,36,Pediatric Medicine,NPPES-Specialty,Shingrix,Varicella-Zoster Ge/As01b/Pf,11,11,272,1806.24,11,,11,11,1806.24,272,,11
1396777199,Fingergut,Judy,East Setauket,NY,36,Family Practice,Claim-Specialty,Shingrix,Varicella-Zoster Ge/As01b/Pf,16,16,132,2465.99,13,#,,,,,#,
1396784500,Bansal,Anuj,Penfield,NY,36,Internal Medicine,Claim-Specialty,Shingrix,Varicella-Zoster Ge/As01b/Pf,12,14,130,1948.2,,,12,14,1948.2,130,*,
1396820759,Hassam,Akber,Johnstown,NY,36,Internal Medicine,Claim-Specialty,Shingrix,Varicella-Zoster Ge/As01b/Pf,13,14,101,1990.03,,,13,14,1990.03,101,*,
1396849071,Kurtz,Arthur,Port Jefferson Station,NY,36,Internal Medicine,NPPES-Specialty,Shingrix,Varicella-Zoster Ge/As01b/Pf,75,75,1018,12047.65,47,#,,,,,#,
1396931085,Shao,Xiyun,Flushing,NY,36,Internal Medicine,Claim-Specialty,Zostavax,Zoster Vaccine Live/Pf,26,26,200,5996.25,26,,26,26,5996.25,200,,26
1396959987,Mcnamara,Kristen,Fayetteville,NY,36,Family Practice,Claim-Specialty,Shingrix,Varicella-Zoster Ge/As01b/Pf,19,19,309,3123.01,16,#,,,,,#,
1396989059,Halloran,Mary,Elizabethtown,NY,36,Family Practice,Claim-Specialty,Shingrix,Varicella-Zoster Ge/As01b/Pf,21,21,21,3471.19,16,,21,21,3471.19,21,,16
1407055734,Portuese,Thomas,Glens Falls,NY,36,Family Practice,Claim-Specialty,Shingrix,Varicella-Zoster Ge/As01b/Pf,12,12,12,1906.02,,*,,,,,*,
1407088586,Potts,Rebecca,New York,NY,36,Pharmacist,NPPES-Taxonomy,Shingrix,Varicella-Zoster Ge/As01b/Pf,47,47,47,7299.14,45,,47,47,7299.14,47,,45
1407131253,Snyder,Jaclyn,Brewerton,NY,36,Physician Assistant,Claim-Specialty,Shingrix,Varicella-Zoster Ge/As01b/Pf,26,26,113,4036.94,19,#,,,,,#,
1407142052,Kong,Steven,Brooklyn,NY,36,Physician Assistant,NPPES-Specialty,Shingrix,Varicella-Zoster Ge/As01b/Pf,18,36,964,2584.99,13,,18,36,2584.99,964,,13
1407186414,Lu,Thuy,Brooklyn,NY,36,Internal Medicine,Claim-Specialty,Adacel Tdap,"Diph,pertuss(Acell),tet Vac/Pf",22,22,22,1012,22,,22,22,1012,22,,22
1407243843,An,Hyewon,Woodside,NY,36,Nurse Practitioner,Claim-Specialty,Shingrix,Varicella-Zoster Ge/As01b/Pf,59,79,1384,9135.17,43,,59,79,9135.17,1384,,43
1407296262,Lang,Kimberly,Owego,NY,36,Nurse Practitioner,Claim-Specialty,Shingrix,Varicella-Zoster Ge/As01b/Pf,28,28,144,3914.96,14,,28,28,3914.96,144,,14
1407801798,Clerk,Harnath,Newfane,NY,36,Internal Medicine,Claim-Specialty,Shingrix,Varicella-Zoster Ge/As01b/Pf,14,14,14,2166.66,14,,14,14,2166.66,14,,14
1407821986,Brautigam,Donald,Westfield,NY,36,Family Practice,Claim-Specialty,Shingrix,Varicella-Zoster Ge/As01b/Pf,31,31,89,5032.67,19,,31,31,5032.67,89,,19
1407841356,Rudloff,Mary,Cassadaga,NY,36,Physician Assistant,Claim-Specialty,Shingrix,Varicella-Zoster Ge/As01b/Pf,11,11,69,1744.52,,*,,,,,*,
1407844145,Murak,Daniel,West Seneca,NY,36,Family Practice,Claim-Specialty,Adacel Tdap,"Diph,pertuss(Acell),tet Vac/Pf",22,22,22,1482.79,22,#,,,,,#,
1407844145,Murak,Daniel,West Seneca,NY,36,Family Practice,Claim-Specialty,Shingrix,Varicella-Zoster Ge/As01b/Pf,81,81,516,12938.29,52,#,,,,,#,
1407879026,Chan,Cindy,Schenectady,NY,36,Internal Medicine,Claim-Specialty,Boostrix Tdap,"Diphth,pertuss(Acell),tet Vac",15,15,73,818.06,15,,15,15,818.06,73,,15
1407879026,Chan,Cindy,Schenectady,NY,36,Internal Medicine,Claim-Specialty,Shingrix,Varicella-Zoster Ge/As01b/Pf,34,34,324,6213.06,25,#,,,,,#,
1407883457,Plansky,Bernard,Pittsford,NY,36,Family Practice,Claim-Specialty,Adacel Tdap,"Diph,pertuss(Acell),tet Vac/Pf",21,21,514,1438.86,21,#,,,,,#,
1407883457,Plansky,Bernard,Pittsford,NY,36,Family Practice,Claim-Specialty,Shingrix,Varicella-Zoster Ge/As01b/Pf,31,31,321,4846.03,18,,31,31,4846.03,321,,18
1407885387,Wallerson,Donald,Bronx,NY,36,Cardiology,Claim-Specialty,Shingrix,Varicella-Zoster Ge/As01b/Pf,26,26,26,4214.06,19,,26,26,4214.06,26,,19
1407896152,Dempsey,George,East Hampton,NY,36,Family Practice,Claim-Specialty,Shingrix,Varicella-Zoster Ge/As01b/Pf,48,48,280,7107.2,38,#,,,,,#,
1407919145,Shen,Kuan,New York,NY,36,Internal Medicine,Claim-Specialty,Boostrix Tdap,"Diphth,pertuss(Acell),tet Vac",26,26,490,1106.33,26,,26,26,1106.33,490,,26
1407927593,Devoe,Craig,Lake Success,NY,36,Hematology,Claim-Specialty,Shingrix,Varicella-Zoster Ge/As01b/Pf,11,11,301,1558.42,,,11,11,1558.42,301,*,
1407937485,Ambler,Kristin,Plattsburgh,NY,36,Internal Medicine,Claim-Specialty,Shingrix,Varicella-Zoster Ge/As01b/Pf,172,172,201,28117.99,127,#,,,,,#,
1407962509,Charap,Peter,New York,NY,36,Internal Medicine,Claim-Specialty,Shingrix,Varicella-Zoster Ge/As01b/Pf,49,53,343,8064.23,43,,49,53,8064.23,343,,43
1407965510,Mcguire,John,Victor,NY,36,Family Practice,Claim-Specialty,Shingrix,Varicella-Zoster Ge/As01b/Pf,72,72,139,11386.98,53,#,,,,,#,
1407969959,Rupik,Aleksander,Elmira,NY,36,Internal Medicine,Claim-Specialty,Shingrix,Varicella-Zoster Ge/As01b/Pf,12,12,128,1924.71,,,12,12,1924.71,128,*,
1407999378,Fagelman,Andrew,New York,NY,36,Internal Medicine,Claim-Specialty,Shingrix,Varicella-Zoster Ge/As01b/Pf,38,38,647,6344.65,23,#,,,,,#,
1417016221,Chen,Yuchun,Flushing,NY,36,Internal Medicine,Claim-Specialty,Zostavax,Zoster Vaccine Live/Pf,17,17,249,3826.98,17,#,,,,,#,
1417026675,Reddy,Dayakar,Elmira,NY,36,Internal Medicine,Claim-Specialty,Shingrix,Varicella-Zoster Ge/As01b/Pf,43,44,307,6846.17,26,#,,,,,#,
1417032285,Giorgio,Dawn,Glens Falls,NY,36,Physician Assistant,Claim-Specialty,Shingrix,Varicella-Zoster Ge/As01b/Pf,19,19,19,3052.99,14,#,,,,,#,
1417049727,Liakeas,George,New York,NY,36,Family Practice,Claim-Specialty,Shingrix,Varicella-Zoster Ge/As01b/Pf,19,19,367,3025.81,18,,19,19,3025.81,367,,18
1417098310,Zeiger,Douglas,New York,NY,36,Infectious Disease,Claim-Specialty,Shingrix,Varicella-Zoster Ge/As01b/Pf,30,30,494,5024.68,22,,30,30,5024.68,494,,22
1417102658,Daniel,Cary,Brooklyn,NY,36,Internal Medicine,Claim-Specialty,Shingrix,Varicella-Zoster Ge/As01b/Pf,22,22,138,3419.95,18,#,,,,,#,
1417102849,Ehtesham,Nadira,Bronx,NY,36,Internal Medicine,Claim-Specialty,Shingrix,Varicella-Zoster Ge/As01b/Pf,11,11,69,1741.87,,,11,11,1741.87,69,*,
1417203456,Yeung,Joyce,Brooklyn,NY,36,Nurse Practitioner,NPPES-Specialty,Shingrix,Varicella-Zoster Ge/As01b/Pf,127,162,3932,18654.32,80,#,,,,,#,
1417242413,Rizkalla,Jessica,Middletown,NY,36,Physician Assistant,Claim-Specialty,Shingrix,Varicella-Zoster Ge/As01b/Pf,65,65,674,10491.44,55,#,,,,,#,
1417246521,Rodrigues,Natercia,Rochester,NY,36,Family Practice,Claim-Specialty,Shingrix,Varicella-Zoster Ge/As01b/Pf,16,16,132,2591.38,11,#,,,,,*,
1417903295,Margulis,Steven,Mount Kisco,NY,36,Internal Medicine,Claim-Specialty,Shingrix,Varicella-Zoster Ge/As01b/Pf,29,29,232,4366.04,24,,29,29,4366.04,232,,24
1417908419,Bojedla,Rama,Youngstown,NY,36,Internal Medicine,Claim-Specialty,Shingrix,Varicella-Zoster Ge/As01b/Pf,11,11,98,1668.25,,,11,11,1668.25,98,*,
1417909888,Ohri,Tarun,Warsaw,NY,36,Internal Medicine,Claim-Specialty,Shingrix,Varicella-Zoster Ge/As01b/Pf,12,12,12,1894.12,,,12,12,1894.12,12,*,
1417912031,Chan,Melissa,New York,NY,36,Internal Medicine,Claim-Specialty,Shingrix,Varicella-Zoster Ge/As01b/Pf,92,102,1697,13404.89,59,#,,,,,#,
1417914029,Cohen,Scott,Cooperstown,NY,36,Family Practice,Claim-Specialty,Shingrix,Varicella-Zoster Ge/As01b/Pf,72,124,3459,11451.68,51,#,,,,,#,
1417918012,Buff,Christopher,Ballston Lake,NY,36,Family Practice,Claim-Specialty,Shingrix,Varicella-Zoster Ge/As01b/Pf,22,22,51,3552.57,20,,22,22,3552.57,51,,20
1417925215,Warner,Robert,Gloversville,NY,36,Internal Medicine,Claim-Specialty,Shingrix,Varicella-Zoster Ge/As01b/Pf,11,14,217,1683.43,,,11,14,1683.43,217,*,
1417948191,Venci,Nicolas,Webster,NY,36,Family Practice,NPPES-Specialty,Boostrix Tdap,"Diphth,pertuss(Acell),tet Vac",28,28,115,1670.32,28,#,,,,,#,
1417948191,Venci,Nicolas,Webster,NY,36,Family Practice,NPPES-Specialty,Shingrix,Varicella-Zoster Ge/As01b/Pf,416,416,3085,65935.37,301,,403,403,63840.92,3043,#,
1417949421,Dave,Hirendra,New Rochelle,NY,36,Family Practice,Claim-Specialty,Zostavax,Zoster Vaccine Live/Pf,12,12,302,2694.89,12,,12,12,2694.89,302,,12
1417954058,Aram,James,Troy,NY,36,Family Practice,Claim-Specialty,Shingrix,Varicella-Zoster Ge/As01b/Pf,26,26,26,4159.34,17,,26,26,4159.34,26,,17
1417958810,Papura,William,Greenwich,NY,36,Family Practice,Claim-Specialty,Shingrix,Varicella-Zoster Ge/As01b/Pf,11,11,40,1809.2,,*,,,,,*,
1417961814,Weg,Arnold,Forest Hills,NY,36,Internal Medicine,Claim-Specialty,Shingrix,Varicella-Zoster Ge/As01b/Pf,19,19,280,2995.57,17,,19,19,2995.57,280,,17
1417967670,Coyne,John,Ny,NY,36,Internal Medicine,Claim-Specialty,Shingrix,Varicella-Zoster Ge/As01b/Pf,11,11,40,1770.32,,,11,11,1770.32,40,*,
1417983560,Seeger,Kim,Rhinebeck,NY,36,Family Practice,Claim-Specialty,Shingrix,Varicella-Zoster Ge/As01b/Pf,17,18,105,2762.57,14,#,,,,,#,
1417987694,Tota-Thurn,Catherine,Williamsville,NY,36,Family Practice,Claim-Specialty,Shingrix,Varicella-Zoster Ge/As01b/Pf,18,18,47,2823.41,11,,18,18,2823.41,47,,11
1417994922,Itzkovitz,Ina,New York,NY,36,Internal Medicine,Claim-Specialty,Shingrix,Varicella-Zoster Ge/As01b/Pf,15,15,189,2396.98,11,,15,15,2396.98,189,,11
1427004522,Neifeld,Gary,Poughkeepsie,NY,36,Emergency Medicine,Claim-Specialty,Adacel Tdap,"Diph,pertuss(Acell),tet Vac/Pf",18,18,18,1081.54,18,#,,,,,#,
1427004522,Neifeld,Gary,Poughkeepsie,NY,36,Emergency Medicine,Claim-Specialty,Boostrix Tdap,"Diphth,pertuss(Acell),tet Vac",73,77,251,4308.01,73,#,,,,,#,
1427004522,Neifeld,Gary,Poughkeepsie,NY,36,Emergency Medicine,Claim-Specialty,Shingrix,Varicella-Zoster Ge/As01b/Pf,1177,1195,2587,191728.56,869,,1141,1158,185888.66,2405,,842
1427004522,Neifeld,Gary,Poughkeepsie,NY,36,Emergency Medicine,Claim-Specialty,Zostavax,Zoster Vaccine Live/Pf,12,12,12,2808.7,12,,12,12,2808.7,12,,12
1427009331,Ezratty,Monte,Bronx,NY,36,Internal Medicine,Claim-Specialty,Shingrix,Varicella-Zoster Ge/As01b/Pf,13,15,218,2050.07,11,,13,15,2050.07,218,,11
1427014828,Apuzzo,Keith,Carle Place,NY,36,Family Practice,Claim-Specialty,Shingrix,Varicella-Zoster Ge/As01b/Pf,11,16,360,1724.71,,,11,16,1724.71,360,*,
1427021005,Moucha-Hantar,Oana,Bronxville,NY,36,Internal Medicine,Claim-Specialty,Shingrix,Varicella-Zoster Ge/As01b/Pf,18,19,193,2828.78,13,#,,,,,#,
1427030097,Sumner,Jonathan,Rockville Centre,NY,36,Internal Medicine,Claim-Specialty,Shingrix,Varicella-Zoster Ge/As01b/Pf,101,101,826,16193.21,71,,101,101,16193.21,826,,71
1427046192,Koreff-Wolf,Bonnie,Syracuse,NY,36,Internal Medicine,Claim-Specialty,Shingrix,Varicella-Zoster Ge/As01b/Pf,59,63,614,9509.74,39,,59,63,9509.74,614,,39
1427046689,Laitman,Robert,Bronx,NY,36,Nephrology,Claim-Specialty,Shingrix,Varicella-Zoster Ge/As01b/Pf,27,27,85,4343.23,19,,27,27,4343.23,85,,19
1427051143,Alter,Sheldon,Purchase,NY,36,Internal Medicine,Claim-Specialty,Shingrix,Varicella-Zoster Ge/As01b/Pf,16,16,248,2708.73,13,,16,16,2708.73,248,,13
1427078054,Roche,Sean,Albany,NY,36,Family Practice,Claim-Specialty,Shingrix,Varicella-Zoster Ge/As01b/Pf,22,22,254,4002.5,17,,22,22,4002.5,254,,17
1427078500,Ianniello,Louis,Schenectady,NY,36,Family Practice,Claim-Specialty,Shingrix,Varicella-Zoster Ge/As01b/Pf,37,37,211,5723.55,27,,37,37,5723.55,211,,27
1427087303,Blair,Edgar,Fairport,NY,36,Internal Medicine,Claim-Specialty,Shingrix,Varicella-Zoster Ge/As01b/Pf,19,19,309,3019.46,11,,19,19,3019.46,309,,11
1427109826,Blumenthal,David,New York,NY,36,Cardiology,Claim-Specialty,Shingrix,Varicella-Zoster Ge/As01b/Pf,27,27,27,4437.61,21,#,,,,,#,
1427207786,Horn,Joshua,Olean,NY,36,Pharmacist,NPPES-Taxonomy,Shingrix,Varicella-Zoster Ge/As01b/Pf,19,19,512,3075.27,13,,19,19,3075.27,512,,13
1427217678,Mazurkiewicz,Rebecca,New York,NY,36,Internal Medicine,Claim-Specialty,Boostrix Tdap,"Diphth,pertuss(Acell),tet Vac",17,17,510,885.28,17,#,,,,,#,
1427317957,Poupalos,Shannon,Williamsville,NY,36,Internal Medicine,Claim-Specialty,Shingrix,Varicella-Zoster Ge/As01b/Pf,12,12,70,1885.83,,,12,12,1885.83,70,*,
1427326065,Gao,Pei,Flushing,NY,36,Internal Medicine,Claim-Specialty,Shingrix,Varicella-Zoster Ge/As01b/Pf,28,47,1207,4388.26,22,,28,47,4388.26,1207,,22
1427347509,Venci,Nicholas,Rochester,NY,36,Cardiology,Claim-Specialty,Shingrix,Varicella-Zoster Ge/As01b/Pf,21,21,21,3320.1,16,,21,21,3320.1,21,,16
1437125895,Wattoo,Muhammad,Ithaca,NY,36,Internal Medicine,Claim-Specialty,Shingrix,Varicella-Zoster Ge/As01b/Pf,15,15,131,2421.03,,,15,15,2421.03,131,*,
1437140423,Redlecki,Stephanie,Mayville,NY,36,Physician Assistant,Claim-Specialty,Shingrix,Varicella-Zoster Ge/As01b/Pf,14,14,72,2266.02,,*,,,,,*,
1437144359,Abis,Michelle,Red Hook,NY,36,Internal Medicine,Claim-Specialty,Shingrix,Varicella-Zoster Ge/As01b/Pf,15,16,103,2466.76,12,,15,16,2466.76,103,,12
1437174554,Cox,John,Rochester,NY,36,Internal Medicine,Claim-Specialty,Shingrix,Varicella-Zoster Ge/As01b/Pf,30,30,291,4762.67,20,,30,30,4762.67,291,,20
1437179157,Lascalea,Keith,New York,NY,36,Internal Medicine,Claim-Specialty,Shingrix,Varicella-Zoster Ge/As01b/Pf,13,13,13,2154.48,12,,13,13,2154.48,13,,12
1437220084,Rai,Jagraj,Vestal,NY,36,Internal Medicine,Claim-Specialty,Shingrix,Varicella-Zoster Ge/As01b/Pf,32,32,62,5016.26,30,#,,,,,#,
1437221207,Amin,Hossam,Brooklyn,NY,36,Pulmonary Disease,Claim-Specialty,Boostrix Tdap,"Diphth,pertuss(Acell),tet Vac",12,12,12,739.83,12,*,,,,,*,
1437221207,Amin,Hossam,Brooklyn,NY,36,Pulmonary Disease,Claim-Specialty,Shingrix,Varicella-Zoster Ge/As01b/Pf,44,46,278,6967.38,43,#,,,,,#,
1437224755,Fazio,Shawn,Liverpool,NY,36,Family Practice,Claim-Specialty,Adacel Tdap,"Diph,pertuss(Acell),tet Vac/Pf",20,20,368,1368.78,20,#,,,,,#,
1437231107,Chang,Patrick,Great Neck,NY,36,Internal Medicine,Claim-Specialty,Boostrix Tdap,"Diphth,pertuss(Acell),tet Vac",28,28,811,2063.97,28,,28,28,2063.97,811,,28
1437239621,Krauss,Erika,Pelham,NY,36,Internal Medicine,Claim-Specialty,Shingrix,Varicella-Zoster Ge/As01b/Pf,13,18,366,2058.5,,#,,,,,*,
1437243789,Naiditch,Jeffrey,New York,NY,36,Internal Medicine,Claim-Specialty,Shingrix,Varicella-Zoster Ge/As01b/Pf,39,45,683,6704.93,26,#,,,,,#,
1437315215,Wymer,Dana,Orchard Park,NY,36,Internal Medicine,Claim-Specialty,Shingrix,Varicella-Zoster Ge/As01b/Pf,19,19,19,2987.98,13,,19,19,2987.98,19,,13
1437365657,Chesner,Michael,New York,NY,36,Dentist,NPPES-Specialty,Shingrix,Varicella-Zoster Ge/As01b/Pf,21,21,21,3413.89,19,,21,21,3413.89,21,,19
1437467123,Li,Yanlun,Brooklyn,NY,36,Family Practice,NPPES-Specialty,Shingrix,Varicella-Zoster Ge/As01b/Pf,73,81,632,10383.46,48,,73,81,10383.46,632,,48
1447214903,Herman,Steven,Hamburg,NY,36,Family Practice,Claim-Specialty,Shingrix,Varicella-Zoster Ge/As01b/Pf,18,18,18,2831.33,13,#,,,,,#,
1447227228,Herbowy,Michael,Rochester,NY,36,Internal Medicine,Claim-Specialty,Shingrix,Varicella-Zoster Ge/As01b/Pf,60,60,756,9450.85,36,,60,60,9450.85,756,,36
1447252663,Enoch,Donald,Yorktown Heights,NY,36,Family Practice,Claim-Specialty,Shingrix,Varicella-Zoster Ge/As01b/Pf,11,12,158,1654.21,,*,,,,,*,
1447253471,Lepine,Ann,Watertown,NY,36,Nurse Practitioner,Claim-Specialty,Shingrix,Varicella-Zoster Ge/As01b/Pf,14,14,188,2278.67,,,14,14,2278.67,188,*,
1447256383,Epstein,Robert,Fishkill,NY,36,Internal Medicine,Claim-Specialty,Shingrix,Varicella-Zoster Ge/As01b/Pf,17,17,75,3233.2,11,,17,17,3233.2,75,,11
1447264577,Benson,Peter,Rochester,NY,36,Anesthesiology,Claim-Specialty,Shingrix,Varicella-Zoster Ge/As01b/Pf,18,18,18,2967.97,17,,18,18,2967.97,18,,17
1447273396,Popuri,Purnachandra,Oneida,NY,36,Internal Medicine,Claim-Specialty,Boostrix Tdap,"Diphth,pertuss(Acell),tet Vac",11,11,69,645.02,11,*,,,,,*,
1447273396,Popuri,Purnachandra,Oneida,NY,36,Internal Medicine,Claim-Specialty,Shingrix,Varicella-Zoster Ge/As01b/Pf,11,11,98,1790.94,,*,,,,,*,
1447274014,Ting,Henry,Flushing,NY,36,Internal Medicine,Claim-Specialty,Shingrix,Varicella-Zoster Ge/As01b/Pf,61,71,1463,8988.8,40,,61,71,8988.8,1463,,40
1447282199,Burstein,Gale,Buffalo,NY,36,Pediatric Medicine,NPPES-Specialty,Adacel Tdap,"Diph,pertuss(Acell),tet Vac/Pf",22,22,51,1341.32,22,#,,,,,#,
1447282199,Burstein,Gale,Buffalo,NY,36,Pediatric Medicine,NPPES-Specialty,Boostrix Tdap,"Diphth,pertuss(Acell),tet Vac",40,40,69,2304.97,40,#,,,,,#,
1447282199,Burstein,Gale,Buffalo,NY,36,Pediatric Medicine,NPPES-Specialty,Shingrix,Varicella-Zoster Ge/As01b/Pf,1509,1523,9856,235633.72,1126,,1464,1477,228494.19,9665,,1091
1447282199,Burstein,Gale,Buffalo,NY,36,Pediatric Medicine,NPPES-Specialty,Zostavax,Zoster Vaccine Live/Pf,11,11,40,2606.37,11,*,,,,,*,
1447311345,Pierce,Katherine,Lewiston,NY,36,Nurse Practitioner,Claim-Specialty,Adacel Tdap,"Diph,pertuss(Acell),tet Vac/Pf",16,16,16,998.72,16,#,,,,,#,
1447321310,Levitt,Bruce,New City,NY,36,Internal Medicine,Claim-Specialty,Shingrix,Varicella-Zoster Ge/As01b/Pf,13,15,218,1959.17,11,,13,15,1959.17,218,,11
1447331855,Bressler,David,Fairport,NY,36,Internal Medicine,Claim-Specialty,Shingrix,Varicella-Zoster Ge/As01b/Pf,23,25,460,3659.38,15,,23,25,3659.38,460,,15
1447349766,Odierna,Elizabeth,Rye,NY,36,Internal Medicine,Claim-Specialty,Shingrix,Varicella-Zoster Ge/As01b/Pf,53,54,228,7834.4,36,#,,,,,#,
1447365135,Markakis,Kathryn,Rochester,NY,36,Internal Medicine,Claim-Specialty,Shingrix,Varicella-Zoster Ge/As01b/Pf,18,18,279,3303.08,17,,18,18,3303.08,279,,17
1447368568,Zarcone,Valerie,Putnam Valley,NY,36,Internal Medicine,Claim-Specialty,Shingrix,Varicella-Zoster Ge/As01b/Pf,26,26,84,3768.95,17,#,,,,,#,
1447419189,Hong,Jia,Flushing,NY,36,Family Practice,Claim-Specialty,Zostavax,Zoster Vaccine Live/Pf,29,29,29,6428.5,29,,29,29,6428.5,29,,29
1447492400,Newman,Marissa,New York,NY,36,Internal Medicine,Claim-Specialty,Shingrix,Varicella-Zoster Ge/As01b/Pf,11,11,11,1844.66,,,11,11,1844.66,11,*,
1447539507,Mack,Kristin,Ticonderoga,NY,36,Family Practice,Claim-Specialty,Shingrix,Varicella-Zoster Ge/As01b/Pf,36,36,94,6194.13,28,#,,,,,#,
1457309833,Santos,Minerva,Jefferson Valley,NY,36,Internal Medicine,Claim-Specialty,Shingrix,Varicella-Zoster Ge/As01b/Pf,17,25,605,2581.4,12,,17,25,2581.4,605,,12
1457312910,Thomasch,Megan,New York,NY,36,Internal Medicine,Claim-Specialty,Shingrix,Varicella-Zoster Ge/As01b/Pf,20,22,225,3257.84,19,#,,,,,#,
1457318198,Blackburn,Robert,Hilton,NY,36,Family Practice,Claim-Specialty,Adacel Tdap,"Diph,pertuss(Acell),tet Vac/Pf",11,11,185,747.17,11,*,,,,,*,
1457318198,Blackburn,Robert,Hilton,NY,36,Family Practice,Claim-Specialty,Shingrix,Varicella-Zoster Ge/As01b/Pf,48,48,570,8031.94,36,#,,,,,#,
1457326845,Castiglia,Thomas,Pawling,NY,36,Family Practice,Claim-Specialty,Shingrix,Varicella-Zoster Ge/As01b/Pf,33,33,33,5423.04,25,#,,,,,#,
1457336208,Glassberg,Lawrence,Hartsdale,NY,36,Cardiology,Claim-Specialty,Shingrix,Varicella-Zoster Ge/As01b/Pf,23,24,459,3524.71,15,,23,24,3524.71,459,,15
1457339756,Edinger,James,Tully,NY,36,Family Practice,Claim-Specialty,Shingrix,Varicella-Zoster Ge/As01b/Pf,13,13,101,2112.8,,,13,13,2112.8,101,*,
1457340432,Constantine,Francis,New Hartford,NY,36,Internal Medicine,Claim-Specialty,Shingrix,Varicella-Zoster Ge/As01b/Pf,13,13,100,2069.58,,,13,13,2069.58,100,*,
1457340762,Palatucci,Gary,New York,NY,36,Internal Medicine,Claim-Specialty,Shingrix,Varicella-Zoster Ge/As01b/Pf,17,17,75,2796.68,11,,17,17,2796.68,75,,11
1457349375,Zhang,Zhiguang,Brooklyn,NY,36,Internal Medicine,Claim-Specialty,Zostavax,Zoster Vaccine Live/Pf,29,31,582,6620.82,29,,29,31,6620.82,582,,29
1457352999,Weis,George,Amsterdam,NY,36,Family Practice,Claim-Specialty,Shingrix,Varicella-Zoster Ge/As01b/Pf,44,44,44,7060.39,32,#,,,,,#,
1457358715,Busch,Robert,Albany,NY,36,Endocrinology,Claim-Specialty,Shingrix,Varicella-Zoster Ge/As01b/Pf,24,24,53,3863.86,19,,24,24,3863.86,53,,19
1457367153,Schwartz,Lisa,Fairport,NY,36,Internal Medicine,Claim-Specialty,Shingrix,Varicella-Zoster Ge/As01b/Pf,16,16,335,2564.03,,,16,16,2564.03,335,*,
1457394306,Lee,Jung,Flushing,NY,36,General Surgery,Claim-Specialty,Shingrix,Varicella-Zoster Ge/As01b/Pf,186,309,8139,27302.51,121,#,,,,,#,
1457394413,Devlin,Albert,Elmira,NY,36,Internal Medicine,Claim-Specialty,Shingrix,Varicella-Zoster Ge/As01b/Pf,12,12,12,1961.25,,*,,,,,*,
1457396582,Zucker,Jane,New York,NY,36,Internal Medicine,Claim-Specialty,Boostrix Tdap,"Diphth,pertuss(Acell),tet Vac",16,16,248,510.77,16,#,,,,,#,
1457396582,Zucker,Jane,New York,NY,36,Internal Medicine,Claim-Specialty,M-M-R Ii Vaccine,"Measles,mumps,rubella Vacc/Pf",11,11,330,396.66,,*,,,,,*,
1457396582,Zucker,Jane,New York,NY,36,Internal Medicine,Claim-Specialty,Shingrix,Varicella-Zoster Ge/As01b/Pf,53,53,314,7918.59,45,,53,53,7918.59,314,,45
1457398778,Cohen,Barry,Brooklyn,NY,36,Internal Medicine,Claim-Specialty,Shingrix,Varicella-Zoster Ge/As01b/Pf,28,28,115,4579.36,26,,28,28,4579.36,115,,26
1457421653,Lee-Rey,Elizabeth,Bronx,NY,36,Family Practice,Claim-Specialty,Shingrix,Varicella-Zoster Ge/As01b/Pf,17,17,191,2635.65,16,#,,,,,#,
1457441750,Abrams,Robert,New York,NY,36,Internal Medicine,Claim-Specialty,Shingrix,Varicella-Zoster Ge/As01b/Pf,19,19,106,3163.94,17,#,,,,,#,
1457445660,Gitman,Michael,Great Neck,NY,36,Nephrology,Claim-Specialty,Adacel Tdap,"Diph,pertuss(Acell),tet Vac/Pf",18,18,192,817.72,18,#,,,,,#,
1457454670,Gilmartin,William,Hampton Bays,NY,36,Internal Medicine,Claim-Specialty,Shingrix,Varicella-Zoster Ge/As01b/Pf,36,36,210,5803.41,32,,36,36,5803.41,210,,32
1457483455,Meer,John,New York,NY,36,Internal Medicine,Claim-Specialty,Shingrix,Varicella-Zoster Ge/As01b/Pf,31,32,177,4872.63,26,#,,,,,#,
1457524498,Murphy,Gretchen,Depew,NY,36,Physician Assistant,Claim-Specialty,Shingrix,Varicella-Zoster Ge/As01b/Pf,53,53,343,8304.33,29,,53,53,8304.33,343,,29
1457580532,Day,Brian,Rochester,NY,36,Geriatric Medicine,Claim-Specialty,Shingrix,Varicella-Zoster Ge/As01b/Pf,61,61,61,9286.61,35,,61,61,9286.61,61,,35
1457640088,Persaud,Priscilla,Port Jefferson,NY,36,Internal Medicine,Claim-Specialty,Shingrix,Varicella-Zoster Ge/As01b/Pf,17,17,134,2722.43,12,#,,,,,*,
1457668147,Mahon,Hiromi,Albany,NY,36,Family Practice,Claim-Specialty,Boostrix Tdap,"Diphth,pertuss(Acell),tet Vac",11,11,127,1961.99,11,*,,,,,*,
1467408534,Clarick,Carolyn,Mount Kisco,NY,36,Internal Medicine,Claim-Specialty,Shingrix,Varicella-Zoster Ge/As01b/Pf,86,92,556,13432.63,64,,86,92,13432.63,556,,64
1467431718,Wood,Virginia,Manlius,NY,36,Physician Assistant,Claim-Specialty,Shingrix,Varicella-Zoster Ge/As01b/Pf,17,17,75,2706.05,12,,17,17,2706.05,75,,12
1467439893,Bouchard,Martha,Brewster,NY,36,Internal Medicine,Claim-Specialty,Shingrix,Varicella-Zoster Ge/As01b/Pf,58,83,1475,9236.56,40,#,,,,,#,
1467444554,Peregrim,Kimberly,Latham,NY,36,Internal Medicine,Claim-Specialty,Shingrix,Varicella-Zoster Ge/As01b/Pf,18,18,134,3376.36,13,,18,18,3376.36,134,,13
1467452441,Abess,Gerard,Glens Falls,NY,36,Family Practice,Claim-Specialty,Adacel Tdap,"Diph,pertuss(Acell),tet Vac/Pf",13,13,245,749.3,13,#,,,,,#,
1467452441,Abess,Gerard,Glens Falls,NY,36,Family Practice,Claim-Specialty,Boostrix Tdap,"Diphth,pertuss(Acell),tet Vac",31,31,814,1537.88,31,#,,,,,#,
1467452441,Abess,Gerard,Glens Falls,NY,36,Family Practice,Claim-Specialty,Shingrix,Varicella-Zoster Ge/As01b/Pf,13,13,13,2104.49,,,13,13,2104.49,13,*,
1467482703,Tam,Kenneth,New York,NY,36,Internal Medicine,Claim-Specialty,Shingrix,Varicella-Zoster Ge/As01b/Pf,69,83,1823,9713.82,47,#,,,,,#,
1467483917,Song,Min,New York,NY,36,Internal Medicine,Claim-Specialty,Shingrix,Varicella-Zoster Ge/As01b/Pf,85,91,1222,12336.03,70,#,,,,,#,
1467489237,Greenwood,Gaylinn,Rochester,NY,36,Family Practice,Claim-Specialty,Shingrix,Varicella-Zoster Ge/As01b/Pf,46,47,801,7261.36,28,,46,47,7261.36,801,,28
1467527655,Obrien,John,Liverpool,NY,36,Family Practice,Claim-Specialty,Adacel Tdap,"Diph,pertuss(Acell),tet Vac/Pf",15,15,276,1015.74,15,#,,,,,#,
1467534842,Mamtora,Pankaj,Rockaway Park,NY,36,Internal Medicine,Claim-Specialty,Shingrix,Varicella-Zoster Ge/As01b/Pf,12,12,157,1692.25,,*,,,,,*,
1467536755,Cao,Kent,Flushing,NY,36,Internal Medicine,Claim-Specialty,Zostavax,Zoster Vaccine Live/Pf,14,14,246,3016.48,14,,14,14,3016.48,246,,14
1467554014,Foster,Teresa,Woodstock,NY,36,Family Practice,Claim-Specialty,Shingrix,Varicella-Zoster Ge/As01b/Pf,18,18,75,2981.69,12,,18,18,2981.69,75,,12
1467555425,Ogrady,John,New York,NY,36,Internal Medicine,Claim-Specialty,Shingrix,Varicella-Zoster Ge/As01b/Pf,75,78,368,12275.45,65,,75,78,12275.45,368,,65
1467560656,Waseem,Faisal,South Richmond Hill,NY,36,Internal Medicine,Claim-Specialty,Shingrix,Varicella-Zoster Ge/As01b/Pf,20,20,20,3236.42,19,#,,,,,#,
1467599191,Travis,Jeanne,New York,NY,36,Internal Medicine,Claim-Specialty,Shingrix,Varicella-Zoster Ge/As01b/Pf,13,13,42,2089.42,,,13,13,2089.42,42,*,
1467694703,Pal,Amandeep,Lockport,NY,36,Family Practice,Claim-Specialty,Shingrix,Varicella-Zoster Ge/As01b/Pf,16,16,45,2501.03,13,#,,,,,#,
1467698563,Ukowska,Renata,Brooklyn,NY,36,Internal Medicine,Claim-Specialty,Shingrix,Varicella-Zoster Ge/As01b/Pf,15,15,160,2376.33,,#,,,,,*,
1467711135,Kudel,Andrea,Le Roy,NY,36,Family Practice,Claim-Specialty,Shingrix,Varicella-Zoster Ge/As01b/Pf,15,15,44,2388.95,,#,,,,,*,
1467741686,Gavin,Michael,Pittsford,NY,36,Internal Medicine,Claim-Specialty,Shingrix,Varicella-Zoster Ge/As01b/Pf,15,15,276,2375.75,,#,,,,,*,
1467782615,Zheng,Li,Flushing,NY,36,Family Practice,Claim-Specialty,Shingrix,Varicella-Zoster Ge/As01b/Pf,12,16,364,1761.62,,,12,16,1761.62,364,*,
1467793273,Hathaway,Andrew,East Syracuse,NY,36,Family Practice,Claim-Specialty,Shingrix,Varicella-Zoster Ge/As01b/Pf,62,65,587,9864.36,46,#,,,,,#,
1467887299,Sharma,Sahil,Bronx,NY,36,Internal Medicine,Claim-Specialty,Boostrix Tdap,"Diphth,pertuss(Acell),tet Vac",23,23,690,1802.9,22,,12,12,895.94,360,#,
1467887299,Sharma,Sahil,Bronx,NY,36,Internal Medicine,Claim-Specialty,Shingrix,Varicella-Zoster Ge/As01b/Pf,14,17,191,2222.72,11,*,,,,,*,
1467963710,Dippolito,Alissa,Auburn,NY,36,Nurse Practitioner,Claim-Specialty,Shingrix,Varicella-Zoster Ge/As01b/Pf,13,14,72,2063.26,,#,,,,,*,
1477500395,Rescigno,Keri,Mount Kisco,NY,36,Nurse Practitioner,Claim-Specialty,Shingrix,Varicella-Zoster Ge/As01b/Pf,12,12,13,1909.3,,#,,,,,*,
1477501609,Bennett,Brian,Auburn,NY,36,Internal Medicine,Claim-Specialty,Shingrix,Varicella-Zoster Ge/As01b/Pf,37,40,736,5885.05,24,#,,,,,#,
1477501864,Sabados,Christine,Staten Island,NY,36,Pharmacist,NPPES-Taxonomy,Shingrix,Varicella-Zoster Ge/As01b/Pf,28,28,28,4009.8,24,,28,28,4009.8,28,,24
1477508117,Robb,John,Rochester,NY,36,Internal Medicine,Claim-Specialty,Shingrix,Varicella-Zoster Ge/As01b/Pf,53,53,1300,8887.5,37,#,,,,,#,
1477512259,Cange,Jean,Williamsville,NY,36,Family Practice,Claim-Specialty,Shingrix,Varicella-Zoster Ge/As01b/Pf,17,17,17,2685.33,,#,,,,,*,
1477514263,Murray,Keith,Fayetteville,NY,36,Physician Assistant,Claim-Specialty,Boostrix Tdap,"Diphth,pertuss(Acell),tet Vac",15,15,276,1082.93,15,#,,,,,#,
1477514263,Murray,Keith,Fayetteville,NY,36,Physician Assistant,Claim-Specialty,Shingrix,Varicella-Zoster Ge/As01b/Pf,19,19,396,3180.81,15,#,,,,,#,
1477516078,Cincotta,Joseph,Syracuse,NY,36,Family Practice,Claim-Specialty,Shingrix,Varicella-Zoster Ge/As01b/Pf,18,18,279,2986.3,11,,18,18,2986.3,279,,11
1477521409,Tan,Kathy,Brooklyn,NY,36,Internal Medicine,Claim-Specialty,Shingrix,Varicella-Zoster Ge/As01b/Pf,26,32.3,593,3715.39,23,,26,32.3,3715.39,593,,23
1477525749,Dahake,Seema,Rochester,NY,36,Internal Medicine,Claim-Specialty,Adacel Tdap,"Diph,pertuss(Acell),tet Vac/Pf",43,43,217,1978.48,42,,43,43,1978.48,217,,42
1477528537,Spillane,Eileen,Granville,NY,36,Family Practice,Claim-Specialty,Shingrix,Varicella-Zoster Ge/As01b/Pf,14,14,43,2280.79,12,#,,,,,#,
1477530582,Lutsky,Eric,New York,NY,36,Internal Medicine,Claim-Specialty,Shingrix,Varicella-Zoster Ge/As01b/Pf,15,17,191,2338.18,,,15,17,2338.18,191,*,
1477533123,Vounas,Demetra,Auburn,NY,36,Internal Medicine,Claim-Specialty,Shingrix,Varicella-Zoster Ge/As01b/Pf,13,13,71,2080.33,,,13,13,2080.33,71,*,
1477534667,Zmolek,Douglas,Manlius,NY,36,Hospitalist,Claim-Specialty,Shingrix,Varicella-Zoster Ge/As01b/Pf,35,35,181,5450.82,25,#,,,,,#,
1477563781,Penfield,Lorrie,Elmira,NY,36,Internal Medicine,Claim-Specialty,Shingrix,Varicella-Zoster Ge/As01b/Pf,12,12,12,1935.94,,,12,12,1935.94,12,*,
1477567428,Greeley,Norman,Brooklyn,NY,36,Internal Medicine,Claim-Specialty,Shingrix,Varicella-Zoster Ge/As01b/Pf,26,28,318,4188.2,21,,26,28,4188.2,318,,21
1477598308,Radzik,Andrew,Nesconset,NY,36,Internal Medicine,Claim-Specialty,Shingrix,Varicella-Zoster Ge/As01b/Pf,40,50,891,6384.12,26,#,,,,,#,
1477642858,Diaz,Miguel,Halfmoon,NY,36,Family Practice,Claim-Specialty,Shingrix,Varicella-Zoster Ge/As01b/Pf,12,12,128,2376.87,,#,,,,,*,
1477644524,Cheema,Manjit,South Richmond Hill,NY,36,Internal Medicine,Claim-Specialty,Boostrix Tdap,"Diphth,pertuss(Acell),tet Vac",17,17,133,1015.58,17,,17,17,1015.58,133,,17
1477655892,Halprin,Jessica,Riverdale,NY,36,Internal Medicine,Claim-Specialty,Shingrix,Varicella-Zoster Ge/As01b/Pf,23,24,140,3510.1,17,,23,24,3510.1,140,,17
1477677979,Vaidian,Anil,Pomona,NY,36,Clinic/Center,NPPES-Taxonomy,Shingrix,Varicella-Zoster Ge/As01b/Pf,39,50,1442,6260.79,24,#,,,,,#,
1477789667,Blacher,Eric,Hicksville,NY,36,Family Practice,Claim-Specialty,Shingrix,Varicella-Zoster Ge/As01b/Pf,18,18,135,2834.07,15,,18,18,2834.07,135,,15
1487629515,Eggleston,Gary,Westfield,NY,36,Family Practice,Claim-Specialty,Adacel Tdap,"Diph,pertuss(Acell),tet Vac/Pf",13,13,13,831.2,13,#,,,,,#,
1487629515,Eggleston,Gary,Westfield,NY,36,Family Practice,Claim-Specialty,Shingrix,Varicella-Zoster Ge/As01b/Pf,22,22,109,3504.83,16,#,,,,,#,
1487636874,Petracca,Anthony,Glens Falls,NY,36,Family Practice,Claim-Specialty,Shingrix,Varicella-Zoster Ge/As01b/Pf,90,90,119,14500.72,62,,90,90,14500.72,119,,62
1487640900,Lam,Ching-Yin,New York,NY,36,Internal Medicine,Claim-Specialty,Boostrix Tdap,"Diphth,pertuss(Acell),tet Vac",11,11,243,451.15,11,*,,,,,*,
1487646592,Sahler,Carl,Canandaigua,NY,36,Internal Medicine,Claim-Specialty,Boostrix Tdap,"Diphth,pertuss(Acell),tet Vac",11,11,272,702.92,11,,11,11,702.92,272,,11
1487655908,Schueler,William,Williamsville,NY,36,Family Practice,Claim-Specialty,Shingrix,Varicella-Zoster Ge/As01b/Pf,15,15,247,2349.18,,,15,15,2349.18,247,*,
1487668968,Stratton,Jennifer,Queensbury,NY,36,Family Practice,Claim-Specialty,Shingrix,Varicella-Zoster Ge/As01b/Pf,47,47,134,7552.32,29,#,,,,,#,
1487673125,Edwards,Gerald,Cazenoviz,NY,36,Family Practice,Claim-Specialty,Shingrix,Varicella-Zoster Ge/As01b/Pf,49,49,1064,8224.04,44,#,,,,,#,
1487673281,Felstead,R,Williamsville,NY,36,Family Practice,Claim-Specialty,Adacel Tdap,"Diph,pertuss(Acell),tet Vac/Pf",20,20,20,1248.4,20,#,,,,,#,
1487673281,Felstead,R,Williamsville,NY,36,Family Practice,Claim-Specialty,Boostrix Tdap,"Diphth,pertuss(Acell),tet Vac",11,11,214,699.96,11,*,,,,,*,
1487723375,Lipton,Mark,New York,NY,36,Cardiology,Claim-Specialty,Shingrix,Varicella-Zoster Ge/As01b/Pf,86,86,2232,14311.25,63,,86,86,14311.25,2232,,63
1487727475,Ng,Hung,New York,NY,36,Internal Medicine,Claim-Specialty,Zostavax,Zoster Vaccine Live/Pf,14,14,72,3263.2,14,,14,14,3263.2,72,,14
1487795225,Distefano,Douglas,New York,NY,36,Cardiology,Claim-Specialty,Shingrix,Varicella-Zoster Ge/As01b/Pf,11,12,70,1762.07,,,11,12,1762.07,70,*,
1487802666,Tan,Shao Yue,Brooklyn,NY,36,Family Practice,NPPES-Specialty,Zostavax,Zoster Vaccine Live/Pf,20,20,194,4390.88,20,,20,20,4390.88,194,,20
1487811121,Collier,Trenton,New York,NY,36,Internal Medicine,Claim-Specialty,Shingrix,Varicella-Zoster Ge/As01b/Pf,19,19,367,3143.81,15,,19,19,3143.81,367,,15
1487813275,Lessman,David,New York,NY,36,Nephrology,Claim-Specialty,Shingrix,Varicella-Zoster Ge/As01b/Pf,23,23,110,3758.6,16,,23,23,3758.6,110,,16
1487899118,Yu,Florence,New York,NY,36,Internal Medicine,Claim-Specialty,Shingrix,Varicella-Zoster Ge/As01b/Pf,13,13,71,2109.83,,,13,13,2109.83,71,*,
1487911715,Burnazi,Nadia,Brooklyn,NY,36,Family Practice,Claim-Specialty,Boostrix Tdap,"Diphth,pertuss(Acell),tet Vac",18,18,540,933.12,18,#,,,,,#,
1487911715,Burnazi,Nadia,Brooklyn,NY,36,Family Practice,Claim-Specialty,Zostavax,Zoster Vaccine Live/Pf,16,16,480,3621.28,16,#,,,,,#,
1487972097,Hermos,Julia,New York,NY,36,Internal Medicine,Claim-Specialty,Shingrix,Varicella-Zoster Ge/As01b/Pf,15,15,160,2339.66,11,#,,,,,*,
1497009252,Tsang,Cheong,Niagara Falls,NY,36,Pharmacist,NPPES-Taxonomy,Shingrix,Varicella-Zoster Ge/As01b/Pf,36,36,36,5779.47,31,#,,,,,#,
1497044895,Ringwala,Birju,Setauket,NY,36,Family Practice,Claim-Specialty,Adacel Tdap,"Diph,pertuss(Acell),tet Vac/Pf",24,24,24,1104,24,#,,,,,#,
1497702955,Judge,Stephen,Rochester,NY,36,Internal Medicine,Claim-Specialty,Shingrix,Varicella-Zoster Ge/As01b/Pf,71,71,854,11286.09,39,#,,,,,#,
1497709737,Curtin,Daniel,Wayland,NY,36,Family Practice,Claim-Specialty,Shingrix,Varicella-Zoster Ge/As01b/Pf,22,22,254,3500.79,15,,22,22,3500.79,254,,15
1497734743,Miarrostami,Rameen,Brooklyn,NY,36,Internal Medicine,Claim-Specialty,Shingrix,Varicella-Zoster Ge/As01b/Pf,31,31,349,4945.73,28,,31,31,4945.73,349,,28
1497749808,Gonzalez-Klayman,Noemi,Middletown,NY,36,Internal Medicine,Claim-Specialty,Shingrix,Varicella-Zoster Ge/As01b/Pf,26,26,196,4197.44,22,#,,,,,#,
1497751523,Dechiario,Alan,New York,NY,36,Internal Medicine,Claim-Specialty,Shingrix,Varicella-Zoster Ge/As01b/Pf,26,29,261,4206.56,20,,26,29,4206.56,261,,20
1497761407,Lustbader,Ian,New York,NY,36,Internal Medicine,Claim-Specialty,Shingrix,Varicella-Zoster Ge/As01b/Pf,13,18,308,1970.12,11,,13,18,1970.12,308,,11
1497773402,Fallick,Nina,New York,NY,36,Internal Medicine,Claim-Specialty,Shingrix,Varicella-Zoster Ge/As01b/Pf,62,64,1659,10206,44,#,,,,,#,
1497783054,Racco,Alex,Staten Island,NY,36,Internal Medicine,Claim-Specialty,Shingrix,Varicella-Zoster Ge/As01b/Pf,18,20,397,2957.61,14,,18,20,2957.61,397,,14
1497830269,Rogg,Gary,Hawthorne,NY,36,Internal Medicine,Claim-Specialty,Shingrix,Varicella-Zoster Ge/As01b/Pf,36,36,297,5809.6,25,#,,,,,#,
1497837090,Mui,Wingtat,New York,NY,36,Internal Medicine,Claim-Specialty,Shingrix,Varicella-Zoster Ge/As01b/Pf,21,26,403,2987.68,16,#,,,,,#,
1497847578,Wong,Tina,Brooklyn,NY,36,Family Practice,Claim-Specialty,Shingrix,Varicella-Zoster Ge/As01b/Pf,51,74,1698,7471.41,43,#,,,,,#,
1497848600,Goldner,Eli,Yonkers,NY,36,Internal Medicine,Claim-Specialty,Shingrix,Varicella-Zoster Ge/As01b/Pf,20,23,313,3196.96,17,#,,,,,#,
1497852909,Dilorenzo,James,Newburgh,NY,36,Internal Medicine,Claim-Specialty,Shingrix,Varicella-Zoster Ge/As01b/Pf,15,15,73,2256.66,11,,15,15,2256.66,73,,11
1497892160,Globus,David,New York,NY,36,Internal Medicine,Claim-Specialty,Shingrix,Varicella-Zoster Ge/As01b/Pf,26,26,403,4864.98,20,,26,26,4864.98,403,,20
1497937718,Sakach,Maria,Niagara Falls,NY,36,Pharmacist,NPPES-Taxonomy,Shingrix,Varicella-Zoster Ge/As01b/Pf,46,46,46,7495.49,41,,46,46,7495.49,46,,41
1497993711,Zheng,Yan Hong,Brooklyn,NY,36,Physician Assistant,NPPES-Specialty,Boostrix Tdap,"Diphth,pertuss(Acell),tet Vac",12,12,157,501.51,12,,12,12,501.51,157,,12
1508088105,Murphy,Dana,Mount Kisco,NY,36,Internal Medicine,Claim-Specialty,Shingrix,Varicella-Zoster Ge/As01b/Pf,45,45,161,7036.5,35,#,,,,,#,
1508806712,Morales,Javier,Greenvale,NY,36,Internal Medicine,Claim-Specialty,Shingrix,Varicella-Zoster Ge/As01b/Pf,14,15,131,2123.98,11,,14,15,2123.98,131,,11
1508817974,Reed,John,New Windsor,NY,36,Family Practice,Claim-Specialty,Boostrix Tdap,"Diphth,pertuss(Acell),tet Vac",35,35,644,2181.98,35,#,,,,,#,
1508817974,Reed,John,New Windsor,NY,36,Family Practice,Claim-Specialty,Shingrix,Varicella-Zoster Ge/As01b/Pf,29,29,435,4763.82,21,#,,,,,#,
1508820242,Weingarten,Elizabeth,East Aurora,NY,36,Family Practice,Claim-Specialty,Adacel Tdap,"Diph,pertuss(Acell),tet Vac/Pf",14,14,14,785.96,14,,14,14,785.96,14,,14
1508820689,Montera,Mark,Lake Katrine,NY,36,Family Practice,Claim-Specialty,Shingrix,Varicella-Zoster Ge/As01b/Pf,15,18,221,2371.87,12,,15,18,2371.87,221,,12
1508833872,Kan,Sang,New York,NY,36,Internal Medicine,Claim-Specialty,Shingrix,Varicella-Zoster Ge/As01b/Pf,13,21,514,1783.17,11,#,,,,,*,
1508857558,Smith,Marla,Utica,NY,36,Nurse Practitioner,Claim-Specialty,Boostrix Tdap,"Diphth,pertuss(Acell),tet Vac",20,20,426,1546.81,20,#,,,,,#,
1508860446,Cox,George,Suffern,NY,36,Internal Medicine,Claim-Specialty,Shingrix,Varicella-Zoster Ge/As01b/Pf,11,13,201,1662.42,,*,,,,,*,
1508863275,Diminico,Carlo,Poughkeepsie,NY,36,Internal Medicine,Claim-Specialty,Shingrix,Varicella-Zoster Ge/As01b/Pf,16,16,45,2775.41,12,,16,16,2775.41,45,,12
1508864505,Komin,Maria,Niagara Falls,NY,36,Family Practice,Claim-Specialty,Shingrix,Varicella-Zoster Ge/As01b/Pf,48,48,222,7539.52,32,,48,48,7539.52,222,,32
1508886219,Tan,Catherine,Rochester,NY,36,Internal Medicine,Claim-Specialty,Adacel Tdap,"Diph,pertuss(Acell),tet Vac/Pf",23,23,400,1563.37,23,#,,,,,#,
1508886219,Tan,Catherine,Rochester,NY,36,Internal Medicine,Claim-Specialty,Shingrix,Varicella-Zoster Ge/As01b/Pf,71,71,1637,11879.45,51,#,,,,,#,
1508892258,Kerpen,Howard,New Hyde Park,NY,36,Internal Medicine,Claim-Specialty,Shingrix,Varicella-Zoster Ge/As01b/Pf,28,29,174,4462.62,22,,28,29,4462.62,174,,22
1508927013,Caracta,Antonio,Staten Island,NY,36,Cardiology,Claim-Specialty,Shingrix,Varicella-Zoster Ge/As01b/Pf,13,13,129,2092.74,11,,13,13,2092.74,129,,11
1508929563,Thomas,Nicole,Forest Hills,NY,36,Family Practice,Claim-Specialty,Boostrix Tdap,"Diphth,pertuss(Acell),tet Vac",18,18,540,935.12,18,#,,,,,#,
1508933581,Sirianni,Samuel,Niagara Falls,NY,36,Internal Medicine,Claim-Specialty,Shingrix,Varicella-Zoster Ge/As01b/Pf,16,16,103,2526.35,13,#,,,,,#,
1508939281,Caputo,Deborha,Pomona,NY,36,Nurse Practitioner,Claim-Specialty,Boostrix Tdap,"Diphth,pertuss(Acell),tet Vac",12,12,12,723.14,12,#,,,,,#,
1508939281,Caputo,Deborha,Pomona,NY,36,Nurse Practitioner,Claim-Specialty,Shingrix,Varicella-Zoster Ge/As01b/Pf,761,764,7900,123519.66,528,,735,738,119325.25,7700,,511
1508947540,Fucito,Christopher,Pine City,NY,36,Family Practice,Claim-Specialty,Shingrix,Varicella-Zoster Ge/As01b/Pf,23,23,313,3796.83,17,#,,,,,#,
1508951179,Surman,Laura,Barneveld,NY,36,Nurse Practitioner,Claim-Specialty,Shingrix,Varicella-Zoster Ge/As01b/Pf,26,26,171,4230.54,18,#,,,,,#,
1508958141,Kolensky,Claire,Farmingdale,NY,36,Internal Medicine,Claim-Specialty,Shingrix,Varicella-Zoster Ge/As01b/Pf,27,28,115,4253.82,23,#,,,,,#,
1508965484,Feldman,Robert,Fayetteville,NY,36,Family Practice,Claim-Specialty,Shingrix,Varicella-Zoster Ge/As01b/Pf,18,18,279,3029.85,16,#,,,,,#,
1518011303,Ng,Vincent,New York,NY,36,Internal Medicine,Claim-Specialty,Shingrix,Varicella-Zoster Ge/As01b/Pf,35,40,1026,6070.09,27,,35,40,6070.09,1026,,27
1518037639,Pagan,Diane,West Harrison,NY,36,Nurse Practitioner,Claim-Specialty,Shingrix,Varicella-Zoster Ge/As01b/Pf,72,72,300,11206.48,48,,72,72,11206.48,300,,48
1518058908,Weinberg,Marc,Huntington,NY,36,Cardiology,Claim-Specialty,Shingrix,Varicella-Zoster Ge/As01b/Pf,32,40,446,5207.21,27,,32,40,5207.21,446,,27
1518126655,Halper,Todd,Rockville Centre,NY,36,Family Practice,Claim-Specialty,Shingrix,Varicella-Zoster Ge/As01b/Pf,20,20,194,3228.46,14,,20,20,3228.46,194,,14
1518205020,Lang,Shenghua,Bronx,NY,36,Internal Medicine,Claim-Specialty,Adacel Tdap,"Diph,pertuss(Acell),tet Vac/Pf",15,15,15,690,15,#,,,,,#,
1518258003,You,Lu,New York,NY,36,Internal Medicine,Claim-Specialty,Boostrix Tdap,"Diphth,pertuss(Acell),tet Vac",32,32,467,1380.24,32,,32,32,1380.24,467,,32
1518258003,You,Lu,New York,NY,36,Internal Medicine,Claim-Specialty,Shingrix,Varicella-Zoster Ge/As01b/Pf,18,35,1050,2624.21,13,#,,,,,#,
1518258003,You,Lu,New York,NY,36,Internal Medicine,Claim-Specialty,Zostavax,Zoster Vaccine Live/Pf,32,32,351,7134.37,32,,32,32,7134.37,351,,32
1518932441,Maggio,Russell,Rochester,NY,36,Internal Medicine,Claim-Specialty,Boostrix Tdap,"Diphth,pertuss(Acell),tet Vac",37,37,37,2085.91,37,,37,37,2085.91,37,,37
1518932441,Maggio,Russell,Rochester,NY,36,Internal Medicine,Claim-Specialty,Shingrix,Varicella-Zoster Ge/As01b/Pf,154,155,1478,24321.29,104,#,,,,,#,
1518949833,Varavenkataraman,Raghupathy,West Seneca,NY,36,Internal Medicine,Claim-Specialty,Shingrix,Varicella-Zoster Ge/As01b/Pf,160,160,972,25603.16,115,,149,149,23839.34,903,#,
1518954726,Locke,Mitchell,Lake Success,NY,36,Gastroenterology,Claim-Specialty,Shingrix,Varicella-Zoster Ge/As01b/Pf,12,12,12,1893.06,,,12,12,1893.06,12,*,
1518965052,Hauptman,Allen,New York,NY,36,Internal Medicine,Claim-Specialty,Shingrix,Varicella-Zoster Ge/As01b/Pf,12,14,101,1935.59,,,12,14,1935.59,101,*,
1518975291,Landau,Steven,White Plains,NY,36,Gastroenterology,Claim-Specialty,Shingrix,Varicella-Zoster Ge/As01b/Pf,24,26,171,3939.79,19,#,,,,,#,
1518982982,Klausner,Eric,Amsterdam,NY,36,Family Practice,Claim-Specialty,Shingrix,Varicella-Zoster Ge/As01b/Pf,19,19,48,2992.27,13,,19,19,2992.27,48,,13
1518985399,D'abbracio,Carol,Huntington Station,NY,36,Nurse Practitioner,Claim-Specialty,Shingrix,Varicella-Zoster Ge/As01b/Pf,14,14,131,2285.03,12,,14,14,2285.03,131,,12
1518989516,Cunningham-Rundles,Ward,New York City,NY,36,Internal Medicine,Claim-Specialty,Shingrix,Varicella-Zoster Ge/As01b/Pf,12,15,161,2116.77,11,,12,15,2116.77,161,,11
1528003209,Vukman,Ronald,Rochester,NY,36,Internal Medicine,Claim-Specialty,Shingrix,Varicella-Zoster Ge/As01b/Pf,41,41,476,6457.68,23,,41,41,6457.68,476,,23
1528008596,Rodgers,Thomas,Big Flats,NY,36,Family Practice,Claim-Specialty,Shingrix,Varicella-Zoster Ge/As01b/Pf,14,14,72,2249.38,,,14,14,2249.38,72,*,
1528013091,Kang,Hea-Shin,Flushing,NY,36,Internal Medicine,Claim-Specialty,Zostavax,Zoster Vaccine Live/Pf,60,60,1249,13858.23,60,#,,,,,#,
1528020898,Cicilline,Michelle,Rochester,NY,36,Family Practice,Claim-Specialty,Shingrix,Varicella-Zoster Ge/As01b/Pf,38,38,473,6054.96,23,#,,,,,#,
1528024668,Snyder,Lily,Batavia,NY,36,Family Practice,Claim-Specialty,Shingrix,Varicella-Zoster Ge/As01b/Pf,14,14,14,2226.54,11,#,,,,,*,
1528032695,Mcmahon,Kevin,East Aurora,NY,36,Family Practice,Claim-Specialty,Adacel Tdap,"Diph,pertuss(Acell),tet Vac/Pf",23,23,23,1437.05,22,#,,,,,#,
1528045416,Schwalb,David,Ferndale,NY,36,Internal Medicine,Claim-Specialty,Shingrix,Varicella-Zoster Ge/As01b/Pf,12,12,41,1988.07,,,12,12,1988.07,41,*,
1528047057,Bezdicek,Petr,Goshen,NY,36,Pulmonary Disease,Claim-Specialty,Shingrix,Varicella-Zoster Ge/As01b/Pf,27,27,58,4382.47,21,,27,27,4382.47,58,,21
1528064961,Ratner,Sanford,Great Neck,NY,36,Pulmonary Disease,Claim-Specialty,Shingrix,Varicella-Zoster Ge/As01b/Pf,24,24,169,3722.69,19,#,,,,,#,
1528072576,Hollander,Ira,Brooklyn,NY,36,Internal Medicine,Claim-Specialty,Shingrix,Varicella-Zoster Ge/As01b/Pf,13,18,279,2075.82,11,,13,18,2075.82,279,,11
1528077666,Dubey,Anil,New York,NY,36,Internal Medicine,Claim-Specialty,Shingrix,Varicella-Zoster Ge/As01b/Pf,22,24,169,3490.14,17,,22,24,3490.14,169,,17
1528098647,Apostolakos,Michael,Rochester,NY,36,Pulmonary Disease,Claim-Specialty,Shingrix,Varicella-Zoster Ge/As01b/Pf,53,53,633,8214.31,34,#,,,,,#,
1528128808,Ridge,Gerald,Bronxville,NY,36,Internal Medicine,Claim-Specialty,Shingrix,Varicella-Zoster Ge/As01b/Pf,11,11,69,1688.33,,,11,11,1688.33,69,*,
1528140597,Jiang,Baoen,New York,NY,36,Internal Medicine,Claim-Specialty,Adacel Tdap,"Diph,pertuss(Acell),tet Vac/Pf",11,11,40,516.87,,*,,,,,*,
1528140597,Jiang,Baoen,New York,NY,36,Internal Medicine,Claim-Specialty,Boostrix Tdap,"Diphth,pertuss(Acell),tet Vac",127,127,829,5412.61,125,#,,,,,#,
1528140597,Jiang,Baoen,New York,NY,36,Internal Medicine,Claim-Specialty,Shingrix,Varicella-Zoster Ge/As01b/Pf,59,75,1177,8675.07,50,#,,,,,#,
1528140597,Jiang,Baoen,New York,NY,36,Internal Medicine,Claim-Specialty,Zostavax,Zoster Vaccine Live/Pf,60,60,588,13393.13,59,#,,,,,#,
1528142460,Gradner,Jill,Halfmoon,NY,36,Internal Medicine,Claim-Specialty,Shingrix,Varicella-Zoster Ge/As01b/Pf,17,17,46,2885.98,13,,17,17,2885.98,46,,13
1528145034,Bendit,Ezra,Plainview,NY,36,Internal Medicine,Claim-Specialty,Shingrix,Varicella-Zoster Ge/As01b/Pf,18,18,250,2790.33,14,#,,,,,#,
1528151735,Gonzalez,Angel,Brooklyn,NY,36,Internal Medicine,Claim-Specialty,Shingrix,Varicella-Zoster Ge/As01b/Pf,13,13,187,1964.99,11,,13,13,1964.99,187,,11
1528155694,Pelzman,Fred,New York,NY,36,Internal Medicine,Claim-Specialty,Shingrix,Varicella-Zoster Ge/As01b/Pf,22,22,80,3529.13,18,,22,22,3529.13,80,,18
1528177193,Foote,Michael,Honeoye,NY,36,Family Practice,Claim-Specialty,Boostrix Tdap,"Diphth,pertuss(Acell),tet Vac",23,23,139,1218.35,23,#,,,,,#,
1528177193,Foote,Michael,Honeoye,NY,36,Family Practice,Claim-Specialty,Shingrix,Varicella-Zoster Ge/As01b/Pf,47,47,221,7554.07,28,#,,,,,#,
1528345394,Yang,Zhigang,Flushing,NY,36,General Practice,Claim-Specialty,Zostavax,Zoster Vaccine Live/Pf,66,66,965,14759.69,66,#,,,,,#,
1528401007,Thomashefski,Matthew,Leroy,NY,36,Family Practice,Claim-Specialty,Shingrix,Varicella-Zoster Ge/As01b/Pf,44,48,338,6974.53,29,#,,,,,#,
1528473287,Woods,Kelly,East Syracuse,NY,36,Nurse Practitioner,Claim-Specialty,Shingrix,Varicella-Zoster Ge/As01b/Pf,20,23,342,3201,15,,20,23,3201,342,,15
1528498284,Yakubov,Melekhem,New York,NY,36,Internal Medicine,Claim-Specialty,Boostrix Tdap,"Diphth,pertuss(Acell),tet Vac",21,21,630,1092.64,21,#,,,,,#,
1528498649,Nguyen,Tram,Bronx,NY,36,Pharmacist,NPPES-Taxonomy,Shingrix,Varicella-Zoster Ge/As01b/Pf,50,50,50,8269.33,41,,50,50,8269.33,50,,41
1538128764,Mendonza,Lisa,Kenmore,NY,36,Family Practice,Claim-Specialty,Shingrix,Varicella-Zoster Ge/As01b/Pf,35,35,93,5626.88,25,#,,,,,#,
1538141601,Coppens,Thomas,Glens Falls,NY,36,Family Practice,Claim-Specialty,Shingrix,Varicella-Zoster Ge/As01b/Pf,67,67,154,10611.36,46,#,,,,,#,
1538156989,Raskin,Jonathan,New York,NY,36,Pulmonary Disease,Claim-Specialty,Shingrix,Varicella-Zoster Ge/As01b/Pf,53,53,691,9570.78,31,,53,53,9570.78,691,,31
1538157011,Tyberg,Theodore,New York,NY,36,Internal Medicine,Claim-Specialty,Shingrix,Varicella-Zoster Ge/As01b/Pf,27,28,115,4252.35,18,,27,28,4252.35,115,,18
1538163191,Sun,Yin,New York,NY,36,Internal Medicine,Claim-Specialty,Zostavax,Zoster Vaccine Live/Pf,117,131,1755,26372.15,117,#,,,,,#,
1538163944,Blanchfield,James,Syracuse,NY,36,Internal Medicine,Claim-Specialty,Shingrix,Varicella-Zoster Ge/As01b/Pf,108,108,1123,17395.12,70,,108,108,17395.12,1123,,70
1538169404,Nakao,Michael,Albany,NY,36,Pulmonary Disease,Claim-Specialty,Adacel Tdap,"Diph,pertuss(Acell),tet Vac/Pf",13,13,42,762.07,13,*,,,,,*,
1538169404,Nakao,Michael,Albany,NY,36,Pulmonary Disease,Claim-Specialty,Boostrix Tdap,"Diphth,pertuss(Acell),tet Vac",41,41,99,2521.38,41,#,,,,,#,
1538169404,Nakao,Michael,Albany,NY,36,Pulmonary Disease,Claim-Specialty,Shingrix,Varicella-Zoster Ge/As01b/Pf,1075,1076,1447,173382.85,762,,1024,1025,165053.05,1396,,721
1538171160,Cowell-Kusak,Kristi,Rochester,NY,36,Internal Medicine,Claim-Specialty,Shingrix,Varicella-Zoster Ge/As01b/Pf,16,16,306,2693.27,14,#,,,,,#,
1538198866,Clark,Nancy,Rochester,NY,36,Internal Medicine,Claim-Specialty,Shingrix,Varicella-Zoster Ge/As01b/Pf,14,14,304,2223.25,,,14,14,2223.25,304,*,
1538201231,Leddy,Vincent,Brentwood,NY,36,Internal Medicine,Claim-Specialty,Shingrix,Varicella-Zoster Ge/As01b/Pf,31,31,930,4379.91,26,,31,31,4379.91,930,,26
1538221015,Halloran,Owen,Albany,NY,36,Anesthesiology,Claim-Specialty,Adacel Tdap,"Diph,pertuss(Acell),tet Vac/Pf",70,70,302,4119.67,70,#,,,,,#,
1538221015,Halloran,Owen,Albany,NY,36,Anesthesiology,Claim-Specialty,Boostrix Tdap,"Diphth,pertuss(Acell),tet Vac",67,67,299,3781.94,66,#,,,,,#,
1538221015,Halloran,Owen,Albany,NY,36,Anesthesiology,Claim-Specialty,Shingrix,Varicella-Zoster Ge/As01b/Pf,1743,1775,13315,281370.17,1190,,1679,1711,271053.98,12874,,1142
1538227392,Sinha,Keisha,Brooklyn,NY,36,Internal Medicine,Claim-Specialty,Boostrix Tdap,"Diphth,pertuss(Acell),tet Vac",20,22,138,1133.67,20,#,,,,,#,
1538227392,Sinha,Keisha,Brooklyn,NY,36,Internal Medicine,Claim-Specialty,Shingrix,Varicella-Zoster Ge/As01b/Pf,24,25,141,3747.65,17,,24,25,3747.65,141,,17
1538227905,Englard,Arthur,New York,NY,36,Internal Medicine,Claim-Specialty,Shingrix,Varicella-Zoster Ge/As01b/Pf,23,24,541,3428.34,13,,23,24,3428.34,541,,13
1538245626,Lerner,Gary,Forest Hills,NY,36,Internal Medicine,Claim-Specialty,Shingrix,Varicella-Zoster Ge/As01b/Pf,14,16,161,2289.38,,#,,,,,*,
1538262464,Lee,Kwok-Man,New York,NY,36,Internal Medicine,Claim-Specialty,Shingrix,Varicella-Zoster Ge/As01b/Pf,337,468,11749,49213.15,244,,317,442,46282.75,11114,,229
1538486576,Herbst,Brian,Orchard Park,NY,36,Family Practice,Claim-Specialty,Shingrix,Varicella-Zoster Ge/As01b/Pf,15,15,15,2350.28,,#,,,,,*,
1538587563,Laporta,Jennifer,Mount Kisco,NY,36,Family Practice,Claim-Specialty,Shingrix,Varicella-Zoster Ge/As01b/Pf,20,20,78,3022.35,12,,20,20,3022.35,78,,12
1548218621,Glick,Jeffrey,New York,NY,36,Internal Medicine,Claim-Specialty,Shingrix,Varicella-Zoster Ge/As01b/Pf,30,33,481,4976.23,22,,30,33,4976.23,481,,22
1548219041,Maung,Maung,Flushing,NY,36,Internal Medicine,Claim-Specialty,Shingrix,Varicella-Zoster Ge/As01b/Pf,166,205,3047,24239.83,127,#,,,,,#,
1548219041,Maung,Maung,Flushing,NY,36,Internal Medicine,Claim-Specialty,Zostavax,Zoster Vaccine Live/Pf,13,13,245,2940.72,13,,13,13,2940.72,245,,13
1548220775,Barcomb,Alan,Oakfield,NY,36,Family Practice,Claim-Specialty,Shingrix,Varicella-Zoster Ge/As01b/Pf,65,71,738,10289.43,44,,65,71,10289.43,738,,44
1548226095,Faustino,Francis,Carle Place,NY,36,Family Practice,Claim-Specialty,Shingrix,Varicella-Zoster Ge/As01b/Pf,15,19,310,2391.81,,,15,19,2391.81,310,*,
1548227465,Silverman,Mark,Forest Hills,NY,36,Gastroenterology,Claim-Specialty,Shingrix,Varicella-Zoster Ge/As01b/Pf,13,13,100,2184.53,,,13,13,2184.53,100,*,
1548227937,Walters,Lisa,Oceanside,NY,36,Internal Medicine,Claim-Specialty,Shingrix,Varicella-Zoster Ge/As01b/Pf,17,17,104,2690.78,11,,17,17,2690.78,104,,11
1548240278,Legrett,Jeffrey,Auburn,NY,36,Internal Medicine,Claim-Specialty,Shingrix,Varicella-Zoster Ge/As01b/Pf,23,23,81,3768.38,16,#,,,,,#,
1548242290,Evans,Robert,Glens Falls,NY,36,Family Practice,Claim-Specialty,Shingrix,Varicella-Zoster Ge/As01b/Pf,31,31,31,5016.33,19,,31,31,5016.33,31,,19
1548247752,Reddy,Lokesh,Scarsdale,NY,36,Internal Medicine,Claim-Specialty,Shingrix,Varicella-Zoster Ge/As01b/Pf,34,36,500,5443.59,23,#,,,,,#,
1548250590,Fried,Steven,Great Neck,NY,36,Internal Medicine,Claim-Specialty,Shingrix,Varicella-Zoster Ge/As01b/Pf,21,21,282,3545.63,16,#,,,,,#,
1548266695,Press,Rebecca,New York,NY,36,Internal Medicine,Claim-Specialty,Shingrix,Varicella-Zoster Ge/As01b/Pf,12,12,128,2386.93,,,12,12,2386.93,128,*,
1548275910,Yoviene,Joel,Gowanda,NY,36,Internal Medicine,Claim-Specialty,Shingrix,Varicella-Zoster Ge/As01b/Pf,29,29,87,4398,23,,17,17,2567.17,75,,12
1548286438,Moehs,Charles,Watertown,NY,36,Family Practice,Claim-Specialty,Boostrix Tdap,"Diphth,pertuss(Acell),tet Vac",16,16,16,980,16,#,,,,,#,
1548286438,Moehs,Charles,Watertown,NY,36,Family Practice,Claim-Specialty,Shingrix,Varicella-Zoster Ge/As01b/Pf,355,358,880,57412.81,269,,318,321,51173.26,814,,243
1548296221,Dibble,Colleen,Schenectady,NY,36,Internal Medicine,Claim-Specialty,Shingrix,Varicella-Zoster Ge/As01b/Pf,23,23,23,3577.25,17,#,,,,,#,
1548303720,Choi,Shanna,New York,NY,36,Internal Medicine,Claim-Specialty,Adacel Tdap,"Diph,pertuss(Acell),tet Vac/Pf",29,29,29,1334,29,,29,29,1334,29,,29
1548338510,Riegelhaupt,Elliot,New York,NY,36,Internal Medicine,Claim-Specialty,Shingrix,Varicella-Zoster Ge/As01b/Pf,14,17,191,2399.41,11,,14,17,2399.41,191,,11
1548383441,Bluestine,Steven,New York,NY,36,Psychiatry & Neurology,NPPES-Taxonomy,Shingrix,Varicella-Zoster Ge/As01b/Pf,29,29,29,4734.15,27,#,,,,,#,
1548391683,Teng,Susanna,New York,NY,36,Internal Medicine,Claim-Specialty,Shingrix,Varicella-Zoster Ge/As01b/Pf,20,22,138,3190.46,15,#,,,,,#,
1548503873,Schlagman,Megan,Rochester,NY,36,Internal Medicine,Claim-Specialty,Shingrix,Varicella-Zoster Ge/As01b/Pf,38,42.7,614,6025.76,23,,38,42.7,6025.76,614,,23
1548530181,Rizzo,Mariano,Far Rockaway,NY,36,Internal Medicine,Claim-Specialty,Boostrix Tdap,"Diphth,pertuss(Acell),tet Vac",13,13,42,748.5,13,#,,,,,#,
1548540198,Heywood,Ann,Plattsburgh,NY,36,Nurse Practitioner,Claim-Specialty,Shingrix,Varicella-Zoster Ge/As01b/Pf,16,16,16,2675.42,11,#,,,,,*,
1548569031,Kremer,Ashley,Williamsville,NY,36,Family Practice,Claim-Specialty,Shingrix,Varicella-Zoster Ge/As01b/Pf,19,19,77,3049.97,17,,19,19,3049.97,77,,17
1548594013,Voigt,Breanna,Orchard Park,NY,36,Physician Assistant,Claim-Specialty,Shingrix,Varicella-Zoster Ge/As01b/Pf,13,13,129,2160.92,,#,,,,,*,
1548671886,Donnelly,Ryan,Indian Lake,NY,36,Family Practice,Claim-Specialty,Shingrix,Varicella-Zoster Ge/As01b/Pf,11,11,25,1779.58,,*,,,,,*,
1558308627,Barnes,Julie,Windsor,NY,36,Nurse Practitioner,Claim-Specialty,Shingrix,Varicella-Zoster Ge/As01b/Pf,23,23,23,3212,12,,23,23,3212,23,,12
1558314831,Sarkissian,Edmond,Valley Stream,NY,36,Internal Medicine,Claim-Specialty,Shingrix,Varicella-Zoster Ge/As01b/Pf,16,16,16,2456.56,12,,16,16,2456.56,16,,12
1558346049,Robinson,Donald,Hamburg,NY,36,Family Practice,Claim-Specialty,Tdvax,"Tetanus, Diphtheria Tox,adult",15,15,421,717.96,15,,15,15,717.96,421,,15
1558346049,Robinson,Donald,Hamburg,NY,36,Family Practice,Claim-Specialty,Tenivac,Tetanus-Diphtheria Toxoids/Pf,15,15,450,795.8,15,,15,15,795.8,450,,15
1558352740,Faller,Jason,New York,NY,36,Rheumatology,Claim-Specialty,Shingrix,Varicella-Zoster Ge/As01b/Pf,59,59,1132,9759.93,40,#,,,,,#,
1558354308,Prigollini,Alejandro,New York,NY,36,Internal Medicine,Claim-Specialty,Shingrix,Varicella-Zoster Ge/As01b/Pf,28,29,464,4048.32,24,#,,,,,#,
1558355107,Appel,Arthur,Pearl River,NY,36,Internal Medicine,Claim-Specialty,Shingrix,Varicella-Zoster Ge/As01b/Pf,13,13,189,2038,,,13,13,2038,189,*,
1558367409,Berland,Doris,Manhasset,NY,36,Internal Medicine,Claim-Specialty,Shingrix,Varicella-Zoster Ge/As01b/Pf,13,21,369,1991.73,,,13,21,1991.73,369,*,
1558372086,Healey,Gregory,Canton,NY,36,Family Practice,Claim-Specialty,Boostrix Tdap,"Diphth,pertuss(Acell),tet Vac",12,12,302,748.55,12,*,,,,,*,
1558374033,Melamedoff,Gustavo,Elmhurst,NY,36,Internal Medicine,Claim-Specialty,Shingrix,Varicella-Zoster Ge/As01b/Pf,35,36,413,5244.86,32,#,,,,,#,
1558374033,Melamedoff,Gustavo,Elmhurst,NY,36,Internal Medicine,Claim-Specialty,Zostavax,Zoster Vaccine Live/Pf,13,15,305,2918.25,13,,13,15,2918.25,305,,13
1558397752,Yosha,Assaf,Webster,NY,36,Family Practice,Claim-Specialty,Shingrix,Varicella-Zoster Ge/As01b/Pf,13,13,42,2107.06,,,13,13,2107.06,42,*,
1558420471,Pearlstein,Ellen,New York,NY,36,Internal Medicine,Claim-Specialty,Shingrix,Varicella-Zoster Ge/As01b/Pf,16,17,75,2640.59,11,,16,17,2640.59,75,,11
1558439281,Labarbera,Marianne,Staten Island,NY,36,Family Practice,Claim-Specialty,Shingrix,Varicella-Zoster Ge/As01b/Pf,30,30,88,4606.09,22,,30,30,4606.09,88,,22
1558445395,Kim,David,New York,NY,36,Internal Medicine,Claim-Specialty,Shingrix,Varicella-Zoster Ge/As01b/Pf,24,25,83,3959.42,16,#,,,,,#,
1558451450,Diaz,Maria,Bronx,NY,36,Internal Medicine,Claim-Specialty,Adacel Tdap,"Diph,pertuss(Acell),tet Vac/Pf",16,16,16,2162.31,16,#,,,,,#,
1558455154,Baskin,David,New York,NY,36,Internal Medicine,Claim-Specialty,Shingrix,Varicella-Zoster Ge/As01b/Pf,74,85,984,11745.87,56,,74,85,11745.87,984,,56
1558463455,Metz,Colleen,Pittsford,NY,36,Nurse Practitioner,Claim-Specialty,Shingrix,Varicella-Zoster Ge/As01b/Pf,13,13,158,2067.23,,,13,13,2067.23,158,*,
1558471334,Thompson,Robin,Huntington,NY,36,Internal Medicine,Claim-Specialty,Shingrix,Varicella-Zoster Ge/As01b/Pf,42,48,715,7173.1,30,,42,48,7173.1,715,,30
1558473629,Mirkinson,Susan,Great Neck,NY,36,Internal Medicine,Claim-Specialty,Shingrix,Varicella-Zoster Ge/As01b/Pf,54,54,228,8494.55,39,,54,54,8494.55,228,,39
1558500611,Liu,Anita,Staten Island,NY,36,Physician Assistant,NPPES-Specialty,Shingrix,Varicella-Zoster Ge/As01b/Pf,25,26,403,3630.16,24,,25,26,3630.16,403,,24
1558522714,Parker,William,Glens Falls,NY,36,Family Practice,Claim-Specialty,Shingrix,Varicella-Zoster Ge/As01b/Pf,15,15,102,2397.87,11,#,,,,,*,
1558586099,Han,Jung-Ah,Great Neck,NY,36,Internal Medicine,Claim-Specialty,Shingrix,Varicella-Zoster Ge/As01b/Pf,256,326.4,5471,40774.54,168,,256,326.4,40774.54,5471,,168
1558650663,Moore,Jillian,Rochester,NY,36,Family Practice,Claim-Specialty,Boostrix Tdap,"Diphth,pertuss(Acell),tet Vac",18,18,134,1067.55,18,,18,18,1067.55,134,,18
1558650663,Moore,Jillian,Rochester,NY,36,Family Practice,Claim-Specialty,Shingrix,Varicella-Zoster Ge/As01b/Pf,37,37,385,6294.18,25,#,,,,,#,
1558659961,Riccobono,Brianna,Bronx,NY,36,Internal Medicine,Claim-Specialty,Shingrix,Varicella-Zoster Ge/As01b/Pf,13,13,100,2091.28,12,#,,,,,*,
1568406460,Rubel,Lance,Roslyn,NY,36,Internal Medicine,Claim-Specialty,Shingrix,Varicella-Zoster Ge/As01b/Pf,24,24,285,3992.42,20,#,,,,,#,
1568413565,Che,Bi,New York,NY,36,Internal Medicine,Claim-Specialty,Boostrix Tdap,"Diphth,pertuss(Acell),tet Vac",23,23,371,994.47,23,,23,23,994.47,371,,23
1568413565,Che,Bi,New York,NY,36,Internal Medicine,Claim-Specialty,Zostavax,Zoster Vaccine Live/Pf,15,15,392,3367.74,15,#,,,,,#,
1568414126,Moss,Craig,Kingston,NY,36,Geriatric Medicine,Claim-Specialty,Shingrix,Varicella-Zoster Ge/As01b/Pf,48,68,1605,7053.65,35,,48,68,7053.65,1605,,35
1568422483,Migden,Hedy,Loudonville,NY,36,Internal Medicine,Claim-Specialty,Shingrix,Varicella-Zoster Ge/As01b/Pf,24,24,53,3878.05,15,,24,24,3878.05,53,,15
1568427243,Chan,Alexander,New York,NY,36,Internal Medicine,Claim-Specialty,Shingrix,Varicella-Zoster Ge/As01b/Pf,52,66,1864,7633.64,38,,52,66,7633.64,1864,,38
1568429330,Perna,Anthony,Tonawanda,NY,36,Internal Medicine,Claim-Specialty,Adacel Tdap,"Diph,pertuss(Acell),tet Vac/Pf",13,13,13,810.69,13,,13,13,810.69,13,,13
1568429330,Perna,Anthony,Tonawanda,NY,36,Internal Medicine,Claim-Specialty,Shingrix,Varicella-Zoster Ge/As01b/Pf,39,39,42,6068.15,27,,39,39,6068.15,42,,27
1568435261,Marfatia,Ripple,Castile,NY,36,Internal Medicine,Claim-Specialty,Shingrix,Varicella-Zoster Ge/As01b/Pf,17,17,18,2884.72,12,,17,17,2884.72,18,,12
1568440485,Edelson,David,Great Neck,NY,36,Internal Medicine,Claim-Specialty,Shingrix,Varicella-Zoster Ge/As01b/Pf,22,22,225,3492.7,15,,22,22,3492.7,225,,15
1568441921,Blumenthal,Steven,Cold Spring Harbor,NY,36,Internal Medicine,Claim-Specialty,Adacel Tdap,"Diph,pertuss(Acell),tet Vac/Pf",66,66,66,3841.19,66,,49,49,2831.38,49,,49
1568441921,Blumenthal,Steven,Cold Spring Harbor,NY,36,Internal Medicine,Claim-Specialty,Boostrix Tdap,"Diphth,pertuss(Acell),tet Vac",1004,1014,2057,59237.38,1004,,918,924,54086.48,1679,,918
1568441921,Blumenthal,Steven,Cold Spring Harbor,NY,36,Internal Medicine,Claim-Specialty,Menactra,"Mening Vac A,c,y,w-135 Dip/Pf",16,16,16,2209.83,16,#,,,,,#,
1568441921,Blumenthal,Steven,Cold Spring Harbor,NY,36,Internal Medicine,Claim-Specialty,Shingrix,Varicella-Zoster Ge/As01b/Pf,11509,11777,29188,1866206.4,8425,,11204,11469,1816574.77,28590,,8210
1568441921,Blumenthal,Steven,Cold Spring Harbor,NY,36,Internal Medicine,Claim-Specialty,Zostavax,Zoster Vaccine Live/Pf,75,75,160,17919.21,75,#,,,,,#,
1568443521,Rehman,Khaula,Binghamton,NY,36,Internal Medicine,Claim-Specialty,Shingrix,Varicella-Zoster Ge/As01b/Pf,30,30,117,4764.71,24,#,,,,,#,
1568456713,Inada,Victor,New York,NY,36,Family Practice,NPPES-Specialty,Shingrix,Varicella-Zoster Ge/As01b/Pf,13,13,42,2093.74,,#,,,,,*,
1568476158,North,James,Glens Falls,NY,36,Family Practice,Claim-Specialty,Shingrix,Varicella-Zoster Ge/As01b/Pf,18,18,76,2920.71,12,#,,,,,*,
1568491967,Hsu,Ricky,New York,NY,36,Internal Medicine,Claim-Specialty,Boostrix Tdap,"Diphth,pertuss(Acell),tet Vac",12,12,41,522.96,12,*,,,,,*,
1568491967,Hsu,Ricky,New York,NY,36,Internal Medicine,Claim-Specialty,Shingrix,Varicella-Zoster Ge/As01b/Pf,18,18,105,2677.48,17,#,,,,,#,
1568494755,Shallish,Neil,Ithaca,NY,36,Family Practice,Claim-Specialty,Shingrix,Varicella-Zoster Ge/As01b/Pf,26,30,292,4109.09,18,,26,30,4109.09,292,,18
1568495323,Stepkovitch,Khatuna,Marcellus,NY,36,Internal Medicine,Claim-Specialty,Boostrix Tdap,"Diphth,pertuss(Acell),tet Vac",13,13,332,960.92,13,,13,13,960.92,332,,13
1568495323,Stepkovitch,Khatuna,Marcellus,NY,36,Internal Medicine,Claim-Specialty,Shingrix,Varicella-Zoster Ge/As01b/Pf,15,15,160,2412.49,11,,15,15,2412.49,160,,11
1568495380,Rutkowski,Michael,Syracuse,NY,36,Internal Medicine,Claim-Specialty,Shingrix,Varicella-Zoster Ge/As01b/Pf,16,16,422,2669.24,12,#,,,,,*,
1568554079,Shahid,Muhammad,West Haverstraw,NY,36,Internal Medicine,Claim-Specialty,Shingrix,Varicella-Zoster Ge/As01b/Pf,18,21,195,2852.79,17,#,,,,,#,
1568607919,Jang,Hangjun,Flushing,NY,36,Internal Medicine,Claim-Specialty,Shingrix,Varicella-Zoster Ge/As01b/Pf,45,76,1961,7227.72,38,,45,76,7227.72,1961,,38
1568607919,Jang,Hangjun,Flushing,NY,36,Internal Medicine,Claim-Specialty,Zostavax,Zoster Vaccine Live/Pf,11,11,272,2711.44,11,,11,11,2711.44,272,,11
1568738540,Hodges,Mark,Rochester,NY,36,Internal Medicine,Claim-Specialty,Shingrix,Varicella-Zoster Ge/As01b/Pf,69,71,999,11007.86,40,,69,71,11007.86,999,,40
1568750057,Coke,Tiffany,Bronx,NY,36,Geriatric Medicine,Claim-Specialty,Shingrix,Varicella-Zoster Ge/As01b/Pf,17,17,46,2708.51,13,,17,17,2708.51,46,,13
1568753978,Daly,Ian,Camillus,NY,36,Family Practice,Claim-Specialty,Shingrix,Varicella-Zoster Ge/As01b/Pf,28,30.7,284,4458.24,20,,28,30.7,4458.24,284,,20
1568756260,Delorme,Brian,Rochester,NY,36,Pharmacist,NPPES-Taxonomy,Shingrix,Varicella-Zoster Ge/As01b/Pf,20,20,20,3239.07,18,,20,20,3239.07,20,,18
1568875292,Patel,Avni,Manlius,NY,36,Family Practice,Claim-Specialty,Shingrix,Varicella-Zoster Ge/As01b/Pf,14,14,130,2346.94,11,#,,,,,*,
1568901007,Tefft,Corissa,Syracuse,NY,36,Physician Assistant,Claim-Specialty,Shingrix,Varicella-Zoster Ge/As01b/Pf,15,15,73,2453.52,12,,15,15,2453.52,73,,12
1578507018,Blum,Conrad,New York,NY,36,Internal Medicine,NPPES-Taxonomy,Shingrix,Varicella-Zoster Ge/As01b/Pf,27,27,85,4282.87,20,,27,27,4282.87,85,,20
1578542189,Gelles,Jeremiah,Brooklyn,NY,36,Cardiology,Claim-Specialty,Shingrix,Varicella-Zoster Ge/As01b/Pf,42,42,477,6568.76,27,,42,42,6568.76,477,,27
1578551560,Shen,Tsun,New York,NY,36,Internal Medicine,NPPES-Specialty,Shingrix,Varicella-Zoster Ge/As01b/Pf,12,15,276,1728.99,,*,,,,,*,
1578553707,Madrid,Tanya,New York,NY,36,Internal Medicine,Claim-Specialty,Shingrix,Varicella-Zoster Ge/As01b/Pf,14,14,43,2298.92,12,#,,,,,*,
1578554051,Sloan,Jerry,New Hartford,NY,36,Internal Medicine,Claim-Specialty,Shingrix,Varicella-Zoster Ge/As01b/Pf,99,101,451,16014.86,77,#,,,,,#,
1578571469,Lackey,Roy,New York,NY,36,Internal Medicine,Claim-Specialty,Shingrix,Varicella-Zoster Ge/As01b/Pf,49,51,457,7921.42,40,,49,51,7921.42,457,,40
1578592978,Schneider,Michael,Rochester,NY,36,Internal Medicine,Claim-Specialty,Boostrix Tdap,"Diphth,pertuss(Acell),tet Vac",21,21,21,1209.87,20,#,,,,,#,
1578592978,Schneider,Michael,Rochester,NY,36,Internal Medicine,Claim-Specialty,Shingrix,Varicella-Zoster Ge/As01b/Pf,254,268,3516,40321.4,151,#,,,,,#,
1578625737,Ngai,Yi,Flushing,NY,36,Family Practice,Claim-Specialty,Adacel Tdap,"Diph,pertuss(Acell),tet Vac/Pf",88,88,1770,4052.84,88,,88,88,4052.84,1770,,88
1578625737,Ngai,Yi,Flushing,NY,36,Family Practice,Claim-Specialty,Shingrix,Varicella-Zoster Ge/As01b/Pf,67,67,1227,9773.42,51,,67,67,9773.42,1227,,51
1578625737,Ngai,Yi,Flushing,NY,36,Family Practice,Claim-Specialty,Zostavax,Zoster Vaccine Live/Pf,17,17,394,3790.81,17,#,,,,,#,
1578638730,Heller,Arthur,New York,NY,36,Gastroenterology,Claim-Specialty,Shingrix,Varicella-Zoster Ge/As01b/Pf,38,40,127,6221.76,28,,38,40,6221.76,127,,28
1578642229,Bellovin,Barry,Bayside,NY,36,Internal Medicine,Claim-Specialty,Shingrix,Varicella-Zoster Ge/As01b/Pf,23,23,52,3677.12,20,#,,,,,#,
1578666384,Schenone,Roger,Elmira,NY,36,Internal Medicine,Claim-Specialty,Shingrix,Varicella-Zoster Ge/As01b/Pf,43,46,249,6884.97,29,#,,,,,#,
1578740981,Yuan,Weijia,Brooklyn,NY,36,Rheumatology,Claim-Specialty,Shingrix,Varicella-Zoster Ge/As01b/Pf,12,14,246,1931.05,,*,,,,,*,
1578772943,Kalik,Lisa,New York,NY,36,Internal Medicine,Claim-Specialty,Shingrix,Varicella-Zoster Ge/As01b/Pf,58,58,203,9288.95,47,#,,,,,#,
1578898623,Blumenthal,Marc,Queens Village,NY,36,Dentist,NPPES-Specialty,Shingrix,Varicella-Zoster Ge/As01b/Pf,11,13,158,1785.48,,,11,13,1785.48,158,*,
1588009666,Tang,Amy,New York,NY,36,Internal Medicine,NPPES-Specialty,Shingrix,Varicella-Zoster Ge/As01b/Pf,13,20,542,1846.43,,,13,20,1846.43,542,*,
1588035604,Piser,Deborah,Corfu,NY,36,Nurse Practitioner,Claim-Specialty,Shingrix,Varicella-Zoster Ge/As01b/Pf,11,11,11,1809.94,,*,,,,,*,
1588623714,Pfalzer,David,Kenmore,NY,36,Family Practice,Claim-Specialty,Shingrix,Varicella-Zoster Ge/As01b/Pf,29,29,30,4556.67,16,#,,,,,#,
1588629216,Charles,Richard,Buffalo,NY,36,Internal Medicine,Claim-Specialty,Adacel Tdap,"Diph,pertuss(Acell),tet Vac/Pf",20,20,49,1224.14,19,#,,,,,#,
1588629216,Charles,Richard,Buffalo,NY,36,Internal Medicine,Claim-Specialty,Boostrix Tdap,"Diphth,pertuss(Acell),tet Vac",23,23,197,1414.93,23,#,,,,,#,
1588629216,Charles,Richard,Buffalo,NY,36,Internal Medicine,Claim-Specialty,Havrix,Hepatitis A Virus Vaccine/Pf,20,20,20,1795.42,18,#,,,,,#,
1588629216,Charles,Richard,Buffalo,NY,36,Internal Medicine,Claim-Specialty,Shingrix,Varicella-Zoster Ge/As01b/Pf,224,227,1068,35536.07,151,#,,,,,#,
1588629422,Stern,Mark,Manhasset,NY,36,Cardiology,Claim-Specialty,Shingrix,Varicella-Zoster Ge/As01b/Pf,17,20,194,2547.8,12,,17,20,2547.8,194,,12
1588637391,Siegel,Stephen,New York,NY,36,Internal Medicine,Claim-Specialty,Shingrix,Varicella-Zoster Ge/As01b/Pf,33,37,385,5267.3,25,,33,37,5267.3,385,,25
1588652077,Spatz,Allison,New York,NY,36,Cardiology,Claim-Specialty,Shingrix,Varicella-Zoster Ge/As01b/Pf,24,24,82,3874.82,14,,24,24,3874.82,82,,14
1588654172,Contacessa,Frank,Armonk,NY,36,Internal Medicine,Claim-Specialty,Shingrix,Varicella-Zoster Ge/As01b/Pf,24,26,229,3535.45,19,,24,26,3535.45,229,,19
1588662092,Bernstein,Donald,New York,NY,36,Internal Medicine,Claim-Specialty,Shingrix,Varicella-Zoster Ge/As01b/Pf,19,19,77,3153.87,13,,19,19,3153.87,77,,13
1588667133,Metzger,Benjamin,New York,NY,36,Internal Medicine,Claim-Specialty,Shingrix,Varicella-Zoster Ge/As01b/Pf,104,114,1419,16472.21,89,,104,114,16472.21,1419,,89
1588667893,Maclean,Craig,Hamburg,NY,36,Family Practice,Claim-Specialty,Shingrix,Varicella-Zoster Ge/As01b/Pf,25,25,112,3951.95,21,,25,25,3951.95,112,,21
1588667893,Maclean,Craig,Hamburg,NY,36,Family Practice,Claim-Specialty,Tenivac,Tetanus-Diphtheria Toxoids/Pf,11,11,11,565.86,11,,11,11,565.86,11,,11
1588690952,Tonneau,Benoit,Schenectady,NY,36,Internal Medicine,Claim-Specialty,Shingrix,Varicella-Zoster Ge/As01b/Pf,64,64,238,11749.9,51,#,,,,,#,
1588692552,Beira,Richard,Bronx,NY,36,Family Practice,Claim-Specialty,Shingrix,Varicella-Zoster Ge/As01b/Pf,45,45,1116,7068.3,33,#,,,,,#,
1588751515,Smith,Neal,Ontario,NY,36,Family Practice,Claim-Specialty,Tenivac,Tetanus-Diphtheria Toxoids/Pf,11,11,69,607.5,11,,11,11,607.5,69,,11
1588751671,Savillo,Robert,New York,NY,36,Internal Medicine,Claim-Specialty,Shingrix,Varicella-Zoster Ge/As01b/Pf,89,97,822,14388.23,71,#,,,,,#,
1588774921,Park,Jia,Bayside,NY,36,Family Practice,Claim-Specialty,Shingrix,Varicella-Zoster Ge/As01b/Pf,37,41,735,5659.63,27,,37,41,5659.63,735,,27
1588805840,Leven,Seth,Mamaroneck,NY,36,Internal Medicine,Claim-Specialty,Shingrix,Varicella-Zoster Ge/As01b/Pf,13,13,143,2107.86,,,13,13,2107.86,143,*,
1588911325,Singh,Ravjeet,Hicksville,NY,36,Physician Assistant,Claim-Specialty,Boostrix Tdap,"Diphth,pertuss(Acell),tet Vac",11,11,330,570.24,11,,11,11,570.24,330,,11
1598023582,Kwon,Hea,Jamaica,NY,36,Nurse Practitioner,NPPES-Specialty,Shingrix,Varicella-Zoster Ge/As01b/Pf,44,62,1405,6526.6,32,#,,,,,#,
1598038507,Morabito,Joseph,Liverpool,NY,36,Physician Assistant,Claim-Specialty,Shingrix,Varicella-Zoster Ge/As01b/Pf,17,17,75,2719.76,13,#,,,,,*,
1598710295,Zysman,Jules,Honeoye Falls,NY,36,Family Practice,Claim-Specialty,Shingrix,Varicella-Zoster Ge/As01b/Pf,51,51,834,8118.74,32,,51,51,8118.74,834,,32
1598721078,Carroll,James,Hoosick Falls,NY,36,Family Practice,Claim-Specialty,Shingrix,Varicella-Zoster Ge/As01b/Pf,23,23,197,3744.92,17,#,,,,,#,
1598721714,Logalbo,Elizabeth,Massena,NY,36,General Practice,Claim-Specialty,Adacel Tdap,"Diph,pertuss(Acell),tet Vac/Pf",15,15,15,891.55,15,*,,,,,*,
1598721714,Logalbo,Elizabeth,Massena,NY,36,General Practice,Claim-Specialty,Boostrix Tdap,"Diphth,pertuss(Acell),tet Vac",354,354,441,20504.88,354,,339,339,19634.12,426,,339
1598721714,Logalbo,Elizabeth,Massena,NY,36,General Practice,Claim-Specialty,Havrix,Hepatitis A Virus Vaccine/Pf,84,84,171,7529.64,83,#,,,,,#,
1598721714,Logalbo,Elizabeth,Massena,NY,36,General Practice,Claim-Specialty,M-M-R Ii Vaccine,"Measles,mumps,rubella Vacc/Pf",31,31,89,2908.71,29,#,,,,,#,
1598721714,Logalbo,Elizabeth,Massena,NY,36,General Practice,Claim-Specialty,Shingrix,Varicella-Zoster Ge/As01b/Pf,3174,3185,4198,522888.94,2663,,3068,3079,505377.44,4092,,2571
1598721714,Logalbo,Elizabeth,Massena,NY,36,General Practice,Claim-Specialty,Twinrix,Hepatitis A And B Vaccine/Pf,28,28,28,3400.05,19,#,,,,,#,
1598721714,Logalbo,Elizabeth,Massena,NY,36,General Practice,Claim-Specialty,Vaqta,Hepatitis A Virus Vaccine/Pf,41,41,41,2968.11,40,#,,,,,#,
1598750770,Kelly,Kerry,Staten Island,NY,36,Family Practice,Claim-Specialty,Shingrix,Varicella-Zoster Ge/As01b/Pf,15,15,160,2536.45,13,,15,15,2536.45,160,,13
1598763963,Castrillon,Augusto,Brooklyn,NY,36,Family Practice,Claim-Specialty,Boostrix Tdap,"Diphth,pertuss(Acell),tet Vac",23,23,139,1342.99,23,#,,,,,#,
1598763963,Castrillon,Augusto,Brooklyn,NY,36,Family Practice,Claim-Specialty,Zostavax,Zoster Vaccine Live/Pf,11,11,185,2653.47,11,*,,,,,*,
1598764730,Witte,Gilbert,Olean,NY,36,Pulmonary Disease,Claim-Specialty,Shingrix,Varicella-Zoster Ge/As01b/Pf,19,19,77,3188.63,12,,19,19,3188.63,77,,12
1598768574,Spicer,Nancy,Watertown,NY,36,Nurse Practitioner,Claim-Specialty,Shingrix,Varicella-Zoster Ge/As01b/Pf,32,32,119,5069.9,23,#,,,,,#,
1598785123,Karmen,Carol,Hawthorne,NY,36,Internal Medicine,Claim-Specialty,Shingrix,Varicella-Zoster Ge/As01b/Pf,39,39,184,6261.84,30,,39,39,6261.84,184,,30
1598806267,Reuben,Stephen,Flushing,NY,36,Internal Medicine,Claim-Specialty,Boostrix Tdap,"Diphth,pertuss(Acell),tet Vac",15,15,450,965.48,15,,15,15,965.48,450,,15
1598806267,Reuben,Stephen,Flushing,NY,36,Internal Medicine,Claim-Specialty,Shingrix,Varicella-Zoster Ge/As01b/Pf,16,17,104,2664.45,14,#,,,,,#,
1598843427,Pizzolla,John,Flushing,NY,36,Internal Medicine,Claim-Specialty,Boostrix Tdap,"Diphth,pertuss(Acell),tet Vac",21,21,630,1399.03,20,#,,,,,#,
1598846073,Warshafsky,Stephen,Ardsley,NY,36,Internal Medicine,Claim-Specialty,Shingrix,Varicella-Zoster Ge/As01b/Pf,11,11,185,1763.25,,,11,11,1763.25,185,*,
1598865081,Gotlieb,David,Somers,NY,36,Internal Medicine,Claim-Specialty,Shingrix,Varicella-Zoster Ge/As01b/Pf,40,40,69,5977.71,28,#,,,,,#,
1598872616,Shah,Mayank,Warwick,NY,36,Internal Medicine,Claim-Specialty,Shingrix,Varicella-Zoster Ge/As01b/Pf,93,93,1369,15701.25,55,,93,93,15701.25,1369,,55
1598947194,Fakhouri,Zeiad,Hopewell Junction,NY,36,Family Practice,Claim-Specialty,Boostrix Tdap,"Diphth,pertuss(Acell),tet Vac",90,90,119,5532.17,90,#,,,,,#,
1598947194,Fakhouri,Zeiad,Hopewell Junction,NY,36,Family Practice,Claim-Specialty,Shingrix,Varicella-Zoster Ge/As01b/Pf,909,911,1143,147490.18,708,,860,862,139478.62,1065,,668
1598947194,Fakhouri,Zeiad,Hopewell Junction,NY,36,Family Practice,Claim-Specialty,Zostavax,Zoster Vaccine Live/Pf,13,13,71,3039.14,13,,13,13,3039.14,71,,13
1598985418,Perlova,Marina,Brooklyn,NY,36,Internal Medicine,Claim-Specialty,Shingrix,Varicella-Zoster Ge/As01b/Pf,13,13,100,2081.03,11,,13,13,2081.03,100,,11
1598985418,Perlova,Marina,Brooklyn,NY,36,Internal Medicine,Claim-Specialty,Zostavax,Zoster Vaccine Live/Pf,11,11,98,2592.34,11,,11,11,2592.34,98,,11
1609126630,Zhou,Hui Qin,New York,NY,36,Nurse Practitioner,NPPES-Specialty,Shingrix,Varicella-Zoster Ge/As01b/Pf,21,24,285,2986.14,14,,21,24,2986.14,285,,14
1609134345,Lynn,Theresa,Endicott,NY,36,Family Practice,Claim-Specialty,Adacel Tdap,"Diph,pertuss(Acell),tet Vac/Pf",24,24,24,1563.85,24,#,,,,,#,
1609142793,Clar,Mia,Great Neck,NY,36,Geriatric Medicine,Claim-Specialty,Shingrix,Varicella-Zoster Ge/As01b/Pf,21,22,138,3375.06,18,,21,22,3375.06,138,,18
1609184217,Duprey,Jordan,Ogdensburg,NY,36,Pharmacist,NPPES-Taxonomy,Shingrix,Varicella-Zoster Ge/As01b/Pf,16,16,16,2622.68,15,#,,,,,#,
1609828250,Sheran,Michael,Kingston,NY,36,Internal Medicine,Claim-Specialty,Shingrix,Varicella-Zoster Ge/As01b/Pf,43,52,918,6830.02,31,#,,,,,#,
1609829878,Burnette,Thomas,Brewster,NY,36,Internal Medicine,Claim-Specialty,Shingrix,Varicella-Zoster Ge/As01b/Pf,32,34,179,5134.26,26,#,,,,,#,
1609830827,Saksonova,Marina,Rego Park,NY,36,Internal Medicine,Claim-Specialty,Shingrix,Varicella-Zoster Ge/As01b/Pf,22,22,209,3479.69,18,#,,,,,#,
1609831536,Bodkin,John,Williamsville,NY,36,Family Practice,Claim-Specialty,Shingrix,Varicella-Zoster Ge/As01b/Pf,13,13,71,2065.49,,,13,13,2065.49,71,*,
1609851443,Jackson,Mary,Manlius,NY,36,Family Practice,Claim-Specialty,Shingrix,Varicella-Zoster Ge/As01b/Pf,50,50,601,8026.98,31,,50,50,8026.98,601,,31
1609855394,Dillon,Stephen,New York,NY,36,Internal Medicine,Claim-Specialty,Shingrix,Varicella-Zoster Ge/As01b/Pf,48,52,487,7767.11,34,#,,,,,#,
1609947191,Batoon,Sherwin,Flushing,NY,36,Internal Medicine,Claim-Specialty,Shingrix,Varicella-Zoster Ge/As01b/Pf,25,31,524,3792.59,22,#,,,,,#,
1609955202,Herman,Lawrence,New York,NY,36,Internal Medicine,Claim-Specialty,Shingrix,Varicella-Zoster Ge/As01b/Pf,13,13,13,2071.1,11,,13,13,2071.1,13,,11
1619014420,William,Christina,Brockport,NY,36,Internal Medicine,Claim-Specialty,Shingrix,Varicella-Zoster Ge/As01b/Pf,14,14,252,2247.58,12,,14,14,2247.58,252,,12
1619052610,Van Der Hoeven,Annette,Briarcliff Manor,NY,36,Internal Medicine,Claim-Specialty,Shingrix,Varicella-Zoster Ge/As01b/Pf,14,14,188,2142.14,12,#,,,,,#,
1619064789,Pecker,Mark,New York,NY,36,Internal Medicine,Claim-Specialty,Shingrix,Varicella-Zoster Ge/As01b/Pf,12,13,129,1947.82,,,12,13,1947.82,129,*,
1619066099,Greenblatt,Michael,Delmar,NY,36,Internal Medicine,Claim-Specialty,Shingrix,Varicella-Zoster Ge/As01b/Pf,39,39,561,7625.5,24,,39,39,7625.5,561,,24
1619088812,Ojugbeli,Diane,Chittenango,NY,36,Family Practice,Claim-Specialty,Shingrix,Varicella-Zoster Ge/As01b/Pf,20,20,20,3111.42,19,#,,,,,#,
1619105053,Gagne,Amy,Gloversville,NY,36,Nurse Practitioner,Claim-Specialty,Shingrix,Varicella-Zoster Ge/As01b/Pf,27,42,912,3336.98,17,*,,,,,*,
1619174240,Ranin-Lay,Maria,Middletown,NY,36,Internal Medicine,Claim-Specialty,Shingrix,Varicella-Zoster Ge/As01b/Pf,22,22,254,3858.74,21,#,,,,,#,
1619189735,Goldfarb,Andrew,New Hyde Park,NY,36,Cardiology,Claim-Specialty,Shingrix,Varicella-Zoster Ge/As01b/Pf,12,12,99,2083.68,,,12,12,2083.68,99,*,
1619260809,Gritti,Jason,Brooklyn,NY,36,Internal Medicine,Claim-Specialty,Twinrix,Hepatitis A And B Vaccine/Pf,15,15,15,1380,,*,,,,,*,
1619294279,Riccardi,Elizabeth,Syracuse,NY,36,Internal Medicine,Claim-Specialty,Shingrix,Varicella-Zoster Ge/As01b/Pf,19,19,280,3050.17,,,19,19,3050.17,280,*,
1619901170,Vastola,Cary,Williamsville,NY,36,Family Practice,Claim-Specialty,Shingrix,Varicella-Zoster Ge/As01b/Pf,11,11,11,1718.6,,,11,11,1718.6,11,*,
1619907201,Bonenfant,Heather,Rochester,NY,36,Internal Medicine,Claim-Specialty,Shingrix,Varicella-Zoster Ge/As01b/Pf,16,16,103,2522.74,,,16,16,2522.74,103,*,
1619924750,Sabra,Mona,New York,NY,36,Endocrinology,Claim-Specialty,Shingrix,Varicella-Zoster Ge/As01b/Pf,48,61,1569,7483.79,34,#,,,,,#,
1619950805,Purpura,Patti,Elmira,NY,36,Emergency Medicine,Claim-Specialty,Shingrix,Varicella-Zoster Ge/As01b/Pf,16,16,16,2564.92,16,,16,16,2564.92,16,,16
1619978160,Floyd,Frank,Endwell,NY,36,Internal Medicine,Claim-Specialty,Shingrix,Varicella-Zoster Ge/As01b/Pf,22,22,22,3121.95,12,,22,22,3121.95,22,,12
1629026703,Hartrich,William,Williamsville,NY,36,Internal Medicine,Claim-Specialty,Shingrix,Varicella-Zoster Ge/As01b/Pf,27,27,85,4581.72,16,,27,27,4581.72,85,,16
1629031208,Cheung,William,New York,NY,36,Internal Medicine,Claim-Specialty,Boostrix Tdap,"Diphth,pertuss(Acell),tet Vac",11,11,185,577.74,11,*,,,,,*,
1629031208,Cheung,William,New York,NY,36,Internal Medicine,Claim-Specialty,Shingrix,Varicella-Zoster Ge/As01b/Pf,42,60,1249,5873.58,34,#,,,,,#,
1629033709,Grzhibek,Mikhail,East Patchogue,NY,36,Internal Medicine,Claim-Specialty,Shingrix,Varicella-Zoster Ge/As01b/Pf,24,24,24,3810.16,21,,24,24,3810.16,24,,21
1629044987,Burke,Robert,New Hartford,NY,36,Family Practice,Claim-Specialty,Shingrix,Varicella-Zoster Ge/As01b/Pf,554,554,2152,89229.9,423,,527,527,84880.68,2090,,404
1629046081,Garbarino,Kenneth,Buffalo,NY,36,Geriatric Medicine,Claim-Specialty,Adacel Tdap,"Diph,pertuss(Acell),tet Vac/Pf",14,14,14,871.57,14,,14,14,871.57,14,,14
1629060603,Boyle,Sean,Auburn,NY,36,Family Practice,Claim-Specialty,Shingrix,Varicella-Zoster Ge/As01b/Pf,46,46,278,7377.56,28,#,,,,,#,
1629064787,Mandelbaum,Joel,Kingston,NY,36,Family Practice,Claim-Specialty,Shingrix,Varicella-Zoster Ge/As01b/Pf,16,16,74,2565.19,13,,16,16,2565.19,74,,13
1629067483,Kim,Yong,Elmhurst,NY,36,Family Practice,Claim-Specialty,Shingrix,Varicella-Zoster Ge/As01b/Pf,23,28,579,3627.37,21,#,,,,,#,
1629092978,Telonis,James,Cicero,NY,36,Family Practice,Claim-Specialty,Shingrix,Varicella-Zoster Ge/As01b/Pf,16,16,364,2695.29,15,,16,16,2695.29,364,,15
1629098207,Yu,Shick,White Plains,NY,36,Internal Medicine,Claim-Specialty,Shingrix,Varicella-Zoster Ge/As01b/Pf,14,14,43,2191.97,12,,14,14,2191.97,43,,12
1629139340,Wallach,Ilisa,New York,NY,36,Internal Medicine,Claim-Specialty,Shingrix,Varicella-Zoster Ge/As01b/Pf,34,35,209,5478.79,27,,34,35,5478.79,209,,27
1629146196,Shum,Kee,Flushing,NY,36,Internal Medicine,Claim-Specialty,Shingrix,Varicella-Zoster Ge/As01b/Pf,14,18,453,2099.13,12,,14,18,2099.13,453,,12
1629150388,Kugler,Jay,Great Neck,NY,36,Internal Medicine,Claim-Specialty,Shingrix,Varicella-Zoster Ge/As01b/Pf,17,17,17,2774.52,15,,17,17,2774.52,17,,15
1629161849,Mathur,Manuja,Bronx,NY,36,Internal Medicine,Claim-Specialty,Boostrix Tdap,"Diphth,pertuss(Acell),tet Vac",23,23,690,1486.03,23,#,,,,,#,
1629224159,Alfonso,Jillian,Bronx,NY,36,Family Practice,Claim-Specialty,Shingrix,Varicella-Zoster Ge/As01b/Pf,15,16,190,2364.93,14,#,,,,,#,
1629237235,Eiss,Brian,New York,NY,36,Geriatric Medicine,Claim-Specialty,Shingrix,Varicella-Zoster Ge/As01b/Pf,22,23,198,3711.03,17,#,,,,,#,
1629252663,Hsu,Angela,New York,NY,36,Internal Medicine,Claim-Specialty,Adacel Tdap,"Diph,pertuss(Acell),tet Vac/Pf",19,19,19,874,19,#,,,,,#,
1629272810,Korni,Roopa,Rochester,NY,36,Family Practice,Claim-Specialty,Shingrix,Varicella-Zoster Ge/As01b/Pf,46,46,597,7317.4,31,#,,,,,#,
1629324843,Lee,Sylvia,Liverpool,NY,36,Family Practice,Claim-Specialty,Shingrix,Varicella-Zoster Ge/As01b/Pf,23,23,226,3714.75,18,,23,23,3714.75,226,,18
1629326970,Frederick,Murielle,Brooklyn,NY,36,Nurse Practitioner,NPPES-Specialty,Shingrix,Varicella-Zoster Ge/As01b/Pf,57,57,115,7947.96,55,#,,,,,#,
1629392485,Kwoka,Matthew,Rosedale,NY,36,Pharmacist,NPPES-Taxonomy,Shingrix,Varicella-Zoster Ge/As01b/Pf,46,46,104,7554.84,41,#,,,,,#,
1629401294,Gulkar,Inna,Mineola,NY,36,Internal Medicine,Claim-Specialty,Adacel Tdap,"Diph,pertuss(Acell),tet Vac/Pf",13,13,13,598,13,,13,13,598,13,,13
1629401294,Gulkar,Inna,Mineola,NY,36,Internal Medicine,Claim-Specialty,Havrix,Hepatitis A Virus Vaccine/Pf,20,20,20,1200,20,#,,,,,#,
1629412416,Dockstader,Chantel,Buffalo,NY,36,Internal Medicine,Claim-Specialty,Shingrix,Varicella-Zoster Ge/As01b/Pf,11,11,38,1766.89,,*,,,,,*,
1629465158,Guan,Dandan,New York,NY,36,Physician Assistant,NPPES-Specialty,Shingrix,Varicella-Zoster Ge/As01b/Pf,32,49,1122,4852.64,25,#,,,,,#,
1629465158,Guan,Dandan,New York,NY,36,Physician Assistant,NPPES-Specialty,Zostavax,Zoster Vaccine Live/Pf,13,13,332,2930.97,13,,13,13,2930.97,332,,13
1639119621,Grobman,Craig,Greenvale,NY,36,Internal Medicine,Claim-Specialty,Shingrix,Varicella-Zoster Ge/As01b/Pf,34,40,475,5361.92,27,,34,40,5361.92,475,,27
1639124605,Dipoala,Joseph,Rochester,NY,36,Internal Medicine,Claim-Specialty,Shingrix,Varicella-Zoster Ge/As01b/Pf,13,15,189,2056.03,,*,,,,,*,
1639127814,O'keeffe,David,Orchard Park,NY,36,Family Practice,Claim-Specialty,Shingrix,Varicella-Zoster Ge/As01b/Pf,95,97.9,530,15553.52,71,,95,97.9,15553.52,530,,71
1639134174,Roche,Bertrand,Williamsville,NY,36,Family Practice,Claim-Specialty,Shingrix,Varicella-Zoster Ge/As01b/Pf,25,25,170,3932.2,19,,25,25,3932.2,170,,19
1639137706,Witte,Anthony,Dansville,NY,36,Family Practice,Claim-Specialty,Shingrix,Varicella-Zoster Ge/As01b/Pf,14,14,72,2297.84,,#,,,,,*,
1639138282,Nudelman,Miroslav,Eastchester,NY,36,Pulmonary Disease,Claim-Specialty,Shingrix,Varicella-Zoster Ge/As01b/Pf,26,28,231,4138.3,19,,26,28,4138.3,231,,19
1639140486,Rosenfeld,Howard,Cedarhurst,NY,36,Internal Medicine,Claim-Specialty,Shingrix,Varicella-Zoster Ge/As01b/Pf,18,18,308,3110.17,15,,18,18,3110.17,308,,15
1639142714,Karter,Dennis,New York,NY,36,Infectious Disease,Claim-Specialty,Shingrix,Varicella-Zoster Ge/As01b/Pf,20,21,427,3292.38,17,#,,,,,#,
1639162365,Sheridan,Bernadette,Brooklyn,NY,36,Family Practice,Claim-Specialty,Shingrix,Varicella-Zoster Ge/As01b/Pf,17,17,104,2528.9,14,,17,17,2528.9,104,,14
1639167679,Lee,Sophia,Middletown,NY,36,Internal Medicine,Claim-Specialty,Shingrix,Varicella-Zoster Ge/As01b/Pf,17,17,17,2737.96,12,,17,17,2737.96,17,,12
1639171143,Hall,George,New York,NY,36,Internal Medicine,Claim-Specialty,Shingrix,Varicella-Zoster Ge/As01b/Pf,11,11,243,1699.84,11,,11,11,1699.84,243,,11
1639171143,Hall,George,New York,NY,36,Internal Medicine,Claim-Specialty,Tdvax,"Tetanus, Diphtheria Tox,adult",25,25,692,1173.52,25,#,,,,,#,
1639171143,Hall,George,New York,NY,36,Internal Medicine,Claim-Specialty,Zostavax,Zoster Vaccine Live/Pf,96,96,1634,23779.4,96,#,,,,,#,
1639172968,Saarie,Elizabeth,East Yracuse,NY,36,Family Practice,Claim-Specialty,Shingrix,Varicella-Zoster Ge/As01b/Pf,13,13,44,2124.01,11,,13,13,2124.01,44,,11
1639185416,Mclean Bennett,Jacquelyn,Troy,NY,36,Family Practice,Claim-Specialty,Shingrix,Varicella-Zoster Ge/As01b/Pf,12,12,12,1857.5,,,12,12,1857.5,12,*,
1639195381,Johnson,Sabrina,Shirley,NY,36,Family Practice,Claim-Specialty,Boostrix Tdap,"Diphth,pertuss(Acell),tet Vac",18,18,540,1009.99,18,#,,,,,#,
1639197197,Teerlinck,Cynthia,Naples,NY,36,Family Practice,Claim-Specialty,Shingrix,Varicella-Zoster Ge/As01b/Pf,58,58,431,9261.75,36,#,,,,,#,
1639250772,Olichney,John,New York,NY,36,Internal Medicine,Claim-Specialty,Shingrix,Varicella-Zoster Ge/As01b/Pf,28,28,232,4209.17,21,,28,28,4209.17,232,,21
1639254832,Culmine,John,Bronx,NY,36,Internal Medicine,Claim-Specialty,Boostrix Tdap,"Diphth,pertuss(Acell),tet Vac",22,22,660,1401.42,22,,22,22,1401.42,660,,22
1639357882,Decker,Joseph,Ithaca,NY,36,Pharmacist,NPPES-Taxonomy,Shingrix,Varicella-Zoster Ge/As01b/Pf,12,12,41,1948.95,,#,,,,,*,
1639375645,Acinapura,Lauren,Nyc,NY,36,Internal Medicine,Claim-Specialty,Shingrix,Varicella-Zoster Ge/As01b/Pf,34,40,417,5367.22,27,#,,,,,#,
1639379126,Benito,Maryellen,East Hampton,NY,36,Family Practice,NPPES-Specialty,Shingrix,Varicella-Zoster Ge/As01b/Pf,16,18,134,2392.74,16,#,,,,,#,
1639563570,Cohen,Sheri,Long Beach,NY,36,Pharmacist,NPPES-Taxonomy,Shingrix,Varicella-Zoster Ge/As01b/Pf,16,16,16,2206.1,12,,16,16,2206.1,16,,12
1639585987,Sawka,Renee,West Amherst,NY,36,Physician Assistant,Claim-Specialty,Shingrix,Varicella-Zoster Ge/As01b/Pf,14,14,14,2197.47,,,14,14,2197.47,14,*,
1649220252,Sprague,Curtis,New Paltz,NY,36,Internal Medicine,Claim-Specialty,Shingrix,Varicella-Zoster Ge/As01b/Pf,15,15,15,2435.82,,#,,,,,*,
1649230020,Silverstein,Bruce,Liverpool,NY,36,Family Practice,Claim-Specialty,Boostrix Tdap,"Diphth,pertuss(Acell),tet Vac",12,12,360,783.87,12,,12,12,783.87,360,,12
1649230020,Silverstein,Bruce,Liverpool,NY,36,Family Practice,Claim-Specialty,Shingrix,Varicella-Zoster Ge/As01b/Pf,20,20,136,3250.24,16,#,,,,,#,
1649247511,Rolls,William,Rochester,NY,36,Internal Medicine,Claim-Specialty,Shingrix,Varicella-Zoster Ge/As01b/Pf,24,24,198,3795.68,15,,24,24,3795.68,198,,15
1649261066,Patel,Kartik,Webster,NY,36,Internal Medicine,Claim-Specialty,Boostrix Tdap,"Diphth,pertuss(Acell),tet Vac",14,14,246,893.35,14,#,,,,,#,
1649261066,Patel,Kartik,Webster,NY,36,Internal Medicine,Claim-Specialty,Shingrix,Varicella-Zoster Ge/As01b/Pf,68,68,1199,11452.55,40,#,,,,,#,
1649315177,Chrispin,Carlo,Williston Park,NY,36,Specialist,NPPES-Taxonomy,Shingrix,Varicella-Zoster Ge/As01b/Pf,17,17,17,2763.13,17,#,,,,,#,
1649326901,Stein,Sidney,New York,NY,36,Internal Medicine,Claim-Specialty,Shingrix,Varicella-Zoster Ge/As01b/Pf,41,42,390,6561.96,33,,41,42,6561.96,390,,33
1649354499,Wolff,Michael,Troy,NY,36,Internal Medicine,Claim-Specialty,Shingrix,Varicella-Zoster Ge/As01b/Pf,186,186,681,29664.22,131,#,,,,,#,
1649369026,Goldberg,Steven,Schenectady,NY,36,Internal Medicine,Claim-Specialty,Shingrix,Varicella-Zoster Ge/As01b/Pf,37,37,327,7027.42,30,,37,37,7027.42,327,,30
1649486861,Dent,Richard,Rochester,NY,36,Family Practice,Claim-Specialty,Shingrix,Varicella-Zoster Ge/As01b/Pf,11,11,13,1795.92,,,11,11,1795.92,13,*,
1649517251,Jiang,Xiao-Hong,New York,NY,36,Internal Medicine,Claim-Specialty,Shingrix,Varicella-Zoster Ge/As01b/Pf,28,36,877,3989.42,20,,28,36,3989.42,877,,20
1649517251,Jiang,Xiao-Hong,New York,NY,36,Internal Medicine,Claim-Specialty,Zostavax,Zoster Vaccine Live/Pf,18,18,286,4064.52,18,,18,18,4064.52,286,,18
1649553470,Bohunicky,Brian,Binghamton,NY,36,Pharmacist,NPPES-Taxonomy,Shingrix,Varicella-Zoster Ge/As01b/Pf,21,21,21,3372.03,15,#,,,,,#,
1649563180,Wang,Linda,New York,NY,36,Internal Medicine,Claim-Specialty,Shingrix,Varicella-Zoster Ge/As01b/Pf,39,41,360,6312.24,29,,39,41,6312.24,360,,29
1649565292,Khan,Bobby,East Meadow,NY,36,Family Practice,Claim-Specialty,Boostrix Tdap,"Diphth,pertuss(Acell),tet Vac",14,14,304,897.77,14,*,,,,,*,
1649595471,Avashia,Kuntal,Olean,NY,36,Internal Medicine,Claim-Specialty,Shingrix,Varicella-Zoster Ge/As01b/Pf,17,17,162,2750.99,11,,17,17,2750.99,162,,11
1649596552,Hosaka,Mia,Albany,NY,36,Family Practice,Claim-Specialty,Adacel Tdap,"Diph,pertuss(Acell),tet Vac/Pf",21,21,21,966,21,#,,,,,#,
1649596552,Hosaka,Mia,Albany,NY,36,Family Practice,Claim-Specialty,Havrix,Hepatitis A Virus Vaccine/Pf,34,34,34,2040,34,#,,,,,#,
1649724386,Liao,Lucy,New York,NY,36,Nurse Practitioner,NPPES-Specialty,Shingrix,Varicella-Zoster Ge/As01b/Pf,158,186,1926,23203.38,111,#,,,,,#,
1649790841,Brizuela Ducharne,Alberto,Bronx,NY,36,Student in an Organized Health Care Education/Training Program,NPPES-Taxonomy,Shingrix,Varicella-Zoster Ge/As01b/Pf,11,11,183,1579.68,,*,,,,,*,
1659300283,Murphy,Christine,Schenectady,NY,36,Internal Medicine,Claim-Specialty,Shingrix,Varicella-Zoster Ge/As01b/Pf,38,38,212,6191.71,23,,38,38,6191.71,212,,23
1659301232,Goodman,Richard,Long Beach,NY,36,Internal Medicine,Claim-Specialty,Shingrix,Varicella-Zoster Ge/As01b/Pf,38,38,96,6016.64,35,,38,38,6016.64,96,,35
1659305217,Noteroglu,Emre,Harrison,NY,36,Internal Medicine,Claim-Specialty,Shingrix,Varicella-Zoster Ge/As01b/Pf,15,15,44,2488.26,15,,15,15,2488.26,44,,15
1659308443,Kane,Andrew,Rochester,NY,36,Internal Medicine,Claim-Specialty,Shingrix,Varicella-Zoster Ge/As01b/Pf,24,24,227,3938.46,15,,24,24,3938.46,227,,15
1659332575,Dyer-Martin,Mary Kyle,Rensselaer,NY,36,Family Practice,Claim-Specialty,Shingrix,Varicella-Zoster Ge/As01b/Pf,12,12,12,2180.95,,,12,12,2180.95,12,*,
1659339513,Kozin,Arthur,West Nyack,NY,36,Nephrology,Claim-Specialty,Shingrix,Varicella-Zoster Ge/As01b/Pf,45,45,204,7601.73,34,#,,,,,#,
1659345049,Roman,Rolando,Jamaica,NY,36,Internal Medicine,Claim-Specialty,Zostavax,Zoster Vaccine Live/Pf,24,24,691,4933.73,23,#,,,,,#,
1659353027,Cunningham,David,Glens Falls,NY,36,Family Practice,Claim-Specialty,Adacel Tdap,"Diph,pertuss(Acell),tet Vac/Pf",11,11,272,593.95,11,,11,11,593.95,272,,11
1659353027,Cunningham,David,Glens Falls,NY,36,Family Practice,Claim-Specialty,Shingrix,Varicella-Zoster Ge/As01b/Pf,29,29,29,4693.46,26,#,,,,,#,
1659353068,Shong,Dong-Hong,Flushing,NY,36,Internal Medicine,Claim-Specialty,Boostrix Tdap,"Diphth,pertuss(Acell),tet Vac",34,34,411,1377.38,31,,34,34,1377.38,411,,31
1659353068,Shong,Dong-Hong,Flushing,NY,36,Internal Medicine,Claim-Specialty,Shingrix,Varicella-Zoster Ge/As01b/Pf,42,51,1182,5777.32,33,#,,,,,#,
1659353068,Shong,Dong-Hong,Flushing,NY,36,Internal Medicine,Claim-Specialty,Zostavax,Zoster Vaccine Live/Pf,61,61,1250,11753.14,59,#,,,,,#,
1659354942,Shore,Gary,Merrick,NY,36,Internal Medicine,Claim-Specialty,Shingrix,Varicella-Zoster Ge/As01b/Pf,15,15,185,2401.34,13,,15,15,2401.34,185,,13
1659356715,Shah,Kaushal,Monroe,NY,36,Internal Medicine,Claim-Specialty,Boostrix Tdap,"Diphth,pertuss(Acell),tet Vac",11,11,11,645.64,11,*,,,,,*,
1659356715,Shah,Kaushal,Monroe,NY,36,Internal Medicine,Claim-Specialty,Shingrix,Varicella-Zoster Ge/As01b/Pf,401,401,1445,64926.54,258,,383,383,62096.21,1340,,245
1659359578,Klein,William,Great Neck,NY,36,General Practice,Claim-Specialty,Shingrix,Varicella-Zoster Ge/As01b/Pf,25,27,312,3916.34,20,#,,,,,#,
1659360204,Soroka,Frank,Pleasantville,NY,36,Family Practice,Claim-Specialty,Shingrix,Varicella-Zoster Ge/As01b/Pf,13,13,129,2045.88,,,13,13,2045.88,129,*,
1659364214,Oppenheimer,John,Sag Harbor,NY,36,Internal Medicine,Claim-Specialty,Shingrix,Varicella-Zoster Ge/As01b/Pf,69,69,1432,11342.93,41,,69,69,11342.93,1432,,41
1659371078,Lam,Terry,New York,NY,36,Internal Medicine,Claim-Specialty,Boostrix Tdap,"Diphth,pertuss(Acell),tet Vac",103,105,1590,4412.48,101,#,,,,,#,
1659371078,Lam,Terry,New York,NY,36,Internal Medicine,Claim-Specialty,Shingrix,Varicella-Zoster Ge/As01b/Pf,60,78,1586,8779.54,52,#,,,,,#,
1659379014,Goldberg,Eric,New York,NY,36,Internal Medicine,Claim-Specialty,Shingrix,Varicella-Zoster Ge/As01b/Pf,11,11,156,1752.92,,,11,11,1752.92,156,*,
1659380327,Rotoli,Dina,Rochester,NY,36,Nurse Practitioner,Claim-Specialty,Shingrix,Varicella-Zoster Ge/As01b/Pf,49,49,1383,7720.46,31,,49,49,7720.46,1383,,31
1659382364,He,Lan,New York,NY,36,Internal Medicine,Claim-Specialty,Boostrix Tdap,"Diphth,pertuss(Acell),tet Vac",20,20,339,819.51,20,#,,,,,#,
1659382364,He,Lan,New York,NY,36,Internal Medicine,Claim-Specialty,Shingrix,Varicella-Zoster Ge/As01b/Pf,191,249,5151,27486.14,122,,178,233,25566.56,4816,#,
1659390185,Pronto,Sherrill,Glens Falls,NY,36,Physician Assistant,Claim-Specialty,Shingrix,Varicella-Zoster Ge/As01b/Pf,16,16,16,2581.49,11,,16,16,2581.49,16,,11
1659398097,Viola,Theresa,Schenectady,NY,36,Family Practice,Claim-Specialty,Shingrix,Varicella-Zoster Ge/As01b/Pf,11,11,40,1893.4,,,11,11,1893.4,40,*,
1659411353,Shah,Vikram,Springvalley,NY,36,Internal Medicine,Claim-Specialty,Shingrix,Varicella-Zoster Ge/As01b/Pf,64,64,93,9195.73,54,,29,29,4160.09,58,,24
1659428803,Goldstein,Paul,New York,NY,36,Internal Medicine,Claim-Specialty,Shingrix,Varicella-Zoster Ge/As01b/Pf,38,40,214,6048.68,25,,38,40,6048.68,214,,25
1659468742,Hall-Ross,Sandra,New York,NY,36,Internal Medicine,Claim-Specialty,Shingrix,Varicella-Zoster Ge/As01b/Pf,44,44,190,7280.38,36,#,,,,,#,
1659471845,Waldman,Justine,Ithaca,NY,36,Emergency Medicine,Claim-Specialty,Boostrix Tdap,"Diphth,pertuss(Acell),tet Vac",22,22,22,1326.24,22,#,,,,,#,
1659471845,Waldman,Justine,Ithaca,NY,36,Emergency Medicine,Claim-Specialty,Shingrix,Varicella-Zoster Ge/As01b/Pf,355,355,384,57350.38,249,,342,342,55233.86,371,#,
1659476711,Nakamura,Chester,Clifton Springs,NY,36,Internal Medicine,Claim-Specialty,Shingrix,Varicella-Zoster Ge/As01b/Pf,23,23,139,3657.93,15,,23,23,3657.93,139,,15
1659487064,Beyda,Allan,Flushing,NY,36,Internal Medicine,Claim-Specialty,Shingrix,Varicella-Zoster Ge/As01b/Pf,37,38,181,5939.33,30,#,,,,,#,
1659506111,Francis,Desmond,Rome,NY,36,Internal Medicine,Claim-Specialty,Shingrix,Varicella-Zoster Ge/As01b/Pf,11,11,98,1801.94,,*,,,,,*,
1659514990,Fakhraei,Pirouz,Buffalo,NY,36,Internal Medicine,Claim-Specialty,Tenivac,Tetanus-Diphtheria Toxoids/Pf,11,11,11,341,11,*,,,,,*,
1659536233,Zhang,Yuqing,Flushing,NY,36,Family Practice,Claim-Specialty,Zostavax,Zoster Vaccine Live/Pf,19,25,460,4139.01,19,#,,,,,#,
1659637635,Gift,Laura,Penfield,NY,36,Family Practice,Claim-Specialty,Shingrix,Varicella-Zoster Ge/As01b/Pf,17,17,307,2706.11,,#,,,,,*,
1659660751,Eisenberg,Katherine,Webster,NY,36,Family Practice,Claim-Specialty,Shingrix,Varicella-Zoster Ge/As01b/Pf,19,19,77,3118.59,,#,,,,,*,
1659691491,Page,Marissa,Latham,NY,36,Nurse Practitioner,Claim-Specialty,Shingrix,Varicella-Zoster Ge/As01b/Pf,15,15,160,2836.98,14,,15,15,2836.98,160,,14
1659739936,Densmore,Crystal,Bowmansville,NY,36,Physician Assistant,Claim-Specialty,Shingrix,Varicella-Zoster Ge/As01b/Pf,19,19,135,2947.23,11,#,,,,,*,
1669411120,Khan,Nasir,Amherst,NY,36,Internal Medicine,Claim-Specialty,Shingrix,Varicella-Zoster Ge/As01b/Pf,40,40,156,6793.3,31,#,,,,,#,
1669415717,Rizzi,Michael,Yorktown Heights,NY,36,Internal Medicine,Claim-Specialty,Shingrix,Varicella-Zoster Ge/As01b/Pf,62,116,2842,13055.09,50,#,,,,,#,
1669421053,Bardack,Lisa,Mount Kisco,NY,36,Internal Medicine,Claim-Specialty,Shingrix,Varicella-Zoster Ge/As01b/Pf,20,20,107,3364.88,18,,20,20,3364.88,107,,18
1669435103,Zambron,Mark,Buffalo,NY,36,Internal Medicine,Claim-Specialty,Adacel Tdap,"Diph,pertuss(Acell),tet Vac/Pf",14,14,101,954.11,14,*,,,,,*,
1669435103,Zambron,Mark,Buffalo,NY,36,Internal Medicine,Claim-Specialty,Shingrix,Varicella-Zoster Ge/As01b/Pf,33,33,116,5276.51,26,,20,20,3190.89,20,,15
1669439212,Mendizabal,Edgar,Garden City,NY,36,Endocrinology,Claim-Specialty,Boostrix Tdap,"Diphth,pertuss(Acell),tet Vac",34,34,151,2074.74,34,#,,,,,#,
1669439212,Mendizabal,Edgar,Garden City,NY,36,Endocrinology,Claim-Specialty,Shingrix,Varicella-Zoster Ge/As01b/Pf,1486,1518,5901,241220.81,997,,1440,1470,233815.13,5679,,964
1669440707,Ingerick,Brent,Elmira,NY,36,Family Practice,Claim-Specialty,Shingrix,Varicella-Zoster Ge/As01b/Pf,15,15,15,2472.98,,,15,15,2472.98,15,*,
1669447108,Cilip,Michael,Horseheads,NY,36,Internal Medicine,Claim-Specialty,Shingrix,Varicella-Zoster Ge/As01b/Pf,61,62,555,9620.37,34,#,,,,,#,
1669451696,Peluso,Isabella,Brooklyn,NY,36,Internal Medicine,Claim-Specialty,Boostrix Tdap,"Diphth,pertuss(Acell),tet Vac",14,14,420,956.35,14,#,,,,,#,
1669466363,Impellizeri,John,Mattituck,NY,36,Internal Medicine,Claim-Specialty,Adacel Tdap,"Diph,pertuss(Acell),tet Vac/Pf",22,22,22,1012,22,,22,22,1012,22,,22
1669466363,Impellizeri,John,Mattituck,NY,36,Internal Medicine,Claim-Specialty,Havrix,Hepatitis A Virus Vaccine/Pf,14,14,14,840,14,,14,14,840,14,,14
1669536496,Mancenido,Michael,Rochester,NY,36,Internal Medicine,Claim-Specialty,Shingrix,Varicella-Zoster Ge/As01b/Pf,18,29,754,2562.26,12,*,,,,,*,
1669545166,Ding,Hua,Flushing,NY,36,Internal Medicine,Claim-Specialty,Boostrix Tdap,"Diphth,pertuss(Acell),tet Vac",107,107,1209,4542.95,102,,107,107,4542.95,1209,,102
1669545166,Ding,Hua,Flushing,NY,36,Internal Medicine,Claim-Specialty,Zostavax,Zoster Vaccine Live/Pf,82,82,952,18048.86,78,,82,82,18048.86,952,,78
1669555629,Cohen,Barry,Great Neck,NY,36,Internal Medicine,Claim-Specialty,Shingrix,Varicella-Zoster Ge/As01b/Pf,31,34,353,5133.28,26,,31,34,5133.28,353,,26
1669583779,Smith,Robert,Canandaigua,NY,36,Family Practice,Claim-Specialty,Boostrix Tdap,"Diphth,pertuss(Acell),tet Vac",13,13,42,729.41,13,#,,,,,#,
1669583779,Smith,Robert,Canandaigua,NY,36,Family Practice,Claim-Specialty,Shingrix,Varicella-Zoster Ge/As01b/Pf,25,25,112,3877.26,17,,25,25,3877.26,112,,17
1669631529,Ang,Roderick,Johnson City,NY,36,Family Practice,Claim-Specialty,Adacel Tdap,"Diph,pertuss(Acell),tet Vac/Pf",43,43,43,1978,43,,43,43,1978,43,,43
1669631529,Ang,Roderick,Johnson City,NY,36,Family Practice,Claim-Specialty,Havrix,Hepatitis A Virus Vaccine/Pf,11,11,11,660,11,,11,11,660,11,,11
1679027684,Bowers,Courtney,Glens Falls,NY,36,Nurse Practitioner,Claim-Specialty,Shingrix,Varicella-Zoster Ge/As01b/Pf,20,20,20,3189.09,15,#,,,,,#,
1679500086,Kessler,Frank,Brewster,NY,36,Internal Medicine,Claim-Specialty,Shingrix,Varicella-Zoster Ge/As01b/Pf,12,14,275,1838.46,,,12,14,1838.46,275,*,
1679503288,Morris,Geoffrey,Rochester,NY,36,Internal Medicine,Claim-Specialty,Shingrix,Varicella-Zoster Ge/As01b/Pf,19,19,135,3018.06,,,19,19,3018.06,135,*,
1679517619,Khan,Abdus,Hicksville,NY,36,Internal Medicine,Claim-Specialty,Boostrix Tdap,"Diphth,pertuss(Acell),tet Vac",23,23,690,1174.32,23,,23,23,1174.32,690,,23
1679519839,Herrmann,Diana,Rochester,NY,36,Family Practice,Claim-Specialty,Shingrix,Varicella-Zoster Ge/As01b/Pf,11,11,272,1881.84,,,11,11,1881.84,272,*,
1679521132,Wetterhahn,Joseph,Watertown,NY,36,Family Practice,Claim-Specialty,Shingrix,Varicella-Zoster Ge/As01b/Pf,67,72,623,10747.87,51,#,,,,,#,
1679530208,Miller,Linda,Bowmansville,NY,36,Nurse Practitioner,Claim-Specialty,Adacel Tdap,"Diph,pertuss(Acell),tet Vac/Pf",12,12,12,747.5,12,,12,12,747.5,12,,12
1679550412,Hoffman,Lisa,West Seneca,NY,36,Internal Medicine,Claim-Specialty,Adacel Tdap,"Diph,pertuss(Acell),tet Vac/Pf",11,11,11,667.49,11,*,,,,,*,
1679550412,Hoffman,Lisa,West Seneca,NY,36,Internal Medicine,Claim-Specialty,Shingrix,Varicella-Zoster Ge/As01b/Pf,57,63,558,8956.84,40,#,,,,,#,
1679552673,Springer,Sharon,Syracuse,NY,36,Internal Medicine,Claim-Specialty,Shingrix,Varicella-Zoster Ge/As01b/Pf,109,109,834,17590.19,73,#,,,,,#,
1679562664,Longbine,Debra,Derby,NY,36,Physician Assistant,Claim-Specialty,Boostrix Tdap,"Diphth,pertuss(Acell),tet Vac",20,20,49,1163.97,20,#,,,,,#,
1679570246,Zhang,Jian Wei,New York,NY,36,Internal Medicine,Claim-Specialty,Boostrix Tdap,"Diphth,pertuss(Acell),tet Vac",46,46,655,2179.21,45,#,,,,,#,
1679570246,Zhang,Jian Wei,New York,NY,36,Internal Medicine,Claim-Specialty,Shingrix,Varicella-Zoster Ge/As01b/Pf,43,80,2284,6093.93,35,#,,,,,#,
1679570246,Zhang,Jian Wei,New York,NY,36,Internal Medicine,Claim-Specialty,Zostavax,Zoster Vaccine Live/Pf,17,17,46,3645.36,17,,17,17,3645.36,46,,17
1679573646,Tolis,Arthur,Middletown,NY,36,Internal Medicine,Claim-Specialty,Shingrix,Varicella-Zoster Ge/As01b/Pf,15,15,190,2407.49,,,15,15,2407.49,190,*,
1679576383,Rie,Jonathan,White Plains,NY,36,Internal Medicine,Claim-Specialty,Shingrix,Varicella-Zoster Ge/As01b/Pf,21,21,195,3257.02,14,,21,21,3257.02,195,,14
1679622302,Healy,Deborah,Fishkill,NY,36,Certified Nurse Midwife,Claim-Specialty,Shingrix,Varicella-Zoster Ge/As01b/Pf,63,63,63,10052.94,51,,63,63,10052.94,63,,51
1679624811,O'connor,Kevin,Elmira,NY,36,Emergency Medicine,Claim-Specialty,Boostrix Tdap,"Diphth,pertuss(Acell),tet Vac",20,20,20,1192.46,20,#,,,,,#,
1679624811,O'connor,Kevin,Elmira,NY,36,Emergency Medicine,Claim-Specialty,Shingrix,Varicella-Zoster Ge/As01b/Pf,521,552,2588,83716.35,381,,475,504,76318.61,2387,,344
1679641617,Vanhusen,Mark,Liverpool,NY,36,Family Practice,Claim-Specialty,Adacel Tdap,"Diph,pertuss(Acell),tet Vac/Pf",17,17,365,1149.83,17,#,,,,,#,
1679642938,Andersen,Margaret,Valhalla,NY,36,Internal Medicine,Claim-Specialty,Shingrix,Varicella-Zoster Ge/As01b/Pf,11,11,69,2374.59,11,*,,,,,*,
1679646624,Smolow,Craig,New Hyde Park,NY,36,Internal Medicine,Claim-Specialty,Shingrix,Varicella-Zoster Ge/As01b/Pf,16,16,161,2362.09,11,,16,16,2362.09,161,,11
1679670400,Dichter,Robert,Bronx,NY,36,Internal Medicine,Claim-Specialty,Boostrix Tdap,"Diphth,pertuss(Acell),tet Vac",14,14,420,884.54,14,#,,,,,#,
1679808885,Sopchak,Mason,Dryden,NY,36,Family Practice,Claim-Specialty,Shingrix,Varicella-Zoster Ge/As01b/Pf,25,25,228,4191.72,15,#,,,,,#,
1679902241,Nunez,Cristian,Brooklyn,NY,36,Pediatric Medicine,NPPES-Specialty,Boostrix Tdap,"Diphth,pertuss(Acell),tet Vac",13,13,13,456.2,13,,13,13,456.2,13,,13
1679976682,Rodriguez,Idelka,Bronx,NY,36,Family Practice,Claim-Specialty,Shingrix,Varicella-Zoster Ge/As01b/Pf,15,15,73,2382.6,11,,15,15,2382.6,73,,11
1689006355,Boire,Kenneth,Mooers,NY,36,Pharmacist,NPPES-Taxonomy,Shingrix,Varicella-Zoster Ge/As01b/Pf,23,23,23,3798.01,18,,23,23,3798.01,23,,18
1689091274,Shats,Almira,Brooklyn,NY,36,Nurse Practitioner,Claim-Specialty,Adacel Tdap,"Diph,pertuss(Acell),tet Vac/Pf",15,15,131,751.79,15,*,,,,,*,
1689601601,Howe,Paul,Rochester,NY,36,Family Practice,Claim-Specialty,Shingrix,Varicella-Zoster Ge/As01b/Pf,41,41,419,6552.74,31,#,,,,,#,
1689601817,Bernstein,Scott,Pomona,NY,36,Internal Medicine,Claim-Specialty,Boostrix Tdap,"Diphth,pertuss(Acell),tet Vac",97,125,1459,5857.56,97,#,,,,,#,
1689601817,Bernstein,Scott,Pomona,NY,36,Internal Medicine,Claim-Specialty,Shingrix,Varicella-Zoster Ge/As01b/Pf,1173,1261,7293,190655.19,884,,1138,1222,184950.31,7022,,857
1689618498,Buchan,Debra,Manlius,NY,36,Internal Medicine,Claim-Specialty,Shingrix,Varicella-Zoster Ge/As01b/Pf,35,35,383,5597.71,23,#,,,,,#,
1689654840,Mcgowan,Joseph,Manhasset,NY,36,Infectious Disease,Claim-Specialty,Menactra,"Mening Vac A,c,y,w-135 Dip/Pf",18,18,47,2281.26,18,*,,,,,*,
1689654840,Mcgowan,Joseph,Manhasset,NY,36,Infectious Disease,Claim-Specialty,Shingrix,Varicella-Zoster Ge/As01b/Pf,46,46,46,6438.24,38,,28,28,3985.57,28,,24
1689655854,Goe,Eric,Glens Falls,NY,36,Family Practice,Claim-Specialty,Shingrix,Varicella-Zoster Ge/As01b/Pf,13,13,13,2111.29,,,13,13,2111.29,13,*,
1689665515,Dinapoli,Arthur,Woodstock,NY,36,Internal Medicine,Claim-Specialty,Shingrix,Varicella-Zoster Ge/As01b/Pf,30,31,263,4778.13,20,,30,31,4778.13,263,,20
1689674855,Zhou,Eric,New York,NY,36,Internal Medicine,Claim-Specialty,Shingrix,Varicella-Zoster Ge/As01b/Pf,71,75,1264,10393.34,58,,71,75,10393.34,1264,,58
1689674855,Zhou,Eric,New York,NY,36,Internal Medicine,Claim-Specialty,Zostavax,Zoster Vaccine Live/Pf,67,73,1465,14822.55,67,#,,,,,#,
1689687857,Koleini,Jahangir,West Seneca,NY,36,Family Practice,Claim-Specialty,Adacel Tdap,"Diph,pertuss(Acell),tet Vac/Pf",39,39,39,2415.82,39,,39,39,2415.82,39,,39
1689687857,Koleini,Jahangir,West Seneca,NY,36,Family Practice,Claim-Specialty,Shingrix,Varicella-Zoster Ge/As01b/Pf,11,11,11,1721.29,,,11,11,1721.29,11,*,
1689688541,Sawyer,John,Queensbury,NY,36,Internal Medicine,Claim-Specialty,Shingrix,Varicella-Zoster Ge/As01b/Pf,112,112,170,18022.66,71,#,,,,,#,
1689747248,Fader,Andrew,Dobbs Ferry,NY,36,Internal Medicine,Claim-Specialty,Shingrix,Varicella-Zoster Ge/As01b/Pf,14,14,43,2186.26,11,,14,14,2186.26,43,,11
1689754582,Robinson,Timothy,Bayside,NY,36,Family Practice,Claim-Specialty,Shingrix,Varicella-Zoster Ge/As01b/Pf,13,13,42,2108.24,11,,13,13,2108.24,42,,11
1689757643,Cohen,Michael,Great Neck,NY,36,Internal Medicine,Claim-Specialty,Shingrix,Varicella-Zoster Ge/As01b/Pf,16,16,74,2599.36,13,,16,16,2599.36,74,,13
1689768996,Phillips,Arnold,New York,NY,36,Pulmonary Disease,Claim-Specialty,Shingrix,Varicella-Zoster Ge/As01b/Pf,25,26,196,4109.32,20,,25,26,4109.32,196,,20
1689815961,David,Monica,Hempstead,NY,36,Internal Medicine,Claim-Specialty,Boostrix Tdap,"Diphth,pertuss(Acell),tet Vac",20,20,600,1036.8,20,#,,,,,#,
1689921934,Chen,Hong,Brooklyn,NY,36,Physician Assistant,NPPES-Specialty,Shingrix,Varicella-Zoster Ge/As01b/Pf,14,18,250,2078.78,,#,,,,,*,
1689923948,Yang,Jeff Fu-Lin,Brooklyn,NY,36,Internal Medicine,NPPES-Specialty,Zostavax,Zoster Vaccine Live/Pf,15,15,363,3335.16,15,#,,,,,#,
1689946691,Singh,Sakshi,Jackson Heights,NY,36,Internal Medicine,Claim-Specialty,Adacel Tdap,"Diph,pertuss(Acell),tet Vac/Pf",34,34,34,1564,34,#,,,,,#,
1699723353,Pusatier,Michael,Williamsville,NY,36,Family Practice,Claim-Specialty,Adacel Tdap,"Diph,pertuss(Acell),tet Vac/Pf",13,13,13,810.69,13,#,,,,,#,
1699731588,Caparaso,Darren,Orchard Park,NY,36,Family Practice,Claim-Specialty,Adacel Tdap,"Diph,pertuss(Acell),tet Vac/Pf",16,16,16,997.95,16,#,,,,,#,
1699731646,Seaford,John,Webster,NY,36,Internal Medicine,Claim-Specialty,Shingrix,Varicella-Zoster Ge/As01b/Pf,12,12,99,1994.5,,,12,12,1994.5,99,*,
1699736983,Cavanaugh,Patrick,Lake Success,NY,36,Internal Medicine,Claim-Specialty,Shingrix,Varicella-Zoster Ge/As01b/Pf,24,25,286,3861.17,19,#,,,,,#,
1699749879,Schreiber,William,N Syracuse,NY,36,Family Practice,Claim-Specialty,Shingrix,Varicella-Zoster Ge/As01b/Pf,52,52,81,8208.44,39,,52,52,8208.44,81,,39
1699775312,Burns,Patrick,Huntington,NY,36,Family Practice,Claim-Specialty,Shingrix,Varicella-Zoster Ge/As01b/Pf,12,12,99,1835.92,11,,12,12,1835.92,99,,11
1699886465,Nyer,Kenneth,Bronx,NY,36,Internal Medicine,Claim-Specialty,Shingrix,Varicella-Zoster Ge/As01b/Pf,106,111,776,17011.49,84,#,,,,,#,
1699971358,Aranda,Christina,New Hartford,NY,36,Family Practice,Claim-Specialty,Shingrix,Varicella-Zoster Ge/As01b/Pf,23,23,141,3703.32,15,,23,23,3703.32,141,,15
1700019320,Holtzman,Dvorah,New York,NY,36,Cardiology,Claim-Specialty,Shingrix,Varicella-Zoster Ge/As01b/Pf,15,19,309,2442.2,13,#,,,,,#,
1700107554,Schepker,Elizabeth,Brooklyn,NY,36,Family Practice,Claim-Specialty,Shingrix,Varicella-Zoster Ge/As01b/Pf,27,27,115,4466.86,21,#,,,,,#,
1700284841,Aye,Yin Yin,Brooklyn,NY,36,Internal Medicine,Claim-Specialty,Adacel Tdap,"Diph,pertuss(Acell),tet Vac/Pf",34,34,34,1564,34,,34,34,1564,34,,34
1700286424,Abalos,Kevin Alfred,Cambria Heights,NY,36,Physician Assistant,Claim-Specialty,Boostrix Tdap,"Diphth,pertuss(Acell),tet Vac",37,37,1081,1958.11,37,#,,,,,#,
1700818945,Iacobucci,James,Rochester,NY,36,Internal Medicine,Claim-Specialty,Shingrix,Varicella-Zoster Ge/As01b/Pf,42,42,477,6654.29,25,#,,,,,#,
1700820818,Curran,Robert,Malverne,NY,36,Internal Medicine,Claim-Specialty,Shingrix,Varicella-Zoster Ge/As01b/Pf,59,61,409,9533.45,50,#,,,,,#,
1700821766,Bernstein,Jeffrey,New Hyde Park,NY,36,Cardiology,Claim-Specialty,Shingrix,Varicella-Zoster Ge/As01b/Pf,16,18,163,2552.76,12,#,,,,,#,
1700828092,Martinez De Pimentel,Nadia,Jackson Heights,NY,36,Internal Medicine,Claim-Specialty,Shingrix,Varicella-Zoster Ge/As01b/Pf,15,18,192,2457.27,11,#,,,,,*,
1700832250,Cervantes,Jocelyn,New Hyde Park,NY,36,Internal Medicine,Claim-Specialty,Shingrix,Varicella-Zoster Ge/As01b/Pf,13,13,67,2053.31,11,,13,13,2053.31,67,,11
1700841756,Palumbo,Vito,Williamsville,NY,36,Family Practice,Claim-Specialty,Shingrix,Varicella-Zoster Ge/As01b/Pf,46,46,162,7165.4,29,,46,46,7165.4,162,,29
1700852647,Hellman,Gerard,New York,NY,36,Internal Medicine,NPPES-Specialty,Shingrix,Varicella-Zoster Ge/As01b/Pf,24,29,319,3478.08,20,,24,29,3478.08,319,,20
1700854643,Amendola-Sekinski,Paula,Bronx,NY,36,Family Practice,Claim-Specialty,Shingrix,Varicella-Zoster Ge/As01b/Pf,17,17,220,2596.67,12,#,,,,,#,
1700879368,Voelker,Frank,Williamsville,NY,36,Internal Medicine,Claim-Specialty,Adacel Tdap,"Diph,pertuss(Acell),tet Vac/Pf",21,21,21,1307.74,21,#,,,,,#,
1700879368,Voelker,Frank,Williamsville,NY,36,Internal Medicine,Claim-Specialty,Shingrix,Varicella-Zoster Ge/As01b/Pf,68,68,330,10714.06,45,#,,,,,#,
1700882883,Rahman,Jahangir,New York,NY,36,Internal Medicine,Claim-Specialty,Shingrix,Varicella-Zoster Ge/As01b/Pf,16,17,133,2806,12,,16,17,2806,133,,12
1700883899,Baltus,Michele,Huntington Station,NY,36,Family Practice,Claim-Specialty,Shingrix,Varicella-Zoster Ge/As01b/Pf,16,17,191,2419.89,13,,16,17,2419.89,191,,13
1700884434,Mohrer,Jonathan,Forest Hills,NY,36,Internal Medicine,Claim-Specialty,Shingrix,Varicella-Zoster Ge/As01b/Pf,66,70,561,10658.36,50,,66,70,10658.36,561,,50
1700890605,Priven,Nina,New York,NY,36,Internal Medicine,Claim-Specialty,Shingrix,Varicella-Zoster Ge/As01b/Pf,30,34,338,4772.07,23,,30,34,4772.07,338,,23
1700892635,Bloomgarden,Zachary,New York,NY,36,Internal Medicine,Claim-Specialty,Shingrix,Varicella-Zoster Ge/As01b/Pf,19,19,135,3142.33,14,#,,,,,#,
1700932761,Livelli,Frank,New York,NY,36,Cardiology,Claim-Specialty,Shingrix,Varicella-Zoster Ge/As01b/Pf,11,11,11,1803.85,,,11,11,1803.85,11,*,
1700970670,Rojas,Henry,Carmel,NY,36,Internal Medicine,Claim-Specialty,Boostrix Tdap,"Diphth,pertuss(Acell),tet Vac",42,42,361,2199.86,42,#,,,,,#,
1700970670,Rojas,Henry,Carmel,NY,36,Internal Medicine,Claim-Specialty,Shingrix,Varicella-Zoster Ge/As01b/Pf,623,636,6243,99814.88,432,,597,610,95695.63,6186,,413
1700976412,Yamada,Erika,Yorktown Heights,NY,36,Internal Medicine,Claim-Specialty,Shingrix,Varicella-Zoster Ge/As01b/Pf,14,20,397,2019.49,,,14,20,2019.49,397,*,
1700976982,Salako,Abayomi,Bronx,NY,36,Internal Medicine,Claim-Specialty,Shingrix,Varicella-Zoster Ge/As01b/Pf,19,21,166,3168.18,16,,19,21,3168.18,166,,16
1700986247,Levine,Randy,New York,NY,36,Internal Medicine,Claim-Specialty,Shingrix,Varicella-Zoster Ge/As01b/Pf,12,14,188,1979.92,,,12,14,1979.92,188,*,
1700987567,Bushkuhl,Paul,Kingston,NY,36,Internal Medicine,Claim-Specialty,Shingrix,Varicella-Zoster Ge/As01b/Pf,36,41,563,5641.99,24,#,,,,,#,
1710053145,Berger,Aaron,Brooklyn,NY,36,Cardiology,Claim-Specialty,Shingrix,Varicella-Zoster Ge/As01b/Pf,36,37,182,5764.43,31,,36,37,5764.43,182,,31
1710070933,Kostakos,Katherine,Bronx,NY,36,Internal Medicine,Claim-Specialty,Shingrix,Varicella-Zoster Ge/As01b/Pf,12,12,128,1889.19,,,12,12,1889.19,128,*,
1710078639,Rosenfeld,Sheri,Brooklyn,NY,36,Internal Medicine,Claim-Specialty,Shingrix,Varicella-Zoster Ge/As01b/Pf,12,13,129,1961.49,,,12,13,1961.49,129,*,
1710078993,Lee,Colleen,New York,NY,36,Internal Medicine,Claim-Specialty,Shingrix,Varicella-Zoster Ge/As01b/Pf,41,54,922,6854.56,33,,41,54,6854.56,922,,33
1710086830,Schiavone,John,Elmira,NY,36,Internal Medicine,Claim-Specialty,Shingrix,Varicella-Zoster Ge/As01b/Pf,23,23,23,3654.69,16,#,,,,,#,
1710092234,Tang,David,Yonkers,NY,36,Internal Medicine,Claim-Specialty,Shingrix,Varicella-Zoster Ge/As01b/Pf,23,23,371,3721.36,18,#,,,,,#,
1710139522,Mooney,Stacey,Rhinebeck,NY,36,Pharmacist,NPPES-Taxonomy,Shingrix,Varicella-Zoster Ge/As01b/Pf,39,39,97,6242.01,36,#,,,,,#,
1710198536,Tumuluri,Srilaxmi,Latham,NY,36,Internal Medicine,Claim-Specialty,Shingrix,Varicella-Zoster Ge/As01b/Pf,13,13,129,2414.88,12,#,,,,,#,
1710202544,Donovan,Jennifer,North Creek,NY,36,Family Practice,Claim-Specialty,Shingrix,Varicella-Zoster Ge/As01b/Pf,47,47,163,7608.04,30,#,,,,,#,
1710264056,Tacci,James,Rochester,NY,36,Preventive Medicine,NPPES-Specialty,Havrix,Hepatitis A Virus Vaccine/Pf,12,12,41,1117.77,12,,12,12,1117.77,41,,12
1710264056,Tacci,James,Rochester,NY,36,Preventive Medicine,NPPES-Specialty,Stamaril,Yellow Fever Vaccine Live/Pf,11,11,40,2255,11,,11,11,2255,40,,11
1710290515,Niyazov,Linda,Manhattan,NY,36,Physician Assistant,NPPES-Specialty,Shingrix,Varicella-Zoster Ge/As01b/Pf,46,46,46,7564.93,45,,46,46,7564.93,46,,45
1710911268,Beg,Mirza,Lockport,NY,36,Family Practice,Claim-Specialty,Shingrix,Varicella-Zoster Ge/As01b/Pf,114,114,230,18062.4,92,#,,,,,#,
1710921648,Brammer,Werner,Bath,NY,36,Family Practice,Claim-Specialty,Boostrix Tdap,"Diphth,pertuss(Acell),tet Vac",89,89,264,5425.68,89,#,,,,,#,
1710921648,Brammer,Werner,Bath,NY,36,Family Practice,Claim-Specialty,Shingrix,Varicella-Zoster Ge/As01b/Pf,1318,1323,2193,213230.75,925,,1237,1242,200046.53,2112,,865
1710921911,Arcuri,Joseph,New York,NY,36,Internal Medicine,Claim-Specialty,Shingrix,Varicella-Zoster Ge/As01b/Pf,34,45,688,5535.79,27,#,,,,,#,
1710925029,Bath,Surinder,Medina,NY,36,Internal Medicine,Claim-Specialty,Shingrix,Varicella-Zoster Ge/As01b/Pf,54,54,112,8540.59,32,#,,,,,#,
1710933940,Gross,Jeffrey,Mount Kisco,NY,36,Internal Medicine,Claim-Specialty,Shingrix,Varicella-Zoster Ge/As01b/Pf,42,44,218,6686.79,33,#,,,,,#,
1710941521,Aquino,Nicholas,Williamsville,NY,36,Internal Medicine,Claim-Specialty,Adacel Tdap,"Diph,pertuss(Acell),tet Vac/Pf",50,50,50,3107.51,50,#,,,,,#,
1710941521,Aquino,Nicholas,Williamsville,NY,36,Internal Medicine,Claim-Specialty,Shingrix,Varicella-Zoster Ge/As01b/Pf,15,15,73,2509.81,,,15,15,2509.81,73,*,
1710952759,Guzzardi,Thomas,Fishkill,NY,36,Internal Medicine,Claim-Specialty,Shingrix,Varicella-Zoster Ge/As01b/Pf,25,25,257,4712.26,17,,25,25,4712.26,257,,17
1710967971,Shifrin,Inna,Brooklyn,NY,36,Internal Medicine,Claim-Specialty,Shingrix,Varicella-Zoster Ge/As01b/Pf,11,11,40,1609.82,,*,,,,,*,
1710972013,Parker,Richard,Cohocton,NY,36,Family Practice,Claim-Specialty,Shingrix,Varicella-Zoster Ge/As01b/Pf,78,79,630,12314.29,48,#,,,,,#,
1710978812,Greisman,Stewart,New York,NY,36,Rheumatology,Claim-Specialty,Shingrix,Varicella-Zoster Ge/As01b/Pf,20,21,456,3271.36,18,,20,21,3271.36,456,,18
1710989314,De Lara,Francisco,Brooklyn,NY,36,Internal Medicine,Claim-Specialty,Shingrix,Varicella-Zoster Ge/As01b/Pf,16,16,16,2594.14,15,#,,,,,#,
1710991245,Chiu,Chinta,Flushing,NY,36,Internal Medicine,Claim-Specialty,Shingrix,Varicella-Zoster Ge/As01b/Pf,16,22,544,2335.85,13,,16,22,2335.85,544,,13
1720046576,Dilorenzo,Randolph,Syosset,NY,36,Internal Medicine,Claim-Specialty,Shingrix,Varicella-Zoster Ge/As01b/Pf,18,18,47,2761.53,15,,18,18,2761.53,47,,15
1720057599,Berke,Robert,Mayville,NY,36,Family Practice,Claim-Specialty,Shingrix,Varicella-Zoster Ge/As01b/Pf,21,21,195,3356.38,12,#,,,,,*,
1720058548,Carter,Lawrence,Great Neck,NY,36,Internal Medicine,Claim-Specialty,Shingrix,Varicella-Zoster Ge/As01b/Pf,15,15,15,2433.99,14,#,,,,,#,
1720065378,Brady,Brian,Scarsdale,NY,36,Internal Medicine,Claim-Specialty,Shingrix,Varicella-Zoster Ge/As01b/Pf,18,18,74,2956.55,14,#,,,,,#,
1720070808,Merecki,Eugene,Malta,NY,36,Family Practice,Claim-Specialty,Shingrix,Varicella-Zoster Ge/As01b/Pf,104,104,162,16685.64,85,,104,104,16685.64,162,,85
1720072465,Luvera,Vincent,Schenectady,NY,36,Family Practice,Claim-Specialty,Boostrix Tdap,"Diphth,pertuss(Acell),tet Vac",20,20,20,1194.71,20,#,,,,,#,
1720072465,Luvera,Vincent,Schenectady,NY,36,Family Practice,Claim-Specialty,Shingrix,Varicella-Zoster Ge/As01b/Pf,686,687,1180,110128.77,470,,644,644,103388.67,1050,,444
1720088081,Scrivani,Stephen,Williamsville,NY,36,Family Practice,Claim-Specialty,Shingrix,Varicella-Zoster Ge/As01b/Pf,19,19,135,2959.8,14,,19,19,2959.8,135,,14
1720099856,Vitale,Charlene,Rochester,NY,36,Internal Medicine,Claim-Specialty,Shingrix,Varicella-Zoster Ge/As01b/Pf,18,18,250,2863.82,11,,18,18,2863.82,250,,11
1720139124,Simons,Gerald,East Hampton,NY,36,Physician Assistant,NPPES-Specialty,Shingrix,Varicella-Zoster Ge/As01b/Pf,12,12,128,1723.46,11,#,,,,,*,
1720167356,Campanella,Jerry,Yonkers,NY,36,Internal Medicine,Claim-Specialty,Shingrix,Varicella-Zoster Ge/As01b/Pf,50,61,873,8220.44,38,#,,,,,#,
1720170269,Sipperly,Stephen,Albany,NY,36,Family Practice,Claim-Specialty,Boostrix Tdap,"Diphth,pertuss(Acell),tet Vac",31,31,176,1889.85,31,#,,,,,#,
1720170269,Sipperly,Stephen,Albany,NY,36,Family Practice,Claim-Specialty,Shingrix,Varicella-Zoster Ge/As01b/Pf,17,17,104,2791.78,12,#,,,,,#,
1720180003,Abate,Charles,Ossining,NY,36,Pulmonary Disease,Claim-Specialty,Shingrix,Varicella-Zoster Ge/As01b/Pf,12,12,161,1772.55,,,12,12,1772.55,161,*,
1720185358,Mccormick,Kevin,Rochester,NY,36,Internal Medicine,Claim-Specialty,Shingrix,Varicella-Zoster Ge/As01b/Pf,55,55,951,9425.12,36,,55,55,9425.12,951,,36
1720240617,Norton,Neal,Troy,NY,36,Physician Assistant,Claim-Specialty,Shingrix,Varicella-Zoster Ge/As01b/Pf,12,12,70,1925.02,,,12,12,1925.02,70,*,
1720266992,Khan,Mohammed,Port Chester,NY,36,Pharmacist,NPPES-Taxonomy,Shingrix,Varicella-Zoster Ge/As01b/Pf,37,37,37,5395.32,33,,37,37,5395.32,37,,33
1720521297,Stephens,Mackenzie,Poughkeepsie,NY,36,Pharmacist,NPPES-Taxonomy,Shingrix,Varicella-Zoster Ge/As01b/Pf,12,12,12,1967.62,12,*,,,,,*,
1730107574,Mullen,Michael,New York,NY,36,Infectious Disease,Claim-Specialty,Shingrix,Varicella-Zoster Ge/As01b/Pf,53,58,870,9758.68,37,,27,27,5683.05,317,,19
1730114620,Rothberger,Alan,Brooklyn,NY,36,Internal Medicine,Claim-Specialty,Shingrix,Varicella-Zoster Ge/As01b/Pf,23,23,303,3584.59,19,,23,23,3584.59,303,,19
1730135963,Silcoff,Howard,Dryden,NY,36,Family Practice,Claim-Specialty,Shingrix,Varicella-Zoster Ge/As01b/Pf,87,88,379,14397.08,51,#,,,,,#,
1730145343,Collins,Richard,Williamsville,NY,36,Internal Medicine,Claim-Specialty,Shingrix,Varicella-Zoster Ge/As01b/Pf,33,33,178,5190.93,19,,33,33,5190.93,178,,19
1730151507,Tallim,Gibran,Rome,NY,36,Family Practice,Claim-Specialty,Shingrix,Varicella-Zoster Ge/As01b/Pf,23,23,284,3658.12,18,,23,23,3658.12,284,,18
1730165457,Glowacki,Michael,Skaneateles,NY,36,Family Practice,Claim-Specialty,Shingrix,Varicella-Zoster Ge/As01b/Pf,30,32,235,4856.76,21,#,,,,,#,
1730181611,Hecker,Lawrence,New York,NY,36,Cardiology,Claim-Specialty,Shingrix,Varicella-Zoster Ge/As01b/Pf,11,11,40,1761.07,,,11,11,1761.07,40,*,
1730187196,Kinkhabwala,Rajiv,New York,NY,36,Internal Medicine,Claim-Specialty,Shingrix,Varicella-Zoster Ge/As01b/Pf,13,13,129,2063.87,,,13,13,2063.87,129,*,
1730190828,Framm,Stuart,New York,NY,36,Internal Medicine,Claim-Specialty,Shingrix,Varicella-Zoster Ge/As01b/Pf,14,14,43,2171.35,,,14,14,2171.35,43,*,
1730191297,Lavender,Marc,Rochester,NY,36,Internal Medicine,Claim-Specialty,Shingrix,Varicella-Zoster Ge/As01b/Pf,12,12,70,1918.4,,*,,,,,*,
1730204140,Gasparino,Joseph,Rochester,NY,36,Internal Medicine,Claim-Specialty,Shingrix,Varicella-Zoster Ge/As01b/Pf,100,100,1149,15946.68,58,,100,100,15946.68,1149,,58
1730261421,Bhatt,Jimmy,Somers,NY,36,Internal Medicine,Claim-Specialty,Shingrix,Varicella-Zoster Ge/As01b/Pf,29,29,58,4499.61,25,,29,29,4499.61,58,,25
1730280348,Fogel,Joyce,New York,NY,36,Internal Medicine,Claim-Specialty,Shingrix,Varicella-Zoster Ge/As01b/Pf,55,65,848,8725.04,40,,55,65,8725.04,848,,40
1730284308,Chan,Chun-Kit,New York,NY,36,Internal Medicine,Claim-Specialty,Zostavax,Zoster Vaccine Live/Pf,19,19,309,4236.35,19,,19,19,4236.35,309,,19
1730295155,Dhanoa,Pardeep,West Seneca,NY,36,Family Practice,Claim-Specialty,Shingrix,Varicella-Zoster Ge/As01b/Pf,54,54,171,8719.72,39,#,,,,,#,
1730362195,Sparks,Elizabeth,Baldwinsville,NY,36,Pharmacist,NPPES-Taxonomy,Shingrix,Varicella-Zoster Ge/As01b/Pf,15,15,15,2434.75,14,,15,15,2434.75,15,,14
1730442211,Abernathy,Veronica,Bronx,NY,36,Family Practice,Claim-Specialty,Adacel Tdap,"Diph,pertuss(Acell),tet Vac/Pf",27,27,27,1242,27,#,,,,,#,
1730493305,Lee,Shuk Ying,Flushing,NY,36,Nurse Practitioner,NPPES-Specialty,Shingrix,Varicella-Zoster Ge/As01b/Pf,11,13,216,1609.71,,,11,13,1609.71,216,*,
1740204445,Salik,James,New York,NY,36,Gastroenterology,Claim-Specialty,Shingrix,Varicella-Zoster Ge/As01b/Pf,21,21,108,3364.86,15,,21,21,3364.86,108,,15
1740211515,Stevens,Arthur,Schenectady,NY,36,Internal Medicine,Claim-Specialty,Shingrix,Varicella-Zoster Ge/As01b/Pf,19,19,135,3340.24,14,,19,19,3340.24,135,,14
1740228519,Lee,Hwasun,Elmhurst,NY,36,Internal Medicine,Claim-Specialty,Boostrix Tdap,"Diphth,pertuss(Acell),tet Vac",14,14,420,709.76,14,*,,,,,*,
1740234160,Fruchter,Alexander,Middletown,NY,36,Internal Medicine,Claim-Specialty,Shingrix,Varicella-Zoster Ge/As01b/Pf,24,24,24,3725.02,16,#,,,,,#,
1740249937,Meloni,Stephen,Rochester,NY,36,Internal Medicine,Claim-Specialty,Shingrix,Varicella-Zoster Ge/As01b/Pf,19,19,251,2882.18,11,,19,19,2882.18,251,,11
1740253954,George,Sandy,Rye,NY,36,Internal Medicine,Claim-Specialty,Shingrix,Varicella-Zoster Ge/As01b/Pf,17,17,191,2755.11,13,,17,17,2755.11,191,,13
1740256239,Zucker,Albert,Monroe,NY,36,Internal Medicine,Claim-Specialty,Shingrix,Varicella-Zoster Ge/As01b/Pf,22,22,80,3371.49,20,,22,22,3371.49,80,,20
1740256908,Naarendorp,Michael,New York,NY,36,Rheumatology,Claim-Specialty,Shingrix,Varicella-Zoster Ge/As01b/Pf,51,51,1472,7257.89,44,,40,40,5728.74,1142,#,
1740269000,Karetnick,Gerald,Nanuet,NY,36,Family Practice,Claim-Specialty,Shingrix,Varicella-Zoster Ge/As01b/Pf,13,13,13,2046.52,,*,,,,,*,
1740274604,Mitkoff,Nathan,Albany,NY,36,Internal Medicine,Claim-Specialty,Shingrix,Varicella-Zoster Ge/As01b/Pf,27,27,172,5224.58,24,#,,,,,#,
1740280171,Chen,Yanfeng,Brooklyn,NY,36,Internal Medicine,Claim-Specialty,Shingrix,Varicella-Zoster Ge/As01b/Pf,52,53,633,7453.16,45,#,,,,,#,
1740280171,Chen,Yanfeng,Brooklyn,NY,36,Internal Medicine,Claim-Specialty,Zostavax,Zoster Vaccine Live/Pf,14,14,275,3202.52,14,,14,14,3202.52,275,,14
1740286947,Noto,Rocco,Yorktown Heights,NY,36,Internal Medicine,Claim-Specialty,Shingrix,Varicella-Zoster Ge/As01b/Pf,14,16,132,2144.89,11,,14,16,2144.89,132,,11
1740376615,Darlow,Lloyd,Ithaca,NY,36,Family Practice,Claim-Specialty,Shingrix,Varicella-Zoster Ge/As01b/Pf,21,21,50,3375.57,13,#,,,,,#,
1740440155,Yiu,John,Brooklyn,NY,36,Family Practice,Claim-Specialty,Shingrix,Varicella-Zoster Ge/As01b/Pf,105,178,4528,15442.55,78,#,,,,,#,
1740440155,Yiu,John,Brooklyn,NY,36,Family Practice,Claim-Specialty,Zostavax,Zoster Vaccine Live/Pf,29,29,725,6516.87,29,,29,29,6516.87,725,,29
1740459106,Pekchi,Alan,Lawrence,NY,36,Pharmacist,NPPES-Taxonomy,Shingrix,Varicella-Zoster Ge/As01b/Pf,11,11,11,1601.93,11,,11,11,1601.93,11,,11
1740523216,Scotto,Kimberly,New York,NY,36,Internal Medicine,Claim-Specialty,Shingrix,Varicella-Zoster Ge/As01b/Pf,12,13,187,1927.33,,,12,13,1927.33,187,*,
1740556661,Suter,Zachary,Rochester,NY,36,Internal Medicine,Claim-Specialty,Shingrix,Varicella-Zoster Ge/As01b/Pf,20,22,254,3164.52,13,,20,22,3164.52,254,,13
1740627942,Campana,Paul,Kenmore,NY,36,Family Practice,Claim-Specialty,Shingrix,Varicella-Zoster Ge/As01b/Pf,14,15,104,2292.33,,#,,,,,*,
1740629112,Zhou,Zhigang,Bronx,NY,36,Internal Medicine,Claim-Specialty,Shingrix,Varicella-Zoster Ge/As01b/Pf,41,50,804,6003.19,38,#,,,,,#,
1740680875,Snow,Wesley,Fort Drum,NY,36,Pharmacist,NPPES-Taxonomy,Shingrix,Varicella-Zoster Ge/As01b/Pf,17,17,191,2747.48,12,,17,17,2747.48,191,,12
1750302576,Smirnov,Vladimir,Brooklyn,NY,36,Internal Medicine,Claim-Specialty,Shingrix,Varicella-Zoster Ge/As01b/Pf,12,20,426,1841.72,,,12,20,1841.72,426,*,
1750323291,Tussing,Gordon,Amherst,NY,36,Internal Medicine,Claim-Specialty,Shingrix,Varicella-Zoster Ge/As01b/Pf,40,40,156,6280.18,26,#,,,,,#,
1750325320,Love,Robert,Glens Falls,NY,36,Family Practice,Claim-Specialty,Shingrix,Varicella-Zoster Ge/As01b/Pf,100,100,158,16182.18,63,#,,,,,#,
1750332623,Corbalan,Francisco,Elmira,NY,36,Internal Medicine,Claim-Specialty,Shingrix,Varicella-Zoster Ge/As01b/Pf,20,20,20,3201.42,16,#,,,,,#,
1750339404,Chagla,Dilshad,Brooklyn,NY,36,Geriatric Medicine,Claim-Specialty,Shingrix,Varicella-Zoster Ge/As01b/Pf,13,13,158,2100.66,,,13,13,2100.66,158,*,
1750362984,Evanov,Frank,New Hyde Park,NY,36,Internal Medicine,Claim-Specialty,Shingrix,Varicella-Zoster Ge/As01b/Pf,37,37,530,6074.78,31,#,,,,,#,
1750363446,Filion,Paul,Glens Falls,NY,36,Family Practice,Claim-Specialty,Shingrix,Varicella-Zoster Ge/As01b/Pf,25,25,25,4078.39,15,,25,25,4078.39,25,,15
1750363446,Filion,Paul,Glens Falls,NY,36,Family Practice,Claim-Specialty,Tdvax,"Tetanus, Diphtheria Tox,adult",15,15,363,523.26,15,,15,15,523.26,363,,15
1750374401,Lee,Josephine,Albany,NY,36,Internal Medicine,Claim-Specialty,Shingrix,Varicella-Zoster Ge/As01b/Pf,15,15,73,2972.45,14,,15,15,2972.45,73,,14
1750384020,Beckman,Karen,East Syracuse,NY,36,Family Practice,Claim-Specialty,Shingrix,Varicella-Zoster Ge/As01b/Pf,12,12,12,1958.54,,#,,,,,*,
1750416913,Hart,Catherine,New York,NY,36,Internal Medicine,NPPES-Specialty,Shingrix,Varicella-Zoster Ge/As01b/Pf,23,27,288,3704.6,17,,23,27,3704.6,288,,17
1750451845,Blye,Ellen,New York,NY,36,Internal Medicine,Claim-Specialty,Shingrix,Varicella-Zoster Ge/As01b/Pf,50,54,362,8047.34,39,#,,,,,#,
1750510418,Noack,Annaliese,Elma,NY,36,Internal Medicine,Claim-Specialty,Adacel Tdap,"Diph,pertuss(Acell),tet Vac/Pf",14,14,14,870.03,14,#,,,,,#,
1750510848,Welch,John,Vestal,NY,36,Family Practice,Claim-Specialty,Shingrix,Varicella-Zoster Ge/As01b/Pf,34,36,212,5337.25,25,#,,,,,#,
1750533428,Yan,Henry,Flushing,NY,36,Internal Medicine,Claim-Specialty,Adacel Tdap,"Diph,pertuss(Acell),tet Vac/Pf",46,46,191,2105.73,45,#,,,,,#,
1750533428,Yan,Henry,Flushing,NY,36,Internal Medicine,Claim-Specialty,Shingrix,Varicella-Zoster Ge/As01b/Pf,20,24,459,3123.89,18,,20,24,3123.89,459,,18
1750533428,Yan,Henry,Flushing,NY,36,Internal Medicine,Claim-Specialty,Zostavax,Zoster Vaccine Live/Pf,37,37,327,7643.54,36,#,,,,,#,
1750671301,Son,Brian,Rochester,NY,36,Internal Medicine,Claim-Specialty,Shingrix,Varicella-Zoster Ge/As01b/Pf,53,54,750,8362.45,38,,53,54,8362.45,750,,38
1760415038,Zhu,Dening,New York,NY,36,Internal Medicine,Claim-Specialty,Boostrix Tdap,"Diphth,pertuss(Acell),tet Vac",16,16,103,717.05,16,,16,16,717.05,103,,16
1760415038,Zhu,Dening,New York,NY,36,Internal Medicine,Claim-Specialty,Shingrix,Varicella-Zoster Ge/As01b/Pf,112,146,2785,16287.35,77,#,,,,,#,
1760415038,Zhu,Dening,New York,NY,36,Internal Medicine,Claim-Specialty,Zostavax,Zoster Vaccine Live/Pf,19,19,164,4259.69,19,,19,19,4259.69,164,,19
1760419188,Tepper,Linda,Lake Success,NY,36,Internal Medicine,Claim-Specialty,Shingrix,Varicella-Zoster Ge/As01b/Pf,11,11,40,1811.37,,,11,11,1811.37,40,*,
1760421127,Wenacur,Russell,Troy,NY,36,Family Practice,Claim-Specialty,Shingrix,Varicella-Zoster Ge/As01b/Pf,16,16,16,3157.61,12,,16,16,3157.61,16,,12
1760428833,Coughlan,Margaret,Millbrook,NY,36,Family Practice,Claim-Specialty,Shingrix,Varicella-Zoster Ge/As01b/Pf,36,36,500,6228.3,25,,36,36,6228.3,500,,25
1760443618,Katz,Michael,Rensselaer,NY,36,Family Practice,Claim-Specialty,Shingrix,Varicella-Zoster Ge/As01b/Pf,48,48,77,9094.83,42,#,,,,,#,
1760449615,Carlson,Cynthia,Mattituck,NY,36,Family Practice,Claim-Specialty,Shingrix,Varicella-Zoster Ge/As01b/Pf,14,14,14,2215.67,12,,14,14,2215.67,14,,12
1760459036,Maendel,Nathan,Ulster Park,NY,36,Physician Assistant,Claim-Specialty,Shingrix,Varicella-Zoster Ge/As01b/Pf,26,26,519,3687.02,26,,26,26,3687.02,519,,26
1760461735,Jobes,Gregory,Orchard Park,NY,36,Internal Medicine,Claim-Specialty,Adacel Tdap,"Diph,pertuss(Acell),tet Vac/Pf",13,13,13,809.15,13,,13,13,809.15,13,,13
1760464473,Paolino,Charles,New York,NY,36,Internal Medicine,Claim-Specialty,Shingrix,Varicella-Zoster Ge/As01b/Pf,12,12,99,1838.42,,*,,,,,*,
1760465595,Kubersky,Steven,Scarsdale,NY,36,Internal Medicine,Claim-Specialty,Shingrix,Varicella-Zoster Ge/As01b/Pf,16,16,16,2519.22,,,16,16,2519.22,16,*,
1760484687,Kang,Byung,Flushing,NY,36,Family Practice,Claim-Specialty,Adacel Tdap,"Diph,pertuss(Acell),tet Vac/Pf",15,15,218,728.52,15,,15,15,728.52,218,,15
1760484687,Kang,Byung,Flushing,NY,36,Family Practice,Claim-Specialty,Shingrix,Varicella-Zoster Ge/As01b/Pf,682,1217,32530,114757.44,445,,667,1193,112473.04,31897,#,
1760489454,Garvey,Joseph,Fishkill,NY,36,Internal Medicine,Claim-Specialty,Shingrix,Varicella-Zoster Ge/As01b/Pf,13,13,13,2372.93,,,13,13,2372.93,13,*,
1760492680,Barats,Lev,Slingerlands,NY,36,Internal Medicine,Claim-Specialty,Shingrix,Varicella-Zoster Ge/As01b/Pf,88,89,613,14133.94,61,,88,89,14133.94,613,,61
1760496335,Sherman,Iris,Yonkers,NY,36,Internal Medicine,Claim-Specialty,Shingrix,Varicella-Zoster Ge/As01b/Pf,14,16,132,2088.82,,,14,16,2088.82,132,*,
1760525166,Ostrowski,Philip,West Seneca,NY,36,Physician Assistant,Claim-Specialty,Shingrix,Varicella-Zoster Ge/As01b/Pf,12,12,41,1899.34,,,12,12,1899.34,41,*,
1760548010,Nadig,Rashmi,Brooklyn,NY,36,Internal Medicine,Claim-Specialty,Adacel Tdap,"Diph,pertuss(Acell),tet Vac/Pf",18,18,18,828,18,,18,18,828,18,,18
1760572747,Ingarra,Thomas,Kingston,NY,36,Family Practice,Claim-Specialty,Boostrix Tdap,"Diphth,pertuss(Acell),tet Vac",14,14,14,857.78,14,#,,,,,#,
1760572747,Ingarra,Thomas,Kingston,NY,36,Family Practice,Claim-Specialty,Shingrix,Varicella-Zoster Ge/As01b/Pf,574,574,590,93463.85,514,,534,534,86934.66,549,,480
1760573299,Bernardini,Dennis,Huntington,NY,36,Internal Medicine,Claim-Specialty,Shingrix,Varicella-Zoster Ge/As01b/Pf,17,17,104,2996.45,17,,17,17,2996.45,104,,17
1760574891,Li-Hirashiki,Vivian,New York,NY,36,Family Practice,Claim-Specialty,Shingrix,Varicella-Zoster Ge/As01b/Pf,21,26,496,3007.55,18,,21,26,3007.55,496,,18
1760578330,Spaulding,Stephen,Montour Falls,NY,36,Family Practice,Claim-Specialty,Shingrix,Varicella-Zoster Ge/As01b/Pf,15,15,334,2412.18,,,15,15,2412.18,334,*,
1760671317,Ng,Stanley,New York,NY,36,Internal Medicine,Claim-Specialty,Shingrix,Varicella-Zoster Ge/As01b/Pf,17,21,423,2542.51,14,#,,,,,#,
1760741771,Katsman,Lina,Brooklyn,NY,36,Internal Medicine,Claim-Specialty,Boostrix Tdap,"Diphth,pertuss(Acell),tet Vac",15,15,450,777.6,15,#,,,,,#,
1770503393,Sosa,Alain,Elmhurst,NY,36,Internal Medicine,Claim-Specialty,Zostavax,Zoster Vaccine Live/Pf,13,13,13,2913.55,13,,13,13,2913.55,13,,13
1770508079,Dempsey,Michael,Riverhead,NY,36,Internal Medicine,Claim-Specialty,Shingrix,Varicella-Zoster Ge/As01b/Pf,11,11,69,1778.64,11,,11,11,1778.64,69,,11
1770533572,Samson,Israel,Cedarhurst,NY,36,Internal Medicine,Claim-Specialty,Shingrix,Varicella-Zoster Ge/As01b/Pf,58,58,812,9529.61,45,,58,58,9529.61,812,,45
1770535064,Ohri,Vipin,Warsaw,NY,36,General Practice,Claim-Specialty,Boostrix Tdap,"Diphth,pertuss(Acell),tet Vac",13,13,13,794.49,13,#,,,,,#,
1770535064,Ohri,Vipin,Warsaw,NY,36,General Practice,Claim-Specialty,Shingrix,Varicella-Zoster Ge/As01b/Pf,12,12,70,1928.85,,,12,12,1928.85,70,*,
1770540569,Weisenseel,Arthur,New York,NY,36,Cardiology,Claim-Specialty,Shingrix,Varicella-Zoster Ge/As01b/Pf,40,44,363,6516.17,31,,40,44,6516.17,363,,31
1770543068,Korpacz Fink,Mary,Islip,NY,36,Family Practice,Claim-Specialty,Shingrix,Varicella-Zoster Ge/As01b/Pf,11,11,40,1753.1,,,11,11,1753.1,40,*,
1770555088,Mandell,William,New York,NY,36,Infectious Disease,Claim-Specialty,Shingrix,Varicella-Zoster Ge/As01b/Pf,58,58,1334,9567.8,46,#,,,,,#,
1770563538,Okin,Stuart,Bayside,NY,36,Internal Medicine,Claim-Specialty,Shingrix,Varicella-Zoster Ge/As01b/Pf,36,36,326,5659.38,25,,36,36,5659.38,326,,25
1770566895,Friedman,Larry,Oceanside,NY,36,Internal Medicine,Claim-Specialty,Shingrix,Varicella-Zoster Ge/As01b/Pf,36,36,94,5729.69,26,,36,36,5729.69,94,,26
1770568719,Berger,Jack,Purchase,NY,36,Rheumatology,Claim-Specialty,Shingrix,Varicella-Zoster Ge/As01b/Pf,29,30,378,4834.47,22,#,,,,,#,
1770574055,Babitz,Lisa,New York,NY,36,Geriatric Medicine,Claim-Specialty,Shingrix,Varicella-Zoster Ge/As01b/Pf,25,26,577,4176.19,24,,25,26,4176.19,577,,24
1770579062,Fuks,Mikhail,New York,NY,36,Family Practice,Claim-Specialty,Shingrix,Varicella-Zoster Ge/As01b/Pf,13,13,274,1992.16,11,,13,13,1992.16,274,,11
1770580235,Bruinings,Yeahseon,Bayside,NY,36,Family Practice,Claim-Specialty,Shingrix,Varicella-Zoster Ge/As01b/Pf,40,41,563,6451.41,25,#,,,,,#,
1770581993,Zorich,Daniel,Niagara Falls,NY,36,Family Practice,Claim-Specialty,Shingrix,Varicella-Zoster Ge/As01b/Pf,78,78,339,12177,60,#,,,,,#,
1770582256,Salmon,Randie,Johnstown,NY,36,Nurse Practitioner,Claim-Specialty,Shingrix,Varicella-Zoster Ge/As01b/Pf,18,18,18,2811.86,16,#,,,,,#,
1770616864,Li,Xian Min,Brooklyn,NY,36,Internal Medicine,Claim-Specialty,Zostavax,Zoster Vaccine Live/Pf,24,24,53,5355.62,24,,24,24,5355.62,53,,24
1770637175,Balon,Ellen,Williamsville,NY,36,Nurse Practitioner,NPPES-Specialty,Shingrix,Varicella-Zoster Ge/As01b/Pf,12,12,41,1879.3,,,12,12,1879.3,41,*,
1770700445,Lopez,Cesar,Bronx,NY,36,Internal Medicine,Claim-Specialty,Adacel Tdap,"Diph,pertuss(Acell),tet Vac/Pf",31,31,31,1426,31,#,,,,,#,
1770882441,Karaga,Richard,West Seneca,NY,36,Family Practice,Claim-Specialty,Shingrix,Varicella-Zoster Ge/As01b/Pf,54,54,257,8603.75,40,#,,,,,#,
1770883787,Lu,Li,Brooklyn,NY,36,Internal Medicine,Claim-Specialty,Adacel Tdap,"Diph,pertuss(Acell),tet Vac/Pf",21,21,282,967.21,21,#,,,,,#,
1770883787,Lu,Li,Brooklyn,NY,36,Internal Medicine,Claim-Specialty,Zostavax,Zoster Vaccine Live/Pf,14,19,309,3220.07,14,,14,19,3220.07,309,,14
1780604868,Lee,Arthur,Schenectady,NY,36,Family Practice,Claim-Specialty,Shingrix,Varicella-Zoster Ge/As01b/Pf,14,14,101,2881.86,13,#,,,,,#,
1780608422,Tobias,Hillel,New York,NY,36,Gastroenterology,Claim-Specialty,Shingrix,Varicella-Zoster Ge/As01b/Pf,11,11,40,1722.88,,,11,11,1722.88,40,*,
1780613562,Gustin,Gabriel,Elmhurst,NY,36,Internal Medicine,Claim-Specialty,Zostavax,Zoster Vaccine Live/Pf,33,33,700,7404.87,33,#,,,,,#,
1780617142,Felberg,Claudia,Scarsdale,NY,36,Pulmonary Disease,Claim-Specialty,Shingrix,Varicella-Zoster Ge/As01b/Pf,21,21,50,3385.03,19,#,,,,,#,
1780617639,Jacobucci,Nicola,Brooklyn,NY,36,Family Practice,Claim-Specialty,Shingrix,Varicella-Zoster Ge/As01b/Pf,14,15,73,2091.9,,#,,,,,*,
1780623868,Zhao,Faith,New York,NY,36,Internal Medicine,Claim-Specialty,Boostrix Tdap,"Diphth,pertuss(Acell),tet Vac",100,106,1951,4558.57,98,#,,,,,#,
1780623868,Zhao,Faith,New York,NY,36,Internal Medicine,Claim-Specialty,Shingrix,Varicella-Zoster Ge/As01b/Pf,33,49,1151,4880.95,31,#,,,,,#,
1780623868,Zhao,Faith,New York,NY,36,Internal Medicine,Claim-Specialty,Zostavax,Zoster Vaccine Live/Pf,40,44,891,8772.64,39,#,,,,,#,
1780649517,Guo,Michael,New York,NY,36,Family Practice,Claim-Specialty,Shingrix,Varicella-Zoster Ge/As01b/Pf,14,15,160,2053.47,14,,14,15,2053.47,160,,14
1780654558,Huang,Yanhan,Brooklyn,NY,36,Internal Medicine,Claim-Specialty,Shingrix,Varicella-Zoster Ge/As01b/Pf,189,342,9419,27733.05,120,,189,342,27733.05,9419,,120
1780678169,Goddard,Bryan,Ravena,NY,36,Family Practice,Claim-Specialty,Shingrix,Varicella-Zoster Ge/As01b/Pf,29,29,145,5567.88,24,#,,,,,#,
1780682203,Trinh,Tuyen,New York,NY,36,Family Practice,Claim-Specialty,Boostrix Tdap,"Diphth,pertuss(Acell),tet Vac",20,20,426,875.71,20,#,,,,,#,
1780682203,Trinh,Tuyen,New York,NY,36,Family Practice,Claim-Specialty,Shingrix,Varicella-Zoster Ge/As01b/Pf,59,64,1398,8646.68,38,,59,64,8646.68,1398,,38
1780686568,Lesnewski,Ruth,New York,NY,36,Family Practice,Claim-Specialty,Shingrix,Varicella-Zoster Ge/As01b/Pf,13,15,160,2090.42,,,13,15,2090.42,160,*,
1780687236,Whitehead,Adam,Brewster,NY,36,Internal Medicine,Claim-Specialty,Shingrix,Varicella-Zoster Ge/As01b/Pf,11,13,129,1708.3,,,11,13,1708.3,129,*,
1780694489,Gellasch,Tara,Newark,NY,36,Obstetrics & Gynecology,Claim-Specialty,Shingrix,Varicella-Zoster Ge/As01b/Pf,90,90,931,14136.41,48,,90,90,14136.41,931,,48
1780698639,Annes,Lawrence,Bronxville,NY,36,Cardiology,Claim-Specialty,Shingrix,Varicella-Zoster Ge/As01b/Pf,12,12,12,1905.8,,,12,12,1905.8,12,*,
1780753038,Krempa,David,Jamestown,NY,36,Internal Medicine,Claim-Specialty,Shingrix,Varicella-Zoster Ge/As01b/Pf,104,106,2050,16768.66,66,#,,,,,#,
1780768598,Tolentino,Rommel,Castleton,NY,36,Internal Medicine,Claim-Specialty,Shingrix,Varicella-Zoster Ge/As01b/Pf,14,14,43,2303.27,11,#,,,,,*,
1780771592,Zuo,Hailiu,Elmhurst,NY,36,Internal Medicine,Claim-Specialty,Zostavax,Zoster Vaccine Live/Pf,13,13,129,2891.75,13,,13,13,2891.75,129,,13
1780772947,Lin,Yong,New York,NY,36,Internal Medicine,Claim-Specialty,Shingrix,Varicella-Zoster Ge/As01b/Pf,59,64,847,8421.4,58,,59,64,8421.4,847,,58
1780772947,Lin,Yong,New York,NY,36,Internal Medicine,Claim-Specialty,Zostavax,Zoster Vaccine Live/Pf,22,22,399,4939.54,22,,22,22,4939.54,399,,22
1780810697,Dyksterhouse,Robert,New York,NY,36,Internal Medicine,Claim-Specialty,Shingrix,Varicella-Zoster Ge/As01b/Pf,11,11,98,1746.59,,,11,11,1746.59,98,*,
1780837781,Hammond,Courtney,Jamestown,NY,36,Physician Assistant,Claim-Specialty,Shingrix,Varicella-Zoster Ge/As01b/Pf,21,21,166,3520.59,14,,21,21,3520.59,166,,14
1780843938,Lwin,Nyo,Brooklyn,NY,36,Internal Medicine,Claim-Specialty,Shingrix,Varicella-Zoster Ge/As01b/Pf,11,11,69,2006.94,,,11,11,2006.94,69,*,
1780862037,Nguyen,Catherine,Albany,NY,36,Internal Medicine,Claim-Specialty,Shingrix,Varicella-Zoster Ge/As01b/Pf,13,13,13,2045.92,,,13,13,2045.92,13,*,
1790070613,Schwartz,Carla,Rochester,NY,36,Internal Medicine,Claim-Specialty,Shingrix,Varicella-Zoster Ge/As01b/Pf,19,19,106,3019.51,12,,19,19,3019.51,106,,12
1790714962,Goris,Jose,New York,NY,36,Family Practice,Claim-Specialty,Boostrix Tdap,"Diphth,pertuss(Acell),tet Vac",190,190,4569,7907.7,188,,173,173,7153.86,4117,,171
1790714962,Goris,Jose,New York,NY,36,Family Practice,Claim-Specialty,Shingrix,Varicella-Zoster Ge/As01b/Pf,75,75,2164,10849.84,69,#,,,,,#,
1790714962,Goris,Jose,New York,NY,36,Family Practice,Claim-Specialty,Zostavax,Zoster Vaccine Live/Pf,104,104,2453,22895.4,102,,91,91,20053.89,2150,,89
1790726818,Caplin,Nina,Elmhurst,NY,36,Internal Medicine,Claim-Specialty,Shingrix,Varicella-Zoster Ge/As01b/Pf,78,84,751,12458.08,55,#,,,,,#,
1790728004,Kane,Michael,Hamburg,NY,36,Family Practice,Claim-Specialty,Adacel Tdap,"Diph,pertuss(Acell),tet Vac/Pf",11,11,11,685.85,11,*,,,,,*,
1790728004,Kane,Michael,Hamburg,NY,36,Family Practice,Claim-Specialty,Shingrix,Varicella-Zoster Ge/As01b/Pf,27,27,346,4133.2,18,#,,,,,#,
1790733681,Burke,Stephen,West Sayville,NY,36,Family Practice,Claim-Specialty,Boostrix Tdap,"Diphth,pertuss(Acell),tet Vac",11,11,208,507.14,,*,,,,,*,
1790740637,Wisnoski,Jennifer,Williamsville,NY,36,Family Practice,Claim-Specialty,Adacel Tdap,"Diph,pertuss(Acell),tet Vac/Pf",13,13,13,808.38,13,#,,,,,#,
1790744043,Strouse,Wayne,Penn Yan,NY,36,Family Practice,Claim-Specialty,Shingrix,Varicella-Zoster Ge/As01b/Pf,18,21,253,2852.72,12,,18,21,2852.72,253,,12
1790762730,Collins,Megan,New York,NY,36,Internal Medicine,Claim-Specialty,Shingrix,Varicella-Zoster Ge/As01b/Pf,23,26,374,3882.32,19,#,,,,,#,
1790776342,Samikkannu,Periasamy,Webster,NY,36,Internal Medicine,Claim-Specialty,Shingrix,Varicella-Zoster Ge/As01b/Pf,34,35,615,5681.05,22,,34,35,5681.05,615,,22
1790780724,Demaria,Michael,Glen Cove,NY,36,Gastroenterology,Claim-Specialty,Shingrix,Varicella-Zoster Ge/As01b/Pf,85,86,212,13979.21,73,,85,86,13979.21,212,,73
1790783157,Friedman,Jeffrey,New York,NY,36,Internal Medicine,Claim-Specialty,Shingrix,Varicella-Zoster Ge/As01b/Pf,125,155.6,2435,20076.35,83,#,,,,,#,
1790860492,Gair,Brian,Dobbs Ferry,NY,36,Family Practice,Claim-Specialty,Shingrix,Varicella-Zoster Ge/As01b/Pf,20,20,368,2978.69,15,,20,20,2978.69,368,,15
1790867794,Kaffenbarger,Kimberly,Elmira,NY,36,Internal Medicine,Claim-Specialty,Shingrix,Varicella-Zoster Ge/As01b/Pf,30,31,151,4836.52,19,#,,,,,#,
1790873073,Santini,Diana,New York,NY,36,Internal Medicine,Claim-Specialty,Shingrix,Varicella-Zoster Ge/As01b/Pf,63,69,736,10054.24,43,#,,,,,#,
1790884344,Buffa,Peter,Bethpage,NY,36,Internal Medicine,Claim-Specialty,Shingrix,Varicella-Zoster Ge/As01b/Pf,14,14,44,2387.79,14,,14,14,2387.79,44,,14
1801050117,Shnaidman,Clara,Amsterdam,NY,36,Internal Medicine,Claim-Specialty,Shingrix,Varicella-Zoster Ge/As01b/Pf,20,20,49,3192.71,15,#,,,,,#,
1801067707,Son,Mi Na,Flushing,NY,36,Internal Medicine,Claim-Specialty,Adacel Tdap,"Diph,pertuss(Acell),tet Vac/Pf",24,24,24,1104,24,#,,,,,#,
1801072954,Martin,Olga,Syracuse,NY,36,Nurse Practitioner,Claim-Specialty,Shingrix,Varicella-Zoster Ge/As01b/Pf,12,12,124,1942.86,,#,,,,,*,
1801107818,Wong,Kaitlyn,Bronx,NY,36,Internal Medicine,Claim-Specialty,Tdvax,"Tetanus, Diphtheria Tox,adult",13,13,390,613.88,13,,13,13,613.88,390,,13
1801107818,Wong,Kaitlyn,Bronx,NY,36,Internal Medicine,Claim-Specialty,Zostavax,Zoster Vaccine Live/Pf,15,15,102,3503.48,15,,15,15,3503.48,102,,15
1801155494,Ethier,Gloria,Saratoga Springs,NY,36,Family Practice,Claim-Specialty,Shingrix,Varicella-Zoster Ge/As01b/Pf,12,13,100,1917.56,,,12,13,1917.56,100,*,
1801191663,Thu,Aye,Brooklyn,NY,36,Internal Medicine,Claim-Specialty,Adacel Tdap,"Diph,pertuss(Acell),tet Vac/Pf",17,17,17,782,17,,17,17,782,17,,17
1801822333,Momot,Christopher,Penfield,NY,36,Family Practice,Claim-Specialty,Shingrix,Varicella-Zoster Ge/As01b/Pf,21,21,427,3243.45,12,,21,21,3243.45,427,,12
1801840467,Phillips,Leroy,Fishkill,NY,36,Family Practice,Claim-Specialty,Adacel Tdap,"Diph,pertuss(Acell),tet Vac/Pf",11,11,11,670.16,11,*,,,,,*,
1801840467,Phillips,Leroy,Fishkill,NY,36,Family Practice,Claim-Specialty,Shingrix,Varicella-Zoster Ge/As01b/Pf,310,310,522,50415.62,212,,294,294,47842.5,506,,200
1801857222,Ricker,Kerry,Ballston Lake,NY,36,Family Practice,Claim-Specialty,Shingrix,Varicella-Zoster Ge/As01b/Pf,12,12,41,1913.16,,,12,12,1913.16,41,*,
1801893318,Demuro,Rob,Elizabethtown,NY,36,Internal Medicine,Claim-Specialty,Shingrix,Varicella-Zoster Ge/As01b/Pf,19,19,77,3171.33,14,#,,,,,#,
1801893755,Melgar,Michael,Great Neck,NY,36,Internal Medicine,Claim-Specialty,Shingrix,Varicella-Zoster Ge/As01b/Pf,37,39,242,5924.02,32,,37,39,5924.02,242,,32
1801986500,Chen,Yuping,Flushing,NY,36,Internal Medicine,Claim-Specialty,Shingrix,Varicella-Zoster Ge/As01b/Pf,20,28,696,2907.11,20,,20,28,2907.11,696,,20
1801986500,Chen,Yuping,Flushing,NY,36,Internal Medicine,Claim-Specialty,Zostavax,Zoster Vaccine Live/Pf,58,58,609,12859.93,58,,58,58,12859.93,609,,58
1811060353,Martin,Thomas,Binghamton,NY,36,Family Practice,Claim-Specialty,Shingrix,Varicella-Zoster Ge/As01b/Pf,22,22,30,3683.58,14,,22,22,3683.58,30,,14
1811061104,Mathur,Anil,Williamsville,NY,36,Internal Medicine,Claim-Specialty,Shingrix,Varicella-Zoster Ge/As01b/Pf,12,12,70,1910.79,,#,,,,,*,
1811069925,Riegel,Norman,Howard Beach,NY,36,Cardiology,Claim-Specialty,Shingrix,Varicella-Zoster Ge/As01b/Pf,13,13,158,1953.86,13,#,,,,,#,
1811073935,Dorschug,Sarita,Brentwood,NY,36,Family Practice,Claim-Specialty,Shingrix,Varicella-Zoster Ge/As01b/Pf,16,16,74,2677.75,14,,16,16,2677.75,74,,14
1811077886,Murray,James,Saratoga Springs,NY,36,Family Practice,Claim-Specialty,Boostrix Tdap,"Diphth,pertuss(Acell),tet Vac",34,34,63,2073.66,34,#,,,,,#,
1811077886,Murray,James,Saratoga Springs,NY,36,Family Practice,Claim-Specialty,Shingrix,Varicella-Zoster Ge/As01b/Pf,3154,3154,4510,509255,2308,,3090,3090,498865.38,4445,,2263
1811097744,Jackson,Marilyn,New York,NY,36,Internal Medicine,Claim-Specialty,Shingrix,Varicella-Zoster Ge/As01b/Pf,15,15,15,2411.16,,,15,15,2411.16,15,*,
1811143639,Poppenberg Duquette,Kristin,Orchard Park,NY,36,Internal Medicine,Claim-Specialty,Shingrix,Varicella-Zoster Ge/As01b/Pf,25,25,25,3913.18,17,,25,25,3913.18,25,,17
1811285190,Quwatli,Waleed,Rochester,NY,36,Internal Medicine,Claim-Specialty,Shingrix,Varicella-Zoster Ge/As01b/Pf,19,19,309,2906.73,13,#,,,,,#,
1811908940,Blumberg,Stephen,Bronx,NY,36,Emergency Medicine,NPPES-Specialty,Shingrix,Varicella-Zoster Ge/As01b/Pf,26,26,26,4241.76,22,,26,26,4241.76,26,,22
1811911670,Friedlander,Charles,New York,NY,36,Gastroenterology,Claim-Specialty,Shingrix,Varicella-Zoster Ge/As01b/Pf,11,11,11,1826.36,,,11,11,1826.36,11,*,
1811926124,Shehata,Nady,Buffalo,NY,36,Internal Medicine,Claim-Specialty,Shingrix,Varicella-Zoster Ge/As01b/Pf,12,12,70,1911.9,,,12,12,1911.9,70,*,
1811926249,Oneil,David,Orchard Park,NY,36,Internal Medicine,Claim-Specialty,Boostrix Tdap,"Diphth,pertuss(Acell),tet Vac",19,19,106,1113.4,19,#,,,,,#,
1811926249,Oneil,David,Orchard Park,NY,36,Internal Medicine,Claim-Specialty,Shingrix,Varicella-Zoster Ge/As01b/Pf,83,83,402,13249.95,52,,83,83,13249.95,402,,52
1811928138,Chodock,Allen,Mamaroneck,NY,36,Internal Medicine,Claim-Specialty,Shingrix,Varicella-Zoster Ge/As01b/Pf,49,49,629,7339.72,34,,49,49,7339.72,629,,34
1811932890,Chaudhari,Neena,Smithtown,NY,36,Internal Medicine,Claim-Specialty,Shingrix,Varicella-Zoster Ge/As01b/Pf,11,12,186,1832.59,,*,,,,,*,
1811936081,Mitchell,Scott,Carthage,NY,36,Internal Medicine,Claim-Specialty,Shingrix,Varicella-Zoster Ge/As01b/Pf,23,24,227,3670.28,18,#,,,,,#,
1811959935,Nanavati,Digant,Syracuse,NY,36,Family Practice,Claim-Specialty,Shingrix,Varicella-Zoster Ge/As01b/Pf,20,22,225,3211.85,14,#,,,,,#,
1811972698,Ceccarelli,Silvio,Rye,NY,36,Internal Medicine,Claim-Specialty,Shingrix,Varicella-Zoster Ge/As01b/Pf,55,57,347,7930.18,42,,55,57,7930.18,347,,42
1811973456,Nelligan,Maureen,Yonkers,NY,36,Internal Medicine,Claim-Specialty,Shingrix,Varicella-Zoster Ge/As01b/Pf,20,21,137,3200.98,15,,20,21,3200.98,137,,15
1811976764,Wenglin,Barry,White Plains,NY,36,Internal Medicine,Claim-Specialty,Shingrix,Varicella-Zoster Ge/As01b/Pf,63,63,179,11350.12,52,,63,63,11350.12,179,,52
1811979438,Reeves,Robert,Glens Falls,NY,36,Family Practice,Claim-Specialty,Shingrix,Varicella-Zoster Ge/As01b/Pf,60,60,171,9619.54,45,#,,,,,#,
1811980485,Lindstrom,Jennifer,Latham,NY,36,Internal Medicine,Claim-Specialty,Shingrix,Varicella-Zoster Ge/As01b/Pf,16,17,135,2550.88,14,#,,,,,#,
1811990187,Hantverk,Jed,Hicksville,NY,36,Internal Medicine,Claim-Specialty,Shingrix,Varicella-Zoster Ge/As01b/Pf,15,17,191,2350.52,12,,15,17,2350.52,191,,12
1811990898,Mitchko,Michael,Canandaigua,NY,36,Internal Medicine,Claim-Specialty,Boostrix Tdap,"Diphth,pertuss(Acell),tet Vac",12,12,244,759.84,12,#,,,,,#,
1811990898,Mitchko,Michael,Canandaigua,NY,36,Internal Medicine,Claim-Specialty,Shingrix,Varicella-Zoster Ge/As01b/Pf,44,44,972,7352.66,37,,44,44,7352.66,972,,37
1821004698,Aguirre,Richard,Lakeville,NY,36,Family Practice,Claim-Specialty,Boostrix Tdap,"Diphth,pertuss(Acell),tet Vac",19,19,396,1174.66,19,#,,,,,#,
1821004698,Aguirre,Richard,Lakeville,NY,36,Family Practice,Claim-Specialty,Shingrix,Varicella-Zoster Ge/As01b/Pf,40,42,1231,6265.01,26,#,,,,,#,
1821011198,Halper,Peter,New York,NY,36,Internal Medicine,Claim-Specialty,Shingrix,Varicella-Zoster Ge/As01b/Pf,32,36,239,5249.07,26,,32,36,5249.07,239,,26
1821012105,Wagner,David,New York,NY,36,Internal Medicine,Claim-Specialty,Shingrix,Varicella-Zoster Ge/As01b/Pf,12,14,130,1889.36,,#,,,,,*,
1821025669,Reidy,Jill,Caledonia,NY,36,Family Practice,Claim-Specialty,Shingrix,Varicella-Zoster Ge/As01b/Pf,18,18,279,2878.25,13,#,,,,,#,
1821027384,Pitts,Shannon,Rochester,NY,36,Internal Medicine,Claim-Specialty,Shingrix,Varicella-Zoster Ge/As01b/Pf,26,26,229,4831.71,20,#,,,,,#,
1821050014,Garber,Holly,Pittsford,NY,36,Internal Medicine,Claim-Specialty,Boostrix Tdap,"Diphth,pertuss(Acell),tet Vac",11,11,69,763.99,11,,11,11,763.99,69,,11
1821053299,Chu-Wong,Amy,New York,NY,36,Internal Medicine,Claim-Specialty,Zostavax,Zoster Vaccine Live/Pf,35,35,615,7561.76,34,,35,35,7561.76,615,,34
1821063298,Brown,Sonya,Bronx,NY,36,Family Practice,Claim-Specialty,Adacel Tdap,"Diph,pertuss(Acell),tet Vac/Pf",17,17,17,782,17,,17,17,782,17,,17
1821070970,Heidelberger,Edwin,Springville,NY,36,Internal Medicine,Claim-Specialty,Adacel Tdap,"Diph,pertuss(Acell),tet Vac/Pf",11,11,11,683.72,11,,11,11,683.72,11,,11
1821073917,Martins,Publius,Staten Island,NY,36,Pulmonary Disease,Claim-Specialty,Shingrix,Varicella-Zoster Ge/As01b/Pf,11,11,11,1757.4,,,11,11,1757.4,11,*,
1821082009,Carguello,Patrick,Pulaski,NY,36,Family Practice,NPPES-Specialty,Boostrix Tdap,"Diphth,pertuss(Acell),tet Vac",11,11,272,768.94,11,*,,,,,*,
1821098047,Ehrenberg,Mitchell,Rochester,NY,36,Internal Medicine,Claim-Specialty,Shingrix,Varicella-Zoster Ge/As01b/Pf,12,12,186,1981.65,,,12,12,1981.65,186,*,
1821107517,Hill,Wendy,Penn Yan,NY,36,Nurse Practitioner,Claim-Specialty,Shingrix,Varicella-Zoster Ge/As01b/Pf,125,142,1998,20020.79,83,#,,,,,#,
1821140443,Kreiswirth,Stacy,New York,NY,36,Nurse Practitioner,NPPES-Specialty,Shingrix,Varicella-Zoster Ge/As01b/Pf,15,15,73,2510.03,,,15,15,2510.03,73,*,
1821162611,Luo,Anming,Brooklyn,NY,36,Internal Medicine,Claim-Specialty,Zostavax,Zoster Vaccine Live/Pf,24,24,372,5405.11,24,,24,24,5405.11,372,,24
1821187204,Gebhard,Paul,Saratoga Springs,NY,36,Internal Medicine,Claim-Specialty,Shingrix,Varicella-Zoster Ge/As01b/Pf,59,59,89,9668.06,50,,59,59,9668.06,89,,50
1821198953,Baskin,Cindy,New Hyde Park,NY,36,Internal Medicine,Claim-Specialty,Shingrix,Varicella-Zoster Ge/As01b/Pf,24,28,260,3763.85,15,,24,28,3763.85,260,,15
1821214180,Mann,Gary,Alfred,NY,36,Nurse Practitioner,Claim-Specialty,Shingrix,Varicella-Zoster Ge/As01b/Pf,19,19,77,2917.62,13,,19,19,2917.62,77,,13
1821250036,Hung,Lingpin,Flushing,NY,36,Internal Medicine,Claim-Specialty,Shingrix,Varicella-Zoster Ge/As01b/Pf,26,38,937,3808.48,18,#,,,,,#,
1821251323,Stahl Balaban,Celeste,Middleport,NY,36,Internal Medicine,Claim-Specialty,Shingrix,Varicella-Zoster Ge/As01b/Pf,16,16,16,2498.95,,,16,16,2498.95,16,*,
1821353970,Bao,Dashi,Flushing,NY,36,Internal Medicine,Claim-Specialty,Adacel Tdap,"Diph,pertuss(Acell),tet Vac/Pf",17,17,133,768.65,16,,17,17,768.65,133,,16
1821353970,Bao,Dashi,Flushing,NY,36,Internal Medicine,Claim-Specialty,Shingrix,Varicella-Zoster Ge/As01b/Pf,17,29,727,2324.03,14,#,,,,,#,
1821368390,Song,Xiaoyan,Flushing,NY,36,Internal Medicine,Claim-Specialty,Zostavax,Zoster Vaccine Live/Pf,37,37,704,9118.28,37,#,,,,,#,
1831103555,Blood,Suzanne,Queensbury,NY,36,Internal Medicine,Claim-Specialty,Shingrix,Varicella-Zoster Ge/As01b/Pf,31,33,178,5064.84,25,,31,33,5064.84,178,,25
1831115104,Shapiro,Scott,Rockville Centre,NY,36,Internal Medicine,Claim-Specialty,Shingrix,Varicella-Zoster Ge/As01b/Pf,43,43,217,6858.85,33,,43,43,6858.85,217,,33
1831115880,Croen,Kenneth,Harrison,NY,36,Internal Medicine,Claim-Specialty,Shingrix,Varicella-Zoster Ge/As01b/Pf,30,32,324,4653.97,25,,30,32,4653.97,324,,25
1831128206,Schnakenberg,Eric,Halfmoon,NY,36,Family Practice,Claim-Specialty,Shingrix,Varicella-Zoster Ge/As01b/Pf,14,14,246,2733.12,,#,,,,,*,
1831134865,D'agostino,Ronald,Lake Success,NY,36,Cardiology,Claim-Specialty,Shingrix,Varicella-Zoster Ge/As01b/Pf,11,11,11,1763.11,,,11,11,1763.11,11,*,
1831140276,Pfau,Kristen,Skaneateles,NY,36,Family Practice,Claim-Specialty,Shingrix,Varicella-Zoster Ge/As01b/Pf,17,19,193,2664.75,11,,17,19,2664.75,193,,11
1831156447,Cleary,Kevin,Depew,NY,36,Internal Medicine,Claim-Specialty,Adacel Tdap,"Diph,pertuss(Acell),tet Vac/Pf",11,11,214,732.88,11,,11,11,732.88,214,,11
1831156447,Cleary,Kevin,Depew,NY,36,Internal Medicine,Claim-Specialty,Shingrix,Varicella-Zoster Ge/As01b/Pf,19,19,309,3209.47,13,#,,,,,#,
1831166206,Gupta,Brijendra,Lockport,NY,36,Family Practice,Claim-Specialty,Shingrix,Varicella-Zoster Ge/As01b/Pf,38,38,125,5943.1,29,#,,,,,#,
1831166271,Chun,Audrey,New York,NY,36,Geriatric Medicine,Claim-Specialty,Shingrix,Varicella-Zoster Ge/As01b/Pf,38,38,208,6088.21,26,,38,38,6088.21,208,,26
1831173798,Hashmi,Mohammed,Staten Island,NY,36,Psychiatry & Neurology,NPPES-Taxonomy,Shingrix,Varicella-Zoster Ge/As01b/Pf,23,23,81,3653.45,21,#,,,,,#,
1831181981,David,Jose,Albany,NY,36,Family Practice,Claim-Specialty,Shingrix,Varicella-Zoster Ge/As01b/Pf,14,14,43,2233.37,,,14,14,2233.37,43,*,
1831196898,Nguyen,Dustin,New York,NY,36,Internal Medicine,Claim-Specialty,Shingrix,Varicella-Zoster Ge/As01b/Pf,1012,1149.4,23653,146070.6,554,,982,1114.4,141768.63,23038,,538
1831197441,Howard,Elizabeth,Valatie,NY,36,Internal Medicine,Claim-Specialty,Shingrix,Varicella-Zoster Ge/As01b/Pf,11,11,11,1900.61,11,,11,11,1900.61,11,,11
1831203991,Silverman,Warren,Latham,NY,36,Preventive Medicine,NPPES-Specialty,Adacel Tdap,"Diph,pertuss(Acell),tet Vac/Pf",13,13,100,804.06,13,#,,,,,#,
1831203991,Silverman,Warren,Latham,NY,36,Preventive Medicine,NPPES-Specialty,Boostrix Tdap,"Diphth,pertuss(Acell),tet Vac",94,94,297,5422.31,93,#,,,,,#,
1831203991,Silverman,Warren,Latham,NY,36,Preventive Medicine,NPPES-Specialty,Shingrix,Varicella-Zoster Ge/As01b/Pf,3149,3171,15856,497704.62,2066,,3012,3033,475955.77,14992,,1974
1831239391,Park,Daniel,Woodside,NY,36,Family Practice,Claim-Specialty,Shingrix,Varicella-Zoster Ge/As01b/Pf,14,17,307,2389.81,13,#,,,,,#,
1831253244,Poon,Tze,New York,NY,36,Internal Medicine,Claim-Specialty,Boostrix Tdap,"Diphth,pertuss(Acell),tet Vac",20,20,281,844.07,19,#,,,,,#,
1831253244,Poon,Tze,New York,NY,36,Internal Medicine,Claim-Specialty,Shingrix,Varicella-Zoster Ge/As01b/Pf,32,38,589,4721.93,27,#,,,,,#,
1831253244,Poon,Tze,New York,NY,36,Internal Medicine,Claim-Specialty,Zostavax,Zoster Vaccine Live/Pf,18,20,310,4017.3,18,,18,20,4017.3,310,,18
1831273762,Gaylord,James,Ballston Lake,NY,36,Internal Medicine,Claim-Specialty,Shingrix,Varicella-Zoster Ge/As01b/Pf,35,35,296,6809.27,26,,35,35,6809.27,296,,26
1831367515,Singla,Vikas,Williamsville,NY,36,Internal Medicine,Claim-Specialty,Shingrix,Varicella-Zoster Ge/As01b/Pf,14,14,14,2203.27,,,14,14,2203.27,14,*,
1831465558,Wang,Hongyin,New York,NY,36,Internal Medicine,Claim-Specialty,Zostavax,Zoster Vaccine Live/Pf,54,54,721,12493.92,54,#,,,,,#,
1841213022,Vanheukelum,Bradley,Rochester,NY,36,Family Practice,Claim-Specialty,Shingrix,Varicella-Zoster Ge/As01b/Pf,23,23,458,4098.29,16,#,,,,,#,
1841222577,Leva,Paul,Northport,NY,36,Internal Medicine,Claim-Specialty,Shingrix,Varicella-Zoster Ge/As01b/Pf,13,13,13,2122.27,12,*,,,,,*,
1841231057,Huang,Zheng-Bo,Flushing,NY,36,Geriatric Medicine,Claim-Specialty,Boostrix Tdap,"Diphth,pertuss(Acell),tet Vac",33,33,265,1651.22,31,,33,33,1651.22,265,,31
1841231057,Huang,Zheng-Bo,Flushing,NY,36,Geriatric Medicine,Claim-Specialty,Shingrix,Varicella-Zoster Ge/As01b/Pf,64,112,2925,10804.46,52,,64,112,10804.46,2925,,52
1841241361,Lamb,Anna,Batavia,NY,36,Family Practice,Claim-Specialty,Shingrix,Varicella-Zoster Ge/As01b/Pf,34,35,93,5351.69,21,#,,,,,#,
1841252103,Shalhoub,Robert,New York,NY,36,Internal Medicine,Claim-Specialty,Shingrix,Varicella-Zoster Ge/As01b/Pf,12,12,70,1854.46,,,12,12,1854.46,70,*,
1841260908,Cemaletin,Nevber,New York,NY,36,Cardiology,Claim-Specialty,Shingrix,Varicella-Zoster Ge/As01b/Pf,11,15,247,1701.78,,,11,15,1701.78,247,*,
1841269172,Brown,Stephen,East Syracuse,NY,36,Obstetrics & Gynecology,Claim-Specialty,Shingrix,Varicella-Zoster Ge/As01b/Pf,35,35,441,5716.78,30,,35,35,5716.78,441,,30
1841286382,Bowman,Ralph,Port Jervis,NY,36,Internal Medicine,Claim-Specialty,Shingrix,Varicella-Zoster Ge/As01b/Pf,20,20.7,214,3119.48,15,,20,20.7,3119.48,214,,15
1841299526,Brenner,David,Manhasset,NY,36,Internal Medicine,Claim-Specialty,Shingrix,Varicella-Zoster Ge/As01b/Pf,22,22,255,3449,16,,22,22,3449,255,,16
1841375037,Chang,Steve,Flushing,NY,36,Internal Medicine,Claim-Specialty,Boostrix Tdap,"Diphth,pertuss(Acell),tet Vac",11,11,69,458.99,,,11,11,458.99,69,*,
1841375037,Chang,Steve,Flushing,NY,36,Internal Medicine,Claim-Specialty,Shingrix,Varicella-Zoster Ge/As01b/Pf,15,17,279,2183.87,,#,,,,,*,
1841383064,Sanger,Heidi,Eastchester,NY,36,Internal Medicine,Claim-Specialty,Shingrix,Varicella-Zoster Ge/As01b/Pf,30,31,147,4772.56,22,,30,31,4772.56,147,,22
1841383064,Sanger,Heidi,Eastchester,NY,36,Internal Medicine,Claim-Specialty,Vaqta,Hepatitis A Virus Vaccine/Pf,15,15,421,1465.96,15,#,,,,,#,
1841453057,Aziz,Farzana,Smithtown,NY,36,Internal Medicine,Claim-Specialty,Shingrix,Varicella-Zoster Ge/As01b/Pf,12,12,12,1896.72,11,,12,12,1896.72,12,,11
1841466703,Yang,Liming,Brooklyn,NY,36,Family Practice,Claim-Specialty,Shingrix,Varicella-Zoster Ge/As01b/Pf,55,55,171,9321.36,31,,55,55,9321.36,171,,31
1841511342,Lalley-Demong,Vanessa,Fayetteville,NY,36,Family Practice,Claim-Specialty,Shingrix,Varicella-Zoster Ge/As01b/Pf,19,19,222,3162.32,13,#,,,,,#,
1841521986,Aungier,Monica,Syracuse,NY,36,Registered Nurse,NPPES-Taxonomy,Shingrix,Varicella-Zoster Ge/As01b/Pf,12,12,128,2029.9,11,#,,,,,*,
1841721982,Yuan,Yanyi,Brooklyn,NY,36,Nurse Practitioner,NPPES-Specialty,Zostavax,Zoster Vaccine Live/Pf,12,12,215,2703.15,12,,12,12,2703.15,215,,12
1851313118,Weber,Barbara,Rochester,NY,36,Internal Medicine,Claim-Specialty,Shingrix,Varicella-Zoster Ge/As01b/Pf,16,16,132,2520.85,11,,16,16,2520.85,132,,11
1851320204,Deiss,Katharine,Rochester,NY,36,Internal Medicine,Claim-Specialty,Shingrix,Varicella-Zoster Ge/As01b/Pf,19,19,309,3042.08,13,#,,,,,#,
1851320212,Allen,Judith,Rochester,NY,36,Internal Medicine,Claim-Specialty,Shingrix,Varicella-Zoster Ge/As01b/Pf,12,12,186,1864.79,,,12,12,1864.79,186,*,
1851321855,Khishchenko,Larisa,Rochester,NY,36,Internal Medicine,Claim-Specialty,Adacel Tdap,"Diph,pertuss(Acell),tet Vac/Pf",23,23,458,1569.36,23,#,,,,,#,
1851321855,Khishchenko,Larisa,Rochester,NY,36,Internal Medicine,Claim-Specialty,Boostrix Tdap,"Diphth,pertuss(Acell),tet Vac",20,20,223,1257.1,20,,20,20,1257.1,223,,20
1851321855,Khishchenko,Larisa,Rochester,NY,36,Internal Medicine,Claim-Specialty,Shingrix,Varicella-Zoster Ge/As01b/Pf,102,102,1987,17043.03,78,#,,,,,#,
1851362594,Lewis,Paulette,Horseheads,NY,36,Internal Medicine,Claim-Specialty,Shingrix,Varicella-Zoster Ge/As01b/Pf,40,40,214,6702.22,32,#,,,,,#,
1851368732,Jander,Lucia,Ithaca,NY,36,Internal Medicine,Claim-Specialty,Shingrix,Varicella-Zoster Ge/As01b/Pf,14,14,192,2265.06,,,14,14,2265.06,192,*,
1851387682,Warchol,Anna,Staten Island,NY,36,Internal Medicine,Claim-Specialty,Shingrix,Varicella-Zoster Ge/As01b/Pf,12,12,99,1932.12,,#,,,,,*,
1851442198,Horbar,Gary,New York,NY,36,Internal Medicine,Claim-Specialty,Shingrix,Varicella-Zoster Ge/As01b/Pf,15,15,160,2383.75,13,,15,15,2383.75,160,,13
1851456669,Wang,Jyming,Flushing,NY,36,Internal Medicine,Claim-Specialty,Boostrix Tdap,"Diphth,pertuss(Acell),tet Vac",32,32,699,1999.91,32,,32,32,1999.91,699,,32
1851456669,Wang,Jyming,Flushing,NY,36,Internal Medicine,Claim-Specialty,Shingrix,Varicella-Zoster Ge/As01b/Pf,13,13,361,1927.05,11,,13,13,1927.05,361,,11
1851470058,Marder,Galina,New Hyde Park,NY,36,Rheumatology,Claim-Specialty,Shingrix,Varicella-Zoster Ge/As01b/Pf,44,53,1172,6255.04,31,,32,37,4588.31,781,#,
1851480164,Morrison,Donna,Briarcliff Manor,NY,36,Internal Medicine,Claim-Specialty,Shingrix,Varicella-Zoster Ge/As01b/Pf,35,35,151,5479.44,29,#,,,,,#,
1851493217,Schuller,Alan,Huntington,NY,36,Internal Medicine,Claim-Specialty,Shingrix,Varicella-Zoster Ge/As01b/Pf,18,18,134,2879.34,13,#,,,,,#,
1851534465,Del Pilar,Alberto,Oswego,NY,36,Family Practice,Claim-Specialty,Boostrix Tdap,"Diphth,pertuss(Acell),tet Vac",16,16,219,950.24,16,#,,,,,#,
1851534465,Del Pilar,Alberto,Oswego,NY,36,Family Practice,Claim-Specialty,Shingrix,Varicella-Zoster Ge/As01b/Pf,24,24,140,3853.61,18,#,,,,,#,
1851539415,Martinez,Dianik,Richmond Hill,NY,36,Family Practice,NPPES-Specialty,Boostrix Tdap,"Diphth,pertuss(Acell),tet Vac",11,11,330,396.4,11,,11,11,396.4,330,,11
1851546097,Karam-Bayoumi,Rania,Lackawanna,NY,36,Family Practice,Claim-Specialty,Adacel Tdap,"Diph,pertuss(Acell),tet Vac/Pf",11,11,127,722.18,11,*,,,,,*,
1851546097,Karam-Bayoumi,Rania,Lackawanna,NY,36,Family Practice,Claim-Specialty,Boostrix Tdap,"Diphth,pertuss(Acell),tet Vac",11,11,127,689.25,11,*,,,,,*,
1851559041,Einav,Eldad,Vestal,NY,36,Cardiology,Claim-Specialty,Boostrix Tdap,"Diphth,pertuss(Acell),tet Vac",125,125,183,7384.76,125,,113,113,6679.89,171,,113
1851559041,Einav,Eldad,Vestal,NY,36,Cardiology,Claim-Specialty,Shingrix,Varicella-Zoster Ge/As01b/Pf,2221,2221,2946,358996.9,1486,,2087,2087,337165.5,2725,,1392
1851792931,Garza,Lisa,Middleport,NY,36,Pharmacist,NPPES-Taxonomy,Shingrix,Varicella-Zoster Ge/As01b/Pf,109,109,2603,17906.42,66,#,,,,,#,
1851792931,Garza,Lisa,Middleport,NY,36,Pharmacist,NPPES-Taxonomy,Stamaril,Yellow Fever Vaccine Live/Pf,16,16,422,2680.96,16,#,,,,,#,
1851830491,Kim,Joungran,Bronx,NY,36,Nurse Practitioner,NPPES-Specialty,Shingrix,Varicella-Zoster Ge/As01b/Pf,50,72,1435,7599.07,36,,50,72,7599.07,1435,,36
1851844476,Wayne,Faith,Buffalo,NY,36,Nurse Practitioner,Claim-Specialty,Shingrix,Varicella-Zoster Ge/As01b/Pf,14,14,14,2194.89,14,,14,14,2194.89,14,,14
1861411365,Furman,Alice,New York,NY,36,Internal Medicine,Claim-Specialty,Shingrix,Varicella-Zoster Ge/As01b/Pf,26,26,490,4359.56,18,,26,26,4359.56,490,,18
1861414021,Sulik,Sandra,Fayetteville,NY,36,Family Practice,Claim-Specialty,Shingrix,Varicella-Zoster Ge/As01b/Pf,14,14,246,2356.77,13,,14,14,2356.77,246,,13
1861426413,Sullivan,Jay,Pulaski,NY,36,Family Practice,Claim-Specialty,Shingrix,Varicella-Zoster Ge/As01b/Pf,93,97,1252,14410.85,68,#,,,,,#,
1861439879,Danaher,Patricia,Lockport,NY,36,Family Practice,Claim-Specialty,Shingrix,Varicella-Zoster Ge/As01b/Pf,11,11,11,1750.44,,*,,,,,*,
1861440711,Vazquez,Raul,Buffalo,NY,36,Family Practice,Claim-Specialty,Shingrix,Varicella-Zoster Ge/As01b/Pf,66,73,595,10472.9,42,#,,,,,#,
1861447369,Howson,Mary,Dryden,NY,36,Family Practice,Claim-Specialty,Shingrix,Varicella-Zoster Ge/As01b/Pf,16,16,74,2591.02,11,,16,16,2591.02,74,,11
1861456196,Wu,Rex,New York,NY,36,Internal Medicine,Claim-Specialty,Boostrix Tdap,"Diphth,pertuss(Acell),tet Vac",35,44,1030,1521.43,35,#,,,,,#,
1861456196,Wu,Rex,New York,NY,36,Internal Medicine,Claim-Specialty,Shingrix,Varicella-Zoster Ge/As01b/Pf,291,335,7324,41784.95,226,#,,,,,#,
1861456196,Wu,Rex,New York,NY,36,Internal Medicine,Claim-Specialty,Zostavax,Zoster Vaccine Live/Pf,16,22,399,3667.71,16,,16,22,3667.71,399,,16
1861456642,Deberny,David,Orchard Park,NY,36,Internal Medicine,Claim-Specialty,Shingrix,Varicella-Zoster Ge/As01b/Pf,87,87,290,13680.04,56,#,,,,,#,
1861471716,Moshman,Eliot,White Plains,NY,36,Internal Medicine,Claim-Specialty,Shingrix,Varicella-Zoster Ge/As01b/Pf,96,100,883,15534.2,70,,96,100,15534.2,883,,70
1861489312,Reese,Andrew,Waterloo,NY,36,Family Practice,Claim-Specialty,Shingrix,Varicella-Zoster Ge/As01b/Pf,42,42,176,6773.98,29,#,,,,,#,
1861498248,Cope,Kevin,Broadalbin,NY,36,Family Practice,Claim-Specialty,Shingrix,Varicella-Zoster Ge/As01b/Pf,25,28,202,3916.6,18,#,,,,,#,
1861498602,Mead,John-Paul,Ithaca,NY,36,Internal Medicine,Claim-Specialty,Shingrix,Varicella-Zoster Ge/As01b/Pf,41,41,244,6647.7,26,#,,,,,#,
1861552333,Providence,Nydia,New York,NY,36,Internal Medicine,Claim-Specialty,Shingrix,Varicella-Zoster Ge/As01b/Pf,55,55,548,8886.36,43,#,,,,,#,
1861568685,Aponte,Alex,Westhampton Beach,NY,36,Family Practice,Claim-Specialty,Shingrix,Varicella-Zoster Ge/As01b/Pf,41,45,480,7135.77,38,#,,,,,#,
1861573768,Lefland,Renee,Garden City,NY,36,Internal Medicine,Claim-Specialty,Shingrix,Varicella-Zoster Ge/As01b/Pf,37,39,329,5951.75,31,,37,39,5951.75,329,,31
1861578197,Blum,David,New Rochelle,NY,36,Endocrinology,Claim-Specialty,Shingrix,Varicella-Zoster Ge/As01b/Pf,62,67,269,10040.22,45,,62,67,10040.22,269,,45
1861581670,Lantigua,Rafael,New York,NY,36,Internal Medicine,Claim-Specialty,Shingrix,Varicella-Zoster Ge/As01b/Pf,25,25,228,3789.85,21,#,,,,,#,
1861659997,Ramirez,Amparo,Bronx,NY,36,Internal Medicine,NPPES-Specialty,Shingrix,Varicella-Zoster Ge/As01b/Pf,16,18,308,2409.85,15,,16,18,2409.85,308,,15
1861659997,Ramirez,Amparo,Bronx,NY,36,Internal Medicine,NPPES-Specialty,Zostavax,Zoster Vaccine Live/Pf,50,50,806,10829.78,50,#,,,,,#,
1861682098,Rodriguez,Victor,Syracuse,NY,36,Physician Assistant,Claim-Specialty,Boostrix Tdap,"Diphth,pertuss(Acell),tet Vac",15,15,15,909.93,15,#,,,,,#,
1861682098,Rodriguez,Victor,Syracuse,NY,36,Physician Assistant,Claim-Specialty,Shingrix,Varicella-Zoster Ge/As01b/Pf,233,233,666,37594.12,162,,217,217,34955.12,650,,151
1861741209,Aung,Su,New York,NY,36,Internal Medicine,Claim-Specialty,Shingrix,Varicella-Zoster Ge/As01b/Pf,68,83,1446,10850.54,48,,68,83,10850.54,1446,,48
1861765331,Wild,Christine,Olean,NY,36,Nurse Practitioner,Claim-Specialty,Shingrix,Varicella-Zoster Ge/As01b/Pf,23,23,110,3677.19,18,,23,23,3677.19,110,,18
1861788929,Fike,Holly,Liverpool,NY,36,Nurse Practitioner,Claim-Specialty,Shingrix,Varicella-Zoster Ge/As01b/Pf,21,21,79,3427.21,14,,21,21,3427.21,79,,14
1861800351,Baker,Brandii,Greenwich,NY,36,Nurse Practitioner,Claim-Specialty,Shingrix,Varicella-Zoster Ge/As01b/Pf,11,11,70,1760.73,,,11,11,1760.73,70,*,
1861869950,Williams,Ashley,Plattsburgh,NY,36,Physician Assistant,Claim-Specialty,Shingrix,Varicella-Zoster Ge/As01b/Pf,19,19,19,3119.03,15,,19,19,3119.03,19,,15
1871047951,Inglis,Nicholas,Buffalo,NY,36,Pharmacist,NPPES-Taxonomy,Shingrix,Varicella-Zoster Ge/As01b/Pf,37,37,37,5998.27,31,,37,37,5998.27,37,,31
1871512517,Nguyen,Dang,New York,NY,36,Nephrology,Claim-Specialty,Shingrix,Varicella-Zoster Ge/As01b/Pf,11,12,157,1676.77,,*,,,,,*,
1871520700,Monserrate,Nicole,Delmar,NY,36,Internal Medicine,Claim-Specialty,Shingrix,Varicella-Zoster Ge/As01b/Pf,13,14,188,2368.66,,#,,,,,*,
1871522243,Campbell,Thomas,Rochester,NY,36,Internal Medicine,Claim-Specialty,Boostrix Tdap,"Diphth,pertuss(Acell),tet Vac",19,19,19,1108.52,19,#,,,,,#,
1871522243,Campbell,Thomas,Rochester,NY,36,Internal Medicine,Claim-Specialty,Shingrix,Varicella-Zoster Ge/As01b/Pf,28,29,290,4389.75,17,,28,29,4389.75,290,,17
1871545665,Shenoy,Narayana,W Seneca,NY,36,Internal Medicine,Claim-Specialty,Shingrix,Varicella-Zoster Ge/As01b/Pf,17,17,191,2686.68,12,#,,,,,#,
1871558825,Leone,John,Williamsville,NY,36,Internal Medicine,Claim-Specialty,Shingrix,Varicella-Zoster Ge/As01b/Pf,17,17,133,2624.6,,#,,,,,*,
1871571513,Lurie,Preston,Rye Brook,NY,36,Internal Medicine,Claim-Specialty,Shingrix,Varicella-Zoster Ge/As01b/Pf,30,34,527,4841.2,21,#,,,,,#,
1871573378,Deahn,Dale,Arcade,NY,36,Family Practice,Claim-Specialty,Shingrix,Varicella-Zoster Ge/As01b/Pf,57,57,927,9617.02,35,#,,,,,#,
1871586354,Bennett,Stanford,Yorktown Heights,NY,36,Internal Medicine,Claim-Specialty,Shingrix,Varicella-Zoster Ge/As01b/Pf,21,23,197,3302.7,13,,21,23,3302.7,197,,13
1871591040,Shea,Patricia,Niagara Falls,NY,36,Nurse Practitioner,Claim-Specialty,Shingrix,Varicella-Zoster Ge/As01b/Pf,17,17,17,2717.84,12,,17,17,2717.84,17,,12
1871591321,Porder,Joseph,New York,NY,36,Cardiology,Claim-Specialty,Shingrix,Varicella-Zoster Ge/As01b/Pf,22,22,80,3553.63,17,,22,22,3553.63,80,,17
1871591461,Pitaro,Gregory,New York,NY,36,Internal Medicine,Claim-Specialty,Shingrix,Varicella-Zoster Ge/As01b/Pf,18,18,143,2875.57,15,,18,18,2875.57,143,,15
1871594234,Coveney,Carolyn,Manlius,NY,36,Family Practice,Claim-Specialty,Boostrix Tdap,"Diphth,pertuss(Acell),tet Vac",12,12,41,725.89,12,,12,12,725.89,41,,12
1871594234,Coveney,Carolyn,Manlius,NY,36,Family Practice,Claim-Specialty,Shingrix,Varicella-Zoster Ge/As01b/Pf,49,49,368,7946.91,35,#,,,,,#,
1871645648,Cho,Won,Brooklyn,NY,36,Internal Medicine,Claim-Specialty,Adacel Tdap,"Diph,pertuss(Acell),tet Vac/Pf",17,17,46,774.05,17,#,,,,,#,
1871645648,Cho,Won,Brooklyn,NY,36,Internal Medicine,Claim-Specialty,Shingrix,Varicella-Zoster Ge/As01b/Pf,11,14,188,1594.69,,,11,14,1594.69,188,*,
1871655944,Zhou,Zhu-Ping,Flushing,NY,36,Internal Medicine,Claim-Specialty,Shingrix,Varicella-Zoster Ge/As01b/Pf,129,356,10071,19024.45,112,,129,356,19024.45,10071,,112
1871655944,Zhou,Zhu-Ping,Flushing,NY,36,Internal Medicine,Claim-Specialty,Zostavax,Zoster Vaccine Live/Pf,48,50,920,8417.95,47,#,,,,,#,
1871661462,Nolan,Michael,Liverpool,NY,36,General Practice,Claim-Specialty,Adacel Tdap,"Diph,pertuss(Acell),tet Vac/Pf",11,11,243,752.37,11,*,,,,,*,
1871662379,Jean-Francois,T.,Brooklyn,NY,36,Internal Medicine,NPPES-Specialty,Zostavax,Zoster Vaccine Live/Pf,25,29,754,5695.14,24,#,,,,,#,
1871735050,Banayan,Emil,New York,NY,36,Internal Medicine,Claim-Specialty,Adacel Tdap,"Diph,pertuss(Acell),tet Vac/Pf",35,35,35,1610,35,#,,,,,#,
1871751925,Maier,Craig,Delmar,NY,36,Family Practice,Claim-Specialty,Shingrix,Varicella-Zoster Ge/As01b/Pf,16,16,132,3042.69,11,,16,16,3042.69,132,,11
1871779330,Zacharski,Lidia,Glen Cove,NY,36,Nurse Practitioner,Claim-Specialty,Shingrix,Varicella-Zoster Ge/As01b/Pf,60,102.3,2924,9625.72,45,#,,,,,#,
1871851659,Gomez,Elisheva,Elmhurst,NY,36,Physician Assistant,NPPES-Specialty,Shingrix,Varicella-Zoster Ge/As01b/Pf,19,20,339,2940.22,16,#,,,,,#,
1871858787,Bekan-Homawoo,Brigitte,Saratoga Springs,NY,36,Family Practice,Claim-Specialty,Shingrix,Varicella-Zoster Ge/As01b/Pf,12,12,41,1959.75,,,12,12,1959.75,41,*,
1871886978,Leonard,Kyle,Queensbury,NY,36,Family Practice,Claim-Specialty,Shingrix,Varicella-Zoster Ge/As01b/Pf,28,28,28,4587.29,19,#,,,,,#,
1881026086,Dorobiala,Kimberly,Getzville,NY,36,Pharmacist,NPPES-Taxonomy,Shingrix,Varicella-Zoster Ge/As01b/Pf,30,30,30,4898.43,23,#,,,,,#,
1881609378,Sousou,Anthony,Rochester,NY,36,Internal Medicine,Claim-Specialty,Shingrix,Varicella-Zoster Ge/As01b/Pf,86,88,958,13616.11,51,#,,,,,#,
1881624443,Papa,Louis,Rochester,NY,36,Internal Medicine,Claim-Specialty,Boostrix Tdap,"Diphth,pertuss(Acell),tet Vac",20,20,78,1515.02,20,#,,,,,#,
1881624443,Papa,Louis,Rochester,NY,36,Internal Medicine,Claim-Specialty,Shingrix,Varicella-Zoster Ge/As01b/Pf,111,111,1445,17755.24,76,#,,,,,#,
1881629145,Plain,George,Rochester,NY,36,Internal Medicine,Claim-Specialty,Adacel Tdap,"Diph,pertuss(Acell),tet Vac/Pf",31,31,669,2119.49,31,#,,,,,#,
1881629145,Plain,George,Rochester,NY,36,Internal Medicine,Claim-Specialty,Shingrix,Varicella-Zoster Ge/As01b/Pf,202,204,3510,33881.71,132,#,,,,,#,
1881644920,Castilano,Sarah,East Syracuse,NY,36,Physician Assistant,Claim-Specialty,Shingrix,Varicella-Zoster Ge/As01b/Pf,16,16,75,2556.88,,#,,,,,*,
1881663904,Chin,Shu,New York,NY,36,Internal Medicine,Claim-Specialty,Shingrix,Varicella-Zoster Ge/As01b/Pf,16,28,724,2534.01,14,,16,28,2534.01,724,,14
1881663904,Chin,Shu,New York,NY,36,Internal Medicine,Claim-Specialty,Zostavax,Zoster Vaccine Live/Pf,39,39,503,8606.12,39,,39,39,8606.12,503,,39
1881679736,Chait,Maxwell,Hartsdale,NY,36,Gastroenterology,Claim-Specialty,Shingrix,Varicella-Zoster Ge/As01b/Pf,31,34,498,4941.15,22,,31,34,4941.15,498,,22
1881687358,Silverstein,David,Kenmore,NY,36,Family Practice,Claim-Specialty,Shingrix,Varicella-Zoster Ge/As01b/Pf,13,13,71,2073.63,11,*,,,,,*,
1881697423,Costley,Scott,Rosendale,NY,36,Family Practice,Claim-Specialty,Shingrix,Varicella-Zoster Ge/As01b/Pf,11,12,157,1785.02,,,11,12,1785.02,157,*,
1881716934,Eriksen,Roy,Nyack,NY,36,Internal Medicine,Claim-Specialty,Shingrix,Varicella-Zoster Ge/As01b/Pf,43,45,596,6946.41,32,,43,45,6946.41,596,,32
1881747848,Rajagopal,Latha,Bronx,NY,36,Internal Medicine,Claim-Specialty,Boostrix Tdap,"Diphth,pertuss(Acell),tet Vac",11,11,214,1168.93,11,*,,,,,*,
1881761864,Orszulak,Todd,Niagara Falls,NY,36,Internal Medicine,Claim-Specialty,Shingrix,Varicella-Zoster Ge/As01b/Pf,36,36,65,5556.71,31,#,,,,,#,
1881764108,Li,Jimmy,Woodhaven,NY,36,Podiatry,Claim-Specialty,Shingrix,Varicella-Zoster Ge/As01b/Pf,29,29,58,4735.21,25,#,,,,,#,
1881776581,Howard,Matthew,Katonah,NY,36,Internal Medicine,Claim-Specialty,Shingrix,Varicella-Zoster Ge/As01b/Pf,48,50,166,7651.79,36,,48,50,7651.79,166,,36
1881778694,Justa,Shelley,Halfmoon,NY,36,Family Practice,Claim-Specialty,Shingrix,Varicella-Zoster Ge/As01b/Pf,81,81,728,14509.43,64,,81,81,14509.43,728,,64
1881781987,Chin,Harold,New York,NY,36,Internal Medicine,Claim-Specialty,Shingrix,Varicella-Zoster Ge/As01b/Pf,76,82,662,12404.23,62,#,,,,,#,
1881783264,Walders,James,Troy,NY,36,Internal Medicine,Claim-Specialty,Shingrix,Varicella-Zoster Ge/As01b/Pf,22,22,51,3531.74,21,#,,,,,#,
1881788925,Eveleigh,Tricia,Cicero,NY,36,Nurse Practitioner,Claim-Specialty,Shingrix,Varicella-Zoster Ge/As01b/Pf,11,11,70,1785.18,,,11,11,1785.18,70,*,
1881824605,Gamarnik,Paul,Spring Valley,NY,36,Internal Medicine,Claim-Specialty,Shingrix,Varicella-Zoster Ge/As01b/Pf,25,25,228,3824.89,18,,25,25,3824.89,228,,18
1881907376,Ningthoujam,Sunita,Bronx,NY,36,Internal Medicine,Claim-Specialty,Shingrix,Varicella-Zoster Ge/As01b/Pf,21,21,253,3152.91,14,#,,,,,#,
1881987683,Dlugosz,Michael,Williamsville,NY,36,Family Practice,Claim-Specialty,Shingrix,Varicella-Zoster Ge/As01b/Pf,119,121,875,18635.54,75,#,,,,,#,
1881988384,Soroori Rad,Bahareh,Brooklyn,NY,36,Internal Medicine,Claim-Specialty,Adacel Tdap,"Diph,pertuss(Acell),tet Vac/Pf",11,11,11,506,11,*,,,,,*,
1891002580,Paidoussis,Demetrios,Plainview,NY,36,Family Practice,Claim-Specialty,Shingrix,Varicella-Zoster Ge/As01b/Pf,12,13,274,1896.78,,,12,13,1896.78,274,*,
1891018727,Mathur,Priyanka,Pleasant Valley,NY,36,Pharmacist,NPPES-Taxonomy,Shingrix,Varicella-Zoster Ge/As01b/Pf,12,12,12,1942.28,11,#,,,,,*,
1891069357,Agoha,Maureen,White Plains,NY,36,Nurse Practitioner,NPPES-Specialty,Shingrix,Varicella-Zoster Ge/As01b/Pf,41,41,99,7231.95,25,,21,21,3638.54,79,,13
1891108437,Serrano,Justin,Albany,NY,36,Pharmacist,NPPES-Taxonomy,Shingrix,Varicella-Zoster Ge/As01b/Pf,11,11,11,1819.28,11,*,,,,,*,
1891131439,Oh,Sangrok,Tonawanda,NY,36,Family Practice,Claim-Specialty,Shingrix,Varicella-Zoster Ge/As01b/Pf,16,16,74,2536.8,,#,,,,,*,
1891709937,Carlisle,Betsy,East Syracuse,NY,36,Physician Assistant,Claim-Specialty,Shingrix,Varicella-Zoster Ge/As01b/Pf,24,24,24,3917.95,23,#,,,,,#,
1891714028,Ruh,Jennifer,Orchard Park,NY,36,Family Practice,Claim-Specialty,Shingrix,Varicella-Zoster Ge/As01b/Pf,27,27,114,4267.65,19,,27,27,4267.65,114,,19
1891720058,Leung,Wai,Flushing,NY,36,Internal Medicine,Claim-Specialty,Shingrix,Varicella-Zoster Ge/As01b/Pf,65,89,1773,9998.36,48,,65,89,9998.36,1773,,48
1891722062,Mehta,Jagat,Rochester,NY,36,Internal Medicine,Claim-Specialty,Shingrix,Varicella-Zoster Ge/As01b/Pf,30,30,349,4699.42,18,,30,30,4699.42,349,,18
1891741658,Jacobowitz,Marilyn,Mount Kisco,NY,36,Internal Medicine,Claim-Specialty,Shingrix,Varicella-Zoster Ge/As01b/Pf,102,103,582,15565.65,76,#,,,,,#,
1891744314,Hambright,Maya,Kingston,NY,36,Family Practice,Claim-Specialty,Shingrix,Varicella-Zoster Ge/As01b/Pf,57,57,115,9224.17,35,,57,57,9224.17,115,,35
1891759056,Heller,Douglas,Lake Katrine,NY,36,Internal Medicine,Claim-Specialty,Shingrix,Varicella-Zoster Ge/As01b/Pf,16,18,221,2545.3,13,,16,18,2545.3,221,,13
1891772836,Ward,John,East Aurora,NY,36,Family Practice,Claim-Specialty,Shingrix,Varicella-Zoster Ge/As01b/Pf,27,27,27,4251.9,17,,27,27,4251.9,27,,17
1891774543,Cambareri,Joseph,Liverpool,NY,36,Family Practice,Claim-Specialty,Shingrix,Varicella-Zoster Ge/As01b/Pf,38,38,271,6037.23,27,,38,38,6037.23,271,,27
1891774998,Hilmi,Francesca,Kingston,NY,36,Family Practice,Claim-Specialty,Shingrix,Varicella-Zoster Ge/As01b/Pf,24,28,319,3857.16,18,,24,28,3857.16,319,,18
1891775425,Duggirala,Rudrama,Ozone Park,NY,36,Family Practice,Claim-Specialty,Shingrix,Varicella-Zoster Ge/As01b/Pf,17,17,17,2782.41,14,,17,17,2782.41,17,,14
1891778296,Rehman,Syed,Troy,NY,36,Internal Medicine,Claim-Specialty,Shingrix,Varicella-Zoster Ge/As01b/Pf,17,17,162,2798.3,12,#,,,,,*,
1891803037,Andes,Scott,Brooklyn,NY,36,Internal Medicine,Claim-Specialty,Shingrix,Varicella-Zoster Ge/As01b/Pf,19,19,77,2949.14,14,#,,,,,#,
1891812806,Huang,Qing Xiang,Brooklyn,NY,36,Nurse Practitioner,Claim-Specialty,Shingrix,Varicella-Zoster Ge/As01b/Pf,13,25,721,1905.92,,,13,25,1905.92,721,*,
1891880902,Meaney-Elman,Nora,Williamsville,NY,36,Family Practice,Claim-Specialty,Shingrix,Varicella-Zoster Ge/As01b/Pf,16,16,16,2544.4,,,16,16,2544.4,16,*,
1891892915,Witt,Marvin,New York,NY,36,Internal Medicine,Claim-Specialty,Shingrix,Varicella-Zoster Ge/As01b/Pf,40,40,301,6385.94,30,,40,40,6385.94,301,,30
1902194277,Cruz,Christina,New York,NY,36,Internal Medicine,Claim-Specialty,Shingrix,Varicella-Zoster Ge/As01b/Pf,15,19,251,2330.43,12,,15,19,2330.43,251,,12
1902822893,Shaw,Robin,Spencerport,NY,36,Nurse Practitioner,Claim-Specialty,Shingrix,Varicella-Zoster Ge/As01b/Pf,22,25,257,3421.94,13,#,,,,,#,
1902838071,Sullivan,Maura,Hudson,NY,36,Family Practice,Claim-Specialty,Shingrix,Varicella-Zoster Ge/As01b/Pf,30,31,350,4834.58,25,,30,31,4834.58,350,,25
1902867773,Cho,Richard,Yorktown Heights,NY,36,Internal Medicine,Claim-Specialty,Shingrix,Varicella-Zoster Ge/As01b/Pf,59,109,2516,12191.87,47,,59,109,12191.87,2516,,47
1902870355,Schiller,Bradford,Yonkers,NY,36,Internal Medicine,Claim-Specialty,Shingrix,Varicella-Zoster Ge/As01b/Pf,17,22,312,2647.63,,,17,22,2647.63,312,*,
1902903065,Moore,Thomas,New York,NY,36,Internal Medicine,Claim-Specialty,Boostrix Tdap,"Diphth,pertuss(Acell),tet Vac",16,16,451,811.44,16,#,,,,,#,
1902903065,Moore,Thomas,New York,NY,36,Internal Medicine,Claim-Specialty,Shingrix,Varicella-Zoster Ge/As01b/Pf,32,37.7,405,4865.81,26,,32,37.7,4865.81,405,,26
1902909476,Sheridan,Michael,Amsterdam,NY,36,Family Practice,Claim-Specialty,Shingrix,Varicella-Zoster Ge/As01b/Pf,17,18.7,127,2714.41,,,17,18.7,2714.41,127,*,
1902955768,Hwu,Charles,Flushing,NY,36,Internal Medicine,Claim-Specialty,Shingrix,Varicella-Zoster Ge/As01b/Pf,14,17,510,2061.84,,,14,17,2061.84,510,*,
1902993306,Healy,Deborah,Canandaigua,NY,36,Internal Medicine,Claim-Specialty,Boostrix Tdap,"Diphth,pertuss(Acell),tet Vac",108,110,342,6251.17,108,#,,,,,#,
1902993306,Healy,Deborah,Canandaigua,NY,36,Internal Medicine,Claim-Specialty,Shingrix,Varicella-Zoster Ge/As01b/Pf,1730,1742,3308,277549.24,1353,,1628,1640,261003.91,3090,,1283
1912014945,Yeung,Tsz-Yin,New York,NY,36,Family Practice,NPPES-Specialty,Shingrix,Varicella-Zoster Ge/As01b/Pf,22,36,993,3322.55,18,#,,,,,#,
1912078882,Feldfogel,Howard,New City,NY,36,Internal Medicine,Claim-Specialty,Shingrix,Varicella-Zoster Ge/As01b/Pf,15,15,160,2380.99,12,,15,15,2380.99,160,,12
1912119595,Win,Lwin,Whitesboro,NY,36,Internal Medicine,Claim-Specialty,Shingrix,Varicella-Zoster Ge/As01b/Pf,39,39,271,6258.13,29,,39,39,6258.13,271,,29
1912194069,Reiber,Stuart,Suffern,NY,36,Internal Medicine,Claim-Specialty,Shingrix,Varicella-Zoster Ge/As01b/Pf,38,39,155,6166.39,36,,38,39,6166.39,155,,36
1912295429,Regis,Nadine,Bronx,NY,36,Emergency Medicine,Claim-Specialty,Shingrix,Varicella-Zoster Ge/As01b/Pf,216,216,216,35631.53,150,,194,194,32023.45,194,,134
1912906710,Kushner,Hillary,Manhasset,NY,36,Internal Medicine,Claim-Specialty,Shingrix,Varicella-Zoster Ge/As01b/Pf,29,29,319,4704.25,23,,29,29,4704.25,319,,23
1912908203,Friedell,Benjamin,Oneonta,NY,36,Family Practice,Claim-Specialty,Shingrix,Varicella-Zoster Ge/As01b/Pf,69,69,1403,11309.91,41,#,,,,,#,
1912934647,Grewal,Diddarjit,Rochester,NY,36,Internal Medicine,Claim-Specialty,Shingrix,Varicella-Zoster Ge/As01b/Pf,103,103,784,16110.18,60,,103,103,16110.18,784,,60
1912940214,Matala-Sullivan,Maria,Hamburg,NY,36,Family Practice,Claim-Specialty,Shingrix,Varicella-Zoster Ge/As01b/Pf,21,21,224,3270.1,17,#,,,,,#,
1912944257,Lupenko,Alexander,Valley Stream,NY,36,Internal Medicine,NPPES-Specialty,Havrix,Hepatitis A Virus Vaccine/Pf,11,11,40,1069.68,11,*,,,,,*,
1912944257,Lupenko,Alexander,Valley Stream,NY,36,Internal Medicine,NPPES-Specialty,Typhim Vi,Typhoid Vi Polysacch Vaccine,19,19,77,2391.66,19,,19,19,2391.66,77,,19
1912944257,Lupenko,Alexander,Valley Stream,NY,36,Internal Medicine,NPPES-Specialty,Yf-Vax,Yellow Fever Vaccine Live/Pf,12,12,99,2172.56,12,#,,,,,#,
1912944398,Motiram,Savitri,New York,NY,36,Internal Medicine,Claim-Specialty,Boostrix Tdap,"Diphth,pertuss(Acell),tet Vac",16,16,480,831.44,16,#,,,,,#,
1912950858,Ratsenberg,Dmitriy,Brooklyn,NY,36,Internal Medicine,Claim-Specialty,Shingrix,Varicella-Zoster Ge/As01b/Pf,12,17,278,1798.69,11,,12,17,1798.69,278,,11
1912972423,Fish,Kenneth,Carthage,NY,36,Family Practice,Claim-Specialty,Shingrix,Varicella-Zoster Ge/As01b/Pf,17,17,104,2746.12,14,,17,17,2746.12,104,,14
1912974619,Ho,Elizabeth,Horseheads,NY,36,Internal Medicine,Claim-Specialty,Shingrix,Varicella-Zoster Ge/As01b/Pf,31,35,383,5126.49,22,#,,,,,#,
1912993098,De Witt,Eleanor,Penn Yan,NY,36,Internal Medicine,Claim-Specialty,Shingrix,Varicella-Zoster Ge/As01b/Pf,17,21,340,2576.05,,,17,21,2576.05,340,*,
1912996273,Chabot,Francis,Waterville,NY,36,Family Practice,Claim-Specialty,Shingrix,Varicella-Zoster Ge/As01b/Pf,24,24,82,3866.19,14,,24,24,3866.19,82,,14
1912997214,O'callaghan,Sally,New Hartford,NY,36,Nurse Practitioner,Claim-Specialty,Shingrix,Varicella-Zoster Ge/As01b/Pf,12,12,12,1868.86,11,#,,,,,*,
1922017805,Kearns Stanley,Margaret,New York,NY,36,Family Practice,Claim-Specialty,Shingrix,Varicella-Zoster Ge/As01b/Pf,22,22,341,3675.19,15,,22,22,3675.19,341,,15
1922024975,Reinitz,Elizabeth,Scarsdale,NY,36,Internal Medicine,Claim-Specialty,Shingrix,Varicella-Zoster Ge/As01b/Pf,17,17,133,2772.6,16,,17,17,2772.6,133,,16
1922046440,Alam,Suhaila,Brooklyn,NY,36,Anesthesiology,Claim-Specialty,Shingrix,Varicella-Zoster Ge/As01b/Pf,15,15,15,2435.14,12,,15,15,2435.14,15,,12
1922066539,Yih,Peggy,New York,NY,36,Internal Medicine,Claim-Specialty,Shingrix,Varicella-Zoster Ge/As01b/Pf,20,20,252,3664.74,17,#,,,,,#,
1922100213,Cao,Shimin,Flushing,NY,36,Internal Medicine,NPPES-Specialty,Shingrix,Varicella-Zoster Ge/As01b/Pf,40,59,1364,5704.97,30,#,,,,,#,
1922105642,Shah,Alan,New York,NY,36,Cardiology,Claim-Specialty,Shingrix,Varicella-Zoster Ge/As01b/Pf,17,20,223,2756.64,12,,17,20,2756.64,223,,12
1922195239,Kim,Kee,Flushing,NY,36,Internal Medicine,Claim-Specialty,Shingrix,Varicella-Zoster Ge/As01b/Pf,30,66,1835,4479.69,26,,30,66,4479.69,1835,,26
1922197300,Campagna,Kristine,Latham,NY,36,Family Practice,Claim-Specialty,Shingrix,Varicella-Zoster Ge/As01b/Pf,17,17,249,3056.22,13,,17,17,3056.22,249,,13
1922352111,Franck,Zsofia,Ithaca,NY,36,Nurse Practitioner,Claim-Specialty,Shingrix,Varicella-Zoster Ge/As01b/Pf,22,22,109,3539.22,11,#,,,,,*,
1932107885,Brown,Debra,Warsaw,NY,36,Nurse Practitioner,Claim-Specialty,Shingrix,Varicella-Zoster Ge/As01b/Pf,66,66,323,10500.89,46,#,,,,,#,
1932108834,Herrera,Nilo,Brewster,NY,36,Internal Medicine,Claim-Specialty,Shingrix,Varicella-Zoster Ge/As01b/Pf,11,11,272,1873.48,,,11,11,1873.48,272,*,
1932113669,Borgos,William,Queensbury,NY,36,Family Practice,Claim-Specialty,Shingrix,Varicella-Zoster Ge/As01b/Pf,116,116,198,18682.59,70,#,,,,,#,
1932122850,Basileo,Santo,Corona,NY,36,Internal Medicine,Claim-Specialty,Shingrix,Varicella-Zoster Ge/As01b/Pf,11,13,197,1801.73,,,11,13,1801.73,197,*,
1932129558,Hoffman,Margaret,New York,NY,36,Internal Medicine,Claim-Specialty,Shingrix,Varicella-Zoster Ge/As01b/Pf,20,21.9,192,3627.39,14,,20,21.9,3627.39,192,,14
1932137122,Peters,Nancy,Buffalo,NY,36,Internal Medicine,Claim-Specialty,Shingrix,Varicella-Zoster Ge/As01b/Pf,12,12,186,1878.94,,,12,12,1878.94,186,*,
1932279049,Webber,Richard,Plattsburgh,NY,36,Internal Medicine,Claim-Specialty,Shingrix,Varicella-Zoster Ge/As01b/Pf,22,22,136,3531.98,15,#,,,,,#,
1932506094,Li,Michelle,Flushing,NY,36,Physician Assistant,NPPES-Specialty,Boostrix Tdap,"Diphth,pertuss(Acell),tet Vac",13,13,100,702.75,13,,13,13,702.75,100,,13
1932506094,Li,Michelle,Flushing,NY,36,Physician Assistant,NPPES-Specialty,Shingrix,Varicella-Zoster Ge/As01b/Pf,29,40,881,4239.98,24,#,,,,,#,
1932526845,Aung,Myo Myo,New York,NY,36,Internal Medicine,Claim-Specialty,Shingrix,Varicella-Zoster Ge/As01b/Pf,22,22,486,3236.24,16,,22,22,3236.24,486,,16
1932540432,Korbeci,Bihter,Syracuse,NY,36,Family Practice,Claim-Specialty,Shingrix,Varicella-Zoster Ge/As01b/Pf,19,19,310,3095.39,16,#,,,,,#,
1942200209,Sinatra,Lawrence,Williamsville,NY,36,Family Practice,Claim-Specialty,Shingrix,Varicella-Zoster Ge/As01b/Pf,74,74,222,11915.74,47,,74,74,11915.74,222,,47
1942207600,Lin,Judy,Airmont,NY,36,Internal Medicine,Claim-Specialty,Shingrix,Varicella-Zoster Ge/As01b/Pf,75,79,494,11497.28,69,#,,,,,#,
1942210547,Sheelawanti,Unknown,Elmhurst,NY,36,Internal Medicine,Claim-Specialty,Boostrix Tdap,"Diphth,pertuss(Acell),tet Vac",23,23,663,1198.32,23,,23,23,1198.32,663,,23
1942211776,Choudhury,Arif,Sodus,NY,36,Internal Medicine,Claim-Specialty,Shingrix,Varicella-Zoster Ge/As01b/Pf,12,12,70,2537.93,,,12,12,2537.93,70,*,
1942224688,Stornelli,David,Rochester,NY,36,Internal Medicine,Claim-Specialty,Shingrix,Varicella-Zoster Ge/As01b/Pf,29,35,595,4497.38,18,,29,35,4497.38,595,,18
1942229745,Lief,Michael,New York,NY,36,Internal Medicine,Claim-Specialty,Shingrix,Varicella-Zoster Ge/As01b/Pf,19,19,164,3086.64,14,,19,19,3086.64,164,,14
1942230362,Sciales,John,Flushing,NY,36,Internal Medicine,Claim-Specialty,Shingrix,Varicella-Zoster Ge/As01b/Pf,41,42,669,6824.18,27,#,,,,,#,
1942253323,Davis,Bernadette,Mount Kisco,NY,36,Internal Medicine,Claim-Specialty,Shingrix,Varicella-Zoster Ge/As01b/Pf,118,121.7,431,17671.39,81,,118,121.7,17671.39,431,,81
1942255427,So,Jenny,Yorktown Heights,NY,36,Internal Medicine,Claim-Specialty,Shingrix,Varicella-Zoster Ge/As01b/Pf,131,233,5278,27782.37,108,#,,,,,#,
1942271218,Miraloglu,Didem,Brockport,NY,36,Internal Medicine,Claim-Specialty,Shingrix,Varicella-Zoster Ge/As01b/Pf,82,83,520,12869.95,50,,68,69,10713.8,477,#,
1942275441,Gorman,Timothy,Westfield,NY,36,Family Practice,Claim-Specialty,Boostrix Tdap,"Diphth,pertuss(Acell),tet Vac",16,16,74,888.19,16,#,,,,,#,
1942275441,Gorman,Timothy,Westfield,NY,36,Family Practice,Claim-Specialty,Shingrix,Varicella-Zoster Ge/As01b/Pf,60,61,148,9646.57,43,#,,,,,#,
1942276530,Hu,Andy,Brooklyn,NY,36,Internal Medicine,Claim-Specialty,Zostavax,Zoster Vaccine Live/Pf,17,17,423,3761.08,17,,17,17,3761.08,423,,17
1942277660,Bungay,Krisczar,New York,NY,36,Internal Medicine,Claim-Specialty,Shingrix,Varicella-Zoster Ge/As01b/Pf,39,40,359,6392.28,27,#,,,,,#,
1942287842,Craig,James,Clifton Park,NY,36,Family Practice,Claim-Specialty,Shingrix,Varicella-Zoster Ge/As01b/Pf,16,16,74,3084.99,13,#,,,,,#,
1942288048,Waffner,Eric,Williamsville,NY,36,Internal Medicine,Claim-Specialty,Adacel Tdap,"Diph,pertuss(Acell),tet Vac/Pf",12,12,12,745.19,12,,12,12,745.19,12,,12
1942288048,Waffner,Eric,Williamsville,NY,36,Internal Medicine,Claim-Specialty,Shingrix,Varicella-Zoster Ge/As01b/Pf,84,84,201,13208.67,56,#,,,,,#,
1942290358,Liepke,Christina,Oswego,NY,36,Family Practice,Claim-Specialty,Shingrix,Varicella-Zoster Ge/As01b/Pf,11,11,40,1816.56,,,11,11,1816.56,40,*,
1942299920,Dellosso,John,New York,NY,36,Internal Medicine,Claim-Specialty,Shingrix,Varicella-Zoster Ge/As01b/Pf,20,24.9,429,3201.18,15,,20,24.9,3201.18,429,,15
1942335096,Wang,Bin,Flushing,NY,36,Internal Medicine,Claim-Specialty,Shingrix,Varicella-Zoster Ge/As01b/Pf,91,106,1527,13140.86,85,#,,,,,#,
1942375126,Levine,Michael,Woodmere,NY,36,Internal Medicine,Claim-Specialty,Shingrix,Varicella-Zoster Ge/As01b/Pf,13,13,216,2210.02,,,13,13,2210.02,216,*,
1942381405,Mora-Mclaughlin,Fernando,Bronx,NY,36,Internal Medicine,NPPES-Specialty,Shingrix,Varicella-Zoster Ge/As01b/Pf,28,29,116,4461.14,23,#,,,,,#,
1942389689,Duba,Joseph,Shortsville,NY,36,General Practice,Claim-Specialty,Boostrix Tdap,"Diphth,pertuss(Acell),tet Vac",18,18,366,1143.61,18,#,,,,,#,
1942397021,Jacobs,Jonathan,New York,NY,36,Internal Medicine,Claim-Specialty,Shingrix,Varicella-Zoster Ge/As01b/Pf,15,16,103,2444.3,13,#,,,,,#,
1942613344,Walker,Lishan,Rochester,NY,36,Family Practice,Claim-Specialty,Shingrix,Varicella-Zoster Ge/As01b/Pf,27,27,143,4441.55,20,,27,27,4441.55,143,,20
1942722111,Zhou,Yuan Xiu,Flushing,NY,36,Nurse Practitioner,NPPES-Specialty,Shingrix,Varicella-Zoster Ge/As01b/Pf,11,12,128,1580.57,,,11,12,1580.57,128,*,
1952303281,Treatman,David,Brooklyn,NY,36,Family Practice,Claim-Specialty,Shingrix,Varicella-Zoster Ge/As01b/Pf,86,86,696,14403.99,57,,67,67,11234.74,444,,45
1952303398,Caramore,William,Albany,NY,36,Internal Medicine,Claim-Specialty,Shingrix,Varicella-Zoster Ge/As01b/Pf,25,25,25,5319.74,22,#,,,,,#,
1952309460,Upadhyayula,Nagendra,Fishkill,NY,36,Anesthesiology,Claim-Specialty,Shingrix,Varicella-Zoster Ge/As01b/Pf,33,33,33,5230.47,28,#,,,,,#,
1952355794,Call,Andrew,Alfred,NY,36,Family Practice,Claim-Specialty,Shingrix,Varicella-Zoster Ge/As01b/Pf,50,50,50,8340.64,28,,50,50,8340.64,50,,28
1952356107,Rayzman,Maya,Jamaica,NY,36,Internal Medicine,Claim-Specialty,Boostrix Tdap,"Diphth,pertuss(Acell),tet Vac",34,34,1020,1766.56,34,,34,34,1766.56,1020,,34
1952358095,Massand,Seema,Hicksville,NY,36,Internal Medicine,Claim-Specialty,Boostrix Tdap,"Diphth,pertuss(Acell),tet Vac",19,19,541,984.11,19,,19,19,984.11,541,,19
1952365579,Kennette,Karen,Castleton,NY,36,Pediatric Medicine,NPPES-Specialty,Shingrix,Varicella-Zoster Ge/As01b/Pf,23,23,99,3463.69,13,,23,23,3463.69,99,,13
1952365819,Rose,Elisa,New York,NY,36,Internal Medicine,Claim-Specialty,Shingrix,Varicella-Zoster Ge/As01b/Pf,32,32,554,5509.02,27,#,,,,,#,
1952389470,Castiglia,Carolyn,Island Park,NY,36,Family Practice,Claim-Specialty,Shingrix,Varicella-Zoster Ge/As01b/Pf,47,47,134,7386.88,40,#,,,,,#,
1952394520,Mcswain,Mark,Auburn,NY,36,Internal Medicine,Claim-Specialty,Adacel Tdap,"Diph,pertuss(Acell),tet Vac/Pf",13,13,13,758.11,13,#,,,,,#,
1952394520,Mcswain,Mark,Auburn,NY,36,Internal Medicine,Claim-Specialty,Boostrix Tdap,"Diphth,pertuss(Acell),tet Vac",93,93,93,5549.31,93,,75,75,4442.52,75,,75
1952394520,Mcswain,Mark,Auburn,NY,36,Internal Medicine,Claim-Specialty,Shingrix,Varicella-Zoster Ge/As01b/Pf,1460,1460,2214,237492.37,1120,,1348,1348,219207.36,2073,,1040
1952394967,Frankel,Etta,New York,NY,36,Internal Medicine,Claim-Specialty,Shingrix,Varicella-Zoster Ge/As01b/Pf,31,35,354,4939.09,19,#,,,,,#,
1952400889,Thornton,Sharon,Houghton,NY,36,Nurse Practitioner,Claim-Specialty,Shingrix,Varicella-Zoster Ge/As01b/Pf,20,20,107,3026.66,13,,20,20,3026.66,107,,13
1952413809,Hazan,Marc,Huntington,NY,36,Cardiology,Claim-Specialty,Shingrix,Varicella-Zoster Ge/As01b/Pf,15,15,73,2297.7,11,,15,15,2297.7,73,,11
1952456808,Jordan,Michael,Williamsville,NY,36,Family Practice,Claim-Specialty,Adacel Tdap,"Diph,pertuss(Acell),tet Vac/Pf",16,16,16,997.18,16,,16,16,997.18,16,,16
1952456808,Jordan,Michael,Williamsville,NY,36,Family Practice,Claim-Specialty,Shingrix,Varicella-Zoster Ge/As01b/Pf,62,62,153,9778.48,42,#,,,,,#,
1952463937,Daskalakis,Demetre,New York,NY,36,Internal Medicine,Claim-Specialty,Adacel Tdap,"Diph,pertuss(Acell),tet Vac/Pf",38,38,328,2155.28,38,#,,,,,#,
1952463937,Daskalakis,Demetre,New York,NY,36,Internal Medicine,Claim-Specialty,Boostrix Tdap,"Diphth,pertuss(Acell),tet Vac",124,124,588,6842.06,123,,97,97,5346.51,474,,96
1952463937,Daskalakis,Demetre,New York,NY,36,Internal Medicine,Claim-Specialty,Menactra,"Mening Vac A,c,y,w-135 Dip/Pf",22,22,167,2960.92,22,#,,,,,#,
1952463937,Daskalakis,Demetre,New York,NY,36,Internal Medicine,Claim-Specialty,Shingrix,Varicella-Zoster Ge/As01b/Pf,2824,3142,42195,447714.36,2044,,2709,3023,429544.3,40829,,1964
1952463937,Daskalakis,Demetre,New York,NY,36,Internal Medicine,Claim-Specialty,Zostavax,Zoster Vaccine Live/Pf,93,93,1630,21984.89,93,#,,,,,#,
1952471187,Bolan,Kevin,Newcomb,NY,36,Physician Assistant,Claim-Specialty,Shingrix,Varicella-Zoster Ge/As01b/Pf,11,11,40,1782.65,,,11,11,1782.65,40,*,
1952482143,Pasquale,Salvatore,Croton On Hudson,NY,36,Internal Medicine,Claim-Specialty,Shingrix,Varicella-Zoster Ge/As01b/Pf,17,17,17,2573.32,12,,17,17,2573.32,17,,12
1952498024,Weinstein,Luise,New York,NY,36,Internal Medicine,Claim-Specialty,Shingrix,Varicella-Zoster Ge/As01b/Pf,13,18,337,1958.05,,#,,,,,*,
1952498032,Hollenberg,James,New York,NY,36,Internal Medicine,Claim-Specialty,Shingrix,Varicella-Zoster Ge/As01b/Pf,15,16,104,2449.71,,,15,16,2449.71,104,*,
1952499113,Schoen,Herbert,Yonkers,NY,36,Internal Medicine,Claim-Specialty,Shingrix,Varicella-Zoster Ge/As01b/Pf,12,14,159,1872.32,12,,12,14,1872.32,159,,12
1952528622,Deutsch,Lionel,Woodstock,NY,36,Neuropsychiatry,NPPES-Specialty,Shingrix,Varicella-Zoster Ge/As01b/Pf,37,37,37,5946.24,21,#,,,,,#,
1952563439,Burke,Amy,Orchard Park,NY,36,Family Practice,Claim-Specialty,Shingrix,Varicella-Zoster Ge/As01b/Pf,35,35,181,5457.81,29,#,,,,,#,
1952583643,Giuliano,Francesco,Rome,NY,36,Pharmacist,NPPES-Taxonomy,Shingrix,Varicella-Zoster Ge/As01b/Pf,16,16,45,2651.33,12,*,,,,,*,
1952644270,Mahler,Stewart,Rochester,NY,36,Internal Medicine,Claim-Specialty,Shingrix,Varicella-Zoster Ge/As01b/Pf,14,14,130,2229.98,,#,,,,,*,
1952747974,D'angelo,Alexandra,Hamburg,NY,36,Family Practice,Claim-Specialty,Shingrix,Varicella-Zoster Ge/As01b/Pf,21,22,167,3305.07,15,,21,22,3305.07,167,,15
1952772154,Wandzilak,Christine,Buffalo,NY,36,Nurse Practitioner,Claim-Specialty,Shingrix,Varicella-Zoster Ge/As01b/Pf,13,13,13,2076.26,,#,,,,,*,
1952858292,Li,Zhi Peng,Brooklyn,NY,36,Physician Assistant,NPPES-Specialty,Shingrix,Varicella-Zoster Ge/As01b/Pf,12,21,543,1765.39,,*,,,,,*,
1962422972,He,Xiaorong,Elmhurst,NY,36,Internal Medicine,Claim-Specialty,Zostavax,Zoster Vaccine Live/Pf,19,19,222,4462.92,19,,19,19,4462.92,222,,19
1962425967,Yegudin-Ash,Julia,Valhalla,NY,36,Rheumatology,Claim-Specialty,Shingrix,Varicella-Zoster Ge/As01b/Pf,11,12,215,1745.22,,,11,12,1745.22,215,*,
1962426247,Perskin,Michael,New York,NY,36,Internal Medicine,Claim-Specialty,Shingrix,Varicella-Zoster Ge/As01b/Pf,120,122,373,19576.68,90,,120,122,19576.68,373,,90
1962442699,Lam,Kin,New York,NY,36,Hematology-Oncology,Claim-Specialty,Shingrix,Varicella-Zoster Ge/As01b/Pf,26,40,968,3709.28,23,,26,40,3709.28,968,,23
1962442699,Lam,Kin,New York,NY,36,Hematology-Oncology,Claim-Specialty,Zostavax,Zoster Vaccine Live/Pf,11,11,156,2531.03,11,,11,11,2531.03,156,,11
1962451344,Koretz,Daniel,Ontario,NY,36,Internal Medicine,Claim-Specialty,Boostrix Tdap,"Diphth,pertuss(Acell),tet Vac",46,46,75,2781.71,46,#,,,,,#,
1962451344,Koretz,Daniel,Ontario,NY,36,Internal Medicine,Claim-Specialty,Shingrix,Varicella-Zoster Ge/As01b/Pf,705,705,1605,113782.39,461,,649,649,104593.48,1462,,423
1962456582,Kast,Cheryl,Albion,NY,36,Physician Assistant,Claim-Specialty,Boostrix Tdap,"Diphth,pertuss(Acell),tet Vac",11,11,156,691.07,11,*,,,,,*,
1962470229,Ragusa,Anthony,Rochester,NY,36,Internal Medicine,Claim-Specialty,Shingrix,Varicella-Zoster Ge/As01b/Pf,18,18,395,2622.33,14,#,,,,,#,
1962487678,Bachi,John,Staten Island,NY,36,Internal Medicine,Claim-Specialty,Shingrix,Varicella-Zoster Ge/As01b/Pf,12,13,71,1927.14,,,12,13,1927.14,71,*,
1962488254,Pong,Perry,New York,NY,36,Internal Medicine,NPPES-Specialty,Shingrix,Varicella-Zoster Ge/As01b/Pf,16,19,396,2372.87,11,#,,,,,*,
1962488601,Carlberg,Jeffrey,Skaneateles,NY,36,Family Practice,Claim-Specialty,Shingrix,Varicella-Zoster Ge/As01b/Pf,32,32.9,290,5181.43,18,,32,32.9,5181.43,290,,18
1962489716,Charles,John,Syracuse,NY,36,Family Practice,Claim-Specialty,Shingrix,Varicella-Zoster Ge/As01b/Pf,15,15,73,2356.29,,#,,,,,*,
1962490656,Cohen,Paul,Syracuse,NY,36,Internal Medicine,Claim-Specialty,Shingrix,Varicella-Zoster Ge/As01b/Pf,21,21,398,3378.08,13,,21,21,3378.08,398,,13
1962494948,Ramirez,Julio,Bronx,NY,36,Internal Medicine,Claim-Specialty,Shingrix,Varicella-Zoster Ge/As01b/Pf,21,21,166,2970.72,18,#,,,,,#,
1962510792,Montesano,William,Rochester,NY,36,Family Practice,Claim-Specialty,Shingrix,Varicella-Zoster Ge/As01b/Pf,28,28,376,4422.84,18,#,,,,,#,
1962514646,Mcadam,Kelly,Rochester,NY,36,Internal Medicine,Claim-Specialty,Adacel Tdap,"Diph,pertuss(Acell),tet Vac/Pf",29,29,29,1334,29,#,,,,,#,
1962514646,Mcadam,Kelly,Rochester,NY,36,Internal Medicine,Claim-Specialty,Havrix,Hepatitis A Virus Vaccine/Pf,60,60,60,3600,60,#,,,,,#,
1962546499,Sanchez,Janet,Elmhurst,NY,36,Internal Medicine,Claim-Specialty,Zostavax,Zoster Vaccine Live/Pf,19,23,458,3937.61,19,#,,,,,#,
1962572248,Goetz,Nicole,New York,NY,36,Nurse Practitioner,NPPES-Specialty,Boostrix Tdap,"Diphth,pertuss(Acell),tet Vac",22,22,22,916.08,22,#,,,,,#,
1962573121,Aleksandrovich,Viktoriya,Brooklyn,NY,36,Internal Medicine,Claim-Specialty,Shingrix,Varicella-Zoster Ge/As01b/Pf,95,95,820,16059.92,58,#,,,,,#,
1962573121,Aleksandrovich,Viktoriya,Brooklyn,NY,36,Internal Medicine,Claim-Specialty,Zostavax,Zoster Vaccine Live/Pf,19,19,164,4789.37,19,,19,19,4789.37,164,,19
1962591750,Zhao,Jiansheng,Flushing,NY,36,Internal Medicine,Claim-Specialty,Zostavax,Zoster Vaccine Live/Pf,16,16,422,3535.72,16,,16,16,3535.72,422,,16
1962592501,Patil,Nagaraja,Delmar,NY,36,Internal Medicine,Claim-Specialty,Shingrix,Varicella-Zoster Ge/As01b/Pf,11,11,127,2055,,,11,11,2055,127,*,
1962599035,Tung,Judy,New York,NY,36,Internal Medicine,Claim-Specialty,Shingrix,Varicella-Zoster Ge/As01b/Pf,28,29,290,4600.44,20,#,,,,,#,
1962666107,Ince-Mercer,Leia,Hamburg,NY,36,Internal Medicine,Claim-Specialty,Shingrix,Varicella-Zoster Ge/As01b/Pf,12,12,128,1930.32,,,12,12,1930.32,128,*,
1962815944,Cambareri,Rocco,Syracuse,NY,36,Family Practice,Claim-Specialty,Shingrix,Varicella-Zoster Ge/As01b/Pf,21,21,108,3267.41,15,#,,,,,#,
1972510626,Harris,Jonathan,Bronx,NY,36,Internal Medicine,Claim-Specialty,Shingrix,Varicella-Zoster Ge/As01b/Pf,15,15,218,2482.08,14,#,,,,,#,
1972511160,Mahadin,Mayra,Jackson Heights,NY,36,Internal Medicine,Claim-Specialty,Shingrix,Varicella-Zoster Ge/As01b/Pf,17,17,75,2799.41,16,#,,,,,#,
1972521987,Ho,Colette,New York,NY,36,Internal Medicine,Claim-Specialty,Shingrix,Varicella-Zoster Ge/As01b/Pf,14,14,130,2250.78,,,14,14,2250.78,130,*,
1972528032,Wang,Wei,Brooklyn,NY,36,Family Practice,Claim-Specialty,Zostavax,Zoster Vaccine Live/Pf,102,102,247,22068.86,100,,102,102,22068.86,247,,100
1972532976,Yousuf,Asim,Schenectady,NY,36,Internal Medicine,Claim-Specialty,Shingrix,Varicella-Zoster Ge/As01b/Pf,25,25,112,3947.52,18,#,,,,,#,
1972539351,Nunno,Patrick,Fairport,NY,36,Internal Medicine,Claim-Specialty,Shingrix,Varicella-Zoster Ge/As01b/Pf,37,37,386,5869.84,19,,37,37,5869.84,386,,19
1972561611,Love,Matthew,Bronx,NY,36,Internal Medicine,NPPES-Specialty,Shingrix,Varicella-Zoster Ge/As01b/Pf,20,20,136,3122.67,14,,20,20,3122.67,136,,14
1972575124,Jee,Paul,Salt Point,NY,36,Internal Medicine,Claim-Specialty,Shingrix,Varicella-Zoster Ge/As01b/Pf,12,12,12,1940.09,,,12,12,1940.09,12,*,
1972577831,Wade,Margaret,Camillus,NY,36,Nurse Practitioner,Claim-Specialty,Boostrix Tdap,"Diphth,pertuss(Acell),tet Vac",12,12,12,480.86,12,,12,12,480.86,12,,12
1972591469,Post,Martin,New York,NY,36,Internal Medicine,Claim-Specialty,Shingrix,Varicella-Zoster Ge/As01b/Pf,17,19,193,2677.76,13,,17,19,2677.76,193,,13
1972602555,Fishbein,Jason,Bethpage,NY,36,Internal Medicine,Claim-Specialty,Shingrix,Varicella-Zoster Ge/As01b/Pf,13,17,307,2077.71,,#,,,,,*,
1972611069,Zimmerman,David,New York,NY,36,Internal Medicine,Claim-Specialty,Shingrix,Varicella-Zoster Ge/As01b/Pf,44,44,276,6942.34,33,,44,44,6942.34,276,,33
1972658185,Fingesten,Alexandra,New York,NY,36,Geriatric Medicine,Claim-Specialty,Shingrix,Varicella-Zoster Ge/As01b/Pf,14,15,160,2247.95,11,,14,15,2247.95,160,,11
1972693711,Muggia,Victoria,Bronx,NY,36,Infectious Disease,Claim-Specialty,Shingrix,Varicella-Zoster Ge/As01b/Pf,20,30,697,3136.1,13,*,,,,,*,
1972695534,Bennett,Susan,Williamsville,NY,36,Physician Assistant,Claim-Specialty,Adacel Tdap,"Diph,pertuss(Acell),tet Vac/Pf",13,13,13,813.65,13,,13,13,813.65,13,,13
1972695534,Bennett,Susan,Williamsville,NY,36,Physician Assistant,Claim-Specialty,Shingrix,Varicella-Zoster Ge/As01b/Pf,13,13,100,2019.79,,,13,13,2019.79,100,*,
1972736825,Aube-Marchant,Derek,Buffalo,NY,36,Physician Assistant,Claim-Specialty,Shingrix,Varicella-Zoster Ge/As01b/Pf,18,18,134,2898.32,11,#,,,,,*,
1972762623,Westervelt,Megan,Big Flats,NY,36,Family Practice,Claim-Specialty,Shingrix,Varicella-Zoster Ge/As01b/Pf,21,21,79,3433.29,13,#,,,,,#,
1972816932,Koushik,Geetha,Rochester,NY,36,Internal Medicine,Claim-Specialty,Shingrix,Varicella-Zoster Ge/As01b/Pf,13,15,247,2036.83,,#,,,,,*,
1972846293,Johnson,Kyle,Southampton,NY,36,Internal Medicine,Claim-Specialty,Shingrix,Varicella-Zoster Ge/As01b/Pf,37,37,37,5232.65,31,#,,,,,#,
1982602652,Weisel,Thomas,Hopewell Junction,NY,36,Internal Medicine,Claim-Specialty,Shingrix,Varicella-Zoster Ge/As01b/Pf,33,35,258,5230.96,25,#,,,,,#,
1982619615,Cotugno,Steffani,Clifton Park,NY,36,Family Practice,Claim-Specialty,Shingrix,Varicella-Zoster Ge/As01b/Pf,22,22,138,4012.87,14,#,,,,,#,
1982623146,Buch,Deepak,Little Falls,NY,36,Internal Medicine,Claim-Specialty,Adacel Tdap,"Diph,pertuss(Acell),tet Vac/Pf",16,16,16,971.78,16,*,,,,,*,
1982623146,Buch,Deepak,Little Falls,NY,36,Internal Medicine,Claim-Specialty,Boostrix Tdap,"Diphth,pertuss(Acell),tet Vac",208,208,266,12507.7,208,,173,173,10395.81,173,,173
1982623146,Buch,Deepak,Little Falls,NY,36,Internal Medicine,Claim-Specialty,Shingrix,Varicella-Zoster Ge/As01b/Pf,2593,2593,3870,420143.87,1841,,2422,2422,392414.91,3640,,1721
1982639670,Dragone,James,Smithtown,NY,36,Family Practice,Claim-Specialty,Shingrix,Varicella-Zoster Ge/As01b/Pf,17,17,233,2610.4,13,,17,17,2610.4,233,,13
1982644019,Dodds,George,Gouverneur,NY,36,Internal Medicine,Claim-Specialty,Shingrix,Varicella-Zoster Ge/As01b/Pf,32,32,206,5229.37,22,#,,,,,#,
1982648572,Nurse,Sandra,Cambria Heights,NY,36,Internal Medicine,Claim-Specialty,Boostrix Tdap,"Diphth,pertuss(Acell),tet Vac",18,18,540,937.12,18,#,,,,,#,
1982662458,Shan,Zihe,Brooklyn,NY,36,Internal Medicine,Claim-Specialty,Adacel Tdap,"Diph,pertuss(Acell),tet Vac/Pf",111,111,2228,7440.25,111,#,,,,,#,
1982662458,Shan,Zihe,Brooklyn,NY,36,Internal Medicine,Claim-Specialty,Shingrix,Varicella-Zoster Ge/As01b/Pf,897,1472,38356,131062.11,545,#,,,,,#,
1982662458,Shan,Zihe,Brooklyn,NY,36,Internal Medicine,Claim-Specialty,Zostavax,Zoster Vaccine Live/Pf,24,29,464,5449.69,24,#,,,,,#,
1982670634,Fung,Sandy,New York,NY,36,Family Practice,Claim-Specialty,Boostrix Tdap,"Diphth,pertuss(Acell),tet Vac",14,14,217,630.5,14,#,,,,,#,
1982670634,Fung,Sandy,New York,NY,36,Family Practice,Claim-Specialty,Shingrix,Varicella-Zoster Ge/As01b/Pf,26,48,1237,3891.78,19,,26,48,3891.78,1237,,19
1982671020,Childres,William,Auburn,NY,36,Internal Medicine,Claim-Specialty,Adacel Tdap,"Diph,pertuss(Acell),tet Vac/Pf",88,88,1509,5972.92,88,,77,77,5230.05,1324,,77
1982671020,Childres,William,Auburn,NY,36,Internal Medicine,Claim-Specialty,Shingrix,Varicella-Zoster Ge/As01b/Pf,142,145,1827,22698.75,85,#,,,,,#,
1982676060,Butt,Khalid,Bainbridge,NY,36,Family Practice,Claim-Specialty,Shingrix,Varicella-Zoster Ge/As01b/Pf,49,49,803,7977.92,35,#,,,,,#,
1982683041,Fafalak,Robert,New York,NY,36,Rheumatology,Claim-Specialty,Shingrix,Varicella-Zoster Ge/As01b/Pf,15,17,162,2312.12,11,,15,17,2312.12,162,,11
1982694121,Saluja,Ravinder,Malta,NY,36,Internal Medicine,Claim-Specialty,Shingrix,Varicella-Zoster Ge/As01b/Pf,11,11,69,1791.52,11,,11,11,1791.52,69,,11
1982696506,Finnigan,Karen,Middletown,NY,36,Internal Medicine,Claim-Specialty,Shingrix,Varicella-Zoster Ge/As01b/Pf,11,11,330,1794.32,,*,,,,,*,
1982719894,Zarlengo,Marco,Croton On Hudson,NY,36,Internal Medicine,Claim-Specialty,Shingrix,Varicella-Zoster Ge/As01b/Pf,19,19,310,2998.92,13,,19,19,2998.92,310,,13
1982742755,Schantz,Arthur,Wantagh,NY,36,General Practice,Claim-Specialty,Shingrix,Varicella-Zoster Ge/As01b/Pf,11,12,186,1692.39,,,11,12,1692.39,186,*,
1982751533,Shives,Eric,Seneca Falls,NY,36,Family Practice,Claim-Specialty,Shingrix,Varicella-Zoster Ge/As01b/Pf,17,17,46,2712.77,11,#,,,,,*,
1982780078,Behm,Dutsi,Brooklyn,NY,36,Internal Medicine,Claim-Specialty,Shingrix,Varicella-Zoster Ge/As01b/Pf,77,81,255,12365.58,64,#,,,,,#,
1982903118,Gingras,Laura,New York,NY,36,Internal Medicine,Claim-Specialty,Shingrix,Varicella-Zoster Ge/As01b/Pf,26,26,84,4332.12,19,#,,,,,#,
1982929378,Liu,Judy,Rochester,NY,36,Internal Medicine,Claim-Specialty,Twinrix,Hepatitis A And B Vaccine/Pf,11,11,11,1012,,,11,11,1012,11,*,
1982978110,Cai,Hui,North Chili,NY,36,Family Practice,Claim-Specialty,Shingrix,Varicella-Zoster Ge/As01b/Pf,17,17,75,2622.66,14,#,,,,,#,
1992039861,Zenoski,Christa,Cuba,NY,36,Nurse Practitioner,Claim-Specialty,Shingrix,Varicella-Zoster Ge/As01b/Pf,52,52,168,8140.22,32,#,,,,,#,
1992701551,Nelson,Deena,New York,NY,36,Internal Medicine,NPPES-Specialty,Shingrix,Varicella-Zoster Ge/As01b/Pf,14,17,220,2137.94,11,,14,17,2137.94,220,,11
1992706485,Becker,Steven,Buffalo,NY,36,Internal Medicine,Claim-Specialty,Adacel Tdap,"Diph,pertuss(Acell),tet Vac/Pf",56,56,56,3469.45,56,#,,,,,#,
1992706485,Becker,Steven,Buffalo,NY,36,Internal Medicine,Claim-Specialty,Boostrix Tdap,"Diphth,pertuss(Acell),tet Vac",15,15,450,803.88,15,#,,,,,#,
1992711683,Grant,Stephen,Clifton Park,NY,36,Family Practice,Claim-Specialty,Shingrix,Varicella-Zoster Ge/As01b/Pf,25,25,258,4650.72,19,,25,25,4650.72,258,,19
1992719520,Rugge,John,Chestertown,NY,36,Family Practice,Claim-Specialty,Shingrix,Varicella-Zoster Ge/As01b/Pf,170,172,377,27731.16,115,,158,160,25698.19,365,#,
1992731475,Romanick,Dean,Geneseo,NY,36,Family Practice,Claim-Specialty,Shingrix,Varicella-Zoster Ge/As01b/Pf,95,103,1843,14942,54,#,,,,,#,
1992734404,Berlingieri,Dominic,Warwick,NY,36,Pediatric Medicine,NPPES-Specialty,Shingrix,Varicella-Zoster Ge/As01b/Pf,71,71,390,11274.23,49,,71,71,11274.23,390,,49
1992738355,Raizes,Gary,Harrison,NY,36,Cardiology,Claim-Specialty,Shingrix,Varicella-Zoster Ge/As01b/Pf,60,63,614,9131.79,46,#,,,,,#,
1992741086,Koegel,Michael,Brooklyn,NY,36,Internal Medicine,Claim-Specialty,Shingrix,Varicella-Zoster Ge/As01b/Pf,57,105,2947,7868.25,43,#,,,,,#,
1992745632,O'bryan,John,Troy,NY,36,Family Practice,Claim-Specialty,Shingrix,Varicella-Zoster Ge/As01b/Pf,29,29,58,5421.35,24,#,,,,,#,
1992748826,Pappas,Steven,Eastchester,NY,36,Internal Medicine,Claim-Specialty,Shingrix,Varicella-Zoster Ge/As01b/Pf,718,938,19759,116657.72,551,,645,861,104303.01,19247,,505
1992752885,Dutta,Timothy,New York,NY,36,Internal Medicine,NPPES-Taxonomy,Shingrix,Varicella-Zoster Ge/As01b/Pf,15,17,249,2281.48,,,15,17,2281.48,249,*,
1992756969,Zimmerman,Kenneth,Williamsville,NY,36,Internal Medicine,Claim-Specialty,Shingrix,Varicella-Zoster Ge/As01b/Pf,25,25,114,3915.6,16,,25,25,3915.6,114,,16
1992763916,Wu,Qiong,Flushing,NY,36,Internal Medicine,Claim-Specialty,Zostavax,Zoster Vaccine Live/Pf,12,12,70,2516.24,12,,12,12,2516.24,70,,12
1992771877,Leder,Michele,Pearl River,NY,36,Internal Medicine,Claim-Specialty,Shingrix,Varicella-Zoster Ge/As01b/Pf,28,28,464,4187.13,18,#,,,,,#,
1992771935,Bartholomew,Anthony,Fredonia,NY,36,Internal Medicine,Claim-Specialty,Shingrix,Varicella-Zoster Ge/As01b/Pf,14,16,161,2192.93,,,14,16,2192.93,161,*,
1992776249,Sharpe,Arleen,Dobbs Ferry,NY,36,Family Practice,Claim-Specialty,Shingrix,Varicella-Zoster Ge/As01b/Pf,27,27,85,4272.85,22,,27,27,4272.85,85,,22
1992784995,Sangani,Geeta,Syracuse,NY,36,Endocrinology,Claim-Specialty,Boostrix Tdap,"Diphth,pertuss(Acell),tet Vac",184,186,389,11302.93,184,,154,156,9454.73,330,,154
1992784995,Sangani,Geeta,Syracuse,NY,36,Endocrinology,Claim-Specialty,Shingrix,Varicella-Zoster Ge/As01b/Pf,3138,3159.6,6489,509837.92,2136,,2822,2843.6,458196.41,6027,,1935
1992786552,Rosen,Eli,Brooklyn,NY,36,Family Practice,Claim-Specialty,Shingrix,Varicella-Zoster Ge/As01b/Pf,38,56,1276,5906.47,28,,38,56,5906.47,1276,,28
1992790976,Kim,Andrew,Flushing,NY,36,Family Practice,Claim-Specialty,Shingrix,Varicella-Zoster Ge/As01b/Pf,15,18,308,2237.28,13,#,,,,,#,
1992790976,Kim,Andrew,Flushing,NY,36,Family Practice,Claim-Specialty,Varivax Vaccine,Varicella Vaccine Live/Pf,23,23,371,3349,22,,23,23,3349,371,,22
1992790976,Kim,Andrew,Flushing,NY,36,Family Practice,Claim-Specialty,Zostavax,Zoster Vaccine Live/Pf,31,31,553,7784.21,31,,31,31,7784.21,553,,31
1992791479,Giannone,John,Deposit,NY,36,Family Practice,Claim-Specialty,Shingrix,Varicella-Zoster Ge/As01b/Pf,13,13,129,2026.9,,,13,13,2026.9,129,*,
1992802524,Herrmann,Rickey,Rochester,NY,36,Family Practice,Claim-Specialty,Tenivac,Tetanus-Diphtheria Toxoids/Pf,20,20,78,1130.5,19,,20,20,1130.5,78,,19
1992803340,Bondar,Ellen,Brooklyn,NY,36,Internal Medicine,Claim-Specialty,Boostrix Tdap,"Diphth,pertuss(Acell),tet Vac",189,189,392,10441.94,189,#,,,,,#,
1992803340,Bondar,Ellen,Brooklyn,NY,36,Internal Medicine,Claim-Specialty,Shingrix,Varicella-Zoster Ge/As01b/Pf,4255,4262,4987,688080.42,3190,,4181,4187,676064.53,4854,,3136
1992803340,Bondar,Ellen,Brooklyn,NY,36,Internal Medicine,Claim-Specialty,Zostavax,Zoster Vaccine Live/Pf,11,11,40,2622.61,11,,11,11,2622.61,40,,11
1992871933,Tam,Cynthia,New York,NY,36,Internal Medicine,Claim-Specialty,Boostrix Tdap,"Diphth,pertuss(Acell),tet Vac",14,14,130,602.47,14,,14,14,602.47,130,,14
1992871933,Tam,Cynthia,New York,NY,36,Internal Medicine,Claim-Specialty,Shingrix,Varicella-Zoster Ge/As01b/Pf,11,17,396,1467.44,,,11,17,1467.44,396,*,
1992879951,Goldman,Barry,New Paltz,NY,36,Family Practice,Claim-Specialty,Shingrix,Varicella-Zoster Ge/As01b/Pf,32,32,90,5171.61,20,,32,32,5171.61,90,,20
1992891311,Om,Nam Hee,Bronx,NY,36,Internal Medicine,NPPES-Specialty,Adacel Tdap,"Diph,pertuss(Acell),tet Vac/Pf",21,21,311,1191.28,21,#,,,,,#,
1992891311,Om,Nam Hee,Bronx,NY,36,Internal Medicine,NPPES-Specialty,Shingrix,Varicella-Zoster Ge/As01b/Pf,114,186.3,4866,17424.57,78,#,,,,,#,
1992891378,Fishel,Stephen,Malta,NY,36,Family Practice,Claim-Specialty,Shingrix,Varicella-Zoster Ge/As01b/Pf,14,14,72,2344.77,,#,,,,,*,
1992933998,Pang,Xin,Brooklyn,NY,36,Internal Medicine,Claim-Specialty,Shingrix,Varicella-Zoster Ge/As01b/Pf,12,12,128,1734.14,,,12,12,1734.14,128,*,
