Prscrbr_NPI,Prscrbr_Last_Org_Name,Prscrbr_First_Name,Prscrbr_MI,Prscrbr_Crdntls,Prscrbr_Ent_Cd,Prscrbr_St1,Prscrbr_St2,Prscrbr_City,Prscrbr_State_Abrvtn,Prscrbr_State_FIPS,Prscrbr_Zip5,Prscrbr_RUCA,Prscrbr_RUCA_Desc,Prscrbr_Cntry,Prscrbr_Type,Prscrbr_Type_Src,Tot_Clms,Tot_30day_Fills,Tot_Drug_Cst,Tot_Day_Suply,Tot_Benes,GE65_Sprsn_Flag,GE65_Tot_Clms,GE65_Tot_30day_Fills,GE65_Tot_Drug_Cst,GE65_Tot_Day_Suply,GE65_Bene_Sprsn_Flag,GE65_Tot_Benes,Brnd_Sprsn_Flag,Brnd_Tot_Clms,Brnd_Tot_Drug_Cst,Gnrc_Sprsn_Flag,Gnrc_Tot_Clms,Gnrc_Tot_Drug_Cst,Othr_Sprsn_Flag,Othr_Tot_Clms,Othr_Tot_Drug_Cst,MAPD_Sprsn_Flag,MAPD_Tot_Clms,MAPD_Tot_Drug_Cst,PDP_Sprsn_Flag,PDP_Tot_Clms,PDP_Tot_Drug_Cst,LIS_Sprsn_Flag,LIS_Tot_Clms,LIS_Drug_Cst,NonLIS_Sprsn_Flag,NonLIS_Tot_Clms,NonLIS_Drug_Cst,Opioid_Tot_Clms,Opioid_Tot_Drug_Cst,Opioid_Tot_Suply,Opioid_Tot_Benes,Opioid_Prscrbr_Rate,Opioid_LA_Tot_Clms,Opioid_LA_Tot_Drug_Cst,Opioid_LA_Tot_Suply,Opioid_LA_Tot_Benes,Opioid_LA_Prscrbr_Rate,Antbtc_Tot_Clms,Antbtc_Tot_Drug_Cst,Antbtc_Tot_Benes,Antpsyct_GE65_Sprsn_Flag,Antpsyct_GE65_Tot_Clms,Antpsyct_GE65_Tot_Drug_Cst,Antpsyct_GE65_Bene_Suprsn_Flag,Antpsyct_GE65_Tot_Benes,Bene_Avg_Age,Bene_Age_LT_65_Cnt,Bene_Age_65_74_Cnt,Bene_Age_75_84_Cnt,Bene_Age_GT_84_Cnt,Bene_Feml_Cnt,Bene_Male_Cnt,Bene_Race_Wht_Cnt,Bene_Race_Black_Cnt,Bene_Race_Api_Cnt,Bene_Race_Hspnc_Cnt,Bene_Race_Natind_Cnt,Bene_Race_Othr_Cnt,Bene_Dual_Cnt,Bene_Ndual_Cnt,Bene_Avg_Risk_Scre
1851650998,Rawal,Prity,,MD,I,4400 Lakeville Rd,,Geneseo,NY,36,14454,7,"Small town core: primary flow within an urban cluster of 2,500 to 9,999",US,Family Practice,Claim-Specialty,4787,9729.98,467345.2,273679,462,,3572,7766.27,317043.89,218894,,387,,589,358030.65,,4115,107185.1,,83,2129.45,,3772,375662.94,,1015,91682.26,,1610,236068.68,,3177,231276.52,186,5111.42,3670,62,3.8855232922498,,,,,,267,1974.42,178,*,,,*,,70.692640692641,75,231,122,34,283,179,419,,,,,21,91,371,1.0282072137172
1851651525,Biondolillo,Christopher,C,M.D.,I,155 Lawn Ave,,Buffalo,NY,36,14207,1,"Metropolitan area core: primary flow within an urbanized area of 50,000 and greater",US,Family Practice,Claim-Specialty,7610,14193.21,945540.7,410851,405,,4499,8635.8,466365.05,251037,,251,,1234,753242.53,,6200,186590.16,,176,5708.01,,6085,757190.71,,1525,188349.99,,6276,828509.16,,1334,117031.54,405,13562.58,11018,62,5.3219448094612,20,1318.03,475,,4.9382716049383,51,782.35,40,,28,291.71,*,,65.945679012346,154,181,53,17,224,181,240,48,,97,,12,292,113,1.4897002835003
1851739346,Young,Charmaine,,D.O.,I,268 Canal St,,New York,NY,36,10013,1,"Metropolitan area core: primary flow within an urbanized area of 50,000 and greater",US,Family Practice,Claim-Specialty,3725,6983.76,492678.87,206931,323,,3654,6879.02,461219.31,203866,"#",,,537,381213.47,,3103,108677.38,,85,2788.02,,3037,451850.89,,688,40827.98,,3546,452068.22,,179,40610.65,0,0,0,0,0,0,0,0,0,,,,,,0,0,*,,73.913312693498,,,,,180,143,15,,290,,0,,288,35,1.0789992260062
1851741797,Nazareth,Joanne,,M.D.,I,959 Panorama Trail S.,Suite 100,Rochester,NY,36,14625,1,"Metropolitan area core: primary flow within an urbanized area of 50,000 and greater",US,Internal Medicine,Claim-Specialty,4620,9427.3,394881.94,275449,652,,4240,8832.5,364354.13,258578,,596,,453,303462.5,,4084,88477.79,,83,2941.65,,3691,308847.45,,929,86034.49,,759,65866.68,,3861,329015.26,66,1424.56,1801,21,1.4285714285714,,,,,,62,25549.91,38,,14,1025.12,*,,73.745398773006,56,311,200,85,387,265,596,14,,,0,34,109,543,1.1549572179902
1851805725,Kasaev,Eden,,PHARMD,I,4166 White Plains Rd,,Bronx,NY,36,10466,1,"Metropolitan area core: primary flow within an urbanized area of 50,000 and greater",US,Pharmacist,NPPES-Taxonomy,114,114,30639.9,114,109,"#",,,,,"#",,,114,30639.9,,0,0,,0,0,,70,18700.75,,44,11939.15,*,,,"#",,,0,0,0,0,0,0,0,0,0,,0,0,0,*,,,*,,74.192660550459,,,,,56,53,86,,,,0,,,,1.0159994328589
1851980759,Lambert,Hannah,,,I,1125 Fulton Street,"3rd Floor, Suite P",Brooklyn,NY,36,11238,1,"Metropolitan area core: primary flow within an urbanized area of 50,000 and greater",US,Pharmacist,NPPES-Taxonomy,19,19,5660,19,18,"#",,,,,"#",,,19,5660,,0,0,,0,0,"#",,,*,,,*,,,"#",,,0,0,0,0,0,0,0,0,0,,0,0,0,*,,,*,,72.833333333333,,,,,,,11,,,0,0,0,,,0.721
1861059875,Chen,Felix,,DO,I,1912 Avenue U,,Brooklyn,NY,36,11229,1,"Metropolitan area core: primary flow within an urbanized area of 50,000 and greater",US,Internal Medicine,Claim-Specialty,4883,9566.23,864289.56000001,274587,435,,4773,9325.95,842748.47000001,267711,,424,,950,706374.07,,3860,156968.52,,73,946.97,,4547,797753.68,,336,66535.88,,4590,838289.25000001,,293,26000.31,11,127.86,168,,0.22527134958018,0,0,0,,0,123,779.99,93,*,,,*,,73.110344827586,11,264,121,39,223,212,14,,404,11,0,,390,45,1.1893129385322
1861086043,Chen,Jian,,NP,I,5517 7th Ave Fl 1,,Brooklyn,NY,36,11220,1,"Metropolitan area core: primary flow within an urbanized area of 50,000 and greater",US,Nurse Practitioner,Claim-Specialty,2722,3255.71,341643.73,92619,310,,2706,3239.71,341081.54,92205,"#",,,434,276635.84,,2238,64282.29,,50,725.6,,2691,338547.91,,31,3095.82,,2704,340708.3,,18,935.43,0,0,0,0,0,0,0,0,0,,45,195.7,40,,11,262.51,*,,72.467741935484,,,,,159,151,,0,306,,0,,,,1.1105642619819
1861089146,Rondenelli,Michael,,FNP-C,I,3504 W Genesee St Ste 1b,,Syracuse,NY,36,13219,1,"Metropolitan area core: primary flow within an urbanized area of 50,000 and greater",US,Nurse Practitioner,Claim-Specialty,471,471,44293.89,2583,355,,364,364,41051.03,1813,,292,"#",,,,330,3357.65,*,,,,333,27061.96,,138,17231.93,,166,8629.06,,305,35664.83,0,0,0,0,0,0,0,0,0,,196,1668.53,173,,0,0,,0,69.808450704225,63,170,105,17,227,128,337,,0,,,12,103,252,1.1105412039427
1861178238,Chan,Florinda,,,I,13527 38th Ave Fl 2,,Flushing,NY,36,11354,1,"Metropolitan area core: primary flow within an urbanized area of 50,000 and greater",US,Nurse Practitioner,Claim-Specialty,138,229.34,19952.78,6146,49,"#",,,,,"#",,"#",,,,102,1505.21,*,,,"#",,,*,,,"#",,,*,,,0,0,0,0,0,0,0,0,0,,,,,*,,,*,,74.265306122449,,,,,27,22,,,42,,0,,,,1.1982789115646
1861411613,Storm,Shawnti,,NP,I,4435 Seneca Rd,,Trumansburg,NY,36,14886,2,"Metropolitan area high commuting: primary flow 30% or more to a urbanized area of 50,000 and greater",US,Nurse Practitioner,Claim-Specialty,5075,9040.76,453088.07,256967,507,,3792,7098.11,288800.23,203307,,449,,634,336520.98,,4384,113972.07,,57,2595.02,,3202,280639.34,,1873,172448.73,,2280,275543.8,,2795,177544.27,165,1894.5,2992,33,3.2512315270936,,,,,,155,1660.64,115,*,,,*,,71.609467455621,58,270,137,42,332,175,473,,,,0,25,125,382,0.93083508860225
1861420010,Scott,Kelly,L,MD,I,100 Horwood Place,,Ogdensburg,NY,36,13669,4,"Micropolitan area core: primary flow within an urban cluster of 10,000 to 49,999",US,Internal Medicine,Claim-Specialty,12145,24938.27,1495838.61,734995,641,,9930,21537.79,1093399.91,636080,,553,,1697,1264358.6,,10331,227043.43,,117,4436.58,,5992,765528.28,,6153,730310.33,,4614,727263.32,,7531,768575.29,383,32580.36,10669,56,3.1535611362701,54,24465.64,1543,,14.099216710183,180,33620.61,104,,19,117.18,*,,72.277691107644,88,280,211,62,420,221,613,,,,,15,182,459,1.129346823527
1861430076,Guillen,Rafael,A,M.D.,I,800 Grand Concourse Frnt Office5,,Bronx,NY,36,10451,1,"Metropolitan area core: primary flow within an urbanized area of 50,000 and greater",US,Internal Medicine,Claim-Specialty,15539,34962.61,2436170.69,1036194,863,,14112,32020.99,2157511.22,949284,,789,,2069,1928764.3,,13187,500755.32,,283,6651.07,,14776,2340547.13,,763,95623.56,,13761,2297211.46,,1778,138959.23,14,39.44,93,12,0.090095887766266,0,0,0,0,0,151,33962.53,113,,89,3012.37,,22,73.48899188876,74,431,265,93,512,351,31,37,,777,0,,699,164,1.2827751089043
1861456196,Wu,Rex,H,M.D.,I,128 Mott Street,Suite 402,New York,NY,36,10013,1,"Metropolitan area core: primary flow within an urbanized area of 50,000 and greater",US,Internal Medicine,Claim-Specialty,18724,35370.55,2799517.05,1039112,778,,18150,34327,2685888.35,1008956,,748,,2988,2302609.48,,15402,485706.18,,334,11201.39,,15271,2313366.7,,3453,486150.35,,17527,2671522.39,,1197,127994.66,25,82.59,156,21,0.13351847895749,0,0,0,0,0,139,6328.84,108,,33,1931.44,*,,75.36118251928,30,353,269,126,436,342,18,11,706,22,0,21,667,111,1.1982084145699
1861478646,Lipsky,Theresa,R,MD,I,4652 Nixon Park Dr,,Syracuse,NY,36,13215,1,"Metropolitan area core: primary flow within an urbanized area of 50,000 and greater",US,Family Practice,Claim-Specialty,8049,18220.13,995642.93,523080,565,,7069,16564.95,860658.11,476411,,528,,1319,818094.8,,6643,173672.21,,87,3875.92,,5949,727245.36,,2100,268397.57,,1007,170497.08,,7042,825145.85,191,4540.69,4605,44,2.3729655857871,0,0,0,0,0,253,6235.34,158,,11,787.93,*,,73.345132743363,37,297,173,58,391,174,514,18,,,0,26,46,519,1.0792952697291
1861551145,Fink,Joshua,,MD,I,41 S Bedford Rd,,Mount Kisco,NY,36,10549,1,"Metropolitan area core: primary flow within an urbanized area of 50,000 and greater",US,Internal Medicine,Claim-Specialty,69,97,12664.57,1905,25,,69,97,12664.57,1905,,25,,41,12200.57,"#",,,*,,,,12,705.82,,57,11958.75,,0,0,,69,12664.57,0,0,0,0,0,0,0,0,0,,,,,,0,0,,0,75.72,0,11,,,13,12,23,,0,0,0,,0,25,0.97644
1861568685,Aponte,Alex,M,MD,I,147 Beach Rd,Suite A,Westhampton Beach,NY,36,11978,1,"Metropolitan area core: primary flow within an urbanized area of 50,000 and greater",US,Family Practice,Claim-Specialty,4393,10087.75,421681.25,294302,416,,4227,9786.75,398948.95,285967,,399,,445,295887.42,,3932,125562.85,,16,230.98,,1031,111831.76,,3362,309849.49,,678,105593.69,,3715,316087.56,74,1923.42,1326,22,1.6844980651036,,,,,,66,742.11,50,,44,23413.02,,13,74.564903846154,17,205,154,40,240,176,378,,,13,0,12,47,369,1.1051284557807
1861570558,Patel,Chaula,P,MD,I,1560 Grand Concourse,Suite 102,Bronx,NY,36,10457,1,"Metropolitan area core: primary flow within an urbanized area of 50,000 and greater",US,Internal Medicine,Claim-Specialty,10045,20728.54,1871801.55,614354,432,,8924,18561.39,1644617.7,550481,,376,,2037,1668016.24,,7576,186557.42,,432,17227.89,,9131,1645149.93,,914,226651.62,,8677,1555240.96,,1368,316560.59,12,32.32,114,,0.11946241911399,0,0,0,,0,127,3967.91,95,,12,359.52,*,,72.488425925926,56,215,105,56,255,177,,148,29,232,,13,331,101,1.5872779204947
1861572562,Marcano,Albert,C,NP,I,9317 Roosevelt Ave,2nd Floor,Jackson Heights,NY,36,11372,1,"Metropolitan area core: primary flow within an urbanized area of 50,000 and greater",US,Nurse Practitioner,NPPES-Specialty,4821,9759.31,833970.87,289940,251,,4620,9351.11,779026.75,277769,,239,,584,586034.4,,4171,247061.04,,66,875.43,,4629,787165.75,,192,46805.12,,4091,774391.17,,730,59579.7,,,,,,,,,,,20,1681.75,18,*,,,*,,72.235059760956,12,159,65,15,146,105,,,,246,0,,186,65,0.99773417806928
1861582405,Chava,Prabhakar,,MD,I,101 Jordan Rd,Suite 100,Troy,NY,36,12180,1,"Metropolitan area core: primary flow within an urbanized area of 50,000 and greater",US,Internal Medicine,Claim-Specialty,8123,11623.02,680315.81,309485,493,,8051,11508.01,676320.46,306334,,479,,1364,507564.21,,6703,170590.27,,56,2161.33,,3961,387342.91,,4162,292972.9,,4547,356206.11,,3576,324109.7,102,2271.14,2328,36,1.2556937092207,,,,,,286,6611.66,131,,176,20081.56,,25,78.817444219067,14,166,168,145,291,202,447,28,,,0,13,153,340,1.453995354989
1861606014,Almonte,Diogenes,A,MD,I,608 Grand Street,,Brooklyn,NY,36,11211,1,"Metropolitan area core: primary flow within an urbanized area of 50,000 and greater",US,Pediatric Medicine,Claim-Specialty,4199,8221.74,652295.04,239629,282,,3434,6952.89,567115.08,202641,,247,,744,445818.97,,3330,202769.87,,125,3706.2,,3228,516476.66,,971,135818.38,,3523,606923.08,,676,45371.96,59,1545.69,1462,12,1.4050964515361,0,0,0,0,0,89,611.95,59,*,,,*,,71.95390070922,35,149,64,34,163,119,32,,,234,0,,209,73,1.2175114781289
1861679433,Nyameh,Marcia,A,"PHARMD, B.S.",I,249 Main St,,Binghamton,NY,36,13905,1,"Metropolitan area core: primary flow within an urbanized area of 50,000 and greater",US,Pharmacist,NPPES-Taxonomy,159,159,39868.19,159,143,"#",,,,,"#",,,159,39868.19,,0,0,,0,0,,37,9612.16,,122,30256.03,,42,9209.18,,117,30659.01,0,0,0,0,0,0,0,0,0,,0,0,0,*,,,*,,74.874125874126,,,,,81,62,59,29,29,21,,,34,109,0.87770482749326
1861715351,Chan,Ling,T,PHARM.D,I,6628 18th Ave,,Brooklyn,NY,36,11204,1,"Metropolitan area core: primary flow within an urbanized area of 50,000 and greater",US,Pharmacist,NPPES-Taxonomy,20,20,5302.6,20,18,"#",,,,,"#",,,20,5302.6,,0,0,,0,0,*,,,"#",,,*,,,"#",,,0,0,0,0,0,0,0,0,0,,0,0,0,*,,,*,,75.777777777778,,,,,,,12,,0,,0,0,,,0.97453240740741
1861959686,Goldup,Kimberly,A,FNP-BC,I,1 Arlington Rd,,Cohoes,NY,36,12047,1,"Metropolitan area core: primary flow within an urbanized area of 50,000 and greater",US,Nurse Practitioner,Claim-Specialty,3584,3598.6,306312.83,87452,293,,3385,3399.6,291824.61,82633,,278,,587,144921.58,,2982,160489.96,,15,901.29,,2413,208806.69,,1171,97506.14,,3298,281081.56,,286,25231.27,155,4034.53,2983,58,4.3247767857143,13,1616.82,374,,8.3870967741935,101,2639.23,63,,138,6829.02,,40,82.300341296928,15,52,87,139,202,91,276,,,,0,,260,33,2.6001508285251
1871047951,Inglis,Nicholas,A,PHARM D.,I,112 Fargo Ave,"Apartment #2",Buffalo,NY,36,14201,1,"Metropolitan area core: primary flow within an urbanized area of 50,000 and greater",US,Pharmacist,NPPES-Taxonomy,72,72,21742.11,73,69,"#",,,,,"#",,,72,21742.11,,0,0,,0,0,*,,,"#",,,*,,,"#",,,0,0,0,0,0,0,0,0,0,,0,0,0,*,,,*,,77.449275362319,,,,,42,27,53,,,,0,,,,0.95671027404775
1871053181,Nolan,Cody,P,MD,I,186 Joralemon St Fl 3,,Brooklyn,NY,36,11201,1,"Metropolitan area core: primary flow within an urbanized area of 50,000 and greater",US,Internal Medicine,Claim-Specialty,408,656.57,105154.96,17916,167,,333,552.57,84263.08,15036,,149,"#",,,,311,15594.46,*,,,,87,16835.62,,321,88319.34,,188,44438.64,,220,60716.32,17,1027.45,427,,4.1666666666667,,,,,,11,73.98,,*,,,*,,71.11377245509,18,98,39,12,49,118,145,,0,,,,69,98,1.2301809544757
1871118034,Fox,Ashley,,PHARM.D,I,431 Hamilton St,,Geneva,NY,36,14456,4,"Micropolitan area core: primary flow within an urban cluster of 10,000 to 49,999",US,Pharmacist,NPPES-Taxonomy,25,25,7275.39,25,25,,25,25,7275.39,25,,25,,25,7275.39,,0,0,,0,0,"#",,,*,,,,0,0,,25,7275.39,0,0,0,0,0,0,0,0,0,,0,0,0,,0,0,,0,77.96,0,,14,,13,12,24,,0,,0,0,0,25,0.7644
1871511162,Lyons,Andrew,W,M.D.,I,125 Park Dr,,Bronx,NY,36,10464,1,"Metropolitan area core: primary flow within an urbanized area of 50,000 and greater",US,Internal Medicine,Claim-Specialty,16113,16490.67,668616.34,344952,475,,16084,16461.67,667540.44,344125,"#",,,1766,449686.5,,14284,214780.26,,63,4149.58,,1731,59052.77,,14382,609563.57,,773,36742.99,,15340,631873.35,119,2858.5,3023,25,0.73853410289828,35,2226.38,1009,,29.411764705882,269,6021.29,137,,424,15625.13,*,,86.692631578947,,,,,343,132,446,,,,0,,31,444,1.9109167503337
1871512574,Mckenzie,Dexter,A,M.D.,I,490 New York Ave,Suite Lb1,Brooklyn,NY,36,11225,1,"Metropolitan area core: primary flow within an urbanized area of 50,000 and greater",US,Internal Medicine,NPPES-Specialty,3836,8412.98,462612.82,245838,278,,3354,7500.63,395632.84,219818,,251,,543,374614.59,,3173,82266.07,,120,5732.16,,3021,386047.2,,815,76565.62,,2729,346672.66,,1107,115940.16,20,200.86,147,,0.52137643378519,0,0,0,,0,62,399.32,39,,28,15017.42,*,,73.604316546763,27,121,91,39,164,114,11,218,,19,,27,166,112,1.2874508786912
1871522243,Campbell,Thomas,S,M.D.,I,2400 S Clinton Ave,Bldg H Suite 210,Rochester,NY,36,14618,1,"Metropolitan area core: primary flow within an urbanized area of 50,000 and greater",US,Internal Medicine,Claim-Specialty,9197,21068.05,776813.13,615090,754,,8823,20521.53,726285.16,599622,,734,,760,547169.31,,8358,226055.24,,79,3588.58,,7893,682159.02,,1304,94654.11,,1268,92843.36,,7929,683969.77,90,1349.46,2402,24,0.97857997172991,0,0,0,0,0,127,6389.21,93,,24,688.87,*,,75.827586206897,20,309,322,103,386,368,669,25,,,0,44,58,696,1.054388694011
1871523407,Chruscicki,Karen,M,MD,I,800 Ayrault Rd Ste 200,,Fairport,NY,36,14450,1,"Metropolitan area core: primary flow within an urbanized area of 50,000 and greater",US,Internal Medicine,Claim-Specialty,2550,6012.1,202576.34,175675,384,,2350,5673.1,191410.89,166308,,363,,296,135919.42,,2228,65770.8,,26,886.12,,2128,174930.95,,422,27645.39,,303,30369.85,,2247,172206.49,45,388.66,788,15,1.7647058823529,0,0,0,0,0,74,3849.05,40,*,,,*,,73.729166666667,21,186,142,35,221,163,352,,,,0,19,27,357,0.85913576286285
1871554543,Etzkorn,Emily,T,M.D.,I,5010 State Highway 30,Suite G-02,Amsterdam,NY,36,12010,2,"Metropolitan area high commuting: primary flow 30% or more to a urbanized area of 50,000 and greater",US,Internal Medicine,Claim-Specialty,6681,12230.23,813836.14,344103,327,,5086,10014.22,567882.69,282466,,275,,893,610534.16,,5693,200661.9,,95,2640.08,,4721,596992.78,,1960,216843.36,,3222,445174.43,,3459,368661.71,481,31149.87,12842,76,7.199521029786,102,17779.24,2996,14,21.205821205821,330,6699.55,125,,50,2746.39,*,,72.978593272171,52,131,85,59,223,104,298,0,,,0,14,106,221,1.4243804238726
1922762921,Kaur,Lukhpreet,,,I,652 Hempstead Tpke,,Franklin Square,NY,36,11010,1,"Metropolitan area core: primary flow within an urbanized area of 50,000 and greater",US,Pharmacist,NPPES-Taxonomy,27,27,6438.75,27,27,,27,27,6438.75,27,,27,,27,6438.75,,0,0,,0,0,*,,,"#",,,,0,0,,27,6438.75,0,0,0,0,0,0,0,0,0,,0,0,0,,0,0,,0,73.296296296296,0,19,,,13,14,23,0,,,0,,0,27,0.729
1922784883,Lin,Qing,,FNP,I,837 59th Street,,Brooklyn,NY,36,11220,1,"Metropolitan area core: primary flow within an urbanized area of 50,000 and greater",US,Nurse Practitioner,NPPES-Specialty,2351,2694.02,357540.44,76960,397,,2306,2646.46,344890.68,75720,"#",,,481,277553.26,,1854,79703.77,,16,283.41,,2257,349364.36,,94,8176.08,,2335,357201.9,,16,338.54,0,0,0,0,0,0,0,0,0,,28,162.32,27,*,,,*,,70.944584382872,,,,,186,211,,,393,0,0,,,,1.0674076087809
1932103769,Sharma,Nisha,,MD,I,12657 Seneca Rd,,Irving,NY,36,14081,10,"Rural areas: primary flow to a tract outside a urbanized area of 50,000 and greater or UC",US,Family Practice,Claim-Specialty,22470,49094.4,2685701.88,1441125,1739,,19324,43777.82,2274534.13,1286932,,1535,,3121,2173066.94,,19145,494964.77,,204,17670.17,,16313,1825472.68,,6157,860229.2,,6770,968476.23,,15700,1717225.65,99,746.82,1241,57,0.44058744993324,0,0,0,0,0,532,20868.36,341,,104,3762.64,,24,72.051178838413,204,883,492,160,1224,515,1620,14,,33,,56,386,1353,1.1175109198297
1932113669,Borgos,William,M,MD,I,38 Larose St,,Glens Falls,NY,36,12801,1,"Metropolitan area core: primary flow within an urbanized area of 50,000 and greater",US,Family Practice,Claim-Specialty,6675,13980.01,597420.79,407080,546,,5606,12262.2,485595.94,358491,,463,,776,479365.5,,5854,115379.85,,45,2675.44,,4744,380966.92,,1931,216453.87,,2053,223275.51,,4622,374145.28,253,9037.14,6187,42,3.7902621722846,31,5267.26,700,,12.252964426877,84,1138.93,56,,54,13403.78,*,,71.932234432234,83,237,166,60,255,291,514,,,,0,18,120,426,1.0799622029167
1932140381,Kolmetz,Melodie,J,PA,I,500 Hahnemann Trl,,Pittsford,NY,36,14534,1,"Metropolitan area core: primary flow within an urbanized area of 50,000 and greater",US,Physician Assistant,Claim-Specialty,631,636.04,28956.46,8808,190,"#",,,,,"#",,"#",,,,539,9273.75,*,,,,504,23913.12,,127,5043.34,,486,21906.07,,145,7050.39,38,328.48,760,20,6.0221870047544,,,,,,65,966.08,41,*,,,*,,83.978947368421,,,,,120,70,178,,,0,0,,147,43,1.9440240037594
1932153301,Callahan,Brian,D,,I,480 State Route 28,Suite 1,Boiceville,NY,36,12412,10.1,"Secondary flow 30% to <50% to a urbanized area of 50,000 and greater",US,Nurse Practitioner,Claim-Specialty,4449,8532.02,569757.46,244732,509,,4212,8212.02,547713.38,236144,,464,,607,486105.66,,3795,79634.25,,47,4017.55,,2296,200760.75,,2153,368996.71,,1035,200803.11,,3414,368954.35,31,386.24,355,24,0.69678579456058,,,,,,126,5853.59,96,,66,2488.31,,18,72.948919449902,45,256,160,48,240,269,466,,,13,0,21,120,389,1.0491187164977
1932203239,Brown,Collette,,FNP,I,360 E 193rd St,,Bronx,NY,36,10458,1,"Metropolitan area core: primary flow within an urbanized area of 50,000 and greater",US,Nurse Practitioner,Claim-Specialty,7830,14725.24,1399927.55,431308,434,,5664,11346.13,920431.42,333243,,318,,1680,1252504.77,,5842,138567.68,,308,8855.1,,7147,1265933.55,,683,133994,,7008,1298402,,822,101525.55,113,658.05,2294,21,1.4431673052363,,,,,,52,395.24,28,*,,,*,,69.559907834101,116,172,104,42,316,118,18,155,,242,,,347,87,1.4481810662205
1932261716,Hu,Jiong-Ming,,"M.D., PH.D",I,13620 38th Ave,5g,Flushing,NY,36,11354,1,"Metropolitan area core: primary flow within an urbanized area of 50,000 and greater",US,Cardiology,Claim-Specialty,30980,49643.68,3671239.03,1483768,1397,,30618,49182.99,3649385.38,1470173,,1381,,4172,3078794.03,,26704,588756.61,,104,3688.39,,24983,2751164.66,,5997,920074.37,,26227,2999864.71,,4753,671374.32,22,444.1,513,,0.071013557133635,0,0,0,,0,94,1645.05,62,,0,0,,0,76.644237652112,16,622,506,253,785,612,50,22,1260,28,0,37,1021,376,1.5088448217616
1932297579,Gilmour,Cynthia,,FNP,I,518 Broadway,,Monticello,NY,36,12701,7,"Small town core: primary flow within an urban cluster of 2,500 to 9,999",US,Nurse Practitioner,Claim-Specialty,6768,15322.7,784141.39,444352,776,,5777,13373.51,662297.14,388416,,667,,848,645888.56,,5863,135833.01,,57,2419.82,,2764,313843.77,,4004,470297.62,,2750,362737.12,,4018,421404.27,150,3702.08,4261,27,2.2163120567376,0,0,0,0,0,319,2547.84,278,,13,213.23,*,,71.913659793814,109,365,233,69,542,234,566,65,,102,,35,208,568,1.2009517621919
1932336179,Khaitin,Yelena,,M.D.,I,1415 Portland Ave,,Rochester,NY,36,14621,1,"Metropolitan area core: primary flow within an urbanized area of 50,000 and greater",US,Internal Medicine,NPPES-Taxonomy,3352,4519.37,356122.43,110084,169,,2925,3939.5,292085.69,96092,,151,,455,224052.55,,2877,131289.11,,20,780.77,,3327,354662.83,,25,1459.6,"#",,,*,,,35,430.77,562,21,1.0441527446301,,,,,,83,9162.08,45,,44,7057.97,,16,75.562130177515,18,68,53,30,102,67,93,52,,16,,,,,3.6173348030716
1932336518,Kless,Kevin,A,M.D.,I,259 Monroe Ave,,Rochester,NY,36,14607,1,"Metropolitan area core: primary flow within an urbanized area of 50,000 and greater",US,Family Practice,Claim-Specialty,3352,4858.48,528246.94,137023,275,,1611,2483.22,286083.31,71520,,126,,479,443882.48,,2852,83795.62,,21,568.84,,2731,436877.37,,621,91369.57,,2516,335525,,836,192721.94,77,3539.05,1964,17,2.2971360381862,11,631.78,308,,14.285714285714,44,627.6,25,,15,205.11,*,,61.443636363636,149,92,,,125,150,171,69,,28,0,,204,71,1.5906293350207
1932350600,Elchibani,Milad,A,PHARMD,I,1328 Abbott Rd,,Lackawanna,NY,36,14218,1,"Metropolitan area core: primary flow within an urbanized area of 50,000 and greater",US,Pharmacist,NPPES-Taxonomy,15,19,2946.63,193,15,"#",,,,,"#",,,13,2620.65,*,,,"#",,,"#",,,*,,,*,,,*,,,0,0,0,0,0,0,0,0,0,,0,0,0,*,,,*,,71.8,,,,,,,,,0,,0,0,,,1.3183166666667
1932369972,Caiazzo,Alexandra,,RPH,I,50 N Main St,,Ellenville,NY,36,12428,7,"Small town core: primary flow within an urban cluster of 2,500 to 9,999",US,Pharmacist,NPPES-Taxonomy,116,116,34187.68,116,105,"#",,,,,"#",,,116,34187.68,,0,0,,0,0,,45,13204.22,,71,20983.46,,21,6150.44,,95,28037.24,0,0,0,0,0,0,0,0,0,,0,0,0,*,,,*,,73.380952380952,,,,,52,53,87,,,,0,,15,90,1.0719080330663
1932371309,Searls,Margot,E,PA,I,1425 Portland Ave,,Rochester,NY,36,14621,1,"Metropolitan area core: primary flow within an urbanized area of 50,000 and greater",US,Physician Assistant,NPPES-Specialty,4025,5490.85,755193.31,138948,158,,3463,4800.67,647768.59,121442,,141,,491,539575.37,,3485,212600.79,,49,3017.15,"#",,,*,,,,4011,754262.64,,14,930.67,82,3558.97,1677,22,2.0372670807453,20,2894.04,375,,24.390243902439,56,31577.6,28,,96,5736.22,,12,75.26582278481,17,62,57,22,95,63,76,54,,22,,,,,3.3243138745881
1932381274,Brogcinski,Nicholas,R,PHARMD,I,1650 Elmwood Ave,,Rochester,NY,36,14620,1,"Metropolitan area core: primary flow within an urbanized area of 50,000 and greater",US,Pharmacist,NPPES-Taxonomy,26,26,5957.53,26,26,,26,26,5957.53,26,,26,,26,5957.53,,0,0,,0,0,"#",,,*,,,*,,,"#",,,0,0,0,0,0,0,0,0,0,,0,0,0,,0,0,,0,77.076923076923,0,12,,,14,12,19,,,0,0,,,,1.0490384615385
1932385069,Schulz,Cele,S,"MS, DNP",I,3332 Walden Ave,Ste 110,Depew,NY,36,14043,1,"Metropolitan area core: primary flow within an urbanized area of 50,000 and greater",US,Nurse Practitioner,NPPES-Specialty,1234,1246.96,67662.27,22646,193,,1185,1197.86,61794.8,21962,"#",,"#",,,,1069,24037.46,*,,,,1039,56642.68,,195,11019.59,,850,56274.2,,384,11388.07,55,1248.27,1121,39,4.4570502431118,,,,,,59,2803.88,44,,12,227.26,*,,82.694300518135,,,,,141,52,168,14,,,0,,157,36,2.4833760523339
1932413648,Magill,Courtney,,,I,6 Burns Ln,,Massapequa,NY,36,11758,1,"Metropolitan area core: primary flow within an urbanized area of 50,000 and greater",US,Pharmacist,NPPES-Taxonomy,127,127,29167.3,127,107,"#",,,,,"#",,,127,29167.3,,0,0,,0,0,,62,14580.88,,65,14586.42,*,,,"#",,,0,0,0,0,0,0,0,0,0,,0,0,0,*,,,*,,72.196261682243,,,,,58,49,99,,,,0,,,,0.80641121495327
1932477155,Zia,Zinnat,,,I,406 S Oyster Bay Rd,,Hicksville,NY,36,11801,1,"Metropolitan area core: primary flow within an urbanized area of 50,000 and greater",US,Pharmacist,NPPES-Taxonomy,21,21.5,5252.31,65,21,,21,21.5,5252.31,65,,21,,21,5252.31,,0,0,,0,0,*,,,"#",,,*,,,"#",,,0,0,0,0,0,0,0,0,0,,0,0,0,,0,0,,0,76.952380952381,0,,,,,,16,0,,0,0,,,,0.94104761904762
1932506094,Li,Michelle,,,I,4199 Main St Ste 201,,Flushing,NY,36,11355,1,"Metropolitan area core: primary flow within an urbanized area of 50,000 and greater",US,Physician Assistant,NPPES-Specialty,5341,7201.32,780686.96,207495,485,,5271,7099.32,774788.77,204602,,474,,1064,684834.51,,4206,92936.81,,71,2915.64,,5128,750971.46,,213,29715.5,,5113,759369.42,,228,21317.54,,,,,,,,,,,101,677.77,81,,0,0,,0,72.356701030928,11,328,105,41,266,219,,,450,17,0,,445,40,1.1231623113599
1932526845,Aung,Myo Myo,,M.D,I,198 Canal St Ste 401,,New York,NY,36,10013,1,"Metropolitan area core: primary flow within an urbanized area of 50,000 and greater",US,Internal Medicine,Claim-Specialty,6770,12970.85,926952.53,376867,545,,6584,12559.33,910188.8,364877,,529,,1039,744963.92,,5593,179718.16,,138,2270.45,,5807,773759.66,,963,153192.87,,6144,895096.46,,626,31856.07,,,,,,,,,,,290,1885.03,217,*,,,*,,73.311926605505,16,325,154,50,303,242,,,490,,0,31,456,89,1.2128865443425
1932567328,Paek,Una,,,I,"1939 Madison Ave # 1",,New York,NY,36,10035,1,"Metropolitan area core: primary flow within an urbanized area of 50,000 and greater",US,Pharmacist,NPPES-Taxonomy,39,39,11153.76,39,39,"#",,,,,"#",,,39,11153.76,,0,0,,0,0,,17,4443.29,,22,6710.47,*,,,"#",,,0,0,0,0,0,0,0,0,0,,0,0,0,*,,,*,,75.794871794872,,,,,20,19,29,,,,0,,,,1.1475056249136
1932762051,Tu,Wan,,MD,I,4199 Main St Ste 201,,Flushing,NY,36,11355,1,"Metropolitan area core: primary flow within an urbanized area of 50,000 and greater",US,Internal Medicine,Claim-Specialty,3059,4088.36,429625.68,116854,414,,2987,3992.56,419995.7,114138,"#",,,595,368404.58,,2431,60110.33,,33,1110.77,,2910,399911.41,,149,29714.27,,2843,419916.95,,216,9708.73,0,0,0,0,0,0,0,0,0,,121,827.67,97,*,,,*,,72.002415458937,,,,,238,176,,,371,20,0,,368,46,1.0752591061164
1942224688,Stornelli,David,P,MD,I,2400 S Clinton Ave Ste G2,,Rochester,NY,36,14618,1,"Metropolitan area core: primary flow within an urbanized area of 50,000 and greater",US,Internal Medicine,Claim-Specialty,9090,19167.93,1018943.83,558897,639,,7937,17455.34,876579.81,510352,,595,,1226,806183.34,,7752,208769.69,,112,3990.8,,7543,817733.66,,1547,201210.17,,2086,256683.71,,7004,762260.12,426,22175.34,11415,73,4.6864686468647,73,16105.75,2380,,17.136150234742,165,1398.21,108,,24,289.86,*,,74.712050078247,44,279,234,82,311,328,489,95,,16,,31,84,555,1.1481733051717
1942224910,Hillman,Roy,A,M.D.,I,200 S Broadway Ste 106,,Tarrytown,NY,36,10591,1,"Metropolitan area core: primary flow within an urbanized area of 50,000 and greater",US,Internal Medicine,Claim-Specialty,5139,5166.15,351210.2,125138,165,,4456,4483.15,299220.13,108505,,149,,764,238236.52,,4334,110005.3,,41,2968.38,,1112,61567.35,,4027,289642.85,,4563,317789.5,,576,33420.7,95,1163.88,1803,22,1.8486086787313,,,,,,120,16611.8,42,,246,35359.49,,28,82.593939393939,16,26,40,83,108,57,119,16,,21,0,,136,29,2.5332227829954
1942235213,Gupta,Renu,,MD,I,55 Mohawk St,,Cohoes,NY,36,12047,1,"Metropolitan area core: primary flow within an urbanized area of 50,000 and greater",US,Family Practice,Claim-Specialty,5079,6113.03,330939.09,155973,312,,4861,5870.37,320000.49,149260,,300,,692,221305.86,,4364,108336.38,,23,1296.85,,3131,202459.68,,1948,128479.41,,3027,184357.54,,2052,146581.55,98,1779.21,2339,27,1.929513683796,0,0,0,0,0,100,9091.94,55,,50,993.6,,15,81.589743589744,12,60,107,133,212,100,278,17,,,,,126,186,1.9965877687497
1942276100,Chhabra,Dalbir,,MD,I,26619 Union Tpke,,New Hyde Park,NY,36,11040,1,"Metropolitan area core: primary flow within an urbanized area of 50,000 and greater",US,Internal Medicine,Claim-Specialty,11915,12029.21,952677.85,300021,366,,10915,11029.21,891286.23,274681,,338,,2191,570307.09,,9698,381315.76,,26,1055,,10236,810330.5,,1679,142347.35,,11504,924153.25,,411,28524.6,52,868.1,1108,15,0.43642467477969,,,,,,296,36832.7,107,,195,9808.66,,34,78.96174863388,28,104,111,123,227,139,107,123,88,26,,,337,29,3.2833258438984
1942276530,Hu,Andy,K,M.D,I,839 58th St,2nd Floor,Brooklyn,NY,36,11220,1,"Metropolitan area core: primary flow within an urbanized area of 50,000 and greater",US,Internal Medicine,Claim-Specialty,18895,22134.26,2633501.24,649995,338,,18447,21457.69,2528013.49,630206,"#",,,4028,2313347.71,,14484,307092.48,,383,13061.05,,17217,2426731.3,,1678,206769.94,,18429,2589904.77,,466,43596.47,11,24.4,195,,0.058216459380789,0,0,0,,0,295,1957.07,156,*,,,*,,74.041420118343,,,,,181,157,,0,330,,0,,318,20,1.1591653112572
1942335096,Wang,Bin,,MD,I,13347 Sanford Ave Ste C1g,,Flushing,NY,36,11355,1,"Metropolitan area core: primary flow within an urbanized area of 50,000 and greater",US,Internal Medicine,Claim-Specialty,66384,100945.88,6940513.5299999,2921538,1575,,65727,100047.64,6845993.9699999,2896377,,1558,,8112,5176190.84,,56664,1725246.4,,1608,39076.29,,64242,6730061.9499999,,2142,210451.58,,64033,6749659.7999999,,2351,190853.73,38,599.81,627,11,0.057242709086527,0,0,0,0,0,1548,13081.07,782,,185,6844.83,,41,73.076825396825,17,1024,400,134,820,755,,,1543,,0,18,1416,159,1.3284439092263
1942369863,Gorski,John,F,M.D.,I,820 Jericho Tpke,,New Hyde Park,NY,36,11040,1,"Metropolitan area core: primary flow within an urbanized area of 50,000 and greater",US,Internal Medicine,Claim-Specialty,4668,11728.4,466078.47,341375,535,,4516,11400.4,456769.8,331809,,516,,576,385924.13,,4025,76614.46,,67,3539.88,,2205,185414.59,,2463,280663.88,,840,88169.68,,3828,377908.79,11,116.54,62,,0.235646958012,0,0,0,,0,187,1800.22,131,*,,,*,,76.682242990654,19,208,214,94,293,242,445,25,,24,,25,90,445,1.267048566584
1942381405,Mora-Mclaughlin,Fernando,S,MD,I,1225 Gerard Ave,,Bronx,NY,36,10452,1,"Metropolitan area core: primary flow within an urbanized area of 50,000 and greater",US,Internal Medicine,Claim-Specialty,25901,47763.22,6850660.83,1400320,840,,20782,39761.26,5489246.21,1167741,,720,,5756,6148572.32,,18784,672981.24,,1361,29107.27,,24671,6534625.95,,1230,316034.88,,24845,6632413.5,,1056,218247.33,613,10711.95,14929,119,2.366703988263,39,3387.38,1170,,6.3621533442088,180,3075.72,93,,26,385.75,*,,70.988095238095,120,448,223,49,501,339,36,73,,708,,13,730,110,1.1030439059072
1942393152,Duret,Danielle,,MD,I,Mmg - University Avenue,105 West 188th Street,Bronx,NY,36,10468,1,"Metropolitan area core: primary flow within an urbanized area of 50,000 and greater",US,Internal Medicine,Claim-Specialty,21001,37248.5,2547020.98,1092163,713,,17219,31054.67,2035773.59,912475,,592,,3080,2115022.08,,17300,414610.87,,621,17388.03,,19781,2370299.57,,1220,176721.41,,19819,2258266.6,,1182,288754.38,322,24837.76,8061,68,1.5332603209371,12,20393.64,360,,3.7267080745342,153,35386.92,111,,66,5436.15,,17,71.39270687237,121,353,169,70,538,175,18,85,19,583,,,616,97,1.4184529758101
1942416284,Wong,Peter,,RPAC,I,234 E 149th St,,Bronx,NY,36,10451,1,"Metropolitan area core: primary flow within an urbanized area of 50,000 and greater",US,Physician Assistant,Claim-Specialty,18486,28217.3,3437559.61,816744,1317,,18095,27700.63,3363522.78,802026,,1289,,4184,2797116.08,,14077,632818.57,,225,7624.96,,17325,3277622.26,,1161,159937.35,,18165,3417778.44,,321,19781.17,,,,,,,,,,,400,22609.39,328,,62,1770.87,,20,74.002277904328,28,775,361,153,699,618,,,1281,16,0,14,1250,67,1.3717550416158
1942434824,Weber,Ryan,W,D.O.,I,9900 Main St,,Clarence,NY,36,14031,1,"Metropolitan area core: primary flow within an urbanized area of 50,000 and greater",US,Family Practice,Claim-Specialty,5020,9962.32,719384.25,292100,551,,4568,9175.85,653352.68,269180,,497,,744,625758.36,,4244,91722.68,,32,1903.21,,3839,547954.49,,1181,171429.76,,1395,248497.18,,3625,470887.07,121,2733.12,2775,40,2.4103585657371,,,,,,91,28332.88,51,,29,236.54,*,,73.079854809437,54,278,145,74,339,212,506,17,,,0,12,122,429,1.2815631732762
1942462957,Elkins,Cinthia,L,"MD, PHD",I,82 Copeland Ave,,Homer,NY,36,13077,4,"Micropolitan area core: primary flow within an urban cluster of 10,000 to 49,999",US,Family Practice,Claim-Specialty,12115,23807.76,1479094.56,690824,922,,9296,19325.44,1036639.55,563295,,794,,1659,1147051.56,,10297,325321.96,,159,6721.04,,7967,913276,,4148,565818.56,,6562,1009766.38,,5553,469328.18,347,10222.2,7795,87,2.8642179116797,52,5298.79,1453,,14.985590778098,234,3258.61,155,,121,6423.19,,29,72.812364425163,128,403,263,128,643,279,846,15,,16,,31,334,588,1.308012307929
1942471255,Harper,Ann-Marie,,PA-C,I,5100 W Taft Rd,Suite 1c,Liverpool,NY,36,13088,1,"Metropolitan area core: primary flow within an urbanized area of 50,000 and greater",US,Physician Assistant,Claim-Specialty,1957,1983.01,189514.88,42979,201,,1844,1857.54,181659.52,39971,"#",,"#",,,,1633,42203.07,*,,,,1246,130466.78,,711,59048.1,,1220,124245.23,,737,65269.65,146,3765.11,3220,52,7.4603985692386,,,,,,179,3257.05,83,,72,29360.93,*,,83.10447761194,,,,,129,72,179,11,,,,,118,83,2.3679271781991
1942536537,Sherman,Diana,,M.D.,I,99 E State St,,Gloversville,NY,36,12078,4,"Micropolitan area core: primary flow within an urban cluster of 10,000 to 49,999",US,Internal Medicine,Claim-Specialty,7366,15611.8,1160544.5,454579,527,,5749,12918.31,884366.14,376960,,429,,1325,1008691.11,,5943,148387.69,,98,3465.7,,5980,966117.11,,1386,194427.39,,3643,677434.58,,3723,483109.92,319,20294.39,7902,68,4.3307086614173,52,15033.03,1506,,16.300940438871,130,5273.6,77,,21,471.47,*,,71.776091081594,98,211,156,62,333,194,494,,,11,0,13,200,327,1.2637522593279
1942613344,Walker,Lishan,J,MD,I,10 S Pointe Lndg Ste 250,,Rochester,NY,36,14606,1,"Metropolitan area core: primary flow within an urbanized area of 50,000 and greater",US,Family Practice,Claim-Specialty,4631,10313.84,395054.17,301422,354,,3885,9037.77,318546.71,264905,,299,,451,288753.41,,4149,105541.28,,31,759.48,,4049,335899.81,,582,59154.36,,1256,131089.91,,3375,263964.26,73,6794.51,1697,16,1.576333405312,16,6114.01,456,,21.917808219178,52,739.8,39,*,,,*,,70.675141242938,55,180,88,31,248,106,283,43,,,,16,75,279,0.97055737053271
1942621263,Tun,Nilar,,,I,33 Essex St Apt 9,,New York,NY,36,10002,1,"Metropolitan area core: primary flow within an urbanized area of 50,000 and greater",US,Student in an Organized Health Care Education/Training Program,NPPES-Taxonomy,21977,28719.73,3999293.81,837250,704,,21431,27924.04,3903449.98,814336,,680,,5449,3536564.81,,16151,455179.9,,377,7549.1,,20255,3689771.62,,1722,309522.19,,21336,3921704.11,,641,77589.7,,,,,,,,,,,322,1881.22,212,,76,5074.01,,22,74.474431818182,24,375,213,92,376,328,14,,662,19,0,,642,62,1.2149858078217
1942680897,Kong,Li,,M.D.,I,"13668 Roosevelt Ave # 5d",,Flushing,NY,36,11354,1,"Metropolitan area core: primary flow within an urbanized area of 50,000 and greater",US,Internal Medicine,NPPES-Specialty,3560,5904.2,884793.42,170533,231,,3548,5890.2,882664.7,170113,"#",,,791,782020.53,,2690,101309.44,,79,1463.45,,3493,878885.52,,67,5907.9,,3362,868686.65,,198,16106.77,0,0,0,0,0,0,0,0,0,,107,972.74,68,*,,,*,,73.121212121212,,,,,128,103,,0,209,,0,,186,45,1.1044711399711
1942722111,Zhou,Yuan Xiu,,FNP,I,13626 37th Ave,,Flushing,NY,36,11354,1,"Metropolitan area core: primary flow within an urbanized area of 50,000 and greater",US,Nurse Practitioner,NPPES-Specialty,11128,12590.88,2109305.12,358917,419,,10796,12122.39,1995749.82,345499,,405,,2581,1628037.97,,8307,478024.77,,240,3242.38,,10690,1979970.95,,438,129334.17,,10807,2086154,,321,23151.12,31,486.24,438,14,0.27857656362329,,,,,,290,5053.62,162,,25,3982.46,*,,72.317422434368,14,274,102,29,232,187,,,405,,0,,368,51,1.1598167088633
1952303281,Treatman,David,,M.D.,I,416 37th St,,Brooklyn,NY,36,11232,1,"Metropolitan area core: primary flow within an urbanized area of 50,000 and greater",US,Family Practice,Claim-Specialty,5825,10771.32,1257792.93,305753,244,,4692,8858.8,937477.35,251442,,202,,1359,947976.49,,4380,304533.61,,86,5282.83,,3714,756598.49,,2111,501194.44,,4500,1058065.48,,1325,199727.45,209,9961.4,4670,29,3.587982832618,12,2317.73,360,,5.7416267942584,212,4547.04,88,,12,550.26,*,,70.598360655738,42,120,62,20,164,80,63,25,,142,0,,138,106,1.3482654874681
1952309460,Upadhyayula,Nagendra,P,MD,I,1003 Main St,,Fishkill,NY,36,12524,1,"Metropolitan area core: primary flow within an urbanized area of 50,000 and greater",US,Anesthesiology,Claim-Specialty,3031,3042.45,178954.93,79750,565,,1551,1561.45,125464.83,36926,,422,,386,108479.24,,2645,70475.69,,0,0,,1554,75685.96,,1477,103268.97,,1535,69194.36,,1496,109760.57,1912,67724.96,56607,236,63.081491257011,113,17065.72,3337,14,5.9100418410042,29,285.1,24,,0,0,,0,68.899115044248,143,257,131,34,339,226,466,36,,32,,23,170,395,1.5088723976389
1952329591,Powers,Catherine,E,MD,I,17 Sherman St,Suite 2100,Jamestown,NY,36,14701,4,"Micropolitan area core: primary flow within an urban cluster of 10,000 to 49,999",US,Family Practice,Claim-Specialty,6385,6543.7,301898.85,75562,142,,5448,5589.52,244002.13,66290,"#",,,606,212435.42,,5755,88139.18,,24,1324.25,,4349,217349.48,,2036,84549.37,,5858,274472.97,,527,27425.88,346,11456.67,6544,52,5.4189506656226,70,8363.59,1771,,20.231213872832,135,1891.08,40,,46,19751.08,*,,82.359154929577,,,,,108,34,137,0,0,,0,,86,56,1.69631228482
1952348724,Santana,Domingo,A,MD,I,2869 Grand Concourse,Ste 1,Bronx,NY,36,10468,1,"Metropolitan area core: primary flow within an urbanized area of 50,000 and greater",US,Internal Medicine,NPPES-Specialty,11395,23602.49,1198608.65,699583,746,,9965,20990.42,1012047.69,622598,,670,,1183,902871.05,,9653,282962.42,,559,12775.18,,11105,1186574.84,,290,12033.81,,10690,1145960.58,,705,52648.07,,,,,,,,,,,59,444.11,46,,28,220.76,*,,72.288203753351,76,396,212,62,394,352,,17,,715,0,,661,85,1.0440207420347
1952355794,Call,Andrew,,M.D.,I,5586 Legionnaire Dr Ste 1,,Cicero,NY,36,13039,1,"Metropolitan area core: primary flow within an urbanized area of 50,000 and greater",US,Family Practice,Claim-Specialty,4939,10621.08,448276.38,304175,1154,,4386,9656.74,385242.52,276956,,1063,,596,358719.99,,4300,88149.14,,43,1407.25,,3073,251741.72,,1866,196534.66,,983,117317.36,,3956,330959.02,63,1650.63,1323,40,1.2755618546264,,,,,,239,1745.31,171,*,,,*,,74.254766031196,91,519,400,144,619,535,1082,13,12,,,41,158,996,1.0068902260649
1952358137,Race-Robinson,Cheryl,L,NP,I,4101 E Genesee St,,Syracuse,NY,36,13214,1,"Metropolitan area core: primary flow within an urbanized area of 50,000 and greater",US,Registered Nurse,NPPES-Taxonomy,1788,1799.59,185272.38,36647,173,,1540,1550.93,153284.99,31549,"#",,,354,140630.19,,1392,42354.33,,42,2287.86,,1758,184599.22,,30,673.16,,1777,185201.44,,11,70.94,215,3716.5,5160,52,12.024608501119,32,495.82,915,,14.883720930233,230,17281.75,92,,42,31407.28,*,,80.849710982659,,,,,122,51,150,17,0,,,,,,2.4927968898025
1952374613,Bernard,Marguerite,,MD,I,85 W Burnside Ave,,Bronx,NY,36,10453,1,"Metropolitan area core: primary flow within an urbanized area of 50,000 and greater",US,Internal Medicine,NPPES-Specialty,9949,21184.27,2242404.09,631614,478,,8600,18500.07,1681982.91,551803,,392,,1811,1912055.82,,7734,317126.85,,404,13221.42,,9215,1844106.67,,734,398297.42,,9330,2152065.7,,619,90338.39,,,,,,,,,,,36,263.23,25,,12,49.43,*,,70.219665271967,86,245,114,33,349,129,13,138,,312,,,418,60,1.2387961121056
1952394520,Mcswain,Mark,W,M.D.,I,161 Genesee St,Suite 203,Auburn,NY,36,13021,4,"Micropolitan area core: primary flow within an urban cluster of 10,000 to 49,999",US,Internal Medicine,Claim-Specialty,16649,21208.8,3469372.8500002,303700,9146,,15438,19673.73,3277550.3500001,278111,,8631,,11789,3388108.5100002,,4807,78224.71,,53,3039.63,,10729,2259612.96,,5920,1209759.89,,2595,521276.79,,14054,2948096.0600001,92,1744.72,2231,21,0.55258574088534,,,,,,192,2428.9,100,,14,116.05,*,,73.405095123551,515,4896,2998,737,5140,4006,8102,423,89,110,16,406,1222,7924,1.0182252989521
1952456808,Jordan,Michael,R,M.D.,I,325 Essjay Rd,,Williamsville,NY,36,14221,1,"Metropolitan area core: primary flow within an urbanized area of 50,000 and greater",US,Family Practice,Claim-Specialty,5808,11965.79,650533.29,343214,894,,5415,11237.09,588043.22,322495,,838,,759,514747.77,,4982,132326.89,,67,3458.63,,4616,521963.72,,1192,128569.57,,778,141338.37,,5030,509194.92,152,4838.18,5131,61,2.6170798898072,,,,,,175,1011.46,125,*,,,*,,74.043624161074,56,452,274,112,478,416,808,46,,,0,31,100,794,1.3942231064676
1952463937,Daskalakis,Demetre,C,MD,I,275 7th Ave Fl 12,,New York,NY,36,10001,1,"Metropolitan area core: primary flow within an urbanized area of 50,000 and greater",US,Internal Medicine,NPPES-Taxonomy,64,72,11947.78,971,50,"#",,,,,"#",,,61,11937.24,*,,,"#",,,,47,9129.45,,17,2818.33,,35,6778.9,,29,5168.88,0,0,0,0,0,0,0,0,0,,0,0,0,*,,,*,,74.58,,,,,35,15,18,,,21,0,,26,24,1.000535
1952533044,Omar,Rehab,M,PHARMD,I,5005 5th Ave,,Brooklyn,NY,36,11220,1,"Metropolitan area core: primary flow within an urbanized area of 50,000 and greater",US,Pharmacist,NPPES-Taxonomy,20,20,5528.47,20,18,,20,20,5528.47,20,,18,,20,5528.47,,0,0,,0,0,*,,,"#",,,*,,,"#",,,0,0,0,0,0,0,0,0,0,,0,0,0,,0,0,,0,72.666666666667,0,13,,,,,,0,0,,0,0,,,1.5428282331528
1952587990,Wilkens,Kari,A,PHARM.D.,I,40 Lariviere Dr,,Buffalo,NY,36,14202,1,"Metropolitan area core: primary flow within an urbanized area of 50,000 and greater",US,Pharmacist,NPPES-Taxonomy,43,43,10849.15,43,43,"#",,,,,"#",,,43,10849.15,,0,0,,0,0,,24,5524.66,,19,5324.49,*,,,"#",,,0,0,0,0,0,0,0,0,0,,0,0,0,*,,,*,,72.790697674419,,,,,24,19,39,,0,0,0,,,,0.95094732113865
1952633760,Bakhchi,Anna,,,I,100 Delancey St,,New York,NY,36,10002,1,"Metropolitan area core: primary flow within an urbanized area of 50,000 and greater",US,Pharmacist,NPPES-Taxonomy,21,21,4248.99,21,19,"#",,,,,"#",,,21,4248.99,,0,0,,0,0,*,,,"#",,,*,,,"#",,,0,0,0,0,0,0,0,0,0,,0,0,0,*,,,*,,73.631578947368,,,,,,,13,,0,,0,,,,0.76152631578947
1952694382,Aristy,Jose,D,MD,I,295 Fort Washington Ave Apt C,,New York,NY,36,10032,1,"Metropolitan area core: primary flow within an urbanized area of 50,000 and greater",US,Internal Medicine,Claim-Specialty,10260,24181.46,2640804.62,718277,467,,9186,21741.96,2367796.82,646023,,418,,2102,2425532.56,,7927,207135.61,,231,8136.45,,9664,2512569.72,,596,128234.9,,9485,2541661.47,,775,99143.15,0,0,0,0,0,0,0,0,0,,98,14814.74,67,,37,30805.5,*,,73.175588865096,49,236,123,59,289,178,20,20,,418,0,,396,71,1.4345035953368
1952721490,Fuller,William,S,M.D.,I,622 W 168th St,,New York,NY,36,10032,1,"Metropolitan area core: primary flow within an urbanized area of 50,000 and greater",US,Internal Medicine,Claim-Specialty,6338,13093.43,1159191.23,387445,360,,5520,11637.74,1016107.02,344617,,302,,1199,1030464.85,,4992,123465.41,,147,5260.97,,5397,994658.41,,941,164532.82,,5991,1113120.2,,347,46071.03,,,,,,,,,,,16,629.36,11,,55,1005.07,,11,71.613888888889,58,158,107,37,238,122,14,51,,282,,,324,36,1.6181440570372
1952779530,Coppola,Kurt,,RPH,I,5206 W Genesee St,,Camillus,NY,36,13031,1,"Metropolitan area core: primary flow within an urbanized area of 50,000 and greater",US,Pharmacist,NPPES-Taxonomy,51,51,11604.46,51,51,"#",,,,,"#",,,51,11604.46,,0,0,,0,0,,40,9269.65,,11,2334.81,*,,,"#",,,0,0,0,0,0,0,0,0,0,,0,0,0,*,,,*,,74.607843137255,,,,,25,26,47,,0,,0,,,,1.2057711303794
1952821118,Mcdonald,Helen,T,FNP-BC,I,326 S Pearl St,,Albany,NY,36,12202,1,"Metropolitan area core: primary flow within an urbanized area of 50,000 and greater",US,Nurse Practitioner,Claim-Specialty,5130,6578.62,477569.99,165340,515,,4525,5411.68,345226.29,131413,,433,,870,370661.18,,4178,102951.06,,82,3957.75,,3173,359430.88,,1957,118139.11,,3110,347905.08,,2020,129664.91,159,1975.2,2181,75,3.0994152046784,,,,,,191,4623.36,87,,76,1854.06,,27,77.473786407767,82,108,133,192,337,178,356,118,,22,,12,295,220,1.7821894433094
1952883951,Andrews,Shonna,,PHARMD,I,476 William St,,Buffalo,NY,36,14206,1,"Metropolitan area core: primary flow within an urbanized area of 50,000 and greater",US,Pharmacist,NPPES-Taxonomy,184,185,46761.38,245,161,,170,171,44583.59,229,,148,,180,46390.01,*,,,"#",,,,131,33292.95,,53,13468.43,,30,7686.46,,154,39074.92,0,0,0,0,0,0,0,0,0,,0,0,0,,0,0,,0,73.590062111801,13,75,57,16,95,66,148,,,,0,,22,139,1.5740295622065
1952895567,Eisenberg,Lily,S,MD,I,731 White Plains Rd,,Bronx,NY,36,10473,1,"Metropolitan area core: primary flow within an urbanized area of 50,000 and greater",US,Family Practice,Claim-Specialty,2816,4762.85,446046.1,139525,255,,2251,3819.12,312874.66,112231,,196,,568,382907.16,,2122,48671.68,,126,14467.26,,2364,384018.71,,452,62027.39,,2504,410106.35,,312,35939.75,,,,,,,,,,,24,258.18,20,*,,,*,,68.850980392157,59,114,64,18,172,83,16,99,,126,0,,206,49,1.2440265259088
1952967382,Mazzawi-Lockwood,Stephanie,,MD,I,1780 Hanshaw Rd,,Ithaca,NY,36,14850,1,"Metropolitan area core: primary flow within an urbanized area of 50,000 and greater",US,Family Practice,Claim-Specialty,2932,6468.53,141035.75,188179,326,,2556,5852.33,117202.09,170595,,305,,324,90462.94,,2591,50218.39,,17,354.42,,2875,118073.34,,57,22962.41,,638,40686.86,,2294,100348.89,198,4184.6,4475,46,6.7530695770805,,,,,,32,812.49,24,,28,412.21,*,,74.539877300613,21,154,112,39,226,100,295,,,12,,,44,282,1.149977491045
1962086868,Thomas,Deslene,,MD,I,23 Kiernan Rd,,Campbell Hall,NY,36,10916,2,"Metropolitan area high commuting: primary flow 30% or more to a urbanized area of 50,000 and greater",US,General Practice,Claim-Specialty,1018,1303.23,194581.53,31383,192,,989,1268.23,186984.04,30484,"#",,,335,178384.4,,662,15231.71,,21,965.42,,211,114161.08,,807,80420.45,,882,176685,,136,17896.53,,,,,,,,,,,90,1135.03,35,,31,5726.17,*,,79.53125,,,,,129,63,123,17,,46,0,,160,32,2.2784083820911
1962135319,Lau,Cathy,,NP,I,3808 Union St Ste 7c,,Flushing,NY,36,11354,1,"Metropolitan area core: primary flow within an urbanized area of 50,000 and greater",US,Nurse Practitioner,NPPES-Specialty,1677,2103.56,153855.87,60187,178,,1615,2033.21,147861.81,58268,"#",,,210,92264.22,,1447,60921.4,,20,670.25,,1541,138353.8,,136,15502.07,,1492,142832.93,,185,11022.94,0,0,0,0,0,0,0,0,0,,16,57.22,12,,0,0,*,,72.061797752809,,,,,99,79,,,161,,0,,147,31,1.0276052093973
1962407627,Ajemian,Gregory,,M.D.,I,"225 Nassau Blvd # B",,W Hempstead,NY,36,11552,1,"Metropolitan area core: primary flow within an urbanized area of 50,000 and greater",US,Internal Medicine,Claim-Specialty,3987,8845.55,684776.55,255014,403,,3615,8132.41,592784.54,234516,,376,,682,592147.43,,3256,90573.58,,49,2055.54,,1458,263210.59,,2529,421565.96,,730,134974.02,,3257,549802.53,0,0,0,0,0,0,0,0,0,,114,1329.48,81,,17,1409.87,*,,74.880893300248,27,183,132,61,172,231,315,28,,26,,24,59,344,1.3692511646837
1962422972,He,Xiaorong,,M.D.,I,8701 Justice Ave,,Elmhurst,NY,36,11373,1,"Metropolitan area core: primary flow within an urbanized area of 50,000 and greater",US,Internal Medicine,Claim-Specialty,39213,49181.24,5332750.23,1425432,701,,38929,48826.04,5320202.65,1415211,,690,,7505,4293238.51,,31045,1019997.58,,663,19514.14,,34394,4613876.71,,4819,718873.52,,37091,5143251.9,,2122,189498.33,0,0,0,0,0,0,0,0,0,,768,5127.62,392,,36,715.23,*,,77.563480741797,11,281,231,178,411,290,,,670,,0,18,572,129,1.1454796083947
1962425561,Mcginnis,Mary Joyce,,M.D.,I,24 Computer Dr W,,Albany,NY,36,12205,1,"Metropolitan area core: primary flow within an urbanized area of 50,000 and greater",US,Obstetrics & Gynecology,Claim-Specialty,769,1391.05,126177.55,33133,392,,725,1308.85,123035.78,31039,,373,,282,99307.73,,487,26869.82,,0,0,,393,54407.98,,376,71769.57,,73,7227.32,,696,118950.23,,,,,,,,,,,32,318.33,20,,0,0,,0,77.436224489796,19,143,126,104,324,68,371,,,,0,12,31,361,1.0835457057823
1962442517,Berman,David,H,M.D.,I,120 E 86th St,2nd Floor,New York,NY,36,10028,1,"Metropolitan area core: primary flow within an urbanized area of 50,000 and greater",US,Gastroenterology,Claim-Specialty,898,1602.67,199677.74,45604,171,"#",,,,,"#",,"#",,,,740,26357.68,*,,,,178,11279.89,,720,188397.85,,89,122947.24,,809,76730.5,,,,,,,,,,,19,219.59,15,*,,,*,,74.994152046784,,,,,92,79,134,14,,,0,12,14,157,0.82493859649123
1962442699,Lam,Kin,,MD,I,110 Lafayette St Ste 601,,New York,NY,36,10013,1,"Metropolitan area core: primary flow within an urbanized area of 50,000 and greater",US,Hematology-Oncology,Claim-Specialty,9691,16692.43,12249546,477026,1006,,9568,16508.37,12145552.54,471849,,979,,1998,10942506.5,,7564,1303904.71,,129,3134.79,,7854,9998514.39,,1837,2251031.61,,8486,11705487.36,,1205,544058.64,97,2081.3,1916,47,1.0009286967289,,,,,,290,2157.82,203,,41,1342.93,,11,76.744532803181,27,436,315,228,597,409,,,967,12,0,23,838,168,1.9116669556873
1962451344,Koretz,Daniel,J,M.D.,I,6200 Slocum Rd,,Ontario,NY,36,14519,1,"Metropolitan area core: primary flow within an urbanized area of 50,000 and greater",US,Internal Medicine,Claim-Specialty,2992,3358,672130.53,28967,2081,,2788,3107.66,628577.3,24594,,1972,,2495,663810.71,"#",,,*,,,,2574,576882.44,,418,95248.09,,476,91711.15,,2516,580419.38,,,,,,,,,,,35,360.31,28,*,,,*,,73.673714560308,109,1085,725,162,1150,931,1901,35,,21,,120,233,1848,0.94983509902266
1962488254,Pong,Perry,,MD,I,268 Canal St,,New York,NY,36,10013,1,"Metropolitan area core: primary flow within an urbanized area of 50,000 and greater",US,Internal Medicine,NPPES-Specialty,5315,11715.52,830499.69,347763,320,,5044,11175.77,771143.74,331775,,300,,649,610165.07,,4591,217648.16,,75,2686.46,,4066,550514.42,,1249,279985.27,,4548,703339.4,,767,127160.29,0,0,0,0,0,0,0,0,0,,15,211.84,13,*,,,*,,75.33125,20,137,104,59,152,168,18,,283,,0,,254,66,1.0826336948305
1962494948,Ramirez,Julio,A,MD,I,1 East Tremont Avenue,,Bronx,NY,36,10453,1,"Metropolitan area core: primary flow within an urbanized area of 50,000 and greater",US,Internal Medicine,Claim-Specialty,12676,25847.6,2560930.04,766463,650,,10799,23238.7,2267210.99,689746,,557,,2457,2309136.85,,9766,244074.6,,453,7718.59,,12222,2488493.46,,454,72436.58,,12107,2502336.77,,569,58593.27,35,584.73,608,13,0.27611233827706,0,0,0,0,0,49,509.26,35,,21,604.5,*,,71.687692307692,93,333,172,52,324,326,,16,0,628,0,,600,50,1.1850606287443
1962514034,Goldberg,Roy,J,MD,I,2000 E Gun Hill Rd,,Bronx,NY,36,10469,1,"Metropolitan area core: primary flow within an urbanized area of 50,000 and greater",US,Geriatric Medicine,Claim-Specialty,1647,1654.43,91384.51,41121,54,,1613,1620.43,89219.77,40175,"#",,"#",,,,1247,44567.97,*,,,,113,7628.46,,1534,83756.05,,685,43986.44,,962,47398.07,12,144.78,182,,0.72859744990893,,,,,,34,683.14,17,,108,7320.06,*,,84.481481481481,,,,,35,19,51,0,,,0,0,23,31,1.8265787037037
1962514646,Mcadam,Kelly,S,MD,I,601 Elmwood Ave,,Rochester,NY,36,14642,1,"Metropolitan area core: primary flow within an urbanized area of 50,000 and greater",US,Internal Medicine,Claim-Specialty,8144,21036.38,461456.49,617216,1270,,7693,20072.46,430385.36,589258,,1202,,765,304556.39,,7210,153010.21,,169,3889.89,,8086,451138.46,,58,10318.03,,1158,98976.11,,6986,362480.38,664,14304.41,16394,162,8.1532416502947,75,1598.13,2083,14,11.295180722892,129,1641.88,106,,16,298.26,*,,74.802362204724,68,561,474,167,818,452,1090,28,,104,,25,146,1124,1.2245331568818
1962546499,Sanchez,Janet,I,M.D.,I,4032 Forley St,,Elmhurst,NY,36,11373,1,"Metropolitan area core: primary flow within an urbanized area of 50,000 and greater",US,Internal Medicine,Claim-Specialty,12189,26780.8,5298981.14,788695,590,,11434,25181.62,4987424.45,741799,,554,,3927,4880719.78,,8008,409212.56,,254,9048.8,,10795,4659699.87,,1394,639281.27,,10283,5019708.45,,1906,279272.69,91,2884.98,2391,17,0.74657478053983,0,0,0,0,0,244,105960.42,162,,57,62841.42,,16,75.403389830508,36,251,220,83,433,157,23,,,549,0,,429,161,1.050593260402
1962547331,Zevallos,Augusto,A,M.D.,I,351 Onderdonk Ave,,Ridgewood,NY,36,11385,1,"Metropolitan area core: primary flow within an urbanized area of 50,000 and greater",US,Family Practice,Claim-Specialty,6100,11240.18,558659.62,331983,348,,5689,10606.15,535722.34,313414,,319,,709,465947.19,,5262,89052.9,,129,3659.53,,5688,504229.91,,412,54429.71,,5359,507674.61,,741,50985.01,,,,,,,,,,,56,20895.04,41,,29,1213.66,*,,72.824712643678,29,181,102,36,215,133,12,,,327,0,,287,61,1.2145157516646
1962550202,Coghlan,Lorinda,L,,I,50 Lakefront Blvd,Suite 130,Buffalo,NY,36,14202,1,"Metropolitan area core: primary flow within an urbanized area of 50,000 and greater",US,Nurse Practitioner,Claim-Specialty,6858,6886.62,448024.25,148287,278,,6388,6416.55,420106.2,138338,,253,,1280,280503.99,,5541,165525.21,,37,1995.05,,2682,172934.72,,4176,275089.53,,6329,422047.07,,529,25977.18,329,6822.7,6030,82,4.7973170020414,,,,,,245,8120.4,107,,165,7699.97,,44,79.219424460432,25,61,97,95,180,98,253,16,,,0,,239,39,2.4008267681014
1962586727,Orsi,Richard,,,I,4164 Route 2,,Cropseyville,NY,36,12052,2,"Metropolitan area high commuting: primary flow 30% or more to a urbanized area of 50,000 and greater",US,Family Practice,Claim-Specialty,6615,15649.18,458222.8,459394,628,,6191,14740.18,427669.97,432851,,581,,626,351023.48,,5892,103651.46,,97,3547.86,,4821,301998.59,,1794,156224.21,,862,69069.89,,5753,389152.91,101,4381.58,2600,33,1.5268329554044,,,,,,165,2513.66,117,,27,1272.09,*,,74.710191082803,47,274,214,93,269,359,599,,,,0,15,71,557,1.1741511238007
1962591750,Zhao,Jiansheng,,MD,I,3907 Prince Street,Suite 4f,Flushing,NY,36,11354,1,"Metropolitan area core: primary flow within an urbanized area of 50,000 and greater",US,Internal Medicine,Claim-Specialty,15793,30454.64,1858799.99,887037,552,,15625,30101.61,1818080.75,876635,,540,,1953,1441541.62,,13668,414304.51,,172,2953.86,,14965,1700633.11,,828,158166.88,,14186,1703698.3,,1607,155101.69,0,0,0,0,0,0,0,0,0,,317,1879.73,182,,48,4442.03,,14,73.057971014493,12,346,148,46,264,288,,,522,,0,12,437,115,1.2638030149592
1962598490,Garfinkel,Abraham,G,M.D.,I,15 Hamilton Ave,,Monticello,NY,36,12701,7,"Small town core: primary flow within an urban cluster of 2,500 to 9,999",US,Family Practice,Claim-Specialty,8071,14130.04,999948.18,407739,534,,7233,12938.7,908680.84,372998,,499,,1246,846491.47,,6744,149046.17,,81,4410.54,,3449,379717.19,,4622,620230.99,,2270,254529.94,,5801,745418.24,529,13261.48,14358,81,6.554330318424,18,354.9,517,,3.4026465028355,232,2554.88,134,,82,5553.49,,20,73.164794007491,35,278,185,36,274,260,430,49,,34,,19,88,446,1.0621257287696
1962665737,Elguero,Carlos,L,MD,I,391 Myrtle Avenue,Suite 4a,Albany,NY,36,12208,1,"Metropolitan area core: primary flow within an urbanized area of 50,000 and greater",US,Family Practice,Claim-Specialty,4677,7979.21,615689.85,225553,345,,3687,6240.12,422500.07,174762,,273,,812,480742.78,,3814,130503.58,,51,4443.49,,3511,451496.5,,1166,164193.35,,3770,531815.97,,907,83873.88,149,2969.92,3555,33,3.1858028650845,,,,,,76,22928.48,30,,68,1678.19,,12,71.533333333333,72,139,83,51,219,126,160,70,,97,,14,218,127,1.5175901632296
1962678458,Ye,Wei,,D.O.,I,4235 Main St Ste 3n,,Flushing,NY,36,11355,1,"Metropolitan area core: primary flow within an urbanized area of 50,000 and greater",US,Family Practice,Claim-Specialty,9842,17008.51,1830661.22,492170,599,,9643,16627.54,1791852.47,481019,,585,,2181,1560874.22,,7522,266270.57,,139,3516.43,,9132,1663080.14,,710,167581.08,,9160,1775053.29,,682,55607.93,,,,,,,,,,,204,1123.6,152,*,,,*,,72.919866444073,14,380,156,49,341,258,,,569,,0,,520,79,1.1403203747082
1962682310,Lynds,Brooke,R,PHARMD,I,655 Middle Country Rd,,Selden,NY,36,11784,1,"Metropolitan area core: primary flow within an urbanized area of 50,000 and greater",US,Pharmacist,NPPES-Taxonomy,24,24,5923.73,24,22,"#",,,,,"#",,,24,5923.73,,0,0,,0,0,*,,,"#",,,*,,,"#",,,0,0,0,0,0,0,0,0,0,,0,0,0,*,,,*,,76.454545454545,,,,,,,19,,,0,0,0,,,1.5841762628959
1962683383,Campbell,Marybeth,,RPH,I,175 Midtown Plz,,Rochester,NY,36,14604,1,"Metropolitan area core: primary flow within an urbanized area of 50,000 and greater",US,Pharmacist,NPPES-Taxonomy,43,43,12048.71,43,42,,43,43,12048.71,43,,42,,43,12048.71,,0,0,,0,0,"#",,,*,,,,0,0,,43,12048.71,0,0,0,0,0,0,0,0,0,,0,0,0,,0,0,,0,75.809523809524,0,,21,,24,18,41,,,0,0,0,0,42,1.0191428571429
1962708594,Grant,Dacia,,RPH,I,1998 Bruckner Blvd,,Bronx,NY,36,10473,1,"Metropolitan area core: primary flow within an urbanized area of 50,000 and greater",US,Pharmacist,NPPES-Taxonomy,139,139,36173.03,139,122,"#",,,,,"#",,,139,36173.03,,0,0,,0,0,,76,19025.68,,63,17147.35,,39,9560.98,,100,26612.05,0,0,0,0,0,0,0,0,0,,0,0,0,*,,,*,,72.418032786885,,,,,74,48,71,,,40,,,33,89,0.89435587431694
1962723924,Persaud,Bianca,,M.D.,I,220 13th St,,Brooklyn,NY,36,11215,1,"Metropolitan area core: primary flow within an urbanized area of 50,000 and greater",US,Family Practice,Claim-Specialty,8785,20452.11,1069669.97,595005,632,,7719,18321.5,910134.63,534284,,555,,1040,912883.13,,7648,148091.16,,97,8695.68,,7696,906536.59,,1089,163133.38,,3545,639966.15,,5240,429703.82,208,2588.53,4106,60,2.367672168469,0,0,0,0,0,172,24282.58,110,,37,2027.82,,12,71.071202531646,77,366,143,46,411,221,290,33,,299,0,,161,471,1.6974399583753
1962866962,Wu,Lydia,,,I,268 Canal St,,New York,NY,36,10013,1,"Metropolitan area core: primary flow within an urbanized area of 50,000 and greater",US,Family Practice,NPPES-Specialty,3808,7644.25,519890.92,224945,542,,3496,7099.08,488149.28,208840,,509,,587,422008.22,,3132,94864.7,,89,3018,,3217,436860.7,,591,83030.22,,3583,511343.68,,225,8547.24,,,,,,,,,,,31,278.55,30,*,,,*,,72.885608856089,33,312,131,66,297,245,16,12,487,,,17,492,50,1.1055756397093
1962912782,Young,Davis,S,PA,I,1246 State Route 38,,Owego,NY,36,13827,7.1,"Secondary flow 30% to <50% to a urbanized area of 50,000 and greater",US,Physician Assistant,Claim-Specialty,5824,13882.92,714205.01,402091,616,,4920,12065.12,503624.39,350447,,541,,831,599387.42,,4935,110858.95,,58,3958.64,,4039,482231.01,,1785,231974,,2159,398089.74,,3665,316115.27,64,982.09,1347,23,1.0989010989011,,,,,,186,2552.03,134,,31,453.21,*,,72.977272727273,75,271,190,80,357,259,587,,,,,15,166,450,1.0433202359278
1962928986,Ouyang,Aimin,,RPA-C,I,5521 8th Ave Unit 3c,,Brooklyn,NY,36,11220,1,"Metropolitan area core: primary flow within an urbanized area of 50,000 and greater",US,Physician Assistant,NPPES-Specialty,5487,6530.75,686281.8,183989,357,,5448,6487.75,678799.92,182763,"#",,,931,467110.44,,4397,216410.17,,159,2761.19,,5409,679806.01,,78,6475.79,,5457,685862.98,,30,418.82,,,,,,,,,,,191,788.9,116,*,,,*,,71.072829131653,,,,,190,167,0,0,351,,0,,,,0.92024438727674
1962962738,Chernenkoff,Allen,B,R.PH.,I,454 5th Ave,,Brooklyn,NY,36,11215,1,"Metropolitan area core: primary flow within an urbanized area of 50,000 and greater",US,Pharmacist,NPPES-Taxonomy,309,309,81028.88,309,275,"#",,,,,"#",,,309,81028.88,,0,0,,0,0,,165,42075.05,,144,38953.83,,13,3386.57,,296,77642.31,0,0,0,0,0,0,0,0,0,,0,0,0,*,,,*,,74.465454545455,,,,,153,122,253,,,,,14,11,264,0.89952599680323
1962964080,Mousavi,Seyedehferyal,,MD,I,234 E 149th St,,Bronx,NY,36,10451,1,"Metropolitan area core: primary flow within an urbanized area of 50,000 and greater",US,Internal Medicine,Claim-Specialty,582,1346.49,29486.05,38107,127,,539,1260.16,28074.97,35687,"#",,,101,22119.49,,465,7075.3,,16,291.26,"#",,,*,,,,182,13520.57,,400,15965.48,,,,,,,,,,,20,245.01,18,*,,,*,,72.409448818898,,,,,69,58,49,24,25,21,,,15,112,0.85656873472065
1962965251,Li,Guolian,,,I,5615 7th Ave,,Brooklyn,NY,36,11220,1,"Metropolitan area core: primary flow within an urbanized area of 50,000 and greater",US,Nurse Practitioner,Claim-Specialty,1903,2996.29,297231.07,84750,69,"#",,,,,"#",,,321,211628.3,,1559,84907.01,,23,695.76,,1861,292525.86,,42,4705.21,"#",,,*,,,,,,,,,,,,,75,4354.45,37,*,,,*,,69.492753623188,,,,,35,34,0,0,69,0,0,0,,,0.9103961352657
1962980391,Feng,Yongyu,,,I,824 55th St Ste 1,,Brooklyn,NY,36,11220,1,"Metropolitan area core: primary flow within an urbanized area of 50,000 and greater",US,Physician Assistant,NPPES-Specialty,2946,4765.02,389117.18,136843,337,,2907,4711.59,385173.02,135298,"#",,,495,303051.17,,2401,85516.97,,50,549.04,,2903,384807.32,,43,4309.86,,2899,387701.43,,47,1415.75,0,0,0,0,0,0,0,0,0,,50,345.51,41,,0,0,*,,71.109792284866,,,,,168,169,,0,325,,0,,,,0.99417365702778
1972528032,Wang,Wei,,M.D.,I,5722 7th Ave,First Floor,Brooklyn,NY,36,11220,1,"Metropolitan area core: primary flow within an urbanized area of 50,000 and greater",US,Family Practice,Claim-Specialty,41595,54666.67,4190445.0599999,1570282,882,,39425,51991.33,3599421.8999999,1492803,,847,,5163,2811345.31,,35293,1357017.65,,1139,22082.1,,40690,3749906.3399999,,905,440538.72,,40826,4116008.0999999,,769,74436.96,144,3686.89,3945,24,0.34619545618464,0,0,0,0,0,997,12897.8,457,,95,4580.35,,19,71.517006802721,35,616,187,44,434,448,15,,824,33,0,,841,41,1.0694832897302
1972539351,Nunno,Patrick,M,M.D.,I,800 Ayrault Rd Ste 200,,Fairport,NY,36,14450,1,"Metropolitan area core: primary flow within an urbanized area of 50,000 and greater",US,Internal Medicine,Claim-Specialty,12024,27770.26,1024214.17,816015,1133,,11310,26502.48,981787.58,779445,,1075,,1212,689363.4,,10673,327446.95,,139,7403.82,,10469,911121.89,,1555,113092.28,,1143,87145.73,,10881,937068.44,241,12550.46,5247,65,2.0043246839654,22,6174.53,631,,9.1286307053942,213,9851.14,133,,35,1542.67,*,,75.540158870256,58,457,450,168,604,529,1029,16,16,13,0,59,84,1049,0.9986954893738
1972603066,Gibson,Ralph,M,M.D.,I,200 Pantigo Pl,Suite H,East Hampton,NY,36,11937,4.1,"Secondary flow 30% to <50% to a urbanized area of 50,000 and greater",US,Internal Medicine,Claim-Specialty,2737,4972.86,340395.23,138776,184,,2656,4829.86,334022,134539,"#",,,424,245409.69,,2296,94666.48,,17,319.06,,171,18067.78,,2566,322327.45,,98,9201.93,,2639,331193.3,195,9533,2674,18,7.1245889660212,13,3623.75,390,,6.6666666666667,170,2413.18,90,*,,,*,,76.353260869565,,,,,95,89,167,,0,,0,11,,,0.92210458067073
1972645018,Tang,Susan,,M.D.,I,861 E Tremont Ave,,Bronx,NY,36,10460,1,"Metropolitan area core: primary flow within an urbanized area of 50,000 and greater",US,Family Practice,NPPES-Specialty,798,894.69,27120.85,21096,129,,625,719.59,22117.48,17183,,102,"#",,,,723,7014.87,*,,,,742,22920.32,,56,4200.53,,721,25717.54,,77,1403.31,,,,,,,,,,,134,452.08,64,,0,0,,0,69.821705426357,27,69,,,87,42,,34,,88,0,,112,17,1.3171246219252
1972677516,Lindo,Walford,B,MD,I,3304 Glenwood Road,,Brooklyn,NY,36,11210,1,"Metropolitan area core: primary flow within an urbanized area of 50,000 and greater",US,Family Practice,Claim-Specialty,5940,15317.61,1564198.83,457445,328,,5856,15152.61,1536098.98,452517,"#",,,1438,1351741.08,,4396,207139.89,,106,5317.86,,4944,1322485.97,,996,241712.86,,2683,809078.6,,3257,755120.23,12,698.69,360,,0.2020202020202,0,0,0,,0,27,289.59,21,,14,1471.74,*,,77.27743902439,,,,,190,138,,283,,,0,34,106,222,1.3316644056614
1972718765,Harrison,Marzella,J,RPA,I,9864 Luckey Dr,,Houghton,NY,36,14744,10,"Rural areas: primary flow to a tract outside a urbanized area of 50,000 and greater or UC",US,Physician Assistant,Claim-Specialty,4243,8839.56,712399.27,255160,331,,3373,7189.87,609699.57,207130,,279,,623,627259.28,,3558,80802.02,,62,4337.97,,2701,421871.88,,1542,290527.39,,1832,352577.97,,2411,359821.3,20,111.3,283,14,0.4713646005185,0,0,0,0,0,184,2089.68,124,,11,742.65,*,,72.459214501511,52,152,84,43,223,108,319,,0,,0,11,108,223,0.92758889963985
1972762623,Westervelt,Megan,,D.O.,I,455 Maple St Ste 1,,Big Flats,NY,36,14814,1,"Metropolitan area core: primary flow within an urbanized area of 50,000 and greater",US,Family Practice,Claim-Specialty,4083,8124.58,362279.38,233798,384,,3624,7504.69,328914.01,216990,,342,,509,280767.5,,3533,79888.66,,41,1623.22,,2710,230054.17,,1373,132225.21,,982,86231.71,,3101,276047.67,107,7669.71,2556,32,2.6206220915993,13,6540.22,367,,12.14953271028,88,3043.8,63,,22,156.71,*,,73.606770833333,42,176,104,62,269,115,361,,,,0,,141,243,1.4147935367757
1972785103,Joshi,Nina,V,,I,304 Maple Ave,,Smithtown,NY,36,11787,1,"Metropolitan area core: primary flow within an urbanized area of 50,000 and greater",US,Pharmacist,NPPES-Taxonomy,41,43,8064.17,246,32,"#",,,,,"#",,,40,7907.01,*,,,"#",,,,18,3637.92,,23,4426.25,*,,,"#",,,0,0,0,0,0,0,0,0,0,,0,0,0,*,,,*,,73.125,,,,,19,13,27,0,,,0,,,,0.8480078125
1972803401,Bobick,Thomas,D,PHARM.D.,I,19 Miner St,,Canton,NY,36,13617,7,"Small town core: primary flow within an urban cluster of 2,500 to 9,999",US,Pharmacist,NPPES-Taxonomy,26,26,7091.35,26,25,"#",,,,,"#",,,26,7091.35,,0,0,,0,0,"#",,,*,,,*,,,"#",,,0,0,0,0,0,0,0,0,0,,0,0,0,*,,,*,,73.72,,,,,,,23,,0,0,0,,,,0.69109
1972817856,Desai,Sumit,,,I,22 Liggett Rd,,Valley Stream,NY,36,11581,1,"Metropolitan area core: primary flow within an urbanized area of 50,000 and greater",US,Pharmacist,NPPES-Taxonomy,34,34,7573.84,297,27,"#",,,,,"#",,,34,7573.84,,0,0,,0,0,,22,4933.18,,12,2640.66,,15,3208.31,,19,4365.53,0,0,0,0,0,0,0,0,0,,0,0,0,*,,,*,,72,,,,,,,,,,17,0,0,11,16,0.98986419753086
1972828655,Atlas,Lawrence,N,,I,45 Reade Pl,,Poughkeepsie,NY,36,12601,1,"Metropolitan area core: primary flow within an urbanized area of 50,000 and greater",US,Nurse Practitioner,Claim-Specialty,590,609.17,36014.08,10789,78,,543,562.17,27931.02,9762,"#",,,83,20161.89,,491,15559.71,,16,292.48,,165,9996.89,,425,26017.19,,520,32122.27,,70,3891.81,146,6636.07,1930,20,24.745762711864,97,5992.76,1456,11,66.438356164384,35,1001.07,24,*,,,*,,79.679487179487,,,,,45,33,70,,,,0,,61,17,2.2497529270697
1972917425,Piekielniak,Diana,,PHARMD,I,208 Herkimer Rd,,Utica,NY,36,13502,1,"Metropolitan area core: primary flow within an urbanized area of 50,000 and greater",US,Pharmacist,NPPES-Taxonomy,47,47,12627.64,47,47,,47,47,12627.64,47,,47,,47,12627.64,,0,0,,0,0,,28,7492.83,,19,5134.81,*,,,"#",,,0,0,0,0,0,0,0,0,0,,0,0,0,,0,0,,0,74.553191489362,0,24,,,25,22,42,,0,,0,,,,0.82847695035461
1982372405,Jang,Elisabeth,H,FNP,I,1060 Amsterdam Ave,,New York,NY,36,10025,1,"Metropolitan area core: primary flow within an urbanized area of 50,000 and greater",US,Nurse Practitioner,Claim-Specialty,544,871.1,66265.87,22778,145,,529,852.1,62435.64,22415,"#",,,93,57654.06,,434,8383.06,,17,228.75,,481,58724.64,,63,7541.23,,482,59784.57,,62,6481.3,0,0,0,0,0,0,0,0,0,,50,318.61,43,*,,,*,,72.275862068966,,,,,90,55,,,117,13,0,,119,26,1.056119139127
1982619615,Cotugno,Steffani,L,D.O.,I,939 Route 146 Ste 700,,Clifton Park,NY,36,12065,1,"Metropolitan area core: primary flow within an urbanized area of 50,000 and greater",US,Family Practice,Claim-Specialty,4970,11842,406246.65,349881,536,,4818,11587.3,382374.66,342339,,524,,669,316275.15,,4275,89266.52,,26,704.98,,3922,329448.48,,1048,76798.17,,308,46100.59,,4662,360146.06,18,80.58,484,,0.36217303822938,0,0,0,,0,56,473.77,44,,0,0,,0,74.113805970149,12,272,214,38,396,140,494,,,,0,24,26,510,0.78054119624802
1982623146,Buch,Deepak,D,MD,I,175 W Main St,,Little Falls,NY,36,13365,7,"Small town core: primary flow within an urban cluster of 2,500 to 9,999",US,Internal Medicine,Claim-Specialty,20991,26516.76,4805108.7800003,309567,13614,,19769,25081.15,4558678.8700002,295631,,12883,,17231,4723493.6500003,,3727,80016.16,,33,1598.97,,12821,2807111.6700001,,8170,1997997.11,,4731,1015545.88,,16260,3789562.9000001,86,509.86,1959,12,0.4096993949788,0,0,0,0,0,43,374.91,36,,13,160.74,*,,74.520860878507,731,6519,4846,1518,7768,5846,12284,286,139,307,15,583,2257,11357,1.0388053271031
1982662458,Shan,Zihe,,M.D,I,1508 Avenue U,,Brooklyn,NY,36,11229,1,"Metropolitan area core: primary flow within an urbanized area of 50,000 and greater",US,Internal Medicine,Claim-Specialty,27392,57896.84,7559627.5,1677785,1153,,27146,57411.71,7515809.46,1663668,,1131,,6772,6693820.25,,19914,846495.29,,706,19311.96,,23382,6301362.1,,4010,1258265.4,,26325,7381709.8,,1067,177917.7,,,,,,,,,,,468,3846.8,312,,30,2418.2,*,,75.419774501301,22,590,342,199,593,560,,,1116,,0,15,1079,74,1.1659120261518
1982667077,Desai,Nimesh,J,M.D.,I,267 Andrews St,St. Lawrence Internists,Massena,NY,36,13662,4,"Micropolitan area core: primary flow within an urban cluster of 10,000 to 49,999",US,Internal Medicine,Claim-Specialty,9213,21599.61,1292151.68,632464,846,,8323,20037.19,1211101.1,587704,,784,,1106,1080311.22,,8043,207497.17,,64,4343.29,,5582,734986.53,,3631,557165.15,,2018,263355.99,,7195,1028795.69,313,10688.3,8053,66,3.3973732768913,35,2731.63,1010,,11.182108626198,223,7132.32,151,,14,377.96,*,,74.0768321513,62,407,272,105,409,437,813,0,,,,15,150,696,1.1285847394559
1982670634,Fung,Sandy,M,MD,I,17 Elizabeth St,Suite 509,New York,NY,36,10013,1,"Metropolitan area core: primary flow within an urbanized area of 50,000 and greater",US,Family Practice,Claim-Specialty,23887,42122.68,3110319.19,1206949,1078,,23169,41103.27,3025669.43,1178034,,1048,,3404,2391690.41,,19862,700776.96000001,,621,17851.82,,20067,2672347.34,,3820,437971.85,,21735,2930295.35,,2152,180023.84,0,0,0,0,0,0,0,0,0,,695,7383.24,420,,81,1482.39,,12,74.15120593692,30,602,325,121,744,334,,,1024,,0,36,873,205,0.94595107228875
1982671020,Childres,William,J,MD,I,77 Nelson St,3rd Floor,Auburn,NY,36,13021,4,"Micropolitan area core: primary flow within an urban cluster of 10,000 to 49,999",US,Internal Medicine,Claim-Specialty,15874,35377.5,1736642.49,1037373,1641,,15006,33779.08,1640480.65,990723,,1547,,1841,1426769.57,,13907,306027.61,,126,3845.31,,10044,1075446.88,,5830,661195.61,,3915,532819.82,,11959,1203822.67,366,31776.72,9228,117,2.3056570492629,45,8016.2,1326,14,12.295081967213,306,16809.51,213,,56,1979.22,,17,74.870201096892,94,755,546,246,837,804,1535,19,,14,,70,285,1356,1.3065558040782
1982719985,Woolston,Daniel,L,N.P.,I,40 La Riviere Dr Ste 201,,Buffalo,NY,36,14202,1,"Metropolitan area core: primary flow within an urbanized area of 50,000 and greater",US,Nurse Practitioner,Claim-Specialty,2491,3015.76,177157.98,86418,72,,2476,3000.09,175953.88,86085,"#",,,310,136542.42,,2131,38311.47,,50,2304.09,,884,49975.94,,1607,127182.04,,869,64427.47,,1622,112730.51,64,1885.61,1729,12,2.5692492974709,12,1331.38,360,,18.75,74,784.31,23,,93,6193.84,*,,81.888888888889,,,,,49,23,69,,0,0,0,,28,44,1.3279422839506
1982833307,O'Donnell,Mary,R,R.P.A.-C.,I,80 Crossways Park Dr,,Woodbury,NY,36,11797,1,"Metropolitan area core: primary flow within an urbanized area of 50,000 and greater",US,Physician Assistant,Claim-Specialty,1142,1166.59,128036.55,24825,101,,1142,1166.59,128036.55,24825,,101,"#",,,,934,39282.51,*,,,,29,939.17,,1113,127097.38,,736,65942.39,,406,62094.16,13,80.08,193,,1.138353765324,0,0,0,,0,73,6916.95,35,,37,946.78,*,,86.504950495049,0,,,64,13,88,97,,,,0,,79,22,2.3969938303051
1992020143,Sieczkowski,Renee,A,RPH,I,173 Fairview Ave,,Hudson,NY,36,12534,4,"Micropolitan area core: primary flow within an urban cluster of 10,000 to 49,999",US,Pharmacist,NPPES-Taxonomy,107,107,29224.09,107,101,"#",,,,,"#",,,107,29224.09,,0,0,,0,0,,32,8266.78,,75,20957.31,,12,3089.12,,95,26134.97,0,0,0,0,0,0,0,0,0,,0,0,0,*,,,*,,74.782178217822,,,,,52,49,95,,0,,0,,11,90,0.94525
1992033781,Steinhacker,Wendy,,PA-C,I,161 Carey Rd,,Queensbury,NY,36,12804,1,"Metropolitan area core: primary flow within an urbanized area of 50,000 and greater",US,Physician Assistant,NPPES-Specialty,4440,4465.78,323843.97,98653,309,,3589,3611.92,249481.02,80766,,270,,847,235871.38,,3555,83770.5,,38,4202.09,,2430,184883.92,,2010,138960.05,,4306,318500.45,,134,5343.52,261,12799.43,3512,102,5.8783783783784,41,9337.1,749,11,15.708812260536,75,19363.88,38,,88,2666.09,,26,77.847896440129,39,74,96,100,186,123,294,,0,,0,,275,34,2.8927194790971
1992035257,Huang,Liwen,,M.D.,I,"8409 Queens Blvd # 1a",,Elmhurst,NY,36,11373,1,"Metropolitan area core: primary flow within an urbanized area of 50,000 and greater",US,Internal Medicine,Claim-Specialty,7506,13361.7,983461.01,387686,326,,7288,12924.94,925154.61,374767,"#",,,1222,812608.98,,6180,168284.27,,104,2567.76,,7012,912178.69,,494,71282.32,,5954,792656.37,,1552,190804.64,,,,,,,,,,,88,1019.25,63,,18,132.83,*,,73.319018404908,,,,,202,124,,,289,15,0,14,225,101,0.92295961145194
1992039861,Zenoski,Christa,,NP,I,14 Center St,,Cuba,NY,36,14727,10,"Rural areas: primary flow to a tract outside a urbanized area of 50,000 and greater or UC",US,Nurse Practitioner,Claim-Specialty,7354,13480.88,904208.9,391556,440,,5792,11189.03,659853.06,325496,,363,,977,767302.75,,6309,132910.32,,68,3995.83,,5078,644175.57,,2276,260033.33,,2965,492094.79,,4389,412114.11,159,3475.21,3692,47,2.1620886592331,0,0,0,0,0,262,7093.85,118,,31,7690.82,*,,70.581818181818,77,207,114,42,275,165,416,,0,,0,21,138,302,1.1255591184926
1992087688,Chang,Solomon,,PHARM D,I,41 Holland Ave,,Albany,NY,36,12208,1,"Metropolitan area core: primary flow within an urbanized area of 50,000 and greater",US,Pharmacist,NPPES-Taxonomy,32,32,8142.81,32,29,"#",,,,,"#",,,32,8142.81,,0,0,,0,0,"#",,,*,,,*,,,"#",,,0,0,0,0,0,0,0,0,0,,0,0,0,*,,,*,,74.275862068966,,,,,15,14,23,,,0,0,,,,0.73831034482759
1992116404,Wight,Andrew,,MD,I,3 Curtis Rd,,Vernon,NY,36,13476,4,"Micropolitan area core: primary flow within an urban cluster of 10,000 to 49,999",US,Family Practice,Claim-Specialty,6931,15764.97,696628.67,460262,668,,6363,14695.15,627798.9,429410,,618,,811,570488.19,,6062,122969.51,,58,3170.97,,5025,536121.11,,1906,160507.56,,1733,231235.47,,5198,465393.2,134,3131.29,2971,33,1.933342951955,,,,,,155,2186.58,105,*,,,*,,74.531437125748,50,289,241,88,349,319,639,0,0,,,22,120,548,0.9990323452672
1992216709,Draovitch,Tyler,S,,I,1710 Crosby Ave,,Bronx,NY,36,10461,1,"Metropolitan area core: primary flow within an urbanized area of 50,000 and greater",US,Pharmacist,NPPES-Taxonomy,23,23,6340.41,23,22,,23,23,6340.41,23,,22,,23,6340.41,,0,0,,0,0,"#",,,*,,,*,,,"#",,,0,0,0,0,0,0,0,0,0,,0,0,0,,0,0,,0,73.590909090909,0,14,,,,,,12,0,,0,0,0,22,0.88804545454545
1992236905,Yarze,Noel,,MD,I,990 South Ave Ste 207,,Rochester,NY,36,14620,1,"Metropolitan area core: primary flow within an urbanized area of 50,000 and greater",US,Internal Medicine,Claim-Specialty,5095,10751.36,466944.51,315027,357,"#",,,,,"#",,,409,362299.32,,4645,102959.76,,41,1685.43,,3957,340375.53,,1138,126568.98,,1135,112799.46,,3960,354145.05,110,1564.9,2947,20,2.1589793915604,13,250.75,356,,11.818181818182,76,2310.57,47,*,,,*,,79.75350140056,,,,,243,114,305,25,,,0,13,51,306,1.2464813811204
1992316004,Brahm,Kayla,N,,I,6707 Pittsford Palmyra Rd,,Fairport,NY,36,14450,1,"Metropolitan area core: primary flow within an urbanized area of 50,000 and greater",US,Pharmacist,NPPES-Taxonomy,23,23,6071.16,23,23,,23,23,6071.16,23,,23,,23,6071.16,,0,0,,0,0,"#",,,*,,,*,,,"#",,,0,0,0,0,0,0,0,0,0,,0,0,0,,0,0,,0,73.95652173913,0,13,,,,,15,0,0,,0,,,,0.79665217391304
1992374771,Shi,Xiaoyu,,NP,I,4266 Kissena Blvd,,Flushing,NY,36,11355,1,"Metropolitan area core: primary flow within an urbanized area of 50,000 and greater",US,Nurse Practitioner,Claim-Specialty,6398,9267.69,924141.34000001,264490,530,,6189,8948.29,900772.96000001,255394,,515,,1154,771538.67,,5136,149100.35,,108,3502.32,,6283,899039.61000001,,115,25101.73,,6310,915206.98000001,,88,8934.36,,,,,,,,,,,108,533.18,90,*,,,*,,73.030188679245,15,332,131,52,270,260,,,511,,0,,514,16,1.2942746223415
1992435176,Jezioro,Jonathan,M,NP,I,2021 Winton Rd S,,Rochester,NY,36,14618,1,"Metropolitan area core: primary flow within an urbanized area of 50,000 and greater",US,Nurse Practitioner,NPPES-Specialty,1671,1705.49,117836.93,34645,157,,1654,1688.49,117474.55,34441,"#",,"#",,,,1387,35466.26,*,,,,1363,95986.02,,308,21850.91,,709,43710.81,,962,74126.12,172,6775.89,3015,65,10.293237582286,39,5239.24,978,,22.674418604651,117,2452.87,48,,66,1702.89,*,,87.012738853503,,,,,107,50,151,,,0,0,,77,80,2.0144106042929
1992459531,Choudhry,Abid,M,FNP-C,I,2257 Adam Clayton Powell Jr Blvd,,New York,NY,36,10027,1,"Metropolitan area core: primary flow within an urbanized area of 50,000 and greater",US,Nurse Practitioner,Claim-Specialty,3454,7351.33,462366.8,214364,480,,3062,6555.21,370725.17,191521,,422,,462,395220.15,,2888,63065,,104,4081.65,,2895,378634.22,,559,83732.58,,2496,379749.42,,958,82617.38,19,105.01,343,12,0.55008685581934,0,0,0,0,0,60,331.6,48,,14,263.04,*,,72.797916666667,58,215,158,49,282,198,,299,14,130,,28,296,184,1.6016172824822
1992721104,Shi,Shelly,X,MD,I,185 Canal St,4th Floor,New York,NY,36,10013,1,"Metropolitan area core: primary flow within an urbanized area of 50,000 and greater",US,Internal Medicine,Claim-Specialty,6798,13645.89,1180998.12,399558,337,,6616,13290.47,1157657.23,389578,,323,,1301,1016000.01,,5305,158206.81,,192,6791.3,,6034,1065980.49,,764,115017.63,,6061,1129994.91,,737,51003.21,,,,,,,,,,,53,536.69,37,,26,1706.22,*,,73.53412462908,14,194,94,35,208,129,17,,285,,0,18,259,78,1.0085653651803
1992723308,Weiss,Mindy,,MD,I,110 E 59th St,Suite 10a,New York,NY,36,10022,1,"Metropolitan area core: primary flow within an urbanized area of 50,000 and greater",US,Internal Medicine,Claim-Specialty,3080,5480.3,205840.4,158360,380,,3069,5465.3,199753.85,157949,"#",,,378,146924.58,,2650,57705.3,,52,1210.52,,176,11710.29,,2904,194130.11,,343,12713.4,,2737,193127,,,,,,,,,,,63,868.33,37,,29,265.34,*,,75.831578947368,,,,,348,32,337,14,,,0,16,30,350,0.80297324561403
1992731475,Romanick,Dean,D,M.D.,I,4400 Lakeville Rd,,Geneseo,NY,36,14454,7,"Small town core: primary flow within an urban cluster of 2,500 to 9,999",US,Family Practice,Claim-Specialty,12844,23055.72,1014559.94,668101,580,,10299,19919.26,771399.6,578505,,520,,1346,718337.48,,11320,288461.96,,178,7760.5,,8672,661824.33,,4172,352735.61,,3604,318090.05,,9240,696469.89,338,7841.67,8641,51,2.6315789473684,20,1646.88,600,,5.9171597633136,318,14606.46,164,,74,3225.08,*,,73.25,60,255,198,67,301,279,540,,,,0,32,102,478,0.99788917987825
1992734404,Berlingieri,Dominic,,,I,3 Saint Stephens Ln,Suite 3,Warwick,NY,36,10990,2,"Metropolitan area high commuting: primary flow 30% or more to a urbanized area of 50,000 and greater",US,Pediatric Medicine,NPPES-Specialty,482,482,131920.69,664,403,,465,465,127538.32,647,,388,,480,131898.19,"#",,,*,,,,100,28202.76,,382,103717.93,,49,14599.45,,433,117321.24,0,0,0,0,0,0,0,0,0,,0,0,0,,0,0,,0,75.503722084367,15,170,167,51,236,167,350,12,,13,,23,44,359,1.1444496074081
1992745632,O'Bryan,John,J,M.D.,I,200 Northern Dr,,Troy,NY,36,12182,1,"Metropolitan area core: primary flow within an urbanized area of 50,000 and greater",US,Family Practice,Claim-Specialty,4473,10512.25,384904.13,309962,387,,4400,10379.25,383559.07,306103,"#",,,496,322481.25,,3891,60084.61,,86,2338.27,,3744,299218.08,,729,85686.05,,336,19457.19,,4137,365446.94,14,77.02,333,,0.31298904538341,0,0,0,,0,42,352.22,32,,0,0,*,,74.428940568475,,,,,167,220,367,,,0,0,15,23,364,1.0795612668021
1992746655,Patel,Sajid,,PHARM D,I,226 Prospect Park W,,Brooklyn,NY,36,11215,1,"Metropolitan area core: primary flow within an urbanized area of 50,000 and greater",US,Pharmacist,NPPES-Taxonomy,155,157,39683.59,302,129,"#",,,,,"#",,,155,39683.59,,0,0,,0,0,,37,8957.06,,118,30726.53,,16,3287.03,,139,36396.56,0,0,0,0,0,0,0,0,0,,0,0,0,*,,,*,,73.77519379845,,,,,77,52,114,,,,0,,12,117,0.77718221721732
1992748826,Pappas,Steven,W,M.D.,I,266 White Plains Rd,Suite 1-A,Eastchester,NY,36,10709,1,"Metropolitan area core: primary flow within an urbanized area of 50,000 and greater",US,Internal Medicine,Claim-Specialty,2029,3335.11,300758.12,72598,843,,1974,3266.11,290503.25,71137,,822,,1052,283938.86,"#",,,*,,,,478,92637.4,,1551,208120.72,,171,45284.02,,1858,255474.1,,,,,,,,,,,36,354.04,21,,0,0,,0,75.862396204033,21,365,328,129,523,320,714,22,26,43,0,38,61,782,0.97184378224544
1992763916,Wu,Qiong,,MD,I,3808 Union St Apt 3j,,Flushing,NY,36,11354,1,"Metropolitan area core: primary flow within an urbanized area of 50,000 and greater",US,Internal Medicine,Claim-Specialty,12898,21435.39,1612187.23,622784,465,,12658,21044.26,1589942.35,611747,"#",,,1910,1267177.69,,10744,338135.6,,244,6873.94,,12430,1510766.66,,468,101420.57,,12376,1553375.63,,522,58811.6,,,,,,,,,,,333,1685.15,188,,15,1348.99,*,,72.47311827957,,,,,233,232,,0,448,,0,,411,54,1.0116807538407
1992786552,Rosen,Eli,,MD,I,358 Kingston Ave,,Brooklyn,NY,36,11213,1,"Metropolitan area core: primary flow within an urbanized area of 50,000 and greater",US,Family Practice,NPPES-Specialty,7377,11235.06,1032879.48,328845,430,,7275,11116.21,999003.34,325343,,419,,1164,888192,,6143,141843.34,,70,2844.14,,1447,204175.76,,5930,828703.72,,4329,624959.33,,3048,407920.15,27,288.84,466,13,0.36600244001627,0,0,0,0,0,172,12067.71,89,,77,1249.79,,17,75.462790697674,11,208,137,74,210,220,392,0,,,0,32,198,232,1.2559558612721
1992790976,Kim,Andrew,S,M.D.,I,13710 Franklin Ave,"Suite #l-1",Flushing,NY,36,11355,1,"Metropolitan area core: primary flow within an urbanized area of 50,000 and greater",US,Family Practice,Claim-Specialty,3813,7627.9,634748.88,220956,315,,3767,7542.09,621576.39,218537,"#",,,693,580170.4,,3056,51185.18,,64,3393.3,,3243,533847.06,,570,100901.82,,2448,524723.42,,1365,110025.46,11,95.91,82,11,0.2884867558353,0,0,0,0,0,90,1000.97,61,,0,0,*,,74.533333333333,,,,,179,136,,28,196,38,,30,174,141,0.9510035849887
1992791479,Giannone,John,,MD,I,53 Pine St,Deposit Family Care Center,Deposit,NY,36,13754,2,"Metropolitan area high commuting: primary flow 30% or more to a urbanized area of 50,000 and greater",US,Family Practice,Claim-Specialty,4020,9146.92,519834.99,265144,404,,3548,8243.04,469026.7,239853,,359,,591,429107.04,,3404,89493.43,,25,1234.52,,2566,310447.45,,1454,209387.54,,1509,233126.57,,2511,286708.42,145,4439.86,3812,39,3.6069651741294,0,0,0,0,0,57,601.28,44,*,,,*,,73.440594059406,45,184,132,43,182,222,382,,0,,,13,113,291,1.1842831054319
1992803340,Bondar,Ellen,,MD,I,1275 York Ave,,New York,NY,36,10065,1,"Metropolitan area core: primary flow within an urbanized area of 50,000 and greater",US,Internal Medicine,Claim-Specialty,1025,1058.79,182469.46,12248,559,,977,1007.79,172747.72,11962,,526,,744,175795.48,,265,6524.61,,16,149.37,,235,43914.55,,790,138554.91,,163,30288.42,,862,152181.04,,,,,,,,,,,25,538.56,24,*,,,*,,74.440071556351,33,258,215,53,334,225,382,44,31,72,0,30,113,446,1.1785338794779
1992812556,Pisipati,Ramasita,C,M.D.,I,2901 White Plains Rd,,Bronx,NY,36,10467,1,"Metropolitan area core: primary flow within an urbanized area of 50,000 and greater",US,Internal Medicine,Claim-Specialty,22093,35261.74,3218257.57,1025366,681,,17739,29415.11,2525332.07,857371,,573,,4193,2744409.45,,16822,447221.8,,1078,26626.32,,19281,2837174.42,,2812,381083.15,,19765,2971836,,2328,246421.57,121,528.48,2199,36,0.54768478703662,0,0,0,0,0,352,2201.3,195,,121,2107.53,,26,70.91483113069,108,343,163,67,403,278,,166,85,304,,63,525,156,1.2779792810567
1992871933,Tam,Cynthia,,DO,I,139 Centre St Ste 709,,New York,NY,36,10013,1,"Metropolitan area core: primary flow within an urbanized area of 50,000 and greater",US,Internal Medicine,Claim-Specialty,15981,30698.35,2810470.67,892261,944,,15736,30228.7,2725471.15,878416,,923,,3061,2402294.11,,12657,399578.9,,263,8597.66,,14609,2586524.25,,1372,223946.42,,14938,2745796.38,,1043,64674.29,0,0,0,0,0,0,0,0,0,,277,3178.08,204,,16,725.64,*,,74.443855932203,21,508,310,105,522,422,,,901,13,0,19,846,98,1.1712042853358
1992933998,Pang,Xin,,M.D.,I,860 58th St,Brooklyn,Brooklyn,NY,36,11220,1,"Metropolitan area core: primary flow within an urbanized area of 50,000 and greater",US,Internal Medicine,Claim-Specialty,2073,4459.71,368051.42,130877,101,"#",,,,,"#",,,351,296190.9,,1701,71643.34,,21,217.18,,2042,361284.14,,31,6767.28,,1945,354760.31,,128,13291.11,0,0,0,0,0,0,0,0,0,,36,300.77,22,*,,,*,,71.910891089109,,,,,47,54,,,97,0,0,,85,16,1.1206942576398
1992951891,Prater,Sheryl,L,NP,I,2 Coulter Rd,,Clifton Springs,NY,36,14432,2,"Metropolitan area high commuting: primary flow 30% or more to a urbanized area of 50,000 and greater",US,Nurse Practitioner,Claim-Specialty,3504,3554.63,163880.56,71831,289,,2897,2946.94,133916.67,62224,,208,"#",,,,3082,55852.01,*,,,,2439,119615.51,,1065,44265.05,,3172,146753.39,,332,17127.17,38,2133.7,765,32,1.0844748858447,14,1921.57,404,12,36.842105263158,126,3505.02,55,,134,4972.09,,26,71.913494809689,81,63,76,69,156,133,227,39,0,16,,,246,43,2.2393541208769
1134154792,Walle,Alexander,J,MD PHD,I,13223 79th St,,Ozone Park,NY,36,11417,1,"Metropolitan area core: primary flow within an urbanized area of 50,000 and greater",US,Internal Medicine,Claim-Specialty,4132,4578.91,365227.46,129999,92,,3865,4277.91,351513.81,121421,"#",,,695,302980.04,,3360,60233.72,,77,2013.7,,562,51332.14,,3570,313895.32,,3500,306828.49,,632,58398.97,32,452.87,638,,0.77444336882865,,,,,,183,3541.39,58,,92,1458.83,*,,85.054347826087,,,,,67,25,43,,,38,0,,64,28,3.0370311569057
1134175359,Wolfson,Robert,A,MD,I,90 S Bedford Rd,"Caremount Medical, Pc",Mount Kisco,NY,36,10549,1,"Metropolitan area core: primary flow within an urbanized area of 50,000 and greater",US,Internal Medicine,Claim-Specialty,8440,19517.31,1084968.28,566575,836,,8152,19092.34,936886.96,554137,,816,,873,896894.15,,7506,187260.84,,61,813.29,,2108,388218.66,,6332,696749.62,,962,262935.37,,7478,822032.91,86,6889.18,1616,32,1.0189573459716,17,6224.63,750,,19.767441860465,290,12120.63,176,,17,4268.55,*,,76.24043062201,20,364,296,156,398,438,741,,19,20,,47,69,767,1.0438053015547
1134187537,Degrave,Thomas,E,D.O.,I,3670 S Benzing Rd,,Orchard Park,NY,36,14127,1,"Metropolitan area core: primary flow within an urbanized area of 50,000 and greater",US,Family Practice,Claim-Specialty,8715,21458.33,1011324.17,633780,731,,8313,20743.17,955788.43,612973,,705,,1196,824757.78,,7452,183470.51,,67,3095.88,,7093,782584.82,,1622,228739.35,,1080,237593.78,,7635,773730.39,265,4348.21,6152,43,3.0407343660356,,,,,,88,7744.85,66,*,,,*,,74.731874145007,26,372,240,93,305,426,681,,0,,0,40,60,671,0.99510135988721
1134188725,Seidman,Michael,,MD,I,3 Lyon Pl,,Ogdensburg,NY,36,13669,4,"Micropolitan area core: primary flow within an urban cluster of 10,000 to 49,999",US,Nephrology,Claim-Specialty,12544,26498.99,1334517.75,776375,516,,10843,23541.15,1116469.25,689972,,456,,1571,1083430.12,,10810,243442.04,,163,7645.59,,4202,392371.17,,8342,942146.58,,3349,340000.36,,9195,994517.39,453,14329.78,11845,86,3.6112882653061,44,8258.18,1256,,9.7130242825607,367,5010.97,176,,118,4021.05,,24,74.591085271318,60,176,196,84,265,251,500,,0,,,11,105,411,1.9296617798689
1134195738,Lin,Tun,,M.D.,I,9024 Corona Ave,,Elmhurst,NY,36,11373,1,"Metropolitan area core: primary flow within an urbanized area of 50,000 and greater",US,Internal Medicine,Claim-Specialty,16415,29470.2,4137787.23,861826,542,,14983,26924.29,3722873.97,787453,,491,,3976,3742611.76,,12016,383282.99,,423,11892.48,,13987,3250770.06,,2428,887017.17,,14663,3757950.63,,1752,379836.6,116,2859.05,3045,17,0.70667072799269,0,0,0,0,0,242,11340.16,150,,61,37980.8,,12,72.158671586716,51,300,152,39,323,219,,39,234,221,,29,426,116,1.0223590841568
1134216641,Dicairano,Steve,A,M.D.,I,559 Gramatan Ave,Suite 210,Mt. Vernon,NY,36,10552,1,"Metropolitan area core: primary flow within an urbanized area of 50,000 and greater",US,Internal Medicine,Claim-Specialty,6690,15970.01,677274.17,469316,517,,6369,15345.88,647353.13,451208,,492,,758,540070.86,,5864,131969.63,,68,5233.68,,3126,249463.69,,3564,427810.48,,1396,123611.53,,5294,553662.64,0,0,0,0,0,0,0,0,0,,129,1162.33,96,*,,,*,,75.793036750484,25,233,170,89,269,248,353,77,,56,,21,62,455,1.1191195121308
1134263585,Langweil,Sidney,,,I,690 Central Ave,,Cedarhurst,NY,36,11516,1,"Metropolitan area core: primary flow within an urbanized area of 50,000 and greater",US,Pharmacist,NPPES-Taxonomy,155,155,42806.05,184,139,"#",,,,,"#",,,155,42806.05,,0,0,,0,0,,13,3626.88,,142,39179.17,*,,,"#",,,0,0,0,0,0,0,0,0,0,,0,0,0,*,,,*,,77.374100719424,,,,,74,65,130,0,0,,0,,,,1.0536903727672
1134278823,Foote,Colleen,S,P.A.,I,35 Lyon St.,,Naples,NY,36,14512,10.1,"Secondary flow 30% to <50% to a urbanized area of 50,000 and greater",US,Physician Assistant,Claim-Specialty,3368,6373.78,293495.47,179381,399,,3063,5915.41,270843.71,166476,,371,,423,224879.92,,2909,67097.76,,36,1517.79,,2595,221174.23,,773,72321.24,,1279,151002.07,,2089,142493.4,186,4162.56,3705,55,5.5225653206651,24,1431.28,670,,12.903225806452,164,5731.22,99,,20,1044.7,*,,73.614035087719,28,193,142,36,227,172,383,,0,,0,15,93,306,1.0780287296998
1134316938,Zhang,Xiaoxia,,M.D.,I,3907 Prince St Ste 6h,,Flushing,NY,36,11354,1,"Metropolitan area core: primary flow within an urbanized area of 50,000 and greater",US,Family Practice,Claim-Specialty,14617,26353.34,1510522.54,767876,617,,14560,26271.55,1506043.91,765565,"#",,,1784,1089938.54,,12465,412407.97,,368,8176.03,,14196,1438473.61,,421,72048.93,,13812,1457562.14,,805,52960.4,0,0,0,0,0,0,0,0,0,,334,1860.11,233,,0,0,*,,73.26904376013,,,,,324,293,,,600,,0,,541,76,1.0245777942649
1134358203,Bertini,Maria,T,D.O.,I,4417 Vestal Parkway East,,Vestal,NY,36,13850,1,"Metropolitan area core: primary flow within an urbanized area of 50,000 and greater",US,Family Practice,Claim-Specialty,4904,10982.88,369757.79,318186,472,,4295,9934.62,315168.77,288263,,425,,516,255302.04,,4356,113017.83,,32,1437.92,,2591,191488.18,,2313,178269.61,,914,55418.41,,3990,314339.38,156,3194.16,3857,39,3.1810766721044,0,0,0,0,0,137,2920.11,89,,13,1165.12,*,,72.64406779661,47,231,146,48,377,95,437,,,,,20,74,398,0.93666753399415
1134369689,Whalen,Elizabeth,F,M.D.,I,175 Green St,,Albany,NY,36,12202,1,"Metropolitan area core: primary flow within an urbanized area of 50,000 and greater",US,Internal Medicine,NPPES-Specialty,91,91,16171.76,234,70,,78,78,13871.4,165,,59,,87,15913.44,*,,,"#",,,,66,12080.82,,25,4090.94,,26,4823.55,,65,11348.21,0,0,0,0,0,0,0,0,0,,0,0,0,,0,0,,0,73.142857142857,11,27,,,41,29,64,0,,,0,,19,51,1.0396822668685
1134392004,Rausch-Phung,Elizabeth,,"MD, MPH",I,Empire State Plz,Corning Tower Room 649,Albany,NY,36,12237,1,"Metropolitan area core: primary flow within an urbanized area of 50,000 and greater",US,Preventive Medicine,NPPES-Specialty,97,104,19192.94,880,75,"#",,,,,"#",,,91,19134.5,*,,,*,,,,53,10554.59,,44,8638.35,,31,6462.06,,66,12730.88,0,0,0,0,0,0,0,0,0,,,,,*,,,*,,73.8,,,,,47,28,34,14,,17,0,,24,51,1.2880644444444
1134516289,Chin,Kenneth,,,I,601 Elmwood Ave,,Rochester,NY,36,14642,1,"Metropolitan area core: primary flow within an urbanized area of 50,000 and greater",US,Internal Medicine,Claim-Specialty,4854,10309.4,427494.47,301198,315,,4532,9723.46,404528.58,284422,,282,,496,289838.11,,4288,134808.99,,70,2847.37,,4139,372881.79,,715,54612.68,,992,90735.99,,3862,336758.48,142,12005.39,3707,30,2.9254223320972,46,9438.57,1340,,32.394366197183,47,599.77,31,*,,,*,,74.193650793651,33,130,104,48,165,150,243,37,,,,24,63,252,1.0804972019952
1134523863,Kassis,Bonnie,,NP,I,"27 Park Avenue, 5th Floor",,Binghamton,NY,36,13903,1,"Metropolitan area core: primary flow within an urbanized area of 50,000 and greater",US,Nurse Practitioner,NPPES-Specialty,3891,3900.39,411098.16,87942,186,,3643,3652.39,326146.46,82354,"#",,,748,233685.95,,3095,173158.81,,48,4253.4,,3852,406376.31,,39,4721.85,,3878,410753.89,,13,344.27,218,4123.08,3164,51,5.6026728347469,0,0,0,0,0,193,13352.51,66,,195,18757.94,*,,78.860215053763,,,,,122,64,174,,,,0,,,,3.1723205096242
1134569866,Lall,Brijlall,,NP,I,1225 Gerard Ave,,Bronx,NY,36,10452,1,"Metropolitan area core: primary flow within an urbanized area of 50,000 and greater",US,Nurse Practitioner,Claim-Specialty,3929,8747.68,954914.84,260909,231,,3336,7631.35,801717.68,227655,,203,,680,884584.86,,3001,64055.27,,248,6274.71,,3802,948479.11,,127,6435.73,,3659,898707.8,,270,56207.04,0,0,0,0,0,0,0,0,0,,,,,,0,0,,0,71.779220779221,28,116,75,12,150,81,,24,13,178,,,203,28,0.99505717305417
1134620354,Fiorini,Lisa,M,FNP,I,750 East Adams St,,Syracuse,NY,36,13210,1,"Metropolitan area core: primary flow within an urbanized area of 50,000 and greater",US,Nurse Practitioner,Claim-Specialty,122,123,16371.74,644,80,,106,107,13783.23,579,,68,,78,15606.74,,44,765,,0,0,,82,10058.42,,40,6313.32,,32,4897.88,,90,11473.86,18,35.3,55,18,14.754098360656,0,0,0,0,0,,,,,0,0,,0,72.1625,12,36,,,39,41,75,,,,0,,24,56,1.2082084667908
1134656119,Lewinn,Ashley,C,NP,I,7 N Broadway,,Nyack,NY,36,10960,1,"Metropolitan area core: primary flow within an urbanized area of 50,000 and greater",US,Nurse Practitioner,Claim-Specialty,2884,3717.82,168155.47,95436,251,,2832,3617.82,156015.86,92487,"#",,,325,113223.29,,2528,54065.66,,31,866.52,,560,40714.23,,2324,127441.24,,440,47016.11,,2444,121139.36,91,5423.68,1192,32,3.1553398058252,25,4914.96,651,,27.472527472527,105,2419.13,63,,59,785.66,*,,86.462151394422,,,,,181,70,229,,,,0,,30,221,2.2024986668722
1134660145,Majumder,Towfiq,,,I,35 Kensico Road,,Thornwood,NY,36,10594,1,"Metropolitan area core: primary flow within an urbanized area of 50,000 and greater",US,Pharmacist,NPPES-Taxonomy,16,16,2921.72,16,14,"#",,,,,"#",,,16,2921.72,,0,0,,0,0,*,,,"#",,,*,,,"#",,,0,0,0,0,0,0,0,0,0,,0,0,0,*,,,*,,71.142857142857,,,,,,,13,,,0,0,0,,,0.63057142857143
1134757438,Fickett,Lauren,M,PA-C,I,726 Exchange St Ste 710,,Buffalo,NY,36,14210,1,"Metropolitan area core: primary flow within an urbanized area of 50,000 and greater",US,Physician Assistant,Claim-Specialty,7802,8012.39,376846.32,135715,312,,7714,7922.39,373944.25,134356,,298,"#",,,,7003,81800.8,*,,,,5805,284096.73,,1997,92749.59,,5122,285834.2,,2680,91012.12,133,5044.9,2950,51,1.7046911048449,15,3113.05,427,,11.278195488722,175,34309.69,74,,223,2291.38,,27,81.871794871795,14,50,114,134,240,72,292,14,,,0,,163,149,2.3140324286732
1144220344,Pumarol,Alba,,MD,I,731 White Plains Rd,,Bronx,NY,36,10473,1,"Metropolitan area core: primary flow within an urbanized area of 50,000 and greater",US,Family Practice,Claim-Specialty,6154,10034.77,1054820.9,294867,260,,5188,8444.49,798045.35,248347,,210,,1305,955363.99,,4626,83166.29,,223,16290.62,,5373,964827,,781,89993.9,,5458,944130.69,,696,110690.21,12,104.07,305,,0.19499512512187,0,0,0,,0,24,190.7,20,,17,831.88,*,,70.45,50,126,57,27,181,79,15,45,,191,0,,205,55,1.262335411986
1144222340,Sheikh,Zia,M,M.D.,I,2211 W State St,Suite 121,Olean,NY,36,14760,4,"Micropolitan area core: primary flow within an urban cluster of 10,000 to 49,999",US,Nephrology,Claim-Specialty,30141,46548.62,3893812.5,1293295,1057,,21643,34341.17,2565833.32,955528,,789,,5784,3200862.19,,24143,662342.05,,214,30608.26,,22547,3005738.87,,7594,888073.63,,22006,2888357.71,,8135,1005454.79,697,20755.2,15629,202,2.312464749013,16,8347.59,445,,2.2955523672884,794,12749.06,369,,544,130752.62,,71,69.466414380322,268,457,228,104,538,519,996,23,,,,20,589,468,1.6307229400442
1144256405,Koon,Wong,L,M.D.,I,13347 Sanford Ave,No. 2a,Flushing,NY,36,11355,1,"Metropolitan area core: primary flow within an urbanized area of 50,000 and greater",US,Internal Medicine,Claim-Specialty,6519,13840.01,886096.21,407039,348,"#",,,,,"#",,,842,705646.1,,5585,176065.93,,92,4384.18,,4366,619233.24,,2153,266862.97,,3942,581442.33,,2577,304653.88,0,0,0,0,0,0,0,0,0,,219,2300.03,133,*,,,*,,77.431034482759,,,,,181,167,,0,326,,0,17,136,212,0.91582549881965
1144264730,David,Martha,A,M.D.,I,6668 Fourth Section Rd,,Brockport,NY,36,14420,2,"Metropolitan area high commuting: primary flow 30% or more to a urbanized area of 50,000 and greater",US,Family Practice,Claim-Specialty,7102,14418.71,599810.68,423285,586,,6139,12913.53,530643.37,379713,,507,,767,450078.3,,6267,147023.79,,68,2708.59,,6056,523828.88,,1046,75981.8,,2142,255328.34,,4960,344482.34,142,4527.12,3481,32,1.9994367783723,,,,,,97,958.03,79,,49,1840.39,,15,71.580204778157,79,276,178,53,415,171,554,12,,,0,15,140,446,1.0936667745284
1144267329,Thomson,Robert,C,M.D.,I,1850 Ridge Rd E,,Rochester,NY,36,14622,1,"Metropolitan area core: primary flow within an urbanized area of 50,000 and greater",US,Internal Medicine,Claim-Specialty,11983,25762.63,1203684.84,751067,761,,10427,23125.05,1030335.87,675436,,687,,1379,905111.21,,10535,294414.06,,69,4159.57,,10406,1018475.86,,1577,185208.98,,2578,329475.32,,9405,874209.52000001,482,16010.55,12317,91,4.0223650171076,79,4687.53,2206,,16.390041493776,262,4375.63,135,,48,1234.99,*,,73.911957950066,74,335,254,98,425,336,664,41,,17,,37,107,654,1.1813901522133
1144286485,Corigliano,Joseph,F,DO,I,6950 S Transit Rd,,Lockport,NY,36,14094,2,"Metropolitan area high commuting: primary flow 30% or more to a urbanized area of 50,000 and greater",US,Family Practice,Claim-Specialty,14501,34890.04,1535157.73,1022165,969,,13822,33749.97,1451893.37,989625,,924,,1847,1187723.69,,12509,340940.51,,145,6493.53,,11321,1028298.02,,3180,506859.71,,1427,163153.1,,13074,1372004.63,148,5519.18,3504,59,1.0206192676367,,,,,,424,4259.59,253,,55,1478.1,,20,75.070175438596,45,430,357,137,527,442,900,23,,,,36,83,886,1.4078769030828
1144298175,Rodriguez,Rafael,,MD,I,9001a Roosevelt Ave,2nd Floor,Jackson Heights,NY,36,11372,1,"Metropolitan area core: primary flow within an urbanized area of 50,000 and greater",US,Internal Medicine,Claim-Specialty,25113,55448.24,5022616.91,1638063,1534,,22100,51092.32,4505405.57,1509484,,1419,,4435,4348367.09,,19928,657938.02,,750,16311.8,,23908,4790627.85,,1205,231989.06,,20788,4637155.75,,4325,385461.16,129,2294.76,3552,30,0.51367817465058,,,,,,292,30145.6,229,,284,16351.76,,94,72.874837027379,115,826,468,125,856,678,65,18,26,1409,,,1135,399,1.1136440421871
1144307927,Chen,Yuqing,,M.D.,I,3808 Union St Ste 3l,,Flushing,NY,36,11354,1,"Metropolitan area core: primary flow within an urbanized area of 50,000 and greater",US,Pediatric Medicine,Claim-Specialty,55,59.66,14535.93,282,47,"#",,,,,"#",,,53,14523.87,"#",,,*,,,"#",,,*,,,"#",,,*,,,0,0,0,0,0,0,0,0,0,,0,0,0,*,,,*,,75.170212765957,,,,,30,17,0,0,43,,0,,,,1.4111646587123
1144340225,Jung,Anthony,H,M.D,I,40-18murray Street,,Flushing,NY,36,11354,1,"Metropolitan area core: primary flow within an urbanized area of 50,000 and greater",US,Internal Medicine,Claim-Specialty,58171,88817.89,10008490.04,2619264,1902,,57441,87808.92,9834648.5200001,2589359,,1869,,13194,8902334.03,,41963,996028.98,,3014,110127.03,,52614,8828427.0700001,,5557,1180062.97,,51827,9299669.88,,6344,708820.16,82,1161.24,942,37,0.14096371043991,0,0,0,0,0,572,4712.92,385,,87,1422.57,,14,75.420609884332,33,883,764,222,1160,742,32,,1708,24,,135,1406,496,1.1544414128413
1144378837,Burke,Robert,E,M.D.,I,100 John Roemmelt Dr,Suite 301,Horseheads,NY,36,14845,1,"Metropolitan area core: primary flow within an urbanized area of 50,000 and greater",US,Internal Medicine,Claim-Specialty,11912,27432.77,1112874.81,802874,670,,10551,24890.97,998050.2,728892,,604,,1124,851593.66,,10652,256557.49,,136,4723.66,,7843,702139.43,,4069,410735.38,,3235,292957.93,,8677,819916.88,211,5527.48,5283,50,1.7713230355944,25,2389.19,734,,11.848341232227,352,5932.47,194,,31,132.31,*,,73.285074626866,66,318,207,79,320,350,619,18,,,0,23,147,523,1.3072114827422
1144394966,Lee,Edward,E,M.D.,I,164-10 Northern Blvd,Suite 210,Flushing,NY,36,11358,1,"Metropolitan area core: primary flow within an urbanized area of 50,000 and greater",US,Internal Medicine,Claim-Specialty,15176,19598.31,3413296.18,579970,496,,14376,18586.01,3180324.45,549941,,478,,4096,3035396.07,,10790,367723.74,,290,10176.37,,12777,2907243.82,,2399,506052.36,,13610,3288292.09,,1566,125004.09,15,36.04,196,,0.098840274117027,0,0,0,,0,88,1458.03,67,,0,0,,0,74.963709677419,18,238,184,56,232,264,15,11,408,30,0,32,397,99,1.8212088745507
1144407891,Good,David,A,RPH,I,73 N Main St,,Brockport,NY,36,14420,2,"Metropolitan area high commuting: primary flow 30% or more to a urbanized area of 50,000 and greater",US,Pharmacist,NPPES-Taxonomy,131,131,32459.97,189,120,"#",,,,,"#",,,131,32459.97,,0,0,,0,0,,102,25915.62,,29,6544.35,,20,5385.07,,111,27074.9,0,0,0,0,0,0,0,0,0,,0,0,0,*,,,*,,73.141666666667,,,,,71,49,113,,0,,0,,18,102,0.90147569444444
1144428541,Baker,Crystal,M,RPA-C,I,99 East State Street,Mab Suite G01,Gloversville,NY,36,12078,4,"Micropolitan area core: primary flow within an urban cluster of 10,000 to 49,999",US,Physician Assistant,Claim-Specialty,6245,11064.57,520971.31,312380,624,,5005,9292.88,413703.04,264363,,492,,804,415869.37,,5383,102764.65,,58,2337.29,,5016,422154.17,,1229,98817.14,,2643,295634.65,,3602,225336.66,300,12628.57,6812,47,4.8038430744596,43,6518.52,1080,,14.333333333333,267,2360,155,,90,22678.98,,14,70.076923076923,132,274,168,50,424,200,590,,,13,0,13,232,392,1.1185389746803
1144499211,Perez-Cruz,Elyhia,,PHARMACIST,I,863 Montauk Hwy,,Shirley,NY,36,11967,1,"Metropolitan area core: primary flow within an urbanized area of 50,000 and greater",US,Pharmacist,NPPES-Taxonomy,41,41,11156.5,41,40,"#",,,,,"#",,,41,11156.5,,0,0,,0,0,*,,,"#",,,*,,,"#",,,0,0,0,0,0,0,0,0,0,,0,0,0,*,,,*,,74.2,,,,,19,21,35,,0,,,0,,,1.1409875
1144626508,Wong,Tsz Isabel,,"NP, RD",I,139 Centre St Ste 515,,New York,NY,36,10013,1,"Metropolitan area core: primary flow within an urbanized area of 50,000 and greater",US,Nurse Practitioner,Claim-Specialty,5179,9162.63,2709581.17,266163,668,,5073,9000.53,2685356.77,261469,,647,,899,2384815.49,,4201,321950.16,,79,2815.52,,4373,2134900.56,,806,574680.61,,4560,2511803.66,,619,197777.51,15,289.1,297,,0.28963120293493,,,,,,93,717.38,66,*,,,*,,77.091317365269,21,276,212,159,421,247,,,644,,0,15,560,108,1.9166817814805
1144633850,Kochian,Gina,,,I,1476 Route 9,,Clifton Park,NY,36,12065,1,"Metropolitan area core: primary flow within an urbanized area of 50,000 and greater",US,Pharmacist,NPPES-Taxonomy,27,27,5686.68,27,27,,27,27,5686.68,27,,27,,27,5686.68,,0,0,,0,0,,13,2371.62,,14,3315.06,,0,0,,27,5686.68,0,0,0,0,0,0,0,0,0,,0,0,0,,0,0,,0,73.962962962963,0,,17,,16,11,22,,0,0,0,,0,27,0.81066666666667
1144752486,Tran,Connie,,NP,I,268 Canal St,,New York,NY,36,10013,1,"Metropolitan area core: primary flow within an urbanized area of 50,000 and greater",US,Nurse Practitioner,Claim-Specialty,3914,9633.73,492381.15,281338,457,,3693,9169.81,463933.96,267969,,443,,378,378918.72,,3520,113155.52,,16,306.91,,1512,176265.34,,2402,316115.81,,3847,487643.48,,67,4737.67,,,,,,,,,,,15,2271.77,13,,0,0,,0,72.061269146608,14,323,99,21,296,161,,,448,,0,,,,0.75541150940107
1144869009,Vosburg,Jensen,,PA-C,I,9768 Liberty Dr,,Painted Post,NY,36,14870,4,"Micropolitan area core: primary flow within an urban cluster of 10,000 to 49,999",US,Physician Assistant,Claim-Specialty,4146,8126.27,576477.09,234582,505,,3205,6486.76,450133.61,187960,,410,,540,501923.69,,3550,72072.25,,56,2481.15,,2970,431536.63,,1176,144940.46,,1662,318598.33,,2484,257878.76,137,4055.04,3222,50,3.3043897732754,,,,,,147,2201.6,102,,17,485.96,*,,70.041584158416,95,239,136,35,290,215,481,,,,0,14,161,344,1.1355117712728
1154305266,Baker,Karen,M,NP,I,3 Handley St Ste 2,,Perry,NY,36,14530,7,"Small town core: primary flow within an urban cluster of 2,500 to 9,999",US,Nurse Practitioner,Claim-Specialty,3281,7569.07,366244.96,218689,469,,3036,7076.22,338477.58,204690,,424,,462,298382.19,,2780,65818.63,,39,2044.14,,2412,232116.9,,869,134128.06,,775,106133.26,,2506,260111.7,51,1311.54,1559,21,1.5544041450777,,,,,,146,1553.24,100,,11,643.7,*,,73.874200426439,45,209,156,59,293,176,436,,,0,,28,90,379,1.1505789492367
1154324317,Berliant,Marc,N,MD,I,601 Elmwood Ave,Box Med,Rochester,NY,36,14642,1,"Metropolitan area core: primary flow within an urbanized area of 50,000 and greater",US,Internal Medicine,Claim-Specialty,2748,5963.51,395587.58,174632,290,,2594,5760.34,372965.35,169099,,252,,368,337717.24,,2353,56865.33,,27,1005.01,,1856,276569.22,,892,119018.36,,332,60183.59,,2416,335403.99,74,1869.41,1811,30,2.6928675400291,,,,,,34,9476.69,22,,12,279.67,*,,73.575862068966,38,113,96,43,135,155,217,40,,12,,15,78,212,1.2869915406643
1154335222,Friedman,Sanford,J,MD,I,35 E 85th St Ofc 2,,New York,NY,36,10028,1,"Metropolitan area core: primary flow within an urbanized area of 50,000 and greater",US,Cardiology,Claim-Specialty,5585,12858.87,1073312.96,377768,377,,5566,12831.87,1070225.47,377028,"#",,,1097,915616.32,,4429,157030.44,,59,666.2,,513,104253.86,,5072,969059.1,,104,14030.44,,5481,1059282.52,46,2630.98,1006,20,0.82363473589973,,,,,,140,2486.08,87,*,,,*,,79.034482758621,,,,,176,201,330,17,,,0,22,,,0.95367207285841
1154363323,Nguyen,James,,MD,I,21 E 22nd St,,New York,NY,36,10010,1,"Metropolitan area core: primary flow within an urbanized area of 50,000 and greater",US,Family Practice,Claim-Specialty,5218,12465.61,521127.34,365484,548,,4475,11012.82,447398.98,323187,,492,,751,425105.56,,4356,91215.63,,111,4806.15,,3749,372898.16,,1469,148229.18,,1819,213334.29,,3399,307793.05,,,,,,,,,,,69,410.11,54,*,,,*,,73.399635036496,56,246,179,67,295,253,157,172,22,170,0,27,159,389,1.1528753418419
1154376432,Shedd,Nancy,G,M.D.,I,1850 Ridge Rd E,,Rochester,NY,36,14622,1,"Metropolitan area core: primary flow within an urbanized area of 50,000 and greater",US,Internal Medicine,Claim-Specialty,5583,11815.62,528362.27,345581,456,,4846,10678.86,469506.45,312720,,420,,657,384011.63,,4852,140545.22,,74,3805.42,,4607,419451.47,,976,108910.8,,1451,136890.91,,4132,391471.36,195,4913.55,4882,44,3.4927458355723,,,,,,81,5706.53,61,*,,,*,,74.385964912281,36,197,161,62,329,127,396,26,,11,,21,76,380,1.0796493093754
1154388049,Ross,Lynne,S,MD,I,43 Niagara St,,North Tonawanda,NY,36,14120,1,"Metropolitan area core: primary flow within an urbanized area of 50,000 and greater",US,Family Practice,Claim-Specialty,9290,18201.5,1314414.4,530001,599,,7497,15379.73,1070092.74,448798,,510,,1461,1094027.73,,7740,217147.45,,89,3239.22,,7737,1093085.65,,1553,221328.75,,4033,633223.49,,5257,681190.91,454,52222.9,12306,84,4.8869752421959,61,43572.6,1830,,13.436123348018,208,8473.01,114,,57,1843.46,,14,71.687813021703,89,287,173,50,383,216,575,,,,,,180,419,1.3255797913454
1154417871,Lee,Chang,S,M.D.,I,38-05 Bowne St.,,Flushing,NY,36,11354,1,"Metropolitan area core: primary flow within an urbanized area of 50,000 and greater",US,Internal Medicine,Claim-Specialty,56374,70921.81,8507416.32,2083198,1432,,55855,70302.23,8453271.98,2064787,,1420,,11471,6915309.37,,44374,1582148.43,,529,9958.52,,50590,7616000.29,,5784,891416.03,,51923,8307150.96,,4451,200265.36,229,2490.61,4750,45,0.4062156313194,0,0,0,0,0,950,5694.74,489,,104,1320.6,*,,75.004189944134,12,730,538,152,855,577,13,,1304,11,,98,1143,289,0.96658729929465
1154497642,Zheng,Hanbin,,M.D.,I,86 Bowery,4th Floor,New York,NY,36,10013,1,"Metropolitan area core: primary flow within an urbanized area of 50,000 and greater",US,Internal Medicine,Claim-Specialty,15562,29610.95,3097081.36,866095,837,,15035,28765.46,2960539.56,841747,,811,,2984,2736186.28,,12326,352593.09,,252,8301.99,,13025,2587657.81,,2537,509423.55,,13764,2836958.96,,1798,260122.4,,,,,,,,,,,293,1796.74,203,,30,959.27,,12,74.755077658303,26,441,247,123,433,404,,,803,,0,22,691,146,1.3676733801607
1154518280,Knibbs,Melida,D,FNP-BC,I,521 W 181st St,,New York,NY,36,10033,1,"Metropolitan area core: primary flow within an urbanized area of 50,000 and greater",US,Nurse Practitioner,Claim-Specialty,9814,19722.85,1366949.08,578446,582,,8418,17210.47,1134356.98,505624,,503,,1456,1212310.77,,8034,148281.36,,324,6356.95,,9407,1323668.26,,407,43280.82,,9400,1349061.71,,414,17887.37,,,,,,,,,,,177,1316.68,131,,53,1523.24,,11,71.544673539519,79,311,146,46,391,191,,,,564,0,,540,42,1.1049230228747
1154592616,Nudel,Polina,,PHARM D.,I,585 Hudson St,,New York,NY,36,10014,1,"Metropolitan area core: primary flow within an urbanized area of 50,000 and greater",US,Pharmacist,NPPES-Taxonomy,38,38,9255.61,38,32,,38,38,9255.61,38,,32,,38,9255.61,,0,0,,0,0,,13,2730.12,,25,6525.49,*,,,"#",,,0,0,0,0,0,0,0,0,0,,0,0,0,,0,0,,0,73.8125,0,18,,,13,19,23,,0,,0,,,,0.99796875
1154679090,Yun,David,K,DO,I,6142 186th St Ste 652,,Fresh Meadows,NY,36,11365,1,"Metropolitan area core: primary flow within an urbanized area of 50,000 and greater",US,Family Practice,Claim-Specialty,717,1544.25,104425.76,44047,66,,614,1334.45,84176.66,38043,"#",,,140,88046.53,,563,15293.51,,14,1085.72,,680,100403.11,,37,4022.65,,509,77730.33,,208,26695.43,11,125.33,140,,1.534170153417,0,0,0,,0,29,203.35,18,,0,0,*,,70,,,,,43,23,,11,25,17,0,,43,23,1.1633686868687
1154720365,Bodrog,Jonathan,D,PHARMD,I,1575 Mount Hope Ave,,Rochester,NY,36,14620,1,"Metropolitan area core: primary flow within an urbanized area of 50,000 and greater",US,Pharmacist,NPPES-Taxonomy,14,14,3548.19,72,14,,14,14,3548.19,72,,14,,14,3548.19,,0,0,,0,0,,14,3548.19,,0,0,*,,,"#",,,0,0,0,0,0,0,0,0,0,,0,0,0,,0,0,,0,78.714285714286,0,,,,,,14,0,0,0,0,0,,,1.3676428571429
1154779270,Conway,Catherine,E,DO,I,104 S Porter St,,Watkins Glen,NY,36,14891,7,"Small town core: primary flow within an urban cluster of 2,500 to 9,999",US,Family Practice,Claim-Specialty,2770,5061.3,272129.01,144301,353,,2157,4117.74,212870.35,117307,,293,,396,216958.86,,2329,52775,,45,2395.15,,1908,201245.46,,862,70883.55,,1401,146645.67,,1369,125483.34,127,4577.73,2951,47,4.5848375451264,,,,,,68,775.92,48,*,,,*,,71.535410764873,60,164,88,41,202,151,335,,0,,,13,130,223,1.209974952981
1164165411,Kowsarnia,Saeedeh,,,I,4422 3rd Ave,,Bronx,NY,36,10457,1,"Metropolitan area core: primary flow within an urbanized area of 50,000 and greater",US,Student in an Organized Health Care Education/Training Program,NPPES-Taxonomy,536,939.64,148909.16,27499,100,,451,802.84,124485.3,23495,,77,"#",,,,395,10596.47,*,,,,515,143667.11,,21,5242.05,,524,148373.17,,12,535.99,0,0,0,0,0,0,0,0,0,,,,,*,,,*,,72.84,23,33,28,16,57,43,,23,,69,0,,,,1.9526307093855
1164187597,Powers,Yin,,,I,8532 159th St,,Jamaica,NY,36,11432,1,"Metropolitan area core: primary flow within an urbanized area of 50,000 and greater",US,Nurse Practitioner,Claim-Specialty,2749,4612.86,377330.62,133542,250,,2606,4366.36,345750.47,126280,,239,,417,316236.42,,2258,57789.67,,74,3304.53,,2554,342469.11,,195,34861.51,,2369,344972.23,,380,32358.39,,,,,,,,,,,19,198.09,17,*,,,*,,73.744,11,144,65,30,141,109,,,218,,0,13,185,65,1.094242639185
1164436218,Schiowitz,Avi,H,D.O,I,1701 59th St,,Brooklyn,NY,36,11204,1,"Metropolitan area core: primary flow within an urbanized area of 50,000 and greater",US,Internal Medicine,Claim-Specialty,9626,20899.24,1340442.05,617393,695,,9258,20336.84,1279982.61,600712,,680,,1391,1042067.94,,8151,295443.2,,84,2930.91,,2875,396157.09,,6751,944284.96,,4293,650342.53,,5333,690099.52,19,262.24,474,,0.19738209017245,0,0,0,,0,189,9782.47,130,,65,1633.66,*,,75.597122302158,15,362,193,125,373,322,650,,,,0,35,242,453,1.0339147072077
1164447629,Jing,Wuhua,,MD,I,8 Chatham Sq,Suite 800,New York,NY,36,10038,1,"Metropolitan area core: primary flow within an urbanized area of 50,000 and greater",US,Internal Medicine,Claim-Specialty,23038,52379.9,8083839.99,1550749,598,,22870,51994.23,8009767.49,1539364,"#",,,6249,7291014.89,,16272,776999.81,,517,15825.29,,21492,7446593.11,,1546,637246.88,,21980,7943491.01,,1058,140348.98,0,0,0,0,0,0,0,0,0,,180,42802.04,104,,33,919.72,*,,75.352842809365,,,,,276,322,,,572,,0,14,538,60,1.2147126181747
1164467312,Churchill,Laura,H,FNP,I,411 Main St,3rd Floor,Catskill,NY,36,12414,7,"Small town core: primary flow within an urban cluster of 2,500 to 9,999",US,Nurse Practitioner,NPPES-Specialty,584,584,153575.83,700,498,,564,564,148800.71,680,,481,,584,153575.83,,0,0,,0,0,,319,81391.8,,265,72184.03,,55,15503.68,,529,138072.15,0,0,0,0,0,0,0,0,0,,0,0,0,,0,0,,0,77.447791164659,17,193,174,114,300,198,473,,,,0,19,37,461,1.0934419852448
1164476743,Randhawa,M,T,M.D.,I,411 Canisteo St,,Hornell,NY,36,14843,4,"Micropolitan area core: primary flow within an urban cluster of 10,000 to 49,999",US,Internal Medicine,Claim-Specialty,13361,13387.71,322229.47,110509,197,,11843,11864.97,274115.52,98521,,185,,1397,217127.01,,11950,104570.15,,14,532.31,,10128,231351.53,,3233,90877.94,,11122,272641.39,,2239,49588.08,105,1691.66,1203,31,0.7858693211586,,,,,,52,6524.11,25,,321,8877.05,,19,81.274111675127,12,39,60,86,115,82,191,,,0,0,,124,73,2.8284579646669
1164547402,Deng,Juliang,,M.D.,I,4202 Kissena Blvd,,Flushing,NY,36,11355,1,"Metropolitan area core: primary flow within an urbanized area of 50,000 and greater",US,Internal Medicine,Claim-Specialty,11285,26387.87,1567850.59,777678,625,,11268,26344.21,1567408.52,776436,"#",,,1318,1276677.36,,9854,288184.8,,113,2988.43,,9970,1349316.66,,1315,218533.93,,8739,1349065.98,,2546,218784.61,,,,,,,,,,,145,896.34,121,,15,1113.12,*,,76.9104,,,,,319,306,11,,568,,0,31,434,191,1.0566104304763
1164572673,Shah,Harshida,R,MD,I,2510 30th Ave,,Long Island City,NY,36,11102,1,"Metropolitan area core: primary flow within an urbanized area of 50,000 and greater",US,Internal Medicine,Claim-Specialty,5673,5705.85,562502.41,139295,270,,5086,5118.42,400429.55,125305,,242,"#",,,,4246,272039.89,*,,,,3417,396064.39,,2256,166438.02,,5575,558412.31,,98,4090.1,94,3819.72,1591,24,1.6569716199542,19,1344.59,540,,20.212765957447,154,24059.5,62,,108,7989.62,,27,77.603703703704,28,84,75,83,144,126,86,59,89,17,0,19,254,16,3.3676443762402
1164597498,Fairbanks Doane,Lauri,A,DO,I,8100 Oswego Road,Suite 220,Liverpool,NY,36,13090,1,"Metropolitan area core: primary flow within an urbanized area of 50,000 and greater",US,Family Practice,Claim-Specialty,7584,17335.35,585522.95,500276,658,,7103,16499.72,558925.16,476371,,616,,776,431262.68,,6752,150434.87,,56,3825.4,,5350,419861.24,,2234,165661.71,,807,55542.02,,6777,529980.93,224,6064.63,5981,36,2.9535864978903,12,747.21,329,,5.3571428571429,282,3391.3,185,,21,807.48,*,,73.700607902736,42,321,228,67,481,177,625,,,,,18,57,601,1.0750624104898
1164623708,Moy,Michael,C,D.O.,I,8710 Queens Blvd Fl 1,,Elmhurst,NY,36,11373,1,"Metropolitan area core: primary flow within an urbanized area of 50,000 and greater",US,Family Practice,Claim-Specialty,7570,10586.1,875566.66,300513,293,,7548,10554.1,874717.95,299621,"#",,,1519,748986.22,,5986,125477.37,,65,1103.07,,7236,818697.21,,334,56869.45,,6758,829782.97,,812,45783.69,0,0,0,0,0,0,0,0,0,,485,3787.32,201,,0,0,*,,71.754266211604,,,,,148,145,,,251,19,0,14,220,73,0.91232595030086
1164685699,Wu,Duchu,,M.D,I,268 Canal St,,New York,NY,36,10013,1,"Metropolitan area core: primary flow within an urbanized area of 50,000 and greater",US,Internal Medicine,NPPES-Specialty,9726,19947.57,1516458.22,591133,763,,9535,19546.98,1490190.87,579365,,735,,1413,1247660.03,,8065,262518.63,,248,6279.56,,8888,1406736.18,,838,109722.04,,9211,1495464.22,,515,20994,0,0,0,0,0,0,0,0,0,,32,283.95,29,,26,17320.16,*,,72.393184796855,28,492,174,69,371,392,,,740,,0,12,706,57,1.0235322072951
1164731634,Childs,Timothy,A,FNP,I,2015 Grand Concourse,,Bronx,NY,36,10453,1,"Metropolitan area core: primary flow within an urbanized area of 50,000 and greater",US,Nurse Practitioner,Claim-Specialty,10719,10791.79,805842.16,161986,241,,8608,8671.7,516702.45,130254,,210,,1586,601339.66,,9078,199680.91,,55,4821.59,,1978,121923.27,,8741,683918.89,,10503,796679.41,,216,9162.75,191,4560.2,3895,45,1.7818826383058,,,,,,114,38487.04,51,,642,41105.46,,52,76.248962655602,31,77,69,64,132,109,163,62,,11,0,,227,14,3.2885989198506
1164755294,Gundavarapu,Rani,L,M.D,I,1400 Pelham Pkwy S,Jacobi Medical Center,Bronx,NY,36,10461,1,"Metropolitan area core: primary flow within an urbanized area of 50,000 and greater",US,Geriatric Medicine,Claim-Specialty,270,405.97,34840.29,10447,111,,246,369.77,29024.52,9569,,95,"#",,,,202,3191.34,*,,,,60,8485.02,,210,26355.27,,125,17106.83,,145,17733.46,,,,,,,,,,,11,1580.91,11,,0,0,,0,77.711711711712,16,32,28,35,73,38,74,20,,,0,,41,70,1.9923744546792
1164791232,Dominguez,Nicole,B,PHARM D.,I,1847 Rockaway Pkwy,,Brooklyn,NY,36,11236,1,"Metropolitan area core: primary flow within an urbanized area of 50,000 and greater",US,Pharmacist,NPPES-Taxonomy,231,231,66841.03,231,219,"#",,,,,"#",,,231,66841.03,,0,0,,0,0,,124,35765.03,,107,31076,*,,,"#",,,0,0,0,0,0,0,0,0,0,,0,0,0,*,,,*,,73.904109589041,,,,,126,93,197,,,,0,,,,1.0764179390468
1164837977,Koehn,Zachary,A,DO,I,3379 Chili Ave Ste 100,,Rochester,NY,36,14624,1,"Metropolitan area core: primary flow within an urbanized area of 50,000 and greater",US,Family Practice,Claim-Specialty,11100,19813.24,1692640.9099999,443927,5387,,10555,19005.58,1627986.1499999,425721,,5162,,5393,1549420.1099999,,5665,141046.89,,42,2173.91,,9275,1305924.98,,1825,386715.93,,1539,267323.08,,9561,1425317.83,162,5439.58,4396,35,1.4594594594595,,,,,,111,954.09,84,,16,165.78,*,,74.752923705216,225,2523,2071,568,3074,2313,4889,150,,83,,212,756,4631,1.0760744530625
1164838611,Brown,Sophia,A,"DNP, FNP-BC",I,6920 Main St,,Flushing,NY,36,11367,1,"Metropolitan area core: primary flow within an urbanized area of 50,000 and greater",US,Nurse Practitioner,Claim-Specialty,6170,12300.38,1912713.67,357297,364,,5352,10957.67,1694314.89,319069,,312,,1445,1712763.77,,4628,196420.92,,97,3528.98,,4051,1079963.85,,2119,832749.82,,4374,1649483.26,,1796,263230.41,43,239.56,625,19,0.6969205834684,,,,,,154,1293.05,102,,13,4291.98,*,,70.956043956044,52,192,89,31,217,147,173,71,,65,,32,201,163,1.1876434614901
1164871703,Dalka,Lindsey,,DO,I,16 Bank St,,Batavia,NY,36,14020,4,"Micropolitan area core: primary flow within an urban cluster of 10,000 to 49,999",US,Family Practice,Claim-Specialty,3817,7044.99,462958.73,205527,246,,3233,6178.03,409327.67,180841,,201,,527,385540.33,,3252,74966.14,,38,2452.26,,3062,334984.14,,755,127974.59,,1586,208612.53,,2231,254346.2,174,6703.88,4838,30,4.5585538380927,53,3619.05,1548,,30.459770114943,27,141.12,24,,13,810.26,*,,68.894308943089,45,136,53,12,149,97,231,,0,,0,,83,163,1.2030674119241
1174037766,Amo-Badu,Abena,,,I,302 Route 25a,,Miller Place,NY,36,11764,1,"Metropolitan area core: primary flow within an urbanized area of 50,000 and greater",US,Pharmacist,NPPES-Taxonomy,24,24,5375.17,53,22,"#",,,,,"#",,,23,5371.17,*,,,"#",,,*,,,"#",,,,0,0,,24,5375.17,0,0,0,0,0,0,0,0,0,,0,0,0,*,,,*,,73.090909090909,,,,,,,21,,0,0,0,,0,22,0.89495454545455
1174158729,Slepian,Philip,,,I,1783 Colvin Blvd,,Buffalo,NY,36,14223,1,"Metropolitan area core: primary flow within an urbanized area of 50,000 and greater",US,Physician Assistant,Claim-Specialty,4484,9889.02,518015.01,289676,957,,4008,9106.2,483226.8,266994,,890,,653,423921.68,,3767,90605.99,,64,3487.34,,3638,428422.15,,846,89592.86,,907,89544.22,,3577,428470.79,128,3741.15,3372,64,2.8545941123996,,,,,,80,653.31,70,*,,,*,,74.144200626959,67,468,302,120,482,475,879,20,,17,,39,135,822,1.1493832137513
1174501498,Brodey,Mitchell,V,MD,I,4900 Broad Rd,Pob Ste 4k,Syracuse,NY,36,13215,1,"Metropolitan area core: primary flow within an urbanized area of 50,000 and greater",US,Internal Medicine,Claim-Specialty,7917,16286.4,2533871.69,472867,681,,6770,14639.9,1608301.5,426517,,605,,1232,2179336.05,,6613,352098.76,,72,2436.88,,5748,1762929.4,,2169,770942.29,,1740,1097556.44,,6177,1436315.25,158,5472.91,3652,35,1.9957054439813,,,,,,660,40822.42,233,,52,585.34,*,,72.022026431718,76,366,192,47,296,385,554,84,,11,,26,134,547,1.384669909166
1174511000,Tan,Wei,Y,MD,I,5618 7th Ave,,Brooklyn,NY,36,11220,1,"Metropolitan area core: primary flow within an urbanized area of 50,000 and greater",US,Internal Medicine,Claim-Specialty,5922,10960.87,1271443.37,315272,237,,5887,10925.87,1270590.11,314362,"#",,,1221,1116772.76,,4636,153198.9,,65,1471.71,,5822,1254776.45,,100,16666.92,,5754,1263385.88,,168,8057.49,0,0,0,0,0,0,0,0,0,,129,17625.93,80,,29,1028.97,*,,70.675105485232,,,,,114,123,,0,225,,0,,220,17,1.0053375706215
1174518211,Mastrianni,Stephen,,DO,I,1833 Benson Ave,,Brooklyn,NY,36,11214,1,"Metropolitan area core: primary flow within an urbanized area of 50,000 and greater",US,Internal Medicine,Claim-Specialty,19996,25843.14,1727573.29,710619,667,,19011,24382.28,1637997.04,670056,,616,,3415,1185670.17,,16414,532587.51,,167,9315.61,,10909,877011.64,,9087,850561.65,,17071,1537896.41,,2925,189676.88,486,14269.74,12158,96,2.4304860972194,47,5874.69,1293,,9.6707818930041,541,14315.18,230,,350,189426.33,,37,78.710644677661,51,177,221,218,458,209,571,12,,56,,19,421,246,1.7535293553148
1174541205,Poon,Joseph,,MD,I,39 E Broadway,606,New York,NY,36,10002,1,"Metropolitan area core: primary flow within an urbanized area of 50,000 and greater",US,Internal Medicine,Claim-Specialty,5524,6743.26,674283.38,179329,373,,5420,6639.26,663397.33,177247,,362,,1111,535702.36,,4396,137490.74,,17,1090.28,,3585,454460.08,,1939,219823.3,,4948,597773.2,,576,76510.18,17,114.98,105,,0.30774800868936,0,0,0,,0,101,7220.74,35,,45,5422.69,,14,79.635388739946,11,103,133,126,208,165,85,22,180,73,0,13,299,74,2.1583149968762
1174555486,He,Yong,K,,I,77 Bowery Fl 3f,,New York,NY,36,10002,1,"Metropolitan area core: primary flow within an urbanized area of 50,000 and greater",US,Internal Medicine,Claim-Specialty,10936,13039.72,1892304.14,374083,922,,10789,12875.09,1859506.93,369354,,903,,2364,1483290.26,,8431,405986.84,,141,3027.04,,10356,1811949.51,,580,80354.63,,10756,1880983.95,,180,11320.19,,,,,,,,,,,285,2080.89,211,,18,255.81,*,,72.445770065076,19,607,246,50,475,447,0,,907,,0,,897,25,1.1265648120262
1174566699,Saha,Charles,,M.D,I,120 E 86th St,Second Floor,New York,NY,36,10028,1,"Metropolitan area core: primary flow within an urbanized area of 50,000 and greater",US,Internal Medicine,Claim-Specialty,3027,5250.82,178408.25,149951,291,,2885,5031.17,149480.07,143703,"#",,,268,123998.35,,2725,53481.16,,34,928.74,,498,25579.87,,2529,152828.38,,309,17613.34,,2718,160794.91,33,395.1,881,,1.0901883052527,0,0,0,,0,142,2959.41,71,,13,768.8,*,,74.374570446735,,,,,184,107,217,25,,23,,20,20,271,0.84758890034609
1174568968,Nead,Karen,G,M.D.,I,913 Culver Rd,,Rochester,NY,36,14609,1,"Metropolitan area core: primary flow within an urbanized area of 50,000 and greater",US,Internal Medicine,Claim-Specialty,2770,4730.69,300355.07,133237,227,,1469,2812.04,165015.25,80894,,146,,318,237492.11,,2391,58995.32,,61,3867.64,,2127,217682.9,,643,82672.17,,2157,228798.98,,613,71556.09,248,24598.34,6259,32,8.9530685920578,99,21351.39,2839,13,39.91935483871,27,333.2,16,,14,95.81,*,,66.11013215859,81,86,49,11,147,80,130,60,,34,0,,135,92,1.3623707698907
1174591796,Day,W,M,PA,I,79 North St,Granville Family Health,Granville,NY,36,12832,7.1,"Secondary flow 30% to <50% to a urbanized area of 50,000 and greater",US,Physician Assistant,Claim-Specialty,15244,31523.27,1596604.75,904150,1023,,11248,24216.4,1227506.61,698573,,816,,2038,1272955.98,,13047,316264.02,,159,7384.75,,10553,1208759.12,,4691,387845.63,,7980,945201.87,,7264,651402.88,823,50300.04,19687,151,5.3988454473891,106,33421.75,2968,18,12.879708383961,336,3329.94,194,,125,8032.38,,28,70.856304985337,207,435,284,97,547,476,985,,,,0,27,382,641,1.1491641442737
1174635916,Anwar,Arshad,,MD,I,795 Coney Island Ave,,Brooklyn,NY,36,11218,1,"Metropolitan area core: primary flow within an urbanized area of 50,000 and greater",US,Internal Medicine,Claim-Specialty,18846,26958.62,2936469.2,792629,541,,17435,25242.96,2684576.87,742235,,503,,3366,2480227.13,,14388,427608.66,,1092,28633.41,,16600,2533627.28,,2246,402841.92,,17750,2821851.09,,1096,114618.11,29,800.52,771,,0.15387880717394,,,,,,196,6764.88,123,,23,3255.34,*,,71.062846580407,38,349,134,20,174,367,27,20,406,,,76,479,62,1.325689240958
1053920504,John,Jerry,V,MD,I,15 S Main St Ste 150,,Jamestown,NY,36,14701,4,"Micropolitan area core: primary flow within an urban cluster of 10,000 to 49,999",US,Family Practice,Claim-Specialty,718,1459.45,90349.51,40809,275,,603,1266.71,70550.53,35424,,236,,113,74861.98,,587,14896.8,,18,590.73,,508,61955.24,,210,28394.27,,287,53264.7,,431,37084.81,,,,,,,,,,,32,6157.04,27,*,,,*,,71.530909090909,39,131,76,29,143,132,228,39,0,,0,,93,182,1.1273203030303
1053975359,Kohli,Bitika,,,I,230 W 17th St Fl 8,,New York,NY,36,10011,1,"Metropolitan area core: primary flow within an urbanized area of 50,000 and greater",US,Family Practice,Claim-Specialty,1177,1305.87,110493.66,37180,137,,332,354,17200.25,10012,,38,"#",,,,1011,29403.43,*,,,,275,24270.62,,902,86223.04,"#",,,*,,,0,0,0,0,0,0,0,0,0,,,,,,0,0,,0,52.656934306569,99,30,,,46,91,35,54,,41,0,,,,0.94639902676399
1053978189,Chambers,Jerome,A,MD,I,1650 Grand Concourse,,Bronx,NY,36,10457,1,"Metropolitan area core: primary flow within an urbanized area of 50,000 and greater",US,Internal Medicine,Claim-Specialty,3532,7633.96,184606.32,217019,410,,2957,6594.41,149629.51,187982,,351,,513,130001.32,,2966,53676.57,,53,928.43,,3513,184458.26,,19,148.06,,1031,57280.5,,2501,127325.82,41,767.32,964,13,1.1608154020385,,,,,,77,1082.84,51,*,,,*,,70.958536585366,59,221,105,25,199,211,218,151,17,17,,,69,341,0.98839432474534
1063064608,Regmi,Sudiksha,,MD,I,3400 Bainbridge Ave,,Bronx,NY,36,10467,1,"Metropolitan area core: primary flow within an urbanized area of 50,000 and greater",US,Internal Medicine,Claim-Specialty,4953,11167.36,665062.6,330983,571,,4517,10342.63,599278.01,306941,,514,,760,577563.64,,4034,81099.19,,159,6399.77,,3931,538860.91,,1022,126201.69,,3044,506304.96,,1909,158757.64,,,,,,,,,,,18,169.06,15,*,,,*,,73.637478108581,57,241,205,68,383,188,62,241,14,230,0,24,287,284,1.4924143501004
1063078517,Kwakye,Benjamin,K,FNP,I,1786 Flatbush Ave,,Brooklyn,NY,36,11210,1,"Metropolitan area core: primary flow within an urbanized area of 50,000 and greater",US,Nurse Practitioner,Claim-Specialty,3949,4234.41,206979.94,121216,283,,1316,1334.16,91528.78,38384,,71,,360,103580.97,,3577,103342.28,,12,56.69,,503,24280.8,,3446,182699.14,,3949,206979.94,,0,0,0,0,0,0,0,0,0,0,0,,40,338.79,24,*,,,*,,52.925795053004,212,51,,,89,194,78,99,,77,,15,283,0,0.92008303886926
1063078541,Huang,Juan,,AGPCNP,I,1867 86th St Fl 1,,Brooklyn,NY,36,11214,1,"Metropolitan area core: primary flow within an urbanized area of 50,000 and greater",US,Nurse Practitioner,Claim-Specialty,12694,17070.14,2061177.52,494684,739,,12422,16661.12,2042511.38,483177,,719,,2734,1747424.15,,9669,308073.05,,291,5680.32,,11954,1937612.22,,740,123565.3,,12472,2050621.83,,222,10555.69,0,0,0,0,0,0,0,0,0,,229,900.68,186,,27,1147.27,*,,72.822733423545,20,489,160,70,382,357,,0,726,,0,,711,28,1.0845885234671
1063401636,Sung,John,H,M.D.,I,13172 40th Road,,Flushing,NY,36,11354,1,"Metropolitan area core: primary flow within an urbanized area of 50,000 and greater",US,Internal Medicine,NPPES-Specialty,14467,20298.82,1692322.29,601539,490,,14175,19938.55,1676793,590896,,479,,2055,1394374.78,,12147,290269.06,,265,7678.45,,13445,1538999.44,,1022,153322.85,,13781,1638275.24,,686,54047.05,0,0,0,0,0,0,0,0,0,,77,24460.05,55,,13,90.65,*,,72.881632653061,11,320,119,40,239,251,,0,471,,0,,445,45,0.99884523304105
1063401644,Wu,Shuyi,,M.D.,I,131-72 40th Rd,,Flushuing,NY,36,11354,1,"Metropolitan area core: primary flow within an urbanized area of 50,000 and greater",US,Internal Medicine,NPPES-Specialty,4768,7749.05,538204.82,229663,196,,4735,7716.05,537762.62,228713,"#",,,573,398540.2,,4140,138333.12,,55,1331.5,,4293,487542.85,,475,50661.97,,4543,520227.18,,225,17977.64,0,0,0,0,0,0,0,0,0,,28,258.43,20,,0,0,*,,73.219387755102,,,,,113,83,0,,187,,0,,176,20,0.87203401360544
1063433589,Hu,Xiaoxi,,MD,I,4506 8th Ave,,Brooklyn,NY,36,11220,1,"Metropolitan area core: primary flow within an urbanized area of 50,000 and greater",US,Internal Medicine,Claim-Specialty,12614,16528.87,1110760.75,479935,767,,12302,16140.07,1074984.91,468576,,748,,1762,868762.24,,10630,236799.72,,222,5198.79,,12084,1061755.53,,530,49005.22,,12360,1098722.71,,254,12038.04,,,,,,,,,,,227,2074.11,167,,14,306.26,*,,72.492829204694,19,510,174,64,424,343,,,724,28,0,,741,26,1.0755338757122
1063436210,Borghi-Cavallaro,Christine,C,M.D.,I,945 E Henrietta Rd,,Rochester,NY,36,14623,1,"Metropolitan area core: primary flow within an urbanized area of 50,000 and greater",US,Family Practice,Claim-Specialty,5631,12594.25,425052.83,370616,345,,5164,11667.7,365076.24,343145,,323,,580,296345.08,,5010,125497.89,,41,3209.86,,5163,399901.64,,468,25151.19,,888,92474.3,,4743,332578.53,171,19903.85,3238,28,3.0367607884923,,,,,,55,415.8,46,*,,,*,,72.994202898551,22,175,124,24,269,76,282,20,11,,,23,35,310,0.93983998421228
1063456192,Ghosh,Shantonu,,M.D.,I,470 Collins St,,Avon,NY,36,14414,2,"Metropolitan area high commuting: primary flow 30% or more to a urbanized area of 50,000 and greater",US,Internal Medicine,Claim-Specialty,7580,18492.38,731462.88,546033,458,,7191,17721.21,699431.23,523435,,426,,665,539737.38,,6833,188873.15,,82,2852.35,,6289,593591.4,,1291,137871.48,,1275,128814.02,,6305,602648.86,58,985.53,1301,17,0.76517150395778,,,,,,165,3073.47,100,,34,456.92,,11,74.75327510917,32,211,143,72,241,217,428,,,,0,15,74,384,1.0967049987719
1063468627,Shamekh,Shahram,D,MD,I,935 Northern Blvd Ste 105,,Great Neck,NY,36,11021,1,"Metropolitan area core: primary flow within an urbanized area of 50,000 and greater",US,Internal Medicine,Claim-Specialty,7140,15387.96,2165783.69,446176,410,,6523,14187.38,2001405.96,411859,,372,,1572,1697732.7,,5517,358980.6,,51,109070.39,,4146,1101843.73,,2994,1063939.96,,5071,1830441.01,,2069,335342.68,29,621.14,683,,0.40616246498599,0,0,0,,0,164,5116.66,98,,36,9226.06,,13,73.863414634146,38,173,141,58,231,179,212,40,66,40,0,52,213,197,1.9120491643847
1063474070,Callahan,Gina,M,RPA-C,I,1302 E Main St,,Endicott,NY,36,13760,1,"Metropolitan area core: primary flow within an urbanized area of 50,000 and greater",US,Physician Assistant,Claim-Specialty,4244,8550.18,537122.09,245487,455,,2856,6189.32,404558.57,178275,,322,,542,454614.73,,3675,81771.77,,27,735.59,,2963,361758.41,,1281,175363.68,,2511,312481.12,,1733,224640.97,176,2611.95,3785,39,4.1470311027333,13,355.12,342,,7.3863636363636,80,1505.59,55,*,,,*,,68.010989010989,133,188,105,29,296,159,382,36,,16,,15,212,243,1.1261701241507
1063483311,Gong,Lin,,M.D.,I,763 56th St Fl 1,,Brooklyn,NY,36,11220,1,"Metropolitan area core: primary flow within an urbanized area of 50,000 and greater",US,Internal Medicine,Claim-Specialty,33353,40879.05,4056561.13,1194844,1123,,33074,40500,4022752.98,1183924,,1104,,5675,3437130.8,,27132,601941.38,,546,17488.95,,32581,3950472.35,,772,106088.78,,32488,3959923.83,,865,96637.3,,,,,,,,,,,354,34396.44,269,,18,399.46,*,,72.406055209261,19,742,291,71,554,569,,,1099,,0,,1079,44,1.1354145872807
1063487296,Elsisi,Amr,M,MD,I,31 Arnot Rd,,Horseheads,NY,36,14845,1,"Metropolitan area core: primary flow within an urbanized area of 50,000 and greater",US,Internal Medicine,Claim-Specialty,12677,26758.27,2291460.69,777320,821,,10912,23515.37,1878113.68,684039,,716,,1881,1967143.41,,10680,317152.28,,116,7165,,8665,1352033.53,,4012,939427.16,,4836,901307.36,,7841,1390153.33,240,3133.94,5027,60,1.8931923956772,,,,,,221,9097.58,145,,50,18719.38,,15,72.292326431181,105,375,261,80,352,469,757,24,14,,,21,240,581,1.2678435574501
1063502870,Koo,Jimmy,L,MD,I,48 Route 6 Ste 102,Care Mount Medcical Pc,Yorktown Heights,NY,36,10598,1,"Metropolitan area core: primary flow within an urbanized area of 50,000 and greater",US,Internal Medicine,Claim-Specialty,7994,18864.94,930899.17,546306,691,,7658,18129.54,882677.28,525381,,651,,993,772603.83,,6937,154628.25,,64,3667.09,,2438,273013.29,,5556,657885.88,,789,99806.83,,7205,831092.34,273,3932.83,4842,42,3.415061295972,27,1334.35,659,,9.8901098901099,257,3656.6,165,,32,473.62,*,,74.217076700434,40,324,248,79,372,319,631,,12,18,,28,49,642,1.0670056313818
1063530921,Mclanahan,Andrew,G,MD,I,3101 W Ridge Rd,Building C,Rochester,NY,36,14626,1,"Metropolitan area core: primary flow within an urbanized area of 50,000 and greater",US,Internal Medicine,Claim-Specialty,1955,4234.41,147776.66,121492,203,,1580,3725.34,115672.75,107336,,169,,132,93873.34,,1797,52601.28,,26,1302.04,,1719,100401.57,,236,47375.09,,603,62621.78,,1352,85154.88,69,779.82,1461,14,3.5294117647059,,,,,,75,854.13,51,*,,,*,,67.645320197044,34,117,35,17,101,102,185,,,,0,,40,163,0.87509663994577
1063532034,Shah,Rupal,S,MD,I,500 Front St,,Hempstead,NY,36,11550,1,"Metropolitan area core: primary flow within an urbanized area of 50,000 and greater",US,Internal Medicine,Claim-Specialty,6638,12358.33,757465.17,351012,447,,5863,11378.56,671043.84,323886,,411,,946,603183.01,,5586,147570.54,,106,6711.62,,5173,646033.17,,1465,111432,,5586,685579.58,,1052,71885.59,19,317.6,222,12,0.28623079240735,,,,,,133,7789.83,85,,121,4184.31,,23,74.988814317673,36,202,122,87,249,198,94,154,71,104,,,334,113,2.28668827441
1063537041,Ng,Norland,,M.D.,I,139 Centre St,Suite 515,New York,NY,36,10013,1,"Metropolitan area core: primary flow within an urbanized area of 50,000 and greater",US,Hematology-Oncology,Claim-Specialty,4836,7588.65,18078057.36,215156,561,,4414,6917.46,17141735.45,196021,,534,,1703,17192916.73,,3116,884979.4,,17,161.23,,4118,15042534,,718,3035523.36,,4494,17173097.12,,342,904960.24,91,3295.15,1651,30,1.8817204301075,24,2460.44,705,,26.373626373626,26,179.4,24,*,,,*,,75.007130124777,27,266,180,88,333,228,,,535,,0,13,495,66,1.965389031126
1063591832,Hsuih,Chun Hung,,M.D,I,775 57th St,,Brooklyn,NY,36,11220,1,"Metropolitan area core: primary flow within an urbanized area of 50,000 and greater",US,Internal Medicine,Claim-Specialty,17164,26332.48,3026940.28,765591,448,,16697,25549.1,2926184.86,742753,,432,,3566,2510294.02,,13120,502569.74,,478,14076.52,,15628,2740138.53,,1536,286801.75,,16336,2919644.18,,828,107296.1,,,,,,,,,,,299,1877.43,174,,15,141.83,*,,72.935267857143,16,271,129,32,235,213,,,434,,0,,403,45,1.0386602612028
1063660140,Kuriliv,Mariana,,PHARMD,I,3082 Ave U,,Brooklyn,NY,36,11229,1,"Metropolitan area core: primary flow within an urbanized area of 50,000 and greater",US,Pharmacist,NPPES-Taxonomy,17,17,4749.15,17,17,,17,17,4749.15,17,,17,,17,4749.15,,0,0,,0,0,*,,,"#",,,*,,,"#",,,0,0,0,0,0,0,0,0,0,,0,0,0,,0,0,,0,75.764705882353,0,,11,,,,12,,,0,0,,,,1.0321176470588
1063660389,Tempesta,Jennifer,,"RN, MSN, ANP",I,13 Glen Ln,,Glenwood Landing,NY,36,11547,1,"Metropolitan area core: primary flow within an urbanized area of 50,000 and greater",US,Nurse Practitioner,Claim-Specialty,1250,1418.54,77836.26,33878,129,,1201,1362.54,76417.7,32514,"#",,,151,56161.19,,1080,21193.14,,19,481.93,,123,3401,,1127,74435.26,,211,19155.07,,1039,58681.19,,,,,,,,,,,192,8824.75,76,,38,947.07,*,,80.759689922481,,,,,85,44,120,,0,,0,,14,115,1.5061317829457
1063741023,Ford,Kecia,P,M.D.,I,30 Merrick Ave,"# 105",East Meadow,NY,36,11554,1,"Metropolitan area core: primary flow within an urbanized area of 50,000 and greater",US,Internal Medicine,NPPES-Specialty,4127,9091.2,1127538.34,269776,251,,3532,7926.41,956510.56,235419,,207,,846,865481.92,,3052,256548.53,,229,5507.89,,3522,915033.93,,605,212504.41,,3762,1087076.84,,365,40461.5,0,0,0,0,0,0,0,0,0,,27,264.36,19,,0,0,,0,70.585657370518,44,126,63,18,155,96,14,136,,74,,23,205,46,1.2837341709524
1063791572,Hamid,Faisal,,M.D.,I,8409 248th St,,Bellerose,NY,36,11426,1,"Metropolitan area core: primary flow within an urbanized area of 50,000 and greater",US,Hospitalist,Claim-Specialty,3568,8077.93,549362.82,235153,313,,3389,7738.63,513082.6,225542,,287,,417,471481.85,,3051,74827.8,,100,3053.17,,2678,407595.51,,890,141767.31,,2837,487073.05,,731,62289.77,16,601.25,392,,0.44843049327354,0,0,0,,0,127,868.09,85,,23,1373.28,*,,71.14696485623,26,189,76,22,151,162,44,66,122,,,40,210,103,1.2451249268666
1063975381,Ahmed,Kamruz,J,PA-C,I,2257 Adam Clayton Powell Jr Blvd,,New York,NY,36,10027,1,"Metropolitan area core: primary flow within an urbanized area of 50,000 and greater",US,Physician Assistant,NPPES-Specialty,2477,5080.01,278997.34,147120,311,,2244,4607.21,249874.55,133467,,282,,298,233337.45,,2151,44122.11,,28,1537.78,,2142,251348.53,,335,27648.81,,1361,160072.13,,1116,118925.21,,,,,,,,,,,47,258.36,35,*,,,*,,73.04501607717,29,154,98,30,189,122,,230,,35,0,34,146,165,1.2816813659532
1073061164,Zou,Chang Bi,,,I,4199 Main St Ste 201,,Flushing,NY,36,11355,1,"Metropolitan area core: primary flow within an urbanized area of 50,000 and greater",US,Physician Assistant,NPPES-Specialty,13778,16784.74,3114675.19,485137,587,,13621,16602.94,3084157.54,480047,,574,,3857,2814489.44,,9741,296612.5,,180,3573.25,,13349,2994130.94,,429,120544.25,,13398,3086104.52,,380,28570.67,21,349.98,282,,0.15241689650167,0,0,0,,0,325,5172.79,208,*,,,*,,72.166950596252,13,408,125,41,319,268,,,552,11,0,11,539,48,1.1591191366622
1073096640,Zimberg,Iris,S,R.PH,I,352 Greenwich St,,New York,NY,36,10013,1,"Metropolitan area core: primary flow within an urbanized area of 50,000 and greater",US,Pharmacist,NPPES-Taxonomy,40,40,11608,40,39,"#",,,,,"#",,,40,11608,,0,0,,0,0,,16,4663.12,,24,6944.88,*,,,"#",,,0,0,0,0,0,0,0,0,0,,0,0,0,*,,,*,,75.358974358974,,,,,20,19,28,,,,0,,,,0.97778205128205
1073238630,Aviles,Gabrielle,,PA,I,4417 Vestal Pkwy E,,Vestal,NY,36,13850,1,"Metropolitan area core: primary flow within an urbanized area of 50,000 and greater",US,Physician Assistant,Claim-Specialty,1993,4213.84,153576.26,120838,952,,1661,3697.71,125722.78,106235,,835,,199,114835.57,,1778,38232.78,,16,507.91,,1299,98422.26,,694,55154,,713,70728.85,,1280,82847.41,47,2023.27,1264,35,2.3582538886101,,,,,,80,599.65,72,*,,,*,,73.114495798319,117,408,293,134,651,301,878,22,19,,,26,241,711,1.0854503678153
1073243093,Feig,Corey,,PHARMD,I,383 W 31st St Ste 10,,New York,NY,36,10001,1,"Metropolitan area core: primary flow within an urbanized area of 50,000 and greater",US,Pharmacist,NPPES-Taxonomy,22,22,5645.91,22,22,,22,22,5645.91,22,,22,,22,5645.91,,0,0,,0,0,*,,,"#",,,*,,,"#",,,0,0,0,0,0,0,0,0,0,,0,0,0,,0,0,,0,74.409090909091,0,12,,,,,18,,0,,0,,,,0.68536363636364
1073535449,Ruh,Richard,J,M. D.,I,3670 S Benzing Rd,,Orchard Park,NY,36,14127,1,"Metropolitan area core: primary flow within an urbanized area of 50,000 and greater",US,Family Practice,Claim-Specialty,8258,17745.72,789233.45,519354,1039,,7494,16464.66,696756.39,482533,,941,,1071,625981.86,,7114,159993.62,,73,3257.97,,6270,558126.21,,1988,231107.24,,1598,207509.73,,6660,581723.72,213,3383.4,5411,55,2.5793170259143,21,364.38,630,,9.8591549295775,115,811.98,88,,51,18406.47,*,,73.352261790183,98,507,311,123,571,468,979,,,15,0,34,164,875,1.2120167451322
1073537049,Davis,Brenda,,MD,I,2212 Penfield Rd Ste 200,,Penfield,NY,36,14526,1,"Metropolitan area core: primary flow within an urbanized area of 50,000 and greater",US,Internal Medicine,Claim-Specialty,5743,12919.34,402296.29,379137,558,,5211,12090.51,341249.43,355349,,506,,513,286464.49,,5186,112463.38,,44,3368.42,,4718,326063.84,,1025,76232.45,,1145,89981.71,,4598,312314.58,165,4314.11,3450,48,2.8730628591329,,,,,,97,709.37,70,,15,294.57,*,,73.324372759857,52,252,204,50,323,235,462,54,12,,,22,94,464,0.96803908811921
1073538351,D Angelo,Christopher,,MD,I,2400 S Clinton Ave Ste 230,,Rochester,NY,36,14618,1,"Metropolitan area core: primary flow within an urbanized area of 50,000 and greater",US,Internal Medicine,Claim-Specialty,12706,30047.39,1384175.34,881955,1023,,11809,28442.84,1271713.6,835640,,971,,1560,1084062.74,,10984,287237.7,,162,12874.9,,10882,1111299.1,,1824,272876.24,,1808,247765.88,,10898,1136409.46,269,30206.96,6048,54,2.117110026759,31,8427.19,894,,11.524163568773,217,15852.2,126,,22,16626.89,*,,74.47605083089,52,489,365,117,528,495,883,50,12,,,68,95,928,0.99219355198592
1073541546,Cushman,Jeremy,T,"M.D., M.S.",I,Emergency Medicine,"601 Elmwood Avenue, Box 655",Rochester,NY,36,14642,1,"Metropolitan area core: primary flow within an urbanized area of 50,000 and greater",US,Emergency Medicine,NPPES-Specialty,37123,37151,9173434.9099987,64612,30735,,36015,36043,8956990.5699987,59686,,29848,,36332,9106167.1799987,,791,67267.73,,0,0,,30167,7388962.7699989,,6956,1784472.14,,3257,749625.10000001,,33866,8423809.8099989,0,0,0,0,0,0,0,0,0,,0,0,0,,0,0,,0,74.813600130145,887,15112,11562,3174,17709,13026,27495,783,,369,,1723,2466,28269,0.92145847301955
1073542973,Naumburg,Elizabeth,H,M.D.,I,777 Clinton Ave S,,Rochester,NY,36,14620,1,"Metropolitan area core: primary flow within an urbanized area of 50,000 and greater",US,Family Practice,Claim-Specialty,1820,3462.06,180142.56,100530,177,,1356,2762.01,126811.65,80793,,120,,236,129900.66,,1569,49605.1,,15,636.8,,1485,144888,,335,35254.56,,1057,134310.67,,763,45831.89,65,4221.85,1462,19,3.5714285714286,18,3389.13,498,,27.692307692308,17,274.39,12,,12,176.96,*,,66.338983050847,57,76,,,120,57,114,47,,,0,,93,84,1.1309298468052
1073545984,Vega,Juan,A,MD,I,800 Red Mills Rd,,Wallkill,NY,36,12589,1,"Metropolitan area core: primary flow within an urbanized area of 50,000 and greater",US,Pediatric Medicine,NPPES-Specialty,1105,1219.12,173012.08,34028,49,,1105,1219.12,173012.08,34028,,49,"#",,,,865,73805.27,*,,,,14,746.22,,1091,172265.86,,915,158673.55,,190,14338.53,,,,,,,,,,,,,,,37,1916.67,*,,83.428571428571,0,,,21,20,29,36,,,,0,,,,1.1042755102041
1073546131,Burshteyn,Ilya,Y,MD,I,713 Yonkers Ave,,Yonkers,NY,36,10704,1,"Metropolitan area core: primary flow within an urbanized area of 50,000 and greater",US,Internal Medicine,Claim-Specialty,12190,14484,5908822.01,422322,335,,10779,12890.66,5297196.26,375743,,301,,4992,5313352.79,,7032,590073.4,,166,5395.82,,3260,876742.03,,8930,5032079.98,,11264,5687981.4,,926,220840.61,299,12339.12,8416,40,2.4528301886792,0,0,0,0,0,152,1501.15,90,,67,70459.96,,12,73.05671641791,34,159,94,48,183,152,208,43,17,,,53,264,71,1.5625537351747
1073561056,Medina,Ariel,,MD,I,336 99th St,,Brooklyn,NY,36,11209,1,"Metropolitan area core: primary flow within an urbanized area of 50,000 and greater",US,Internal Medicine,Claim-Specialty,14536,26503.51,1714048.29,763735,724,,13147,24388.35,1460875.74,704350,,667,,2102,1454654.16,,11921,243292.27,,513,16101.86,,13346,1580320.53,,1190,133727.76,,12276,1550901.41,,2260,163146.88,388,6629.91,8958,59,2.6692350027518,12,415.02,240,,3.0927835051546,559,5621.9,253,,21,2933.34,*,,75.473756906077,57,293,243,131,435,289,27,,,679,0,,553,171,1.318314118251
1073574273,Sanchez,Ruth,M,MD,I,2700 Westchester Ave,,Purchase,NY,36,10577,1,"Metropolitan area core: primary flow within an urbanized area of 50,000 and greater",US,Internal Medicine,Claim-Specialty,5336,12727.61,615514.26,374517,440,,4866,11859.17,533450.31,349210,,407,,560,490115.74,,4742,124134.66,,34,1263.86,,3128,346659.69,,2208,268854.57,,3158,421880.55,,2178,193633.71,24,344.92,306,15,0.44977511244378,0,0,0,0,0,90,1628.25,74,*,,,*,,73.231818181818,33,224,140,43,321,119,128,30,,265,0,,192,248,1.0437508869372
1073622197,Sharza,John,J,MD,I,53 W Main St,,Victor,NY,36,14564,1,"Metropolitan area core: primary flow within an urbanized area of 50,000 and greater",US,Family Practice,Claim-Specialty,3457,8098.68,202122.31,238786,357,,3126,7547.43,178690.48,222926,,331,,270,133581.28,,3158,67927.92,,29,613.11,,2875,166656.64,,582,35465.67,,806,44449,,2651,157673.31,11,94.62,284,,0.31819496673416,0,0,0,,0,43,344.88,37,*,,,*,,74.588235294118,26,147,144,40,153,204,325,,,,0,16,57,300,1.0560367094878
1073627337,Madeb,Ralph,R,M.D.,I,1202 Driving Park Ave,,Newark,NY,36,14513,4,"Micropolitan area core: primary flow within an urban cluster of 10,000 to 49,999",US,Urology,Claim-Specialty,684,877.23,194729.83,23933,214,,672,865.23,194240.02,23625,"#",,,168,181702.26,,516,13027.57,,0,0,,371,106024.26,,313,88705.57,,364,124193.58,,320,70536.25,,,,,,,,,,,102,2239.6,76,,0,0,*,,74.878504672897,,,,,42,172,69,102,,21,,15,111,103,1.2948017035714
1073671400,Chung,Sea,H,M.D.,I,3925 Union St,,Flushing,NY,36,11354,1,"Metropolitan area core: primary flow within an urbanized area of 50,000 and greater",US,Internal Medicine,Claim-Specialty,26538,35294.42,5263968.41,1047299,590,,26100,34808.95,5193054.94,1032947,"#",,,7678,4761988.51,,18419,490817.18,,441,11162.72,,23623,4772114.07,,2915,491854.34,,25326,5175090.72,,1212,88877.69,0,0,0,0,0,0,0,0,0,,229,1154.17,158,,0,0,*,,75.635593220339,,,,,352,238,,,537,,0,36,508,82,1.1311974675946
1073698106,Gross,Paul,,MD,I,Mmg - Family Health Center,360 East 193rd Street,Bronx,NY,36,10458,1,"Metropolitan area core: primary flow within an urbanized area of 50,000 and greater",US,Family Practice,Claim-Specialty,4680,8339.11,759363.14,241578,207,,4130,7533.49,633325.03,218830,,172,,696,647662.24,,3859,109231.8,,125,2469.1,,4080,713934.27,,600,45428.87,,4404,738066.85,,276,21296.29,98,773.26,2015,21,2.0940170940171,,,,,,23,91.06,18,*,,,*,,71.386473429952,35,95,63,14,150,57,15,32,18,138,,,173,34,1.3851822134313
1073772729,Sheehan,Maygoe,R,M.D.,I,2977 Westinghouse Rd,,Horseheads,NY,36,14845,1,"Metropolitan area core: primary flow within an urbanized area of 50,000 and greater",US,Family Practice,Claim-Specialty,16568,22743.25,1150505.11,656054,748,,11294,15825.27,705145.18,457822,,504,,1919,889728.08,,14390,249517.18,,259,11259.85,,13605,937263.77,,2963,213241.34,,14879,1057369.3,,1689,93135.81,145,2961.7,3550,25,0.87518107194592,0,0,0,0,0,208,2541.31,139,,155,5243.87,,24,65.696524064171,244,376,105,23,381,367,241,388,,96,,13,617,131,1.4879760394205
1073773222,Lupo,John,,RPH,I,130 Lake Ave,,Yonkers,NY,36,10703,1,"Metropolitan area core: primary flow within an urbanized area of 50,000 and greater",US,Pharmacist,NPPES-Taxonomy,33,33,8483.02,33,32,"#",,,,,"#",,,33,8483.02,,0,0,,0,0,,11,2538.19,,22,5944.83,*,,,"#",,,0,0,0,0,0,0,0,0,0,,0,0,0,*,,,*,,72.28125,,,,,19,13,28,,0,,0,0,,,0.9266644304562
1073842381,Vona,Vincent,J,PHARM D,I,1768 Old Country Rd,,Riverhead,NY,36,11901,1,"Metropolitan area core: primary flow within an urbanized area of 50,000 and greater",US,Pharmacist,NPPES-Taxonomy,67,67,13768.1,67,55,"#",,,,,"#",,,67,13768.1,,0,0,,0,0,,12,2651.38,,55,11116.72,*,,,"#",,,0,0,0,0,0,0,0,0,0,,0,0,0,*,,,*,,72.890909090909,,,,,33,22,45,0,,,0,,,,0.6544
1073867545,Mata,Liliana,,PHARMD,I,209 Route 59,,Suffern,NY,36,10901,1,"Metropolitan area core: primary flow within an urbanized area of 50,000 and greater",US,Pharmacist,NPPES-Taxonomy,97,97,24629.87,97,89,"#",,,,,"#",,,97,24629.87,,0,0,,0,0,,20,4947.51,,77,19682.36,*,,,"#",,,0,0,0,0,0,0,0,0,0,,0,0,0,*,,,*,,75.101123595506,,,,,45,44,73,,,,0,,,,1.0894401847805
1073889978,Morcos,David,,DO,I,38 Concord Rd,,Monticello,NY,36,12701,7,"Small town core: primary flow within an urban cluster of 2,500 to 9,999",US,Family Practice,Claim-Specialty,6441,12059.89,586741.64,355233,637,,4718,9258.48,424740.5,273183,,495,,749,428808.53,,5632,154339.96,,60,3593.15,,3021,307734.78,,3420,279006.86,,4188,398093.72,,2253,188647.92,39,1783.21,810,19,0.60549604098742,12,1396.08,360,,30.769230769231,88,14635.43,62,,25,6735.98,*,,69.383045525903,142,311,135,49,302,335,503,52,,50,,23,321,316,1.3744633836927
1073892907,Ng,Nicole,,"M.D., PHARM.D.",I,1 Gustave L Levy Pl,,New York,NY,36,10029,1,"Metropolitan area core: primary flow within an urbanized area of 50,000 and greater",US,Pulmonary Disease,Claim-Specialty,380,466.76,390792.63,12739,125,,283,340.02,352476.7,9083,,102,,196,366006.44,"#",,,*,,,,196,161206.77,,184,229585.86,,199,203271.6,,181,187521.03,0,0,0,0,0,0,0,0,0,,32,320.32,16,,0,0,,0,71.776,23,45,44,13,86,39,43,21,24,31,,,60,65,1.8351357010332
1073947594,Chan,Kelvin,,PHARMD,I,2535 86th St,,Brooklyn,NY,36,11214,1,"Metropolitan area core: primary flow within an urbanized area of 50,000 and greater",US,Pharmacist,NPPES-Taxonomy,19,19,5788.73,19,18,,19,19,5788.73,19,,18,,19,5788.73,,0,0,,0,0,*,,,"#",,,*,,,"#",,,0,0,0,0,0,0,0,0,0,,0,0,0,,0,0,,0,76.722222222222,0,,12,,,,14,0,,,0,,,,0.90344444444444
1083104202,Downs,Karren,,DO,I,4435 Seneca Rd,,Trumansburg,NY,36,14886,2,"Metropolitan area high commuting: primary flow 30% or more to a urbanized area of 50,000 and greater",US,Family Practice,Claim-Specialty,3681,6701.5,266163.67,187260,444,,3144,5917.22,195040.87,167705,,418,,359,190745.62,,3260,73780.19,,62,1637.86,,1977,111642.77,,1704,154520.9,,1144,122728.8,,2537,143434.87,89,18285.34,2059,20,2.4178212442271,11,16967.74,570,,12.359550561798,149,915.17,116,,14,319.04,*,,73.234234234234,26,235,144,39,292,152,410,,,,0,28,90,354,0.89162459334334
1083235675,Yoo,Sun,,MD,I,120 Hobart St,,Utica,NY,36,13501,1,"Metropolitan area core: primary flow within an urbanized area of 50,000 and greater",US,Family Practice,Claim-Specialty,619,1256.91,32816.43,36016,196,,513,1062.84,23122.48,30565,,168,"#",,,,543,9959.25,*,,,,584,29631.57,,35,3184.86,,190,17201.83,,429,15614.6,31,486.7,721,17,5.0080775444265,,,,,,,,,*,,,*,,71.372448979592,28,97,57,14,89,107,159,14,,,,,46,150,1.1797474935327
1083617146,Palumbo,Paul,F,DO,I,421 Broad St,,Utica,NY,36,13501,1,"Metropolitan area core: primary flow within an urbanized area of 50,000 and greater",US,Family Practice,Claim-Specialty,944,1094.51,466092.06,24662,282,,766,901.74,216533.67,20288,,246,,158,435109.37,,786,30982.69,,0,0,,563,386714.28,,381,79377.78,,356,373610.67,,588,92481.39,,,,,,,,,,,116,751.12,96,,0,0,,0,70.812056737589,36,154,78,14,163,119,255,,,,,14,65,217,0.96673974535772
1083643613,Sloan,Pamela,L,MD FACP,I,2300 W Jefferson Rd Ste 400,,Pittsford,NY,36,14534,1,"Metropolitan area core: primary flow within an urbanized area of 50,000 and greater",US,Internal Medicine,Claim-Specialty,6712,15048.09,758783.62,440585,450,,6548,14754.09,737834.26,432092,,439,,947,599304.25,,5689,157094.23,,76,2385.14,,5626,651511.17,,1086,107272.45,,795,119220.67,,5917,639562.95,139,8557.26,3236,31,2.0709177592372,,,,,,151,2265.77,88,,30,435.7,*,,75.6,11,200,183,56,311,139,392,27,,,,21,35,415,0.97065732408268
1083646970,Valdivia,Martha,M,MD,I,629 W 185th St,,New York,NY,36,10033,1,"Metropolitan area core: primary flow within an urbanized area of 50,000 and greater",US,Internal Medicine,Claim-Specialty,19445,42751.33,4017552.71,1275718,938,,18079,39895.52,3780656.05,1190302,,873,,3555,3647701.79,,14703,356173.84,,1187,13677.08,,18773,3845711.74,,672,171840.97,,18879,3947896.45,,566,69656.26,11,46.31,307,,0.056569812291077,0,0,0,,0,60,243.15,45,*,,,*,,73.957356076759,65,460,310,103,591,347,,,,915,0,,882,56,1.3086471116302
1083659239,Ahmed,Zia,,,I,608 Schenectady Ave,,Brooklyn,NY,36,11203,1,"Metropolitan area core: primary flow within an urbanized area of 50,000 and greater",US,Internal Medicine,Claim-Specialty,3208,7256.01,912659.19,214318,238,,2943,6716.25,780571.98,198445,,218,,805,848139.18,,2131,53066.87,,272,11453.14,,2508,644488.55,,700,268170.64,,2117,606871.09,,1091,305788.1,,,,,,,,,,,25,140,19,,0,0,,0,72.579831932773,20,129,71,18,147,91,,179,18,12,,22,140,98,1.3116214892178
1083700926,Photangtham,Punyadech,,MD,I,3875 Broadway,Unit B,New York,NY,36,10032,1,"Metropolitan area core: primary flow within an urbanized area of 50,000 and greater",US,Family Practice,Claim-Specialty,5204,10953.37,1092655.08,321760,331,,4831,10444.37,974849.08,306768,,310,,674,916662.71,,4407,173318.79,,123,2673.58,,4383,811462.11,,821,281192.97,,3555,710122.33,,1649,382532.75,,,,,,,,,,,74,821.28,46,,15,47.38,*,,71.767371601208,21,204,88,18,192,139,25,,130,105,,63,217,114,0.955518348938
1083765531,Correa,Michael,,MD,I,1302 Amsterdam Ave,,New York,NY,36,10027,1,"Metropolitan area core: primary flow within an urbanized area of 50,000 and greater",US,Internal Medicine,Claim-Specialty,40007,78004.14,5512800.5,2273806,1584,,33328,66642.97,4536797.66,1948277,,1352,,5938,4691999.87,,32997,794468.22,,1072,26332.41,,37575,5200274.83,,2432,312525.67,,36772,5174009.81,,3235,338790.69,334,2329.01,6656,115,0.8348539005674,,,,,,1077,15890.57,570,,190,8777.12,,55,72.671717171717,232,684,477,191,1006,578,80,268,,1207,,21,1272,312,1.440482442263
1083766729,Rosenbluth,Adam,,MD,I,912 5th Ave,,New York,NY,36,10021,1,"Metropolitan area core: primary flow within an urbanized area of 50,000 and greater",US,Cardiology,Claim-Specialty,8766,15429.82,1639445.9,438736,571,,8552,15115.47,1614552.09,429617,"#",,,2054,1422506.99,,6622,212453.06,,90,4485.85,,450,93232.16,,8316,1546213.74,,455,79002.63,,8311,1560443.27,113,3362.07,2885,32,1.2890714122747,14,1264.34,406,,12.389380530973,355,64987.12,187,,27,862.54,*,,79.476357267951,,,,,337,234,511,,,,0,41,20,551,1.0122087305062
1083881940,Crupi,Paul,,RPH,I,200 Water Street,Duane Reade Pharmacy,New York,NY,36,11385,1,"Metropolitan area core: primary flow within an urbanized area of 50,000 and greater",US,Pharmacist,NPPES-Taxonomy,108,108,29943.4,108,98,"#",,,,,"#",,,108,29943.4,,0,0,,0,0,,42,10843.84,,66,19099.56,,12,3032.31,,96,26911.09,0,0,0,0,0,0,0,0,0,,0,0,0,*,,,*,,74.877551020408,,,,,57,41,69,,,,0,,11,87,0.90629166666667
1083902696,Jafer,Afeeza,,PA,I,33 W 125th St,,New York,NY,36,10027,1,"Metropolitan area core: primary flow within an urbanized area of 50,000 and greater",US,Physician Assistant,NPPES-Specialty,1837,3669.3,227859.67,99416,241,,1450,3036.44,165796.1,83629,,175,,262,187182.58,,1528,37554.56,,47,3122.53,,1673,215333.29,,164,12526.38,,1477,196136.53,,360,31723.14,0,0,0,0,0,0,0,0,0,,123,1162.95,86,*,,,*,,68.626556016598,66,99,58,18,176,65,,128,,92,,,173,68,1.4035142483563
1083967616,Johnson,Stacy,A,R.N.,I,1415 Portland Ave Ste 200,,Rochester,NY,36,14621,1,"Metropolitan area core: primary flow within an urbanized area of 50,000 and greater",US,Nurse Practitioner,Claim-Specialty,1820,1833.59,93543.59,40060,226,,1662,1673.41,78929.51,36155,,212,,249,61860.77,,1556,30323.17,,15,1359.65,,1425,74008.65,,395,19534.94,,1541,86293.16,,279,7250.43,,,,,,,,,,,69,1035.2,46,,130,1943.28,,29,81.601769911504,14,36,76,100,147,79,187,16,,15,0,,189,37,2.4364904673018
1083992093,Ferguson,Sharon,,NP,I,602 Ivy St,,Elmira,NY,36,14905,1,"Metropolitan area core: primary flow within an urbanized area of 50,000 and greater",US,Nurse Practitioner,Claim-Specialty,3751,3776.1,212094.39,82609,174,,3751,3776.1,212094.39,82609,,174,,564,144439.73,,3174,66729.78,,13,924.88,,1508,94154.38,,2243,117940.01,,3118,176020.73,,633,36073.66,367,8085.87,4698,50,9.7840575846441,44,4238.98,657,,11.989100817439,111,10890.68,58,,98,1265.16,,21,86.505747126437,0,18,48,108,140,34,171,,,0,0,,105,69,1.8203526033211
1093037186,Vikatos,Stellamaria,,RPH,I,1229 3rd Ave,,New York,NY,36,10021,1,"Metropolitan area core: primary flow within an urbanized area of 50,000 and greater",US,Pharmacist,NPPES-Taxonomy,24,24,7197.71,86,19,,24,24,7197.71,86,,19,,24,7197.71,,0,0,,0,0,,13,3667.71,,11,3530,*,,,"#",,,0,0,0,0,0,0,0,0,0,,0,0,0,,0,0,,0,75.368421052632,0,11,,,,,13,0,,,0,0,,,1.1602631578947
1093238222,Dimattei,Jaclyn,S,NP,I,75 Landing Meadow Rd,,Smithtown,NY,36,11787,1,"Metropolitan area core: primary flow within an urbanized area of 50,000 and greater",US,Nurse Practitioner,Claim-Specialty,8435,8816.65,519452.82,247407,909,,2798,2977.11,160773.13,83922,,274,,1105,379334.91,,7301,138946.72,,29,1171.19,,1054,86449.48,,7381,433003.34,,8379,514882.46,,56,4570.36,,,,,,,,,,,86,1668.19,73,,0,0,,0,56.389438943894,635,210,53,11,369,540,669,113,,85,,22,892,17,1.1662353811312
1093443061,Daniels,Jarret,,PHARMD,I,100 Rano Blvd,,Vestal,NY,36,13850,1,"Metropolitan area core: primary flow within an urbanized area of 50,000 and greater",US,Pharmacist,NPPES-Taxonomy,17,17,2705.79,17,13,"#",,,,,"#",,,17,2705.79,,0,0,,0,0,*,,,*,,,*,,,*,,,0,0,0,0,0,0,0,0,0,,0,0,0,*,,,*,,69.692307692308,,,,,,,,,0,0,0,0,,,0.98707692307692
1093703696,Ramirez,Alvaro,,MD,I,8818 37th Ave,,Jackson Heights,NY,36,11372,1,"Metropolitan area core: primary flow within an urbanized area of 50,000 and greater",US,Family Practice,Claim-Specialty,14605,31603.89,1985545.53,918007,953,,13716,29962.72,1881565.48,871198,,894,,1738,1694533.07,,12466,283298.98,,401,7713.48,,13603,1869020.41,,1002,116525.12,,11452,1729692.88,,3153,255852.65,24,89.83,304,17,0.16432728517631,0,0,0,0,0,374,2936.11,246,*,,,*,,73.133263378804,59,526,277,91,533,420,41,,,886,0,11,667,286,1.0043025157711
1093709867,Kolbert,Mary,K,MD,I,3900 N Buffalo St,,Orchard Park,NY,36,14127,1,"Metropolitan area core: primary flow within an urbanized area of 50,000 and greater",US,Family Practice,Claim-Specialty,7087,16119.31,638186.41,475369,747,,6463,15072.53,598114.84,445160,,687,,716,499788.62,,6304,134040.59,,67,4357.2,,5205,420132.82,,1882,218053.59,,1659,141853.26,,5428,496333.15,51,1729.97,1210,,0.71962748694793,0,0,0,,0,101,1557.59,76,,15,219.24,*,,73.042838018742,60,379,230,78,518,229,699,,,15,0,24,119,628,1.1916781420085
1093718140,Shaikh,Jawad,F,MD,I,1 Oxford Rd,,New Hartford,NY,36,13413,1,"Metropolitan area core: primary flow within an urbanized area of 50,000 and greater",US,Internal Medicine,Claim-Specialty,3646,7471.31,489968.31,218643,193,,3034,6399.54,398665.75,187867,,154,,523,396089.29,,3082,92854.58,,41,1024.44,,2313,325927.72,,1333,164040.59,,1650,265612.39,,1996,224355.92,81,1046.17,1701,19,2.2216127262754,,,,,,68,1699.67,50,*,,,*,,71.414507772021,39,78,56,20,106,87,144,14,,12,,14,78,115,1.9082181558973
1093749285,Cahn-Hidalgo,Diego,G,MD,I,300 White Spruce Blvd,Suite 100,Rochester,NY,36,14623,1,"Metropolitan area core: primary flow within an urbanized area of 50,000 and greater",US,Internal Medicine,Claim-Specialty,11890,27801.48,1266666.69,814363,887,,11507,27087.7,1217944.64,794070,,862,,1565,1010064.33,,10178,245869.36,,147,10733,,10192,1126833.74,,1698,139832.95,,1215,103853.18,,10675,1162813.51,24,147.37,515,12,0.20185029436501,0,0,0,0,0,234,2917.67,157,,36,9020.04,*,,76.220969560316,25,350,378,134,464,423,739,82,,14,,43,69,818,1.150065545388
1093769358,Mackellar,Bruce,W,MD,I,111 Loder St Ste A,,Hornell,NY,36,14843,4,"Micropolitan area core: primary flow within an urban cluster of 10,000 to 49,999",US,Family Practice,Claim-Specialty,7446,14052.95,725580.98,404210,479,,5455,11286.75,540085.03,325499,,405,,868,544732.43,,6525,179019.29,,53,1829.26,,4619,437392.46,,2827,288188.52,,3479,374735.36,,3967,350845.62,585,33057.15,15208,101,7.856567284448,92,10617.51,2545,12,15.726495726496,182,11344.61,111,,60,2447.69,,16,71.931106471816,74,211,142,52,265,214,450,,0,,0,21,152,327,1.0676389072873
1093773327,Newman,Valerie,J,MD,I,2561 Lac De Ville Blvd,Ste 202,Rochester,NY,36,14618,1,"Metropolitan area core: primary flow within an urbanized area of 50,000 and greater",US,Internal Medicine,Claim-Specialty,6791,14402.16,410257.32,416792,557,,6019,12954.13,360380.83,376851,,514,,546,210074.38,,6196,198616.99,,49,1565.95,,6099,358901.9,,692,51355.42,,1405,121397.58,,5386,288859.74,215,7095.5,5514,33,3.1659549403622,44,4265.25,1320,,20.46511627907,158,998.05,95,,23,186.65,*,,72.016157989228,43,311,165,38,496,61,450,59,11,,,27,99,458,0.9316304410887
1093776445,Novelli,David,J,M.D.,I,2731 Transit Rd Ste 107,,Elma,NY,36,14059,1,"Metropolitan area core: primary flow within an urbanized area of 50,000 and greater",US,Family Practice,Claim-Specialty,7940,19383.31,810447.44,569997,726,,7688,18801.89,784219.17,552940,,701,,966,621860.69,,6899,182984.46,,75,5602.29,,6509,617549.29,,1431,192898.15,,680,80868.7,,7260,729578.74,106,2337.94,2849,44,1.3350125944584,,,,,,194,1344.2,130,,11,1792.95,*,,74.997245179063,25,363,232,106,394,332,703,0,,,0,16,35,691,0.97327700840972
1093777930,Wong,Min,A,MD,I,5423 7th Ave,,Brooklyn,NY,36,11220,1,"Metropolitan area core: primary flow within an urbanized area of 50,000 and greater",US,Internal Medicine,Claim-Specialty,24992,40232.23,5380344.88,1181409,539,,24629,39634.91,5308122.78,1164072,,524,,5915,4559342.46,,18216,799328.92000001,,861,21673.5,,21684,4536641.95,,3308,843702.93,,24641,5340540.15,,351,39804.73,39,387.97,373,26,0.15604993597951,0,0,0,0,0,221,20963.22,146,,302,54019.75,,45,73.69387755102,15,324,129,71,276,263,,,523,,0,,520,19,1.1161694346114
1093779043,Solazzo,Anthony,,M.D.,I,710 Cross Keys Office Park,,Fairport,NY,36,14450,1,"Metropolitan area core: primary flow within an urbanized area of 50,000 and greater",US,Internal Medicine,Claim-Specialty,5237,11530.82,422982.47,336928,620,,4854,10842.79,384420.27,316866,,574,,579,320404.3,,4609,101044.57,,49,1533.6,,4701,386723.19,,536,36259.28,,796,69873.11,,4441,353109.36,80,4010.08,1740,30,1.5275921329005,16,3286.45,480,,20,143,2416.64,92,*,,,*,,74.28064516129,46,292,191,91,262,358,534,19,,12,,50,82,538,1.0080123790051
1093793101,Chen,Henry,S,M.D,I,757 60th St,First Floor,Brooklyn,NY,36,11220,1,"Metropolitan area core: primary flow within an urbanized area of 50,000 and greater",US,Internal Medicine,Claim-Specialty,22135,45311.11,5970041.8399999,1344550,1644,,21666,44641.81,5887356.5699999,1324730,,1605,,5628,5247057.98,,16156,713277.06,,351,9706.8,,18634,4804295.06,,3501,1165746.78,,21025,5734504.0099999,,1110,235537.83,29,307.95,255,21,0.13101423085611,0,0,0,0,0,140,29431.51,120,,209,49722.15,,63,76.903892944039,39,718,498,389,990,654,14,,1583,19,,22,1509,135,1.6466854700194
1093794547,Saltzman-Gabelman,Lori,,MD,I,210 Westchester Ave,,White Plains,NY,36,10604,1,"Metropolitan area core: primary flow within an urbanized area of 50,000 and greater",US,Internal Medicine,Claim-Specialty,8054,20703.5,537905.4,613601,680,,7875,20307.04,527115.45,601978,,662,,670,389600.9,,7325,145164.12,,59,3140.38,,3239,190398.8,,4815,347506.6,,1529,170737.81,,6525,367167.59,33,550.83,576,,0.40973429351875,0,0,0,,0,89,1244.02,64,,76,1213.77,,18,76.011764705882,18,294,259,109,545,135,425,137,,59,,36,85,595,1.0883967403943
1093833204,Molinari,Louis,G,MD,I,14 Smith Ave,,Mount Kisco,NY,36,10549,1,"Metropolitan area core: primary flow within an urbanized area of 50,000 and greater",US,Internal Medicine,Claim-Specialty,5714,11507.75,583923.65,317342,505,,5474,11007.75,565372.41,303201,,478,,681,467947.23,,5019,115822.59,,14,153.83,,1519,103549.26,,4195,480374.39,,1107,144629.17,,4607,439294.48,224,4045.32,3538,54,3.9201960098005,,,,,,472,7618.53,219,,34,831.76,*,,75.655445544554,27,214,175,89,273,232,448,,,22,0,20,57,448,1.1905654452732
1093837262,Branda,Paul,T,MD,I,6518 20th Avenue,,Brooklyn,NY,36,11204,1,"Metropolitan area core: primary flow within an urbanized area of 50,000 and greater",US,Internal Medicine,NPPES-Specialty,23,23,5754.92,23,20,"#",,,,,"#",,,23,5754.92,,0,0,,0,0,,11,2818.48,,12,2936.44,*,,,"#",,,0,0,0,0,0,0,0,0,0,,0,0,0,*,,,*,,76.95,,,,,,,16,0,,,0,,,,1.3206806320316
1093935314,Wong,Janet,K,RPH,I,17 John St,,New York,NY,36,10038,1,"Metropolitan area core: primary flow within an urbanized area of 50,000 and greater",US,Pharmacist,NPPES-Taxonomy,63,63,17621.8,63,56,"#",,,,,"#",,,63,17621.8,,0,0,,0,0,,22,6336.89,,41,11284.91,,14,3619.79,,49,14002.01,0,0,0,0,0,0,0,0,0,,0,0,0,*,,,*,,72.464285714286,,,,,32,24,32,,,,0,,11,45,0.84692410714286
1104011618,Karayil,Ajith,K,MD,I,1575 Westchester Ave,,Bronx,NY,36,10472,1,"Metropolitan area core: primary flow within an urbanized area of 50,000 and greater",US,Family Practice,Claim-Specialty,17038,31236.99,2217332.99,913151,576,,14627,27411.61,1885265.1,802593,,490,,3043,1958693.23,,13079,234649.38,,916,23990.38,,15730,2086318.05,,1308,131014.94,,15100,2089821.61,,1938,127511.38,113,327.02,2714,27,0.66322338302618,0,0,0,0,0,356,1512.64,220,,11,140.1,*,,72.005208333333,86,270,166,54,324,252,20,141,32,320,16,47,442,134,1.2957261985917
1104028067,Teng,Rui Er,,MD,I,6805 Fort Hamilton Pkwy Fl 1,,Brooklyn,NY,36,11219,1,"Metropolitan area core: primary flow within an urbanized area of 50,000 and greater",US,Family Practice,Claim-Specialty,11825,20754.13,2666917.63,575665,353,,11569,20365.62,2634008.61,566120,,338,,2470,2411590.18,,9224,252241.16,,131,3086.29,,10282,2370528.69,,1543,296388.94,,11494,2657603.54,,331,9314.09,0,0,0,0,0,0,0,0,0,,785,6868.85,264,,133,2684.02,,46,73.031161473088,15,219,75,44,205,148,,,326,,0,,325,28,1.0844239850797
1104073196,Pujara,Manish,R,RPH,I,2343 Arthur Ave,,Bronx,NY,36,10458,1,"Metropolitan area core: primary flow within an urbanized area of 50,000 and greater",US,Pharmacist,NPPES-Taxonomy,29,29,8248.39,116,24,,29,29,8248.39,116,,24,,29,8248.39,,0,0,,0,0,*,,,"#",,,*,,,"#",,,0,0,0,0,0,0,0,0,0,,0,0,0,,0,0,,0,77.583333333333,0,12,,,,,21,,,0,0,0,,,1.212875
1104149830,Liaw,Una,,RPH,I,14928 14th Ave,,Whitestone,NY,36,11357,1,"Metropolitan area core: primary flow within an urbanized area of 50,000 and greater",US,Pharmacist,NPPES-Taxonomy,36,36,9843.2,36,36,"#",,,,,"#",,,36,9843.2,,0,0,,0,0,,15,4138.56,,21,5704.64,*,,,"#",,,0,0,0,0,0,0,0,0,0,,0,0,0,*,,,*,,76.833333333333,,,,,22,14,27,0,,,0,,,,0.82222222222222
1104169291,Suh,Christine,Y,MD,I,731 White Plains Rd,,Bronx,NY,36,10473,1,"Metropolitan area core: primary flow within an urbanized area of 50,000 and greater",US,General Practice,Claim-Specialty,4417,7820.9,782121.09,230390,204,,2876,5497.77,516117.63,162579,,146,,871,708283.34,,3398,68811.25,,148,5026.5,,3902,703752.1,,515,78368.99,,3886,712971.38,,531,69149.71,46,354.77,941,,1.0414308354086,0,0,0,,0,26,209.98,19,*,,,*,,67.5,58,87,,,131,73,,56,,129,0,,152,52,1.4228666324158
1104173632,Davis,Jenny,,FNP,I,350 Grand St,,New York,NY,36,10002,1,"Metropolitan area core: primary flow within an urbanized area of 50,000 and greater",US,Nurse Practitioner,Claim-Specialty,3498,7623.12,469078.04,218989,262,,2456,5746.62,307240.09,166359,,220,,428,377802.92,,3029,86630.59,,41,4644.53,,2246,347637.04,,1252,121441,,2084,319343.68,,1414,149734.36,189,5205.25,5063,38,5.4030874785592,31,866.11,853,,16.402116402116,95,1579.07,61,,21,2012.44,*,,71.068702290076,42,131,63,26,158,104,246,,,,,,103,159,1.2794473388742
1104201169,Yates,Zachery,,,I,6437 Monument Rd,,Rome,NY,36,13440,4,"Micropolitan area core: primary flow within an urban cluster of 10,000 to 49,999",US,Pharmacist,NPPES-Taxonomy,43,43,11882.78,43,43,"#",,,,,"#",,,43,11882.78,,0,0,,0,0,"#",,,*,,,*,,,"#",,,0,0,0,0,0,0,0,0,0,,0,0,0,*,,,*,,74.348837209302,,,,,28,15,35,,0,0,0,,,,1.0018507751938
1104278951,Dhawan,Noorpreet,K,M.D.,I,9768 Liberty Dr,,Painted Post,NY,36,14870,4,"Micropolitan area core: primary flow within an urban cluster of 10,000 to 49,999",US,Family Practice,Claim-Specialty,4315,8864.29,620906.02,257867,402,,3753,7895.99,571914.29,229648,,356,,620,533202.5,,3630,84331.36,,65,3372.16,,2961,390651.95,,1354,230254.07,,1568,284174.92,,2747,336731.1,115,5777.48,2913,37,2.6651216685979,14,3440.63,397,,12.173913043478,90,21996.19,66,,52,2162.34,,12,71.878109452736,46,204,118,34,226,176,381,,,,0,13,108,294,1.1197486868631
1104312461,Towles,Maggie,M,FNP-C,I,739 Irving Ave Ste 500,,Syracuse,NY,36,13210,1,"Metropolitan area core: primary flow within an urbanized area of 50,000 and greater",US,Nurse Practitioner,Claim-Specialty,3960,3999.63,430244.56,97655,355,,3439,3472.83,390913.09,85036,,312,,853,340966.11,,3080,86982.93,,27,2295.52,,2836,307011.47,,1124,123233.09,,3261,373547.57,,699,56696.99,68,829.27,714,45,1.7171717171717,,,,,,111,5952.98,60,,136,43234.88,,28,74.63661971831,43,140,104,68,182,173,281,52,,,,13,251,104,2.8938019179183
1104517440,Koehler,Dharmista,R,PHARMD,I,2159 Bedell Rd Apt 6,,Grand Island,NY,36,14072,1,"Metropolitan area core: primary flow within an urbanized area of 50,000 and greater",US,Pharmacist,NPPES-Taxonomy,12,12,3482.62,12,12,,12,12,3482.62,12,,12,,12,3482.62,,0,0,,0,0,*,,,*,,,*,,,*,,,0,0,0,0,0,0,0,0,0,,0,0,0,,0,0,,0,76,0,,,,,,11,,0,,0,0,,,1.6531666666667
1104557651,Kaur,Tarandeep,,PHARM.D,I,6 Mclean Ave,,Yonkers,NY,36,10705,1,"Metropolitan area core: primary flow within an urbanized area of 50,000 and greater",US,Pharmacist,NPPES-Taxonomy,13,13,2568.98,13,13,,13,13,2568.98,13,,13,,13,2568.98,,0,0,,0,0,*,,,*,,,*,,,"#",,,0,0,0,0,0,0,0,0,0,,0,0,0,,0,0,,0,76.692307692308,0,,,,,,,0,0,0,0,,,,1.0990769230769
1104818640,Choi,Alexander,K,M.D.,I,38-34 Parsons Blvd.,"Suite #1d",Flushing,NY,36,11354,1,"Metropolitan area core: primary flow within an urbanized area of 50,000 and greater",US,Internal Medicine,Claim-Specialty,10863,13019.83,1526898.18,383392,341,,10738,12892.83,1512231.08,379617,"#",,,2292,1368844.21,,8485,155765.68,,86,2288.29,,8830,1210972.43,,2033,315925.75,,9750,1484791.84,,1113,42106.34,94,1391.34,2171,20,0.86532265488355,0,0,0,0,0,48,300.2,33,*,,,*,,75.932551319648,,,,,195,146,,,302,15,0,19,274,67,1.1310157420657
1104834324,Yeh,Qing,,M.D.,I,2 Mott St,Suite 801,New York,NY,36,10013,1,"Metropolitan area core: primary flow within an urbanized area of 50,000 and greater",US,Internal Medicine,Claim-Specialty,4766,6795.28,1282175.56,199513,291,,4700,6693.61,1246305.13,196517,"#",,,1354,1113393.1,,3370,168056.09,,42,726.37,,3975,1092477.59,,791,189697.97,,4395,1232829.2,,371,49346.36,,,,,,,,,,,35,231.48,29,,11,379.78,*,,75.388316151203,,,,,155,136,0,,283,,0,,249,42,1.0428344788087
1104880624,Huselton,John,K,M.D.,I,2000 Empire Blvd,Suite 120,Webster,NY,36,14580,1,"Metropolitan area core: primary flow within an urbanized area of 50,000 and greater",US,Internal Medicine,Claim-Specialty,5165,11572.5,583363.83,339540,607,,4949,11113.9,559363.12,326379,,575,,687,452680.82,,4434,127576.17,,44,3106.84,,4644,521671.4,,521,61692.43,,617,71021.58,,4548,512342.25,120,3520.57,2956,26,2.323330106486,,,,,,66,1720.63,47,,53,790.51,,15,74.95881383855,32,264,220,91,320,287,540,21,,12,,31,60,547,1.0216978553615
1104886860,Macenat,Jean,R,M.D,I,769 Concourse Vlg W,,Bronx,NY,36,10451,1,"Metropolitan area core: primary flow within an urbanized area of 50,000 and greater",US,Internal Medicine,Claim-Specialty,10244,21237.43,1937393.55,630082,473,,8377,17773.86,1542273.27,527729,,396,,1736,1623340.72,,8201,304901.81,,307,9151.02,,9441,1776048.26,,803,161345.29,,9115,1775746.02,,1129,161647.53,,,,,,,,,,,77,681.44,53,,101,5793.56,,17,71.972515856237,77,212,133,51,283,190,,118,,343,0,,375,98,1.2163719957705
1104893908,Habash,Hanna,J,MD,I,123 Conhocton St,,Corning,NY,36,14830,4,"Micropolitan area core: primary flow within an urban cluster of 10,000 to 49,999",US,Family Practice,Claim-Specialty,9242,22237.43,340359.09,639005,858,,8559,20958.94,313962.14,603291,,796,,823,174266.94,,8316,163745,,103,2347.15,,9183,338126.32,,59,2232.77,,1497,58828.07,,7745,281531.02,774,21678.39,15440,129,8.3748106470461,79,8577.98,2343,,10.206718346253,267,3191.79,192,,19,344.83,*,,73.648018648019,62,420,290,86,434,424,502,132,,200,,15,107,751,1.2549929351861
1104953777,Lin,Kevin,N,M.D,I,198 Canal St Ste 401,,New York,NY,36,10013,1,"Metropolitan area core: primary flow within an urbanized area of 50,000 and greater",US,Internal Medicine,Claim-Specialty,8194,15254.25,1260458.74,441966,583,,8063,15062.78,1245119.14,436633,,564,,1462,1047384,,6443,204869.88,,289,8204.86,,6711,979708.53,,1483,280750.21,,7402,1197346.09,,792,63112.65,11,46.52,130,,0.13424456919697,0,0,0,,0,384,3219.26,235,*,,,*,,73.428816466552,19,338,172,54,322,261,13,11,517,,,33,480,103,1.2395097198399
1104970722,Caesar,Arturo,A,M.D.,I,470 Malcolm X Blvd,Suite 1p,New York,NY,36,10037,1,"Metropolitan area core: primary flow within an urbanized area of 50,000 and greater",US,Internal Medicine,Claim-Specialty,2012,2885.39,191223.72,84675,199,,1166,1841.32,79279.51,54506,,125,,225,140870.72,,1754,48954.6,,33,1398.4,,1356,152991.33,,656,38232.39,,1817,157769.86,,195,33453.86,,,,,,,,,,,,,,,18,1109.41,*,,65.924623115578,74,84,,,110,89,22,78,,87,0,,177,22,1.1067772015139
1104971589,Alam,Tasbirul,M,MD,I,3728 77th St,,Jackson Heights,NY,36,11372,1,"Metropolitan area core: primary flow within an urbanized area of 50,000 and greater",US,Family Practice,Claim-Specialty,83160,84442.92,20875920.579999,153540,66238,,79019,80245.19,20009020.169999,145548,,63120,,82282,20852958.809999,,829,21856.15,,49,1105.62,,49790,12371970.57,,33370,8503950.0100007,,17169,4050585.1900001,,65991,16825335.389999,0,0,0,0,0,0,0,0,0,,28,231.74,25,,0,0,,0,74.029031673662,3118,34083,23001,6036,38115,28123,47617,5677,3657,5493,100,3694,12219,54019,1.032686232734
1114006012,Zhao,Xiaoyuan,,M.D.,I,80 Bowery,"#401",New York,NY,36,10013,1,"Metropolitan area core: primary flow within an urbanized area of 50,000 and greater",US,Internal Medicine,Claim-Specialty,8304,16479.9,1229802.69,486200,311,,8242,16316.1,1211771.93,481309,"#",,,1184,945125.73,,7005,282014.93,,115,2662.03,,7911,1182884.96,,393,46917.73,,8087,1212223.35,,217,17579.34,0,0,0,0,0,0,0,0,0,,75,587.86,55,,0,0,*,,73.829581993569,,,,,182,129,0,,307,0,0,,286,25,1.0886343602764
1114035193,Mejia,Manuel,E,MD,I,1650 Grand Concourse,,Bronx,NY,36,10457,1,"Metropolitan area core: primary flow within an urbanized area of 50,000 and greater",US,Internal Medicine,Claim-Specialty,16263,26933.71,2092657.62,800023,821,,14837,24957.47,1957239.82,741377,,748,,2657,1836580.61,,12708,241278.73,,898,14798.28,,15741,2049551.69,,522,43105.93,,15848,2042771.01,,415,49886.61,48,537.25,726,,0.29514849658735,0,0,0,,0,39,4974.81,33,,18,93.91,*,,72.695493300853,73,440,238,70,426,395,,11,,793,0,,770,51,1.1871743509229
1114089174,Valme,Gerald,,M.D.,I,1010 Ocean Ave,,Brooklyn,NY,36,11226,1,"Metropolitan area core: primary flow within an urbanized area of 50,000 and greater",US,Family Practice,Claim-Specialty,8936,20234.57,1024473.12,602813,681,,8581,19448.09,929709.22,579499,,651,,1112,784901.87,,7562,228192.18,,262,11379.07,,7391,863579.84,,1545,160893.28,,7144,882106.59,,1792,142366.53,,,,,,,,,,,33,243.26,29,*,,,*,,74.580029368576,30,335,241,75,383,298,18,546,,23,,89,480,201,1.0977880211559
1114102381,Varghese,Giti,,,I,36 Ireland Dr,,Poughkeepsie,NY,36,12603,1,"Metropolitan area core: primary flow within an urbanized area of 50,000 and greater",US,Pharmacist,NPPES-Taxonomy,449,449,94822.98,449,320,,421,421,90540.48,421,,301,,424,92873.02,,25,1949.96,,0,0,,393,83550.04,,56,11272.94,,103,19832.53,,346,74990.45,0,0,0,0,0,0,0,0,0,,0,0,0,,0,0,,0,75.3375,19,127,133,41,204,116,200,31,13,67,,,67,253,1.6956898538881
1114166980,Pineda-Muyir,Claudia,M,RPA-C,I,4620 3rd Ave,Sunset Medical Pc,Brooklyn,NY,36,11220,1,"Metropolitan area core: primary flow within an urbanized area of 50,000 and greater",US,Physician Assistant,Claim-Specialty,11950,23534.85,5829092.27,680023,476,,10407,20850.97,4933781.71,603803,,428,,3226,3409079.19,,8484,2411262.03,,240,8751.05,,10178,4134635.34,,1772,1694456.93,,10657,5509569.44,,1293,319522.83,181,2825.12,3468,48,1.5146443514644,0,0,0,0,0,348,45458.02,207,,44,876.73,,11,73.535714285714,48,229,140,59,301,175,25,,,442,0,,380,96,1.4110164456062
1114168499,Thomas,Julie,A,D.O.,I,3670 S Benzing Rd,,Orchard Park,NY,36,14127,1,"Metropolitan area core: primary flow within an urbanized area of 50,000 and greater",US,Family Practice,Claim-Specialty,4768,10661.02,442193.39,311695,518,,4460,10091.87,421825.27,295485,,485,,553,333237.46,,4179,106333.64,,36,2622.29,,3885,327386.16,,883,114807.23,,1029,114026.33,,3739,328167.06,78,9396.6,1801,27,1.6359060402685,11,8448.76,330,,14.102564102564,56,338.38,48,*,,,*,,73.998069498069,33,261,154,70,393,125,489,,0,,0,20,76,442,1.2457901058476
1114244738,Ranaletta,Monica,,D.O.,I,2212 Penfield Rd,Suite 100,Penfield,NY,36,14526,1,"Metropolitan area core: primary flow within an urbanized area of 50,000 and greater",US,Family Practice,Claim-Specialty,3504,7861.29,307032.61,230122,526,,3115,7134.81,241875.7,209329,,477,,311,216226.72,,3175,90106.66,,18,699.23,,2825,228547.06,,679,78485.55,,762,93854.51,,2742,213178.1,66,5774.15,1775,28,1.8835616438356,,,,,,61,23790.98,46,*,,,*,,72.577946768061,49,263,166,48,350,176,475,,,,,34,83,443,0.90204269447929
1114249760,Asrani,Kanta,,P.HD,I,19 E Main St,,Mount Kisco,NY,36,10549,1,"Metropolitan area core: primary flow within an urbanized area of 50,000 and greater",US,Pharmacist,NPPES-Taxonomy,14,14,2914.32,188,,,14,14,2914.32,188,*,,,14,2914.32,,0,0,,0,0,*,,,*,,,*,,,"#",,,0,0,0,,0,0,0,0,,,0,0,,,0,0,*,,72.8,,,,,,,,,,,,,,,0.4992
1114285426,Wu,Lina,,FNP,I,69 W Utica St,Apt 3,Oswego,NY,36,13126,4,"Micropolitan area core: primary flow within an urban cluster of 10,000 to 49,999",US,Nurse Practitioner,Claim-Specialty,18925,22266.94,2871555.03,640013,781,,18688,21978.41,2856631.97,632016,,764,,4323,2360713.48,,14337,504774,,265,6067.55,,17716,2670929.19,,1209,200625.84,,18755,2854984.68,,170,16570.35,,,,,,,,,,,236,15284.66,180,,55,1444.13,,13,72.78104993598,17,518,189,57,400,381,,0,766,,0,,763,18,1.1286088897325
1114297942,Maynard,Tonya,L,PHARMD,I,21835 Hempstead Ave,,Queens Village,NY,36,11429,1,"Metropolitan area core: primary flow within an urbanized area of 50,000 and greater",US,Pharmacist,NPPES-Taxonomy,16,16,3278.32,16,13,"#",,,,,"#",,,16,3278.32,,0,0,,0,0,*,,,*,,,,0,0,,16,3278.32,0,0,0,0,0,0,0,0,0,,0,0,0,*,,,*,,71.923076923077,,,,,,,,,0,0,0,0,0,13,0.60307692307692
1114306701,Stermer,Amanda,H,MD,I,127 W Main St,,Le Roy,NY,36,14482,3,"Metropolitan area low commuting: primary flow 10% to <30% to a urbanized area of 50,000 and greater",US,Family Practice,Claim-Specialty,6021,11740.39,655428.49,338868,601,,4838,9968.53,427977.25,288734,,518,,885,516647.7,,5090,136399.03,,46,2381.76,,4401,409183.01,,1620,246245.48,,1976,301326.6,,4045,354101.89,192,17629.7,4552,51,3.1888390632785,30,13439.61,848,,15.625,146,2130.63,87,,18,181.91,*,,72.216306156406,83,282,170,66,345,256,571,,,,0,14,137,464,1.1702623227865
1114344017,Aung,Nyi Nyi,,M.D.,I,115 Saint Nicholas Ave,,Brooklyn,NY,36,11237,1,"Metropolitan area core: primary flow within an urbanized area of 50,000 and greater",US,Internal Medicine,Claim-Specialty,5500,9385.91,677910.77,275153,523,,4910,8552.67,616233.31,250808,,467,,709,568263.48,,4745,108399.33,,46,1247.96,,4052,513951.93,,1448,163958.84,,4290,562270.65,,1210,115640.12,,,,,,,,,,,100,1023.79,82,,0,0,,0,71.711281070746,56,298,120,49,303,220,66,43,293,102,,,389,134,1.1443355850104
1114437837,Iskandarova,Elida,,,I,1433 Culver Rd,,Rochester,NY,36,14609,1,"Metropolitan area core: primary flow within an urbanized area of 50,000 and greater",US,Pharmacist,NPPES-Taxonomy,17,17,5027.57,17,17,,17,17,5027.57,17,,17,,17,5027.57,,0,0,,0,0,"#",,,*,,,,0,0,,17,5027.57,0,0,0,0,0,0,0,0,0,,0,0,0,,0,0,,0,76.705882352941,0,,,,,,15,,0,0,0,,0,17,0.99082352941176
1114449824,Thomson,Alexis,A,PHARMD,I,5942 S Salina St,,Syracuse,NY,36,13205,1,"Metropolitan area core: primary flow within an urbanized area of 50,000 and greater",US,Pharmacist,NPPES-Taxonomy,23,23,6265.78,23,22,,23,23,6265.78,23,,22,,23,6265.78,,0,0,,0,0,"#",,,*,,,*,,,"#",,,0,0,0,0,0,0,0,0,0,,0,0,0,,0,0,,0,73.909090909091,0,14,,,,,17,,0,0,0,,,,1.0987272727273
1114476231,Crandell,Emily,,PA,I,33 E Schuyler St,,Oswego,NY,36,13126,4,"Micropolitan area core: primary flow within an urban cluster of 10,000 to 49,999",US,Physician Assistant,Claim-Specialty,1307,2520.08,215685.65,69508,370,,1085,2142.04,147972.41,58984,,318,,199,186275.7,,1070,27624.17,,38,1785.78,,746,155588.46,,561,60097.19,,366,104028.16,,941,111657.49,52,1011.3,1262,22,3.9785768936496,,,,,,99,14245.45,74,,11,525.06,*,,71.827027027027,52,173,112,33,251,119,353,,,,0,11,76,294,1.1735250024608
1114526324,Wong,Victoria,,,I,866 3rd Ave,,New York,NY,36,10022,1,"Metropolitan area core: primary flow within an urbanized area of 50,000 and greater",US,Pharmacist,NPPES-Taxonomy,25,25,7067.27,25,25,"#",,,,,"#",,,25,7067.27,,0,0,,0,0,*,,,"#",,,*,,,"#",,,0,0,0,0,0,0,0,0,0,,0,0,0,*,,,*,,76.88,,,,,,,21,0,,0,0,,,,1.0048246976243
1114543691,Destries,Jeannine,M,FNP,I,4435 Seneca Rd,,Trumansburg,NY,36,14886,2,"Metropolitan area high commuting: primary flow 30% or more to a urbanized area of 50,000 and greater",US,Nurse Practitioner,Claim-Specialty,2519,4475.27,137801.61,128637,338,,2400,4323.57,134616.69,124629,,314,,238,99489.5,,2265,37937.08,,16,375.03,,1497,83883.69,,1022,53917.92,,459,23928.17,,2060,113873.44,39,320.89,690,18,1.5482334259627,,,,,,89,907.94,71,*,,,*,,73.665680473373,24,173,92,49,235,103,323,,0,,0,12,71,267,0.92176183431953
1114550415,Collins,Erica,M,FNP,I,28315 Ny 206,,Downsville,NY,36,13755,3,"Metropolitan area low commuting: primary flow 10% to <30% to a urbanized area of 50,000 and greater",US,Nurse Practitioner,Claim-Specialty,2798,3210.46,230822.22,70327,199,,2428,2797.79,205139.42,61572,,176,,643,163280.3,,2155,67541.92,,0,0,,1005,81225.68,,1793,149596.54,,2425,201536.33,,373,29285.89,157,3043.41,1277,22,5.6111508220157,,,,,,112,7624.07,50,,59,12288.36,*,,74.814070351759,23,77,63,36,137,62,192,0,,,0,,93,106,1.5354309882747
1114647906,Rowe,Donya,,PHARMD,I,957 Curry Rd,,Rotterdam,NY,36,12306,1,"Metropolitan area core: primary flow within an urbanized area of 50,000 and greater",US,Pharmacist,NPPES-Taxonomy,33,33,9011.37,33,31,"#",,,,,"#",,,33,9011.37,,0,0,,0,0,,22,5798.97,,11,3212.4,*,,,"#",,,0,0,0,0,0,0,0,0,0,,0,0,0,*,,,*,,75.387096774194,,,,,20,11,29,,0,0,0,,,,0.89968279569892
1588712152,Beker,Alexander,,,I,3019 Brighton 1st St,,Brooklyn,NY,36,11235,1,"Metropolitan area core: primary flow within an urbanized area of 50,000 and greater",US,Internal Medicine,Claim-Specialty,18595,24104.86,2027730.41,708672,570,,17643,22758.97,1933383.81,669302,,519,,3542,1680601.02,,14813,342648.56,,240,4480.83,,4044,404855.55,,14551,1622874.86,,16919,1912772.47,,1676,114957.94,111,2756.8,2034,27,0.5969346598548,0,0,0,0,0,188,3595.62,122,,16,1078.82,*,,74.738596491228,51,230,197,92,329,241,436,29,,22,,78,434,136,1.5664878657674
1588734024,Hodgeman,Paul,,RPAC,I,30 Harrison St,Suite 460,Johnson City,NY,36,13790,1,"Metropolitan area core: primary flow within an urbanized area of 50,000 and greater",US,Physician Assistant,Claim-Specialty,6499,6549.62,528504.99,150915,541,,5769,5812.75,467059.43,132774,,491,,1270,389754.4,,5198,136388.2,,31,2362.39,,3622,278749.77,,2877,249755.22,,5873,489606.32,,626,38898.67,,,,,,,,,,,276,16793.46,144,,251,21594.23,,62,77.996303142329,50,166,160,165,332,209,517,,,,,,447,94,2.3901768794047
1588747935,Chung,Derek,G,M.D,I,2244 Church Ave Fl 3,,Brooklyn,NY,36,11226,1,"Metropolitan area core: primary flow within an urbanized area of 50,000 and greater",US,Internal Medicine,Claim-Specialty,5613,11295.3,896307.53,327136,365,,5095,10668.84,790658.71,311181,,343,,924,713175.31,,4609,178027.23,,80,5104.99,,3647,625469.6,,1966,270837.93,,3473,560496.81,,2140,335810.72,46,371.59,1112,11,0.81952610012471,0,0,0,0,0,59,4770.26,49,,50,23212.44,*,,74.783561643836,22,162,134,47,242,123,20,277,,25,,37,167,198,1.1186119324442
1588750467,Yadegar,Javid,,MD,I,856 Dekalb Avenue,,Brooklyn,NY,36,11221,1,"Metropolitan area core: primary flow within an urbanized area of 50,000 and greater",US,Internal Medicine,Claim-Specialty,29442,33249.66,4184179.03,984102,424,,23419,26479.5,3198960.16,784382,,333,,5604,3222442.85,,22483,906965.36,,1355,54770.82,,25540,3649556.11,,3902,534622.92,,27652,4048235.57,,1790,135943.46,159,1417.06,2304,32,0.54004483391074,0,0,0,0,0,117,783.98,85,,144,28619,,18,72.707547169811,91,136,138,59,273,151,13,159,,242,0,,354,70,1.6429507002135
1588751515,Smith,Neal,T,M.D.,I,5973 Walworth Rd,,Ontario,NY,36,14519,1,"Metropolitan area core: primary flow within an urbanized area of 50,000 and greater",US,Family Practice,Claim-Specialty,3225,8373.35,139406.25,246761,339,,3121,8129.85,136207.83,239645,,324,,192,65750.07,,3000,72960.06,,33,696.12,,3013,130913.56,,212,8492.69,,171,3345.02,,3054,136061.23,47,500.47,1247,12,1.4573643410853,0,0,0,0,0,47,594.79,42,,0,0,,0,74.268436578171,15,160,130,34,143,196,311,,,0,0,25,21,318,0.83396404542089
1588764484,Choi,Mike,J,MD,I,2517 Vestal Pkwy E,,Vestal,NY,36,13850,1,"Metropolitan area core: primary flow within an urbanized area of 50,000 and greater",US,Family Practice,Claim-Specialty,6833,15599.35,680116.79,453936,636,,5878,14058.26,619119.34,410108,,575,,812,559347.71,,5994,119543.31,,27,1225.77,,4259,462113.75,,2574,218003.04,,1495,134421.56,,5338,545695.23,96,738.47,1546,35,1.4049465827601,,,,,,182,1942.71,124,,15,652.66,*,,73.116352201258,61,273,229,73,286,350,584,,,,0,31,121,515,1.1099990775191
1588774921,Park,Jia,,M.D,I,210-08 35th Avenue,,Bayside,NY,36,11361,1,"Metropolitan area core: primary flow within an urbanized area of 50,000 and greater",US,Family Practice,Claim-Specialty,12317,25761.68,1708617.94,757035,817,,11986,25179.04,1677089.49,740173,,796,,1576,1484124.9,,10531,220374.46,,210,4118.58,,11269,1516791.94,,1048,191826,,9094,1456794.77,,3223,251823.17,,,,,,,,,,,163,1894.88,126,,16,478.13,*,,72.324357405141,21,516,214,66,458,359,55,,660,29,,64,483,334,0.87838285875021
1588938351,Tokos,Autumn,L,"MS, RN, FNP-BC",I,4207 State Highway 220,,Oxford,NY,36,13830,9,"Small town low commuting: primary flow 10% to <30% to a urban cluster of 2,500 to 9,999",US,Nurse Practitioner,NPPES-Specialty,1010,1010.27,99078.12,18984,136,,990,990.17,97925.12,18799,"#",,"#",,,,772,33602.65,*,,,,325,38888,,685,60190.12,,832,79214.14,,178,19863.98,0,0,0,0,0,0,0,0,0,,57,2989.45,28,*,,,*,,85.433823529412,,,,,43,93,130,,0,,0,,103,33,1.7645258281343
1598023582,Kwon,Hea,R,,I,8248 135th St Apt 2h,,Jamaica,NY,36,11435,1,"Metropolitan area core: primary flow within an urbanized area of 50,000 and greater",US,Nurse Practitioner,NPPES-Specialty,9539,12728.84,1333335.74,376324,298,,9304,12410.95,1302476.07,366848,"#",,,1858,1172928.3,,7599,158373.59,,82,2033.85,,8649,1175411.02,,890,157924.72,,9021,1293275.43,,518,40060.31,14,83.52,64,,0.14676590837614,0,0,0,,0,52,457.91,40,,0,0,*,,72.395973154362,,,,,181,117,,0,263,,0,24,254,44,0.99905174593924
1598031924,Wang,Sheng,,M.D.,I,450 E 63rd St Apt 4e,,New York,NY,36,10065,1,"Metropolitan area core: primary flow within an urbanized area of 50,000 and greater",US,Internal Medicine,Claim-Specialty,3405,5628.99,259532.1,158730,130,"#",,,,,"#",,,384,167578.85,,2963,90940.74,,58,1012.51,,3333,242825.77,,72,16706.33,,3338,258079.53,,67,1452.57,0,0,0,0,0,0,0,0,0,,132,717.12,68,*,,,*,,70.592307692308,,,,,67,63,0,0,127,,0,,,,1.0283621794872
1598042368,Ryder,Walter,W,PHARMACIST,I,593 Fort Washington Ave,,New York,NY,36,10033,1,"Metropolitan area core: primary flow within an urbanized area of 50,000 and greater",US,Pharmacist,NPPES-Taxonomy,75,75,23517.33,75,75,"#",,,,,"#",,,75,23517.33,,0,0,,0,0,,19,6076.38,,56,17440.95,*,,,"#",,,0,0,0,0,0,0,0,0,0,,0,0,0,*,,,*,,75.773333333333,,,,,45,30,62,,,,0,,,,1.0115866666667
1598115446,Prathipati,Sushma,,"MBBS, MD",I,1201 Nott St Ste 204,,Schenectady,NY,36,12308,1,"Metropolitan area core: primary flow within an urbanized area of 50,000 and greater",US,Family Practice,Claim-Specialty,4531,9878.33,764391.87,291609,287,,3477,7819.81,533383.82,231561,,220,,841,674805.03,,3564,83806.36,,126,5780.48,,3489,523260.89,,1042,241130.98,,3114,591958.49,,1417,172433.38,12,496.85,360,,0.26484219819024,0,0,0,,0,12,109.74,11,*,,,*,,69.156794425087,67,130,74,16,165,122,151,48,,28,,25,165,122,1.4213099485763
1598260119,Kellogg,Christopher,A,DO,I,53-59 Public Sq Ste 301,,Watertown,NY,36,13601,1,"Metropolitan area core: primary flow within an urbanized area of 50,000 and greater",US,Internal Medicine,Claim-Specialty,10722,18087.69,1164788.92,496534,849,,10005,16834.91,1047629.28,460728,,797,,1511,974956.61,,9147,186251.57,,64,3580.74,,6325,645922.2,,4397,518866.72,,5455,472475.94,,5267,692312.98,194,5749.05,4549,70,1.8093639246409,,,,,,272,7668.64,169,,243,13164.51,,37,76.193168433451,52,331,297,169,463,386,798,,,,,40,258,591,1.6301766747151
1598264426,Isiguzo,Blessing,I,"DNP, NP-BC",I,2 Ellinwood Dr,,New Hartford,NY,36,13413,1,"Metropolitan area core: primary flow within an urbanized area of 50,000 and greater",US,Nurse Practitioner,Claim-Specialty,2755,2771.6,205844.53,58257,334,,2350,2365.53,184857.04,50363,,300,,435,131516.31,,2307,73730.12,,13,598.1,,1663,129426.92,,1092,76417.61,,2340,186071.43,,415,19773.1,174,5647.82,2212,73,6.3157894736842,25,3342.38,400,,14.367816091954,142,9576.04,66,,81,36639.72,,25,76.449101796407,34,103,128,69,187,147,274,36,,,0,12,264,70,2.6788476688596
1598300261,Naik,Niraali,,PA-C,I,2257 Adam Clayton Powell Jr Blvd,,New York,NY,36,10027,1,"Metropolitan area core: primary flow within an urbanized area of 50,000 and greater",US,Physician Assistant,NPPES-Specialty,3732,7355.71,445180.95,210652,594,,3189,6373.92,355116.53,183385,,500,,517,381149.53,,3167,62305.56,,48,1725.86,,3294,391836.32,,438,53344.63,,2876,378409.51,,856,66771.44,25,171.76,604,15,0.66988210075027,0,0,0,0,0,61,545.96,54,,12,96.38,*,,71.851851851852,94,258,189,53,337,257,18,408,,139,,19,407,187,1.6256676239175
1598303786,Arcentales,Jonathan,M,,I,1469 Beach Ave,,Bronx,NY,36,10460,1,"Metropolitan area core: primary flow within an urbanized area of 50,000 and greater",US,Physician Assistant,Claim-Specialty,3359,7120.01,535269.8,210227,293,,2761,6139.43,462472.87,181673,,249,,548,473363.57,,2647,57957.61,,164,3948.62,,3304,533214.09,,55,2055.71,,3115,503686.84,,244,31582.96,0,0,0,0,0,0,0,0,0,,16,141.13,11,,0,0,,0,71.505119453925,44,141,77,31,154,139,,25,,258,0,,260,33,1.3430611767198
1598325615,Churak,Melissa,,PA-C,I,Elm And Carlton St,,Buffalo,NY,36,14263,1,"Metropolitan area core: primary flow within an urbanized area of 50,000 and greater",US,Physician Assistant,Claim-Specialty,362,438.74,18239.35,11399,61,,308,369.6,15358.76,9441,"#",,,77,13110.38,,285,5128.97,,0,0,,231,9198.59,,131,9040.76,,39,2760.4,,323,15478.95,0,0,0,0,0,0,0,0,0,,155,1763.33,28,,0,0,*,,69.655737704918,,,,,33,28,54,,,0,,,,,3.6381908686194
1598374829,Huang,Han,N,,I,13231 41st Ave,,Flushing,NY,36,11355,1,"Metropolitan area core: primary flow within an urbanized area of 50,000 and greater",US,Pharmacist,NPPES-Taxonomy,117,117,34603.31,117,115,"#",,,,,"#",,,117,34603.31,,0,0,,0,0,,31,9013.85,,86,25589.46,*,,,"#",,,0,0,0,0,0,0,0,0,0,,0,0,0,*,,,*,,75.4,,,,,63,52,83,0,19,,0,,,,0.84538416029228
1598376477,Mascari,Cassandra,C,PHARMD,I,665 Long Pond Rd,,Rochester,NY,36,14612,1,"Metropolitan area core: primary flow within an urbanized area of 50,000 and greater",US,Pharmacist,NPPES-Taxonomy,28,28,7199.75,28,26,"#",,,,,"#",,,28,7199.75,,0,0,,0,0,"#",,,*,,,*,,,"#",,,0,0,0,0,0,0,0,0,0,,0,0,0,*,,,*,,71.269230769231,,,,,12,14,21,,0,0,0,,,,0.94980769230769
1598414922,Heinz,Theodore,J,PHARMD,I,863 Montauk Hwy,,Shirley,NY,36,11967,1,"Metropolitan area core: primary flow within an urbanized area of 50,000 and greater",US,Pharmacist,NPPES-Taxonomy,27,27,6683.14,27,26,"#",,,,,"#",,,27,6683.14,,0,0,,0,0,*,,,"#",,,*,,,"#",,,0,0,0,0,0,0,0,0,0,,0,0,0,*,,,*,,72.769230769231,,,,,12,14,21,,0,0,,,,,1.0860384615385
1598719460,Picco,Pasquale,,M.D.,I,20 Elm St,,Hornell,NY,36,14843,4,"Micropolitan area core: primary flow within an urban cluster of 10,000 to 49,999",US,Internal Medicine,Claim-Specialty,17922,41336.5,3715538.95,1215539,1019,,16358,38377.82,3103037.83,1130220,,934,,3674,3115104.49,,14049,586735.76,,199,13698.7,,10702,2209679,,7220,1505859.95,,4880,1570292.53,,13042,2145246.42,316,16596.49,7816,47,1.763196071867,31,12445.43,930,,9.8101265822785,480,10305.75,230,,19,347.03,*,,74.527968596663,85,430,372,132,532,487,982,,,,0,33,240,779,1.3499360716574
1598721714,Logalbo,Elizabeth,M,DO,I,256 Main St,,Massena,NY,36,13662,4,"Micropolitan area core: primary flow within an urban cluster of 10,000 to 49,999",US,Family Practice,Claim-Specialty,41633,42630.16,10063007.06,105554,32312,,40195,41072.88,9766194.9299998,97165,,31380,,40477,10042816.55,,1133,19774.15,,23,416.36,,23798,5578480.4,,17835,4484526.6599997,,6491,1438040.62,,35142,8624966.4399995,28,402.86,346,13,0.067254341507938,0,0,0,0,0,79,963.94,46,,11,66.02,*,,74.814217628126,932,16176,11765,3439,18070,14242,8377,187,17681,1568,20,4479,4051,28261,0.95358609127285
1598723702,Zhang,Han,,M.D,I,1508 Avenue U,,Brooklyn,NY,36,11229,1,"Metropolitan area core: primary flow within an urbanized area of 50,000 and greater",US,Pediatric Medicine,Claim-Specialty,4869,6609.74,951311.62,190658,291,,4763,6491.1,927646.84,187278,,280,,1118,728894.02,,3645,220215.1,,106,2202.5,,4548,873119.08,,321,78192.54,,4793,947731.57,,76,3580.05,,,,,,,,,,,99,797.63,65,*,,,*,,71.982817869416,11,195,64,21,150,141,,0,285,,0,,278,13,1.0529925826446
1598731119,Nguyen,Tai,,MD,I,222 Alexander St,Ste 5000,Rochester,NY,36,14607,1,"Metropolitan area core: primary flow within an urbanized area of 50,000 and greater",US,Internal Medicine,Claim-Specialty,4648,8121.4,486248.02,230129,673,,3543,6568.28,360172.42,188153,,491,,646,399521.43,,3933,84868.38,,69,1858.21,,3931,396505.7,,717,89742.32,,3082,344761.98,,1566,141486.04,,,,,,,,,,,179,3852.41,125,*,,,*,,68.37147102526,182,301,156,34,394,279,211,327,58,65,,,386,287,1.4385729839587
1598743007,Mederos,Mariano,,M.D,I,311 Saint Nicholas Ave Ste E,,Ridgewood,NY,36,11385,1,"Metropolitan area core: primary flow within an urbanized area of 50,000 and greater",US,Internal Medicine,Claim-Specialty,5140,7569.06,369433.17,218787,277,,4385,6597.76,333665.11,190767,,242,,561,263953.17,,4449,102630.24,,130,2849.76,,5012,317807.85,,128,51625.32,,4632,317501.91,,508,51931.26,12,39.01,167,,0.23346303501946,0,0,0,,0,106,475.82,72,,14,171.6,*,,73.162454873646,35,118,100,24,144,133,,,,262,0,,241,36,1.2718252215896
1598852451,Nassim,Roland,,MD,I,138-48 Elder Ave,,Flushing,NY,36,11355,1,"Metropolitan area core: primary flow within an urbanized area of 50,000 and greater",US,Internal Medicine,Claim-Specialty,11381,26801.51,2262283.26,790916,883,,10885,25712.52,2151936.45,758841,,843,,2028,1848983.91,,9162,404877.75,,191,8421.6,,7411,1445621.74,,3970,816661.52,,7231,1676880.39,,4150,585402.87,18,998.93,352,,0.15815833406555,,,,,,369,4180.53,251,,24,3197.96,*,,76.082672706682,40,365,315,163,538,345,304,,86,375,,58,448,435,1.2385631226936
1598947194,Fakhouri,Zeiad,A,MD,I,1531 Route 82,,Hopewell Junction,NY,36,12533,1,"Metropolitan area core: primary flow within an urbanized area of 50,000 and greater",US,Family Practice,Claim-Specialty,8764,9215.43,1879915.39,48763,6444,,8162,8512.9,1788822.67,40003,,6123,,7478,1861215.69,,1261,18415.09,,25,284.61,,3630,748380.86,,5134,1131534.53,,1374,248232.81,,7390,1631682.58,,,,,,,,,,,270,2125.65,216,,15,499.13,*,,73.735878336437,321,3419,2178,526,3631,2813,5300,302,162,349,0,331,769,5675,0.96891812725932
1609054691,Reyzelman,Yelena,,RPH,I,625 8th Ave,,New York,NY,36,10018,1,"Metropolitan area core: primary flow within an urbanized area of 50,000 and greater",US,Pharmacist,NPPES-Taxonomy,31,31,7787.99,31,26,"#",,,,,"#",,,31,7787.99,,0,0,,0,0,,13,3123.38,,18,4664.61,*,,,"#",,,0,0,0,0,0,0,0,0,0,,0,0,0,*,,,*,,73.423076923077,,,,,14,12,17,,,,0,,,,0.83442307692308
1609126630,Zhou,Hui Qin,,NP,I,268 Canal St,,New York,NY,36,10013,1,"Metropolitan area core: primary flow within an urbanized area of 50,000 and greater",US,Nurse Practitioner,NPPES-Specialty,13950,19714.02,1951626.57,579720,600,,13458,19088.31,1892057.43,561305,,574,,2671,1595076.55,,11111,353213.59,,168,3336.43,,12575,1749015.48,,1375,202611.09,,13724,1947459.18,,226,4167.39,,,,,,,,,,,94,669.78,71,,24,1174.1,*,,72.361666666667,26,377,143,54,345,255,,,584,,0,,563,37,0.99218247747644
1609131515,Aldaas,Eyad,,M.D.,I,427 Guy Park Ave,,Amsterdam,NY,36,12010,2,"Metropolitan area high commuting: primary flow 30% or more to a urbanized area of 50,000 and greater",US,Family Practice,Claim-Specialty,8413,8434.03,837395.58,191248,428,,7904,7925.03,809392.61,180659,,398,,1585,647033.89,,6765,185888.89,,63,4472.8,,6179,700615.43,,2234,136780.15,,6977,756133.22,,1436,81262.36,222,4345.6,2297,41,2.6387733269939,16,1665.24,300,,7.2072072072072,291,8606.25,128,,297,35118.76,,53,80.504672897196,30,87,142,169,267,161,384,15,,19,0,,290,138,2.3575651169735
1609132687,Cameron,Christine,A,MD,I,325 Essjay Rd,,Williamsville,NY,36,14221,1,"Metropolitan area core: primary flow within an urbanized area of 50,000 and greater",US,Family Practice,Claim-Specialty,7514,15820.41,1040301.19,454444,583,,6091,13397.01,812440.29,385636,,489,,1377,884852.16,,6037,151008.41,,100,4440.62,,6130,831503.1,,1384,208798.09,,3558,600499.97,,3956,439801.22,164,7106.78,4679,39,2.1825924940112,12,2959.24,550,,7.3170731707317,375,4254.16,205,,13,103.79,*,,70.90051457976,94,282,162,45,390,193,548,11,,,0,18,193,390,1.4092158561466
1609214873,Haq,Natasha,Y,,I,603 Uniondale Ave,,Uniondale,NY,36,11553,1,"Metropolitan area core: primary flow within an urbanized area of 50,000 and greater",US,Pharmacist,NPPES-Taxonomy,59,59,15241.11,59,52,"#",,,,,"#",,,59,15241.11,,0,0,,0,0,,44,11236.4,,15,4004.71,,27,7028.18,,32,8212.93,0,0,0,0,0,0,0,0,0,,0,0,0,*,,,*,,72.307692307692,,,,,34,18,12,,,32,0,,23,29,1.2256939102564
1609251586,Gromilic,Jasmina,,PHARM. D,I,21b Knolls Cres,,Bronx,NY,36,10463,1,"Metropolitan area core: primary flow within an urbanized area of 50,000 and greater",US,Pharmacist,NPPES-Taxonomy,108,108,26242.36,108,99,"#",,,,,"#",,,108,26242.36,,0,0,,0,0,,39,9300.76,,69,16941.6,*,,,"#",,,0,0,0,0,0,0,0,0,0,,0,0,0,*,,,*,,74.525252525253,,,,,61,38,84,,,,0,,,,1.1386363636364
1609258680,Jaswal,Gaurav,,MD,I,82 Copeland Ave,,Homer,NY,36,13077,4,"Micropolitan area core: primary flow within an urban cluster of 10,000 to 49,999",US,Family Practice,Claim-Specialty,7768,16267.71,696333.65,472723,860,,6554,14326.02,570226.87,416825,,735,,903,533762.26,,6796,159570.28,,69,3001.11,,4916,476069.24,,2852,220264.41,,3098,328490.79,,4670,367842.86,157,3052.71,3293,52,2.0211122554068,,,,,,179,8067.57,114,,22,432.35,*,,72.795348837209,125,365,251,119,459,401,801,,,,,33,306,554,1.2870418993126
1609263748,Evans,Anne,,D.O.,I,1 Irongate Ctr,,Glens Falls,NY,36,12801,1,"Metropolitan area core: primary flow within an urbanized area of 50,000 and greater",US,Family Practice,Claim-Specialty,6500,14361.72,727612.61,414684,579,,5825,13249.97,636656.68,384293,,539,,847,607536.85,,5607,117721.68,,46,2354.08,,4585,477620.34,,1915,249992.27,,1599,271684.46,,4901,455928.15,121,2470.09,3098,25,1.8615384615385,,,,,,145,1546.33,92,,17,397.35,*,,73.538860103627,40,287,201,51,319,260,565,,,,0,11,79,500,1.1482446573936
1609380617,Yu,Donna,,,I,6402 8th Ave Ste 301,,Brooklyn,NY,36,11220,1,"Metropolitan area core: primary flow within an urbanized area of 50,000 and greater",US,Nurse Practitioner,Claim-Specialty,7926,13466.63,875909.01000001,374650,708,,7791,13248.53,849420.41000001,368839,,693,,879,668117.08,,6995,206811.14,,52,980.79,,7717,860811.83000001,,209,15097.18,,7717,851445.48000001,,209,24463.53,,,,,,,,,,,489,2314.84,318,*,,,*,,72.090395480226,15,496,163,34,403,305,,0,693,,0,12,669,39,1.282785136074
1609412774,Brinks,Jennilee,R,,I,31 Arnot Rd,,Horseheads,NY,36,14845,1,"Metropolitan area core: primary flow within an urbanized area of 50,000 and greater",US,Nurse Practitioner,Claim-Specialty,2892,5540.06,367501.88,160034,216,,1986,4036.25,255563.66,117209,,158,,448,305538.65,,2414,57697.99,,30,4265.24,,2342,310694.97,,550,56806.91,,1628,244836.45,,1264,122665.43,34,920.69,911,,1.1756569847856,0,0,0,,0,66,751.69,53,,11,15767.79,*,,67.361111111111,58,104,,,160,56,198,,0,,0,,87,129,1.1615976080247
1609416742,Lovejoy,Alexandria,V,NP,I,335 Parrish St,,Canandaigua,NY,36,14424,1,"Metropolitan area core: primary flow within an urbanized area of 50,000 and greater",US,Nurse Practitioner,Claim-Specialty,1493,2538.85,108889.02,68051,518,,1345,2320.65,98696.95,62337,,477,"#",,,,1350,31146.26,*,,,,1286,98092.41,,207,10796.61,,260,27815.32,,1233,81073.7,69,1804.72,1493,40,4.6215673141326,,,,,,135,986.97,118,*,,,*,,74.310810810811,41,209,204,64,329,189,477,,,,0,32,76,442,1.0520782110016
1609491398,Chapman,Alexandra,E,MD,I,300 White Spruce Blvd Ste 100,,Rochester,NY,36,14623,1,"Metropolitan area core: primary flow within an urbanized area of 50,000 and greater",US,Family Practice,Claim-Specialty,1714,3203.97,222024.77,91834,402,,1299,2544.95,131566.16,72982,,361,,234,165154.62,,1436,52444.06,,44,4426.09,,1348,141925.64,,366,80099.13,,681,133007.06,,1033,89017.71,33,903.95,905,12,1.9253208868145,,,,,,50,3798.81,45,,29,612.41,*,,74.858208955224,41,147,145,69,227,175,320,51,,13,,17,68,334,1.2678053350927
1609819788,Swanger,Carlos,M,MD,I,2400 S Clinton Ave,Building H Suite 110,Rochester,NY,36,14618,1,"Metropolitan area core: primary flow within an urbanized area of 50,000 and greater",US,Internal Medicine,Claim-Specialty,8036,16007.01,634723.5,469646,558,,7215,14778.27,572232.16,433848,,511,,801,467810.54,,7138,163869.62,,97,3043.34,,7047,562442.03,,989,72281.47,,1137,106039.81,,6899,528683.69,236,20725.08,6147,49,2.9367844698855,33,16120.84,957,,13.983050847458,93,1230.98,66,,34,659.12,,11,75.039426523297,47,217,193,101,274,284,460,51,,15,,30,72,486,1.0568418640646
1609828250,Sheran,Michael,,MD,I,360 Washington Ave,,Kingston,NY,36,12401,1,"Metropolitan area core: primary flow within an urbanized area of 50,000 and greater",US,Internal Medicine,Claim-Specialty,15462,25484.94,4187042.81,735703,874,,10141,18660.92,2200532.21,541328,,749,,2395,3785911.49,,12950,395732.73,,117,5398.59,,7633,1917219.9,,7829,2269822.91,,6701,2140965.04,,8761,2046077.77,1055,105257.31,26704,118,6.8231794075799,222,71608.17,6440,23,21.042654028436,266,53551.46,144,,66,6594.46,,16,72.223112128146,125,374,291,84,458,416,763,34,,27,,46,224,650,1.198555100687
1609830827,Saksonova,Marina,,M.D.,I,9785 Queens Blvd,,Rego Park,NY,36,11374,1,"Metropolitan area core: primary flow within an urbanized area of 50,000 and greater",US,Internal Medicine,Claim-Specialty,11798,24822.02,2575001.69,738902,628,,11305,23810.62,2471923.64,709080,,594,,2376,2231612.54,,9297,339715.65,,125,3673.5,,5683,1142467.89,,6115,1432533.8,,8389,2144977.03,,3409,430024.66,50,652.44,1205,14,0.42380064417698,0,0,0,0,0,58,7749.69,47,,15,6280.15,*,,76.082802547771,34,251,221,122,433,195,337,67,,100,,78,343,285,1.5788272280923
1609831536,Bodkin,John,J,M.D.,I,5667 Creekwood Ct E,,East Amherst,NY,36,14051,1,"Metropolitan area core: primary flow within an urbanized area of 50,000 and greater",US,Family Practice,Claim-Specialty,3795,3861.04,164386.64,99905,112,"#",,,,,"#",,,382,107935.06,,3368,54539.1,,45,1912.48,,2762,119974.91,,1033,44411.73,,32,914.8,,3763,163471.84,88,1114.59,1811,23,2.3188405797101,0,0,0,0,0,87,1102.93,34,*,,,*,,86.669642857143,,,,,77,35,107,,,0,0,,,,1.8925816287879
1609834415,Bavibidila,Berthollet,M,MD,I,1425 Portland Ave,Wilson Bldg,Rochester,NY,36,14621,1,"Metropolitan area core: primary flow within an urbanized area of 50,000 and greater",US,Internal Medicine,Claim-Specialty,3715,7560.09,372651.1,220565,592,,3006,6314.99,285685.4,184679,,470,,431,303212.5,,3232,66309.55,,52,3129.05,,3142,335173.41,,573,37477.69,,1717,185191.4,,1998,187459.7,123,1885.79,3101,35,3.3109017496635,0,0,0,0,0,47,388.53,40,,11,88.36,*,,70.298986486486,122,266,151,53,292,300,255,239,11,73,0,14,249,343,1.2680590874998
1609864792,Aranda,Arvin,L,MD,I,1246 State Route 38,,Owego,NY,36,13827,7.1,"Secondary flow 30% to <50% to a urbanized area of 50,000 and greater",US,Family Practice,Claim-Specialty,9716,21116.63,827128.16,609143,622,,7879,18033.6,689665.42,522827,,548,,1154,617048.37,,8509,205757.88,,53,4321.91,,7379,626022.08,,2337,201106.08,,3913,392212.31,,5803,434915.85,449,7431.21,9942,64,4.6212433100041,11,606.39,330,,2.4498886414254,283,5495.25,166,,36,1009.95,*,,72.627009646302,74,287,182,79,305,317,582,16,,,,15,170,452,1.1037869659675
1609872035,Parola,Claude,,MD,I,1065 Southern Blvd,,Bronx,NY,36,10459,1,"Metropolitan area core: primary flow within an urbanized area of 50,000 and greater",US,Internal Medicine,Claim-Specialty,11554,19540.17,2540009.56,580057,609,,9296,15925.89,2001931.71,473348,,462,,2771,2353754.97,,8160,171244.36,,623,15010.23,,10268,2360093.84,,1286,179915.72,,11203,2531483.33,,351,8526.23,15,120.12,327,,0.12982516877272,0,0,0,,0,34,340.37,18,*,,,*,,68.228243021346,147,294,134,34,354,255,11,81,,502,0,,573,36,1.1940226778333
1609898469,Adler,Lawrence,A,M.D.,I,355 W 52nd St,7th Floor,New York,NY,36,10019,1,"Metropolitan area core: primary flow within an urbanized area of 50,000 and greater",US,Family Practice,Claim-Specialty,5224,10950.23,626800,320518,424,,4673,9935.26,539164.33,291900,,399,,703,533748.79,,4479,91026.79,,42,2024.42,,3265,301093.1,,1959,325706.9,,2089,327185.69,,3135,299614.31,111,11119.24,2217,22,2.124808575804,12,9157.34,358,,10.810810810811,88,2756.07,59,,22,2291.61,*,,74.797169811321,25,189,156,54,196,228,252,46,,94,,19,131,293,1.1582465147503
1609908532,Martin,Tamar,J,PHARM.D.,I,53 Tallmadge Pl,,Mechanicville,NY,36,12118,1,"Metropolitan area core: primary flow within an urbanized area of 50,000 and greater",US,Pharmacist,NPPES-Taxonomy,28,28,7549.39,57,28,"#",,,,,"#",,,28,7549.39,,0,0,,0,0,,17,4191.8,,11,3357.59,*,,,"#",,,0,0,0,0,0,0,0,0,0,,0,0,0,*,,,*,,73.071428571429,,,,,,,26,,0,0,0,,,,0.60685714285714
1609945807,Chu,Felix,,DO,I,13-17 Elizabeth St,"#603",New York,NY,36,10013,1,"Metropolitan area core: primary flow within an urbanized area of 50,000 and greater",US,Cardiology,Claim-Specialty,3996,8923.97,667709.62,263466,358,,3970,8858.57,658970.63,261587,"#",,,680,537562.86,,3281,129482.31,,35,664.45,,3256,547405.79,,740,120303.83,,3023,523787.29,,973,143922.33,0,0,0,0,0,0,0,0,0,,79,472.27,51,*,,,*,,77.530726256983,,,,,156,202,19,,299,20,,18,244,114,1.2568386070139
1609947191,Batoon,Sherwin,,M.D,I,147-14 Delaware Ave,,Flushing,NY,36,11355,1,"Metropolitan area core: primary flow within an urbanized area of 50,000 and greater",US,Internal Medicine,Claim-Specialty,12123,22781.41,1847163.84,657665,578,,11399,21642.82,1743815.92,624918,,549,,2134,1509780.66,,9700,326492.34,,289,10890.84,,9452,1476081.4,,2671,371082.44,,6978,1311080.3,,5145,536083.54,,,,,,,,,,,645,6126.16,345,,103,2883.89,,17,74.515570934256,29,280,190,79,378,200,89,,198,164,,74,264,314,1.1699739272017
1619014420,William,Christina,F,MD,I,156 West Ave,2nd Floor,Brockport,NY,36,14420,2,"Metropolitan area high commuting: primary flow 30% or more to a urbanized area of 50,000 and greater",US,Internal Medicine,Claim-Specialty,7360,14595.96,718667.89,417965,904,,6323,12701.18,591527.5,364051,,798,,995,560594.04,,6288,155812.28,,77,2261.57,,5808,572339.84,,1552,146328.05,,1690,183311.66,,5670,535356.23,95,1319.61,1896,36,1.2907608695652,,,,,,240,4499.5,154,,16,446.69,*,,73.696902654867,106,363,313,122,572,332,847,18,,12,,20,158,746,1.2791822832724
1619048303,Dooley,Catherine,A,FNP,I,169 Riverside Dr,,Binghamton,NY,36,13905,1,"Metropolitan area core: primary flow within an urbanized area of 50,000 and greater",US,Nurse Practitioner,Claim-Specialty,12871,13191.37,1058255.58,340606,414,,12396,12710.21,962838.81,327659,,403,,1807,775144.13,,10991,278210.65,,73,4900.8,,6521,538427.72,,6350,519827.86,,7731,592829.15,,5140,465426.43,399,11555.97,6839,95,3.0999922305959,70,6902.16,1929,13,17.543859649123,202,3850.75,108,,280,130338.78,,46,85.193236714976,11,47,112,244,292,122,398,,,,0,,189,225,1.9872404362589
1619088812,Ojugbeli,Diane,S,MD,I,304 Genesee St,,Chittenango,NY,36,13037,1,"Metropolitan area core: primary flow within an urbanized area of 50,000 and greater",US,Family Practice,NPPES-Specialty,125,164.6,33029.44,2019,90,"#",,,,,"#",,,108,32870.26,,17,159.18,,0,0,,64,18233.92,,61,14795.52,,17,4097.57,,108,28931.87,0,0,0,0,0,0,0,0,0,,0,0,0,*,,,*,,75.211111111111,,,,,51,39,89,,0,0,0,,15,75,1.1440611111111
1619103033,Cataldi,Amanda,R,ANP,I,300 Meridian Centre Blvd,Ste 320,Rochester,NY,36,14618,1,"Metropolitan area core: primary flow within an urbanized area of 50,000 and greater",US,Nurse Practitioner,Claim-Specialty,2583,2671.31,166914.48,54693,384,,2393,2481.31,148520.93,51365,,358,"#",,,,2109,32692.52,*,,,,1973,127525.63,,610,39388.85,,1611,95733.38,,972,71181.1,164,5002.78,2305,97,6.3492063492063,24,3867.47,580,,14.634146341463,65,940.31,50,,20,305.83,*,,81.7734375,26,65,122,171,260,124,330,42,,,,,184,200,2.2746640802292
1619109956,Ashok,Mala,,MD,I,"1900 Empire Blvd # 100",,Webster,NY,36,14580,1,"Metropolitan area core: primary flow within an urbanized area of 50,000 and greater",US,Family Practice,Claim-Specialty,6754,14361.89,452314.5,418423,634,,5532,12203.57,358213.2,357018,,548,,611,289298.43,,6053,159244.6,,90,3771.47,,5551,346258.8,,1203,106055.7,,2404,216124.38,,4350,236190.12,98,1806.59,2453,36,1.4509920047379,,,,,,113,1388.06,75,*,,,*,,71.955835962145,86,290,190,68,414,220,561,18,,13,,31,137,497,1.0141083246249
1619131190,Zheng,Yixiu,,MD,I,19 Bowery,"2/Fl., Ste.8",New York,NY,36,10002,1,"Metropolitan area core: primary flow within an urbanized area of 50,000 and greater",US,Internal Medicine,Claim-Specialty,4486,6168.61,912241.72,180398,360,,4288,5911.33,848466.3,172987,,346,,1055,812647.7,,3350,96210.71,,81,3383.31,,4123,867076.2,,363,45165.52,,4125,870269.14,,361,41972.58,41,1684.86,906,,0.91395452518948,,,,,,27,240.66,25,,124,4305.19,,33,73.316666666667,14,215,98,33,190,170,15,,324,,0,,320,40,1.0730932240742
1619202033,Sukhlall,Kamlawattie,,RPH,I,773 Lexington Ave,,New York,NY,36,10065,1,"Metropolitan area core: primary flow within an urbanized area of 50,000 and greater",US,Pharmacist,NPPES-Taxonomy,57,57,14766.11,57,56,,57,57,14766.11,57,,56,,57,14766.11,,0,0,,0,0,,12,2348.76,,45,12417.35,*,,,"#",,,0,0,0,0,0,0,0,0,0,,0,0,0,,0,0,,0,78.464285714286,0,22,22,12,32,24,42,,,,0,,,,0.95902678571429
1619226305,Cabrera,Michelle,,NP,I,3418 Broadway,2nd Floor,New York,NY,36,10031,1,"Metropolitan area core: primary flow within an urbanized area of 50,000 and greater",US,Nurse Practitioner,Claim-Specialty,8884,19390.81,1666979.1,576561,509,,8005,17644.54,1475098.47,524808,,450,,1494,1517927.86,,6754,133145.02,,636,15906.22,,8613,1622209.4,,271,44769.7,,8594,1640078.28,,290,26900.82,0,0,0,0,0,0,0,0,0,,48,9040.37,41,*,,,*,,72.561886051081,59,255,146,49,350,159,,14,0,487,0,,476,33,1.3348255280799
1619368826,Chan,Pak-Yi,,,I,949 3rd Ave,,New York,NY,36,10022,1,"Metropolitan area core: primary flow within an urbanized area of 50,000 and greater",US,Pharmacist,NPPES-Taxonomy,100,100,26999.46,129,94,"#",,,,,"#",,,99,26994.82,*,,,"#",,,,20,5924.21,,80,21075.25,,15,3768.77,,85,23230.69,0,0,0,0,0,0,0,0,0,,0,0,0,*,,,*,,76.617021276596,,,,,46,48,68,0,13,,0,,14,80,1.0100011021002
1619391513,Robertson,Scott,,,I,10 Prospect St,,Jamestown,NY,36,14701,4,"Micropolitan area core: primary flow within an urban cluster of 10,000 to 49,999",US,Pharmacist,NPPES-Taxonomy,29,29,6940.87,29,27,"#",,,,,"#",,,29,6940.87,,0,0,,0,0,"#",,,*,,,*,,,"#",,,0,0,0,0,0,0,0,0,0,,0,0,0,*,,,*,,74.407407407407,,,,,,,25,,0,,0,0,,,1.0133580246914
1619636313,Morone,Lylah,,,I,614 Columbia Tpke,,East Greenbush,NY,36,12061,1,"Metropolitan area core: primary flow within an urbanized area of 50,000 and greater",US,Pharmacist,NPPES-Taxonomy,29,29,7243.03,29,26,"#",,,,,"#",,,29,7243.03,,0,0,,0,0,"#",,,*,,,*,,,"#",,,0,0,0,0,0,0,0,0,0,,0,0,0,*,,,*,,74.461538461538,,,,,,,23,,0,0,0,,,,0.69238461538462
1619907201,Bonenfant,Heather,M,M.D.,I,2400 S Clinton Ave,Bldg H Suite 110,Rochester,NY,36,14618,1,"Metropolitan area core: primary flow within an urbanized area of 50,000 and greater",US,Internal Medicine,Claim-Specialty,6764,13499.96,504317.61,391880,588,,6288,12760.41,469186.77,371307,,562,,694,346075.22,,6006,155812.66,,64,2429.73,,5294,358319.16,,1470,145998.45,,696,51181.05,,6068,453136.56,155,5745.82,3450,49,2.2915434654051,18,3055.74,469,,11.612903225806,154,5944.02,98,,39,617.07,*,,75.396258503401,26,231,253,78,389,199,516,16,15,,,30,45,543,0.99490861955837
1619912268,Vaules,William,A,M.D.,I,2212 Penfield Rd,Suite 200,Penfield,NY,36,14526,1,"Metropolitan area core: primary flow within an urbanized area of 50,000 and greater",US,Internal Medicine,Claim-Specialty,10755,21366.81,928981.99,622750,727,,9487,19702.43,798255.45,575657,,670,,1121,688135.69,,9506,234642.48,,128,6203.82,,8742,770055.98,,2013,158926.01,,1627,186529.28,,9128,742452.71,175,5145.69,3421,51,1.627150162715,13,2443.12,366,,7.4285714285714,202,3087.24,138,*,,,*,,73.601100412655,57,334,256,80,344,383,649,14,12,,,47,90,637,0.92498331478181
1619961950,Cerri,Ruben,W,MD,I,2818 Steinway St,,Astoria,NY,36,11103,1,"Metropolitan area core: primary flow within an urbanized area of 50,000 and greater",US,Pediatric Medicine,NPPES-Specialty,87,93,19371.53,406,66,"#",,,,,"#",,,83,19318.61,*,,,"#",,,,69,15366.8,,18,4004.73,,54,11489.45,,33,7882.08,0,0,0,0,0,0,0,0,0,,0,0,0,*,,,*,,74.19696969697,,,,,33,33,17,0,,43,0,,40,26,1.3078230237752
1619966959,Mcdonald,James,V,MD,I,Empire State Plaza,,Albany,NY,36,12237,1,"Metropolitan area core: primary flow within an urbanized area of 50,000 and greater",US,Preventive Medicine,NPPES-Specialty,2968,2968,933796.30000001,3508,2967,,2909,2909,915153.82000001,3420,,2908,,2968,933796.30000001,,0,0,,0,0,,1549,485346.86,,1419,448449.44,,692,223109.42,,2276,710686.88,0,0,0,0,0,0,0,0,0,,0,0,0,,0,0,,0,76.944051230199,59,1166,1201,541,1769,1198,2157,154,356,163,,,674,2293,1.1612436472086
1629002589,Liu,George,C,"M.D., PH.D.",I,185 Canal Street,6th Floor,New York,NY,36,10013,1,"Metropolitan area core: primary flow within an urbanized area of 50,000 and greater",US,Internal Medicine,Claim-Specialty,14156,34164.91,4376003.42,1019231,826,,13556,33004,4200564.05,984664,,799,,2911,3896343.49,,10789,442470.28,,456,37189.65,,12243,3792487.98,,1913,583515.44,,11375,3845304.01,,2781,530699.41,,,,,,,,,,,109,926.55,72,,125,3911.97,,26,74.492736077482,27,437,264,98,470,356,22,16,745,26,0,17,607,219,1.4103990111633
1629005806,Sohal,Ranjeet,,MD,I,2510 30th Ave,,Long Island City,NY,36,11102,1,"Metropolitan area core: primary flow within an urbanized area of 50,000 and greater",US,Internal Medicine,Claim-Specialty,5299,5307.84,713239.89,141986,198,,4698,4706.84,451602.87,126350,,178,"#",,,,4349,158635.05,*,,,,3411,494275.49,,1888,218964.4,,5243,712086.04,,56,1153.85,17,461.93,351,,0.32081524816003,,,,,,66,2659.76,42,,176,33197.75,,28,77.449494949495,20,59,59,60,83,115,74,33,75,,,,,,2.6497232578547
1629023023,Pierre-Jerome Shoulton,Yardly,,MD,I,13742 Guy R Brewer Blvd,,Jamaica,NY,36,11434,1,"Metropolitan area core: primary flow within an urbanized area of 50,000 and greater",US,Internal Medicine,Claim-Specialty,3580,7323.2,425679.67,212144,382,,2910,6241.14,318845.45,181597,,321,,589,348577.56,,2917,71677.32,,74,5424.79,,2508,338161.83,,1072,87517.84,,1739,241705.17,,1841,183974.5,0,0,0,0,0,0,0,0,0,,150,1047.16,95,,21,615.29,*,,71.79057591623,61,178,108,35,282,100,,339,,14,,16,142,240,1.5701153646627
1629031208,Cheung,William,,M.D.,I,19 Bowery Fl 2,Suite 8,New York,NY,36,10002,1,"Metropolitan area core: primary flow within an urbanized area of 50,000 and greater",US,Internal Medicine,Claim-Specialty,9594,16750.2,9752481.96,483160,982,,9301,16301.53,9676636.34,470456,,954,,2676,9384799.47,,6814,364951.74,,104,2730.75,,8528,8880623.24,,1066,871858.72,,8544,9557941.36,,1050,194540.6,53,1021.41,1071,19,0.55242860120909,0,0,0,0,0,289,2309.02,184,,47,569.56,,16,74.525458248473,28,534,290,130,509,473,11,,918,16,,30,839,143,1.2041119055575
1629046081,Garbarino,Kenneth,,MD,I,3 Gates Cir,,Buffalo,NY,36,14209,1,"Metropolitan area core: primary flow within an urbanized area of 50,000 and greater",US,Internal Medicine,NPPES-Taxonomy,2586,2590.91,101032.13,34719,74,,2484,2488.56,94716.36,32676,"#",,"#",,,,2114,20297.39,*,,,"#",,,*,,,,2414,97045.62,,172,3986.51,16,119.8,362,,0.61871616395978,0,0,0,,0,137,5623.45,42,,42,189.59,*,,85.648648648649,,,,,58,16,72,,0,,0,0,60,14,1.9819440690691
1629056627,Fisher,Chandra,M,D.O.,I,325 Essjay Rd,Suite 110,Williamsville,NY,36,14221,1,"Metropolitan area core: primary flow within an urbanized area of 50,000 and greater",US,Family Practice,Claim-Specialty,4390,10541.88,348851.99,310252,432,,4315,10401.88,342947.73,306242,,418,,508,275709.49,,3829,71358.31,,53,1784.19,,3570,285757.76,,820,63094.23,,673,106205.85,,3717,242646.14,28,572.26,653,,0.6378132118451,0,0,0,,0,52,386.41,46,,0,0,,0,74.796296296296,14,208,152,58,368,64,376,37,,,,,52,380,1.1343452098414
1629060603,Boyle,Sean,P,M.D.,I,17 E Genesee St Ste 303,,Auburn,NY,36,13021,4,"Micropolitan area core: primary flow within an urban cluster of 10,000 to 49,999",US,Family Practice,Claim-Specialty,4294,8210.12,584511.24,235550,333,,3740,7527.33,513872.62,216806,,312,,692,477640.28,,3568,105623.93,,34,1247.03,,3003,409476.64,,1291,175034.6,,1187,145306.94,,3107,439204.3,219,12619.58,5210,42,5.1001397298556,,,,,,153,2822.52,85,,17,2117.36,*,,72.807807807808,21,186,97,29,170,163,311,,0,,0,19,51,282,1.0112857357357
1629064217,Levi,Peter,,MD,I,400 E Main St,Northern Westchester Hospital,Mount Kisco,NY,36,10549,1,"Metropolitan area core: primary flow within an urbanized area of 50,000 and greater",US,Emergency Medicine,Claim-Specialty,5320,6327.14,309742.88,181530,223,,5214,6207.14,307147.99,177974,"#",,,483,200561.87,,4811,108264.26,,26,916.75,,818,24954.09,,4502,284788.79,,746,40174.28,,4574,269568.6,36,802.75,934,,0.67669172932331,0,0,0,,0,123,2361.53,58,,138,7960.72,*,,85.7533632287,,,,,149,74,207,,,,0,,23,200,1.8190754857997
1629067483,Kim,Yong,R,M.D.,I,8635 Queens Blvd,Suite1e,Elmhurst,NY,36,11373,1,"Metropolitan area core: primary flow within an urbanized area of 50,000 and greater",US,Family Practice,Claim-Specialty,11796,24516.79,1937692.35,724906,632,,11389,23838.62,1872333.76,704945,,611,,1801,1606098.86,,9853,329793.77,,142,1799.72,,10197,1670351.87,,1599,267340.48,,9208,1722184.08,,2588,215508.27,21,132.35,508,,0.17802644964395,0,0,0,,0,154,1134.47,113,,30,305.38,*,,73.335443037975,21,366,188,57,379,253,73,14,156,356,0,33,415,217,0.96755259298241
1629068127,Watkins,Ingrid,K,MD,I,10 South Pointe Landing,Suite 250,Rochester,NY,36,14606,1,"Metropolitan area core: primary flow within an urbanized area of 50,000 and greater",US,Family Practice,Claim-Specialty,3698,7638.56,354375.4,223887,423,,3163,6839.02,300979.1,200990,,386,"#",,,,3232,76397.76,*,,,,3057,233879.14,,641,120496.26,,964,160670.18,,2734,193705.22,213,31081.19,6905,41,5.7598702001082,22,14392.8,900,,10.328638497653,48,545.56,36,*,,,*,,73.352245862884,37,205,135,46,236,187,379,,,,,24,61,362,0.93329820819576
1629092978,Telonis,James,D,MD,I,5586 Legionnaire Dr Ste 1,,Cicero,NY,36,13039,1,"Metropolitan area core: primary flow within an urbanized area of 50,000 and greater",US,Family Practice,Claim-Specialty,9394,22105.9,1086110.02,652599,876,,8840,21083,1018619.15,622542,,826,,1348,897007.5,,7985,186025,,61,3077.52,,6051,664341.31,,3343,421768.71,,1034,121012.1,,8360,965097.92,34,2046.06,1110,,0.36193314881839,11,1541.33,420,,32.352941176471,92,1087.46,69,,11,4552.91,*,,74.831050228311,50,403,296,127,459,417,834,,,,0,23,87,789,1.0497691991637
1629134622,Mitchell,Harrison,,M.D,I,2368 Adam Clayton Powell Jr Blvd,,New York,NY,36,10030,1,"Metropolitan area core: primary flow within an urbanized area of 50,000 and greater",US,Internal Medicine,Claim-Specialty,5914,13419.5,979561.29,397065,446,,5342,12328.94,878893.39,364793,,414,,847,822768.33,,4977,151496.09,,90,5296.87,,4306,768131.59,,1608,211429.7,,2945,550915.97,,2969,428645.32,57,12646.39,1393,15,0.96381467703754,0,0,0,0,0,93,1310.45,71,,28,402.19,,11,74.917040358744,32,202,148,64,275,171,,394,,31,,,178,268,1.301340806233
1629146196,Shum,Kee,Y,MD,I,136 25 Maple Avenue,Suite 205,Flushing,NY,36,11355,1,"Metropolitan area core: primary flow within an urbanized area of 50,000 and greater",US,Internal Medicine,Claim-Specialty,8455,18390.24,5115598.28,535228,657,,8401,18271.02,5025706.82,531701,"#",,,928,4746331.11,,7401,367151.5,,126,2115.67,,6716,4550466.49,,1739,565131.79,,4967,4794386.7,,3488,321211.58,19,307.94,379,,0.2247191011236,0,0,0,,0,353,2570.12,219,*,,,*,,76.735159817352,,,,,390,267,,,599,,0,40,340,317,1.0678757647205
1629201942,Wang,Yulin,,M.D.,I,13329 41st Rd Ste 2d,,Flushing,NY,36,11355,1,"Metropolitan area core: primary flow within an urbanized area of 50,000 and greater",US,Internal Medicine,Claim-Specialty,1939,2866.37,326470.79,82654,84,,1897,2759.5,320013.91,79571,"#",,,396,242875.92,,1497,82931.22,,46,663.65,,1813,311153.48,,126,15317.31,,1728,302277.04,,211,24193.75,,,,,,,,,,,34,417.24,23,,12,1739.34,*,,73.154761904762,,,,,49,35,,,75,,0,,67,17,0.94556448412698
1629224159,Alfonso,Jillian,,MD,I,3400 Bainbridge Ave,,Bronx,NY,36,10467,1,"Metropolitan area core: primary flow within an urbanized area of 50,000 and greater",US,Family Practice,Claim-Specialty,13054,26219.21,2127527.42,766014,835,,11059,22790.46,1626073.66,667351,,724,,2300,1870017.33,,10390,244389.49,,364,13120.6,,10721,1756290.93,,2333,371236.49,,9090,1616078.91,,3964,511448.51,,,,,,,,,,,224,2602.53,185,,24,283.63,*,,72.797604790419,111,363,270,91,655,180,84,298,,393,,34,456,379,1.3995095322607
1629226667,Humphrey,Sherry,L,MD,I,100 W Kingsbridge Rd,,Bronx,NY,36,10468,1,"Metropolitan area core: primary flow within an urbanized area of 50,000 and greater",US,Internal Medicine,Claim-Specialty,1753,1759.72,169626.1,40912,198,,1740,1746.72,168558.27,40645,"#",,"#",,,,1264,37847.15,*,,,,730,71209.69,,1023,98416.41,,1732,168593.82,,21,1032.28,15,353.53,277,,0.85567598402738,0,0,0,,0,29,2691.44,18,*,,,*,,82.89898989899,,,,,111,87,36,25,78,52,,,,,2.3508920609358
1629252663,Hsu,Angela,,M.D.,I,177 Fort Washington Ave,"6th Floor, Ctr 12",New York,NY,36,10032,1,"Metropolitan area core: primary flow within an urbanized area of 50,000 and greater",US,Internal Medicine,Claim-Specialty,4233,10855.77,121659.64,319078,672,,4115,10621.9,119841.81,312504,,659,,233,55186.18,,3979,64729.88,,21,1743.58,"#",,,*,,,,528,18336.17,,3705,103323.47,106,1780.04,2364,27,2.504134183794,11,351.89,295,,10.377358490566,45,446.22,33,,76,1274.84,,28,77.994047619048,13,199,325,135,408,264,346,84,128,77,0,37,64,608,1.1307177620044
1629257423,Mesmer,David,J,R.PH,I,635 Pittsford Victor Rd,,Pittsford,NY,36,14534,1,"Metropolitan area core: primary flow within an urbanized area of 50,000 and greater",US,Pharmacist,NPPES-Taxonomy,149,149,43685.14,149,148,"#",,,,,"#",,,149,43685.14,,0,0,,0,0,,131,38155.47,,18,5529.67,*,,,"#",,,0,0,0,0,0,0,0,0,0,,0,0,0,*,,,*,,75.317567567568,,,,,80,68,128,,,,0,12,,,0.87657031404316
1629336656,Abrams-Downey,Alexandra,J,M.D.,I,1 Gustave L Levy Pl,,New York,NY,36,10029,1,"Metropolitan area core: primary flow within an urbanized area of 50,000 and greater",US,Internal Medicine,Claim-Specialty,3835,4622.62,3542334.71,135376,211,,2655,3271.88,2084835.75,95509,,129,,1314,3418301.52,,2482,122470.35,,39,1562.84,,2621,2293971.06,,1214,1248363.65,,3573,3317640.01,,262,224694.7,18,245.76,486,,0.46936114732725,,,,,,79,1444.39,20,,0,0,,0,64.587677725118,82,97,,,73,138,33,104,,67,0,,188,23,1.9315270309895
1629340948,Yang,Fan,,M.D.,I,4235 Main St Ste 3c,,Flushing,NY,36,11355,1,"Metropolitan area core: primary flow within an urbanized area of 50,000 and greater",US,Internal Medicine,Claim-Specialty,14693,24251.96,2560270.48,699182,931,,14066,23526.96,2471460.22,678421,,901,,2954,2155925.26,,11421,390855.19,,318,13490.03,,14185,2465240.22,,508,95030.26,,14344,2503814.83,,349,56455.65,19,250.58,422,,0.12931327843191,0,0,0,,0,477,3285.79,300,,53,1361.04,,15,73.544575725027,30,556,245,100,456,475,,,901,,0,,883,48,1.4198369372059
1629385315,Aigbe Lebarty,Nosa,D,MD,I,624 Mcclellan St,Suite 101,Schenectady,NY,36,12304,1,"Metropolitan area core: primary flow within an urbanized area of 50,000 and greater",US,Family Practice,Claim-Specialty,5515,5855.86,501351.05,134211,439,,4717,5024.76,449966.79,116243,,371,,984,346451.1,,4478,151011.09,,53,3888.86,,3600,316813.56,,1915,184537.49,,4704,405816.59,,811,95534.46,38,305.33,258,26,0.68902991840435,,,,,,241,20641.6,153,,228,25812.39,,48,72.876993166287,68,165,148,58,238,201,339,59,11,14,0,16,313,126,2.2855504569946
1629401294,Gulkar,Inna,,M.D.,I,259 1st St,,Mineola,NY,36,11501,1,"Metropolitan area core: primary flow within an urbanized area of 50,000 and greater",US,Internal Medicine,Claim-Specialty,5081,13615.22,228471.1,400373,780,,4873,13111.37,212355.35,385832,,753,,354,144167.48,,4658,82225.629999999,,69,2077.99,,5067,227749.61,,14,721.49,,691,26547.64,,4390,201923.46,202,3155.48,4324,46,3.975595355245,14,392.31,420,,6.9306930693069,79,902.2,59,*,,,*,,76.076923076923,27,322,303,128,505,275,532,22,89,106,0,31,113,667,1.288013368791
1629486519,Myint,Thiri,,MD,I,7827 37th Ave Lowr Level,,Jackson Hts,NY,36,11372,1,"Metropolitan area core: primary flow within an urbanized area of 50,000 and greater",US,Internal Medicine,Claim-Specialty,4773,7905.24,746064.97,228015,383,,4698,7754.6,736830.87,223783,,371,,874,587410.61,,3845,157113.35,,54,1541.01,,4567,712507.27,,206,33557.7,,4491,716698.64,,282,29366.33,0,0,0,0,0,0,0,0,0,,83,447.82,62,,0,0,,0,73.104438642298,12,227,112,32,234,149,,,358,,0,15,345,38,1.1025341196861
1629567540,Syed,Fatima,,DO,I,1302 E Main St,,Endicott,NY,36,13760,1,"Metropolitan area core: primary flow within an urbanized area of 50,000 and greater",US,Family Practice,Claim-Specialty,2292,4119.82,259719.35,116951,421,,1545,3006.15,195506.25,86337,,288,,323,214967.01,,1950,44390.77,,19,361.57,,1817,212946.64,,475,46772.71,,1425,162763.05,,867,96956.3,76,773.71,1237,46,3.3158813263525,,,,,,61,554.39,50,,29,2318.73,*,,66.745843230404,133,174,87,27,262,159,356,28,,16,,16,210,211,1.1934815931383
1629676879,Sharpe,Katlyn,A,,I,1659 Penfield Rd,,Rochester,NY,36,14625,1,"Metropolitan area core: primary flow within an urbanized area of 50,000 and greater",US,Pharmacist,NPPES-Taxonomy,24,24,6485.55,24,24,"#",,,,,"#",,,24,6485.55,,0,0,,0,0,"#",,,*,,,*,,,"#",,,0,0,0,0,0,0,0,0,0,,0,0,0,*,,,*,,74.666666666667,,,,,11,13,18,,0,,0,,,,1.0594097222222
1629731104,Lim,Emmelene,,,I,4415 Kissena Blvd,,Flushing,NY,36,11355,1,"Metropolitan area core: primary flow within an urbanized area of 50,000 and greater",US,Pharmacist,NPPES-Taxonomy,31,31,8090.68,31,28,,31,31,8090.68,31,,28,,31,8090.68,,0,0,,0,0,,15,3947.35,,16,4143.33,*,,,"#",,,0,0,0,0,0,0,0,0,0,,0,0,0,,0,0,,0,75.964285714286,0,17,,,,,16,0,,,0,,,,1.1596607142857
1639105109,Baghel,Ashok,,MD,I,9 Hilander Dr,,Loudonville,NY,36,12211,1,"Metropolitan area core: primary flow within an urbanized area of 50,000 and greater",US,Internal Medicine,Claim-Specialty,7139,7930.5,655237.65,194790,281,,6931,7700.5,625218.71,190242,,268,,1401,462583.07,,5660,185385.59,,78,7268.99,,4029,337922.48,,3110,317315.17,,6210,556772.02,,929,98465.63,134,5145.06,3027,42,1.8770135873372,14,2038.26,224,,10.44776119403,375,39086.45,111,,251,28000.51,,32,79.266903914591,13,72,103,93,183,98,240,23,,,0,,182,99,2.2634878478765
1639127814,O'Keeffe,David,A,MD,I,3900 N Buffalo St,,Orchard Park,NY,36,14127,1,"Metropolitan area core: primary flow within an urbanized area of 50,000 and greater",US,Family Practice,Claim-Specialty,9936,24707.52,972064.6,725868,910,,9326,23538.29,906307.31,691637,,865,,961,753558.87,,8871,214656.55,,104,3849.18,,7397,678853.63,,2539,293210.97,,1166,114240.08,,8770,857824.52,112,1907.19,2754,31,1.1272141706924,0,0,0,0,0,168,1080.55,117,,14,529.5,*,,74.257142857143,45,428,337,100,387,523,851,,,,,40,70,840,1.2680171698266
1639134885,Trock,Daniel,,M.D.,I,1150 Youngs Rd,Suite 104,Williamsville,NY,36,14221,1,"Metropolitan area core: primary flow within an urbanized area of 50,000 and greater",US,Family Practice,Claim-Specialty,10136,17543.72,1187831.02,510269,784,,7967,14278.65,919690.8,416492,,625,,1643,991552.67,,8369,190295.21,,124,5983.14,,8153,942265.37,,1983,245565.65,,5310,736828.04,,4826,451002.98,428,14174.22,11339,80,4.2225730071034,28,4865.12,840,,6.5420560747664,136,1262.54,104,,99,15554.61,,15,70.654336734694,159,344,198,83,457,327,660,79,,12,,20,283,501,1.2644807291184
1639138654,Caro,Sixto,R,,I,231 S 3rd St,,Brooklyn,NY,36,11211,1,"Metropolitan area core: primary flow within an urbanized area of 50,000 and greater",US,Internal Medicine,Claim-Specialty,37871,90799.45,11837873.29,2695933,1391,,33198,80532.29,10426761.73,2391856,,1241,,8957,10126204.69,,27506,1650212.5,,1408,61456.1,,34353,10554803.35,,3518,1283069.94,,35284,11537036.36,,2587,300836.93,322,6202.11,7787,66,0.85025481238943,0,0,0,0,0,537,58222.8,337,,113,7986.06,,31,74.173256649892,150,580,458,203,868,523,57,18,,1295,,15,1165,226,1.3595260740402
1639142391,Phillips,Eric,C,D.O.,I,31 Arnot Rd,,Horseheads,NY,36,14845,1,"Metropolitan area core: primary flow within an urbanized area of 50,000 and greater",US,Family Practice,Claim-Specialty,6258,12650.44,610983.81,369066,530,,4896,10453.43,451715.87,305851,,414,,804,487276.97,,5373,120330.84,,81,3376,,4351,430985.02,,1907,179998.79,,2329,256056.26,,3929,354927.55,,,,,,,,,,,165,1697.13,119,,35,764.71,*,,68.822641509434,116,274,111,29,230,300,491,13,,,0,20,176,354,1.0596079248357
1639162365,Sheridan,Bernadette,L,MD,I,1222 E 96th St,,Brooklyn,NY,36,11236,1,"Metropolitan area core: primary flow within an urbanized area of 50,000 and greater",US,Family Practice,Claim-Specialty,3163,7620.67,739509.89,223863,444,,2966,7184.21,644881.32,211160,,411,,445,534414.69,,2648,154160.36,,70,50934.84,,2372,558863.06,,791,180646.83,,1283,432026.02,,1880,307483.87,14,261.62,202,,0.44261776794183,,,,,,25,142.79,24,*,,,*,,75.619369369369,33,172,170,69,379,65,,392,,15,0,25,145,299,1.2711105283568
1639171143,Hall,George,,MD,I,241 Canal St,Suite 402,New York,NY,36,10013,1,"Metropolitan area core: primary flow within an urbanized area of 50,000 and greater",US,Internal Medicine,Claim-Specialty,40817,76663.85,6954479.7999998,2231199,2369,,40214,75724.41,6858973.2299998,2204343,,2318,,7390,5637469.02,,32878,1299341.2,,549,17669.58,,36651,6165200.4599999,,4166,789279.34,,39332,6791986.7499998,,1485,162493.05,87,1293.59,887,54,0.21314648308303,0,0,0,0,0,809,25017.1,588,,169,5786.15,,51,74.878007598143,51,1262,735,321,1289,1080,,,2318,15,0,24,2223,146,1.4829764433296
1639214489,Lee,Shuk-Yi,,M.D.,I,139 Centre St,Room 603,New York,NY,36,10013,1,"Metropolitan area core: primary flow within an urbanized area of 50,000 and greater",US,Internal Medicine,Claim-Specialty,6542,10582.94,856495.57,312490,417,,6443,10478.94,850119.03,309446,"#",,,806,654915.11,,5697,200435.16,,39,1145.3,,5313,708779.5,,1229,147716.07,,5733,774447.8,,809,82047.77,12,327.6,360,,0.18343014368695,0,0,0,,0,49,44765.76,27,,35,309.92,*,,73.79376498801,,,,,289,128,,,390,,0,23,301,116,0.9669885486859
1639216682,Dominger,Karen,A,D.O.,I,100 Patriots Rd,,Stony Brook,NY,36,11790,1,"Metropolitan area core: primary flow within an urbanized area of 50,000 and greater",US,Internal Medicine,Claim-Specialty,3738,3738.25,245707.27,86103,136,,3738,3738.25,245707.27,86103,,136,"#",,,,3270,59934.59,*,,,,49,2592.72,,3689,243114.55,,3103,208293.64,,635,37413.63,,,,,,,,,,,126,16504.35,54,,174,16500.7,,16,87.375,0,,,88,18,118,128,,0,,0,,112,24,2.1976151455174
1639219744,Burke,Michael,K,MD,I,315 S Manning Blvd,,Albany,NY,36,12208,1,"Metropolitan area core: primary flow within an urbanized area of 50,000 and greater",US,Geriatric Medicine,Claim-Specialty,5705,5719.1,482165.76,133398,408,,5530,5544.1,458980.42,129489,"#",,,1240,321713.99,,4452,160278.88,,13,172.89,,2948,251273.54,,2757,230892.22,,4476,397828.41,,1229,84337.35,143,2598.13,2508,80,2.5065731814198,18,1052.75,470,,12.587412587413,179,4323.34,94,,175,26227.67,*,,86.088235294118,,,,,307,101,383,14,,,0,,284,124,2.0431941446673
1639269954,Fogarty,Joanne,M,MD,I,564 New Loudon Rd,,Latham,NY,36,12110,1,"Metropolitan area core: primary flow within an urbanized area of 50,000 and greater",US,Internal Medicine,Claim-Specialty,2078,4539.82,301990.96,131758,140,,2041,4480.32,301211.13,130038,"#",,,413,270945.05,,1642,30603.36,,23,442.55,,1661,218937.78,,417,83053.18,,142,13593.69,,1936,288397.27,17,208.94,215,,0.81809432146295,,,,,,98,3095.65,38,*,,,*,,74.078571428571,,,,,99,41,133,,,,0,,,,0.82872142857143
1639312572,Nnabugwu,Ada,C,NP,I,310 S Manning Blvd,,Albany,NY,36,12208,1,"Metropolitan area core: primary flow within an urbanized area of 50,000 and greater",US,Nurse Practitioner,NPPES-Specialty,1811,1813.73,256121.29,40461,111,,1474,1476.7,189514.57,33025,,92,,325,203003.4,,1474,52655.05,,12,462.84,"#",,,*,,,,1811,256121.29,,0,0,105,4021.96,2298,26,5.7979017117615,22,1160.23,476,,20.952380952381,108,2964.58,46,,56,27205.94,*,,75.504504504505,19,37,27,28,62,49,91,14,,,0,,111,0,3.4395549283307
1639359805,Natale,Michael,S,RPH,I,2950 Ridge Rd W,,Rochester,NY,36,14626,1,"Metropolitan area core: primary flow within an urbanized area of 50,000 and greater",US,Pharmacist,NPPES-Taxonomy,229,229,59099.18,229,204,"#",,,,,"#",,,229,59099.18,,0,0,,0,0,,133,34206.44,,96,24892.74,,18,3978.56,,211,55120.62,0,0,0,0,0,0,0,0,0,,0,0,0,*,,,*,,75.656862745098,,,,,128,76,184,0,,13,0,,16,188,1.163898518374
1639449069,Cai,Lu,,,I,8425 Elmhurst Ave,Unit P1,Elmhurst,NY,36,11373,1,"Metropolitan area core: primary flow within an urbanized area of 50,000 and greater",US,Internal Medicine,Claim-Specialty,9618,11325.34,1080751.99,323816,297,,9601,11294.34,1079869.43,322995,"#",,,1941,878241.07,,7485,199039.18,,192,3471.74,,9606,1079135.74,,12,1616.25,,9338,1069264.65,,280,11487.34,0,0,0,0,0,0,0,0,0,,268,987.84,144,,16,255.18,*,,72.484848484848,,,,,161,136,0,0,289,,0,,272,25,0.94737798096969
1639468267,Wang,Hongwei,,MD,I,1650 Grand Concourse,,Bronx,NY,36,10457,1,"Metropolitan area core: primary flow within an urbanized area of 50,000 and greater",US,Internal Medicine,Claim-Specialty,6642,8428.18,959404.09,241870,186,,6559,8313.28,958530.72,238449,"#",,,1498,781723.54,,5051,175992.19,,93,1688.36,,6372,931532.69,,270,27871.4,,6404,951501.59,,238,7902.5,,,,,,,,,,,68,432.88,44,*,,,*,,72.327956989247,,,,,96,90,,0,178,,0,,169,17,0.92634414414414
1639525884,Green,Justin,M,M.D.,I,3950 E Robinson Rd Ste 207,,W Amherst,NY,36,14228,1,"Metropolitan area core: primary flow within an urbanized area of 50,000 and greater",US,Family Practice,Claim-Specialty,23428,27418.58,2163218.06,693126,1204,,21641,25354.67,1895336.81,642688,,1123,,5037,1656095.24,,18310,486337.73,,81,20785.09,,15466,1530715.84,,7962,632502.22,,17768,1625075.95,,5660,538142.11,264,8050.75,6072,125,1.1268567526037,27,3873.65,587,,10.227272727273,300,100041.28,133,,697,34848.21,,103,77.767441860465,81,383,413,327,734,470,1098,41,14,,,39,513,691,1.9304572583759
1639577265,Rubin,Jennifer,,PA-C,I,1543 E 16th St,,Brooklyn,NY,36,11230,1,"Metropolitan area core: primary flow within an urbanized area of 50,000 and greater",US,Physician Assistant,NPPES-Specialty,8832,8950.36,833299.25,258284,389,,2270,2300.95,166807.92,66510,,91,,1451,616792.72,,7286,213000.51,,95,3506.02,,537,17493.21,,8295,815806.04,,8832,833299.25,,0,0,0,0,0,0,0,0,0,0,0,,32,654.8,25,,28,1215.59,*,,52.159383033419,298,73,,,155,234,301,57,,16,,11,389,0,1.0361039103344
1639642473,Levstik,Nicola,S,MBBCHBAO,I,625 Panorama Trl,"Bldg 3, Ste 100",Rochester,NY,36,14625,1,"Metropolitan area core: primary flow within an urbanized area of 50,000 and greater",US,Internal Medicine,Claim-Specialty,5171,11975.35,467560.2,352970,548,,5037,11754.49,438364.02,346573,,523,,584,364367.4,,4543,101525.28,,44,1667.52,,4744,435526.75,,427,32033.45,,634,92697.42,,4537,374862.78,68,1636.05,1467,27,1.315026107136,,,,,,42,508.15,29,*,,,*,,74.987226277372,25,265,185,73,363,185,487,24,,,,26,54,494,1.0806356304819
1639650526,Wingood,Jennifer,,PHARMD,I,7398 Oswego Rd,,Liverpool,NY,36,13090,1,"Metropolitan area core: primary flow within an urbanized area of 50,000 and greater",US,Pharmacist,NPPES-Taxonomy,25,25,6910.84,25,23,"#",,,,,"#",,,25,6910.84,,0,0,,0,0,"#",,,*,,,*,,,"#",,,0,0,0,0,0,0,0,0,0,,0,0,0,*,,,*,,70.695652173913,,,,,,,21,,0,0,0,,,,1.2233043478261
1639882327,Maycumber,Chelsea,R,AGNP,I,600 Roe Ave,,Elmira,NY,36,14905,1,"Metropolitan area core: primary flow within an urbanized area of 50,000 and greater",US,Nurse Practitioner,Claim-Specialty,1628,3475.79,137837.44,99478,479,,1464,3199.01,98213.81,92009,,438,,194,108146.57,,1421,29057.08,,13,633.79,,878,68875.2,,750,68962.24,,374,57530.01,,1254,80307.43,60,942.74,1458,28,3.6855036855037,0,0,0,0,0,61,650.37,48,*,,,*,,74.559498956159,41,195,171,72,355,124,464,,0,,0,12,92,387,1.202724057073
1649218504,Sigelman,Arthur,W,M.D.,I,2242 Victory Blvd,,Staten Island,NY,36,10314,1,"Metropolitan area core: primary flow within an urbanized area of 50,000 and greater",US,Family Practice,Claim-Specialty,1772,4468.95,517695.27,131070,123,,1572,4013,423839.24,117740,,112,,398,475534.38,,1360,41885.62,,14,275.27,,329,117236.02,,1443,400459.25,,276,95667.88,,1496,422027.39,0,0,0,0,0,0,0,0,0,,48,547.64,36,,0,0,,0,74.975609756098,11,50,46,16,58,65,107,,,,0,,11,112,1.0921815718157
1649222704,Noronha,Gary,J,MD,I,2300 W Jefferson Rd Ste 400,,Pittsford,NY,36,14534,1,"Metropolitan area core: primary flow within an urbanized area of 50,000 and greater",US,Internal Medicine,Claim-Specialty,7545,17684.3,605400.52,521776,589,,7199,16987.08,544415.13,501184,,569,,699,427410.59,,6795,175514.18,,51,2475.75,,6479,539047.31,,1066,66353.21,,863,93150.64,,6682,512249.88,119,3269.31,2703,29,1.5772034459907,0,0,0,0,0,66,784.3,38,,13,937.52,*,,75.838709677419,20,253,223,93,294,295,450,92,16,,,28,51,538,1.1037135806111
1649261066,Patel,Kartik,,MD,I,45 Webster Commons Blvd,Ste 200,Webster,NY,36,14580,1,"Metropolitan area core: primary flow within an urbanized area of 50,000 and greater",US,Internal Medicine,Claim-Specialty,12737,32646.44,1136304.97,959277,1393,,12056,31035.59,1055633.93,912425,,1304,,1401,861402.64,,11278,273006.48,,58,1895.85,,11470,1019871.36,,1267,116433.61,,2405,345191.46,,10332,791113.51,69,1047.11,1522,20,0.54172882154353,,,,,,191,1598.06,150,,14,874.08,*,,74.528356066045,89,623,508,173,712,681,1219,35,45,,,66,215,1178,0.9416039421652
1649307182,Tarapacki,Mary Ilene,,NURSE PRACTITIONER,I,3900 N Buffalo Rd,,Orchard Park,NY,36,14127,1,"Metropolitan area core: primary flow within an urbanized area of 50,000 and greater",US,Nurse Practitioner,Claim-Specialty,7209,15391.02,762099.07,451606,476,,6435,13937.23,657790.31,409443,,434,,931,599492.18,,6225,159338.74,,53,3268.15,,5461,552993.35,,1748,209105.72,,2104,286785.51,,5105,475313.56,164,2816.4,4380,27,2.2749341101401,11,985.98,330,,6.7073170731707,132,918.23,67,,23,569.71,*,,73.350840336134,42,219,164,51,334,142,454,,0,,0,12,88,388,1.4127910661195
1649411372,Reed,Patricia,,PHARMD,I,3050 Whitestone Expy,,Flushing,NY,36,11354,1,"Metropolitan area core: primary flow within an urbanized area of 50,000 and greater",US,Pharmacist,NPPES-Taxonomy,222,222,46037.8,222,186,,197,197,40593.21,197,,164,,222,46037.8,,0,0,,0,0,,122,24398.91,,100,21638.89,,40,8611.42,,182,37426.38,0,0,0,0,0,0,0,0,0,,0,0,0,,0,0,,0,72.252688172043,22,97,51,16,106,80,136,38,,,0,,32,154,1.2266806253496
1649415225,Salinas,Sandra,L,,I,111 Vrendenburgh Ave & Xavier Dr,,Yonkers,NY,36,10704,1,"Metropolitan area core: primary flow within an urbanized area of 50,000 and greater",US,Pharmacist,NPPES-Taxonomy,47,47,13958.54,47,47,"#",,,,,"#",,,47,13958.54,,0,0,,0,0,*,,,"#",,,*,,,"#",,,0,0,0,0,0,0,0,0,0,,0,0,0,*,,,*,,75.914893617021,,,,,30,17,38,,0,,0,,,,0.81753191489362
1649502477,Palombo,Arthur,P,PHARMD,I,202 Broad St,,Glens Falls,NY,36,12801,1,"Metropolitan area core: primary flow within an urbanized area of 50,000 and greater",US,Pharmacist,NPPES-Taxonomy,24,24,5860.76,24,23,"#",,,,,"#",,,24,5860.76,,0,0,,0,0,"#",,,*,,,*,,,"#",,,0,0,0,0,0,0,0,0,0,,0,0,0,*,,,*,,73.913043478261,,,,,,,21,,0,0,0,,,,0.98392391304348
1649504440,Lifflander,Anne,L,MD,I,125 Worth St. Room 207 Cn-73,Bstdc-Nyc Dept Of Health And Mental Hygiene,New York,NY,36,10013,1,"Metropolitan area core: primary flow within an urbanized area of 50,000 and greater",US,Internal Medicine,NPPES-Specialty,3239,6612.22,1620236.21,194605,210,,2278,4839.9,1074975.28,142671,,162,,863,1549201.21,,2295,67846.1,,81,3188.9,,2930,1477325.41,,309,142910.8,,3049,1501075.07,,190,119161.14,99,2434.03,2760,14,3.0564989194196,0,0,0,0,0,61,801.56,35,*,,,*,,70.442857142857,48,103,42,17,133,77,14,52,,139,0,,177,33,1.5243723930451
1649517251,Jiang,Xiao-Hong,,M.D,I,139 Centre St,Suite 515,New York,NY,36,10013,1,"Metropolitan area core: primary flow within an urbanized area of 50,000 and greater",US,Internal Medicine,Claim-Specialty,10885,21131.85,1666293.12,617033,685,,10637,20700.76,1643087.67,604426,,666,,1712,1369034.67,,9079,294132.26,,94,3126.19,,9532,1491780.35,,1353,174512.77,,9303,1520196.91,,1582,146096.21,16,68.3,270,,0.1469912723932,0,0,0,,0,163,1006.11,134,,30,580.09,*,,77.011678832117,19,288,218,160,405,280,,,649,12,0,23,548,137,1.5136225452894
1235425372,Edinger,Loretta,L,NP,I,5-7 State Street,,Tully,NY,36,13159,2,"Metropolitan area high commuting: primary flow 30% or more to a urbanized area of 50,000 and greater",US,Nurse Practitioner,Claim-Specialty,4551,8939.99,407697.02,256849,368,,3958,7922.29,328276.3,228637,,324,,452,297610.38,,4071,108763,,28,1323.64,,3299,278167.24,,1252,129529.78,,1467,162313.59,,3084,245383.43,188,5056.17,4542,41,4.1309602285212,29,1977.01,761,,15.425531914894,159,1536.66,97,,14,23.13,*,,71.369565217391,44,201,90,33,195,173,343,,0,,,18,74,294,1.1829932065217
1235434515,Fowung,Prisca,A,RPH,I,58 East Fordam Rd,,Bronx,NY,36,10468,1,"Metropolitan area core: primary flow within an urbanized area of 50,000 and greater",US,Pharmacist,NPPES-Taxonomy,46,46,13034.34,46,46,,46,46,13034.34,46,,46,,46,13034.34,,0,0,,0,0,,13,3522.13,,33,9512.21,*,,,"#",,,0,0,0,0,0,0,0,0,0,,0,0,0,,0,0,,0,76.086956521739,0,,21,,29,17,36,,,,0,,,,1.1242826086957
1235456955,Lavender,Rebecca,T,MD,I,454 E Broad St,Suite 100,Rochester,NY,36,14607,1,"Metropolitan area core: primary flow within an urbanized area of 50,000 and greater",US,Family Practice,Claim-Specialty,2517,3693.8,236256.46,102623,299,,1495,2412.93,160058.32,68088,,219,,485,200857.22,,1995,34262.57,,37,1136.67,,2055,201132.99,,462,35123.47,,1589,167551,,928,68705.46,42,769.88,1185,11,1.6686531585221,11,199.27,330,,26.190476190476,24,509.99,13,*,,,*,,67.57525083612,80,144,62,13,203,96,169,85,,40,0,,143,156,1.1096597896732
1235505264,Ortman,Caitlin,,PA,I,1783 Colvin Blvd,,Buffalo,NY,36,14223,1,"Metropolitan area core: primary flow within an urbanized area of 50,000 and greater",US,Physician Assistant,Claim-Specialty,10041,21346.39,1182385.67,626965,1392,,9223,19955.46,1084029.37,586828,,1315,,1327,982172.27,,8585,191940.66,,129,8272.74,,8080,967091.82,,1961,215293.85,,1843,239969.86,,8198,942415.81,501,17143.82,13698,99,4.9895428742157,33,6036.87,967,,6.5868263473054,80,564.23,66,,16,380.71,*,,74.314655172414,77,693,444,178,738,654,1277,23,,21,,69,179,1213,1.0854376675097
1235533266,Zhou,Chen,,D.O.,I,3907 Prince St,,Flushing,NY,36,11354,1,"Metropolitan area core: primary flow within an urbanized area of 50,000 and greater",US,Family Practice,NPPES-Specialty,9812,15053.87,1008915.4,432810,460,,9722,14899.53,1002224.24,428352,"#",,,1174,763271.7,,8374,240686.43,,264,4957.27,,9646,986719.63,,166,22195.77,,9267,979605.94000001,,545,29309.46,,,,,,,,,,,413,2182.19,220,*,,,*,,71.873913043478,,,,,249,211,,,449,,0,,411,49,0.99345054347826
1235572454,Norman,Adam,J,M.D.,I,3980a Sheridan Dr,,Amherst,NY,36,14226,1,"Metropolitan area core: primary flow within an urbanized area of 50,000 and greater",US,Internal Medicine,Claim-Specialty,2410,5317.26,270376.38,156895,265,,2084,4824.57,220566.31,143042,,228,,326,226660.03,,2057,42578.07,,27,1138.28,,2018,221777.98,,392,48598.4,,854,119273.19,,1556,151103.19,23,369.27,644,,0.95435684647303,0,0,0,,0,19,143.1,14,,0,0,,0,72.101886792453,37,119,83,26,138,127,222,22,,,,15,68,197,1.199173182075
1235587247,Thakur,Smriti,,MD,I,1302 E Main St,,Endicott,NY,36,13760,1,"Metropolitan area core: primary flow within an urbanized area of 50,000 and greater",US,Family Practice,Claim-Specialty,6384,12416.19,772175.24,350354,597,,4367,9030.83,501282,257838,,431,,923,618251.49,,5404,151078.72,,57,2845.03,,4794,574221.04,,1590,197954.2,,3658,443836.8,,2726,328338.44,398,4688.05,5892,85,6.234335839599,22,1057.71,582,,5.5276381909548,153,10884.23,94,,53,5069.19,,16,68.247906197655,166,237,144,50,361,236,496,45,11,23,0,22,284,313,1.2014576042111
1235661943,Zhu,Vivian,,M.D.,I,4802 10th Ave,,Brooklyn,NY,36,11219,1,"Metropolitan area core: primary flow within an urbanized area of 50,000 and greater",US,Internal Medicine,Claim-Specialty,5471,9759.3,943832.72,282637,662,,5304,9490.03,908549.66,274981,,644,,1048,805100.65,,4339,136827.45,,84,1904.62,,5013,858017.37,,458,85815.35,,5208,911417.03,,263,32415.69,0,0,0,0,0,0,0,0,0,,135,1327.39,105,*,,,*,,75.641993957704,18,312,217,115,374,288,,,624,,,16,612,50,1.1555457873359
1235688094,Luo,Ying,,,I,217 Grand St,401,New York,NY,36,10013,1,"Metropolitan area core: primary flow within an urbanized area of 50,000 and greater",US,Nurse Practitioner,Claim-Specialty,5605,8649.21,974451.28,249501,655,,5453,8432.04,944562.99,243308,,636,,1213,813617.44,,4289,157790,,103,3043.84,,5380,935581.36,,225,38869.92,,5445,964744.46,,160,9706.82,0,0,0,0,0,0,0,0,0,,110,675.31,93,,15,447,,11,72.906870229008,19,415,167,54,330,325,,,630,11,0,,619,36,1.3893864549597
1235711847,Li,Grace,,,I,5517 7th Ave,,Brooklyn,NY,36,11220,1,"Metropolitan area core: primary flow within an urbanized area of 50,000 and greater",US,Nurse Practitioner,Claim-Specialty,13256,16413.85,2018184.89,474875,927,,13011,16129.99,1993675.09,466795,,906,,2924,1588111.48,,10095,424283.14,,237,5790.27,,12684,1941870.31,,572,76314.58,,13071,2002502.01,,185,15682.88,,,,,,,,,,,175,8187.32,136,,15,515.62,*,,72.872707659115,21,616,211,79,485,442,,0,915,,0,,901,26,1.1028842324634
1245208065,Atalla,Nashat,S,M.D.,I,82 Holland Street,Aljhc,Rochester,NY,36,14605,1,"Metropolitan area core: primary flow within an urbanized area of 50,000 and greater",US,Internal Medicine,Claim-Specialty,7847,12882.53,781561.85,375252,370,,5553,9545.58,590179.86,278114,,270,,1054,620213.31,,6595,150195.29,,198,11153.25,,6934,715715.52,,913,65846.33,,6833,715718.65,,1014,65843.2,111,1961.84,2954,20,1.4145533324838,0,0,0,0,0,29,543.6,25,,25,449.53,*,,67.937837837838,100,175,76,19,207,163,27,195,,138,0,,308,62,1.6956258867804
1245229905,Pender,Matthew,C,MD,I,35 Gilbert St,Cambridge Medical Center,Cambridge,NY,36,12816,10,"Rural areas: primary flow to a tract outside a urbanized area of 50,000 and greater or UC",US,Internal Medicine,Claim-Specialty,17051,28688.14,1821271.37,820681,864,,14845,25402.22,1499851.52,729785,,742,,2713,1463550.71,,14093,348497.66,,245,9223,,10248,1142412.91,,6803,678858.46,,8144,888890.78,,8907,932380.59,718,87343.28,15955,114,4.2108967215999,150,72162.82,4555,17,20.891364902507,360,4942.74,184,,218,33852.39,,22,73.454861111111,122,345,264,133,436,428,819,,,,,31,271,593,1.2033308661189
1245234905,Liebers,David,M,M.D.,I,1101 Nott St,,Schenectady,NY,36,12308,1,"Metropolitan area core: primary flow within an urbanized area of 50,000 and greater",US,Infectious Disease,Claim-Specialty,343,408,402066.1,9486,64,,275,340,283721.79,7589,,52,,138,353971.97,,205,48094.13,,0,0,,256,291683.62,,87,110382.48,,79,145739.56,,264,256326.54,0,0,0,0,0,0,0,0,0,,130,69662.32,34,,0,0,,0,70.09375,12,34,,,27,37,46,11,0,,0,,14,50,2.0127108256784
1245250679,Lifshitz,Benjamin,C,MD,I,1928 Bay Ave,Flr 4,Brooklyn,NY,36,11230,1,"Metropolitan area core: primary flow within an urbanized area of 50,000 and greater",US,Internal Medicine,Claim-Specialty,7609,14138.97,877424.3,413695,535,,6815,13251.41,788400.89,389315,,477,,1193,718131.2,,6370,155614.07,,46,3679.03,,2618,316075.7,,4991,561348.6,,3700,460743.06,,3909,416681.24,21,139.32,387,,0.27598896044158,0,0,0,,0,61,1179.56,48,,50,5655.5,,14,74.089719626168,58,211,174,92,261,274,446,31,,20,,28,193,342,1.1371410127736
1245292192,Stehlik,Edward,A,"M.D., F.A.C.P.",I,1783 Colvin Blvd,,Buffalo,NY,36,14223,1,"Metropolitan area core: primary flow within an urbanized area of 50,000 and greater",US,Internal Medicine,Claim-Specialty,2740,3627.73,263493.66,99591,543,,2652,3522.73,254519.68,96743,,524,,549,232162.56,,2134,30278.36,,57,1052.74,,2186,230508.82,,554,32984.84,,260,29725.01,,2480,233768.65,22,1201.86,475,16,0.8029197080292,,,,,,77,5010.72,60,*,,,*,,75.257826887661,19,260,192,72,254,289,501,12,,,0,25,55,488,1.188514109506
1245294040,Foster,Mark,,MD,I,1323 Route 9,Suite 204,Wappingers Falls,NY,36,12590,1,"Metropolitan area core: primary flow within an urbanized area of 50,000 and greater",US,Internal Medicine,Claim-Specialty,3686,8052.59,572752.74,225009,603,,3456,7640.31,541891.97,213888,,560,,609,501315.6,,2981,68923.16,,96,2513.98,,1504,210606.82,,2182,362145.92,,364,84948.46,,3322,487804.28,91,1079.98,1714,26,2.4688008681498,,,,,,247,8340.99,164,*,,,*,,72.681592039801,43,342,162,56,305,298,528,18,14,19,0,24,59,544,0.97931810596706
1245321462,Lee,Junho,,MD,I,"38-25 Parsons Blvd. #1g",,Flushing,NY,36,11354,1,"Metropolitan area core: primary flow within an urbanized area of 50,000 and greater",US,Internal Medicine,Claim-Specialty,25279,42553,4346905.79,1260878,1058,,25207,42441.34,4342975.85,1257779,"#",,,4677,3819439,,19952,509672.07,,650,17794.72,,23477,4019909.4,,1802,326996.39,,22714,4053672.44,,2565,293233.35,0,0,0,0,0,0,0,0,0,,178,1149.17,139,*,,,*,,74.030245746692,,,,,565,493,14,,967,,0,66,809,249,1.0677386871851
1245355155,Belsare,Tara,J,MD,I,3220 Pearl St,,Endwell,NY,36,13760,1,"Metropolitan area core: primary flow within an urbanized area of 50,000 and greater",US,Psychiatry,Claim-Specialty,373,491.84,122333.63,9786,150,,237,297.84,45309.92,4363,,133,,191,107559.72,,182,14773.91,,0,0,,215,87865.21,,158,34468.42,,195,89178.9,,178,33154.73,0,0,0,0,0,0,0,0,0,,0,0,0,*,,,*,,74.02,17,60,47,26,87,63,136,,0,,0,,50,100,1.3952722099906
1245358274,Bailey,Susan,L,M.D.,I,700 Commons Way,"#227",Rochester,NY,36,14623,1,"Metropolitan area core: primary flow within an urbanized area of 50,000 and greater",US,Internal Medicine,NPPES-Specialty,20284,20290.87,5120853.6900005,23304,16005,,19181,19185.87,4877819.7900004,22017,,15229,,20206,5117920.0400005,"#",,,*,,,,16865,4234780.1000002,,3419,886073.59,,3142,762848.28,,17142,4358005.4100002,,,,,,,,,,,11,67.54,,,0,0,,0,74.091721337082,776,8049,5737,1443,9182,6823,12979,1313,,553,,851,2120,13885,0.97967722443515
1245378215,Picca,Joseph,A,MD,I,23 Ontario St,,Honeoye Falls,NY,36,14472,2,"Metropolitan area high commuting: primary flow 30% or more to a urbanized area of 50,000 and greater",US,Family Practice,Claim-Specialty,9593,19103.41,872364.51,550555,830,,8386,16932.99,731111.65,487676,,774,,1122,651800.7,,8421,210882.96,,50,9680.85,,8293,718036.52,,1300,154327.99,,1528,222220.7,,8065,650143.81,350,9778.04,7116,67,3.648493693318,27,786.52,783,,7.7142857142857,138,2144.08,102,,17,237.21,*,,73.219277108434,56,423,272,79,310,520,765,,,,,57,80,750,0.93880782334828
1245393875,Card,Andrea,D,M.D.,I,3611 21st St,,Long Island City,NY,36,11106,1,"Metropolitan area core: primary flow within an urbanized area of 50,000 and greater",US,Internal Medicine,Claim-Specialty,3921,5904.7,372321.33,174877,191,,3405,5170.31,308437.44,153510,,157,,545,313505.67,,3251,56159.94,,125,2655.72,,3616,343901.19,,305,28420.14,,3676,367668.88,,245,4652.45,,,,,,,,,,,14,227.49,12,,0,0,,0,70.246073298429,34,100,45,12,144,47,21,51,18,93,,,169,22,1.3537234923161
1245400126,Patronik,Susan,M,PA,I,3670 S Benzing Rd,,Orchard Park,NY,36,14127,1,"Metropolitan area core: primary flow within an urbanized area of 50,000 and greater",US,Physician Assistant,Claim-Specialty,2370,5002.35,182378.78,142487,444,,1967,4318.98,131717.29,123593,,386,,246,137997.89,,2097,42789.38,,27,1591.51,,1869,122131.09,,501,60247.69,,593,80304.31,,1777,102074.47,37,493.15,827,14,1.5611814345992,0,0,0,0,0,139,747.78,116,*,,,*,,71.256756756757,58,238,113,35,276,168,420,,0,,0,17,80,364,1.0482196252403
1245401033,Pan,Yann Yi,,MD,I,Stony Brook University Hospital,Health Science Ctr L4,Stony Brook,NY,36,11794,1,"Metropolitan area core: primary flow within an urbanized area of 50,000 and greater",US,Family Practice,Claim-Specialty,4787,12564.15,164090.9,363988,707,,4665,12334.84,160726.4,357775,,686,,334,92992.88,,4414,69886.549999999,,39,1211.47,"#",,,*,,,,639,36759.12,,4148,127331.78,196,2427.51,2951,58,4.0944223939837,25,381.94,472,,12.755102040816,130,1470.39,108,,0,0,,0,74.220650636492,21,370,260,56,463,244,138,39,282,196,0,52,74,633,0.92042771986126
1245408129,Qureshi,Shoaib,W,R.PH.,I,440 Sunrise Hwy,,Patchogue,NY,36,11772,1,"Metropolitan area core: primary flow within an urbanized area of 50,000 and greater",US,Pharmacist,NPPES-Taxonomy,21,21,3849.24,21,16,"#",,,,,"#",,,21,3849.24,,0,0,,0,0,"#",,,*,,,*,,,"#",,,0,0,0,0,0,0,0,0,0,,0,0,0,*,,,*,,73.3125,,,,,,,15,,,0,0,0,,,1.507875
1245412345,Gorelik,Vyacheslav,,PHARMACIST,I,4 Park Ave,,New York,NY,36,10016,1,"Metropolitan area core: primary flow within an urbanized area of 50,000 and greater",US,Pharmacist,NPPES-Taxonomy,13,13,3999.23,13,13,,13,13,3999.23,13,,13,,13,3999.23,,0,0,,0,0,*,,,*,,,*,,,"#",,,0,0,0,0,0,0,0,0,0,,0,0,0,,0,0,,0,74.615384615385,0,,,0,,,,0,0,,0,,,,1.2229230769231
1245450204,Hou,Steve,,"M.D.,",I,3916 Prince St Ste 155,,Flushing,NY,36,11354,1,"Metropolitan area core: primary flow within an urbanized area of 50,000 and greater",US,Internal Medicine,Claim-Specialty,9984,16186.51,1338694.88,468029,458,,9856,15992.01,1327845.03,462534,"#",,,1655,1094652.17,,8031,233545.73,,298,10496.98,,9391,1258389.84,,593,80305.04,,9642,1324872.96,,342,13821.92,,,,,,,,,,,213,1295.16,144,*,,,*,,72.286026200873,,,,,235,223,,,436,,0,,412,46,1.1023694208523
1245476225,Ruggiero,Linda,E,RPH,I,26 W Merritt Blvd,,Fishkill,NY,36,12524,1,"Metropolitan area core: primary flow within an urbanized area of 50,000 and greater",US,Pharmacist,NPPES-Taxonomy,73,73,15208.71,73,58,"#",,,,,"#",,,73,15208.71,,0,0,,0,0,,59,12270.38,,14,2938.33,,25,5041.03,,48,10167.68,0,0,0,0,0,0,0,0,0,,0,0,0,*,,,*,,70.137931034483,,,,,42,16,38,12,,,0,0,12,46,1.2012543103448
1245518463,Jafri,Mikram,,MD,I,40 Andriana Ln,,Albany,NY,36,12204,1,"Metropolitan area core: primary flow within an urbanized area of 50,000 and greater",US,Internal Medicine,Claim-Specialty,14590,14747.22,1250122.64,316814,819,,12162,12306.93,923383.35,266497,,730,,3226,922348.64,,11184,316694.94,,180,11079.06,,8818,805075.09,,5772,445047.55,,13203,1162186.86,,1387,87935.78,336,11442.06,4223,130,2.3029472241261,36,6800.27,631,12,10.714285714286,470,49020.06,207,,611,54946.89,,124,77.089133089133,89,233,271,226,460,359,731,56,,19,,11,646,173,2.7105097818363
1245519800,Reddington,Madonna,M,FNP,I,3900 N Buffalo St,,Orchard Park,NY,36,14127,1,"Metropolitan area core: primary flow within an urbanized area of 50,000 and greater",US,Nurse Practitioner,Claim-Specialty,7374,7382.55,623025.16,163344,214,,6244,6249.65,525616.36,138900,,184,,1276,435548.92,,6060,185937.93,,38,1538.31,,4569,381155.47,,2805,241869.69,,6943,595460.03,,431,27565.13,264,5434.85,3805,56,3.580146460537,,,,,,358,33974.9,106,,234,26609.59,,42,76.336448598131,30,69,59,56,121,93,192,,,,,,179,35,2.3072002712584
1245627892,Dormevil,Raymond,,M.D,I,2125 Nostrand Ave,,Brooklyn,NY,36,11210,1,"Metropolitan area core: primary flow within an urbanized area of 50,000 and greater",US,Family Practice,Claim-Specialty,7823,17957.29,415577.63,519265,676,,6343,14957.52,286935.78,434144,,579,,899,291417.31,,6798,120957.08,,126,3203.24,,7755,410219.2,,68,5358.43,,2707,178901.56,,5116,236676.07,271,4657.58,5169,57,3.4641441902084,,,,,,66,738.83,49,,26,466.25,*,,70.985207100592,97,386,152,41,283,393,67,546,24,21,,,156,520,1.0956866241156
1245650308,Orellana-Matta,Maria,,M.D.,I,301 Connecticut St,,Buffalo,NY,36,14201,1,"Metropolitan area core: primary flow within an urbanized area of 50,000 and greater",US,Family Practice,Claim-Specialty,4234,6675.59,542774.39,196106,226,,3191,5105.01,368236.86,150184,,172,,683,468993.03,,3465,68099.92,,86,5681.44,,3594,443138.05,,640,99636.34,,3512,487897.05,,722,54877.34,20,620.02,383,,0.4723665564478,0,0,0,,0,19,267.32,14,,0,0,,0,69.247787610619,54,101,57,14,144,82,62,34,,123,0,,169,57,1.4759333743046
1245677426,Diaz,Luis,D,M.D.,I,6 Wellness Way Ste 106,,Latham,NY,36,12110,1,"Metropolitan area core: primary flow within an urbanized area of 50,000 and greater",US,Family Practice,Claim-Specialty,6441,13783.02,722622.75,392177,734,,5549,12441.2,664812.94,359047,,661,,741,568798.17,,5597,150705.75,,103,3118.83,,4397,486346.43,,2044,236276.32,,1587,161959.92,,4854,560662.83,137,2281.98,3090,52,2.1269989132122,17,454.19,451,,12.408759124088,141,1420.32,107,,26,792.88,*,,73.16485013624,73,343,231,87,378,356,647,13,,44,,18,127,607,1.0366997956545
1245791854,Goyal,Shreya,,MD,I,919 3rd Ave,,New York,NY,36,10022,1,"Metropolitan area core: primary flow within an urbanized area of 50,000 and greater",US,Internal Medicine,Claim-Specialty,1319,2425.08,109535.49,65672,292,,1259,2344.58,93869.78,63754,,277,"#",,,,1140,17801.96,*,,,"#",,,*,,,,357,37783.89,,962,71751.6,48,228.86,857,22,3.6391205458681,0,0,0,0,0,87,714.42,75,*,,,*,,73.510273972603,15,156,95,26,183,109,71,97,,110,0,,43,249,1.2471812291372
1245849074,Meehan,Alexandra,M,FNP-C,I,433 River Street Suite 3000,Home Visiting Continuing Care,Troy,NY,36,12180,1,"Metropolitan area core: primary flow within an urbanized area of 50,000 and greater",US,Nurse Practitioner,NPPES-Specialty,2498,2498,227942.61,54872,148,,2321,2321,212351.6,50294,"#",,"#",,,,1863,56429.46,*,,,,2449,218500.62,,49,9441.99,,2484,227294.04,,14,648.57,179,6278.65,3865,43,7.1657325860689,38,2606.79,1109,,21.22905027933,98,14288.66,43,,79,2379.4,*,,83.587837837838,,,,,106,42,140,,,,0,0,,,2.8842761877949
1245884485,Liu,Hui-Ju,,,I,139 Centre St Ste 709,,New York,NY,36,10013,1,"Metropolitan area core: primary flow within an urbanized area of 50,000 and greater",US,Nurse Practitioner,Claim-Specialty,5044,8923.19,970013.67,254728,830,,4937,8732.12,940416.29,249276,,810,,1249,812283.52,,3691,155379.01,,104,2351.14,,4701,903956.87,,343,66056.8,,4814,937445,,230,32568.67,0,0,0,0,0,0,0,0,0,,102,1024.39,87,*,,,*,,75.186746987952,20,436,246,128,450,380,,,793,11,0,21,766,64,1.1381655900398
1255008140,Zhang,Beibei,,NP,I,763 56th St,,Brooklyn,NY,36,11220,1,"Metropolitan area core: primary flow within an urbanized area of 50,000 and greater",US,Nurse Practitioner,NPPES-Specialty,923,1179.01,120298.76,33875,141,"#",,,,,"#",,,189,103715.24,,722,15981.61,,12,601.91,,873,115494.67,,50,4804.09,,854,115084.75,,69,5214.01,,,,,,,,,,,26,283.94,21,*,,,*,,72.120567375887,,,,,70,71,,,135,0,0,0,121,20,0.9490879945888
1255051462,Dimezzo,Aaron,T,,I,602 Nottingham Rd,,Syracuse,NY,36,13224,1,"Metropolitan area core: primary flow within an urbanized area of 50,000 and greater",US,Pharmacist,NPPES-Taxonomy,33,33,8439.65,41,33,"#",,,,,"#",,,32,8437.01,*,,,"#",,,,15,3964.89,,18,4474.76,*,,,"#",,,0,0,0,0,0,0,0,0,0,,0,0,0,*,,,*,,73.848484848485,,,,,17,16,27,,,0,0,0,,,0.84569696969697
1255313391,Stahl,David,,M.D.,I,21 N Main St,,Middleport,NY,36,14105,7,"Small town core: primary flow within an urban cluster of 2,500 to 9,999",US,Internal Medicine,Claim-Specialty,23839,40230.78,1779071.84,1172714,1131,,22526,38360.15,1646029.29,1119073,,1057,,2341,1403979.74,,21199,359606.04,,299,15486.06,,19077,1329845.06,,4762,449226.78,,5183,468683.59,,18656,1310388.25,1111,54742.17,28894,218,4.6604303871807,102,31149.17,2958,13,9.1809180918092,583,6566.58,328,,139,4850.69,,27,74.74801061008,74,484,418,155,565,566,1074,,0,,,43,180,951,1.1751800607818
1255314456,Symons,Nicole,L,MD,I,325 Essjay Rd,Suite 110,Williamsville,NY,36,14221,1,"Metropolitan area core: primary flow within an urbanized area of 50,000 and greater",US,Family Practice,Claim-Specialty,2892,7137.88,234766.95,210448,308,,2795,6914.31,221520.83,203873,"#",,,416,178596.51,,2431,55151,,45,1019.44,,2171,158645.61,,721,76121.34,,247,49342.33,,2645,185424.62,,,,,,,,,,,18,339.55,16,,0,0,*,,75.63961038961,,,,,264,44,282,14,,,0,11,22,286,1.0167687229437
1255315776,Su,Amy,,MD PHD,I,3916 Prince St Ste 155,,Flushing,NY,36,11354,1,"Metropolitan area core: primary flow within an urbanized area of 50,000 and greater",US,Internal Medicine,Claim-Specialty,7773,12052.26,1137017.77,350392,431,,7741,12008.59,1135050.3,349174,"#",,,1387,944581.55,,6208,187376.72,,178,5059.5,,7496,1073317.06,,277,63700.71,,7482,1119129.05,,291,17888.72,,,,,,,,,,,124,693.27,96,,15,247.99,*,,72.090487238979,,,,,222,209,,,409,,0,11,393,38,1.1101568356194
1255320800,Strongwater,Richard,,M.D.,I,180 Marble Ave,,Pleasantville,NY,36,10570,1,"Metropolitan area core: primary flow within an urbanized area of 50,000 and greater",US,Family Practice,Claim-Specialty,7476,14135.96,816635.86,413350,536,,7179,13638.83,777847.66,399133,,514,,1008,635464.89,,6406,177795.24,,62,3375.73,,2132,237315.01,,5344,579320.85,,3685,368038.31,,3791,448597.55,65,1533.76,1471,21,0.86944890315677,16,777.92,480,,24.615384615385,194,32280.21,125,,16,390.98,*,,79.320895522388,22,151,198,165,318,218,472,,21,12,,25,162,374,1.2141100050978
1255335907,Elmer,Thomas,R,MD,I,2825 Niagara Falls Blvd,Ste 130,Amherst,NY,36,14228,1,"Metropolitan area core: primary flow within an urbanized area of 50,000 and greater",US,Ophthalmology,Claim-Specialty,904,1421.1,170746.8,38006,359,,851,1347.6,166034.41,36358,,343,"#",,,,455,24400.41,*,,,,688,122759.61,,216,47987.19,,181,28608.11,,723,142138.69,0,0,0,0,0,0,0,0,0,,,,,,0,0,,0,74.537604456825,16,169,133,41,216,143,322,19,,,0,12,49,310,1.1370648843076
1255341723,Chiang,Chien,,M.D.,I,109 Lafayette St,Suite 701,New York,NY,36,10013,1,"Metropolitan area core: primary flow within an urbanized area of 50,000 and greater",US,Internal Medicine,Claim-Specialty,9431,12672.23,1295758.65,362648,498,,9232,12450.23,1249281.03,356276,,485,,1437,999620.02,,7847,293256.56,,147,2882.07,,8105,1103890.74,,1326,191867.91,,8160,1198914.05,,1271,96844.6,0,0,0,0,0,0,0,0,0,,196,1297.15,128,,11,78.33,*,,73.684738955823,13,289,144,52,256,242,,,470,,0,13,344,154,0.94599038672012
1255375093,Timpone,Leonard,,M.D.,I,1051 Adams Ave,,Franklin Square,NY,36,11010,1,"Metropolitan area core: primary flow within an urbanized area of 50,000 and greater",US,Internal Medicine,Claim-Specialty,11270,19908.78,828085.01,566799,839,,10655,19062.61,789421.66,543646,,800,,1280,611824.83,,9925,212417.53,,65,3842.65,,4247,325318.53,,7023,502766.48,,5904,439181.89,,5366,388903.12,95,1029.43,1464,62,0.84294587400177,0,0,0,0,0,265,73477.43,128,,164,9508.77,,26,78.49463647199,39,260,300,240,518,321,625,115,19,43,0,37,282,557,1.454603020504
1255386710,Krieger,Sharon,,MD,I,90 S Bedford Rd,Care Mount Medical Pc,Mount Kisco,NY,36,10549,1,"Metropolitan area core: primary flow within an urbanized area of 50,000 and greater",US,Internal Medicine,Claim-Specialty,6800,16281.01,624089.37,474086,764,,6682,16096.01,605738.79,468655,,751,,601,463291.71,,6115,159645.19,,84,1152.47,,2069,231177.12,,4731,392912.25,,278,40380.4,,6522,583708.97,25,317.59,328,15,0.36764705882353,0,0,0,0,0,152,4926.14,115,*,,,*,,74.95942408377,13,385,273,93,584,180,677,,13,15,,55,36,728,0.92328801313527
1174701627,Varlaro,Laura,M,RPA-C,I,45 Foster Rd,,Hopewell Junction,NY,36,12533,1,"Metropolitan area core: primary flow within an urbanized area of 50,000 and greater",US,Physician Assistant,Claim-Specialty,4471,9343.53,449542.65,272822,650,,3995,8592.48,380271.79,251477,,574,,489,367753.57,,3950,80935.92,,32,853.16,,1997,182135.53,,2474,267407.12,,816,97977.29,,3655,351565.36,86,2923.52,2188,29,1.9235070454037,,,,,,179,4640.44,136,,28,1068.78,*,,73.004615384615,76,305,189,80,442,208,557,30,,30,,24,103,547,1.1528725023245
1174751135,Minzer,David,,D.O.,I,1486 E 33rd St,,Brooklyn,NY,36,11234,1,"Metropolitan area core: primary flow within an urbanized area of 50,000 and greater",US,Family Practice,Claim-Specialty,7338,13129.34,1152690.79,388477,404,,6122,11733.91,1045624.97,347441,,340,,1204,965390.19,,6081,186279.55,,53,1021.05,,2464,560112.72,,4874,592578.07,,4871,838667.75,,2467,314023.04,21,131.93,324,,0.28618152085037,0,0,0,,0,37,18076.58,27,,15,3269.31,*,,72.55198019802,64,176,104,60,229,175,263,83,,28,,25,189,215,1.0838088381089
1174755581,Gonzalez Suarez,Claudia,M,MD,I,1033 Pittsford Palmyra Rd,,Macedon,NY,36,14502,1,"Metropolitan area core: primary flow within an urbanized area of 50,000 and greater",US,Internal Medicine,NPPES-Specialty,9671,10953.98,631978.4,224811,235,,9273,10475.85,549257.24,212976,,223,,1172,347171.77,,8424,281829.02,,75,2977.61,"#",,,*,,,,9443,625737.58,,228,6240.82,118,3285.42,1852,34,1.2201426946541,15,2349.57,362,,12.71186440678,120,2810.23,59,,147,20385.41,,23,80.36170212766,12,64,65,94,181,54,168,29,,31,,,,,2.8331042538614
1174767420,Bhashyam,Sandeep,R,M.D.,I,101 Nicolls Road,Hsc T16-020,Stony Brook,NY,36,11794,1,"Metropolitan area core: primary flow within an urbanized area of 50,000 and greater",US,Internal Medicine,NPPES-Specialty,183,293.14,48821.54,6334,96,,110,146,32924.32,2229,,78,,100,47513.63,"#",,,*,,,,158,43959.14,,25,4862.4,,135,38810.85,,48,10010.69,,,,,,,,,,,0,0,0,,0,0,,0,71.447916666667,18,45,,,52,44,56,13,,19,0,,56,40,1.5016021795419
1174779359,Guzhva,Olena,,MD,I,60 Queens St,Ste 100,Syosset,NY,36,11791,1,"Metropolitan area core: primary flow within an urbanized area of 50,000 and greater",US,Rheumatology,Claim-Specialty,28910,29202.77,1401435.62,473632,839,,27237,27526.77,1315878.5,451919,,801,,4137,971298.13,,24738,427017.69,,35,3119.8,,5998,303296.02,,22912,1098139.6,,24932,1151202.61,,3978,250233.01,129,4319.05,2217,50,0.44621238325839,25,3486.4,589,,19.37984496124,365,30111.25,231,,396,10556.78,,38,82.815256257449,38,148,226,427,557,282,736,33,21,37,0,12,438,401,2.4578033733711
1174781892,Cobb,Timothy,P,D.O.,I,2949 Rt 370,,Cato,NY,36,13033,2,"Metropolitan area high commuting: primary flow 30% or more to a urbanized area of 50,000 and greater",US,Emergency Medicine,Claim-Specialty,3221,6375.79,339687.75,179304,502,,2868,5727.99,305445.09,161594,,448,,465,298681.08,,2719,38867.33,,37,2139.34,,2553,283694.49,,668,55993.26,,837,79349.44,,2384,260338.31,82,786.57,1272,33,2.5457932319156,0,0,0,0,0,210,2063.48,144,*,,,*,,73.09561752988,54,225,161,62,256,246,473,,,,,15,126,376,1.3831823070842
1174806061,Dilodilo,Smitha,M,PHARMACY DOCTORATE,I,93 Forest Avenue,,Glen Cove,NY,36,11542,1,"Metropolitan area core: primary flow within an urbanized area of 50,000 and greater",US,Pharmacist,NPPES-Taxonomy,32,32,7244.97,32,31,,32,32,7244.97,32,,31,,32,7244.97,,0,0,,0,0,*,,,"#",,,*,,,"#",,,0,0,0,0,0,0,0,0,0,,0,0,0,,0,0,,0,72.774193548387,0,19,,,15,16,19,,0,,0,0,,,1.0135483870968
1174866859,Chang,Wan Tan,,M.D.,I,3808 Union St Ste 3k,,Flushing,NY,36,11354,1,"Metropolitan area core: primary flow within an urbanized area of 50,000 and greater",US,Family Practice,Claim-Specialty,2662,3812.84,294250.67,104193,188,,2627,3759.84,293471.56,103077,,169,,446,233084.74,,2155,60467.51,,61,698.42,,2574,290487.96,,88,3762.71,,2507,291942.99,,155,2307.68,0,0,0,0,0,0,0,0,0,,107,851.31,68,,0,0,,0,70.675531914894,19,109,44,16,125,63,33,26,79,44,,,128,60,1.2343886506743
1174936991,Reisinger,Nicholas,G,PHARMD,I,1433 Culver Rd,,Rochester,NY,36,14609,1,"Metropolitan area core: primary flow within an urbanized area of 50,000 and greater",US,Pharmacist,NPPES-Taxonomy,684,689,180068.37,979,566,"#",,,,,"#",,,684,180068.37,,0,0,,0,0,,391,101742.2,,293,78326.17,*,,,"#",,,0,0,0,0,0,0,0,0,0,,0,0,0,*,,,*,,72.828621908127,,,,,300,266,522,,,12,0,30,,,1.1174952821054
1184020315,Bong,Wai Loon,,P.A,I,13811 63rd Ave,,Flushing,NY,36,11367,1,"Metropolitan area core: primary flow within an urbanized area of 50,000 and greater",US,Physician Assistant,NPPES-Specialty,8581,12769.05,2671019.61,368251,562,,8236,12298.92,2602173.12,354674,,537,,1944,1878059.62,,6481,788860.13,,156,4099.86,,7362,2214492.26,,1219,456527.35,,7223,2422135.25,,1358,248884.36,,,,,,,,,,,235,14804.14,151,,87,7738.82,,19,75.932384341637,25,253,173,111,294,268,32,22,454,31,0,23,385,177,1.550967036931
1184021750,Penik,Dana,,NP,I,115 Saratoga Rd,Suite 200,Glenville,NY,36,12302,1,"Metropolitan area core: primary flow within an urbanized area of 50,000 and greater",US,Nurse Practitioner,Claim-Specialty,3874,7441.91,367043.36,217253,421,,3374,6739.77,324901.7,196793,,374,,441,296311.42,,3381,68855.26,,52,1876.68,,2726,245504.1,,1148,121539.26,,1122,116119.98,,2752,250923.38,95,2177.63,2567,39,2.4522457408363,,,,,,65,545.33,51,,16,492.85,*,,73.985748218527,47,168,131,75,268,153,370,16,,,,18,105,316,1.1226266596056
1184043705,Arabov,Yosif,,PA,I,119 03 101st Avenue,,Richmond Hill,NY,36,11419,1,"Metropolitan area core: primary flow within an urbanized area of 50,000 and greater",US,Physician Assistant,Claim-Specialty,11698,11769.52,888930.83,326467,478,,9685,9751.71,624707.08,270197,,405,,1434,646364.66,,10064,233552.26,,200,9013.91,,3395,296482.11,,8303,592448.72,,11355,876428.95,,343,12501.88,330,12152.93,8674,58,2.8209950418875,14,2206.18,420,,4.2424242424242,263,4437.37,181,,74,4164.29,,16,73.083682008368,73,182,165,58,246,232,228,93,35,98,,,357,121,1.9905413541247
1184043713,Komal,Stephanie,,PHARMD,I,315 North End Ave,,New York,NY,36,10282,1,"Metropolitan area core: primary flow within an urbanized area of 50,000 and greater",US,Pharmacist,NPPES-Taxonomy,29,29,8329.94,29,28,"#",,,,,"#",,,29,8329.94,,0,0,,0,0,*,,,"#",,,*,,,"#",,,0,0,0,0,0,0,0,0,0,,0,0,0,*,,,*,,74.5,,,,,15,13,23,0,,,0,,,,1.0348392857143
1184076507,Ratnasingam,Shamanthy,,M.D,I,82 Copeland Ave,,Homer,NY,36,13077,4,"Micropolitan area core: primary flow within an urban cluster of 10,000 to 49,999",US,Internal Medicine,Claim-Specialty,6021,12820.48,691991.29,373405,715,,5003,11166.6,592967.55,326276,,620,,781,573499.86,,5124,113747.25,,116,4744.18,,3399,381643.28,,2622,310348.01,,2281,299432.82,,3740,392558.47,103,1279.01,2226,40,1.7106792891546,0,0,0,0,0,138,3637.33,99,,14,257.29,*,,73.630769230769,95,289,225,106,456,259,669,,,,,25,220,495,1.2939744585601
1184150567,Correia-Staudt,Kayla,L,,I,959 Panorama Trl S Ste 100,,Rochester,NY,36,14625,1,"Metropolitan area core: primary flow within an urbanized area of 50,000 and greater",US,Internal Medicine,Claim-Specialty,3508,8335.38,288898.42,245081,435,,3241,7821.31,262300.47,230351,,398,,376,203419.71,,3089,84438.1,,43,1040.61,,3113,242583.91,,395,46314.51,,480,66800.18,,3028,222098.24,84,1818.79,2302,21,2.3945267958951,0,0,0,0,0,48,513.07,25,*,,,*,,71.225287356322,37,273,97,28,236,199,380,16,,,,31,49,386,0.93282181462861
1184216210,Roberts,Shawn,,PHARMD,I,205 Prospect Park W,,Brooklyn,NY,36,11215,1,"Metropolitan area core: primary flow within an urbanized area of 50,000 and greater",US,Pharmacist,NPPES-Taxonomy,36,36,9132.27,36,34,"#",,,,,"#",,,36,9132.27,,0,0,,0,0,*,,,"#",,,*,,,"#",,,0,0,0,0,0,0,0,0,0,,0,0,0,*,,,*,,73.676470588235,,,,,19,15,25,0,,,0,,,,0.839589571927
1184231797,Chen,Tingting,,NP,I,5618 7th Ave Brooklyn,,New York,NY,36,11220,1,"Metropolitan area core: primary flow within an urbanized area of 50,000 and greater",US,Nurse Practitioner,NPPES-Specialty,895,1618.76,183392.51,44235,163,"#",,,,,"#",,,233,159622.45,,639,23249.72,,23,520.34,"#",,,*,,,,866,182081.97,,29,1310.54,0,0,0,0,0,0,0,0,0,,33,188.53,28,*,,,*,,70.815950920245,,,,,78,85,0,0,160,,0,,,,1.0129212678937
1184621062,Cantwell,Cynthia,M,FNP,I,2 Titus Place,,Walton,NY,36,13856,7,"Small town core: primary flow within an urban cluster of 2,500 to 9,999",US,Nurse Practitioner,Claim-Specialty,3697,7887.2,442410.89,227031,351,,3188,7021.83,370455.96,202702,,300,,522,366572.54,,3147,74521.88,,28,1316.47,,2433,268587.95,,1264,173822.94,,1358,205196.69,,2339,237214.2,168,5090.79,4574,33,4.5442250473357,14,1452.5,420,,8.3333333333333,169,1977.04,107,*,,,*,,71.62962962963,51,169,102,29,253,98,330,,0,11,,,96,255,0.97549197099197
1184627358,Bergin,Margaret,M,MD,I,2300 W Jefferson Rd Ste 400,,Pittsford,NY,36,14534,1,"Metropolitan area core: primary flow within an urbanized area of 50,000 and greater",US,Internal Medicine,Claim-Specialty,10055,20067.04,630516.68,590131,685,,9774,19621.65,603364.92,577184,,662,,1055,453563.19,,8933,173147.66,,67,3805.83,,8898,562078.29,,1157,68438.39,,1013,90893.4,,9042,539623.28,79,1073.97,1878,25,0.7856787667827,,,,,,97,1415.59,76,*,,,*,,75.021897810219,23,325,249,88,450,235,571,58,,,,36,54,631,0.98611493946528
1184645095,Athyal,Vidush,P,"MD, MPH",I,777 Clinton Ave S,Suite 500,Rochester,NY,36,14620,1,"Metropolitan area core: primary flow within an urbanized area of 50,000 and greater",US,Family Practice,Claim-Specialty,6106,12882.81,276720.6,336083,1450,,5885,12514.81,256037.03,326761,,1403,,1055,175267.72,,4985,99784.520000001,,66,1668.36,,6057,273261.01,,49,3459.59,,629,52646.07,,5477,224074.53,357,8535.33,8983,69,5.8467081559122,58,1480.46,1431,,16.24649859944,929,9287.2799999999,818,*,,,*,,73.251034482759,47,844,466,93,802,648,811,103,284,159,,,91,1359,0.8749219736352
1184652067,Wildfeuer,Olga,,MD,I,55 Greene Ave,,Brooklyn,NY,36,11238,1,"Metropolitan area core: primary flow within an urbanized area of 50,000 and greater",US,Internal Medicine,Claim-Specialty,11681,12202.72,3105320.12,353404,176,,7606,8038.57,1767382.62,232669,,124,,2864,2891757.25,,8503,191345.27,,314,22217.6,,10678,2803990.99,,1003,301329.13,,11317,3024913.67,,364,80406.45,0,0,0,0,0,0,0,0,0,,177,17847.02,66,,104,8858.09,,11,68.522727272727,52,82,,,98,78,13,73,,87,,0,161,15,1.4844086174242
1184717308,Deluca,Joseph,P,MD,I,Mmg - Chcc,305 East 161st Street,Bronx,NY,36,10451,1,"Metropolitan area core: primary flow within an urbanized area of 50,000 and greater",US,Internal Medicine,Claim-Specialty,4117,7116.91,807659.61,209368,406,,3237,5884.1,485580.65,173590,,332,,807,720628.32,,3158,83283.13,,152,3748.16,,3670,752659.52,,447,55000.09,,3524,743872.42,,593,63787.19,58,678.57,1368,25,1.4087928102988,,,,,,23,155.41,,,0,0,,0,71.465517241379,74,179,110,43,263,143,31,142,,223,0,,321,85,1.663033016443
1184729113,Oltean,Ion,,MD,I,4402 Francis Lewis Blvd,Suite A,Bayside,NY,36,11361,1,"Metropolitan area core: primary flow within an urbanized area of 50,000 and greater",US,Internal Medicine,Claim-Specialty,19186,25110.72,1536560.3,554056,1527,,17807,23629.34,1448598.9,526610,,1430,,3394,1110511.07,,15641,415060.52,,151,10988.71,,8367,768053.29,,10819,768507.01,,14950,1171814.03,,4236,364746.27,96,1526.33,1311,37,0.50036484936933,,,,,,1548,72104.25,541,,436,43170.2,,136,79.102815979044,97,386,565,479,973,554,1060,163,87,163,0,54,997,530,2.2163643395927
1184783268,Asghar,Muhammad,,R PH,I,8120 Roosevelt Ave,,Jackson Heights,NY,36,11372,1,"Metropolitan area core: primary flow within an urbanized area of 50,000 and greater",US,Pharmacist,NPPES-Taxonomy,17,17,3465.57,108,15,,17,17,3465.57,108,,15,,16,3455.57,"#",,,*,,,"#",,,*,,,*,,,*,,,0,0,0,0,0,0,0,0,0,,0,0,0,,0,0,,0,74.2,0,,,,,,0,0,0,15,0,0,,,1.0975333333333
1184786949,Degliuomini,Salvatore,J,M.D.,I,7220 17th Ave,,Brooklyn,NY,36,11204,1,"Metropolitan area core: primary flow within an urbanized area of 50,000 and greater",US,Internal Medicine,Claim-Specialty,2184,4846.1,318858.18,139961,313,,2131,4749.1,313025.14,137103,"#",,,480,278263.06,,1684,39828.72,,20,766.4,,778,116913.39,,1406,201944.79,,464,97488.76,,1720,221369.42,12,371.89,337,,0.54945054945055,0,0,0,,0,23,260.92,15,,0,0,*,,74.396166134185,,,,,171,142,227,30,,26,,24,40,273,0.95801559412395
1184794356,Baccellieri,Angelo,,MD,I,Mmc - Emergency Medicine,111 East 210th Street,Bronx,NY,36,10467,1,"Metropolitan area core: primary flow within an urbanized area of 50,000 and greater",US,Emergency Medicine,Claim-Specialty,513,559,118168.84,4145,419,,485,531,116178.44,3782,,401,,413,116062.81,"#",,,*,,,,88,15345.98,,425,102822.86,,67,3903.48,,446,114265.36,0,0,0,0,0,0,0,0,0,,25,160.58,24,,0,0,,0,78.27923627685,18,125,167,109,270,149,357,14,,19,,24,32,387,1.096360610576
1184843138,Wands,Ann,,D.O.,I,6950 S Transit Rd,,Lockport,NY,36,14094,2,"Metropolitan area high commuting: primary flow 30% or more to a urbanized area of 50,000 and greater",US,Family Practice,Claim-Specialty,3373,6883.03,330777.33,199381,501,,3004,6262.56,275869.06,181296,,461,,448,277277.16,,2886,52451.45,,39,1048.72,,2583,258945.05,,790,71832.28,,811,104361.69,,2562,226415.64,108,2117.18,2671,48,3.2018974206937,0,0,0,0,0,93,559.11,72,*,,,*,,73.702594810379,40,245,159,57,395,106,421,53,,,0,16,87,414,1.1709306013121
1184891624,Vohra,Anuj,,DO,I,484 Temple Hill Rd,Suite 102,New Windsor,NY,36,12553,1,"Metropolitan area core: primary flow within an urbanized area of 50,000 and greater",US,Emergency Medicine,Claim-Specialty,27597,27625,7376103.9700001,33921,22564,,26509,26530,7138655.91,31459,,21761,,27425,7371746.2200001,,172,4357.75,,0,0,,17652,4660080.0099998,,9945,2716023.96,,7052,1796736.64,,20545,5579367.33,,,,,,,,,,,42,884.25,38,*,,,*,,75.241092004964,803,10018,9296,2447,12973,9591,18676,977,,1252,,1100,5567,16997,1.1107887287515
1184891848,Yang,Jun,,M.D.,I,13443 Maple Ave,C1d,Flushing,NY,36,11355,1,"Metropolitan area core: primary flow within an urbanized area of 50,000 and greater",US,Internal Medicine,Claim-Specialty,25848,29601.34,2643837.18,855721,490,,24918,28534.94,2521845.63,824616,,477,,4192,2089360.08,,21252,545269.84,,404,9207.26,,25166,2591537.28,,682,52299.9,,25417,2621004.91,,431,22832.27,,,,,,,,,,,678,4664.85,298,,350,6375.88,,65,70.40612244898,13,387,75,15,238,252,,,473,,0,11,471,19,1.0876291059477
1184946097,Nghiem,Xuan Uyen,T,PHARMD,I,291 W Ferry St,,Buffalo,NY,36,14213,1,"Metropolitan area core: primary flow within an urbanized area of 50,000 and greater",US,Pharmacist,NPPES-Taxonomy,38,38,10442.78,38,35,"#",,,,,"#",,,38,10442.78,,0,0,,0,0,*,,,"#",,,*,,,"#",,,0,0,0,0,0,0,0,0,0,,0,0,0,*,,,*,,72.714285714286,,,,,21,14,27,,,0,0,,,,0.71825714285714
1194059899,Mena Hernandez,Herbert,M,MD,I,2100 White Plains Rd,,Bronx,NY,36,10462,1,"Metropolitan area core: primary flow within an urbanized area of 50,000 and greater",US,Family Practice,Claim-Specialty,12410,22589.15,1503169.45,661638,607,,10635,19769.37,1199087.47,580850,,524,,1838,1268938.91,,10279,225791.22,,293,8439.32,,11393,1386240.23,,1017,116929.22,,10294,1350854.08,,2116,152315.37,187,2116.86,4135,34,1.5068493150685,0,0,0,0,0,89,418.17,63,,20,140.5,*,,72.673805601318,83,254,191,79,395,212,37,72,16,470,,,456,151,1.3818312425431
1194105817,Sarfaraz,Anam,,M.D.,I,1991 Marcus Ave,2nd Floor,New Hyde Park,NY,36,11042,1,"Metropolitan area core: primary flow within an urbanized area of 50,000 and greater",US,Family Practice,Claim-Specialty,2972,6919.35,305825.04,201346,401,,2807,6508.75,277054.59,189299,,378,,439,241634.01,,2483,61988.64,,50,2202.39,,2208,230396.46,,764,75428.58,,879,121851.13,,2093,183973.91,,,,,,,,,,,66,449.37,57,*,,,*,,76.087281795511,23,163,132,83,248,153,146,92,71,61,,,96,305,1.3278989316065
1194188474,Mays,Daniel,,M.D.,I,17 E 102nd St,,New York,NY,36,10029,1,"Metropolitan area core: primary flow within an urbanized area of 50,000 and greater",US,Internal Medicine,Claim-Specialty,1559,2983.44,462915.31,85161,145,,1240,2501.11,369597.52,71790,,120,"#",,,,988,25053.58,*,,,,900,210841.24,,659,252074.07,,1197,350089.85,,362,112825.46,22,612.18,543,13,1.4111610006414,0,0,0,0,0,27,18024.57,16,,0,0,,0,70.648275862069,25,71,37,12,81,64,,0,0,0,132,,104,41,1.4531175409012
1194211979,Gutierrez,Alejandro,,MD,I,2201 Hempstead Tpke,,East Meadow,NY,36,11554,1,"Metropolitan area core: primary flow within an urbanized area of 50,000 and greater",US,Internal Medicine,NPPES-Specialty,9687,16696.38,470430.36,472118,1252,,9110,15755.65,429576.79,446272,,1182,,1321,439918.61,,8254,29424.04,,112,1087.71,,9575,468861.09,,112,1569.27,,6962,370629.93,,2725,99800.43,92,132.87,986,62,0.94972643749355,0,0,0,0,0,107,409.61,76,,60,80.91,,26,76.506389776358,70,462,454,266,687,565,60,14,,1172,0,,842,410,1.9462818852007
1194238105,Sakhareliya,Nehalben,G,FNP,I,3071 Perry Ave,,Bronx,NY,36,10467,1,"Metropolitan area core: primary flow within an urbanized area of 50,000 and greater",US,Nurse Practitioner,Claim-Specialty,68,100.43,12529.24,1709,52,"#",,,,,"#",,,54,12223.23,"#",,,*,,,"#",,,*,,,,45,7710.94,,23,4818.3,0,0,0,0,0,0,0,0,0,,,,,*,,,*,,72.961538461538,,,,,33,19,,,,33,0,,37,15,1.0561121794872
1194240390,Zhang,Yuan,,NP,I,217 Grand St Ste 401,,New York,NY,36,10013,1,"Metropolitan area core: primary flow within an urbanized area of 50,000 and greater",US,Nurse Practitioner,Claim-Specialty,18673,26734.66,4005628.44,766994,988,,18052,26006.02,3908554.87,746681,,956,,4903,3254261.79,,13497,743210.02000001,,273,8156.63,,17704,3812569.87,,969,193058.57,,18384,3978450.89,,289,27177.55,26,301.59,289,,0.13923847266106,0,0,0,,0,384,3297.12,270,,28,455.71,*,,72.427125506073,32,634,250,72,520,468,15,,955,,0,,944,44,1.3345725985871
1194718486,Singh,Ranjit,,MD,I,462 Grider St,,Buffalo,NY,36,14215,1,"Metropolitan area core: primary flow within an urbanized area of 50,000 and greater",US,Family Practice,Claim-Specialty,10497,10649.17,324675.87,102419,257,,9943,10047.64,292538.93,94311,,224,,1185,248920.49,,9277,74508.37,,35,1247.01,,6836,220444.63,,3661,104231.24,,8401,264743.8,,2096,59932.07,120,1860.37,2634,26,1.1431837667905,14,425.83,368,,11.666666666667,111,1369.75,22,,294,32065.43,,17,77.490272373541,33,75,69,80,157,100,183,65,,,,,135,122,2.0849039148024
1194728436,Delaney,Joel,P,RPA,I,8280 Willett Parkway,Suite 200,Baldwinsville,NY,36,13027,1,"Metropolitan area core: primary flow within an urbanized area of 50,000 and greater",US,Physician Assistant,Claim-Specialty,5104,11177.89,562942.32,325701,432,,4862,10738.46,524747.42,313343,,409,,647,466295.89,,4371,92872.92,,86,3773.51,,4021,412034.24,,1083,150908.08,,680,74784.31,,4424,488158.01,62,5584.32,1267,15,1.2147335423197,0,0,0,0,0,154,1649.79,123,,15,354.67,*,,72.259259259259,23,265,111,33,205,227,411,,0,,,17,43,389,0.95294019536917
1194737486,Wang,Vincent,Y,D.O.,I,4373 Union St,Suite C-B,Flushing,NY,36,11355,1,"Metropolitan area core: primary flow within an urbanized area of 50,000 and greater",US,Internal Medicine,Claim-Specialty,14040,22307.25,2794141.27,651031,648,,13239,21080.18,2635179.29,614904,,617,,2764,2298134.59,,10994,486317.9,,282,9688.78,,12275,2419549.61,,1765,374591.66,,11656,2526905.46,,2384,267235.81,58,2776.89,1569,15,0.41310541310541,,,,,,244,4647.45,160,,52,22554.17,*,,75.009259259259,31,316,198,103,347,301,42,32,493,50,0,31,423,225,1.4113331453774
1194741454,Mead,Daniel,H,RPA-C,I,6 Wellness Way Ste 114,,Latham,NY,36,12110,1,"Metropolitan area core: primary flow within an urbanized area of 50,000 and greater",US,Physician Assistant,Claim-Specialty,5112,12263.08,627466.25,359196,499,,4478,10917,457344.21,320037,,458,,697,527152.43,,4370,96661.69,,45,3652.13,,3901,502755.01,,1211,124711.24,,789,209203.54,,4323,418262.71,136,16891.13,3075,26,2.660406885759,24,7654.29,705,,17.647058823529,69,726.82,56,*,,,*,,72.583166332665,41,275,129,54,109,390,458,12,,,0,20,52,447,1.0370179137661
1194741819,John,David,H,M.D.,I,1167 Nostrand Ave,Brooklyn,Brooklyn,NY,36,11225,1,"Metropolitan area core: primary flow within an urbanized area of 50,000 and greater",US,Internal Medicine,Claim-Specialty,190,328.6,170124.79,9145,32,,155,289.6,163486.19,8300,"#",,"#",,,,127,6534.59,*,,,,119,68580.88,,71,101543.91,,172,168319.25,,18,1805.54,,,,,,,,,,,,,,,0,0,*,,69.8125,,,,,16,16,,19,0,,0,0,,,1.013484375
1194742742,Chong,Kaman,,D.O.,I,3907 Prince St,Suite 2d,Flushing,NY,36,11354,1,"Metropolitan area core: primary flow within an urbanized area of 50,000 and greater",US,Internal Medicine,Claim-Specialty,5661,9776.16,764248.94,286416,421,,5550,9533.16,751796.8,279218,,408,,828,631971.05,,4787,131561.34,,46,716.55,,5245,715207.1,,416,49041.84,,5089,695586.59,,572,68662.35,0,0,0,0,0,0,0,0,0,,83,482.3,71,,30,958.66,*,,72.86460807601,13,260,111,37,212,209,,,401,,0,,352,69,1.0976350777252
1194759530,Mintz,Fredric,J,M.D.,I,175 Jericho Tpke,Suite 217,Syosset,NY,36,11791,1,"Metropolitan area core: primary flow within an urbanized area of 50,000 and greater",US,Internal Medicine,Claim-Specialty,6789,13513.51,535105.5,389104,523,,6268,12878.12,507436.54,371945,,500,,702,385644.03,,6052,147236.52,,35,2224.95,,1491,115841.9,,5298,419263.6,,960,83984.95,,5829,451120.55,185,9062.14,3887,31,2.7249963175725,,,,,,286,3438.33,163,,75,1094.93,,14,74.520076481836,23,270,165,65,280,243,466,,,12,0,28,51,472,1.292286122034
1194763920,Sethi,Dinesh,,MD,I,1521 Straight Path,,Wyandanch,NY,36,11798,1,"Metropolitan area core: primary flow within an urbanized area of 50,000 and greater",US,Internal Medicine,Claim-Specialty,41715,42021,2908475.94,894471,1271,,36580,36869.82,2506486.19,787022,,1142,,6774,2017344.38,,34823,882450.3,,118,8681.26,,5725,536969.29,,35990,2371506.65,,38344,2738262.62,,3371,170213.32,536,10217.75,10099,154,1.2849095049742,34,2616.88,794,12,6.3432835820896,887,70389.31,338,,1853,153784.09,,241,77.941778127459,129,369,370,403,776,495,698,352,,152,,35,1067,204,2.7869941794807
1194767079,Lurio,Joseph,G,MD,I,690 Amsterdam Ave,,New York,NY,36,10025,1,"Metropolitan area core: primary flow within an urbanized area of 50,000 and greater",US,Family Practice,Claim-Specialty,7002,11211.37,1226650.46,328770,496,,5469,9095.31,838551.58,267334,,366,,1318,1056812.25,,5538,156331.77,,146,13506.44,,5211,934982.17,,1791,291668.29,,5167,942163.28,,1835,284487.18,60,715.16,1242,19,0.85689802913453,,,,,,34,293.64,25,,30,2090.08,,12,69.118951612903,130,222,98,46,261,235,207,141,11,128,,,349,147,1.4040223404926
1194775536,Alpert,Barbara,,MD,I,90 S Bedford Rd,Care Mount Medical Pc,Mount Kisco,NY,36,10549,1,"Metropolitan area core: primary flow within an urbanized area of 50,000 and greater",US,Internal Medicine,Claim-Specialty,4286,10633.03,233366.52,312039,602,,4269,10592.03,233067.43,310832,"#",,,306,140980.44,,3944,91962.09,,36,423.99,,1420,79195.49,,2866,154171.03,,321,15195.59,,3965,218170.93,,,,,,,,,,,102,1369.79,79,*,,,*,,74.960132890365,,,,,460,142,517,15,19,13,0,38,34,568,0.86745570321152
1194778464,Gallagher,Kevin,A,MD,I,24 Fairfield Ave,,Schroon Lake,NY,36,12870,10,"Rural areas: primary flow to a tract outside a urbanized area of 50,000 and greater or UC",US,Family Practice,Claim-Specialty,11887,16617.06,2377498.97,269518,6668,,11023,15488.52,2252248.38,248044,,6378,,8029,2275802.16,,3830,100132.44,,28,1564.37,,6976,1443095.37,,4911,934403.6,,2432,413622.03,,9455,1963876.94,166,11488.05,3262,27,1.3964835534618,33,7650.68,714,,19.879518072289,89,1547.16,60,,0,0,,0,73.697810437912,290,3509,2358,511,3634,3034,6087,120,,98,,269,873,5795,0.96218166733728
1194783415,Cole,Robert,E,MD,I,1425 Portland Ave,Wilson Bldg,Rochester,NY,36,14621,1,"Metropolitan area core: primary flow within an urbanized area of 50,000 and greater",US,Family Practice,Claim-Specialty,3551,7702.53,230848.84,226140,216,,3168,7103.39,217988.38,208879,,201,,313,138902.67,,3213,91064.07,,25,882.1,,3358,208398.59,,193,22450.25,,671,57981.55,,2880,172867.29,270,11340.98,7541,33,7.6034919740918,27,3553.73,785,,10,53,609.18,40,,31,998.81,*,,73.800925925926,15,104,74,23,92,124,188,,,13,0,12,25,191,1.0741666545556
1194797837,Bekhor,David,,MD,I,31 Washington Square West,,New York,NY,36,10011,1,"Metropolitan area core: primary flow within an urbanized area of 50,000 and greater",US,Internal Medicine,Claim-Specialty,759,1238.89,599131.59,35088,82,,612,1071.74,451715.97,30400,,67,,210,520892.95,,549,78238.64,,0,0,,379,292391.84,,380,306739.75,,344,392942.68,,415,206188.91,0,0,0,0,0,0,0,0,0,,34,18863.64,17,*,,,*,,70.109756097561,15,42,,,24,58,56,,,,0,,26,56,1.4084598329885
1194849182,Infantino,Cheryl,A,RPH,I,66 West Ave,,Canandaigua,NY,36,14424,1,"Metropolitan area core: primary flow within an urbanized area of 50,000 and greater",US,Pharmacist,NPPES-Taxonomy,206,206,53668.69,206,189,"#",,,,,"#",,,206,53668.69,,0,0,,0,0,,173,44217.49,,33,9451.2,,15,3671.96,,191,49996.73,0,0,0,0,0,0,0,0,0,,0,0,0,*,,,*,,74.761904761905,,,,,106,83,175,,,0,0,13,14,175,0.8709528281983
1194883991,Lee,Stephen,S,MD,I,2704 Parsons Blvd,,Flushing,NY,36,11354,1,"Metropolitan area core: primary flow within an urbanized area of 50,000 and greater",US,Internal Medicine,Claim-Specialty,7136,14356.53,590141.49,427789,554,,7082,14246.53,581267.24,424557,"#",,,551,469823.83,,6568,119858.29,,17,459.37,,5985,471329.03,,1151,118812.46,,4132,400483.57,,3004,189657.92,,,,,,,,,,,40,259.18,38,,23,293.76,*,,75.321299638989,,,,,280,274,79,36,377,19,0,43,248,306,1.0023781022907
1194910992,Chen,Mei-Hui,,MD,I,4202 Kissena Blvd,Suite 1 A,Flushing,NY,36,11355,1,"Metropolitan area core: primary flow within an urbanized area of 50,000 and greater",US,Internal Medicine,Claim-Specialty,8522,16105.73,1353621.54,473450,456,,8439,15978.73,1352513.7,469874,"#",,,1505,1195941.55,,6792,152006.37,,225,5673.62,,8008,1283667,,514,69954.54,,7577,1270158.81,,945,83462.73,,,,,,,,,,,98,690.77,77,,17,121.38,*,,73.504385964912,,,,,280,176,,,426,,0,12,358,98,1.0710854099142
1194932731,Kotikela,Sumathi,,M.D.,I,800 Red Mills Rd,,Wallkill,NY,36,12589,1,"Metropolitan area core: primary flow within an urbanized area of 50,000 and greater",US,Obstetrics & Gynecology,NPPES-Specialty,219,314.6,28366.57,8422,41,,219,314.6,28366.57,8422,,41,,44,19680.73,,160,8273.44,,15,412.4,*,,,"#",,,"#",,,*,,,,,,,,,,,,,,,,,0,0,,0,73.121951219512,0,25,,,30,11,29,,,,0,,,,0.64130894308943
1194943969,Bufton,Jeffrey,J,RPH,I,1200 Marketplace Dr,,Rochester,NY,36,14623,1,"Metropolitan area core: primary flow within an urbanized area of 50,000 and greater",US,Pharmacist,NPPES-Taxonomy,55,55,13270.11,55,53,"#",,,,,"#",,,55,13270.11,,0,0,,0,0,,32,7245.93,,23,6024.18,*,,,"#",,,0,0,0,0,0,0,0,0,0,,0,0,0,*,,,*,,74.433962264151,,,,,32,21,50,,0,,0,0,0,53,0.99235849056604
1205019502,Boakye-Danquah,Yiadom,K,RPH,I,700 Columbus Ave,"Duane Reade # 202",New York,NY,36,10025,1,"Metropolitan area core: primary flow within an urbanized area of 50,000 and greater",US,Pharmacist,NPPES-Taxonomy,22,22,6309.37,22,22,"#",,,,,"#",,,22,6309.37,,0,0,,0,0,*,,,"#",,,*,,,"#",,,0,0,0,0,0,0,0,0,0,,0,0,0,*,,,*,,77.454545454545,,,,,,,15,,0,,0,,,,1.0928181818182
1205020245,Gembusia,Keith,A,D.O.,I,401 N. 8th St.,,Olean,NY,36,14760,4,"Micropolitan area core: primary flow within an urban cluster of 10,000 to 49,999",US,Family Practice,Claim-Specialty,10136,18476.23,949039.07,535903,577,,7266,13928.86,663751.73,404332,,453,,1216,710713.8,,8824,231940.84,,96,6384.43,,7428,711165.99,,2708,237873.08,,5438,616657.93,,4698,332381.14,409,34415,11478,66,4.0351223362273,50,24203.66,1478,,12.224938875306,187,2110.5,105,,56,2927.46,*,,69.374350086655,124,295,129,29,281,296,553,,,,0,14,236,341,1.1765136546171
1205078201,Antenucci,Todd,J,D.O.,I,610 W 158th St,,New York,NY,36,10032,1,"Metropolitan area core: primary flow within an urbanized area of 50,000 and greater",US,Family Practice,Claim-Specialty,7597,19431.15,304475.74,567256,864,,7206,18655.53,279255.3,544541,,830,,609,153757.91,,6913,148589.71,,75,2128.12,,7548,301721.54,,49,2754.2,,657,31562.2,,6940,272913.54,250,5364.32,5783,65,3.2907726734237,13,734.56,353,,5.2,172,4629.78,108,,31,692.61,,12,74.304398148148,34,447,292,91,336,528,772,14,,40,,22,85,779,1.1501432494152
1205082666,Burns,Linda,M,D.O.,I,3055 Southwestern Blvd Ste 100,,Orchard Park,NY,36,14127,1,"Metropolitan area core: primary flow within an urbanized area of 50,000 and greater",US,Internal Medicine,Claim-Specialty,3807,6685.8,3867471.6,195285,578,,3302,5918.3,3040297.89,172888,,502,"#",,,,3225,110561.59,*,,,,2904,3012421.74,,903,855049.86,,793,1394372.03,,3014,2473099.57,78,889.55,2230,18,2.0488573680063,0,0,0,0,0,,,,,0,0,,0,71.567474048443,76,291,169,42,467,111,532,17,,,,19,98,480,1.5674797112719
1205225984,Medamarthi,Lakshmi,V,RPH,I,589 Sutter Ave,,Brooklyn,NY,36,11207,1,"Metropolitan area core: primary flow within an urbanized area of 50,000 and greater",US,Pharmacist,NPPES-Taxonomy,48,48,12454.96,48,45,"#",,,,,"#",,,48,12454.96,,0,0,,0,0,,14,3549.44,,34,8905.52,*,,,"#",,,0,0,0,0,0,0,0,0,0,,0,0,0,*,,,*,,73.622222222222,,,,,27,18,37,,,0,0,0,,,0.83393462625831
1205239571,Vladimirskiy,Igor,,RPH,I,6308 23rd Ave Apt B1,,Brooklyn,NY,36,11204,1,"Metropolitan area core: primary flow within an urbanized area of 50,000 and greater",US,Pharmacist,NPPES-Taxonomy,104,106,26649.67,222,93,"#",,,,,"#",,,104,26649.67,,0,0,,0,0,,28,6191.24,,76,20458.43,*,,,"#",,,0,0,0,0,0,0,0,0,0,,0,0,0,*,,,*,,75.451612903226,,,,,47,46,78,,,,0,,,,0.99176344086022
1205275799,Li,Xiaoyu,S,D.O.,I,240 Meeting House Ln,,Southampton,NY,36,11968,1,"Metropolitan area core: primary flow within an urbanized area of 50,000 and greater",US,Student in an Organized Health Care Education/Training Program,NPPES-Taxonomy,8885,11284.72,1086500.15,328943,480,,8695,11056.72,1063065.16,322238,,469,,1631,904709.15,,7172,179759.07,,82,2031.93,,8626,1058848.33,,259,27651.82,,8619,1071572.16,,266,14927.99,0,0,0,0,0,0,0,0,0,,119,897.73,97,*,,,*,,70.9875,11,356,91,22,230,250,0,,471,,0,,451,29,0.94318813180764
1205366267,Chan,Sandy,,,I,757 60th St Fl 1,,Brooklyn,NY,36,11220,1,"Metropolitan area core: primary flow within an urbanized area of 50,000 and greater",US,Nurse Practitioner,Claim-Specialty,10719,20108.68,1945063.62,583205,1370,,10525,19773.9,1904084.86,573404,,1342,,2000,1580198.09,,8469,359734.52,,250,5131.01,,10099,1781130.68,,620,163932.94,,10359,1906101.16,,360,38962.46,,,,,,,,,,,205,1062.56,184,,45,708.07,,17,75.136496350365,28,730,370,242,761,609,11,,1334,11,,13,1302,68,1.3722950961426
1205562899,Demitraszek,Alyson,,NP,I,2125 River Rd Ste 100,,Niskayuna,NY,36,12309,1,"Metropolitan area core: primary flow within an urbanized area of 50,000 and greater",US,Nurse Practitioner,Claim-Specialty,7025,7377.23,449031.51,191254,256,,3303,3415.83,215000.01,86414,,90,,728,300058.77,,6254,146629.61,,43,2343.13,,552,36987.02,,6473,412044.49,,7025,449031.51,,0,0,,,,,,,,,,,82,2858.66,23,,12,2340.08,*,,57.375,166,55,,,109,147,212,26,,,0,,256,0,1.1164749348958
1205596764,Banaszek,Kylee,,PHARMD,I,602 Nottingham Rd,,Syracuse,NY,36,13224,1,"Metropolitan area core: primary flow within an urbanized area of 50,000 and greater",US,Pharmacist,NPPES-Taxonomy,16,16,4548.07,16,16,,16,16,4548.07,16,,16,,16,4548.07,,0,0,,0,0,"#",,,*,,,*,,,"#",,,0,0,0,0,0,0,0,0,0,,0,0,0,,0,0,,0,75.375,0,,,,,,11,,,0,0,,0,16,1.1596875
1205815255,Patel,Arun,P,MD,I,211 Erie St,,Little Valley,NY,36,14755,10,"Rural areas: primary flow to a tract outside a urbanized area of 50,000 and greater or UC",US,Family Practice,Claim-Specialty,24920,26830.44,1273962.84,335896,527,,24375,26167.21,1226285.39,318108,,475,,2966,1033488.16,,21811,229691.57,,143,10783.11,,10927,420682.26,,13993,853280.58,,20202,1050935.22,,4718,223027.62,213,5111.45,4140,70,0.85473515248796,28,1617.39,805,,13.145539906103,331,4247.05,127,,987,216993.09,,40,76.381404174573,52,187,161,127,307,220,500,,,,0,15,237,290,1.4313469110657
1205836772,Liberman,Jeffrey,A,DO,I,485 Titus Ave,Ste H,Rochester,NY,36,14617,1,"Metropolitan area core: primary flow within an urbanized area of 50,000 and greater",US,Internal Medicine,Claim-Specialty,8608,16541.48,870050.74,480447,464,,8030,15615.72,804511.38,454156,,434,,1188,711850.82,,7349,154879.44,,71,3320.48,,7861,808379.03,,747,61671.71,,1929,213336.42,,6679,656714.32,169,5071.98,3309,40,1.9632899628253,0,0,0,0,0,201,1389.82,114,,0,0,,0,74.797413793103,30,217,143,74,214,250,392,24,,18,,28,69,395,1.0178800615313
1205839917,Kamlet,David,A,M.D.,I,345 W 58th St,,New York,NY,36,10019,1,"Metropolitan area core: primary flow within an urbanized area of 50,000 and greater",US,Internal Medicine,Claim-Specialty,2721,6070.16,341854.38,175377,170,,2691,6022.16,340660.83,174059,"#",,,421,286183.18,,2278,55409.36,,22,261.84,,507,46120.74,,2214,295733.64,,145,25864.98,,2576,315989.4,13,69.04,100,,0.47776552737964,0,0,0,,0,72,995.27,54,,12,146.92,*,,77.741176470588,,,,,76,94,140,,,,0,14,,,1.0807842177244
1205853926,Loehr,James,C,MD,I,302 W Seneca St,,Ithaca,NY,36,14850,1,"Metropolitan area core: primary flow within an urbanized area of 50,000 and greater",US,Family Practice,Claim-Specialty,1667,3598.46,116972.82,104717,224,,1394,3136.37,90455.15,91209,,197,,164,59287.45,,1485,57248.93,,18,436.44,,1072,73607.03,,595,43365.79,,608,62386.27,,1059,54586.55,41,2269.55,1111,,2.4595080983803,0,0,0,,0,23,165.32,20,*,,,*,,72.678571428571,27,105,72,20,129,95,199,,,,0,15,52,172,0.85433110119048
1205856564,Hartman,Scott,G,MD,I,55 Barrett Dr,Ste 100,Webster,NY,36,14580,1,"Metropolitan area core: primary flow within an urbanized area of 50,000 and greater",US,Family Practice,Claim-Specialty,2648,4995.63,364687.74,142701,227,,1955,3885.99,243616.63,111586,,176,,509,305602.31,,2090,56792.32,,49,2293.11,,1984,267773.97,,664,96913.77,,1408,262108.75,,1240,102578.99,15,299.23,450,,0.56646525679758,0,0,0,,0,41,654.95,29,,0,0,,0,69.462555066079,51,100,54,22,133,94,181,,,29,0,,70,157,0.97396832494069
1205859964,Goodwin,Philip,P,M.D.,I,2507 South Rd,,Poughkeepsie,NY,36,12601,1,"Metropolitan area core: primary flow within an urbanized area of 50,000 and greater",US,Internal Medicine,Claim-Specialty,4641,12282.51,368992.16,364619,600,,4263,11345.14,336000.89,336749,,555,,410,268039.22,,4212,100509.55,,19,443.39,,2072,143901.11,,2569,225091.05,,751,74906.66,,3890,294085.5,,,,,,,,,,,34,480.92,27,,0,0,,0,73.795,45,285,207,63,255,345,515,27,19,11,0,28,83,517,1.1303457388924
1205863008,Evans,Lara,B,M.D.,I,995 Senator Keating Blvd,Bldg E Suite 200,Rochester,NY,36,14618,1,"Metropolitan area core: primary flow within an urbanized area of 50,000 and greater",US,Internal Medicine,Claim-Specialty,5750,12070.24,312216.34,356181,432,,5350,11404.93,292136.02,336817,,401,,412,183358.51,,5309,127504.61,,29,1353.22,,5191,270086.27,,559,42130.07,,714,43160.95,,5036,269055.39,57,913.64,1596,14,0.99130434782609,,,,,,69,637.51,54,,16,441.75,*,,73.659722222222,31,196,164,41,340,92,374,19,,,0,28,54,378,0.85479103713667
1205867546,Wen,Hong Yu,D,M.D.,I,325essjay Rd,,Williamsville,NY,36,14221,1,"Metropolitan area core: primary flow within an urbanized area of 50,000 and greater",US,Internal Medicine,Claim-Specialty,3028,7237.66,243926.58,211767,327,,2897,6948.66,234434.89,203635,,313,,395,189531.55,,2585,52301.2,,48,2093.83,,1960,146851.77,,1068,97074.81,,498,45934.48,,2530,197992.1,60,399.28,1844,15,1.9815059445178,0,0,0,0,0,71,351.26,50,,0,0,,0,75.648318042813,14,143,116,54,238,89,261,34,17,,0,,51,276,1.2594813560685
1205876380,Cohen,Donald,N,M.D.,I,16 Orchard Dr,,Armonk,NY,36,10504,1,"Metropolitan area core: primary flow within an urbanized area of 50,000 and greater",US,Internal Medicine,Claim-Specialty,6776,15450.27,672851.69,444657,871,,6726,15344.35,670048.2,441785,"#",,,929,542098.48,,5798,129844.61,,49,908.6,,1217,117689.51,,5559,555162.18,,232,25240.28,,6544,647611.41,151,2504.5,2497,22,2.228453364817,21,658.29,630,,13.907284768212,74,37708.35,50,,22,324.29,*,,75.861079219288,,,,,447,424,774,,,27,0,53,37,834,0.95359618297877
1205881166,Clune,Jenniferleigh,V,FNP,I,4077 West Road,,Cortland,NY,36,13045,4,"Micropolitan area core: primary flow within an urban cluster of 10,000 to 49,999",US,Nurse Practitioner,Claim-Specialty,4459,8227.45,343419.24,238776,279,,2900,5760.25,227918.19,168436,,205,,485,235588.6,,3926,105906.74,,48,1923.9,,3220,238897.28,,1239,104521.96,,2842,222387.39,,1617,121031.85,57,1639.39,1155,18,1.2783135232115,0,0,0,0,0,39,671.25,31,,25,1744.07,*,,68.903225806452,74,122,59,24,192,87,263,,,,0,,137,142,1.1561236794491
1205919115,Seodat,Vishnudat,,M.D.,I,31 Main Rd,Suite 1,Riverhead,NY,36,11901,1,"Metropolitan area core: primary flow within an urbanized area of 50,000 and greater",US,Family Practice,Claim-Specialty,17044,41387.02,2660672.18,1219728,1141,,15619,38339.03,2469491.85,1130037,,1059,,2197,2258813.1,,14704,393799.4,,143,8059.68,,5213,696464.22,,11831,1964207.96,,3124,756452.33,,13920,1904219.85,143,4757.64,3590,49,0.83900492842056,30,3103.82,855,,20.979020979021,541,49558.91,287,,114,12751.08,,33,74.636283961437,82,497,416,146,629,512,934,115,,25,,57,171,970,1.2267383381781
1205926003,Kim,Paul,H,MD,I,170 Maple Ave Ste 309,,White Plains,NY,36,10601,1,"Metropolitan area core: primary flow within an urbanized area of 50,000 and greater",US,Internal Medicine,Claim-Specialty,8423,11866.56,555757.32,341398,491,,8062,11360.59,536711.2,326691,,472,,815,401039.94,,7574,154224.46,,34,492.92,,1399,93411.2,,7024,462346.12,,1139,85069.31,,7284,470688.01,89,962.77,2408,19,1.0566306541612,0,0,0,0,0,179,1938.78,111,,64,1273.82,,16,79.462321792261,19,142,175,155,292,199,364,55,18,36,0,18,66,425,1.538478874577
1205928538,Hamilton,Laura,E,M.D.,I,9677 Brewerton Rd,,Brewerton,NY,36,13029,1,"Metropolitan area core: primary flow within an urbanized area of 50,000 and greater",US,Family Practice,Claim-Specialty,2026,3759.79,418600.51,105209,170,,1682,3267.26,398803.01,91722,,154,,462,378547.13,,1552,39764.86,,12,288.52,,1264,286115.96,,762,132484.55,,412,109114.58,,1614,309485.93,54,1368.84,1154,,2.6653504442251,0,0,0,,0,64,637.32,39,,41,1682.1,*,,74.752941176471,16,70,60,24,94,76,165,,0,,0,,24,146,1.2773574655924
1205928694,Guo,Kevin,J,M.D.,I,70 Bowery,Suite 308,New York,NY,36,10013,1,"Metropolitan area core: primary flow within an urbanized area of 50,000 and greater",US,Internal Medicine,Claim-Specialty,29640,35435.76,3092794.6,1023396,697,,29296,35089.96,3056061.19,1013574,,685,,5093,2628803.66,,24379,460410.83,,168,3580.11,,28231,2990868.84,,1409,101925.76,,29087,3073773.09,,553,19021.51,21,63.82,185,15,0.07085020242915,0,0,0,0,0,666,3733.41,342,,128,2247.33,,29,72.863701578192,12,448,196,41,351,346,,,687,,0,,670,27,0.95680194340927
1205934437,Raina,Rajesh,,M.D.,I,21422 73rd Ave,,Oakland Gardens,NY,36,11364,1,"Metropolitan area core: primary flow within an urbanized area of 50,000 and greater",US,Internal Medicine,NPPES-Specialty,58,70,11762.2,647,44,"#",,,,,"#",,,48,11620.07,*,,,"#",,,*,,,"#",,,*,,,"#",,,0,0,0,0,0,0,0,0,0,,,,,*,,,*,,76.159090909091,,,,,23,21,42,0,0,,0,,,,0.89586363636364
1205948668,Chung,Yun Hee,,MD,I,142 18 38 Ave,"#1b",Flushing,NY,36,11354,1,"Metropolitan area core: primary flow within an urbanized area of 50,000 and greater",US,Internal Medicine,Claim-Specialty,24699,42750.51,9281075.94,1256880,878,,24386,42191.89,9107890.1,1240593,"#",,,6539,8645646.54,,17924,628769.38,,236,6660.02,,21027,7205211.53,,3672,2075864.41,,21638,8885601.59,,3061,395474.35,149,4230.27,3847,39,0.60326329001174,14,1245.35,390,,9.3959731543624,713,8659.2,359,,0,0,*,,77.189066059226,,,,,596,282,17,,780,15,,58,618,260,1.216455994641
1205975091,Tong,Xuezhu,S,MD,I,2 Mott St Rm 203,,New York,NY,36,10013,1,"Metropolitan area core: primary flow within an urbanized area of 50,000 and greater",US,General Practice,Claim-Specialty,8489,15452.22,1331980.02,449740,359,,8320,15243.22,1299582.41,443699,"#",,,1525,1121345.79,,6869,208517.98,,95,2116.25,,7610,1193435.21,,879,138544.81,,7060,1191033.55,,1429,140946.47,,,,,,,,,,,159,1304.72,108,*,,,*,,75.654596100279,,,,,220,139,,0,330,,0,16,235,124,0.98057008828655
1215000914,Shirazi,Farhad,H,MD,I,700 Old Country Rd,Suite 202,Plainview,NY,36,11803,1,"Metropolitan area core: primary flow within an urbanized area of 50,000 and greater",US,Internal Medicine,Claim-Specialty,15263,26185.79,1870189.29,713315,737,,14172,24610.65,1745002.95,672015,,694,,2730,1534797.19,,12399,331180.65,,134,4211.45,,4216,592139.7,,11047,1278049.59,,9910,1263423.66,,5353,606765.63,269,8751.78,5840,74,1.7624320251589,48,4906.76,1055,,17.843866171004,502,25618.7,236,,179,22482.83,,38,78.013568521031,43,239,250,205,423,314,583,,63,30,,34,315,422,1.8414770174272
1215004536,Balde,Alseny,,"MD, MPH",I,1643 Westchester Ave,,Bronx,NY,36,10472,1,"Metropolitan area core: primary flow within an urbanized area of 50,000 and greater",US,Family Practice,Claim-Specialty,3056,5800.68,503873.16,168271,225,,2474,4931.23,362856.96,143695,,186,,547,411334.14,,2351,89081.97,,158,3457.05,,2565,478335.43,,491,25537.73,,2832,492384.57,,224,11488.59,113,1824.08,2647,27,3.6976439790576,,,,,,64,866.29,42,,25,823.81,*,,69.137777777778,39,133,,,112,113,,117,11,64,,21,192,33,0.99049135838852
1215049325,Hoch,Brian,S,"M.D., FACP",I,211 W 61st St,,New York,NY,36,10023,1,"Metropolitan area core: primary flow within an urbanized area of 50,000 and greater",US,Nephrology,Claim-Specialty,15144,19844.91,1748384.16,588728,487,,11050,14700.5,1179180,436714,,356,,2787,1560890.07,,11208,152586.37,,1149,34907.72,,13723,1622960.88,,1421,125423.28,,14621,1722744.06,,523,25640.1,0,0,0,0,0,0,0,0,0,,78,695.23,58,,0,0,,0,68.829568788501,131,219,110,27,299,188,27,133,,314,0,,435,52,1.4528370874207
1215215421,Chou,Wei-Yu,,MD,I,5100 W Taft Rd,Suite 1c,Liverpool,NY,36,13088,1,"Metropolitan area core: primary flow within an urbanized area of 50,000 and greater",US,Family Practice,Claim-Specialty,8900,16623.72,981488.79,482227,1103,,6407,12762.16,697363.44,372098,,878,,1134,803325.92,,7688,174644.87,,78,3518,,6925,765337.95,,1975,216150.84,,4654,631192.61,,4246,350296.18,208,5327.09,5546,45,2.3370786516854,28,1147.66,840,,13.461538461538,177,32814.97,140,,36,581.4,,11,69.796917497733,225,523,280,75,645,458,970,59,24,18,0,32,406,697,1.1798181404125
1215252358,Milone-Lopez,Lori-Anne,M,,I,10 W Main St,,Smithtown,NY,36,11787,1,"Metropolitan area core: primary flow within an urbanized area of 50,000 and greater",US,Pharmacist,NPPES-Taxonomy,28,28,5586.25,28,26,,28,28,5586.25,28,,26,,28,5586.25,,0,0,,0,0,*,,,"#",,,,0,0,,28,5586.25,0,0,0,0,0,0,0,0,0,,0,0,0,,0,0,,0,73.769230769231,0,16,,,15,11,17,0,,,0,,0,26,0.78411538461538
1215314679,Zelenka,Justin,,MD,I,2400 S Clinton Ave,"Building H, Suite 230",Rochester,NY,36,14618,1,"Metropolitan area core: primary flow within an urbanized area of 50,000 and greater",US,Internal Medicine,Claim-Specialty,4166,9027.37,311532.29,263341,510,,3767,8365.06,273226.35,244370,,482,,449,229261.47,,3651,80157.49,,66,2113.33,,3662,275572.52,,504,35959.77,,916,75167.54,,3250,236364.75,94,5325.37,2384,27,2.2563610177628,,,,,,64,389.42,51,,18,263.8,*,,74.194117647059,28,266,157,59,267,243,435,26,,,0,36,59,451,0.93172348784633
1215324181,Harris,Dacia,A,M.D.,I,900 Hertel Ave,,Buffalo,NY,36,14216,1,"Metropolitan area core: primary flow within an urbanized area of 50,000 and greater",US,Internal Medicine,Claim-Specialty,3600,3631.11,259487.24,82756,240,,3301,3331.71,210874.86,75534,,219,"#",,,,2909,47031.34,*,,,,2739,186795.03,,861,72692.21,,3226,255364.96,,374,4122.28,27,650.33,741,17,0.75,,,,,,53,4677.21,24,,69,698.66,,19,77.504166666667,21,76,67,76,149,91,104,118,0,14,,,220,20,2.5288255588787
1215381314,Zhou,Tony,,MD,I,5517 7th Ave Apt 1f,,Brooklyn,NY,36,11220,1,"Metropolitan area core: primary flow within an urbanized area of 50,000 and greater",US,Preventive Medicine,Claim-Specialty,10265,12067.68,1482660.74,348797,645,,10023,11795.28,1455997.26,341032,,629,,2241,1175875.76,,7850,302472.8,,174,4312.18,,9863,1432666.34,,402,49994.4,,10150,1471785.96,,115,10874.78,,,,,,,,,,,134,3066.13,108,,39,1044.28,,11,72.382945736434,16,454,123,52,307,338,,0,631,,0,,626,19,1.1088746777548
1215385224,Tiwari,Upasana,,MD,I,160 Robinson St,,Binghamton,NY,36,13904,1,"Metropolitan area core: primary flow within an urbanized area of 50,000 and greater",US,Family Practice,Claim-Specialty,7163,17654.53,731133,521314,818,,6262,15669.46,599853,463374,,726,,734,564483.61,,6391,165508.52,,38,1140.87,,4548,392733.46,,2615,338399.54,,2182,228896.59,,4981,502236.41,135,6812.83,3886,26,1.8846851877705,20,4382.42,600,,14.814814814815,79,1234.11,51,,23,2067.84,*,,73.718826405868,92,347,259,120,564,254,752,11,,15,,29,181,637,1.1098592845881
1215428800,Radka,Leslie,A,PHARM D,I,6296 Ontario Center Rd,,Ontario,NY,36,14519,1,"Metropolitan area core: primary flow within an urbanized area of 50,000 and greater",US,Pharmacist,NPPES-Taxonomy,50,50,13237.98,50,49,"#",,,,,"#",,,50,13237.98,,0,0,,0,0,"#",,,*,,,,13,3845.05,,37,9392.93,0,0,0,0,0,0,0,0,0,,0,0,0,*,,,*,,74,,,,,26,23,45,,0,,0,,13,36,1.1340442176871
1215595129,Park,Sarah,E,PA-C,I,4417 Vestal Pkwy E,,Vestal,NY,36,13850,1,"Metropolitan area core: primary flow within an urbanized area of 50,000 and greater",US,Physician Assistant,Claim-Specialty,5893,13104.74,424698.37,383946,733,,5001,11535.18,368363.65,338758,,632,,567,312524.11,,5296,111178.04,,30,996.22,,3530,279426.21,,2363,145272.16,,1817,120354.61,,4076,304343.76,194,4646.56,5078,57,3.2920414050568,,,,,,49,595.98,40,*,,,*,,72.489768076398,101,327,211,94,544,189,678,13,11,,,21,189,544,1.0502018650569
1215919030,Weissman,Alicia,M,M.D.,I,155 Crystal Run Rd,,Middletown,NY,36,10941,1,"Metropolitan area core: primary flow within an urbanized area of 50,000 and greater",US,Family Practice,Claim-Specialty,9548,9691.74,1149064.56,234509,292,,9287,9418.54,1122743.2,227521,,273,,2445,834649.36,,7082,314209.06,,21,206.14,,585,52072.8,,8963,1096991.76,,9036,1059176.54,,512,89888.02,113,3841.83,1854,33,1.1834939254294,27,2389.71,486,,23.893805309735,335,16540.92,126,,215,52759.7,,29,80.013698630137,19,70,84,119,207,85,235,23,,27,0,,206,86,2.0801859992131
1215930375,Myers,Leslie,E,D.O.,I,335 Parrish St,,Canandaigua,NY,36,14424,1,"Metropolitan area core: primary flow within an urbanized area of 50,000 and greater",US,Internal Medicine,Claim-Specialty,12594,12714.47,870159.52,325959,308,,12401,12519.91,810510.55,320650,"#",,"#",,,,10796,331664.35,*,,,,8963,634660.07,,3631,235499.45,,10417,729346.89,,2177,140812.63,,,,,,,,,,,159,17165.83,37,,219,57877.66,*,,85.282467532468,,,,,214,94,300,,,,0,,198,110,1.8228309459666
1215931845,Wang,Christopher,,M.D,I,7 Chatham Sq,Bsmt C1,New York,NY,36,10038,1,"Metropolitan area core: primary flow within an urbanized area of 50,000 and greater",US,Internal Medicine,Claim-Specialty,2187,2777.77,278477.18,79557,91,,2154,2744.77,266826.54,78617,"#",,,423,217226.44,,1717,60782.97,,47,467.77,,1926,234606.21,,261,43870.97,"#",,,*,,,,,,,,,,,,,53,261.55,26,,0,0,*,,71.89010989011,,,,,46,45,,0,89,0,0,,,,0.97777678213703
1215941620,Sharma,Brij,M,M.D,I,216 Willis Ave,,Roslyn Heights,NY,36,11577,1,"Metropolitan area core: primary flow within an urbanized area of 50,000 and greater",US,Internal Medicine,Claim-Specialty,4783,10428.46,530882.09,302016,267,,4154,9442.51,499990.96,274151,,247,,702,442648.99,,4049,87430.54,,32,802.56,,1554,164248.65,,3229,366633.44,,1548,191624.9,,3235,339257.19,119,3676.35,3366,17,2.4879782563245,48,2072.23,1440,,40.336134453782,265,4034.13,112,*,,,*,,74.749063670412,20,115,99,33,149,118,158,12,66,12,0,19,66,201,1.1067846441948
1215943832,Mallick,Imtiaz,A,MD,I,798 Route 9,,Fishkill,NY,36,12524,1,"Metropolitan area core: primary flow within an urbanized area of 50,000 and greater",US,Internal Medicine,Claim-Specialty,4890,7212.47,402508,181998,433,,4570,6742.67,375645.75,170058,,393,,735,292036.2,,4125,108252.4,,30,2219.4,,2152,133780.8,,2738,268727.2,,2844,224123.96,,2046,178384.04,23,750.31,426,18,0.47034764826176,,,,,,192,10780.7,98,,68,26917.87,,36,78.709006928406,40,105,146,142,267,166,374,30,,15,0,,214,219,2.0172258592792
1215947429,Gao,Ling Min,,M.D.,I,4231 Colden St Ste 205,,Flushing,NY,36,11355,1,"Metropolitan area core: primary flow within an urbanized area of 50,000 and greater",US,Internal Medicine,Claim-Specialty,7266,13605.91,1644803.54,400665,269,,7229,13526.91,1643928.24,398376,"#",,,1646,1406240.44,,5439,232519.82,,181,6043.28,,6860,1561349.01,,406,83454.53,,6991,1628852.35,,275,15951.19,0,0,0,0,0,0,0,0,0,,87,577.06,64,*,,,*,,76.163568773234,,,,,129,140,,,255,0,0,,243,26,1.6761857310794
1215955596,Blumkin,Daniel,M,MD,I,16 E 16th St,,New York,NY,36,10003,1,"Metropolitan area core: primary flow within an urbanized area of 50,000 and greater",US,Family Practice,NPPES-Specialty,72,138,2195.63,3580,32,"#",,,,,"#",,,18,936,,54,1259.63,,0,0,,20,963.28,,52,1232.35,,56,1363.63,,16,832,0,0,0,0,0,0,0,0,0,,,,,*,,,*,,72,,,,,,,20,,,,0,,15,17,1.4266142575588
1215971262,Rahman,Mohammed,M,M.D.,I,4023 74th St,,Elmhurst,NY,36,11373,1,"Metropolitan area core: primary flow within an urbanized area of 50,000 and greater",US,Internal Medicine,Claim-Specialty,34599,72617.63,5865023.1,2147253,820,,30917,65148.54,5121514.94,1927142,,740,,5509,5129467.63,,27103,675917.04,,1987,59638.43,,32910,5546830.89,,1689,318192.21,,34192,5821248.15,,407,43774.95,63,521.45,1282,19,0.18208618746207,,,,,,430,24330.24,245,,165,7914.25,,38,70.164634146341,80,539,177,24,374,446,40,,632,,,139,791,29,1.3475402886267
1225000268,Sauret,John,,MD,I,3101 9th St,,Niagara Falls,NY,36,14305,1,"Metropolitan area core: primary flow within an urbanized area of 50,000 and greater",US,Family Practice,Claim-Specialty,9289,14232.67,826023.21,411488,516,,5240,8630.97,493926.83,250988,,310,,1319,671306.57,,7813,148692.6,,157,6024.04,,7130,657763.17,,2159,168260.04,,7909,747108.19,,1380,78915.02,106,2253.82,2471,18,1.1411346754225,0,0,0,0,0,180,1844.57,113,,15,247.26,*,,64.744186046512,206,216,79,15,283,233,255,195,,40,,11,377,139,1.6559390295605
1225004476,"Phillis, Md, Pllc",Nanette,D,MD,I,1815 S Clinton Ave,Suite 340,Rochester,NY,36,14618,1,"Metropolitan area core: primary flow within an urbanized area of 50,000 and greater",US,Internal Medicine,Claim-Specialty,6823,14128.22,460749.55,403061,392,,6638,13759.64,437627.2,392663,"#",,,746,325599.14,,6024,133360.63,,53,1789.78,,5784,395348.89,,1039,65400.66,,738,45826,,6085,414923.55,206,24054.38,5194,26,3.019199765499,35,19959.62,1036,,16.990291262136,313,4117.08,155,,29,201.98,*,,76.619897959184,,,,,277,115,343,12,,,0,23,25,367,0.93394665598555
1225009095,Malavet,Angel,L,M.D.,I,130 Center Way,,Corning,NY,36,14830,4,"Micropolitan area core: primary flow within an urban cluster of 10,000 to 49,999",US,Internal Medicine,Claim-Specialty,13715,26657.72,1776689.76,781124,855,,10560,21918,1426812.12,644095,,699,,1760,1430674.84,,11745,334584.54,,210,11430.38,,8289,1003629.83,,5426,773059.93,,6167,795678.38,,7548,981011.38,445,36710.1,11888,94,3.2446226759023,54,25402.83,1600,,12.134831460674,196,2327.12,138,,67,4689.94,,14,71.208187134503,156,357,241,101,419,436,790,11,,13,,32,273,582,1.2009100747601
1225021892,Graney,Joseph,D,M.D.,I,161 Genesee St,Suite 203,Auburn,NY,36,13021,4,"Micropolitan area core: primary flow within an urban cluster of 10,000 to 49,999",US,Internal Medicine,Claim-Specialty,4276,9398.85,389351.53,271483,312,,3710,8429.86,333033.97,243852,,279,,477,307086.99,,3772,80602.2,,27,1662.34,,2060,154382.71,,2216,234968.82,,822,91851.65,,3454,297499.88,126,6456.75,1978,22,2.9466791393826,,,,,,154,6223.1,98,,14,95.71,*,,72.810897435897,33,145,93,41,152,160,296,,,,0,13,40,272,1.0648211551261
1225025109,Bonavita,Louis,,M.D.,I,4939 Brittonfield Pkwy,Suite 101,East Syracuse,NY,36,13057,1,"Metropolitan area core: primary flow within an urbanized area of 50,000 and greater",US,Family Practice,Claim-Specialty,25230,54403.55,5017513.39,1600873,1177,,21689,48097.83,4229868.25,1417059,,1063,,3945,4326285.2,,21017,656521.35,,268,34706.84,,19937,3878702.01,,5293,1138811.38,,6535,1869003.71,,18695,3148509.68,797,48021.3,22308,139,3.1589377724931,34,10709.22,972,,4.2659974905897,450,10344.03,279,,437,131407.78,,110,73.360237892948,114,562,375,126,685,492,1104,18,,,,41,189,988,1.0658201554186
1225027550,Grill,Howard,E,MD,I,121 S Ocean Ave,,Freeport,NY,36,11520,1,"Metropolitan area core: primary flow within an urbanized area of 50,000 and greater",US,Internal Medicine,Claim-Specialty,2541,5898.19,294248.18,172796,186,,2343,5549.86,283219.24,162588,"#",,,259,236972.76,,2265,55864.67,,17,1410.75,,724,45379.89,,1817,248868.29,,505,43022.96,,2036,251225.22,30,934.5,837,,1.1806375442739,15,751.96,435,,50,77,726.77,48,,13,119.45,*,,75.736559139785,,,,,98,88,129,31,,17,0,,30,156,1.2063508064516
1225031255,Kellogg,Collins,F,MD,I,53-59 Public Sq,Ste 301,Watertown,NY,36,13601,1,"Metropolitan area core: primary flow within an urbanized area of 50,000 and greater",US,Internal Medicine,Claim-Specialty,20212,36346.09,2678247.81,1017286,1153,,19209,34908.72,2487069.19,978731,,1109,,3652,2268525.08,,16351,395872.19,,209,13850.54,,10943,1406772.09,,9269,1271475.72,,9096,959104.89,,11116,1719142.92,311,17398.77,8068,71,1.5386898871957,35,11431.09,1009,,11.254019292605,272,37718.05,156,,327,8665.46,,49,77.730268863833,44,397,448,264,559,594,1087,,,,,51,336,817,1.5337790843823
1225069446,Bhoomireddi,Madhukar,,MD,I,169 Riverside Dr,Suite 300,Binghamton,NY,36,13905,1,"Metropolitan area core: primary flow within an urbanized area of 50,000 and greater",US,Internal Medicine,Claim-Specialty,9849,9872.34,702927.05,220080,492,,9362,9384.54,674897.54,209334,,467,,2168,472132.65,,7527,217022.88,,154,13771.52,,7173,506827.51,,2676,196099.54,,7817,550758.79,,2032,152168.26,94,1270.18,508,64,0.95441161539243,,,,,,564,27904.01,169,,215,9803.38,,54,80.977642276423,25,105,155,207,343,149,453,17,,12,0,,362,130,2.6404219958174
1225099989,Nemetz,Sarah,B,MD,I,625 Panorama Trail,"Bldg 3, Ste 100",Rochester,NY,36,14625,1,"Metropolitan area core: primary flow within an urbanized area of 50,000 and greater",US,Internal Medicine,Claim-Specialty,6348,14087.22,535977.75,411532,617,,5418,12578.66,469422.79,369159,,563,,654,376544.08,,5629,156798.72,,65,2634.95,,5301,454043.77,,1047,81933.98,,1519,212917.65,,4829,323060.1,230,11095.99,5863,45,3.6231884057971,16,5472.44,480,,6.9565217391304,85,28330.97,61,,15,566.18,*,,72.789303079417,54,335,162,66,391,226,550,25,,11,,24,83,534,1.0595243364593
1225115314,Owusu,George,E,M.D,I,1280 Givan Ave,,Bronx,NY,36,10469,1,"Metropolitan area core: primary flow within an urbanized area of 50,000 and greater",US,Internal Medicine,NPPES-Specialty,4922,9487.24,463644.32,269505,417,,4367,8485.42,359971.95,241195,,380,,458,340637.77,,4373,116555.42,,91,6451.13,,4394,425026.68,,528,38617.64,,3466,361153.1,,1456,102491.22,28,339.06,578,,0.56887444128403,0,0,0,,0,362,3048.3,193,,12,253.03,*,,70.669064748201,37,279,89,12,218,199,,312,,26,,73,245,172,0.86582268480907
1225186901,Ellis,Josephine,,MD,I,2561 Lac De Ville Blvd,Suite 202,Rochester,NY,36,14618,1,"Metropolitan area core: primary flow within an urbanized area of 50,000 and greater",US,Family Practice,Claim-Specialty,4374,9284.92,309172.22,269973,454,,3726,8152.03,257888.28,237762,,401,,457,193666.67,,3884,114105.3,,33,1400.25,,3575,260245.5,,799,48926.72,,1708,132128.24,,2666,177043.98,148,4955.09,3632,29,3.3836305441244,25,2244.75,750,,16.891891891892,75,711.43,49,,23,389.48,*,,71.938325991189,53,228,126,47,394,60,349,56,,13,,30,113,341,0.97424877073124
1225230154,Lin,Shen-Han,,D.O.,I,13342 39th Ave Ste 253,,Flushing,NY,36,11354,1,"Metropolitan area core: primary flow within an urbanized area of 50,000 and greater",US,Family Practice,Claim-Specialty,14795,16846.78,2745462.14,484040,442,,14496,16486.34,2697867.4,473771,,429,,3486,2190098.99,,11069,549684.1,,240,5679.05,,14287,2654459.54,,508,91002.6,,14144,2696361.12,,651,49101.02,34,569.68,497,24,0.22980736735384,,,,,,272,7114.83,152,,60,30207.28,,12,72.628959276018,13,282,115,32,241,201,,,423,,0,,387,55,1.1920303275363
1225312044,Tringali,Thomas,,,I,10 Garet Pl,,Commack,NY,36,11725,1,"Metropolitan area core: primary flow within an urbanized area of 50,000 and greater",US,Pharmacist,NPPES-Taxonomy,13,13,2554.17,13,13,"#",,,,,"#",,,13,2554.17,,0,0,,0,0,*,,,*,,,*,,,*,,,0,0,0,0,0,0,0,0,0,,0,0,0,*,,,*,,72.769230769231,,,,,,,,0,,,0,,,,0.64638461538462
1225337413,Vasan,Ashwin,,M.D.,I,622 W 168th St,,New York,NY,36,10032,1,"Metropolitan area core: primary flow within an urbanized area of 50,000 and greater",US,Internal Medicine,Claim-Specialty,290,323,52162.1,6230,135,,219,252,45425.45,4698,,102,,149,42518.93,"#",,,*,,,,183,30663.05,,107,21499.05,,190,28215.7,,100,23946.4,0,0,0,0,0,0,0,0,0,,0,0,0,,0,0,,0,70.362962962963,33,54,36,12,70,65,73,25,,30,0,,63,72,1.5395495408351
1225347735,Odina,Moromoke,O,M.D.,I,11050 Mount Belvedere Blvd,,Fort Drum,NY,36,13602,4,"Micropolitan area core: primary flow within an urban cluster of 10,000 to 49,999",US,Internal Medicine,Claim-Specialty,4825,5129.21,651643.57,117983,104,,1115,1214.74,107534.95,27009,,39,,484,382172.19,,4302,266986.68,,39,2484.7,*,,,"#",,,"#",,,*,,,0,0,0,0,0,0,0,0,0,,99,50589.47,45,,48,913.87,*,,60.096153846154,65,30,,,63,41,69,24,,,0,0,,,1.3686650641026
1225350515,Evans,Christina,,PHARM.D,I,9519 Foster Wheeler Rd,,Dansville,NY,36,14437,7,"Small town core: primary flow within an urban cluster of 2,500 to 9,999",US,Pharmacist,NPPES-Taxonomy,98,98,25814.79,98,88,"#",,,,,"#",,,98,25814.79,,0,0,,0,0,,72,18977.44,,26,6837.35,,12,2938.74,,86,22876.05,0,0,0,0,0,0,0,0,0,,0,0,0,*,,,*,,72.681818181818,,,,,45,43,83,0,,0,0,,,,1.0012161652009
1225350549,Peruvingal,Amy,E,PHARMD,I,406 S Oyster Bay Rd,,Hicksville,NY,36,11801,1,"Metropolitan area core: primary flow within an urbanized area of 50,000 and greater",US,Pharmacist,NPPES-Taxonomy,17,17,3512.74,17,17,,17,17,3512.74,17,,17,,17,3512.74,,0,0,,0,0,*,,,"#",,,,0,0,,17,3512.74,0,0,0,0,0,0,0,0,0,,0,0,0,,0,0,,0,74.294117647059,0,11,,,,,,0,,,0,,0,17,0.75717647058824
1225372691,Akkinepally,Sita Lakshmi,,MD,I,12 Center St,Suite 1,Fredonia,NY,36,14063,4,"Micropolitan area core: primary flow within an urban cluster of 10,000 to 49,999",US,Internal Medicine,Claim-Specialty,8074,8090.93,339060.28,91396,541,,7463,7477.53,313634.25,84874,,511,"#",,,,7131,79456.46,*,,,,5174,206139.9,,2900,132920.38,,6240,273431.21,,1834,65629.07,193,3022.96,2960,107,2.3903889026505,24,998.59,584,,12.435233160622,148,26985.85,90,,142,11943.13,,48,81.060998151571,30,113,181,217,374,167,500,26,,,0,,312,229,2.3752777039366
1225458623,Xu,Lily,,D.O.,I,757 60th St Fl 1,,Brooklyn,NY,36,11220,1,"Metropolitan area core: primary flow within an urbanized area of 50,000 and greater",US,Family Practice,Claim-Specialty,12515,24982.87,2780825.28,727474,1251,,12306,24584.54,2719062.2,715957,,1227,,2763,2316396.88,,9499,457990.42,,253,6437.98,,11945,2640998.14,,570,139827.14,,12113,2746107.37,,402,34717.91,,,,,,,,,,,151,907.2,140,*,,,*,,74.490007993605,24,716,325,186,680,571,,,1218,12,0,12,1182,69,1.2991171043253
1225557614,Kerling,Jaclyn,M,NP,I,5415 W Genesee St Ste 201,,Camillus,NY,36,13031,1,"Metropolitan area core: primary flow within an urbanized area of 50,000 and greater",US,Nurse Practitioner,Claim-Specialty,2179,2183.51,216833.78,39985,219,,2071,2075.01,210688.29,37823,,205,,414,171866.36,,1687,42254.59,,78,2712.83,,1530,135266.33,,649,81567.45,,1984,206220.63,,195,10613.15,111,1980.98,1245,43,5.0940798531436,,,,,,164,12804.37,73,,62,18081.49,,20,80.41095890411,14,47,74,84,145,74,189,21,,,0,,190,29,2.5395614795196
1225590557,Grimes,Courtney,A,AGNP,I,169 Riverside Dr,,Binghamton,NY,36,13905,1,"Metropolitan area core: primary flow within an urbanized area of 50,000 and greater",US,Nurse Practitioner,Claim-Specialty,5275,5325.47,405465.29,115768,195,,4019,4068.44,306133.67,90545,,166,,964,271376.17,,4274,130822.2,,37,3266.92,,3617,297277.32,,1658,108187.97,,5021,387325.7,,254,18139.59,357,10898.67,3330,47,6.7677725118483,45,6611.74,748,,12.605042016807,231,21835.11,65,,141,11087.02,,24,75.846153846154,29,56,64,46,120,75,179,,0,,0,,162,33,3.1150577386307
1225639727,Donovan,Benjamin,M,PHARMD,I,12704 Guy R Brewer Blvd,,Jamaica,NY,36,11434,1,"Metropolitan area core: primary flow within an urbanized area of 50,000 and greater",US,Pharmacist,NPPES-Taxonomy,136,138,34370.7,225,116,"#",,,,,"#",,,135,34342.06,*,,,"#",,,,57,14671.35,,79,19699.35,,21,4922.82,,115,29447.88,0,0,0,0,0,0,0,0,0,,0,0,0,*,,,*,,74.810344827586,,,,,73,43,55,43,,,0,,16,100,1.0064008220898
1235117979,Tan,Xin,,M.D.,I,4242 Colden St,Suite L17,Flushing,NY,36,11355,1,"Metropolitan area core: primary flow within an urbanized area of 50,000 and greater",US,Internal Medicine,Claim-Specialty,19028,21161.48,3714403.47,614676,289,,18916,21042.17,3691798.11,611316,"#",,,4084,2667981.04,,14560,1037727.48,,384,8694.95,,18611,3689386.79,,417,25016.68,,18178,3688480.56,,850,25922.91,20,83.76,169,13,0.10510826150935,0,0,0,0,0,473,2326.78,181,,89,12180.15,*,,75.069204152249,,,,,169,120,,,274,,0,,236,53,1.0378918685121
1235125626,Costello,Ann,R,MD,I,217 N Aurora St,,Ithaca,NY,36,14850,1,"Metropolitan area core: primary flow within an urbanized area of 50,000 and greater",US,Internal Medicine,Claim-Specialty,4627,7342.11,377071.97,197508,478,,4201,6861.61,347533.72,184418,,460,,618,251152.06,,3964,124042.98,,45,1876.93,,2437,196468.47,,2190,180603.5,,776,72388.52,,3851,304683.45,450,34269.12,11004,63,9.7255240976875,138,24420.47,4196,19,30.666666666667,197,7463.81,104,*,,,*,,76.278242677824,18,190,195,75,325,153,421,,,,0,33,47,431,0.9566230128798
1235128711,Amin,Mahendra,,M.D.,I,8902 Springfield Blvd,,Queens Village,NY,36,11427,1,"Metropolitan area core: primary flow within an urbanized area of 50,000 and greater",US,Internal Medicine,Claim-Specialty,9047,21916.82,1446484.66,637828,989,,8708,21213.98,1379140.7,618194,,938,,1310,1154810.14,,7491,225041.74,,246,66632.78,,6473,991234.53,,2574,455250.13,,4750,848644.13,,4297,597840.53,39,220.08,338,,0.43108212667182,0,0,0,,0,250,1895.38,183,,12,534.9,*,,73.847320525784,51,502,346,90,539,450,88,211,383,144,15,148,455,534,1.2823057039101
1235176355,Gandhi,Jayant,H,MD,I,80 E End Ave,Suite -14b,New York,NY,36,10028,1,"Metropolitan area core: primary flow within an urbanized area of 50,000 and greater",US,General Surgery,Claim-Specialty,3178,3372.01,220871.27,89798,135,,2752,2902.74,182670.35,78806,,119,,538,186109.13,,2554,32828.75,,86,1933.39,,2167,146763.54,,1011,74107.73,,2896,209969.12,,282,10902.15,27,158.63,359,,0.84959093769666,0,0,0,,0,37,258.79,22,*,,,*,,73.977777777778,16,55,44,20,84,51,11,,,109,0,,105,30,1.2355576718769
1235195645,Cowen,Edwin,A,MD,I,600 Northern Blvd,,Albany,NY,36,12204,1,"Metropolitan area core: primary flow within an urbanized area of 50,000 and greater",US,Internal Medicine,Claim-Specialty,10945,10945,2734280.99,11497,9213,,10547,10547,2646017.03,11069,,8886,,10937,2734190.99,*,,,*,,,,6787,1670777.04,,4158,1063503.95,,1134,279951.23,,9811,2454329.76,0,0,0,0,0,0,0,0,0,,0,0,0,*,,,*,,74.239986974927,327,4774,3337,775,5200,4013,8263,223,,140,,460,880,8333,0.92576122659337
1235208455,Wang,Richard,H,M.D.,I,13347 Sanford Ave,Suite C1f,Flushing,NY,36,11355,1,"Metropolitan area core: primary flow within an urbanized area of 50,000 and greater",US,Internal Medicine,Claim-Specialty,11248,17565.71,1710263.91,515020,309,,11212,17490.99,1709740.18,512860,"#",,,1933,1425938.53,,9046,279446.46,,269,4878.92,,10958,1683994.21,,290,26269.7,,10685,1635334.13,,563,74929.78,,,,,,,,,,,110,703.05,75,,0,0,*,,72.184466019417,,,,,143,166,,,296,,0,,273,36,0.98774650993798
1235227018,Agustin,Maria Lourdes,S,M.D.,I,240 Willoughby St,Suite No. 19c,Brooklyn,NY,36,11201,1,"Metropolitan area core: primary flow within an urbanized area of 50,000 and greater",US,Internal Medicine,Claim-Specialty,8427,21922.52,398312.72,640319,699,,8151,21330.06,381734.19,623156,,675,,830,257617.36,,7453,136731.89,,144,3963.47,,8395,390031.82,,32,8280.9,,1041,69101.59,,7386,329211.13,424,9048.17,9725,105,5.0314465408805,36,1479.77,1061,,8.4905660377358,237,3097.72,151,,0,0,,0,74.540772532189,24,348,251,76,467,232,323,78,73,196,,,76,623,1.0427145653647
1235278128,Ferguson,Walter,L,M.D.,I,40 Kings Dr,,Tuxedo Park,NY,36,10987,2,"Metropolitan area high commuting: primary flow 30% or more to a urbanized area of 50,000 and greater",US,Internal Medicine,NPPES-Specialty,694,991.62,114245.32,27657,42,,694,991.62,114245.32,27657,,42,,164,100153.47,,518,13963.85,,12,128,,25,1665.22,,669,112580.1,"#",,,*,,,,,,,,,,,,,12,199.97,,,0,0,,0,72.595238095238,0,27,,,17,25,29,,0,,0,,,,0.55682142857143
1235281866,Cirillo,Vincenzo,A,MD,I,158 Lockwood Ave,,New Rochelle,NY,36,10801,1,"Metropolitan area core: primary flow within an urbanized area of 50,000 and greater",US,Internal Medicine,Claim-Specialty,10200,11784.79,839865.63,308167,334,,9720,11266.82,782200.9,294168,,313,,1688,552093.76,,8488,287258.97,,24,512.9,,2818,212538.64,,7382,627326.99,,8322,740988.77,,1878,98876.86,149,4978.32,3670,34,1.4607843137255,22,2088.69,585,,14.765100671141,264,33100.63,104,,543,86916.49,,56,79.323353293413,21,97,100,116,194,140,208,79,,36,0,,218,116,2.0495987313431
1235341959,Trikounakis,Steve,,RPA-C,I,2 Suffern Ln,,Garnerville,NY,36,10923,1,"Metropolitan area core: primary flow within an urbanized area of 50,000 and greater",US,Physician Assistant,NPPES-Specialty,20435,32552.23,3346176.05,953298,765,,17259,28026.01,2902988.55,822078,,641,,3779,2892971.94,,16168,443071.88,,488,10132.23,,19106,3138607.34,,1329,207568.71,,19508,3270130.66,,927,76045.39,178,1208.75,4652,36,0.87105456324933,0,0,0,0,0,289,18341.47,192,,88,3307.47,,19,70.857516339869,124,410,168,63,512,253,,15,,731,0,,693,72,1.3102341489414
1235342155,Farquhar,Lori,E,,I,6805 Mcalpine St,,Lyons Falls,NY,36,13368,10,"Rural areas: primary flow to a tract outside a urbanized area of 50,000 and greater or UC",US,Pharmacist,NPPES-Taxonomy,15,15,4175.76,15,15,"#",,,,,"#",,,15,4175.76,,0,0,,0,0,*,,,*,,,*,,,"#",,,0,0,0,0,0,0,0,0,0,,0,0,0,*,,,*,,75.066666666667,,,,,,,15,0,0,0,0,0,,,0.6808
1417049727,Liakeas,George,P,M.D.,I,"180 E 79th St # 1c",,New York,NY,36,10075,1,"Metropolitan area core: primary flow within an urbanized area of 50,000 and greater",US,Family Practice,Claim-Specialty,2517,4693.81,353430.59,126964,482,,2295,4339.14,310552.39,117421,,454,,596,280564.62,,1883,71227.67,,38,1638.3,,890,132731.97,,1627,220698.62,,272,68345.49,,2245,285085.1,44,669.18,741,14,1.7481128327374,0,0,0,0,0,77,4562.29,40,,0,0,,0,75.261410788382,28,208,169,77,295,187,311,51,,50,,43,76,406,1.0594727189429
1417053240,Wu,Lih Lih,,MD,I,6018 7th Ave,,Brooklyn,NY,36,11220,1,"Metropolitan area core: primary flow within an urbanized area of 50,000 and greater",US,Internal Medicine,Claim-Specialty,3814,6651.12,466275.51,191477,166,,3647,6423.02,443398.58,185368,"#",,,599,374584.68,,3120,89479.93,,95,2210.9,,3707,453858.91,,107,12416.6,,3682,463541.64,,132,2733.87,17,773.67,411,,0.44572627163083,0,0,0,,0,99,641.78,61,,0,0,*,,70.385542168675,,,,,88,78,,,156,,0,,155,11,1.0746881906838
1417098310,Zeiger,Douglas,J,,I,109 E.38th Street,,New York,NY,36,10016,1,"Metropolitan area core: primary flow within an urbanized area of 50,000 and greater",US,Infectious Disease,Claim-Specialty,761,1338.21,429182.46,34820,143,,666,1157.21,320575.73,29434,"#",,"#",,,,528,81591.99,*,,,,196,201649.35,,565,227533.11,,170,161674.83,,591,267507.63,0,0,0,0,0,0,0,0,0,,87,1298.35,71,*,,,*,,73.825174825175,,,,,68,75,104,,,,0,13,12,131,0.85093537800978
1417149030,Fears,Melissa,,M.D.,I,2257 Adam Clayton Powell Jr Blvd,,New York,NY,36,10027,1,"Metropolitan area core: primary flow within an urbanized area of 50,000 and greater",US,Internal Medicine,Claim-Specialty,3717,7171.34,609330.89,208606,405,,3285,6341.38,539827.36,184894,,343,,618,530129.98,,2979,72964.76,,120,6236.15,,3092,509363.1,,625,99967.79,,2612,483419.3,,1105,125911.59,,,,,,,,,,,52,479,42,*,,,*,,72.133333333333,62,162,143,38,247,158,12,297,,76,,15,274,131,1.8055096106039
1417202615,Solar Alvarez,Vanessa,R,M.D,I,1065 Southern Blvd,,Bronx,NY,36,10459,1,"Metropolitan area core: primary flow within an urbanized area of 50,000 and greater",US,Internal Medicine,NPPES-Taxonomy,9395,21835.68,2049703.44,649345,501,,9361,21799.68,2046506.14,648265,"#",,,1666,1797206.44,,7545,247142.93,,184,5354.07,,8961,1931567.44,,434,118136,,9100,1998300.66,,295,51402.78,16,201.61,388,,0.17030335284726,0,0,0,,0,37,400.44,31,,31,458.08,*,,81.590818363273,,,,,361,140,15,15,,467,0,,456,45,1.6500720407991
1417203456,Yeung,Joyce,M,NP,I,5517 7th Ave,"#1",Brooklyn,NY,36,11220,1,"Metropolitan area core: primary flow within an urbanized area of 50,000 and greater",US,Nurse Practitioner,Claim-Specialty,15628,21405.49,4351851.64,621694,741,,15436,21152.49,4289519.81,614336,,730,,5416,4022742.25,,9949,322856.25,,263,6253.14,,14688,4039746.58,,940,312105.06,,15405,4307524.81,,223,44326.83,0,0,0,0,0,0,0,0,0,,112,5518.85,94,,13,225.69,*,,73.093117408907,11,473,211,46,396,345,,0,732,,0,,713,28,1.1297835693079
1417242413,Rizkalla,Jessica,E,PA-C,I,155 Crystal Run Rd,,Middletown,NY,36,10941,1,"Metropolitan area core: primary flow within an urbanized area of 50,000 and greater",US,Physician Assistant,Claim-Specialty,503,503,94700.62,1744,422,,479,479,92685,1541,,402,,376,93174.57,,116,1418.25,,11,107.8,,109,16624.75,,394,78075.87,,55,6316.63,,448,88383.99,,,,,,,,,,,64,803.66,59,,0,0,,0,74.388625592417,20,192,172,38,247,175,352,14,17,20,0,19,42,380,1.1096504690158
1417270026,Kiszelewski,Renee,,RPH,I,1750 Genesee St,,Utica,NY,36,13502,1,"Metropolitan area core: primary flow within an urbanized area of 50,000 and greater",US,Pharmacist,NPPES-Taxonomy,33,33,8562.74,33,32,"#",,,,,"#",,,33,8562.74,,0,0,,0,0,"#",,,*,,,*,,,"#",,,0,0,0,0,0,0,0,0,0,,0,0,0,*,,,*,,72.75,,,,,20,12,26,,0,,0,,,,0.9859296875
1417276965,Sapovits,John,D,NP,I,127 E State St,,Gloversville,NY,36,12078,4,"Micropolitan area core: primary flow within an urban cluster of 10,000 to 49,999",US,Nurse Practitioner,Claim-Specialty,5697,6124.04,506811.18,170535,389,,2812,3063.19,238538.78,84738,,219,,582,298763.81,,5084,207512.82,,31,534.55,,235,25033.87,,5462,481777.31,,5599,495270.38,,98,11540.8,26,238.66,256,18,0.45638055116728,0,0,0,0,0,134,1747.71,89,,61,3304.64,,13,64.344473007712,170,115,67,37,193,196,335,25,,20,0,,341,48,1.7556913077791
1417279696,Shpak,Olivia,G,RPH,I,315 W 23rd St,,New York,NY,36,10011,1,"Metropolitan area core: primary flow within an urbanized area of 50,000 and greater",US,Pharmacist,NPPES-Taxonomy,16,16,4844.35,16,16,,16,16,4844.35,16,,16,,16,4844.35,,0,0,,0,0,,0,0,,16,4844.35,,0,0,,16,4844.35,0,0,0,0,0,0,0,0,0,,0,0,0,,0,0,,0,75.875,0,,,,,,14,,,0,0,0,0,16,1.0605625
1417289018,Roes,Gary,J,"BS, R.PH.",I,1250 Old Country Rd,,Westbury,NY,36,11590,1,"Metropolitan area core: primary flow within an urbanized area of 50,000 and greater",US,Pharmacist,NPPES-Taxonomy,17,17,3029.57,75,17,,17,17,3029.57,75,,17,,17,3029.57,,0,0,,0,0,*,,,"#",,,,0,0,,17,3029.57,0,0,0,0,0,0,0,0,0,,0,0,0,,0,0,,0,73.117647058824,0,,,0,,,,0,,,0,,0,17,0.72052941176471
1417300138,Esposito,Rhonda,M,NP,I,433 River St Ste 3000,,Troy,NY,36,12180,1,"Metropolitan area core: primary flow within an urbanized area of 50,000 and greater",US,Nurse Practitioner,Claim-Specialty,3806,7800.33,634694.82,222679,228,,3378,6900.52,554754.65,196755,,209,,605,523854.8,,3149,107366.15,,52,3473.87,,2352,367442.09,,1454,267252.73,,2065,344253.84,,1741,290440.98,188,7176.6,4908,52,4.9395691014188,,,,,,191,10970.04,94,,83,7634.83,,24,81.092105263158,19,34,82,93,162,66,196,18,,,0,,92,136,2.4438687396968
1417301375,Yao,Yuan,,,I,833 58th St,,Brooklyn,NY,36,11220,1,"Metropolitan area core: primary flow within an urbanized area of 50,000 and greater",US,Internal Medicine,Claim-Specialty,6420,12140.56,1364032.84,349098,478,,6335,11976.56,1349536.02,344318,,465,,1387,1155165.51,,4930,206611.26,,103,2256.07,,5891,1206946.44,,529,157086.4,,6261,1352421.85,,159,11610.99,0,0,0,0,0,0,0,0,0,,90,1504.86,59,,14,119.22,*,,72.824267782427,13,305,106,54,230,248,,,463,,0,,455,23,0.98211637591365
1417419078,Alvarenga Montoya,Jorge,D,MD,I,436 Hinsdale Rd,,Camillus,NY,36,13031,1,"Metropolitan area core: primary flow within an urbanized area of 50,000 and greater",US,Family Practice,Claim-Specialty,4937,11177.21,381229.81,321460,758,,4595,10562.37,345907.96,303843,,709,,449,292186.61,,4465,88775.24,,23,267.96,,3645,292553.2,,1292,88676.61,,405,43026.98,,4532,338202.83,78,6257.82,1934,29,1.5799068260077,16,4358.11,480,,20.512820512821,215,1900.75,176,*,,,*,,73.411609498681,49,411,222,76,412,346,713,12,,,0,30,67,691,1.212820601339
1417454182,Vera,Kenneth,,MD,I,160 W 26th St Fl 3,,New York,NY,36,10001,1,"Metropolitan area core: primary flow within an urbanized area of 50,000 and greater",US,Internal Medicine,Claim-Specialty,3298,6927.77,497290.15,201626,296,,2857,6175.5,380983.63,179808,,265,,529,422380.15,,2749,74411.64,,20,498.36,,1732,194940.63,,1566,302349.52,,1828,307775.37,,1470,189514.78,47,338.71,425,12,1.4251061249242,0,0,0,0,0,38,352.66,26,*,,,*,,72.858108108108,31,137,96,32,131,165,156,31,,74,,26,119,177,1.379826538324
1417479692,Motieian,Mahtab,,MD,I,150 Eileen Way Unit 1,,Syosset,NY,36,11791,1,"Metropolitan area core: primary flow within an urbanized area of 50,000 and greater",US,Internal Medicine,Claim-Specialty,7437,7975.28,516752.71,211539,305,,7365,7902.28,506951.11,209877,,291,,1124,366081.84,,6261,147744.96,,52,2925.91,,2254,168433.77,,5183,348318.94,,1190,81210.22,,6247,435542.49,44,426.13,759,24,0.59163641253193,,,,,,247,10193.85,116,,201,2971.22,,26,83.547540983607,14,46,81,164,211,94,234,33,,29,0,,82,223,1.7642213114754
1417680794,Meade,Thomas,J,PHARM. D.,I,730 Franklin Ave,,Franklin Square,NY,36,11010,1,"Metropolitan area core: primary flow within an urbanized area of 50,000 and greater",US,Pharmacist,NPPES-Taxonomy,17,17,3694.43,17,17,"#",,,,,"#",,,17,3694.43,,0,0,,0,0,,0,0,,17,3694.43,*,,,"#",,,0,0,0,0,0,0,0,0,0,,0,0,0,*,,,*,,72.529411764706,,,,,,,11,,,0,0,,,,0.73023529411765
1417688920,Hernandez,Tabata,E,MD,I,4422 3rd Ave,,Bronx,NY,36,10457,1,"Metropolitan area core: primary flow within an urbanized area of 50,000 and greater",US,Student in an Organized Health Care Education/Training Program,NPPES-Taxonomy,759,1433.79,119433.66,42068,135,,620,1209.69,93957.65,35530,,112,"#",,,,606,11742.82,*,,,,674,99875.02,,85,19558.64,,717,116211.7,,42,3221.96,0,0,0,0,0,0,0,0,0,,,,,*,,,*,,71.288888888889,23,64,33,15,82,53,,31,,93,0,,122,13,1.9292865362036
1417903295,Margulis,Steven,M,MD,I,90 South Bedford Road,"Care Mount Medical, Pc",Mount Kisco,NY,36,10549,1,"Metropolitan area core: primary flow within an urbanized area of 50,000 and greater",US,Internal Medicine,Claim-Specialty,5127,12988.35,519748.7,382124,825,,5102,12931.35,517796.95,380429,,814,,475,400576.65,,4617,118584.95,,35,587.1,,1647,181867.18,,3480,337881.52,,271,35862.11,,4856,483886.59,21,133.71,372,,0.40959625511995,0,0,0,,0,115,1954.78,102,*,,,*,,76.192727272727,11,368,317,129,308,517,720,,22,16,,61,42,783,1.0350271139971
1417912031,Chan,Melissa,M,M.D.,I,139 Centre Street,Suite Ph 104,New York,NY,36,10013,1,"Metropolitan area core: primary flow within an urbanized area of 50,000 and greater",US,Internal Medicine,Claim-Specialty,8600,17944.81,2199304.51,525969,383,,8149,17033.54,2088892.94,498945,,366,,1962,1926257.85,,6382,264565.85,,256,8480.81,,6713,1637697.15,,1887,561607.36,,7461,2034082.45,,1139,165222.06,14,20.21,117,,0.16279069767442,0,0,0,,0,104,1265.23,79,*,,,*,,75.284595300261,17,185,115,66,279,104,18,22,298,22,0,23,275,108,1.1978038518661
1417914029,Cohen,Scott,A,M.D.,I,1 Atwell Rd,,Cooperstown,NY,36,13326,10,"Rural areas: primary flow to a tract outside a urbanized area of 50,000 and greater or UC",US,Family Practice,Claim-Specialty,1928,3961.89,266456.96,111297,362,,1793,3633.22,245909.71,101567,,344,"#",,,,1406,35286.93,*,,,,1127,160756.59,,801,105700.37,,286,44018.47,,1642,222438.49,16,163.71,171,,0.8298755186722,0,0,0,,0,,,,,0,0,,0,74.671270718232,18,172,134,38,185,177,350,,,0,0,11,49,313,0.91462756923332
1417923434,Woglom,Russell,C,MD,I,130 Center Way,,Corning,NY,36,14830,4,"Micropolitan area core: primary flow within an urban cluster of 10,000 to 49,999",US,Internal Medicine,Claim-Specialty,7772,18165.09,1140321.23,538778,507,,6872,16738.3,1031598.09,496795,,443,,978,943477.97,,6710,192648.81,,84,4194.45,,3632,551769.03,,4140,588552.2,,2186,348470.92,,5586,791850.31,90,3788.56,2216,37,1.1580030880082,,,,,,82,902.78,61,,57,3557.76,,14,74.293885601578,64,176,177,90,218,289,472,,,,0,28,114,393,1.3277084357888
1417949421,Dave,Hirendra,J,MD,I,110 Lockwood Ave,Suite 202,New Rochelle,NY,36,10801,1,"Metropolitan area core: primary flow within an urbanized area of 50,000 and greater",US,Family Practice,Claim-Specialty,7472,12358.24,967247.46,341520,422,,7048,11672.63,886882.35,322054,,393,,1304,801687.28,,6090,161791.05,,78,3769.13,,2578,301329.08,,4894,665918.38,,4411,459195.62,,3061,508051.84,51,498.19,1043,25,0.68254817987152,0,0,0,0,0,328,6710.67,171,,83,4189.63,,15,76.850710900474,29,155,141,97,272,150,154,125,50,57,0,36,178,244,1.832205327285
1417987694,Tota-Thurn,Catherine,,D.O.,I,30 N Union Rd,,Williamsville,NY,36,14221,1,"Metropolitan area core: primary flow within an urbanized area of 50,000 and greater",US,Family Practice,Claim-Specialty,6078,15127.31,370649.17,448470,655,,5789,14540.49,355192.48,431234,,621,,593,244016.9,,5437,124501.78,,48,2130.49,,5100,301644.38,,978,69004.79,,917,75767.53,,5161,294881.64,,,,,,,,,,,72,441.63,54,,13,102.42,*,,73.058015267176,34,379,187,55,556,99,598,28,,,0,20,79,576,0.97637739348766
1417993932,Bellot,Victoria,,MD,I,9229 Queens Blvd Ste 2a,,Rego Park,NY,36,11374,1,"Metropolitan area core: primary flow within an urbanized area of 50,000 and greater",US,Nephrology,Claim-Specialty,4286,8291.15,1677474.89,242969,485,,3810,7548.18,1507704.36,221522,,452,,1092,1546638.67,,3134,129031.36,,60,1804.86,,2657,1207494.95,,1629,469979.94,,3585,1327023.15,,701,350451.74,,,,,,,,,,,79,904.97,60,*,,,*,,75.298969072165,33,201,178,73,237,248,102,52,65,227,,,351,134,2.8214686705372
1427004522,Neifeld,Gary,L,MD,I,241 North Rd,,Poughkeepsie,NY,36,12601,1,"Metropolitan area core: primary flow within an urbanized area of 50,000 and greater",US,Emergency Medicine,Claim-Specialty,5138,5186.66,1238101.06,8529,3953,,4901,4949.66,1189588.57,8232,,3784,,5004,1234838.35,"#",,,*,,,,2444,585261.82,,2694,652839.23999999,,632,152015.04,,4506,1086086.02,0,0,0,0,0,0,0,0,0,,52,561.55,50,,0,0,,0,74.361750569188,169,1952,1456,376,2156,1797,3332,134,,177,,213,448,3505,0.97201151453353
1427030097,Sumner,Jonathan,H,M.D.,I,30 Hempstead Ave,Suite H 8,Rockville Centre,NY,36,11570,1,"Metropolitan area core: primary flow within an urbanized area of 50,000 and greater",US,Internal Medicine,Claim-Specialty,438,782.96,58114.4,18581,203,,398,689.13,56049.63,15907,"#",,,174,52421.75,,264,5692.65,,0,0,,221,16093.58,,217,42020.82,,160,14661.48,,278,43452.92,,,,,,,,,,,,,,,0,0,*,,75.374384236453,,,,,115,88,140,41,,,0,13,44,159,1.176135308465
1427033349,Margie,Walter,E,M.D.,I,16 Brentwood Dr,,Ithaca,NY,36,14850,1,"Metropolitan area core: primary flow within an urbanized area of 50,000 and greater",US,Internal Medicine,Claim-Specialty,5967,13630.02,704935.99,400833,637,,5540,12942.69,666512.57,381253,,588,,719,587742.37,,5206,115809.55,,42,1384.07,,3467,431501.34,,2500,273434.65,,1385,205775.41,,4582,499160.58,80,2183.11,1279,25,1.3407072230602,,,,,,61,1004.95,45,,23,322.49,*,,74.07535321821,49,281,246,61,286,351,538,26,21,11,0,41,147,490,1.059338436762
1427046853,Cooke,John,D,M.D.,I,4435 Seneca Rd,,Trumansburg,NY,36,14886,2,"Metropolitan area high commuting: primary flow 30% or more to a urbanized area of 50,000 and greater",US,Family Practice,Claim-Specialty,3134,6862.42,385100.78,199561,320,,3017,6690.15,366962.25,194689,,296,,356,317588.8,,2743,66710.13,,35,801.85,,1671,189931.24,,1463,195169.54,,636,78590.56,,2498,306510.22,42,900.58,645,20,1.3401403956605,,,,,,58,2905.79,42,*,,,*,,73.290625,24,164,103,29,156,164,300,0,,,0,16,53,267,0.96400470808753
1427078054,Roche,Sean,P,MD,I,391 Myrtle Avenue,Suite 4a,Albany,NY,36,12208,1,"Metropolitan area core: primary flow within an urbanized area of 50,000 and greater",US,Family Practice,Claim-Specialty,1376,3531.55,156985.49,102792,217,,1268,3312.15,140860.98,96664,,197,,171,132441.56,,1187,23255.13,,18,1288.8,,1003,123582.43,,373,33403.06,,355,43982.39,,1021,113003.1,,,,,,,,,,,16,164.2,12,,0,0,,0,73.967741935484,20,97,72,28,118,99,162,28,,,0,13,45,172,1.1129347158218
1427095686,Yu,Kyi,W,MD,I,8704a Rockaway Beach Blvd,,Rockaway Beach,NY,36,11693,1,"Metropolitan area core: primary flow within an urbanized area of 50,000 and greater",US,Family Practice,NPPES-Specialty,34698,51901.61,6187439.08,1476069,1587,,28617,44316.2,5119706.4,1263238,,1396,,6136,4139823.17,,28000,2028150.98,,562,19464.93,,15415,2423461.11,,19283,3763977.97,,30881,5692489.51,,3817,494949.57,811,14999.2,13320,119,2.3373105078102,23,836.1,690,,2.8360049321825,1517,50979.77,706,,356,49829.67,,58,71.349086326402,191,912,330,154,855,732,1062,112,,352,,53,1268,319,1.2483481834175
1427109826,Blumenthal,David,S,M.D.,I,407 E 70th St,,New York,NY,36,10021,1,"Metropolitan area core: primary flow within an urbanized area of 50,000 and greater",US,Cardiology,Claim-Specialty,11647,27151.72,3273838.68,806951,775,"#",,,,,"#",,"#",,,,9152,289929.81,*,,,,723,122632.01,,10924,3151206.67,,82,7097.25,,11565,3266741.43,12,78.55,299,,0.103030823388,0,0,0,,0,180,3524.81,108,*,,,*,,77.590967741935,,,,,326,449,677,,13,,0,80,,,0.92100141588293
1427152750,Hernandez,Renee,,MD,I,888 East 163rd,"#3",Bronx,NY,36,10459,1,"Metropolitan area core: primary flow within an urbanized area of 50,000 and greater",US,Internal Medicine,Claim-Specialty,16235,30039.36,3027368.62,866861,541,,14095,26371.62,2584791.07,761934,,467,,3011,2754240.58,,12994,262673.54,,230,10454.5,,15201,2880812.3,,1034,146556.32,,14811,2868176.71,,1424,159191.91,59,269.05,1194,23,0.36341238065907,0,0,0,0,0,894,9630.96,361,,95,119090.17,,22,73.890942698706,74,206,183,78,339,202,,41,,486,,,432,109,1.7479571257953
1427168004,Oliva,Anthony,F,DO,I,409 Foster Ave,,Elmira,NY,36,14905,1,"Metropolitan area core: primary flow within an urbanized area of 50,000 and greater",US,Family Practice,NPPES-Specialty,229,229,60149.1,229,213,,213,213,56591.21,213,,198,,229,60149.1,,0,0,,0,0,,130,33475.91,,99,26673.19,,54,13387.57,,175,46761.53,0,0,0,0,0,0,0,0,0,,0,0,0,,0,0,,0,72.760563380282,15,112,75,11,121,92,112,31,,60,0,,38,175,1.3055154946788
1427176478,Bolduc,Sarah,J,M.D.,I,89 Genesee St,"Bk Bldg., 3rd Floor",Rochester,NY,36,14611,1,"Metropolitan area core: primary flow within an urbanized area of 50,000 and greater",US,Internal Medicine,Claim-Specialty,1207,1915.19,302660.03,50603,247,,542,878.9,115732.31,23008,,120,,380,270760.15,,815,31199.45,,12,700.43,,1048,264437.1,,159,38222.93,,945,206155.98,,262,96504.05,,,,,,,,,,,,,,*,,,*,,61.627530364372,127,91,,,112,135,147,56,,38,0,,167,80,1.4016377090891
1427207786,Horn,Joshua,G,RPH,I,111 E Green St,Dan Horn Pharmacy,Olean,NY,36,14760,4,"Micropolitan area core: primary flow within an urban cluster of 10,000 to 49,999",US,Pharmacist,NPPES-Taxonomy,104,104,25566.24,104,91,"#",,,,,"#",,,104,25566.24,,0,0,,0,0,,88,21504.89,,16,4061.35,,28,7087.17,,76,18479.07,0,0,0,0,0,0,0,0,0,,0,0,0,*,,,*,,73.824175824176,,,,,49,42,87,,0,,0,,21,70,1.083924415567
1427226406,Marsh,Karen,L,"RPH, B.S.",I,3852 Main St,,Stone Ridge,NY,36,12484,2,"Metropolitan area high commuting: primary flow 30% or more to a urbanized area of 50,000 and greater",US,Pharmacist,NPPES-Taxonomy,80,80,22345.28,80,80,"#",,,,,"#",,,80,22345.28,,0,0,,0,0,,26,7146.61,,54,15198.67,*,,,"#",,,0,0,0,0,0,0,0,0,0,,0,0,0,*,,,*,,73.1625,,,,,45,35,67,,0,,0,,,,0.76048333333333
1427269257,Guo,Xiaojun,,M.D.,I,13668 Roosevelt Ave Unit 5d,,Flushing,NY,36,11354,1,"Metropolitan area core: primary flow within an urbanized area of 50,000 and greater",US,Internal Medicine,Claim-Specialty,5718,8932.72,1604386.26,259204,253,,5603,8751.25,1539919.72,253977,"#",,,1552,1429389.38,,4049,172215.47,,117,2781.41,,5526,1551640.53,,192,52745.73,,5317,1553678.7,,401,50707.56,,,,,,,,,,,116,2048.7,73,*,,,*,,72.731225296443,,,,,142,111,11,,226,,0,,202,51,1.0747671957672
1427301902,Jeong,Yunkyoung,,NP,I,7311 41st Ave,,Woodside,NY,36,11377,1,"Metropolitan area core: primary flow within an urbanized area of 50,000 and greater",US,Nurse Practitioner,Claim-Specialty,19350,21899.81,3485212.68,634710,568,,19219,21743.81,3461318.19,630139,"#",,,5014,3151124.7,,14146,329105.26,,190,4982.72,,18193,3219739.36,,1157,265473.32,,19039,3472213.25,,311,12999.43,14,118.38,157,11,0.07235142118863,0,0,0,0,0,326,2826.3,177,,117,1640.58,*,,74.792253521127,,,,,349,219,,,515,,0,37,542,26,1.1121833402035
1427317957,Poupalos,Shannon,,M.D.,I,325 Essjay Rd,,Williamsville,NY,36,14221,1,"Metropolitan area core: primary flow within an urbanized area of 50,000 and greater",US,Internal Medicine,Claim-Specialty,10361,23004.22,1027127.68,673322,837,,9621,21619.32,949134.33,633327,,785,,1359,833323.22,,8880,190148.56,,122,3655.9,,7829,768747.4,,2532,258380.28,,1631,216977.47,,8730,810150.21,235,19994.1,6166,60,2.268120837757,20,16609.09,600,,8.5106382978723,224,1458.98,156,,18,232.68,*,,75.271206690562,52,361,293,131,637,200,765,28,,,0,28,96,741,1.3189060808008
1427324847,Leung,Ho Ning,,M.D.,I,4235 Main St Ste 3n,,Flushing,NY,36,11355,1,"Metropolitan area core: primary flow within an urbanized area of 50,000 and greater",US,Family Practice,Claim-Specialty,14144,26205.38,2642702.52,766438,759,,14035,26027.18,2625036.26,761230,"#",,,2678,2152924.14,,11326,484186.59,,140,5591.79,,13243,2516801.39,,901,125901.13,,12663,2494705.22,,1481,147997.3,18,98.42,451,,0.12726244343891,0,0,0,,0,208,1176.5,164,,14,198.69,*,,74.139657444005,,,,,425,334,,,730,,0,18,590,169,1.1218203253969
1427326065,Gao,Pei,,M.D.,I,3916 Prince St Ste 257,,Flushing,NY,36,11354,1,"Metropolitan area core: primary flow within an urbanized area of 50,000 and greater",US,Internal Medicine,Claim-Specialty,20378,27100.63,2285943.94,778821,536,,20046,26675.62,2258172.93,766826,"#",,,3035,1843295.27,,16848,432103.07,,495,10545.6,,19831,2240714.51,,547,45229.43,,19448,2207330.63,,930,78613.31,15,111.45,100,12,0.073608793797232,0,0,0,0,0,460,2891.91,238,,555,13946.74,*,,72.147388059701,,,,,303,233,,,496,13,0,13,464,72,1.0223037986667
1427343722,Kanahara,Satoko,,MD,I,975 Westchester Ave,,Bronx,NY,36,10459,1,"Metropolitan area core: primary flow within an urbanized area of 50,000 and greater",US,Internal Medicine,Claim-Specialty,2727,5661.59,1499138.84,166848,189,,1925,4060.85,867758.57,120290,,120,,709,1438974.65,,1922,58286.56,,96,1877.63,,2427,1310148.6,,300,188990.24,,2542,1375476.05,,185,123662.79,,,,,,,,,,,30,349.21,19,,0,0,,0,64.915343915344,69,85,,,114,75,,54,,120,0,,171,18,1.3511336395757
1427347509,Venci,Nicholas,M,M.D.,I,140 Canal View Blvd Ste 102,,Rochester,NY,36,14623,1,"Metropolitan area core: primary flow within an urbanized area of 50,000 and greater",US,Cardiology,Claim-Specialty,5140,11925.79,1011028.22,330976,1672,,4744,11058.28,960004.11,307065,,1555,,1594,914555.05,,3546,96473.17,,0,0,,4088,795535.8,,1052,215492.42,,995,197396.66,,4145,813631.56,0,0,0,0,0,0,0,0,0,,,,,,0,0,,0,74.189593301435,117,781,591,183,802,870,1405,118,24,49,0,76,288,1384,1.2551212904594
1427370717,Byun,Ellie,S,RPH,I,16 Weyman Ave,,New Rochelle,NY,36,10805,1,"Metropolitan area core: primary flow within an urbanized area of 50,000 and greater",US,Pharmacist,NPPES-Taxonomy,170,170,45486.48,170,152,"#",,,,,"#",,,170,45486.48,,0,0,,0,0,,83,22313.68,,87,23172.8,,17,3906.63,,153,41579.85,0,0,0,0,0,0,0,0,0,,0,0,0,*,,,*,,73.473684210526,,,,,89,63,94,15,29,,0,,12,140,0.89505837231904
1427380518,Miller,Laura,A,RPH,I,1125 Ridge Rd,,Webster,NY,36,14580,1,"Metropolitan area core: primary flow within an urbanized area of 50,000 and greater",US,Pharmacist,NPPES-Taxonomy,53,53,12080.96,111,50,"#",,,,,"#",,,53,12080.96,,0,0,,0,0,"#",,,*,,,*,,,"#",,,0,0,0,0,0,0,0,0,0,,0,0,0,*,,,*,,73.26,,,,,28,22,48,,0,0,0,,,,0.83802
1427439868,Martinez,Phillip Rico,S,M.D.,I,279 E 3rd St,,New York,NY,36,10009,1,"Metropolitan area core: primary flow within an urbanized area of 50,000 and greater",US,Internal Medicine,NPPES-Specialty,11265,19997.19,1732654.1,590363,479,,9459,17138.78,1485629.93,506576,,383,,2136,1494514.99,,8665,224990.76,,464,13148.35,,10729,1641385.17,,536,91268.93,,10664,1679251.34,,601,53402.76,37,89.96,433,21,0.32845095428318,0,0,0,0,0,39,254.2,34,,0,0,,0,70.265135699374,96,230,112,41,312,167,53,65,12,343,,,430,49,1.4058825987423
1427445568,Walker,Kristen,N,MD,I,2400 South Clinton Ave,"Bldg H, Ste 230",Rochester,NY,36,14618,1,"Metropolitan area core: primary flow within an urbanized area of 50,000 and greater",US,Internal Medicine,Claim-Specialty,5847,12982.36,579436.56,374809,642,,5037,11619.11,499506.32,337236,,605,,764,433089.52,,5004,143571.2,,79,2775.84,,5096,527361.79,,751,52074.77,,1806,204452.52,,4041,374984.04,161,1903.6,2122,51,2.753548828459,17,392.32,453,,10.55900621118,81,918.4,53,*,,,*,,74.359813084112,37,295,242,68,379,263,502,77,11,15,0,37,98,544,1.0426077713206
1427472695,Khavasova,Ella,,,I,49 E 52nd St,,New York,NY,36,10022,1,"Metropolitan area core: primary flow within an urbanized area of 50,000 and greater",US,Pharmacist,NPPES-Taxonomy,52,52,14712.41,52,46,,52,52,14712.41,52,,46,,52,14712.41,,0,0,,0,0,,11,3062.22,,41,11650.19,,0,0,,52,14712.41,0,0,0,0,0,0,0,0,0,,0,0,0,,0,0,,0,76.521739130435,0,,26,,14,32,38,0,,,0,,0,46,0.79471739130435
1427524933,Sanghvi,Roshni,,,I,550 1st Ave,,New York,NY,36,10016,1,"Metropolitan area core: primary flow within an urbanized area of 50,000 and greater",US,Physician Assistant,NPPES-Specialty,30,30,4530.24,240,26,,30,30,4530.24,240,,26,,15,3663.85,"#",,,*,,,*,,,"#",,,*,,,"#",,,0,0,0,0,0,0,0,0,0,,,,,,0,0,,0,76.576923076923,0,11,,,,,21,0,0,,0,,,,1.145
1427786656,Wu,Siqian,,,I,3808 Union St Ste 5a,,Flushing,NY,36,11354,1,"Metropolitan area core: primary flow within an urbanized area of 50,000 and greater",US,Physician Assistant,NPPES-Specialty,2301,3234.46,319035.32,92178,333,,2259,3184.46,307175.96,90829,"#",,,413,263615.74,,1861,54037.09,,27,1382.49,,2223,299508.28,,78,19527.04,,2263,314166.9,,38,4868.42,,,,,,,,,,,40,307.1,38,*,,,*,,73.129129129129,,,,,174,159,,,320,,0,,322,11,1.3953867378456
1437151537,Michnovicz,Jon,,M.D.,I,177 Livingston Street,Lower Level,Brooklyn,NY,36,11201,1,"Metropolitan area core: primary flow within an urbanized area of 50,000 and greater",US,Internal Medicine,Claim-Specialty,13192,13407.62,1093327.64,385960,534,,3820,3929.72,278356.77,113523,,149,,1507,575697.18,,11563,512160.87,,122,5469.59,,1349,153382.03,,11843,939945.61,,13119,1084943.15,,73,8384.49,28,269.46,727,,0.21224984839297,0,0,0,,0,120,3299.9,54,,113,8220.26,,20,54.239700374532,385,104,,,215,319,314,136,,65,,15,513,21,1.0837422523201
1437161114,Young,Clifford,U,M.D.,I,1954 Rockaway Pkwy,,Brooklyn,NY,36,11236,1,"Metropolitan area core: primary flow within an urbanized area of 50,000 and greater",US,Internal Medicine,Claim-Specialty,5474,12418.78,913204.78,367742,391,,4750,10983.23,803962.77,325387,,342,,849,812895.77,,4361,88652.28,,264,11656.73,,4701,731236.48,,773,181968.3,,3957,700982.46,,1517,212222.32,0,0,0,0,0,0,0,0,0,,18,163.66,17,*,,,*,,71.606138107417,49,207,106,29,244,147,12,307,,33,,36,234,157,0.97990343685476
1437166915,Santiago-Rosado,Livia,,M.D.,I,7901 Broadway,Room A1-9,Elmhurst,NY,36,11373,1,"Metropolitan area core: primary flow within an urbanized area of 50,000 and greater",US,Emergency Medicine,Claim-Specialty,141,141,38335.83,166,122,"#",,,,,"#",,,138,38308.66,*,,,"#",,,,45,12125.36,,96,26210.47,,22,5665.13,,119,32670.7,0,0,0,0,0,0,0,0,0,,,,,*,,,*,,77.352459016393,,,,,77,45,109,,,,0,,19,103,1.128181010929
1437187655,Emerson,Drew,T,M.D.,I,3509 Thomas Dr,Suite 4,Lakeville,NY,36,14480,2,"Metropolitan area high commuting: primary flow 30% or more to a urbanized area of 50,000 and greater",US,Family Practice,Claim-Specialty,10341,18426.24,883704.05,529067,502,,8714,16006.73,699374.83,460360,,446,,1148,652789.67,,9020,223304.93,,173,7609.45,,7695,585664.76,,2646,298039.29,,3020,286777.45,,7321,596926.6,503,24976.76,11833,76,4.8641330625665,49,10442.39,1422,,9.741550695825,262,5509.2,147,,30,728.19,*,,71.906374501992,56,250,158,38,261,241,459,,,,0,22,91,411,0.83293192340332
1437220084,Rai,Jagraj,S,MD,I,1020 Vestal Pkwy E,,Vestal,NY,36,13850,1,"Metropolitan area core: primary flow within an urbanized area of 50,000 and greater",US,Internal Medicine,Claim-Specialty,11761,27712.86,1283839.97,814813,1239,,10828,26014.5,1172985.19,767740,,1138,,1231,1000705.28,,10494,281324.36,,36,1810.33,,7552,785812.66,,4209,498027.31,,2053,255376.79,,9708,1028463.18,254,6041.23,6229,70,2.1596802992943,,,,,,137,3774.74,94,,34,3650.3,,15,75.211460855529,101,493,456,189,731,508,1139,33,22,,,31,217,1022,1.1303178353476
1437221207,Amin,Hossam,H,MD,I,6903 4th Ave,,Brooklyn,NY,36,11209,1,"Metropolitan area core: primary flow within an urbanized area of 50,000 and greater",US,Pulmonary Disease,Claim-Specialty,44853,59768.53,5840834.24,1746596,775,,37918,50763.91,5056295.11,1485822,,653,,5743,3650589.33,,36849,2105949.69,,2261,84295.22,,37212,4838518.62,,7641,1002315.62,,41411,5509007.46,,3442,331826.78,14,20.26,105,11,0.03121307381892,0,0,0,0,0,1091,10670.73,433,,21,121.58,*,,69.429677419355,122,466,151,36,291,484,375,,85,41,,238,648,127,1.3271834534893
1437224755,Fazio,Shawn,E,MD,I,8100 Oswego Road,Suite 220,Liverpool,NY,36,13090,1,"Metropolitan area core: primary flow within an urbanized area of 50,000 and greater",US,Family Practice,Claim-Specialty,9166,21095.51,804711.01,616798,645,,8309,19632.54,733406.03,574301,,604,,959,593705.05,,8130,207473.74,,77,3532.22,,6613,513761.13,,2553,290949.88,,1374,123141.39,,7792,681569.62,269,24605.3,7486,49,2.9347588915557,40,16254.15,1200,,14.869888475836,330,3508.37,199,,20,329.85,*,,73.418604651163,41,325,219,60,330,315,603,,,,,31,63,582,1.038194511589
1437239068,Dixit,Krishna,K,MD,I,338 Meadow Avenue,,Newburgh,NY,36,12550,1,"Metropolitan area core: primary flow within an urbanized area of 50,000 and greater",US,Internal Medicine,Claim-Specialty,8652,10420.05,644502.3,269701,314,,7930,9513.72,575546.16,247448,,286,,1599,444156.52,,7022,197890.15,,31,2455.63,,4886,373963.75,,3766,270538.55,,7339,534203.73,,1313,110298.57,176,4877.76,4120,45,2.0342117429496,13,2134.73,375,,7.3863636363636,216,7863.92,111,,305,27194.9,,35,78.369426751592,28,91,93,102,201,113,229,38,,38,0,,203,111,1.8634000685103
1437258134,Mukhtar,Mohammad,J,M.D.,I,178 Sunrise Hwy,,Rockville Centre,NY,36,11570,1,"Metropolitan area core: primary flow within an urbanized area of 50,000 and greater",US,Family Practice,Claim-Specialty,6901,14256.59,601332.74,414390,705,,6203,13082.84,527722.81,381184,,627,,695,436144.86,,6166,163108.88,,40,2079,,3969,341582.65,,2932,259750.09,,3060,272347.02,,3841,328985.72,83,2948.49,2177,20,1.2027242428634,0,0,0,0,0,286,4491.88,181,*,,,*,,73.28085106383,78,316,221,90,414,291,231,162,,259,,29,260,445,1.3938686292166
1437439353,Iselo,Debra,L,FNP-BC,I,1729 Burrstone Rd,,New Hartford,NY,36,13413,1,"Metropolitan area core: primary flow within an urbanized area of 50,000 and greater",US,Nurse Practitioner,Claim-Specialty,1481,1508.26,264148.86,24106,118,,1481,1508.26,264148.86,24106,,118,"#",,,,1026,23420.83,*,,,,771,62426.92,,710,201721.94,,1273,253794.25,,208,10354.61,76,3658.89,958,24,5.1316677920324,,,,,,103,1516.9,42,,37,516.61,*,,88.254237288136,0,,,81,83,35,113,0,,,0,,94,24,2.2296534278093
1437467123,Li,Yanlun,,DO,I,13630 Maple Ave Ste 2h,,Flushing,NY,36,11355,1,"Metropolitan area core: primary flow within an urbanized area of 50,000 and greater",US,Family Practice,Claim-Specialty,1766,3012.06,404508.13,85790,82,,1738,2967.6,402685.94,84597,"#",,,351,290638.27,,1373,111964.32,,42,1905.54,,1643,368306.01,,123,36202.12,,1634,393245.19,,132,11262.94,,,,,,,,,,,40,360.88,28,,0,0,*,,73.414634146341,,,,,51,31,0,,77,,0,,61,21,1.0380487804878
1437472370,Meyers,Mariam,M,PHARM.D,I,751 Hawkins Ave,,Lake Ronkonkoma,NY,36,11779,1,"Metropolitan area core: primary flow within an urbanized area of 50,000 and greater",US,Pharmacist,NPPES-Taxonomy,42,42,11119.72,42,41,,42,42,11119.72,42,,41,,42,11119.72,,0,0,,0,0,*,,,"#",,,*,,,"#",,,0,0,0,0,0,0,0,0,0,,0,0,0,,0,0,,0,77.024390243902,0,,21,,24,17,36,,,,0,0,,,0.81407317073171
1437508702,Nemeti,Alison,S,MD,I,161 Carey Rd,,Queensbury,NY,36,12804,1,"Metropolitan area core: primary flow within an urbanized area of 50,000 and greater",US,Family Practice,Claim-Specialty,3439,6699.31,462935.47,191334,624,,2368,4883.2,298677.16,140515,,510,,513,395299.67,,2871,65863.84,,55,1771.96,,2419,279615.2,,1020,183320.27,,1707,243750.26,,1732,219185.21,98,1869.22,1936,41,2.8496656004653,0,0,0,0,0,99,794.77,77,*,,,*,,70.80608974359,114,283,180,47,385,239,596,,,,0,17,182,442,1.0858179039646
1437545936,Conklin,Rebecca,,D.O.,I,1500 Portland Ave,,Rochester,NY,36,14621,1,"Metropolitan area core: primary flow within an urbanized area of 50,000 and greater",US,Internal Medicine,Claim-Specialty,3483,4834.14,193265.38,129248,280,"#",,,,,"#",,,363,131264.53,,3081,60087.19,,39,1913.66,,2930,165520.27,,553,27745.11,,1690,68102.48,,1793,125162.9,298,9210.39,5044,60,8.5558426643698,40,7221.2,1152,,13.422818791946,38,243.69,29,*,,,*,,86.357142857143,,,,,212,68,262,,,,0,,125,155,1.9217398822287
1437551967,Kalvaitis,Sandra,,,I,2015 Shore Pkwy Apt 10g,,Brooklyn,NY,36,11214,1,"Metropolitan area core: primary flow within an urbanized area of 50,000 and greater",US,Pharmacist,NPPES-Taxonomy,63,63,14917.62,63,59,"#",,,,,"#",,,63,14917.62,,0,0,,0,0,,28,6254.97,,35,8662.65,,15,3455.43,,48,11462.19,0,0,0,0,0,0,0,0,0,,0,0,0,*,,,*,,72.932203389831,,,,,41,18,28,14,,,0,,13,46,0.91351129943503
1437591849,Riggi,Larry,J,PHARM. D.,I,8 W Main St,,Le Roy,NY,36,14482,3,"Metropolitan area low commuting: primary flow 10% to <30% to a urbanized area of 50,000 and greater",US,Pharmacist,NPPES-Taxonomy,173,173,45087.49,173,152,"#",,,,,"#",,,173,45087.49,,0,0,,0,0,,153,39293.44,,20,5794.05,,20,4896.47,,153,40191.02,0,0,0,0,0,0,0,0,0,,0,0,0,*,,,*,,74.328947368421,,,,,95,57,146,,,,0,,17,135,1.037398113109
1437639259,Emiola,Oluwapemi,,PHARMD,I,2329 James St,,Syracuse,NY,36,13206,1,"Metropolitan area core: primary flow within an urbanized area of 50,000 and greater",US,Pharmacist,NPPES-Taxonomy,31,31,5731.93,31,30,"#",,,,,"#",,,31,5731.93,,0,0,,0,0,"#",,,*,,,*,,,"#",,,0,0,0,0,0,0,0,0,0,,0,0,0,*,,,*,,71.6,,,,,,,,19,0,0,0,,,,1.2173666666667
1437745379,Galiano,Alexandra,R,PHARMD,I,2585 S Seamans Neck Rd,,Seaford,NY,36,11783,1,"Metropolitan area core: primary flow within an urbanized area of 50,000 and greater",US,Pharmacist,NPPES-Taxonomy,33,33,8291.54,33,29,"#",,,,,"#",,,33,8291.54,,0,0,,0,0,,16,3892.34,,17,4399.2,*,,,"#",,,0,0,0,0,0,0,0,0,0,,0,0,0,*,,,*,,70.827586206897,,,,,16,13,,21,,0,0,0,,,1.457566091954
1447244124,Bianchi,Giulio,,MD,I,65 Rose Ave,,Staten Island,NY,36,10306,1,"Metropolitan area core: primary flow within an urbanized area of 50,000 and greater",US,Internal Medicine,Claim-Specialty,16950,27308.24,1571931.33,751274,1087,,15534,25012.36,1197180.23,686929,,1001,,2426,1247013.05,,14420,320546.77,,104,4371.51,,7813,615684.6,,9137,956246.73,,7289,856051.13,,9661,715880.2,185,3780.8,4428,59,1.0914454277286,,,,,,836,13076.62,432,,99,74782.12,,19,76.890524379025,86,353,387,261,698,389,992,,13,48,,23,314,773,1.3982169183196
1447257399,Usen,Joshua,M,D.O.,I,1416 Sweet Home Rd,Suite 12,Amherst,NY,36,14228,1,"Metropolitan area core: primary flow within an urbanized area of 50,000 and greater",US,Family Practice,Claim-Specialty,8694,17646.46,1000445.42,506960,1068,,7122,14978.55,744327.53,431336,,941,,1157,786971.75,,7466,206430.72,,71,7042.95,,7014,754869.55,,1680,245575.87,,2550,379166.58,,6144,621278.84,572,55758.97,13926,117,6.5792500575109,130,42411.32,3572,18,22.727272727273,173,1401.23,118,,25,5871.06,*,,71.497191011236,127,589,277,75,597,471,956,60,,,0,44,210,858,1.1647802262278
1447259403,Saini,Rajeev,,M.D.,I,21 N 2nd St,,Fulton,NY,36,13069,4,"Micropolitan area core: primary flow within an urban cluster of 10,000 to 49,999",US,Internal Medicine,Claim-Specialty,12045,26498.3,1240183.41,778827,825,,10900,24051.48,1068997.7,707502,,758,,1253,1005280.3,,10604,221956.07,,188,12947.04,,8779,916045.99,,3266,324137.42,,2903,390845.78,,9142,849337.63,394,11909.57,10875,73,3.2710668327107,26,6335.29,757,,6.5989847715736,258,1909.01,179,,19,1490.52,*,,74.435151515152,67,383,270,105,449,376,778,,,,0,28,144,681,1.3016842883169
1447274014,Ting,Henry,Y,MD,I,133-29 41st Road,Suite 2b,Flushing,NY,36,11355,1,"Metropolitan area core: primary flow within an urbanized area of 50,000 and greater",US,Internal Medicine,Claim-Specialty,8636,18574.62,794040.18,550331,644,,8565,18435.64,784991.86,546184,"#",,,929,519803.56,,7612,271498.54,,95,2738.08,,7458,679282.32,,1178,114757.86,,4545,486105.43,,4091,307934.75,,,,,,,,,,,66,674.08,55,,0,0,*,,75.644409937888,,,,,346,298,,,603,,0,24,283,361,0.99780442929908
1447280037,Lyons,Megan,G,M.D.,I,2400 S Clinton Ave,Bldg H Sutie 110,Rochester,NY,36,14618,1,"Metropolitan area core: primary flow within an urbanized area of 50,000 and greater",US,Internal Medicine,Claim-Specialty,5071,10332.55,398222.98,301439,552,,4856,10041.63,372377.6,293121,,524,,499,289963.3,,4541,107574.85,,31,684.83,,3985,281662.73,,1086,116560.25,,386,34874.97,,4685,363348.01,101,3703.4,2359,44,1.9917176099389,,,,,,125,6191.52,84,,18,694.93,*,,75.380434782609,28,212,239,73,369,183,500,,,,0,25,39,513,1.00133461262
1447282199,Burstein,Gale,R,MD,I,219 Bryant Street,,Buffalo,NY,36,14222,1,"Metropolitan area core: primary flow within an urbanized area of 50,000 and greater",US,Pediatric Medicine,NPPES-Specialty,35,35,5880.19,154,27,"#",,,,,"#",,,30,5076.31,*,,,"#",,,"#",,,*,,,*,,,"#",,,0,0,0,0,0,0,0,0,0,,0,0,0,*,,,*,,75.444444444444,,,,,,,27,0,0,0,0,0,,,1.0581851851852
1447328059,Boughal,Richard,P,MD,I,308 Main Street,,Northport,NY,36,11768,1,"Metropolitan area core: primary flow within an urbanized area of 50,000 and greater",US,Internal Medicine,Claim-Specialty,2640,5803.95,238081.12,165779,282,,2551,5637.12,231183.76,161026,"#",,,340,194494.47,,2286,43448.64,,14,138.01,,640,45926.1,,2000,192155.02,,328,43959.47,,2312,194121.65,,,,,,,,,,,141,1340.3,91,,0,0,*,,76.868794326241,,,,,150,132,255,,,,0,14,26,256,1.1596111111111
1447331855,Bressler,David,J,M.D.,I,800 Ayrault Rd,Suite 200,Fairport,NY,36,14450,1,"Metropolitan area core: primary flow within an urbanized area of 50,000 and greater",US,Internal Medicine,Claim-Specialty,9376,21045.35,685631.8,619092,710,,8828,20121.75,618136.95,592525,,681,,702,444526.87,,8621,238661.6,,53,2443.33,,8233,613513.68,,1143,72118.12,,798,65662.52,,8578,619969.28,282,26662.11,7462,62,3.0076791808874,28,19859.14,832,,9.9290780141844,211,1598.79,147,,40,942.45,*,,74.495774647887,29,343,253,85,384,326,641,11,,14,,38,50,660,0.95302152417912
1447365135,Markakis,Kathryn,,M.D.,I,990 South Ave,Suite 207,Rochester,NY,36,14620,1,"Metropolitan area core: primary flow within an urbanized area of 50,000 and greater",US,Internal Medicine,Claim-Specialty,2803,6498.72,184608.01,191944,225,,2687,6228.72,171254.24,183992,"#",,,203,106641.73,,2555,76052.77,,45,1913.51,,2376,155524,,427,29084.01,,598,47012.88,,2205,137595.13,77,778.91,2005,15,2.7470567249376,27,286.43,810,,35.064935064935,21,649.92,12,*,,,*,,78.017777777778,,,,,172,53,196,13,,,0,,35,190,1.0393251515152
1447368568,Zarcone,Valerie,J,DO,I,11 Peekskill Hollow Road,,Putnam Valley,NY,36,10579,1,"Metropolitan area core: primary flow within an urbanized area of 50,000 and greater",US,Internal Medicine,Claim-Specialty,4821,9777.14,709271.23,279317,523,,4593,9400.34,680769.63,269176,,494,,1001,573672,,3784,126181.17,,36,9418.06,,1296,208833.12,,3525,500438.11,,1327,197640.2,,3494,511631.03,97,10988.12,2004,47,2.0120306990251,,,,,,108,3099.6,83,,40,572.01,*,,75.193116634799,29,226,188,80,363,160,464,18,,18,,15,85,438,1.331830388005
1447418694,Tinsman,Rebecca,L,RPA C,I,520 E. 70th St.,"New York-Presbyterian Hospital, Starr 341",New York,NY,36,10022,1,"Metropolitan area core: primary flow within an urbanized area of 50,000 and greater",US,Physician Assistant,Claim-Specialty,5516,10960.5,468396.54,316783,511,,4268,9103.12,354108.81,264968,,425,,602,328641.31,,4874,137944.64,,40,1810.59,,2358,205194.26,,3158,263202.28,,2439,183843.75,,3077,284552.79,261,10679.75,5894,38,4.7316896301668,61,4814.72,1654,13,23.371647509579,71,665.87,52,,63,2964.63,,14,71.60469667319,86,217,161,47,266,245,491,,,,0,13,163,348,0.99004216891885
1447419189,Hong,Jia,,MD,I,4235 Main Street Suite 3k,,Flushing,NY,36,11355,1,"Metropolitan area core: primary flow within an urbanized area of 50,000 and greater",US,Family Practice,Claim-Specialty,7014,12986.98,807975.54,380571,345,,6982,12931.88,806261.19,379022,"#",,,961,654355.38,,5943,150370.95,,110,3249.21,,6770,783998.69,,244,23976.85,,6448,779603.26,,566,28372.28,,,,,,,,,,,65,657.01,52,,31,355.39,*,,71.788405797101,,,,,202,143,,,330,,0,,293,52,0.96336192938146
1447539507,Mack,Kristin,L,DO,I,101 Adirondack Dr Ste 2,,Ticonderoga,NY,36,12883,7,"Small town core: primary flow within an urban cluster of 2,500 to 9,999",US,Family Practice,Claim-Specialty,6536,12314.21,879953.44,349909,484,,5584,10754.85,705042.01,306515,,428,,1007,725576.24,,5427,147267.55,,102,7109.65,,3688,509348.28,,2848,370605.16,,3642,502474.76,,2894,377478.68,186,4110.19,4176,52,2.8457772337821,12,1073.45,236,,6.4516129032258,98,1816.03,77,,83,2494.49,,15,74.169421487603,56,205,139,84,332,152,468,,,,0,,194,290,1.232637752049
1447573936,Grillo,Jodi,,RPH,I,3177 Latta Rd,,Rochester,NY,36,14612,1,"Metropolitan area core: primary flow within an urbanized area of 50,000 and greater",US,Pharmacist,NPPES-Taxonomy,21,21,3678.06,50,20,"#",,,,,"#",,,21,3678.06,,0,0,,0,0,"#",,,*,,,*,,,"#",,,0,0,0,0,0,0,0,0,0,,0,0,0,*,,,*,,72.1,,,,,,,19,,0,0,0,,,,0.81573333333333
1447602503,Cohen,Deborah,,M.D.,I,507 Main St,,Johnson City,NY,36,13790,1,"Metropolitan area core: primary flow within an urbanized area of 50,000 and greater",US,Family Practice,Claim-Specialty,4719,10175.35,655087.86,300396,537,,4153,9057.87,528650.03,267373,,477,,873,568986.53,,3743,83570.06,,103,2531.27,,3272,491837.67,,1447,163250.19,,2190,373067.19,,2529,282020.67,,,,,,,,,,,46,497.88,34,*,,,*,,74.178770949721,60,221,182,74,409,128,53,269,22,173,,,209,328,1.35930452647
1447630785,Farooq,Khurram,,M.D.,I,42084 State Highway 28,,Margaretville,NY,36,12455,10,"Rural areas: primary flow to a tract outside a urbanized area of 50,000 and greater or UC",US,Family Practice,Claim-Specialty,3552,3552.67,95813.71,28782,141,,3531,3531.67,94217.98,28448,,129,,538,79390.01,,2990,14235.93,,24,2187.77,,1481,31775.91,,2071,64037.8,,3021,78679.49,,531,17134.22,16,5973.58,163,,0.45045045045045,,,,,,38,621.05,32,,116,423.24,*,,79.475177304965,12,38,42,49,93,48,131,,,,0,,72,69,1.5339926441943
1447853551,Chun,Philip,,,I,4999 State Highway 30,,Amsterdam,NY,36,12010,2,"Metropolitan area high commuting: primary flow 30% or more to a urbanized area of 50,000 and greater",US,Pharmacist,NPPES-Taxonomy,184,184,47411.38,184,169,,169,169,43899.9,169,,157,,184,47411.38,,0,0,,0,0,,129,32948.97,,55,14462.41,,31,7204.01,,153,40207.37,0,0,0,0,0,0,0,0,0,,0,0,0,,0,0,,0,73.05325443787,12,96,48,13,98,71,149,0,,,0,13,23,146,1.1115392820886
1457318198,Blackburn,Robert,E,M.D.,I,279 East Ave,"Hilton Health Care, P.C.",Hilton,NY,36,14468,1,"Metropolitan area core: primary flow within an urbanized area of 50,000 and greater",US,Family Practice,Claim-Specialty,10626,21720.78,786829.86,627616,976,,8864,19379.68,684648.19,563106,,870,,981,505772.86,,9556,278372.49,,89,2684.51,,9378,680179.4,,1248,106650.46,,2319,253975.98,,8307,532853.88,539,32956.29,11946,117,5.0724637681159,115,20180.22,3268,28,21.335807050093,270,10753.1,162,,33,880.3,,12,72.743852459016,106,455,324,91,482,494,915,,,,,42,133,843,0.90156482297326
1457323727,Liong,Fei-Lien,H,MD,I,150 Centre St,,New York,NY,36,10013,1,"Metropolitan area core: primary flow within an urbanized area of 50,000 and greater",US,Internal Medicine,Claim-Specialty,5088,11153.08,680508.17,330898,268,,5037,11091.41,679395.73,329146,"#",,,784,540115.04,,4234,138331.59,,70,2061.54,,3874,543781.73,,1214,136726.44,,4014,577832.38,,1074,102675.79,0,0,0,0,0,0,0,0,0,,48,603.08,37,*,,,*,,79.40671641791,,,,,181,87,,,246,,0,,180,88,1.2368595449908
1457326845,Castiglia,Thomas,R,M.D.,I,198 Route 22,"The Atrium Building, Suite7",Pawling,NY,36,12564,1,"Metropolitan area core: primary flow within an urbanized area of 50,000 and greater",US,Family Practice,Claim-Specialty,1517,3507.76,76841.12,102438,192,,1379,3255.76,69359.08,95335,,176,"#",,,,1413,21938.28,*,,,,432,25562.43,,1085,51278.69,,192,17756.09,,1325,59085.03,0,0,0,0,0,0,0,0,0,,43,470.52,32,*,,,*,,74.651041666667,16,82,67,27,89,103,162,,,15,0,,27,165,1.0322552083333
1457339756,Edinger,James,E,MD,I,57 State St,,Tully,NY,36,13159,2,"Metropolitan area high commuting: primary flow 30% or more to a urbanized area of 50,000 and greater",US,Family Practice,Claim-Specialty,2027,4203.2,157267.6,120364,316,,1829,3840.27,139430.72,110278,,286,,212,102375.72,,1800,54560,,15,331.88,,1426,102293.66,,601,54973.94,,477,56246.16,,1550,101021.44,42,831.85,771,23,2.072027627035,,,,,,57,740.37,43,*,,,*,,72.462025316456,30,164,93,29,142,174,295,,0,,,15,60,256,1.223358649789
1457349375,Zhang,Zhiguang,,MD,I,5717 7th Ave Fl 1,,Brooklyn,NY,36,11220,1,"Metropolitan area core: primary flow within an urbanized area of 50,000 and greater",US,Internal Medicine,Claim-Specialty,8659,13829.44,847537.2,391727,291,,8610,13736.44,844949.39,389122,"#",,,1138,590950.57,,7472,255973.92,,49,612.71,,8234,815075.81,,425,32461.39,,8308,826416.98,,351,21120.22,0,0,0,0,0,0,0,0,0,,392,2587.61,174,,26,138.73,*,,71.309278350515,,,,,120,171,,0,284,,0,,273,18,1.0191673101039
1457394306,Lee,Jung,L,MD,I,143-25a Roosevelt Ave.,,Flushing,NY,36,11354,1,"Metropolitan area core: primary flow within an urbanized area of 50,000 and greater",US,General Surgery,Claim-Specialty,60383,68251.54,9621159.2300001,2021176,693,,60074,67834.82,9574467.9400001,2008813,"#",,,15162,8395710.11,,44710,1210352.29,,511,15096.83,,53389,8612443.5,,6994,1008715.73,,59973,9613623.2300001,,410,7536,17,57.59,325,,0.028153619396188,0,0,0,,0,670,6919.95,357,,58,1313.54,*,,78.297258297258,,,,,443,250,,0,634,,0,46,669,24,1.3084266251446
1457394413,Devlin,Albert,F,DO,I,200 Madison Ave,3rd Floor,Elmira,NY,36,14901,1,"Metropolitan area core: primary flow within an urbanized area of 50,000 and greater",US,Internal Medicine,Claim-Specialty,5054,6471.84,273532.96,145390,683,,4840,6195.06,264610.3,137884,,659,,467,190854.21,,4541,80787.28,,46,1891.47,,4350,232663.58,,704,40869.38,,2333,135357.16,,2721,138175.8,437,9037.73,9159,94,8.6466165413534,61,4858.5,1686,14,13.95881006865,145,3038.93,101,,111,5290.99,,29,81.09663250366,24,138,264,257,434,249,604,40,,17,,16,239,444,1.6615968282096
1457394496,Alerte,Serge,G,MD,I,16959 137th Ave,,Rochdale,NY,36,11434,1,"Metropolitan area core: primary flow within an urbanized area of 50,000 and greater",US,Internal Medicine,Claim-Specialty,8682,21129.73,961493.22,624882,800,,8295,20416.99,928111.88,604457,,755,,1038,775520.85,,7529,179531.69,,115,6440.68,,6418,721227.63,,2264,240265.59,,2804,330044.63,,5878,631448.59,88,925.88,1565,30,1.0135913384013,0,0,0,0,0,98,561.69,83,,18,649.26,*,,76.3225,45,301,295,159,513,287,23,715,,17,,38,230,570,1.5748252130752
1457396582,Zucker,Jane,R,MD MS,I,303 Ninth Avenue,3rd Floor,New York,NY,36,10001,1,"Metropolitan area core: primary flow within an urbanized area of 50,000 and greater",US,Internal Medicine,NPPES-Taxonomy,187,189,49226.11,566,158,"#",,,,,"#",,,186,49221.35,*,,,"#",,,,65,16490.42,,122,32735.69,,41,9882.86,,146,39343.25,0,0,0,0,0,0,0,0,0,,0,0,0,*,,,*,,75.70253164557,,,,,106,52,97,22,,25,,11,31,127,0.95418143459916
1457432833,Thorn,Lisa,M,M.D.,I,3305 Route 43,,Averill Park,NY,36,12018,1,"Metropolitan area core: primary flow within an urbanized area of 50,000 and greater",US,Family Practice,Claim-Specialty,10207,18970.25,1098316.18,538040,755,,8931,17013.93,955787.16,483429,,683,,1434,887766.17,,8687,206189.65,,86,4360.36,,7485,816973.47,,2722,281342.71,,3267,362520.93,,6940,735795.25,663,32821.55,15950,145,6.4955422749094,63,17932.89,1971,12,9.5022624434389,333,13329,171,,100,26744.2,,18,73.527152317881,72,359,216,108,491,264,724,,,,,22,145,610,1.0964473877851
1457483455,Meer,John,F,MD,I,154 W 71st St,,New York,NY,36,10023,1,"Metropolitan area core: primary flow within an urbanized area of 50,000 and greater",US,Internal Medicine,Claim-Specialty,8086,17692.99,1332565.37,515541,728,,7082,16238.79,1140569.23,474465,,677,,1411,1163745.79,,6531,163952.35,,144,4867.23,,6030,1068255.92,,2056,264309.45,,3448,709656.78,,4638,622908.59,196,3620.23,3666,30,2.4239426168687,0,0,0,0,0,100,815.78,63,,19,319.53,*,,74.697802197802,51,329,240,108,425,303,246,273,19,163,0,27,226,502,1.3882411951763
1457492688,Amidon,Jeffrey,D,D.O.,I,801 N James St,,Rome,NY,36,13440,4,"Micropolitan area core: primary flow within an urban cluster of 10,000 to 49,999",US,Internal Medicine,Claim-Specialty,28974,29057.23,2709540.36,668542,1940,,26218,26300.23,2387099.03,609405,,1743,,5963,2013657.28,,22829,683082.51,,182,12800.57,,12096,1115399.01,,16878,1594141.35,,27391,2617227.3,,1583,92313.06,622,16412.8,8953,197,2.1467522606475,102,9170.95,1641,24,16.398713826367,787,69694.56,373,,1138,248345.15,,282,77.19381443299,197,596,630,517,1147,793,1751,99,,36,,39,1727,213,2.6274949126413
1457498933,Cruz,Alcedo,A,MD,I,375 E Fordham Rd,,Bronx,NY,36,10458,1,"Metropolitan area core: primary flow within an urbanized area of 50,000 and greater",US,Internal Medicine,Claim-Specialty,14743,25373.6,1747733.79,757459,622,,13325,23281.46,1571820.23,695126,,570,,2043,1540455.86,,12280,197511.89,,420,9766.04,,14226,1681960.04,,517,65773.75,,13882,1675622.01,,861,72111.78,0,0,0,0,0,0,0,0,0,,14,106.15,12,,21,277.53,*,,71.827974276527,52,384,148,38,341,281,,12,,600,0,,549,73,0.95169729118676
1457505919,Mcrorie,Ann,M,,I,4317 Skillman Ave,,Sunnyside,NY,36,11104,1,"Metropolitan area core: primary flow within an urbanized area of 50,000 and greater",US,Pharmacist,NPPES-Taxonomy,19,19,4079.62,19,18,,19,19,4079.62,19,,18,,19,4079.62,,0,0,,0,0,"#",,,*,,,,0,0,,19,4079.62,0,0,0,0,0,0,0,0,0,,0,0,0,,0,0,,0,74.555555555556,0,,,0,,,14,,,,0,,0,18,0.57277777777778
1457645327,Claudio-Morales,Rebecca,,RPA-C,I,68 Hauppauge Rd,,Commack,NY,36,11725,1,"Metropolitan area core: primary flow within an urbanized area of 50,000 and greater",US,Physician Assistant,Claim-Specialty,2767,2769.4,288245,62680,121,,2767,2769.4,288245,62680,,121,,366,241681.06,,2388,46307.07,,13,256.87,,118,3827.03,,2649,284417.97,,2265,259980.34,,502,28264.66,17,302.07,476,,0.61438380917962,,,,,,95,10402.64,49,,78,63798.1,*,,87.545454545455,0,,,80,18,103,114,0,,,0,,102,19,2.1626719817386
1457670812,Acosta,Elizabeth,,RPH,I,1 Jericho Tpke,,Mineola,NY,36,11501,1,"Metropolitan area core: primary flow within an urbanized area of 50,000 and greater",US,Pharmacist,NPPES-Taxonomy,75,75,18588.36,104,72,"#",,,,,"#",,,75,18588.36,,0,0,,0,0,,12,2427.85,,63,16160.51,*,,,"#",,,0,0,0,0,0,0,0,0,0,,0,0,0,*,,,*,,75.888888888889,,,,,44,28,64,,,,0,,,,1.0807424074766
1457694267,Xie,Anli,,,I,837 59th St,,Brooklyn,NY,36,11220,1,"Metropolitan area core: primary flow within an urbanized area of 50,000 and greater",US,Nurse Practitioner,NPPES-Specialty,4854,5666.99,938312.02,163655,376,,4772,5584.99,918499.09,161434,"#",,,1043,646361.29,,3738,290955.55,,73,995.18,,4762,887310.94,,92,51001.08,,4788,937202.57,,66,1109.45,0,0,0,0,0,0,0,0,0,,37,386.22,32,,0,0,*,,71.601063829787,,,,,192,184,0,,373,0,0,,361,15,1.0458657486026
1457812372,George,Emilie,,MD,I,815 Broadway,,Brooklyn,NY,36,11206,1,"Metropolitan area core: primary flow within an urbanized area of 50,000 and greater",US,Internal Medicine,Claim-Specialty,562,981.58,139223.98,27288,107,,362,670.78,104079.25,19157,,67,"#",,,,408,12895.46,*,,,,357,95834.18,,205,43389.8,,440,105188.38,,122,34035.6,,,,,,,,,,,,,,*,,,*,,65.102803738318,40,51,,,54,53,,71,,17,0,,88,19,1.8372608131488
1457850893,Guerrero,Tiffany,,FNP-BC,I,9033 Elmhurst Ave,,Jackson Heights,NY,36,11372,1,"Metropolitan area core: primary flow within an urbanized area of 50,000 and greater",US,Nurse Practitioner,Claim-Specialty,3816,8592.19,716734.34,248282,428,,3489,7851.27,644004.51,226857,,392,,679,618199.36,,3062,96359.1,,75,2175.88,,3515,668090.43,,301,48643.91,,3153,632746.03,,663,83988.31,0,0,0,0,0,0,0,0,0,,112,11051.21,86,,12,85.55,*,,72.670560747664,36,233,121,38,288,140,11,,,394,0,,336,92,1.1604916149133
1457864159,Shah,Chandni,V,R.PH.,I,9144 48th Ave,,Flushing,NY,36,11373,1,"Metropolitan area core: primary flow within an urbanized area of 50,000 and greater",US,Pharmacist,NPPES-Taxonomy,83,83,22482.74,83,74,"#",,,,,"#",,,83,22482.74,,0,0,,0,0,,55,14640.83,,28,7841.91,*,,,"#",,,0,0,0,0,0,0,0,0,0,,0,0,0,*,,,*,,73,,,,,34,40,69,,,0,0,,,,0.85614864864865
1467421305,Kuntz,Bruce,L,MD,I,1780 Hanshaw Rd,,Ithaca,NY,36,14850,1,"Metropolitan area core: primary flow within an urbanized area of 50,000 and greater",US,Family Practice,Claim-Specialty,10953,22003.51,1329099.63,639116,797,,9124,18967.05,1167394.44,552114,,697,,1492,1087525.77,,9331,235218.13,,130,6355.73,,7331,976694.74,,3622,352404.89,,4393,599982.76,,6560,729116.87,435,18056.31,9182,88,3.9715146535196,79,10097.58,1853,,18.16091954023,211,17164.73,132,,56,3669.08,,11,71.880803011292,100,399,239,59,379,418,713,33,13,,,31,226,571,1.1394218305587
1467439893,Bouchard,Martha,,M.D.,I,111 Clocktower Commons,,Brewster,NY,36,10509,1,"Metropolitan area core: primary flow within an urbanized area of 50,000 and greater",US,Internal Medicine,Claim-Specialty,3234,6902.86,420216.14,202431,227,,3157,6749.46,414736.38,197903,,216,"#",,,,2729,75642.08,*,,,,1190,172070.46,,2044,248145.68,,539,99342.53,,2695,320873.61,39,564.81,943,12,1.2059369202226,0,0,0,0,0,68,637.01,45,,0,0,,0,73.581497797357,11,114,87,15,157,70,191,,,16,0,,26,201,1.0253939060206
1467450759,Hassan,Rana,,"M.D., P.C",I,71 Franklin Ave,,Franklin Square,NY,36,11010,1,"Metropolitan area core: primary flow within an urbanized area of 50,000 and greater",US,Internal Medicine,Claim-Specialty,21029,21657.05,1435748.67,468233,840,,19395,19864.7,1228114.96,429363,,768,,3758,972087.74,,17157,455033.56,,114,8627.37,,3711,226159.17,,17318,1209589.5,,17666,1232205.84,,3363,203542.83,300,8654.16,5663,111,1.4266013600266,15,1458.79,299,,5,553,69350.41,206,,546,51595.22,,111,80.040476190476,72,160,280,328,514,326,509,153,53,93,,,614,226,2.4303420501771
1467452441,Abess,Gerard,F,M.D.,I,3 Irongate Center,,Glens Falls,NY,36,12801,1,"Metropolitan area core: primary flow within an urbanized area of 50,000 and greater",US,Family Practice,Claim-Specialty,9540,19029,950613.08,549632,666,,8613,17640.8,892377.64,510279,,612,,1178,790793.67,,8262,154947.95,,100,4871.46,,6462,623363.68,,3078,327249.4,,1919,197044.07,,7621,753569.01,255,4452.24,6281,58,2.6729559748428,18,635.5,498,,7.0588235294118,209,1731.7,131,,32,2223.63,*,,73.396396396396,54,317,224,71,325,341,630,,,,0,23,83,583,1.0932454109632
1467483917,Song,Min,,MD,I,227 Madison St,"Medicine, 4th Floor, Gouverneur Healthcare Services",New York,NY,36,10002,1,"Metropolitan area core: primary flow within an urbanized area of 50,000 and greater",US,Internal Medicine,Claim-Specialty,8062,15309.51,1204963.21,444980,547,,7951,15130.18,1190446.81,439892,,535,,1410,985172.35,,6482,212479.68,,170,7311.18,,7566,1136871.18,,496,68092.03,,7817,1195480.16,,245,9483.05,12,65,196,,0.14884644008931,0,0,0,,0,162,747.01,116,,35,559.01,*,,74.760511882998,12,286,179,70,280,267,,,531,,0,,515,32,1.1650751232182
1467489237,Greenwood,Gaylinn,M,MD,I,2260 Lake Avenue,Suite 1000,Rochester,NY,36,14612,1,"Metropolitan area core: primary flow within an urbanized area of 50,000 and greater",US,Family Practice,Claim-Specialty,3966,9395.84,478949.67,276202,365,,3505,8597.25,428882.61,253005,,337,,526,391930.63,,3416,84433.24,,24,2585.8,,3373,375977.19,,593,102972.48,,771,87925.54,,3195,391024.13,96,2020.74,2317,28,2.4205748865356,,,,,,81,889.42,63,,12,188.24,*,,73.898630136986,28,167,133,37,277,88,342,0,,,,18,44,321,0.96213939597849
1467527655,Obrien,John,G,MD,I,8100 Oswego Road,Suite 220,Liverpool,NY,36,13090,1,"Metropolitan area core: primary flow within an urbanized area of 50,000 and greater",US,Family Practice,Claim-Specialty,5302,12956.78,332579.58,378887,624,,4986,12340.24,306086.95,360843,,598,,522,224980.29,,4723,105221.31,,57,2377.98,,3830,222821.09,,1472,109758.49,,806,53228.65,,4496,279350.93,65,1804.13,2354,22,1.2259524707657,,,,,,213,1912.34,170,,24,621.07,*,,75.363782051282,26,280,221,97,315,309,586,,,,0,23,55,569,1.0980452889598
1467536755,Cao,Kent,B,M.D.,I,136-21 Roosevelt Ave.,Suite 205,Flushing,NY,36,11354,1,"Metropolitan area core: primary flow within an urbanized area of 50,000 and greater",US,Internal Medicine,Claim-Specialty,18618,30069.3,1954331.06,870667,656,,18316,29676.44,1915930.26,859727,,643,,2412,1516843.9,,15922,428995.31,,284,8491.85,,17343,1812190.19,,1275,142140.87,,17586,1910877.59,,1032,43453.47,,,,,,,,,,,487,2428.56,270,,56,3514.73,*,,74.408536585366,13,369,195,79,385,271,,,626,,0,12,554,102,1.2763127249887
1467560656,Waseem,Faisal,,M.D,I,11903 101st Ave,,South Richmond Hill,NY,36,11419,1,"Metropolitan area core: primary flow within an urbanized area of 50,000 and greater",US,Internal Medicine,Claim-Specialty,31782,44855.72,3193938.17,1241638,1134,,29319,41446.16,2844926.93,1143691,,1029,,5423,2519206.27,,25674,644060.23,,685,30671.67,,13863,1751618.16,,17919,1442320.01,,29059,2877821.38,,2723,316116.79,304,6757.44,6274,71,0.95651626706941,33,1696.53,825,,10.855263157895,654,40127.41,323,,518,92042.6,,75,75.654320987654,105,451,352,226,623,511,315,197,191,244,20,167,937,197,2.170272792997
1467615823,Manessis,Anastasios,,MD,I,160 E 32nd St,,New York,NY,36,10016,1,"Metropolitan area core: primary flow within an urbanized area of 50,000 and greater",US,Endocrinology,Claim-Specialty,11523,25784.4,7388876.1,763389,1470,,10205,23238.54,6342116.9,688230,,1321,,6136,7077209.52,,4387,172000.41,,1000,139666.17,,5381,3726968.2,,6142,3661907.9,,5304,3947406.97,,6219,3441469.13,13,133.03,375,,0.11281784257572,0,0,0,,0,31,279.27,23,,0,0,,0,73.144217687075,149,677,520,124,833,637,954,132,,242,,78,554,916,1.5283455871479
1467624494,Oconnor,Brandon,,M.D.,I,9 Orchard St,,Port Jervis,NY,36,12771,4,"Micropolitan area core: primary flow within an urban cluster of 10,000 to 49,999",US,Family Practice,Claim-Specialty,5571,5600.74,340403.39,106744,777,,5170,5199.74,326553.55,100368,,681,,940,248566.38,,4568,90290.6,,63,1546.41,,842,43747.66,,4729,296655.73,,3100,192101,,2471,148302.39,195,2279.14,2829,47,3.5002692514809,,,,,,523,8917.63,352,,142,4981.57,,22,73.126126126126,96,341,229,111,507,270,713,16,0,28,0,20,194,583,1.3282890028583
1467686824,Faktorovich,Vera,,PHARM.D,I,2325 Flatbush Ave,,Brooklyn,NY,36,11234,1,"Metropolitan area core: primary flow within an urbanized area of 50,000 and greater",US,Pharmacist,NPPES-Taxonomy,23,23,4712.79,23,21,"#",,,,,"#",,,23,4712.79,,0,0,,0,0,*,,,"#",,,*,,,"#",,,0,0,0,0,0,0,0,0,0,,0,0,0,*,,,*,,71.52380952381,,,,,,,,,0,,0,,,,1.4989364928101
1467694703,Pal,Amandeep,,MD,I,6334 Robinson Rd,,Lockport,NY,36,14094,2,"Metropolitan area high commuting: primary flow 30% or more to a urbanized area of 50,000 and greater",US,Family Practice,Claim-Specialty,34939,64599.01,3705277.99,1779736,2027,,29341,56092.91,3194928.31,1549582,,1739,,4251,3048276.29,,30248,632676.75,,440,24324.95,,24858,2760174.53,,10081,945103.46,,17228,1488030.36,,17711,2217247.63,484,10181.11,12892,148,1.3852714731389,12,933.32,342,,2.4793388429752,558,31921.98,361,,277,12572.31,,39,73.198815984213,288,855,598,286,1137,890,1821,65,,40,,67,633,1394,1.3552426083617
1467698563,Ukowska,Renata,Z,MD,I,760 Broadway,Woodhull Medical & Mental Health Center,Brooklyn,NY,36,11206,1,"Metropolitan area core: primary flow within an urbanized area of 50,000 and greater",US,Internal Medicine,Claim-Specialty,8207,17744.01,1297818.79,523377,561,,7474,16395.9,1162712.83,483331,,514,,1337,1121948.22,,6806,174680.37,,64,1190.2,,6594,1019046.68,,1613,278772.11,,6324,1017555.1,,1883,280263.69,,,,,,,,,,,87,912.64,71,,27,1557.68,*,,72.163992869875,47,317,163,34,366,195,450,,,43,,56,393,168,0.99090253251756
1467711135,Kudel,Andrea,N,D.O.,I,8745 Lake Street Rd,,Le Roy,NY,36,14482,3,"Metropolitan area low commuting: primary flow 10% to <30% to a urbanized area of 50,000 and greater",US,Family Practice,Claim-Specialty,4887,9264.62,438061.97,263499,496,,3868,7840.49,343805.67,225439,,434,,634,332438.63,,4207,98505.23,,46,7118.11,,3780,361298.99,,1107,76762.98,,1443,173771.81,,3444,264290.16,212,15529.51,4818,56,4.3380396971557,46,3375.75,929,,21.698113207547,154,3139.91,95,,11,90.68,*,,72.407258064516,62,235,137,62,319,177,470,,,,,17,103,393,1.1653513711932
1467782615,Zheng,Li,,M.D.,I,13640 39th Ave,Suite 401,Flushing,NY,36,11354,1,"Metropolitan area core: primary flow within an urbanized area of 50,000 and greater",US,Family Practice,Claim-Specialty,7088,10472.78,1263809.51,305073,265,,6916,10221.93,1243239.36,297784,"#",,,1370,1044420.22,,5605,215067.01,,113,4322.28,,6568,1209755.5,,520,54054.01,,6713,1224756.44,,375,39053.07,,,,,,,,,,,94,484.15,68,*,,,*,,72.471698113208,,,,,137,128,,,248,,0,,227,38,1.155701422994
1467804203,Subczynska,Izabela,T,M.D.,I,454 E Broad St Ste 100,,Rochester,NY,36,14607,1,"Metropolitan area core: primary flow within an urbanized area of 50,000 and greater",US,Family Practice,Claim-Specialty,2547,4119.51,132843.92,116665,245,,1635,2812.34,84931.89,79392,,166,,220,81060.13,,2310,51327.05,,17,456.74,,1811,99770.88,,736,33073.04,,1792,87445.07,,755,45398.85,36,1613.28,864,14,1.4134275618375,,,,,,26,589.96,13,,29,344.11,*,,66.065306122449,79,103,49,14,153,92,133,62,0,45,,,129,116,1.260613111323
1467853689,Rao,Roshan,,PHARM D,I,2282 Jericho Tpke,,Garden City Park,NY,36,11040,1,"Metropolitan area core: primary flow within an urbanized area of 50,000 and greater",US,Pharmacist,NPPES-Taxonomy,29,29,7290.75,29,28,"#",,,,,"#",,,29,7290.75,,0,0,,0,0,*,,,"#",,,*,,,"#",,,0,0,0,0,0,0,0,0,0,,0,0,0,*,,,*,,72.821428571429,,,,,17,11,15,,0,,0,,,,0.89864285714286
1467934562,Huang,Qian,,ARNP,I,818 55th St,,Brooklyn,NY,36,11220,1,"Metropolitan area core: primary flow within an urbanized area of 50,000 and greater",US,Nurse Practitioner,NPPES-Specialty,3261,5208.83,414407.57,149042,356,,3184,5111.57,405808.68,146220,"#",,,560,334616.64,,2642,79136.58,,59,654.35,,3074,402335.47,,187,12072.1,,3204,389206.23,,57,25201.34,0,0,0,0,0,0,0,0,0,,91,800.46,68,,0,0,*,,70.654494382022,,,,,179,177,,,342,,0,,345,11,0.98180319967705
1467970285,Chaudhari-Patel,Sheetal,D,PHARMD,I,463 Albany Shaker Rd,,Loudonville,NY,36,12211,1,"Metropolitan area core: primary flow within an urbanized area of 50,000 and greater",US,Pharmacist,NPPES-Taxonomy,105,105,30778.85,134,101,"#",,,,,"#",,,105,30778.85,,0,0,,0,0,,42,12028.56,,63,18750.29,*,,,"#",,,0,0,0,0,0,0,0,0,0,,0,0,0,*,,,*,,73.910891089109,,,,,60,41,85,,0,,0,,,,0.92309588036493
1477071165,Gurm,Manreet,K,PHARMD,I,16 Court St,,Brooklyn,NY,36,11241,1,"Metropolitan area core: primary flow within an urbanized area of 50,000 and greater",US,Pharmacist,NPPES-Taxonomy,51,53,11816.42,140,46,"#",,,,,"#",,,50,11518.43,*,,,"#",,,*,,,"#",,,*,,,"#",,,0,0,0,0,0,0,0,0,0,,0,0,0,*,,,*,,75.260869565217,,,,,25,21,33,,,,0,,,,0.92899680695182
1477137214,Cheung,Yim Ping,,,I,101 Hospital Rd,,Patchogue,NY,36,11772,1,"Metropolitan area core: primary flow within an urbanized area of 50,000 and greater",US,Nurse Practitioner,NPPES-Specialty,6124,9119.21,822666.47,265530,422,"#",,,,,"#",,,1178,681590.25,,4883,139265.16,,63,1811.06,,5081,714229.97,,1043,108436.5,,5400,770782.27,,724,51884.2,0,0,0,0,0,0,0,0,0,,101,755.82,74,*,,,*,,79.981042654028,,,,,263,159,19,,380,,0,12,318,104,1.3172611650296
1477194884,Chen,Duo,,,I,139 Centre St Ste 709,,New York,NY,36,10013,1,"Metropolitan area core: primary flow within an urbanized area of 50,000 and greater",US,Nurse Practitioner,Claim-Specialty,2091,3188.7,235241.12,91723,191,,2070,3155.7,234807.88,90783,"#",,,296,191274.59,,1733,42481.74,,62,1484.79,,2024,225895.43,,67,9345.69,,1986,224302.02,,105,10939.1,0,0,0,0,0,0,0,0,0,,32,283.28,28,,0,0,*,,72.947643979058,,,,,117,74,,0,179,,0,,171,20,0.96351266559705
1477500304,Lee,Tat- Sum,,M.D.,I,3898 Vineyard Dr,Suite 3,Dunkirk,NY,36,14048,4,"Micropolitan area core: primary flow within an urban cluster of 10,000 to 49,999",US,Internal Medicine,Claim-Specialty,499,1062.85,75055.24,28767,109,,463,1018.85,69112.96,28283,,85,"#",,,,350,7424.26,*,,,,385,43602.3,,114,31452.94,,134,21594.67,,365,53460.57,,,,,,,,,,,15,88.89,14,,0,0,,0,71.174311926605,24,45,,,60,49,92,,,,0,,39,70,1.2023119266055
1477501609,Bennett,Brian,R,MD,I,77 Nelson St,Suite 310,Auburn,NY,36,13021,4,"Micropolitan area core: primary flow within an urban cluster of 10,000 to 49,999",US,Internal Medicine,Claim-Specialty,16165,34788.71,1545784.43,1014736,1070,,14929,32661.54,1445113.14,955338,,1006,,1666,1243328.12,,14322,296074.97,,177,6381.34,,10271,950988.73,,5894,594795.7,,3176,378902.9,,12989,1166881.53,705,23726.88,18226,127,4.3612743581813,64,9290.19,1920,,9.0780141843972,408,16716.88,241,,72,1562.42,,13,73.755140186916,64,527,355,124,501,569,1009,14,,,0,38,149,921,1.1426202970027
1477501864,Sabados,Christine,,RPH,I,250 Page Ave,,Staten Island,NY,36,10307,1,"Metropolitan area core: primary flow within an urbanized area of 50,000 and greater",US,Pharmacist,NPPES-Taxonomy,63,63,12818.94,92,52,,63,63,12818.94,92,,52,,63,12818.94,,0,0,,0,0,,16,2782.18,,47,10036.76,*,,,"#",,,0,0,0,0,0,0,0,0,0,,0,0,0,,0,0,,0,72.557692307692,0,31,,,30,22,39,,,0,0,,,,0.73136527096175
1477509602,Smith,Alan,C,MD,I,6400 Powers Rd,,Orchard Park,NY,36,14127,1,"Metropolitan area core: primary flow within an urbanized area of 50,000 and greater",US,Family Practice,Claim-Specialty,10391,10447.41,776350.2,256979,277,,9983,10036.05,731208.75,245676,,264,,2303,570354.87,,8069,205644,,19,351.33,,7251,477873.02,,3140,298477.18,,8743,660470.57,,1648,115879.63,313,9527.22,5655,63,3.0122221152921,46,6119.49,1044,,14.696485623003,256,13300.52,83,,201,66241.25,,29,83.902527075812,13,27,98,139,197,80,253,,,,,,205,72,1.9824287028702
1477512259,Cange,Jean,M,M.D.,I,400 International Dr.,,Williamsville,NY,36,14221,1,"Metropolitan area core: primary flow within an urbanized area of 50,000 and greater",US,Family Practice,Claim-Specialty,11243,23208.45,1392739.76,682133,1106,,9917,21001.51,1231761.45,617748,,985,,1518,1142120.82,,9610,243693.16,,115,6925.78,,8661,966930.76,,2582,425809,,2440,358434.95,,8803,1034304.81,610,41355.96,16936,112,5.42559814996,35,20059.36,1044,,5.7377049180328,132,918.13,93,,65,1022.36,,13,72.386075949367,121,565,322,98,593,513,965,83,,16,,36,200,906,1.1600884629324
1477521409,Tan,Kathy,S,M.D.,I,5324 7th Ave,,Brooklyn,NY,36,11220,1,"Metropolitan area core: primary flow within an urbanized area of 50,000 and greater",US,Internal Medicine,Claim-Specialty,9998,21228.14,2090041.25,619125,486,,9889,21036.98,2082461.24,613692,"#",,,2132,1820532.08,,7704,266627.07,,162,2882.1,,9421,1961717.09,,577,128324.16,,9790,2080323.38,,208,9717.87,0,0,0,0,0,0,0,0,0,,120,827.87,80,,0,0,*,,72.364197530864,,,,,250,236,0,0,478,,0,,468,18,1.0244508668148
1477532828,Marji,Luay,S,MD,I,147 Park Ave,,Yonkers,NY,36,10703,1,"Metropolitan area core: primary flow within an urbanized area of 50,000 and greater",US,Family Practice,Claim-Specialty,8291,13138.66,2249717.02,385561,274,,6902,11093.39,1743564.93,326042,,226,,2213,1935763.73,,5797,301701.67,,281,12251.62,,6435,1673972.66,,1856,575744.36,,6877,1996777.55,,1414,252939.47,116,12651.63,3173,14,1.3991074659269,12,8613.44,360,,10.344827586207,135,1285.66,83,,44,706.21,*,,71.518248175182,48,131,73,22,149,125,75,52,,102,,35,192,82,1.1234000527685
1477558468,Wexelman,Warren,J,M.D.,I,1335 Ocean Parkway,,Brooklyn,NY,36,11230,1,"Metropolitan area core: primary flow within an urbanized area of 50,000 and greater",US,Cardiology,Claim-Specialty,8088,18963.93,1473093.56,560138,503,,7580,17946.23,1368163.97,530193,,474,,1399,1262133.3,,6601,205838.23,,88,5122.03,,3229,677557.25,,4859,795536.31,,2667,626271.34,,5421,846822.22,16,141.81,442,,0.19782393669634,0,0,0,,0,149,1732.83,102,*,,,*,,75.286282306163,29,203,204,67,280,223,353,90,,34,,19,112,391,1.1012099944956
1477561348,Cancro,Carol,,MD,I,2015 Grand Concourse,,Bronx,NY,36,10453,1,"Metropolitan area core: primary flow within an urbanized area of 50,000 and greater",US,Family Practice,Claim-Specialty,787,1446.49,65484.19,41835,80,,539,1008.49,40291.86,29267,,51,"#",,,,643,9376.41,*,,,,605,38306.75,,182,27177.44,,657,57670.8,,130,7813.39,0,0,0,0,0,0,0,0,0,,,,,,0,0,,0,66.0125,29,36,,,51,29,21,15,,29,0,,62,18,1.1709838810105
1477622439,Skladzinska-Reyher,Edyta,,M.D.,I,53 Peekskill Hollow Rd,,Putnam Valley,NY,36,10579,1,"Metropolitan area core: primary flow within an urbanized area of 50,000 and greater",US,Internal Medicine,Claim-Specialty,6239,12292.99,840811.85,347028,452,,5680,11379.13,755762.43,321698,,417,,1220,699375.19,,4970,139405.87,,49,2030.79,,1526,243883.61,,4713,596928.24,,2782,431841.05,,3457,408970.8,30,710.06,690,,0.48084628946947,0,0,0,,0,181,22576.24,94,,99,3595.63,,14,74.712389380531,35,211,135,71,308,144,373,23,,30,,22,99,353,1.4951258028165
1477642858,Diaz,Miguel,,,I,1783 Route 9,Suite 204,Halfmoon,NY,36,12065,1,"Metropolitan area core: primary flow within an urbanized area of 50,000 and greater",US,Family Practice,Claim-Specialty,5418,13206.2,766403.65,384875,664,,4841,12109.48,708821.41,353338,,613,,691,646142.41,,4632,116639.86,,95,3621.38,,3818,581146.98,,1600,185256.67,,1269,186715.8,,4149,579687.85,79,1796.34,2364,22,1.4581026208933,0,0,0,0,0,115,1078.61,71,,17,3510.96,*,,73.790662650602,51,310,228,75,345,319,541,16,,77,,20,119,545,1.1165949566963
1477741981,Chan,Raymond,,MD,I,743 58th St,,Brooklyn,NY,36,11220,1,"Metropolitan area core: primary flow within an urbanized area of 50,000 and greater",US,Family Practice,Claim-Specialty,11674,15337.9,1232816.4,446427,521,,11501,15086.57,1194201.05,438963,"#",,,1796,1002666.13,,9743,227214.21,,135,2936.06,,11284,1201142.29,,390,31674.11,,11313,1208898.11,,361,23918.29,0,0,0,0,0,0,0,0,0,,128,1038.52,107,,0,0,*,,71.454894433781,,,,,243,278,,,511,,0,,487,34,0.94262342277863
1477745115,Ross,Maureen,,MD PHD,I,Elm And Carlton Streets,,Buffalo,NY,36,14263,1,"Metropolitan area core: primary flow within an urbanized area of 50,000 and greater",US,Internal Medicine,Claim-Specialty,91,101,13525.11,1525,37,,79,89,12181.62,1427,"#",,,48,12093.38,,43,1431.73,,0,0,,66,12224.63,,25,1300.48,*,,,"#",,,,,,,,,,,,,12,157.79,,,0,0,*,,65.972972972973,,,,,17,20,30,,0,,0,,,,3.318972972973
1477796431,Sachdeva,Crystal,T,M.D.,I,Stony Brook University Hospital,Medical Staff Office T14,Stony Brook,NY,36,11794,1,"Metropolitan area core: primary flow within an urbanized area of 50,000 and greater",US,Internal Medicine,Claim-Specialty,8104,15049.03,920847.78,439669,573,,6546,12758.66,756091.53,374856,,467,,1356,788618.56,,6554,126021.21,,194,6208.01,,6463,733693.04,,1641,187154.74,,5568,681741.11,,2536,239106.67,74,1429.11,1943,11,0.91312931885489,0,0,0,0,0,39,219.07,28,*,,,*,,71.223385689354,106,248,168,51,368,205,24,221,,298,,21,350,223,1.3503558405975
1477834331,Brar,Amandeep,K,M.D.,I,1650 Grand Concourse,,Bronx,NY,36,10457,1,"Metropolitan area core: primary flow within an urbanized area of 50,000 and greater",US,Internal Medicine,NPPES-Specialty,2764,5193.3,478154.65,153276,227,,2041,4002.76,333615.54,118517,,164,,609,438282.61,,2102,38951.93,,53,920.11,,2542,452669.33,,222,25485.32,,2675,469615.17,,89,8539.48,0,0,0,0,0,0,0,0,0,,12,125.99,,*,,,*,,67.370044052863,63,113,,,137,90,20,64,,135,,,199,28,1.2262661980896
1477851103,Chan,Anna,,M.D.,I,14105 Cherry Ave,Unit 1e,Flushing,NY,36,11355,1,"Metropolitan area core: primary flow within an urbanized area of 50,000 and greater",US,Family Practice,Claim-Specialty,14163,17693.36,4101337.32,521026,255,,13965,17350.29,4021939.95,510942,"#",,,3415,2416541.11,,10420,1677693.29,,328,7102.92,,13520,3989713.93,,643,111623.39,,13413,3901162.51,,750,200174.81,0,0,0,0,0,0,0,0,0,,54,38223.32,42,,115,12295.19,*,,72.666666666667,,,,,151,104,12,,212,13,,11,217,38,1.012498119389
1477903292,Hadwani,Aly,A,MD,I,3 Handley St Ste 2,,Perry,NY,36,14530,7,"Small town core: primary flow within an urban cluster of 2,500 to 9,999",US,Family Practice,Claim-Specialty,6289,13619.71,758331.26,396938,580,,5348,11915.63,636034.96,348112,,495,,979,625854.33,,5256,129748.23,,54,2728.7,,4508,542100.91,,1781,216230.35,,1693,222924.85,,4596,535406.41,146,4317.35,3477,41,2.321513754174,,,,,,167,1920.3,112,,22,337.6,*,,72.55,85,247,174,74,325,255,535,,,,0,37,135,445,1.0865353725418
1477934362,Cecconi,John,L,MD,I,301 Prospect Ave,,Syracuse,NY,36,13203,1,"Metropolitan area core: primary flow within an urbanized area of 50,000 and greater",US,Family Practice,Claim-Specialty,5012,9614.98,566726.12,269508,515,,4015,8086.09,419297.43,227858,,441,,756,464294.06,,4169,96995.87,,87,5436.19,,3739,447797.07,,1273,118929.05,,1920,278380.5,,3092,288345.62,129,2011.12,2468,33,2.5738228252195,0,0,0,0,0,290,12690.45,175,,14,1713.65,*,,71.53786407767,74,243,148,50,263,252,471,,,,0,27,136,379,0.92092620929117
1477978286,Zhu,Ziqiang,,MD,I,3712 Prince St Ste 8d,,Flushing,NY,36,11354,1,"Metropolitan area core: primary flow within an urbanized area of 50,000 and greater",US,Internal Medicine,Claim-Specialty,5422,8284.96,1013868.32,241002,296,,5396,8225.96,1008410.45,239380,"#",,,1250,856474.28,,4010,153465.39,,162,3928.65,,5266,970200.53,,156,43667.79,,4938,920061.27,,484,93807.05,,,,,,,,,,,32,131.12,29,*,,,*,,73.439189189189,,,,,161,135,,,255,19,0,,233,63,1.099850782596
1487025870,Wesner,Morgan,M,PHARMD,I,170 Port Watson St,,Cortland,NY,36,13045,4,"Micropolitan area core: primary flow within an urban cluster of 10,000 to 49,999",US,Pharmacist,NPPES-Taxonomy,78,78,20479.74,136,75,"#",,,,,"#",,,78,20479.74,,0,0,,0,0,,27,7529.18,,51,12950.56,*,,,"#",,,0,0,0,0,0,0,0,0,0,,0,0,0,*,,,*,,74.826666666667,,,,,48,27,52,18,,,0,,,,0.94236105722302
1487027496,Lin,Shujing,,MD,I,6309 New Utrecht Ave,,Brooklyn,NY,36,11219,1,"Metropolitan area core: primary flow within an urbanized area of 50,000 and greater",US,Internal Medicine,Claim-Specialty,8485,14527.06,1072165.34,421061,452,,8255,14121.55,1060497.93,409340,,430,,1274,771078.56,,6916,292788.94,,295,8297.84,,7548,912571.58,,937,159593.76,,8152,1008369.9,,333,63795.44,,,,,,,,,,,124,927.85,91,,30,252.58,*,,72.803097345133,22,278,107,45,247,205,11,,409,17,,13,414,38,1.0762024428028
1487041109,Wong,Alvin,K,"MMSC, PA-C",I,821 53rd St Unit C2,,Brooklyn,NY,36,11220,1,"Metropolitan area core: primary flow within an urbanized area of 50,000 and greater",US,Physician Assistant,NPPES-Specialty,5157,6027.16,804336.72,174607,117,,4998,5864.06,789909.12,169741,"#",,,1138,628405.79,,3938,174474.42,,81,1456.51,,5031,800898.44,,126,3438.28,,5030,795410.22,,127,8926.5,0,0,0,0,0,0,0,0,0,,38,338.6,27,*,,,*,,69.205128205128,,,,,51,66,,0,114,0,0,,,,1.0387087129203
1487080610,Rabideau,Kyle,G,PHARMD,I,3400 Us-11,,Malone,NY,36,12953,4,"Micropolitan area core: primary flow within an urban cluster of 10,000 to 49,999",US,Pharmacist,NPPES-Taxonomy,21,21,4792.68,21,19,"#",,,,,"#",,,21,4792.68,,0,0,,0,0,*,,,"#",,,*,,,"#",,,0,0,0,0,0,0,0,0,0,,0,0,0,*,,,*,,74.315789473684,,,,,,,16,,,0,0,0,,,0.97942105263158
1487192449,Wu,Meng Ting,,FNP,I,2044 86th St Fl 1,,Brooklyn,NY,36,11214,1,"Metropolitan area core: primary flow within an urbanized area of 50,000 and greater",US,Nurse Practitioner,Claim-Specialty,10461,16256.27,1432117.51,462359,666,,10405,16145.8,1426893.32,459193,,652,,1774,1137246.58,,8539,292720.73,,148,2150.2,,10271,1395229.21,,190,36888.3,,10358,1426062.87,,103,6054.64,0,0,0,0,0,0,0,0,0,,299,1483.96,186,,46,920.81,,12,71.367867867868,14,501,132,19,354,312,,0,653,,0,,649,17,1.161652607471
1487288858,Niedermaier,Alexis,K,NP,I,20 N Main Street,,Andover,NY,36,14806,8,"Small town high commuting: primary flow 30% or more to a urban cluster of 2,500 to 9,999",US,Nurse Practitioner,Claim-Specialty,8657,17767.23,966399.53,518499,748,,6601,14060.18,707567.03,411335,,621,,1326,785532.14,,7260,176113.81,,71,4753.58,,5569,563445.77,,3088,402953.76,,3718,525666.2,,4939,440733.33,403,15380.14,10971,88,4.6551923299064,40,4998.53,1154,,9.9255583126551,138,29183.97,90,,48,1253.53,,15,71.342245989305,127,341,203,77,424,324,701,,,,0,28,231,517,1.1861668144161
1487614350,Baratz,Lon,K,MD,I,995 Senator Keating Blvd,Bldg E Suite 3100,Rochester,NY,36,14618,1,"Metropolitan area core: primary flow within an urbanized area of 50,000 and greater",US,Internal Medicine,Claim-Specialty,7499,14503.55,970921.15,420824,687,,6933,13546.09,915677.52,393094,,638,,827,768137.73,,6591,199093.58,,81,3689.84,,6630,865891.26,,869,105029.89,,1402,207618.54,,6097,763302.61,183,9520.59,3973,61,2.4403253767169,15,5681.96,450,,8.1967213114754,152,3430.31,104,,19,788.56,*,,72.477438136827,49,379,211,48,318,369,549,59,,18,,54,86,601,0.98813470080699
1487629622,Estill,Matthew,R,MD,I,1780 Hanshaw Rd,,Ithaca,NY,36,14850,1,"Metropolitan area core: primary flow within an urbanized area of 50,000 and greater",US,Internal Medicine,Claim-Specialty,8330,18656.96,1171651.7,544992,859,,7270,16790.98,987463.95,491807,,775,,1063,979058.31,,7202,189157.93,,65,3435.46,,4989,717020.63,,3341,454631.07,,2400,456582.57,,5930,715069.13,90,960.7,2692,32,1.0804321728691,,,,,,119,1477.26,77,,41,8143.74,*,,72.691501746217,84,424,274,77,374,485,775,20,13,11,0,40,174,685,1.1070309443918
1487640900,Lam,Ching-Yin,,M.D.,I,8 Chatham Sq,Suite 206,New York,NY,36,10038,1,"Metropolitan area core: primary flow within an urbanized area of 50,000 and greater",US,Internal Medicine,Claim-Specialty,31500,45545.68,4105699.31,1333325,737,,31448,45461.68,4079847.75,1331022,"#",,,5016,3282665.15,,26107,810106.79,,377,12927.37,,25251,3236696.81,,6249,869002.5,,28975,3828706.64,,2525,276992.67,0,0,0,0,0,0,0,0,0,,566,5375.28,335,,310,4243.06,*,,80.694708276798,,,,,449,288,,,683,,0,48,585,152,1.346825096349
1487649919,Gliwa,Agnieszka,,MD,I,134 Greenpoint Ave,,Brooklyn,NY,36,11222,1,"Metropolitan area core: primary flow within an urbanized area of 50,000 and greater",US,Endocrinology,Claim-Specialty,9630,19187.52,2746293.49,566622,667,,8518,17076.68,2308977.78,504810,,582,,2661,2472481.58,,6608,248478.16,,361,25333.75,,6230,1793166.87,,3400,953126.62,,6707,2051219.01,,2923,695074.48,87,1896.84,1920,23,0.90342679127726,0,0,0,0,0,115,1111.21,70,,105,3894.71,,26,70.977511244378,85,373,170,39,458,209,344,176,,68,,67,424,243,1.5132515999387
1487654653,Jenkins,Wallace,R,MD,I,503 Grasslands Rd,Ste 200,Valhalla,NY,36,10595,1,"Metropolitan area core: primary flow within an urbanized area of 50,000 and greater",US,Pediatric Medicine,NPPES-Specialty,429,488.34,56126.58,13122,45,,48,100,640.11,2951,*,,,51,25228.77,,367,30518.56,,11,379.25,,27,248.25,,402,55878.33,,402,55878.33,,27,248.25,0,0,0,0,0,0,0,0,0,,,,,,0,0,*,,49.622222222222,,,,,15,30,24,,,,0,0,,,2.0234074074074
1487673125,Edwards,Gerald,P,MD.,I,132 1/2 Albany Street,,Cazenoviz,NY,36,13035,2,"Metropolitan area high commuting: primary flow 30% or more to a urbanized area of 50,000 and greater",US,Family Practice,Claim-Specialty,3422,7853.32,468141.14,227184,302,,2944,6947.99,392509.46,201801,,270,,536,383662.29,,2812,81409.43,,74,3069.42,,2355,246302.66,,1067,221838.48,,910,142420.97,,2512,325720.17,68,20453.15,1429,,1.9871420222092,18,19377.48,540,,26.470588235294,70,459.45,50,,19,921.07,*,,73.403973509934,32,134,103,33,137,165,266,,,,0,23,57,245,0.96293614695118
1487723375,Lipton,Mark,S,M.D.,I,635 Madison Ave,3rd Floor,New York,NY,36,10022,1,"Metropolitan area core: primary flow within an urbanized area of 50,000 and greater",US,Cardiology,Claim-Specialty,4072,9767.69,502809.21,287847,354,"#",,,,,"#",,,622,408166.16,,3403,93719.91,,47,923.14,,225,24000.77,,3847,478808.44,,26,5145.74,,4046,497663.47,,,,,,,,,,,59,1133.7,45,*,,,*,,78.070621468927,,,,,179,175,317,,,,0,28,,,0.92460451977401
1487727475,Ng,Hung,F,M.D.,I,109 Lafayette Street,Suite 206,New York,NY,36,10013,1,"Metropolitan area core: primary flow within an urbanized area of 50,000 and greater",US,Internal Medicine,Claim-Specialty,11511,23113.07,1920111.53,672238,517,,11448,22995.7,1905224.65,668889,"#",,,2002,1545124.43,,9233,364255.74,,276,10731.36,,10148,1749110.63,,1363,171000.9,,10243,1774102.08,,1268,146009.45,82,436.03,1392,40,0.71236208843715,0,0,0,0,0,297,1837.56,192,*,,,*,,77.444874274662,,,,,302,215,,0,499,,0,12,416,101,1.027370192251
1487735155,Gulati,Rajan,,MD,I,45 W Main St,,Cuba,NY,36,14727,10,"Rural areas: primary flow to a tract outside a urbanized area of 50,000 and greater or UC",US,Internal Medicine,Claim-Specialty,12108,20359.84,1306279.6,581527,568,,11117,18827.93,1005617,537406,,526,,1765,1076281.12,,10250,222812.05,,93,7186.43,,7953,941712.6,,4155,364567,,6281,793563.37,,5827,512716.23,321,9379.77,8344,62,2.6511397423191,27,3855.87,810,,8.411214953271,211,3034.84,134,,143,3380.32,,27,75.669014084507,42,219,202,105,322,246,552,,,,,,186,382,1.4009556509726
1487739504,Cardinale,Jodi,L,PA-C,I,130 Center Way,,Corning,NY,36,14830,4,"Micropolitan area core: primary flow within an urban cluster of 10,000 to 49,999",US,Physician Assistant,Claim-Specialty,10080,19667.29,1167494.98,570717,661,,6519,14117.02,774118.26,411406,,512,,1301,930169.94,,8663,226247.52,,116,11077.52,,6728,762263.33,,3352,405231.65,,5599,738200.62,,4481,429294.36,531,41883.86,13274,91,5.2678571428571,93,14565.46,2760,16,17.514124293785,222,2343.95,148,,47,3130.43,,11,70.350983358548,149,258,183,71,407,254,623,,,,0,20,238,423,1.3244821256567
1487809083,Mooney,Shannon,M,PAC,I,13 Loder St,,Wellsville,NY,36,14895,7,"Small town core: primary flow within an urban cluster of 2,500 to 9,999",US,Physician Assistant,Claim-Specialty,7446,14527.25,939677.13,422668,409,,6699,13333.35,826971.22,387962,,374,,1291,788797.47,,6077,146391.32,,78,4488.34,,4578,540734.45,,2868,398942.68,,3503,577324.3,,3943,362352.83,94,778.15,1517,33,1.2624227773301,,,,,,223,3894.86,119,,34,1266.37,*,,73.9902200489,35,187,133,54,249,160,393,,0,,0,13,137,272,1.1150626279834
1487829503,Newell,Joan,,M.D.,I,33 E Schuyler St Lowr Level,,Oswego,NY,36,13126,4,"Micropolitan area core: primary flow within an urban cluster of 10,000 to 49,999",US,Internal Medicine,Claim-Specialty,4809,9525.51,764723.9,273235,457,,4428,8934.88,726417.82,256216,,426,,917,668716.76,,3822,91965.65,,70,4041.49,,2782,456566.55,,2027,308157.35,,1059,202983.69,,3750,561740.21,70,2086.99,1763,15,1.4556040756914,,,,,,97,1348.56,57,,40,1087.96,*,,73.778993435449,31,228,146,52,282,175,441,,,,0,,77,380,1.1168142973053
1487879748,Herszenson,David,S,M.D.,I,730 Brook Ave,,Bronx,NY,36,10455,1,"Metropolitan area core: primary flow within an urbanized area of 50,000 and greater",US,Family Practice,Claim-Specialty,2167,4471.28,450980.76,131722,165,,1674,3530.01,349044.49,104182,,132,,482,411612.01,,1626,37307.84,,59,2060.91,,1930,415439.06,,237,35541.7,,1946,433949.41,,221,17031.35,0,0,0,0,0,0,0,0,0,,,,,,0,0,,0,71.569696969697,33,61,50,21,96,69,,50,,109,0,0,130,35,1.5347970825386
1487907887,Dhillon,Kanwardeep,K,RPH,I,4163 Kissena Blvd,,Flushing,NY,36,11355,1,"Metropolitan area core: primary flow within an urbanized area of 50,000 and greater",US,Pharmacist,NPPES-Taxonomy,42,42,10613.73,71,39,,42,42,10613.73,71,,39,,41,10597.83,*,,,"#",,,"#",,,*,,,*,,,"#",,,0,0,0,0,0,0,0,0,0,,0,0,0,,0,0,,0,74.461538461538,0,19,,,19,20,26,,,,,0,,,1.2687435897436
1497006043,Hammack,David,N,P.A.,I,4101 Medical Center Dr,,Fayetteville,NY,36,13066,1,"Metropolitan area core: primary flow within an urbanized area of 50,000 and greater",US,Physician Assistant,Claim-Specialty,14502,29695.64,1397736.13,866918,1606,,10956,23836.93,1039969.31,699159,,1363,,1742,1110927.69,,12579,276287.19,,181,10521.25,,10922,1024408.23,,3580,373327.9,,6442,647271.95,,8060,750464.18,437,12716.53,11303,104,3.0133774651772,11,1753.96,327,,2.5171624713959,220,3228.75,157,,44,2155.51,,12,71.437110834371,243,767,447,149,816,790,1379,127,23,20,0,57,455,1151,1.1056177605532
1497026553,Zhang,Jin,,D.O,I,13107 40th Rd,Ste E18,Flushing,NY,36,11354,1,"Metropolitan area core: primary flow within an urbanized area of 50,000 and greater",US,Family Practice,Claim-Specialty,1908,3686.88,238303.41,99109,262,,1797,3501.61,230786.07,94553,,248,,244,183773.16,,1618,53231.61,,46,1298.64,,1693,231161.34,,215,7142.07,,1494,211051.21,,414,27252.2,14,813.11,370,,0.73375262054507,,,,,,199,1607.45,132,*,,,*,,71.839694656489,14,173,54,21,151,111,11,,215,23,,11,204,58,1.0657290567283
1497077838,Joffee,Betty,,,I,1775 E Main St,,Mohegan Lake,NY,36,10547,1,"Metropolitan area core: primary flow within an urbanized area of 50,000 and greater",US,Pharmacist,NPPES-Taxonomy,104,104,27995.31,104,102,"#",,,,,"#",,,104,27995.31,,0,0,,0,0,,33,8936.71,,71,19058.6,*,,,"#",,,0,0,0,0,0,0,0,0,0,,0,0,0,*,,,*,,72.990196078431,,,,,59,43,86,,,0,0,,,,0.86937418300654
1497715296,Raza,Syed,H,MD,I,711 Park Ave Ste 202,,Medina,NY,36,14103,7,"Small town core: primary flow within an urban cluster of 2,500 to 9,999",US,Internal Medicine,Claim-Specialty,8574,15023.44,930459.33,428299,423,,5895,11162.89,666204.39,319425,,311,,1243,753977.41,,7235,170183.39,,96,6298.53,,6555,699149.31,,2019,231310.02,,5100,578644.26,,3474,351815.07,304,13791.88,6274,55,3.5456029857709,30,10321.18,810,,9.8684210526316,323,2591.63,154,,25,153.26,*,,67.683215130024,112,206,81,24,235,188,355,35,,13,,16,199,224,1.2303678595651
1497717441,Michaels,John,W,MD,I,8100 Oswego Rd,Suite 220,Liverpool,NY,36,13090,1,"Metropolitan area core: primary flow within an urbanized area of 50,000 and greater",US,Family Practice,Claim-Specialty,10629,23571.73,894997.03,683713,860,,9672,21931.56,795667.46,637248,,807,,995,651106.41,,9516,238862.37,,118,5028.25,,8610,748082.27,,2019,146914.76,,1373,149530.44,,9256,745466.59,259,6536.36,5938,59,2.4367297017593,14,1230.27,399,,5.4054054054054,458,5055.33,261,,20,428.81,*,,73.802325581395,53,429,281,97,446,414,817,,,,0,29,70,790,0.97382679833166
1497734743,Miarrostami,Rameen,,MD,I,7124 18th Ave,,Brooklyn,NY,36,11204,1,"Metropolitan area core: primary flow within an urbanized area of 50,000 and greater",US,Internal Medicine,Claim-Specialty,11404,21018.2,1747512.27,619535,751,,10540,19706.25,1461036.96,580899,,698,,2090,1528753.29,,9161,213383.93,,153,5375.05,,6254,938151.71,,5150,809360.56,,4898,1034222.88,,6506,713289.39,,,,,,,,,,,209,2243.94,155,,18,143.43,*,,74.732356857523,53,320,274,104,481,270,514,90,22,98,0,27,231,520,1.3028168323294
1497768808,Hochster,Howard,J,MD,I,2233 Esplanade Ave,,Bronx,NY,36,10469,1,"Metropolitan area core: primary flow within an urbanized area of 50,000 and greater",US,Internal Medicine,Claim-Specialty,8931,18347.73,1156553.85,534885,581,,8032,17223.73,929147.97,502809,,549,,1250,960876.29,,7612,190942.33,,69,4735.23,,4434,478125.27,,4497,678428.58,,4356,693554.07,,4575,462999.78,15,93.73,185,12,0.16795431642593,0,0,0,0,0,82,1078.53,60,,134,61992.58,,20,76.89156626506,32,202,231,116,348,233,336,113,,92,,24,154,427,1.2591512912861
1497783054,Racco,Alex,,DO,I,1870 Richmond Rd,,Staten Island,NY,36,10306,1,"Metropolitan area core: primary flow within an urbanized area of 50,000 and greater",US,Internal Medicine,Claim-Specialty,21759,51674.37,2792781.76,1501361,1672,,20517,49116.58,2610029.55,1427424,,1563,,2881,2342684.86,,18720,443369.43,,158,6727.47,,9460,927342.7,,12299,1865439.06,,4271,818592.71,,17488,1974189.05,420,45219.2,10805,105,1.9302357645112,39,33321.48,1155,,9.2857142857143,856,12760.57,520,,70,2682.02,,22,75.866626794258,109,627,656,280,1008,664,1502,17,18,79,0,56,219,1453,1.1185709395023
1497837090,Mui,Wingtat,,M.D.,I,53 Elizabeth St Rm 3b,,New York,NY,36,10013,1,"Metropolitan area core: primary flow within an urbanized area of 50,000 and greater",US,Internal Medicine,Claim-Specialty,33172,46709.64,5229956.27,1358981,1178,,32233,45435.13,5091260.13,1323139,,1137,,6921,4525223.19,,25642,684882.15,,609,19850.93,,28893,4613512.19,,4279,616444.08,,31675,5094354.03,,1497,135602.24,63,637.45,704,35,0.18991920897142,0,0,0,0,0,481,3456.68,320,,152,2694.38,,33,73.654499151104,41,682,316,139,669,509,19,,1118,,0,27,1043,135,1.0835574875956
1497841860,Mustafa,Marianne,A,M.D.,I,100 Saratoga Village Blvd,Suite 34,Malta,NY,36,12020,1.1,"Secondary flow 30% to <50% to a larger urbanized area of 50,000 and greater",US,Family Practice,Claim-Specialty,13557,20884.18,1067750.27,567439,981,,12902,19944.78,1035003.8,541135,,935,,1995,775842.91,,11446,288423.23,,116,3484.13,,8450,702471.89,,5107,365278.38,,6612,565762.63,,6945,501987.64,460,13047.38,10771,103,3.3930810651324,28,1851.89,795,,6.0869565217391,397,8883.37,206,,210,80767.94,,43,78.446483180428,46,320,326,289,712,269,903,27,11,,,32,382,599,1.5828185879957
1497847578,Wong,Tina,,M.D.,I,762 59th St,,Brooklyn,NY,36,11220,1,"Metropolitan area core: primary flow within an urbanized area of 50,000 and greater",US,Family Practice,Claim-Specialty,14267,26094.94,2735388.84,762721,1006,,13987,25624.24,2688848.31,749041,,979,,2864,2242008.69,,11120,486563.48,,283,6816.67,,13056,2498705.97,,1211,236682.87,,13821,2682889.26,,446,52499.58,27,215.59,619,11,0.18924791476835,0,0,0,0,0,326,2018.89,250,,62,1843.05,,14,75.846918489066,27,484,301,194,614,392,,,975,,0,,939,67,1.499769794844
1497856942,Carmili,David,,M.D.,I,714 Seneca Ave,,Ridgewood,NY,36,11385,1,"Metropolitan area core: primary flow within an urbanized area of 50,000 and greater",US,Pediatric Medicine,Claim-Specialty,7499,9526.32,1138939.72,274833,315,,5776,7593.55,943511.53,220180,,242,,1529,1001617.82,,5820,132950.06,,150,4371.84,,6358,859815.11,,1141,279124.61,,5993,747987.76,,1506,390951.96,79,786.46,1238,27,1.0534737965062,0,0,0,0,0,172,35532.43,105,*,,,*,,68.419047619048,73,158,68,16,186,129,59,15,,227,0,,217,98,1.1241194052047
1497926372,Athanas,George,M,RPH,I,1819 W Genesee St,,Syracuse,NY,36,13204,1,"Metropolitan area core: primary flow within an urbanized area of 50,000 and greater",US,Pharmacist,NPPES-Taxonomy,23,23,6085.21,23,23,"#",,,,,"#",,,23,6085.21,,0,0,,0,0,"#",,,*,,,*,,,"#",,,0,0,0,0,0,0,0,0,0,,0,0,0,*,,,*,,74.521739130435,,,,,12,11,18,,,0,0,,,,0.87895652173913
1497937718,Sakach,Maria,T,PHARMD,I,4407 Military Rd,,Niagara Falls,NY,36,14305,1,"Metropolitan area core: primary flow within an urbanized area of 50,000 and greater",US,Pharmacist,NPPES-Taxonomy,155,160,42061.8,421,147,"#",,,,,"#",,,155,42061.8,,0,0,,0,0,,40,10559.63,,115,31502.17,*,,,"#",,,0,0,0,0,0,0,0,0,0,,0,0,0,*,,,*,,76.687074829932,,,,,76,71,131,,,,0,,,,0.89135468181514
1497979751,Malieckal,Jubil,,MD,I,242 Dekalb Ave,,Brooklyn,NY,36,11205,1,"Metropolitan area core: primary flow within an urbanized area of 50,000 and greater",US,Internal Medicine,NPPES-Taxonomy,779,1328.94,99138.67,39088,100,,722,1257.51,90856.08,36984,"#",,,151,73443.31,,617,25434.34,,11,261.02,,434,64326.09,,345,34812.58,,334,42756.45,,445,56382.22,0,0,0,0,0,0,0,0,0,,0,0,0,,0,0,*,,74.99,,,,,47,53,12,63,,13,0,,29,71,1.3390463822683
1497985089,Upham,Robbyn,O,MD,I,454 E Broad St,,Rochester,NY,36,14607,1,"Metropolitan area core: primary flow within an urbanized area of 50,000 and greater",US,Family Practice,Claim-Specialty,4736,8815.46,497907.27,254258,374,,3319,6465.83,316417.95,186873,,266,,634,401485.43,,4030,93842.01,,72,2579.83,,3904,413948.57,,832,83958.7,,2776,318600.48,,1960,179306.79,120,2134.64,2669,23,2.5337837837838,11,388.42,330,,9.1666666666667,46,13619.96,26,,33,682.21,*,,67.008021390374,108,152,93,21,253,121,180,125,,52,,14,183,191,1.3290717684068
1497993711,Zheng,Yan Hong,,P.A.,I,451 Clarkson Ave,"'D Bldg, 5th Fl",Brooklyn,NY,36,11203,1,"Metropolitan area core: primary flow within an urbanized area of 50,000 and greater",US,Physician Assistant,Claim-Specialty,2670,3967.88,355471.06,114076,204,,2610,3893.36,352907.31,111864,"#",,,414,299768.25,,2176,54438.72,,80,1264.09,,2593,344646.75,,77,10824.31,,2575,340387.59,,95,15083.47,,,,,,,,,,,40,254.49,34,,0,0,*,,73.696078431373,,,,,98,106,0,,196,0,0,,179,25,1.0254556884152
1508026741,Ryvkin,Karina,,RPH,I,270 Madison Ave,,New York,NY,36,10017,1,"Metropolitan area core: primary flow within an urbanized area of 50,000 and greater",US,Pharmacist,NPPES-Taxonomy,50,58,15508.09,406,47,,50,58,15508.09,406,,47,,47,15284.23,*,,,"#",,,,15,4447.7,,35,11060.39,*,,,"#",,,0,0,0,0,0,0,0,0,0,,0,0,0,,0,0,,0,76.340425531915,0,,25,,29,18,37,,,0,0,,,,0.99074113475177
1508045857,Zammillo,Ralph,T,PHARMACIST,I,1968 Veterans Hwy,,Islandia,NY,36,11749,1,"Metropolitan area core: primary flow within an urbanized area of 50,000 and greater",US,Pharmacist,NPPES-Taxonomy,22,22,5527.93,22,22,"#",,,,,"#",,,22,5527.93,,0,0,,0,0,*,,,"#",,,*,,,"#",,,0,0,0,0,0,0,0,0,0,,0,0,0,*,,,*,,70.954545454545,,,,,,,19,0,0,,0,,,,1.1329090909091
1508048034,Sung-Monahan,Julia,,RPH,I,10 W Main St,,Smithtown,NY,36,11787,1,"Metropolitan area core: primary flow within an urbanized area of 50,000 and greater",US,Pharmacist,NPPES-Taxonomy,75,75,19736.98,75,74,"#",,,,,"#",,,75,19736.98,,0,0,,0,0,,19,4161.9,,56,15575.08,*,,,"#",,,0,0,0,0,0,0,0,0,0,,0,0,0,*,,,*,,72.716216216216,,,,,41,33,66,,0,,0,,,,0.89072072072072
1508106022,Zhang,Summer,R,M.D.,I,13259 41st Rd,Suite Cb,Flushing,NY,36,11355,1,"Metropolitan area core: primary flow within an urbanized area of 50,000 and greater",US,Internal Medicine,Claim-Specialty,8329,9488.64,996990.81,263710,196,,8315,9474.64,994236.26,263315,"#",,,1219,611355.51,,6954,382582.77,,156,3052.53,,8194,973914.59,,135,23076.22,,8115,989370.86,,214,7619.95,0,0,0,0,0,0,0,0,0,,441,2743.62,132,*,,,*,,70.122448979592,,,,,99,97,,0,192,0,0,,183,13,0.90205819267924
1508124397,Curran,Christopher,,,I,104 Genesee St,,Oneida,NY,36,13421,4,"Micropolitan area core: primary flow within an urban cluster of 10,000 to 49,999",US,Pharmacist,NPPES-Taxonomy,85,85,22420,114,83,"#",,,,,"#",,,85,22420,,0,0,,0,0,,57,14779.41,,28,7640.59,*,,,"#",,,0,0,0,0,0,0,0,0,0,,0,0,0,*,,,*,,73.493975903614,,,,,52,31,80,,0,0,0,,,,0.95490361445783
1508175993,Hance,Ashley,F,PHARM.D.,I,4061 Route 104,,Williamson,NY,36,14589,2,"Metropolitan area high commuting: primary flow 30% or more to a urbanized area of 50,000 and greater",US,Pharmacist,NPPES-Taxonomy,29,29,8316.06,29,29,"#",,,,,"#",,,29,8316.06,,0,0,,0,0,"#",,,*,,,*,,,"#",,,0,0,0,0,0,0,0,0,0,,0,0,0,*,,,*,,74.793103448276,,,,,17,12,28,,0,,0,0,,,0.95268965517241
1508250192,Hampson,Matthew,D,PHARMD.,I,1301 Pierce Ave,,North Tonawanda,NY,36,14120,1,"Metropolitan area core: primary flow within an urbanized area of 50,000 and greater",US,Pharmacist,NPPES-Taxonomy,35,36,7673.01,94,34,"#",,,,,"#",,,35,7673.01,,0,0,,0,0,,11,2158.76,,24,5514.25,,0,0,,35,7673.01,0,0,0,0,0,0,0,0,0,,0,0,0,*,,,*,,74.205882352941,,,,,19,15,32,,0,0,0,,0,34,0.79776470588235
1508296773,Wagner,Jennifer,,NP,I,37 N Chemung St,,Waverly,NY,36,14892,4,"Micropolitan area core: primary flow within an urban cluster of 10,000 to 49,999",US,Nurse Practitioner,Claim-Specialty,13278,13372.75,448599.71,132643,385,,12275,12365.22,395091.65,121564,,366,,1577,339046.97,,11674,108188,,27,1364.74,,4724,181581.76,,8554,267017.95,,11547,380789.33,,1731,67810.38,494,34018.53,8442,119,3.7204398252749,85,27408.79,1290,11,17.206477732794,242,14863.49,84,,571,4487.33,,43,80.545454545455,19,83,140,143,263,122,372,,0,,,,248,137,2.136726459398
1508800830,Akmese,Fatma,,M.D.,I,293 Upper Falls Blvd,,Rochester,NY,36,14605,1,"Metropolitan area core: primary flow within an urbanized area of 50,000 and greater",US,Family Practice,Claim-Specialty,15448,26026.6,1789943.02,751170,701,,9682,17286.9,960128.43,503484,,463,,1991,1429302.76,,13003,340423.34,,454,20216.92,,13300,1550814.05,,2148,239128.97,,14293,1723102.52,,1155,66840.5,673,28299.63,16741,127,4.3565510098395,33,7561.71,982,,4.9034175334324,108,13052.58,70,,105,10874.71,,22,67.172610556348,238,270,153,40,462,239,101,54,15,523,,,591,110,1.5688588410551
1508807447,Bodoutchian,Ani,A,M.D.,I,120 Route 109,,West Babylon,NY,36,11704,1,"Metropolitan area core: primary flow within an urbanized area of 50,000 and greater",US,Family Practice,Claim-Specialty,1567,4205.1,228433.05,124410,158,,1547,4159.75,226607.69,123152,"#",,,221,194641.18,,1330,33544.36,,16,247.51,,474,63705.3,,1093,164727.75,,147,25149.82,,1420,203283.23,0,0,0,0,0,0,0,0,0,,16,85.2,14,,0,0,*,,72.848101265823,,,,,106,52,130,14,,,0,,14,144,0.89588824710362
1508829284,Persaud,Krishna,V,MD,I,4418 E Ridge Rd,Williamson Medical Pllc,Williamson,NY,36,14589,2,"Metropolitan area high commuting: primary flow 30% or more to a urbanized area of 50,000 and greater",US,Internal Medicine,Claim-Specialty,10360,21498.55,1093961.09,626532,602,,9416,19669.66,940609.78,573108,,553,,1469,871180.03,,8796,217548.08,,95,5232.98,,8554,925292.56,,1806,168668.53,,2004,243945.59,,8356,850015.5,314,45172.76,7204,56,3.030888030888,63,39414.55,1820,,20.063694267516,272,9020.63,145,,42,11733.1,,11,74.998338870432,49,251,206,96,299,303,536,28,,,0,28,98,504,1.1487886665262
1508833872,Kan,Sang,,M.D.,I,19 Bowery St,"2nd Floor, Suite 8",New York,NY,36,10002,1,"Metropolitan area core: primary flow within an urbanized area of 50,000 and greater",US,Internal Medicine,Claim-Specialty,13955,23400.56,2261479.55,686733,953,,13755,23066.24,2240904,677425,,939,,2511,1896270.35,,11218,357030.73,,226,8178.47,,12498,2069881.5,,1457,191598.05,,13051,2171085.12,,904,90394.43,11,116.55,180,,0.078824793980652,0,0,0,,0,145,761.78,119,,64,1226.16,,18,75.301154249738,14,504,297,138,500,453,,,919,,0,21,829,124,1.0574365481831
1508866195,Steklova,Olga,,MD,I,21111 Northern Blvd,,Bayside,NY,36,11361,1,"Metropolitan area core: primary flow within an urbanized area of 50,000 and greater",US,Family Practice,Claim-Specialty,4527,4977.68,185165.95,144072,348,,1260,1321,36681.7,38292,,85,"#",,,,4146,60817.83,*,,,,773,30902.91,,3754,154263.04,,4516,184905.1,,11,260.85,,,,,,,,,,,19,185.54,18,,0,0,,0,53.218390804598,263,67,,,139,209,149,118,18,51,0,12,,,0.80770785440613
1508885971,Perle,Kristine,E,M.D.,I,9768 Liberty Dr,,Painted Post,NY,36,14870,4,"Micropolitan area core: primary flow within an urban cluster of 10,000 to 49,999",US,Family Practice,Claim-Specialty,11350,23683.52,1293514.13,693136,682,,8860,19547.1,991041.65,573918,,593,,1360,1035510.72,,9838,249541.11,,152,8462.3,,8052,754652.77,,3298,538861.36,,4473,628022.85,,6877,665491.28,432,24748.85,11166,71,3.8061674008811,80,17516.36,2369,,18.518518518519,188,39343.54,108,,14,464.09,*,,71.567448680352,89,345,197,51,426,256,653,,,,0,19,181,501,1.0808298977315
1508886219,Tan,Catherine,C,MD,I,300 White Spruce Blvd,Suite 100,Rochester,NY,36,14623,1,"Metropolitan area core: primary flow within an urbanized area of 50,000 and greater",US,Internal Medicine,Claim-Specialty,6059,13104.01,413300.02,380514,536,,5527,12334.66,390598.52,359395,,510,,599,289338.93,,5409,122302.83,,51,1658.26,,5308,369524.32,,751,43775.7,,825,55564.24,,5234,357735.78,193,9752.28,5088,46,3.1853441161908,20,5428.57,559,,10.362694300518,195,1408.82,127,,27,524.76,*,,74.707089552239,26,250,191,69,326,210,427,40,28,,,34,54,482,0.94713330520533
1508890740,Muster,Sima,,,I,1220 Avenue P,,Brooklyn,NY,36,11229,1,"Metropolitan area core: primary flow within an urbanized area of 50,000 and greater",US,Internal Medicine,Claim-Specialty,20654,29395.52,4328238.03,863066,531,,20102,28617.22,4244147.28,840784,,503,,5487,3740937.94,,14894,582138.52,,273,5161.57,,3859,647732.17,,16795,3680505.86,,19388,4160544.21,,1266,167693.82,39,395.81,643,16,0.18882540912172,0,0,0,0,0,311,3453.9,183,,143,265516.88,,36,75.996233521657,28,213,178,112,320,211,399,36,,,,77,429,102,1.804667691019
1508910209,Nevins,Brooke,J,MD,I,130 Pondfield Rd,Ste 2,Bronxville,NY,36,10708,1,"Metropolitan area core: primary flow within an urbanized area of 50,000 and greater",US,Internal Medicine,Claim-Specialty,2563,4886.42,269448,139346,337,,2363,4500.42,205446.95,127946,,315,,321,158368.47,,2226,110242.83,,16,836.7,,986,100766.44,,1577,168681.56,,560,89555.14,,2003,179892.86,154,50093.73,3567,15,6.0085836909871,25,46891.86,750,,16.233766233766,81,2146.65,39,,27,6398.5,*,,75.074183976261,22,153,109,53,188,149,234,36,13,31,0,23,79,258,1.2673366669117
1508927013,Caracta,Antonio,,MD,I,491 Bard Ave,,Staten Island,NY,36,10310,1,"Metropolitan area core: primary flow within an urbanized area of 50,000 and greater",US,Cardiology,Claim-Specialty,5366,13601.41,1008516.1,400178,423,,5260,13360.7,997152.58,393203,,409,,877,894100.31,,4477,113918.39,,12,497.4,,1742,299053.76,,3624,709462.34,,563,110355.42,,4803,898160.68,31,1358.33,808,,0.57771151695863,0,0,0,,0,178,1631.14,114,,38,570.95,,14,77.671394799054,14,145,173,91,238,185,318,23,30,27,0,25,45,378,1.1673209258088
1508957804,Cortes,Juan,A,D.O.,I,124 Bay Ridge Ave,,Brooklyn,NY,36,11220,1,"Metropolitan area core: primary flow within an urbanized area of 50,000 and greater",US,Family Practice,Claim-Specialty,27907,46133.39,3962630.73,1344648,837,,25281,42081.06,3545867.21,1228506,,755,,4031,3062176.11,,23206,883606.13,,670,16848.49,,24024,3274322.22,,3883,688308.51,,24176,3605225.98,,3731,357404.75,378,6234.76,10055,51,1.3544988712509,,,,,,672,3458.73,375,,54,18843.23,,11,72.867383512545,82,410,261,84,503,334,41,,,777,0,12,618,219,1.1974992998274
1518060862,Katechis,Jimmy,,M.D.,I,2747 Crescent St Ste 104,,Astoria,NY,36,11102,1,"Metropolitan area core: primary flow within an urbanized area of 50,000 and greater",US,Internal Medicine,Claim-Specialty,4377,10698.41,476061.65,314630,375,,4187,10290.24,438225.32,302656,,357,,547,381590.68,,3742,88862.17,,88,5608.8,,1883,195462.62,,2494,280599.03,,1547,218874.56,,2830,257187.09,25,489.29,627,,0.57116746630112,0,0,0,,0,75,910.26,65,*,,,*,,75.496,18,160,135,62,200,175,328,,,22,0,14,106,269,1.1310083313281
1518133750,Cherian,Sarah,M,MD,I,200 Old Country Rd Ste 370,,Mineola,NY,36,11501,1,"Metropolitan area core: primary flow within an urbanized area of 50,000 and greater",US,Nephrology,Claim-Specialty,26,42,19978.44,738,13,,26,42,19978.44,738,,13,,26,19978.44,,0,0,,0,0,,12,16308.58,,14,3669.86,,0,0,,26,19978.44,0,0,0,0,0,0,0,0,0,,0,0,0,,0,0,,0,73.538461538462,0,,,0,,,,0,0,0,0,,0,13,0.78630769230769
1518236181,Tan,Wu,,MD,I,4235 Main St,Ste 3m,Flushing,NY,36,11355,1,"Metropolitan area core: primary flow within an urbanized area of 50,000 and greater",US,Internal Medicine,Claim-Specialty,53500,61575.68,12111718.07,1565713,855,,52833,60852.71,11968196.1,1548272,,837,,13893,10153623.7,,39186,1946615.27,,421,11479.1,,44742,11422947.01,,8758,688771.06,,53019,12054418.15,,481,57299.92,142,3457.28,1601,58,0.26542056074766,,,,,,1086,348454.92,412,,596,158032.92,,79,75.843274853801,18,447,209,181,473,382,33,56,711,35,0,20,833,22,1.7779176845338
1518258003,You,Lu,,MD,I,350 E 17th St,20 Baird Hall,New York,NY,36,10003,1,"Metropolitan area core: primary flow within an urbanized area of 50,000 and greater",US,Internal Medicine,Claim-Specialty,10138,20719.81,1867092.4,602169,990,,9894,20343.97,1846212.91,591667,,967,,2094,1593697.87,,7914,270349.17,,130,3045.36,,9408,1688460.37,,730,178632.03,,9593,1823376.5,,545,43715.9,,,,,,,,,,,123,1297.42,95,*,,,*,,74.757575757576,23,526,302,139,560,430,,,952,,0,17,902,88,1.0764392078472
1518279827,Fox,Kelita,L,MD,I,158 Orchard St,,Rochester,NY,36,14611,1,"Metropolitan area core: primary flow within an urbanized area of 50,000 and greater",US,Family Practice,Claim-Specialty,3746,8091.27,490346.29,236638,524,,3091,6836.05,373530.98,200236,,434,,594,416144.82,,3105,70718.49,,47,3482.98,,2455,334618.57,,1291,155727.72,,1380,202185.84,,2366,288160.45,45,685.84,1076,14,1.2012813667912,0,0,0,0,0,29,331,21,*,,,*,,72.404580152672,90,209,162,63,359,165,39,477,,,0,,173,351,1.428370244227
1518335686,Davis,Fern,O,FNP-BC,I,731 White Plains Rd,,Bronx,NY,36,10473,1,"Metropolitan area core: primary flow within an urbanized area of 50,000 and greater",US,Nurse Practitioner,Claim-Specialty,4373,5405.65,427006.82,156821,251,,1920,2503.91,144089.15,73398,,110,,689,355713.91,,3611,68986.94,,73,2305.97,,2077,233966.21,,2296,193040.61,,4116,401825.5,,257,25181.32,,,,,,,,,,,25,800.41,15,*,,,*,,59.318725099602,141,67,,,121,130,37,94,,105,0,,225,26,1.0196672124479
1518340678,Flint,Holly,,,I,321 W Washington St,,Bath,NY,36,14810,7,"Small town core: primary flow within an urban cluster of 2,500 to 9,999",US,Pharmacist,NPPES-Taxonomy,83,83,22580.45,83,80,"#",,,,,"#",,,83,22580.45,,0,0,,0,0,,58,15454.78,,25,7125.67,*,,,"#",,,0,0,0,0,0,0,0,0,0,,0,0,0,*,,,*,,73.6125,,,,,43,37,75,0,,0,0,,,,0.85439583333333
1518380559,Yeung,Angela,,,I,139 Centre St,Suite 709,New York,NY,36,10013,1,"Metropolitan area core: primary flow within an urbanized area of 50,000 and greater",US,Nurse Practitioner,Claim-Specialty,8655,15381.01,1797084.15,440683,905,,8381,14876.26,1731779.7,426483,,871,,2108,1495689.2,,6425,297981.91,,122,3413.04,,8036,1685846.54,,619,111237.61,,8194,1758981.66,,461,38102.49,14,60.06,345,,0.16175621028307,0,0,0,,0,178,1305.05,144,,26,574.04,*,,73.254143646409,34,527,249,95,503,402,22,,847,16,,13,822,83,1.0979509494142
1518421510,Holmes,Rachel,R,NP,I,1500 Portland Ave,,Rochester,NY,36,14621,1,"Metropolitan area core: primary flow within an urbanized area of 50,000 and greater",US,Nurse Practitioner,Claim-Specialty,6135,6158.8,444819.16,137962,283,"#",,,,,"#",,"#",,,,5238,220409.62,*,,,,4640,372662.31,,1495,72156.85,,5232,402888.23,,903,41930.93,69,1362.87,1146,44,1.1246943765281,,,,,,182,2170.1,69,*,,,*,,86.455830388693,,,,,200,83,254,20,,,0,,203,80,2.1922758888906
1518439116,Zeafla,Emily,J,PA,I,82 Holland St,,Rochester,NY,36,14605,1,"Metropolitan area core: primary flow within an urbanized area of 50,000 and greater",US,Physician Assistant,Claim-Specialty,5643,9003.3,492040.01,261437,397,,3554,6039.59,357057.75,177021,,255,,695,386787.46,,4797,98690.35,,151,6562.2,,4783,431091.81,,860,60948.2,,5236,450394.42,,407,41645.59,220,5598.87,6257,44,3.8986354775828,,,,,,49,472.32,29,,32,1557.64,*,,65.415617128463,142,186,57,12,235,162,37,187,,164,0,,346,51,1.5377755367721
1518498765,Mclean,Cameron,,D.O.,I,127 North St,,Batavia,NY,36,14020,4,"Micropolitan area core: primary flow within an urban cluster of 10,000 to 49,999",US,Family Practice,Claim-Specialty,13141,25220.44,1583550.76,732067,947,,9404,19258.65,1141345.89,560312,,759,,1831,1287973.51,,11181,287168.23,,129,8409.02,,10061,1278443.65,,3080,305107.11,,6113,789482.29,,7028,794068.47,532,24228.26,15015,87,4.0483981432159,60,11618.6,1690,11,11.278195488722,398,4428.55,209,,72,3432.97,,16,70.85005279831,188,413,245,101,475,472,886,24,,12,,24,306,641,1.3863181298901
1518900471,Erlikh,Tamara,,M.D.,I,4422 3rd Ave,Care Of Faculty Practice,Bronx,NY,36,10457,1,"Metropolitan area core: primary flow within an urbanized area of 50,000 and greater",US,Internal Medicine,Claim-Specialty,19719,22636.39,1873522.34,488566,421,,17566,19932.95,1697151.28,422458,,371,,3867,1562554.77,,15565,296599.19,,287,14368.38,,6688,949580.19,,13031,923942.15,,18788,1772855.82,,931,100666.52,138,4029.48,2261,38,0.69983264871444,20,1976.42,505,,14.492753623188,233,8895.68,112,,259,4068.43,,30,76.04513064133,50,133,151,87,264,157,59,186,12,150,0,14,367,54,3.3222380988051
1518929009,Hernandez Abreu,Andres,R,M.D.,I,563 Grand St,,Brooklyn,NY,36,11211,1,"Metropolitan area core: primary flow within an urbanized area of 50,000 and greater",US,Internal Medicine,NPPES-Specialty,16042,29558.36,2208591.16,875655,561,,13590,25926.76,1868275,768112,,500,,2803,1855532.67,,12540,337274.01,,699,15784.48,,15484,2139579.33,,558,69011.83,,14966,2124400.86,,1076,84190.3,186,2583.81,4854,35,1.1594564268794,0,0,0,0,0,80,478.72,64,,223,13150.03,,43,73.242424242424,61,250,203,47,300,261,16,14,,529,0,,470,91,1.1598015754267
1518932441,Maggio,Russell,P,M.D.,I,125 Lattimore Rd,Suite 256,Rochester,NY,36,14620,1,"Metropolitan area core: primary flow within an urbanized area of 50,000 and greater",US,Internal Medicine,Claim-Specialty,6258,12936.47,588861.54,378411,1014,,6029,12517.24,564563.05,366225,,977,,702,453727.05,,5498,131483.78,,58,3650.71,,5604,519878.07,,654,68983.47,,826,108900.38,,5432,479961.16,73,3848.52,1791,34,1.1665068712049,,,,,,95,12898.78,80,,47,8397.72,,13,75.120315581854,37,467,375,135,487,527,893,45,,18,,50,94,920,1.1019279621512
1518935857,Fischer,Stuart,B,MD,I,2015 Grand Concourse,,Bronx,NY,36,10453,1,"Metropolitan area core: primary flow within an urbanized area of 50,000 and greater",US,Internal Medicine,Claim-Specialty,7681,7759.51,651041.91,150606,387,,6912,6979.31,585310.96,138392,,352,,1382,499205.27,,6267,149090.24,,32,2746.4,,3296,349791.71,,4385,301250.2,,7389,627516.09,,292,23525.82,59,968.8,659,36,0.76812914985028,,,,,,229,38021.58,71,,76,5644.75,,18,78.976744186047,35,104,114,134,228,159,133,100,,143,0,,355,32,3.1660471564664
1518939123,Haas,Susan,,MD,I,210 Westchester Ave,,White Plains,NY,36,10604,1,"Metropolitan area core: primary flow within an urbanized area of 50,000 and greater",US,Internal Medicine,Claim-Specialty,4926,11687.39,324812.23,344180,412,,4649,11161.29,286398.1,328910,,391,,376,223638.1,,4519,100521.52,,31,652.61,,1388,75112.44,,3538,249699.79,,1028,88159.05,,3898,236653.18,34,695.08,908,,0.69021518473406,0,0,0,,0,82,695.77,51,*,,,*,,74.053398058252,21,204,139,48,338,74,304,59,14,21,0,14,53,359,0.92894381541667
1518946599,Petrone,Kim,K,MD,I,1500 Portland Avenue,St Anns Community,Rochester,NY,36,14621,1,"Metropolitan area core: primary flow within an urbanized area of 50,000 and greater",US,Internal Medicine,Claim-Specialty,3056,3058.14,248046.2,65178,333,"#",,,,,"#",,"#",,,,2359,40474.67,*,,,,2650,225880.17,,406,22166.03,,1944,170035.85,,1112,78010.35,125,2817.98,2682,38,4.0903141361257,,,,,,41,583.46,24,*,,,*,,86.855855855856,,,,,240,93,297,22,,,0,,228,105,1.9616361494167
1518949379,Kua,Alfredo,,M.D.,I,2699 Wehrle Dr,,Williamsville,NY,36,14221,1,"Metropolitan area core: primary flow within an urbanized area of 50,000 and greater",US,Internal Medicine,Claim-Specialty,8367,8417.43,624507.08,193836,201,,7934,7984.26,559259.66,184567,"#",,"#",,,,6578,150101.89,*,,,,4452,266829.29,,3915,357677.79,,7989,595347.27,,378,29159.81,201,4058.26,3864,61,2.4022947292937,,,,,,164,14688.06,73,,155,15557.17,*,,82.412935323383,,,,,139,62,182,,0,,0,,153,48,2.1759461344654
1518977784,Fitten,Joan,T,N.P.,I,3 Barker Ave,4th Floor,White Plains,NY,36,10601,1,"Metropolitan area core: primary flow within an urbanized area of 50,000 and greater",US,Nurse Practitioner,Claim-Specialty,2141,4026.9,295335.56,115874,289,,1559,3107.45,197513.61,90237,,216,,430,248124.5,,1672,45468.7,,39,1742.36,,1777,245289.09,,364,50046.47,,1911,269962.51,,230,25373.05,,,,,,,,,,,45,356.16,39,*,,,*,,69.162629757785,73,123,68,25,216,73,27,87,,156,0,,235,54,1.5004387071399
1518982123,Chang,Jung Mi,,,I,460 W 34th St,,New York,NY,36,10001,1,"Metropolitan area core: primary flow within an urbanized area of 50,000 and greater",US,Internal Medicine,Claim-Specialty,6726,9135.38,497759.27,267365,458,,3447,5426.73,235693.38,159681,,241,,818,405910.02,,5864,90633.26,,44,1215.99,,2099,230737.11,,4627,267022.16,,6020,448728,,706,49031.27,,,,,,,,,,,29,363.71,21,,0,0,,0,61.170305676856,217,164,59,18,218,240,149,95,142,44,,,360,98,0.93738787132727
1528005907,Hasan,Zeeshan,S,MD,I,2 Arkansas Dr,,Valley Stream,NY,36,11580,1,"Metropolitan area core: primary flow within an urbanized area of 50,000 and greater",US,Internal Medicine,Claim-Specialty,3336,7082.4,667094.3,208051,127,,3062,6554.65,602292.63,192494,"#",,,580,584761.46,,2592,76331.23,,164,6001.61,,2315,464737.77,,1021,202356.53,,2909,651034.67,,427,16059.63,,,,,,,,,,,30,318.91,20,*,,,*,,72.291338582677,,,,,92,35,,18,82,,,15,103,24,1.3441860352804
1528013091,Kang,Hea-Shin,,M.D.,I,143-08 Roosevelt Ave,"#l-2",Flushing,NY,36,11354,1,"Metropolitan area core: primary flow within an urbanized area of 50,000 and greater",US,Internal Medicine,Claim-Specialty,34666,44595.12,6558655.76,1319110,689,,34485,44322.92,6510050.75,1311032,"#",,,8244,5874669.38,,25864,668210.29,,558,15776.09,,31553,5905779.03,,3113,652876.73,,33030,6454551.22,,1636,104104.54,109,1750.52,2331,34,0.31442912363699,0,0,0,0,0,313,3627.07,198,*,,,*,,75.238026124819,,,,,386,303,,0,621,,0,58,598,91,1.1719157857673
1528020898,Cicilline,Michelle,S,M.D.,I,200 Red Creek Dr,Suite 100,Rochester,NY,36,14623,1,"Metropolitan area core: primary flow within an urbanized area of 50,000 and greater",US,Family Practice,Claim-Specialty,6421,13192.56,560972.7,383088,601,,5631,11819.11,512510.56,343341,,538,,653,418174.27,,5716,140711.74,,52,2086.69,,5387,511176.53,,1034,49796.17,,1910,178804.73,,4511,382167.97,109,1769.58,2083,38,1.697554897991,,,,,,159,2131.8,101,,37,2217.19,*,,72.840266222962,63,289,180,69,412,189,528,19,13,,,36,111,490,1.0958676680853
1528024668,Snyder,Lily,J,MD,I,7995 Call Pkwy,,Batavia,NY,36,14020,4,"Micropolitan area core: primary flow within an urban cluster of 10,000 to 49,999",US,Family Practice,Claim-Specialty,8281,19180.57,753398.61,561598,668,,6750,16443.19,605053.89,482665,,587,,943,531928.68,,7232,215145.67,,106,6324.26,,6515,608944.96,,1766,144453.65,,2455,277214.2,,5826,476184.41,348,17779.27,8813,57,4.2023910155778,57,10685.07,1710,,16.379310344828,121,829.6,85,,14,283.61,*,,72.910179640719,81,304,217,66,436,232,638,,0,,0,20,134,534,1.1475696334047
1528035458,Weiss,Edwin,C,MD,I,245 E 35th St,,New York,NY,36,10016,1,"Metropolitan area core: primary flow within an urbanized area of 50,000 and greater",US,Internal Medicine,Claim-Specialty,7447,14758.51,1178305.59,434885,493,,7286,14440.14,1142919.33,425492,,481,,1406,1013054.91,,6018,165009.18,,23,241.5,,1973,212362.12,,5474,965943.47,,2353,421595.19,,5094,756710.4,18,115.68,167,,0.2417080703639,0,0,0,,0,84,3283.61,42,*,,,*,,76.170385395538,12,220,176,85,232,261,384,27,22,28,0,32,105,388,1.2383806367088
1528045416,Schwalb,David,,MD,I,111 Sullivan Ave,Liberty Medical Group,Ferndale,NY,36,12734,10,"Rural areas: primary flow to a tract outside a urbanized area of 50,000 and greater or UC",US,Internal Medicine,Claim-Specialty,15066,34205.95,2246041.02,1012745,986,,13434,30748.83,1954716.77,911008,,883,,2082,1951187.95,,12801,281928.08,,183,12924.99,,6747,944461.59,,8319,1301579.43,,4608,746765.2,,10458,1499275.82,446,12916.43,11624,77,2.9603079782291,11,463.5,330,,2.4663677130045,231,3370.6,155,,48,2774.67,,12,73.766734279919,103,417,347,119,478,508,877,28,,42,,36,240,746,1.1668725212763
1528069085,Wnuk,William,J,M.D.,I,210 E Main St,,Springville,NY,36,14141,7.1,"Secondary flow 30% to <50% to a urbanized area of 50,000 and greater",US,Internal Medicine,Claim-Specialty,14799,26987.19,1090519.57,778393,1307,,13778,25207.66,958322.88,726259,,1199,,1546,775506.84,,13166,311794.86,,87,3217.87,,11859,837081.97,,2940,253437.6,,4987,414115.19,,9812,676404.38,589,47903.64,15363,145,3.9799986485573,94,2804.41,2482,17,15.959252971138,233,15886.29,145,,269,4849.56,,67,74.850038255547,108,548,440,211,631,676,1250,,,,,38,302,1005,1.3900116555431
1528098647,Apostolakos,Michael,J,MD,I,601 Elmwood Ave,Box Med,Rochester,NY,36,14642,1,"Metropolitan area core: primary flow within an urbanized area of 50,000 and greater",US,Pulmonary Disease,Claim-Specialty,327,329,54377.64,480,255,,244,246,40987.19,397,,190,,319,53873.53,*,,,"#",,,,261,43618.9,,66,10758.74,,206,33053.26,,121,21324.38,0,0,0,0,0,0,0,0,0,,,,,,0,0,,0,68.713725490196,65,132,,,135,120,129,76,24,16,,,155,100,1.4560277057836
1528110210,Lama,Cynthia,M,M.D.,I,9014 Elmhurst Ave,,Jackson Heights,NY,36,11372,1,"Metropolitan area core: primary flow within an urbanized area of 50,000 and greater",US,Internal Medicine,Claim-Specialty,247,340.09,25192.46,8789,51,,222,315.09,23598.53,8221,"#",,,56,21717.92,,191,3474.54,,0,0,,172,19326.63,,75,5865.83,,181,21044.48,,66,4147.98,,,,,,,,,,,15,254.18,,,0,0,*,,72.039215686275,,,,,29,22,,0,0,43,0,,27,24,0.92754901960784
1528140597,Jiang,Baoen,,M.D.,I,8 Chatham Sq,Suite 301,New York,NY,36,10038,1,"Metropolitan area core: primary flow within an urbanized area of 50,000 and greater",US,Internal Medicine,Claim-Specialty,52480,79503.35,11103812.16,2316612,1471,,51850,78541.62,10980199.54,2288669,,1448,,13432,9584834.22,,37925,1489099.79,,1123,29878.15,,49661,10489850.78,,2819,613961.38,,50921,10888810.2,,1559,215001.96,,,,,,,,,,,679,4291.92,426,,272,6387.74,,50,74.508497620666,23,858,388,202,796,675,,,1428,11,0,21,1332,139,1.1603972539125
1528148475,Tavakoli,Kamyar,D,"M.D,",I,19115 Hillside Ave,,Hollis,NY,36,11423,1,"Metropolitan area core: primary flow within an urbanized area of 50,000 and greater",US,Internal Medicine,Claim-Specialty,10914,13625.9,918595.12,348090,377,,10264,12785.02,861719.2,325385,,356,,1597,670570.16,,9169,238176.76,,148,9848.2,,4206,363912.6,,6708,554682.52,,8682,739547.13,,2232,179047.99,96,850.49,1422,24,0.87960417811985,0,0,0,0,0,213,17861.38,103,,412,28329.91,,40,76.151193633952,21,160,118,78,230,147,91,155,48,49,,,200,177,1.7050153794625
1528172079,Catucci,Candida,,M.D.,I,4008 Forley St,,Elmhurst,NY,36,11373,1,"Metropolitan area core: primary flow within an urbanized area of 50,000 and greater",US,Internal Medicine,Claim-Specialty,5336,9247.25,453198.47,274071,314,,5011,8790.75,436322.43,260701,,295,,522,365513.07,,4714,86110.29,,100,1575.11,,4979,415671.53,,357,37526.94,,4432,411279.58,,904,41918.89,13,247.03,311,,0.24362818590705,0,0,0,,0,79,809.58,58,*,,,*,,72.216560509554,19,185,97,13,239,75,23,,,278,0,,224,90,1.0087119033561
1528229473,Lo,Wei-Hsiu,,M.D.,I,13336 41st Rd Ste 1c,,Flushing,NY,36,11355,1,"Metropolitan area core: primary flow within an urbanized area of 50,000 and greater",US,Internal Medicine,Claim-Specialty,5888,11460.64,906243.59,332700,234,,5763,11205.05,893485.71,325300,"#",,,980,695309.26,,4817,207964.05,,91,2970.28,,5468,866582.9,,420,39660.69,,4922,794251.89,,966,111991.7,0,0,0,0,0,0,0,0,0,,222,1441.78,112,,0,0,*,,74.662393162393,,,,,125,109,,,216,,0,12,162,72,1.1710367379974
1528239670,Downer,Jamal,A,PHARM D,I,8011 Eliot Ave,,Middle Village,NY,36,11379,1,"Metropolitan area core: primary flow within an urbanized area of 50,000 and greater",US,Pharmacist,NPPES-Taxonomy,22,22,6406.09,22,20,,22,22,6406.09,22,,20,,22,6406.09,,0,0,,0,0,*,,,"#",,,*,,,"#",,,0,0,0,0,0,0,0,0,0,,0,0,0,,0,0,,0,75.15,0,,,,,,13,,,,0,,,,0.74183333333333
1528244555,Miller,Alice,,MD,I,436 Hinsdale Rd,,Camillus,NY,36,13031,1,"Metropolitan area core: primary flow within an urbanized area of 50,000 and greater",US,Family Practice,Claim-Specialty,4955,10787.01,481174.47,311275,599,,4451,9889.72,426994.51,285468,,554,,585,395537.07,,4319,84004.12,,51,1633.28,,3205,311784.93,,1750,169389.54,,698,97624.52,,4257,383549.95,97,3053.05,1822,28,1.9576185671039,13,2240,359,,13.40206185567,148,1773.65,101,*,,,*,,73.193656093489,45,327,170,57,384,215,561,,,,0,20,60,539,1.214666829163
1528246824,Squatrito,Charles,J,PHARM.D.,I,1125 Bay St,,Staten Island,NY,36,10305,1,"Metropolitan area core: primary flow within an urbanized area of 50,000 and greater",US,Pharmacist,NPPES-Taxonomy,215,215,50636.72,215,163,,191,191,45290.82,191,,143,,215,50636.72,,0,0,,0,0,,110,25754.1,,105,24882.62,,43,9951.14,,172,40685.58,0,0,0,0,0,0,0,0,0,,0,0,0,,0,0,,0,73.177914110429,20,66,65,12,93,70,113,44,,,0,,24,139,1.2678951321798
1528249083,Zaretsky,Mitchel,,,I,230 Park Ave,,New York,NY,36,10169,1,"Metropolitan area core: primary flow within an urbanized area of 50,000 and greater",US,Pharmacist,NPPES-Taxonomy,16,16,4847.09,16,16,,16,16,4847.09,16,,16,,16,4847.09,,0,0,,0,0,*,,,*,,,*,,,"#",,,0,0,0,0,0,0,0,0,0,,0,0,0,,0,0,,0,76.4375,0,,,,,,,,,,0,,,,1.0694375
1528317187,Nnamdi,Uchechukwu,C,M.D,I,506 Lenox Avenue,,New York,NY,36,10037,1,"Metropolitan area core: primary flow within an urbanized area of 50,000 and greater",US,Psychiatry,Claim-Specialty,178,188,20525.56,4396,62,,139,147,18288.28,3208,"#",,,42,15637.23,,136,4888.33,,0,0,,146,10619.3,,32,9906.26,,122,6766.16,,56,13759.4,0,0,0,0,0,0,0,0,0,,0,0,0,,21,1711.72,*,,68.596774193548,,,,,46,16,19,23,,19,0,,33,29,1.3872903225806
1528330149,Placentino,Kevin,P,RPH,I,827 Dutchess Tpke,,Poughkeepsie,NY,36,12603,1,"Metropolitan area core: primary flow within an urbanized area of 50,000 and greater",US,Pharmacist,NPPES-Taxonomy,14,14,2976.14,14,14,,14,14,2976.14,14,,14,,14,2976.14,,0,0,,0,0,*,,,*,,,,0,0,,14,2976.14,0,0,0,0,0,0,0,0,0,,0,0,0,,0,0,,0,76.142857142857,0,,,,,,11,,0,0,0,,0,14,1.1777857142857
1528343498,Davis,Raquel,E,MD,I,111 E 210th Street,,Bronx,NY,36,10467,1,"Metropolitan area core: primary flow within an urbanized area of 50,000 and greater",US,Internal Medicine,Claim-Specialty,10587,21545.92,1372175.07,633649,759,,8872,18491.46,1131961.77,544812,,638,,1728,1161984.44,,8545,200518.46,,314,9672.17,,8449,1131418.29,,2138,240756.78,,6844,963021.35,,3743,409153.72,123,927.49,1864,29,1.1618022102579,,,,,,42,229.68,37,,15,517.34,*,,71.249011857708,121,359,214,65,547,212,34,415,,282,,20,385,374,1.3863718391276
1528345394,Yang,Zhigang,,D.O,I,133-29 41rd,Suite 1a,Flushing,NY,36,11355,1,"Metropolitan area core: primary flow within an urbanized area of 50,000 and greater",US,General Practice,Claim-Specialty,10673,13071.88,1720782.46,374222,475,,10361,12678.79,1667940.94,363006,,464,,2525,1427736.25,,8014,289074.52,,134,3971.69,,10538,1701834.22,,135,18948.24,,10614,1718152.71,,59,2629.75,29,393.66,635,,0.27171367000843,0,0,0,,0,124,60102.33,86,,32,462.71,,11,71.932631578947,11,335,116,13,253,222,0,0,468,,0,,,,1.1106858736554
1528401007,Thomashefski,Matthew,,MD,I,127 West Main Street,Leroy Medical Associates,Leroy,NY,36,14482,3,"Metropolitan area low commuting: primary flow 10% to <30% to a urbanized area of 50,000 and greater",US,Family Practice,Claim-Specialty,7685,15459.49,543053.8,446364,739,,6813,14115.4,482625.55,408291,,647,,917,404295.39,,6682,135665.09,,86,3093.32,,6234,425985.95,,1451,117067.85,,1600,142346.92,,6085,400706.88,315,24775.45,6890,66,4.0988939492518,68,17447.17,1504,,21.587301587302,194,1479.65,124,,36,548.48,*,,72.592692828146,92,336,239,72,320,419,700,,,,0,21,125,614,1.1554036443994
1528412897,Lighthouse,Daniel,V,M.D.,I,42 Nichols St Ste 10,,Spencerport,NY,36,14559,1,"Metropolitan area core: primary flow within an urbanized area of 50,000 and greater",US,Internal Medicine,Claim-Specialty,9017,20947.4,1016733.12,610906,635,,7538,18071.08,822765.39,529225,,549,,1011,788139.3,,7911,224898.69,,95,3695.13,,7305,787280.2,,1712,229452.92,,2981,332263.3,,6036,684469.82,292,10100.37,6755,44,3.2383276034158,21,4829.89,630,,7.1917808219178,184,1452.49,108,,67,2229.67,,12,72.355905511811,86,286,207,56,387,248,570,22,,,0,31,135,500,1.12739205815
1528424066,Germaine,Doreen,J,FNP-BC,I,8900 Van Wyck Expy,,Jamaica,NY,36,11418,1,"Metropolitan area core: primary flow within an urbanized area of 50,000 and greater",US,Nurse Practitioner,NPPES-Specialty,76,76,15753.78,85,53,"#",,,,,"#",,,75,15749.13,*,,,"#",,,,61,12529.27,,15,3224.51,,38,7627.47,,38,8126.31,0,0,0,0,0,0,0,0,0,,,,,*,,,*,,73.849056603774,,,,,38,15,,44,0,,0,,27,26,1.2048681532716
1528498649,Nguyen,Tram,,PHARMD,I,5564 Broadway,,Bronx,NY,36,10463,1,"Metropolitan area core: primary flow within an urbanized area of 50,000 and greater",US,Pharmacist,NPPES-Taxonomy,173,173,47178.29,173,158,"#",,,,,"#",,,173,47178.29,,0,0,,0,0,,95,25809.17,,78,21369.12,,22,4445.54,,151,42732.75,0,0,0,0,0,0,0,0,0,,0,0,0,*,,,*,,75.158227848101,,,,,84,74,100,,47,0,0,,19,139,0.82835126582278
1003129214,Toprover Vaysberg,Marina,,PHARMD,I,245 1st Ave,,New York,NY,36,10003,1,"Metropolitan area core: primary flow within an urbanized area of 50,000 and greater",US,Pharmacist,NPPES-Taxonomy,128,128,35430.51,128,119,"#",,,,,"#",,,128,35430.51,,0,0,,0,0,,40,11048.2,,88,24382.31,*,,,"#",,,0,0,0,0,0,0,0,0,0,,0,0,0,*,,,*,,75.966386554622,,,,,71,48,93,,,,0,,,,1.1390790365049
1003155730,Yang,Yanjin,,,I,506 6th St,,Brooklyn,NY,36,11215,1,"Metropolitan area core: primary flow within an urbanized area of 50,000 and greater",US,Internal Medicine,Claim-Specialty,11400,22840.53,1808441.27,673531,481,,10942,21871.77,1742707.19,644936,,451,,1650,1410174.71,,9452,386833.89,,298,11432.67,,9345,1434189.46,,2055,374251.81,,8887,1441721.69,,2513,366719.58,39,138.63,875,13,0.34210526315789,,,,,,139,19042.07,98,,12,240.82,*,,74.442827442827,30,239,133,79,288,193,65,78,287,26,,,289,192,1.1673147579383
1003160508,Coglitore,Stephanie,A,"MSN,  FNP-BC",I,204 Halcomb St,,Syracuse,NY,36,13209,1,"Metropolitan area core: primary flow within an urbanized area of 50,000 and greater",US,Nurse Practitioner,NPPES-Specialty,3419,3470.56,310820.61,90052,85,,3013,3059.23,273436.43,79839,"#",,,480,166499.77,,2900,142464.45,,39,1856.39,,3400,302148.87,,19,8671.74,"#",,,*,,,51,748.01,1356,,1.4916642293068,0,0,0,,0,95,2967.84,43,,47,10002.33,*,,77.447058823529,,,,,57,28,68,14,0,,0,,,,2.5862322490719
1003199670,Heinrichs,Phillip,A,PHARM D.,I,4999 State Highway 30,,Amsterdam,NY,36,12010,2,"Metropolitan area high commuting: primary flow 30% or more to a urbanized area of 50,000 and greater",US,Pharmacist,NPPES-Taxonomy,77,79,18164.02,195,62,"#",,,,,"#",,,77,18164.02,,0,0,,0,0,,53,13022.27,,24,5141.75,*,,,"#",,,0,0,0,0,0,0,0,0,0,,0,0,0,*,,,*,,73.209677419355,,,,,43,19,48,,,,0,,,,1.233501344086
1003251976,Brockway,Matthew,M,MD,I,2212 Penfield Rd Ste 200,,Penfield,NY,36,14526,1,"Metropolitan area core: primary flow within an urbanized area of 50,000 and greater",US,Internal Medicine,Claim-Specialty,7960,18415.13,805398.19,536101,755,,7112,16904.03,694760.34,493918,,709,,775,607082.61,,7111,194088.02,,74,4227.56,,6713,646365.33,,1247,159032.86,,1303,187429.06,,6657,617969.13,265,29177.12,5261,53,3.3291457286432,44,23122.69,851,,16.603773584906,178,1953.1,122,,22,819.89,*,,74.753642384106,46,324,286,99,389,366,665,24,13,,,48,86,669,0.9112410749751
1003362500,Khalid,Wajiha,,PHARM.D.,I,7814 Linden Blvd,,Howard Beach,NY,36,11414,1,"Metropolitan area core: primary flow within an urbanized area of 50,000 and greater",US,Pharmacist,NPPES-Taxonomy,15,15,3136.13,15,14,,15,15,3136.13,15,,14,,15,3136.13,,0,0,,0,0,"#",,,*,,,*,,,*,,,0,0,0,0,0,0,0,0,0,,0,0,0,,0,0,,0,74.357142857143,0,,,,,,,,0,,0,,,,0.92925595238095
1003393463,Lin,Anita,,PA-C,I,749 61st St Ste 102,,Brooklyn,NY,36,11220,1,"Metropolitan area core: primary flow within an urbanized area of 50,000 and greater",US,Physician Assistant,Claim-Specialty,3240,5212.23,496615.85,146397,642,,3197,5143.23,494143.6,144488,,631,,557,385084.35,,2659,110543.47,,24,988.03,,3192,476449.47,,48,20166.38,,3186,495502.65,,54,1113.2,0,0,0,0,0,0,0,0,0,,87,678.1,79,*,,,*,,72.255451713396,11,437,159,35,337,305,,,620,,0,,623,19,1.2189325078587
1003398975,Reale,Zachary,,PHARMD,I,709 Main St,,Poughkeepsie,NY,36,12601,1,"Metropolitan area core: primary flow within an urbanized area of 50,000 and greater",US,Pharmacist,NPPES-Taxonomy,90,90,24283.77,104,87,"#",,,,,"#",,,89,24210.78,*,,,"#",,,,30,7957.97,,60,16325.8,*,,,"#",,,0,0,0,0,0,0,0,0,0,,0,0,0,*,,,*,,74.011494252874,,,,,45,42,74,,,,0,,,,0.88564367816092
1003452533,Brookhart,Alison,,"MS, FNP-C",I,169 Riverside Dr,,Binghamton,NY,36,13905,1,"Metropolitan area core: primary flow within an urbanized area of 50,000 and greater",US,Nurse Practitioner,Claim-Specialty,4439,4540.74,425050.65,106585,300,,4000,4101.74,383416.65,97608,,284,,938,330787.97,,3429,90523.43,,72,3739.25,,2791,277037.69,,1648,148012.96,,3490,339144.41,,949,85906.24,200,3697.37,2217,67,4.5055192610948,13,1441.46,216,,6.5,121,31564.04,64,,46,3250.39,,15,80.903333333333,16,65,92,127,203,97,276,13,,,0,,210,90,2.4688543293539
1003813676,Cai,Min,,M.D.,I,4105 College Point Blvd,Suite 1c,Flushing,NY,36,11355,1,"Metropolitan area core: primary flow within an urbanized area of 50,000 and greater",US,Internal Medicine,Claim-Specialty,34791,47069.27,4947373.51,1363076,1063,,34433,46554,4897713.83,1348563,,1045,,6323,3962408.86,,27646,957446.74000001,,822,27517.91,,32065,4415197.85,,2726,532175.66,,31947,4700854.66,,2844,246518.85,40,181.54,389,20,0.11497226294157,0,0,0,0,0,687,11828.28,414,,60,3353.59,,16,73.567262464722,18,627,323,95,583,480,,,1030,,0,20,853,210,0.98347021794963
1003813775,Martinko,Amelia,,M.D.,I,30 Columbia St,,Poughkeepsie,NY,36,12601,1,"Metropolitan area core: primary flow within an urbanized area of 50,000 and greater",US,Internal Medicine,Claim-Specialty,6570,16507.14,381301.04,483503,708,,6407,16130.34,359525.05,472453,,683,,571,251934.08,,5948,127855.16,,51,1511.8,,2937,181706.94,,3633,199594.1,,659,73439.53,,5911,307861.51,101,2379.75,1893,49,1.5372907153729,,,,,,220,4446.5,140,*,,,*,,77.522598870056,25,233,290,160,540,168,613,38,21,15,0,21,73,635,1.2530484957414
1003839655,Ahmed,Shamim,,MD,I,6413 Broadway,,Woodside,NY,36,11377,1,"Metropolitan area core: primary flow within an urbanized area of 50,000 and greater",US,Internal Medicine,Claim-Specialty,13105,28693.23,2451702.92,849349,526,,12031,26573.45,2128690.41,787010,,490,,2273,2114257.61,,10261,304925.1,,571,32520.21,,11394,2082980.37,,1711,368722.55,,12282,2352111.17,,823,99591.75,,,,,,,,,,,119,905,89,,41,1264.7,*,,70.756653992395,36,348,124,18,214,312,30,18,376,,,85,482,44,1.3374629100874
1003842584,Erim,Elif,N,MD,I,2150 Bleecker St,,Utica,NY,36,13501,1,"Metropolitan area core: primary flow within an urbanized area of 50,000 and greater",US,Geriatric Medicine,Claim-Specialty,12097,12118.79,1039347.09,271115,254,,12097,12118.79,1039347.09,271115,,254,,2892,794646.87,,9150,241404.78,,55,3295.44,,5919,540181.01,,6178,499166.08,,9236,814841.46,,2861,224505.63,201,7460.22,3094,51,1.6615689840456,,,,,,313,11562.8,94,,175,12910.81,,20,87.716535433071,0,16,64,174,178,76,246,0,,,0,,182,72,2.1354688935051
1003856964,Lan,Andrew,E,MD,I,1010 Central Park Ave,,Yonkers,NY,36,10704,1,"Metropolitan area core: primary flow within an urbanized area of 50,000 and greater",US,Internal Medicine,Claim-Specialty,8385,20174.88,805880.31,598449,1053,,7655,18699.64,738409.19,555451,,966,,899,647984.69,,7303,151923.4,,183,5972.22,,6038,580300.31,,2347,225580,,3308,355241.4,,5077,450638.91,71,965.45,1254,17,0.84675014907573,0,0,0,0,0,24,478.21,18,,14,1513.57,*,,75.641975308642,87,387,400,179,621,432,94,659,,244,,43,344,709,1.2707453612425
1003857616,Rubin,David,S,MD,I,13847 Horace Harding Expy,,Flushing,NY,36,11367,1,"Metropolitan area core: primary flow within an urbanized area of 50,000 and greater",US,Infectious Disease,Claim-Specialty,2773,3350.04,2643446.05,97017,97,,2045,2443.93,1823075.35,70706,,76,,1095,2534956.01,,1661,107740.06,,17,749.98,,1149,1003493.81,,1624,1639952.24,,1072,910221.66,,1701,1733224.39,,,,,,,,,,,56,5425.21,31,,14,210.5,*,,68.587628865979,21,54,,,13,84,74,,,,0,,34,63,1.1438407227869
1003859331,Peacock Birsett,Jama,L,M.D.,I,68 West Ave Ste 3,,Saratoga Springs,NY,36,12866,1.1,"Secondary flow 30% to <50% to a larger urbanized area of 50,000 and greater",US,Family Practice,Claim-Specialty,9022,14297.1,725945.85,411914,552,,8202,13066.31,632757.5,376184,,501,,1177,571821.9,,7721,150279.28,,124,3844.67,,5863,491053.72,,3159,234892.13,,3759,347507,,5263,378438.85,128,3304.98,2920,44,1.4187541565063,14,1542.68,406,,10.9375,274,16861.37,144,,179,4054.32,,25,74.059782608696,51,239,175,87,383,169,528,0,,,0,18,162,390,1.1857378900007
1003868399,Zhang,Xueshu,,MD,I,133-47 Sanford Avenue,Suite 1f,Flushing,NY,36,11355,1,"Metropolitan area core: primary flow within an urbanized area of 50,000 and greater",US,Internal Medicine,Claim-Specialty,25240,34689.51,1846641.73,1009008,724,,24981,34370.51,1831774.28,999729,,712,,2466,1359038.29,,22310,477799.56,,464,9803.88,,24723,1814089.18,,517,32552.55,,24516,1786797.29,,724,59844.44,,,,,,,,,,,261,2060.05,177,*,,,*,,72.093922651934,12,498,164,50,361,363,,,708,,0,,667,57,1.0651620933168
1003880055,Choi,Susan,W,MD,I,1246 State Route 38,,Owego,NY,36,13827,7.1,"Secondary flow 30% to <50% to a urbanized area of 50,000 and greater",US,Internal Medicine,Claim-Specialty,21682,49561.51,2436096.92,1430260,1186,,20271,46951.93,2285477.39,1356577,,1136,,2631,1913261.16,,18829,515211.54,,222,7624.22,,14467,1582604.74,,7215,853492.18,,3814,541206.83,,17868,1894890.09,541,4989.56,11660,124,2.4951572733143,,,,,,871,10019.62,444,,133,3240.67,,25,75.784148397976,50,505,420,211,787,399,1122,,,11,,34,136,1050,1.0049075342175
1003880113,Cotton,Shawn,,M.D.,I,112 Olean St,Suite 220,East Aurora,NY,36,14052,2,"Metropolitan area high commuting: primary flow 30% or more to a urbanized area of 50,000 and greater",US,Family Practice,Claim-Specialty,10889,22586.96,1167067.89,653689,616,,9984,21051.66,1088066.45,609709,,576,,1330,933249.97,,9460,230568.21,,99,3249.71,,8738,909904.89,,2151,257163,,1544,187733.79,,9345,979334.1,479,42553.42,12308,81,4.3989347047479,70,33118.69,2140,11,14.613778705637,375,4554.65,213,,89,1181.83,,20,73.935064935065,40,298,210,68,329,287,588,,,,0,20,65,551,1.0604551818281
1003904277,Sosina,Inna,,M.D.,I,Dr. Susan Smith Mckinney Nursing & Rehab. Center,594 Albany Avenue,Brooklyn,NY,36,11203,1,"Metropolitan area core: primary flow within an urbanized area of 50,000 and greater",US,Internal Medicine,Claim-Specialty,4156,4171.36,340858.9,96042,140,,4080,4095.36,338384.01,94290,"#",,,888,214320.1,,3254,125357.92,,14,1180.88,,3067,237339.22,,1089,103519.68,,4089,338603.91,,67,2254.99,,,,,,,,,,,162,9986.57,61,,29,1090.41,*,,81.428571428571,,,,,97,43,,120,0,,0,,,,2.7769428184644
1003917980,Kadet,Alan,B,MD,I,65 Central Park West,Suite 1g,New York,NY,36,10023,1,"Metropolitan area core: primary flow within an urbanized area of 50,000 and greater",US,Internal Medicine,Claim-Specialty,3862,6515.45,320956.38,180962,256,,3762,6407.64,318330.71,178091,"#",,,513,241248.99,,3304,78612.96,,45,1094.43,,682,46113.69,,3180,274842.69,,108,2143.45,,3754,318812.93,91,2941.55,2379,18,2.3562920766442,0,0,0,0,0,238,9231.48,115,*,,,*,,75.19140625,,,,,144,112,227,,,,0,16,,,0.7572332329199
1003976077,Lee,Kevin,S,MD,I,1649 Deer Park Avenue,,Deer Park,NY,36,11729,1,"Metropolitan area core: primary flow within an urbanized area of 50,000 and greater",US,Internal Medicine,Claim-Specialty,5736,14220.52,743471.39,421441,568,,5654,14036.71,726322.78,416157,,554,,612,622648.72,,5093,120226.14,,31,596.53,,3978,506239.53,,1758,237231.86,,2453,409072.26,,3283,334399.13,83,410.44,1000,52,1.4470013947001,0,0,0,0,0,74,906.07,61,,0,0,,0,74.848591549296,14,276,219,59,285,283,101,25,378,17,0,47,209,359,1.0818448419846
1003992074,Ceka,Bari,F,M.D.,I,7098 Amboy Road,,Staten Island,NY,36,10307,1,"Metropolitan area core: primary flow within an urbanized area of 50,000 and greater",US,Internal Medicine,Claim-Specialty,811,2035.25,78120.36,59057,341,,741,1880.25,69666.73,54583,,308,"#",,,,724,14308.24,*,,,,559,55435.23,,252,22685.13,,308,47034.19,,503,31086.17,0,0,0,0,0,0,0,0,0,,16,73.04,13,,0,0,,0,73.539589442815,33,145,136,27,178,163,292,,,14,0,28,115,226,0.9944455452112
1013010107,Zaso,John,R,DO,I,611 Merrick Ave,,East Meadow,NY,36,11554,1,"Metropolitan area core: primary flow within an urbanized area of 50,000 and greater",US,Pediatric Medicine,NPPES-Specialty,78,78,22226.99,194,70,"#",,,,,"#",,,75,22196.33,*,,,"#",,,,15,3994.34,,63,18232.65,*,,,"#",,,0,0,0,0,0,0,0,0,0,,0,0,0,*,,,*,,77.028571428571,,,,,36,34,61,,,,0,,,,1.1189
1013026665,Yoon,Julie,E,MD,I,300 White Spruce Blvd,Suite 100,Rochester,NY,36,14623,1,"Metropolitan area core: primary flow within an urbanized area of 50,000 and greater",US,Internal Medicine,Claim-Specialty,4478,10735.42,368790.77,311614,420,,4283,10305.22,352500.5,299066,,402,,420,244736.4,,4022,122441.26,,36,1613.11,,3856,288989.24,,622,79801.53,,730,83863.28,,3748,284927.49,142,5296.57,3779,33,3.1710585082626,20,2237.6,600,,14.084507042254,162,2261.07,100,,35,935.52,*,,74.595238095238,18,211,136,55,284,136,361,20,16,,,19,41,379,1.0130735948188
1013077486,Mathew,Bindu,N,MD,I,30 S Highland Ave,,Ossining,NY,36,10562,1,"Metropolitan area core: primary flow within an urbanized area of 50,000 and greater",US,Family Practice,Claim-Specialty,6309,12311.34,479070.54,351664,467,,5866,11637.21,436610.09,332600,,437,,728,347744.2,,5555,129997.08,,26,1329.26,,2199,149183.28,,4110,329887.26,,2380,188215.56,,3929,290854.98,104,1248.7,1832,27,1.6484387383104,0,0,0,0,0,124,3221.26,88,,90,4097.82,,14,75.631691648822,30,204,140,93,342,125,372,51,14,21,,,95,372,1.1447807136857
1013082254,Grabowski,Dariusz,,M.D.,I,934 Manhattan Ave,,Brooklyn,NY,36,11222,1,"Metropolitan area core: primary flow within an urbanized area of 50,000 and greater",US,Internal Medicine,Claim-Specialty,15224,26111.88,2471857.4,761863,549,,14107,24479.19,2208690.73,714311,,514,,2880,2184700.5,,12278,284724.86,,66,2432.04,,10837,1781405.07,,4387,690452.33,,11651,2035606.75,,3573,436250.65,,,,,,,,,,,329,50968.72,148,,96,1115.08,,22,73.273224043716,35,304,161,49,281,268,432,,,52,0,54,341,208,1.4656756751027
1013105949,Boggs,Laura,E,DO,I,53-59 Public Square,Suite 301,Watertown,NY,36,13601,1,"Metropolitan area core: primary flow within an urbanized area of 50,000 and greater",US,Internal Medicine,Claim-Specialty,12236,19388.56,1325645.54,538923,683,,11504,18240.55,1256822.53,507142,,647,,1855,1103403.48,,10306,217480.52,,75,4761.54,,6179,652119.78,,6057,673525.76,,6092,736933.44,,6144,588712.1,71,1117.5,1714,16,0.58025498528931,,,,,,223,7986.13,130,,146,66522.4,,22,77.352855051245,36,246,237,164,447,236,647,,0,,0,28,243,440,1.4397910488388
1013160589,Bleier,Ava,,,I,341 Commack Rd,,Commack,NY,36,11725,1,"Metropolitan area core: primary flow within an urbanized area of 50,000 and greater",US,Pharmacist,NPPES-Taxonomy,14,14,2790.82,14,14,,14,14,2790.82,14,,14,,14,2790.82,,0,0,,0,0,*,,,"#",,,,0,0,,14,2790.82,0,0,0,0,0,0,0,0,0,,0,0,0,,0,0,,0,74.5,0,,,0,,,12,0,,,0,0,0,14,0.45207142857143
1013181072,Mroz,Melissa,A,M.D.,I,601 Elmwood Ave,Box Med,Rochester,NY,36,14642,1,"Metropolitan area core: primary flow within an urbanized area of 50,000 and greater",US,Internal Medicine,Claim-Specialty,2773,5331.9,315274.72,155530,273,,1965,4254.68,194415.6,124908,,217,,359,258173,,2375,55515.96,,39,1585.76,,2056,228794.61,,717,86480.11,,1180,167143.79,,1593,148130.93,41,3285.26,909,18,1.4785430941219,,,,,,19,566.57,,,0,0,,0,69.161172161172,56,133,65,19,194,79,177,49,,22,,20,89,184,1.3158013708211
1013230689,Matthews,Brian,C,,I,560 N Greenbush Rd,,Rensselaer,NY,36,12144,1,"Metropolitan area core: primary flow within an urbanized area of 50,000 and greater",US,Pharmacist,NPPES-Taxonomy,53,55,13374.68,142,51,"#",,,,,"#",,,52,13351.08,*,,,"#",,,,33,8744.95,,20,4629.73,*,,,"#",,,0,0,0,0,0,0,0,0,0,,0,0,0,*,,,*,,73.745098039216,,,,,27,24,47,,0,0,0,,,,1.02
1013271741,Li,Conrad,,M.D.,I,1 Healthy Way,,Oceanside,NY,36,11572,1,"Metropolitan area core: primary flow within an urbanized area of 50,000 and greater",US,Hospitalist,Claim-Specialty,1973,2639.33,389059.57,70911,75,,1958,2610.56,387903.65,70122,"#",,,474,277178.8,,1475,111537.41,,24,343.36,,1931,383273.21,,42,5786.36,,1925,383348.46,,48,5711.11,11,50.74,74,,0.55752660922453,0,0,0,,0,99,3952.76,45,,0,0,*,,72.426666666667,,,,,42,33,11,,52,,0,,58,17,1.6434453973722
1013274638,Nichols,Kellyrose,M,D.O.,I,8745 Lake Street Rd,,Le Roy,NY,36,14482,3,"Metropolitan area low commuting: primary flow 10% to <30% to a urbanized area of 50,000 and greater",US,Family Practice,Claim-Specialty,9749,18678.85,902040.78,535910,789,,7800,15886.57,725668.54,459707,,684,,1264,686843.04,,8393,211191,,92,4006.74,,7616,685039.6,,2133,217001.18,,2983,326028.96,,6766,576011.82,410,22593.56,8494,101,4.2055595445687,43,12097.55,1061,,10.487804878049,281,4116.89,175,,53,1001.1,,14,72.865652724968,105,344,244,96,506,283,746,,,,,25,149,640,1.0927107782236
1013294297,Carames,Christopher,M,PHARM.D,I,1201 Main St,,Peekskill,NY,36,10566,1,"Metropolitan area core: primary flow within an urbanized area of 50,000 and greater",US,Pharmacist,NPPES-Taxonomy,27,27,7225.94,27,27,,27,27,7225.94,27,,27,,27,7225.94,,0,0,,0,0,*,,,"#",,,*,,,"#",,,0,0,0,0,0,0,0,0,0,,0,0,0,,0,0,,0,74.814814814815,0,15,,,12,15,22,,,,0,0,,,0.98791789685153
1013303015,Paramo,Jonathan,,MD,I,3016 30th Dr Ste 1b,,Astoria,NY,36,11102,1,"Metropolitan area core: primary flow within an urbanized area of 50,000 and greater",US,Rheumatology,Claim-Specialty,1122,1922.5,1077214.57,55754,196,,1009,1712.42,1069713.74,49783,,169,,144,1021111.01,,978,56103.56,,0,0,,890,872658.59,,232,204555.98,,837,1059285.87,,285,17928.7,,,,,,,,,,,12,56.91,,,0,0,,0,71.469387755102,27,95,,,156,40,49,20,15,103,,,136,60,1.5783007476056
1013303148,Chohan,Upasana,B,M.D.,I,425 E 61st St Fl 12,,New York,NY,36,10065,1,"Metropolitan area core: primary flow within an urbanized area of 50,000 and greater",US,Internal Medicine,Claim-Specialty,2639,6233.31,205201.68,182151,355,,2444,5835.05,186356.6,170724,,328,,335,163158.19,,2266,41321.07,,38,722.42,,1580,126921.94,,1059,78279.74,,487,52705.92,,2152,152495.76,20,271.19,353,,0.75786282682834,0,0,0,,0,45,465.34,35,,0,0,,0,72.571830985915,27,190,114,24,289,66,172,151,,,0,18,41,314,1.0242627051086
1013383223,Kelly,Lori,,NP,I,439 Hinsdale Rd,,Camillus,NY,36,13031,1,"Metropolitan area core: primary flow within an urbanized area of 50,000 and greater",US,Nurse Practitioner,Claim-Specialty,2715,5813.39,259196.43,162176,332,,2533,5487.55,225753.56,153634,,305,,291,197411.72,,2406,61114.39,,18,670.32,,1847,162110.12,,868,97086.31,,388,59179.05,,2327,200017.38,95,1709.52,2119,20,3.4990791896869,,,,,,224,2066.16,146,,0,0,,0,72.653614457831,27,185,92,28,231,101,307,,0,,0,18,44,288,1.2484304718875
1013562792,Ho,Chieh-An,,NP-C,I,5303 8th Ave,,Brooklyn,NY,36,11220,1,"Metropolitan area core: primary flow within an urbanized area of 50,000 and greater",US,Nurse Practitioner,NPPES-Specialty,11817,16057.92,2180164.93,472776,671,,11470,15549.98,2113498.55,457849,,648,,2868,1891191.72,,8741,284068.56,,208,4904.65,,11024,2018948.19,,793,161216.74,,11455,2148808.8,,362,31356.13,0,0,0,0,0,0,0,0,0,,108,517.9,98,,43,771.03,,12,73.573770491803,23,399,181,68,345,326,,,633,19,0,,629,42,1.1243631748191
1013948314,Xu,Min,,MD,I,227 Madison St,,New York,NY,36,10002,1,"Metropolitan area core: primary flow within an urbanized area of 50,000 and greater",US,Internal Medicine,Claim-Specialty,6905,13383.99,1101227.98,393350,331,"#",,,,,"#",,,1046,941025.62,,5685,157396.75,,174,2805.61,,6640,1046989.99,,265,54237.99,,6642,1062743.56,,263,38484.42,0,0,0,0,0,0,0,0,0,,64,536.51,47,*,,,*,,72.513595166163,,,,,172,159,,0,315,,0,,307,24,0.977542005361
1013999820,Foote,David,L,MD,I,340a Main St,,Hudson Falls,NY,36,12839,1,"Metropolitan area core: primary flow within an urbanized area of 50,000 and greater",US,Family Practice,Claim-Specialty,6957,15447.87,829725.9,449823,716,,5738,13196.1,633541.46,384604,,625,,1021,694414.75,,5877,132253.95,,59,3057.2,,5215,600415.3,,1742,229310.6,,2559,387418.27,,4398,442307.63,227,8429.13,6652,58,3.2629006755786,0,0,0,0,0,218,6070.8,133,,16,3178.9,*,,72.256983240223,91,342,219,64,369,347,688,,,,,12,206,510,1.2116776868307
1023003761,Zervos,Michael,D,M.D.,I,530 1st Ave,Suite 9v,New York,NY,36,10016,1,"Metropolitan area core: primary flow within an urbanized area of 50,000 and greater",US,General Surgery,Claim-Specialty,109,115,26036.38,647,78,"#",,,,,"#",,,96,25988.29,,13,48.09,,0,0,,45,8203.61,,64,17832.77,,21,5521.41,,88,20514.97,,,,,,,,,,,,,,*,,,*,,73.153846153846,,,,,46,32,62,,,,0,,17,61,0.93968803418803
1023034295,Japi,Bhavana,R,M.D.,I,3440 Fulton St,,Brooklyn,NY,36,11208,1,"Metropolitan area core: primary flow within an urbanized area of 50,000 and greater",US,Internal Medicine,Claim-Specialty,3783,8235.56,586222.16,242708,222,,3434,7624.24,545636.14,224913,,202,,598,483859.48,,2987,93694.11,,198,8668.57,,3483,524113.3,,300,62108.86,,3471,566117.53,,312,20104.63,0,0,0,0,0,0,0,0,0,,33,237.97,29,,0,0,,0,71.391891891892,20,136,52,14,116,106,,15,44,130,,25,185,37,1.0319495715097
1023052065,Ferris,Lori,,M.D.,I,3350 Brown Rd,,Caledonia,NY,36,14423,2,"Metropolitan area high commuting: primary flow 30% or more to a urbanized area of 50,000 and greater",US,Family Practice,Claim-Specialty,7707,14738.35,503842.41,431306,379,,6916,13650.37,473409.89,399866,,355,,620,359322.18,,7039,141289.32,,48,3230.91,,6514,408854.78,,1193,94987.63,,1167,72020.51,,6540,431821.9,105,863.75,2164,18,1.3623978201635,0,0,0,0,0,117,834.57,70,,47,1216.92,,12,72.646437994723,24,220,93,42,230,149,361,,0,,0,13,43,336,0.88655760773967
1023091360,Abell,Kim,B,MD,I,2212 Penfield Rd,Suite 100,Rochester,NY,36,14526,1,"Metropolitan area core: primary flow within an urbanized area of 50,000 and greater",US,Family Practice,Claim-Specialty,5005,10769.24,435033.85,313066,620,,4050,9231.25,341473.5,270178,,553,,439,301561.3,,4536,132005.77,,30,1466.78,,4050,330813.88,,955,104219.97,,1459,168023.09,,3546,267010.76,309,15917.49,7058,62,6.1738261738262,29,10246.61,845,,9.3851132686084,111,6009.29,70,,35,6674.95,*,,73.120967741935,67,266,215,72,298,322,564,22,,,0,26,97,523,1.0927347387167
1023100542,Tunick,Michael,,DO,I,415 Hooper Rd,,Endwell,NY,36,13760,1,"Metropolitan area core: primary flow within an urbanized area of 50,000 and greater",US,Family Practice,Claim-Specialty,3148,5684.95,323623.28,166175,419,,2543,4742.07,255384.52,139187,,335,,453,266108.16,,2670,56717.44,,25,797.68,,2241,225292.69,,907,98330.59,,1436,193821.7,,1712,129801.58,22,453.41,496,,0.69885641677255,0,0,0,,0,30,959.37,23,,25,606.19,*,,70.46062052506,84,200,92,43,224,195,387,,,,0,18,160,259,1.2312064222117
1023101243,Lee,Jeffrey,J,MD,I,Mmg - Bronx East,2300 Westchester Avenue,Bronx,NY,36,10462,1,"Metropolitan area core: primary flow within an urbanized area of 50,000 and greater",US,Internal Medicine,Claim-Specialty,10325,25066.46,1798675.1,744601,813,,9244,22752.6,1527107.35,675902,,713,,1815,1573342.94,,8290,216919.62,,220,8412.54,,7452,1305812.73,,2873,492862.37,,4200,912354.55,,6125,886320.55,33,776.36,1228,,0.31961259079903,,,,,,61,354.87,56,*,,,*,,73.863468634686,100,328,281,104,466,347,109,351,51,262,,,282,531,1.3928721120028
1023113610,Chen,Haifan,,"M.D., D.O.",I,3808 Union St Ste 3l,,Flushing,NY,36,11354,1,"Metropolitan area core: primary flow within an urbanized area of 50,000 and greater",US,Family Practice,Claim-Specialty,10918,16926.46,1741573.22,483399,654,,10788,16707.46,1731443.38,477259,,639,,2073,1507053.22,,8737,231581.09,,108,2938.91,,9943,1605794.8,,975,135778.42,,9890,1641234.58,,1028,100338.64,38,587.63,506,25,0.34804909324052,,,,,,189,1394.93,133,,63,2925.51,,13,74.344036697248,15,363,183,93,371,283,,,623,14,0,,547,107,1.2233713114545
1023123619,Hirsch,Karyn,M,M.D.,I,2749 Stoney St,,Mohegan Lake,NY,36,10547,1,"Metropolitan area core: primary flow within an urbanized area of 50,000 and greater",US,Radiation Oncology,NPPES-Specialty,83,83,20375.83,240,81,,54,54,14016,123,,54,,61,19467.09,*,,,"#",,,*,,,"#",,,"#",,,*,,,0,0,0,0,0,0,0,0,0,,0,0,0,,0,0,,0,66.987654320988,27,41,,,38,43,58,15,0,,0,,,,1.6870617283951
1023186061,Smith,Brian,K,MD,I,8324 Oswego Rd,Ste D,Liverpool,NY,36,13090,1,"Metropolitan area core: primary flow within an urbanized area of 50,000 and greater",US,Family Practice,Claim-Specialty,9548,21960.4,1302176.35,636811,889,,8908,20634.65,1232249.23,598585,,841,,1117,1063336.68,,8296,230635.54,,135,8204.13,,7013,912211.11,,2535,389965.24,,1586,285118.42,,7962,1017057.93,225,8708.71,6310,50,2.3565144532886,22,3547.14,825,,9.7777777777778,438,5159.62,310,,25,880.43,*,,73.564679415073,48,460,298,83,486,403,834,11,,,0,37,78,811,1.055757967754
1023216041,Keefe,Kathleen,M,FNP-C,I,602 Ivy St,2nd Floor,Elmira,NY,36,14905,1,"Metropolitan area core: primary flow within an urbanized area of 50,000 and greater",US,Nurse Practitioner,Claim-Specialty,5943,5975.37,257206.38,125312,243,,5313,5340,225475.82,114109,,225,,684,185569.97,,5230,71069.57,,29,566.84,,2127,93387.51,,3816,163818.87,,4978,213497.55,,965,43708.83,142,1756.34,2593,64,2.389365640249,11,592.74,202,,7.7464788732394,125,1445.07,62,,122,1522.45,,29,82.053497942387,18,41,86,98,156,87,227,,0,,,,162,81,2.129606217827
1023229242,Harris,Elizabeth,E,M.D.,I,1621 Eastchester Rd,,Bronx,NY,36,10461,1,"Metropolitan area core: primary flow within an urbanized area of 50,000 and greater",US,Internal Medicine,Claim-Specialty,5683,9977.92,959768.26,294791,514,,4490,8148.82,762954.7,241506,,406,,1127,848969.62,,4344,101732.37,,212,9066.27,,4536,752445.23,,1147,207323.03,,4809,850849.38,,874,108918.88,51,619.58,1325,17,0.89741333802569,0,0,0,0,0,,,,*,,,*,,70.338521400778,108,229,137,40,362,152,64,135,25,266,,,387,127,1.5997860302495
1023282886,Fluman,Roberta,A,,I,141 Washington Ave,,Albany,NY,36,12205,1,"Metropolitan area core: primary flow within an urbanized area of 50,000 and greater",US,Pharmacist,NPPES-Taxonomy,212,212,60140.99,212,206,"#",,,,,"#",,,212,60140.99,,0,0,,0,0,,156,44823.4,,56,15317.59,,21,5158.75,,191,54982.24,0,0,0,0,0,0,0,0,0,,0,0,0,*,,,*,,73.631067961165,,,,,123,83,196,,0,,,,18,188,0.80895873786408
1023293024,Gebreselassie,Frewoini,,RPH,I,911 Morris Park Ave,,Bronx,NY,36,10462,1,"Metropolitan area core: primary flow within an urbanized area of 50,000 and greater",US,Pharmacist,NPPES-Taxonomy,25,25,6854.36,25,25,"#",,,,,"#",,,25,6854.36,,0,0,,0,0,*,,,"#",,,*,,,"#",,,0,0,0,0,0,0,0,0,0,,0,0,0,*,,,*,,74.12,,,,,,,16,,,,0,,,,1.7970226932892
1023294923,Nguyen,Victor Nhan,T,PHARM.D,I,3948 Route 281,,Cortland,NY,36,13045,4,"Micropolitan area core: primary flow within an urban cluster of 10,000 to 49,999",US,Pharmacist,NPPES-Taxonomy,30,38,7623.21,386,26,,30,38,7623.21,386,,26,,26,7592.11,*,,,"#",,,,19,4673.66,,11,2949.55,*,,,"#",,,0,0,0,0,0,0,0,0,0,,0,0,0,,0,0,,0,74.769230769231,0,13,,,15,11,24,,0,0,0,,,,1.0915192307692
1023331485,Nealis,William,S,RPH,I,4295 Katonah Ave,,Bronx,NY,36,10470,1,"Metropolitan area core: primary flow within an urbanized area of 50,000 and greater",US,Pharmacist,NPPES-Taxonomy,26,26,5353.88,50,21,"#",,,,,"#",,,26,5353.88,,0,0,,0,0,*,,,"#",,,*,,,"#",,,0,0,0,0,0,0,0,0,0,,0,0,0,*,,,*,,74.666666666667,,,,,,,17,0,,,0,,,,1.3167976190476
1023348364,Cai,Renee,R,M.D.,I,227 Madison St,,New York,NY,36,10002,1,"Metropolitan area core: primary flow within an urbanized area of 50,000 and greater",US,Family Practice,Claim-Specialty,6771,10402.39,1042178.51,300189,179,,6657,10140.11,1009633.55,292514,"#",,,1353,855574.68,,5300,184661.96,,118,1941.87,,6278,959003.56,,493,83174.95,,6482,1001879.3,,289,40299.21,13,430.69,367,,0.19199527396249,0,0,0,,0,172,1126.14,73,*,,,*,,72.458100558659,,,,,96,83,,0,174,,0,,159,20,0.99160474860335
1023356623,Kosakyan,Tina,,,I,234 E 149th St,,Bronx,NY,36,10451,1,"Metropolitan area core: primary flow within an urbanized area of 50,000 and greater",US,Internal Medicine,Claim-Specialty,5994,15410.34,189606.87,449913,1038,,5786,14945.8,182560.63,436890,,991,,381,89200.46,,5571,98474.649999999,,42,1931.76,,5977,189278.7,,17,328.17,,358,11607.77,,5636,177999.1,148,2402.1,2779,68,2.4691358024691,,,,,,143,2025.76,103,,30,1002.03,*,,73.947013487476,47,531,360,100,689,349,780,,39,166,,37,65,973,1.0524892332083
1023413747,Chen,Zu,Y,D.O,I,13739 45th Ave,,Flushing,NY,36,11355,1,"Metropolitan area core: primary flow within an urbanized area of 50,000 and greater",US,Family Practice,Claim-Specialty,10889,14651.37,1742151.21,419743,498,,10733,14435.37,1728109.48,413528,,481,,2223,1492111.95,,8444,246104.2,,222,3935.06,,10449,1683145.98,,440,59005.23,,10348,1677645.05,,541,64506.16,,,,,,,,,,,195,1047.28,137,,39,734.25,*,,72.708835341365,17,310,127,44,271,227,,,471,,0,,441,57,1.1624065183238
1023516622,De La Cruz Fernandez,Jose,E,NP,I,2270 University Ave,Suite 1a,Bronx,NY,36,10468,1,"Metropolitan area core: primary flow within an urbanized area of 50,000 and greater",US,Nurse Practitioner,NPPES-Specialty,10881,24039.38,1561148.85,715392,729,,9935,22177.05,1407427.55,660256,,680,,1645,1381387.22,,8891,174463.8,,345,5297.83,,10648,1536881.28,,233,24267.57,,10441,1523768.38,,440,37380.47,0,0,0,0,0,0,0,0,0,,68,9086.73,49,,31,1519.63,,14,74.539094650206,49,351,228,101,423,306,,,,706,0,,675,54,1.1919250395188
1023558764,Lee,James,,,I,16 Sumner Pl,,Brooklyn,NY,36,11206,1,"Metropolitan area core: primary flow within an urbanized area of 50,000 and greater",US,Family Practice,Claim-Specialty,3906,5042.33,533694.7,144430,231,,2735,3603.8,373470.85,103676,,158,,854,489145.84,,2954,42179.91,,98,2368.95,,3820,514367.17,,86,19327.53,,3814,530148.53,,92,3546.17,11,61.76,146,,0.28161802355351,0,0,0,,0,97,1084.31,69,,11,63.23,*,,67.212121212121,73,105,,,159,72,,48,,169,0,,207,24,1.3187274517177
1023564390,Khalik,Rehan,,PHARMD,I,10095 Main Rd,,Mattituck,NY,36,11952,1,"Metropolitan area core: primary flow within an urbanized area of 50,000 and greater",US,Pharmacist,NPPES-Taxonomy,78,78,22402.68,78,75,,78,78,22402.68,78,,75,,78,22402.68,,0,0,,0,0,,13,3451.59,,65,18951.09,*,,,"#",,,0,0,0,0,0,0,0,0,0,,0,0,0,,0,0,,0,78.4,0,27,32,16,48,27,73,,0,,0,0,,,0.97999111111111
1023581899,Chen,Margaret,,,I,352 Greenwich St,,New York,NY,36,10013,1,"Metropolitan area core: primary flow within an urbanized area of 50,000 and greater",US,Pharmacist,NPPES-Taxonomy,12,12,3815.12,12,12,"#",,,,,"#",,,12,3815.12,,0,0,,0,0,,0,0,,12,3815.12,,0,0,,12,3815.12,0,0,0,0,0,0,0,0,0,,0,0,0,*,,,*,,76.666666666667,,,,,,,,,0,0,0,,0,12,0.60508333333333
1023722311,Predmore,Elizabeth,,,I,200 Washington Avenue Ext,,Albany,NY,36,12203,1,"Metropolitan area core: primary flow within an urbanized area of 50,000 and greater",US,Nurse Practitioner,NPPES-Specialty,3114,3135.86,194559.9,68815,160,,3114,3135.86,194559.9,68815,,160,,418,90932.03,,2679,102479.13,,17,1148.74,,1346,88837.99,,1768,105721.91,,2657,164592.55,,457,29967.35,142,2236.88,2597,44,4.5600513808606,0,0,0,0,0,222,10018.71,65,,101,6379.55,,22,88.19375,0,,,115,128,32,146,,,,0,,146,14,1.8085239248994
1033101720,Zerbe,Daniel,L,MD,I,3 Handley St,,Perry,NY,36,14530,7,"Small town core: primary flow within an urban cluster of 2,500 to 9,999",US,Family Practice,Claim-Specialty,9750,22255.98,1149548.61,653035,841,,8160,19283.82,895407.5,566696,,729,,1361,913205.13,,8299,230503.9,,90,5839.58,,7125,817043.27,,2625,332505.34,,2628,415660.98,,7122,733887.63,137,3075.99,3104,48,1.4051282051282,,,,,,167,6259.12,106,,43,1899.32,,12,72.709869203329,112,371,255,103,451,390,774,,,,0,57,176,665,1.0853606486539
1033119136,Zhang,Michael,Y,MD,I,4417 Vestal Pkwy E,,Vestal,NY,36,13850,1,"Metropolitan area core: primary flow within an urbanized area of 50,000 and greater",US,Internal Medicine,Claim-Specialty,9014,20340.19,938392.48,592822,731,,7604,17729.76,807903.35,517841,,638,,1026,763061.31,,7940,173739.37,,48,1591.8,,5303,546061.48,,3711,392331,,2729,294521.8,,6285,643870.68,106,2624.03,1535,35,1.1759485245174,,,,,,273,3136,172,,20,721.6,*,,72.830369357045,93,317,233,88,341,390,619,25,38,16,0,33,187,544,1.0563461374149
1033131388,Pohlman,Amy,R,P. A.,I,3670 S Benzing Rd,,Orchard Park,NY,36,14127,1,"Metropolitan area core: primary flow within an urbanized area of 50,000 and greater",US,Physician Assistant,Claim-Specialty,6412,14035.5,551822.95,410699,611,,5491,12477.34,495426.97,365338,,540,,670,414546.96,,5713,136420.18,,29,855.81,,5038,402006.36,,1374,149816.59,,1343,85827.94,,5069,465995.01,205,7791.52,5252,34,3.1971303805365,19,2974,570,,9.2682926829268,137,1139.02,111,*,,,*,,71.654664484452,71,319,171,50,460,151,585,,,,0,,108,503,0.97203951076753
1033165345,Lau,On,H,M.D.,I,139 Centre Street,"#604",New York,NY,36,10013,1,"Metropolitan area core: primary flow within an urbanized area of 50,000 and greater",US,Internal Medicine,Claim-Specialty,15757,33118.2,2455039.8,971145,564,,15647,32949.74,2441798.91,966157,"#",,,2581,2000417.18,,12896,447500.38,,280,7122.24,,13956,2244444.58,,1801,210595.22,,13785,2276990.72,,1972,178049.08,24,214.77,316,,0.1523132575998,0,0,0,,0,316,14083.64,185,,177,5537.34,*,,75.147163120567,,,,,310,254,,0,544,,0,,432,132,1.4334740481096
1033172143,Huang,Huajun,,M.D.,I,13338 41st Rd Ste C02,,Flushing,NY,36,11355,1,"Metropolitan area core: primary flow within an urbanized area of 50,000 and greater",US,Internal Medicine,Claim-Specialty,10240,20351.59,1794024.53,602105,468,,10007,19984.45,1745606.58,591169,"#",,,1699,1609983.25,,8096,167295.54,,445,16745.74,,9632,1666036.37,,608,127988.16,,9323,1681838.56,,917,112185.97,0,0,0,0,0,0,0,0,0,,102,462.15,74,,0,0,*,,73.846153846154,,,,,230,238,15,11,330,95,0,17,386,82,1.0974444830239
1033174958,Pawlowski,David,A,MD,I,1150 Youngs Rd,Suite 104,Williamsville,NY,36,14221,1,"Metropolitan area core: primary flow within an urbanized area of 50,000 and greater",US,Family Practice,Claim-Specialty,20305,28252.26,1687396.24,742045,1353,,18892,26285.29,1520931.65,688910,,1215,,3787,1275207.67,,16451,404340.24,,67,7848.33,,15312,1203525.07,,4993,483871.17,,13485,980217.73,,6820,707178.51,372,6605.58,8363,125,1.8320610687023,11,1075.09,291,,2.9569892473118,211,6965.08,137,,410,34344.66,,62,75.015521064302,138,549,409,257,794,559,1254,34,,22,,33,445,908,1.6428612516807
1033214317,Qureshi,Pervaiz,I,MD,I,1921 Fulton St,,Brooklyn,NY,36,11233,1,"Metropolitan area core: primary flow within an urbanized area of 50,000 and greater",US,Internal Medicine,Claim-Specialty,1037,2284.24,181988.81,66376,105,,918,2045.6,130209.06,59354,,91,,162,164308.88,,852,17184.99,,23,494.94,,1006,179347.27,,31,2641.54,,874,172519.71,,163,9469.1,,,,,,,,,,,28,236.6,16,*,,,*,,71.6,14,54,,,59,46,,61,12,15,,11,77,28,1.1659071350439
1033222831,Liang,Weining,W,MD,I,133 02 41st Ave,,Flushing,NY,36,11355,1,"Metropolitan area core: primary flow within an urbanized area of 50,000 and greater",US,Internal Medicine,Claim-Specialty,28959,35129.35,6205630.57,1011456,621,,27778,33612.59,5976539.85,967132,,582,,6547,4925712.85,,21912,1269836.63,,500,10081.09,,25099,5543306.9,,3860,662323.67,,27240,6092154.88,,1719,113475.69,,,,,,,,,,,586,7089.96,292,,43,1212.75,*,,71.980676328502,39,394,137,51,278,343,54,25,487,38,0,17,490,131,1.0153903378333
1033224738,Kaplan,Philip,,MD,I,115 Fairgrounds Drive,,Manlius,NY,36,13104,1,"Metropolitan area core: primary flow within an urbanized area of 50,000 and greater",US,Family Practice,Claim-Specialty,2976,6327.97,247581.92,179219,547,,2881,6205.3,242724.32,176182,,527,,468,204760.83,,2467,40214.49,,41,2606.6,,2199,192260.23,,777,55321.69,,425,68787.24,,2551,178794.68,17,221.54,420,,0.57123655913978,0,0,0,,0,117,1173.53,67,,13,40.02,*,,75.00731261426,20,261,191,75,282,265,521,,,,0,16,68,479,0.90536529173824
1033375837,Campbell,Anne,C,"RN, FNP",I,Lexington Center,127 East State Street,Gloversville,NY,36,12078,4,"Micropolitan area core: primary flow within an urban cluster of 10,000 to 49,999",US,Nurse Practitioner,Claim-Specialty,11348,16691.17,1789558.16,474708,430,,5320,8297.05,805855.02,235127,,249,,2218,1348192.01,,9085,439719.08,,45,1647.07,,255,33058.73,,11093,1756499.43,,11282,1773183.08,,66,16375.08,28,491.05,371,,0.24673951357067,0,0,0,,0,272,150529.4,96,,58,5225.54,,16,64.809302325581,181,122,80,47,214,216,381,25,,14,0,,364,66,1.5134073878318
1033378161,Mariwalla,Nitin,R,"MD, MPH, MS",I,1175 Montauk Hwy,Ste 3,West Islip,NY,36,11795,1,"Metropolitan area core: primary flow within an urbanized area of 50,000 and greater",US,Neurosurgery,Claim-Specialty,148,160.5,11642.3,2537,78,,134,146.5,11379.17,2263,"#",,,49,10658.97,,99,983.33,,0,0,,50,4067.51,,98,7574.79,,27,1895.49,,121,9746.81,19,107.24,127,12,12.837837837838,0,0,0,0,0,,,,,0,0,*,,72.435897435897,,,,,38,40,60,,,,0,,14,64,1.2085599016804
1033395900,Madzelan,Carina,C,,I,226 West Bridge St,,Catskill,NY,36,12414,7,"Small town core: primary flow within an urban cluster of 2,500 to 9,999",US,Pharmacist,NPPES-Taxonomy,151,151,41862.93,238,143,"#",,,,,"#",,,151,41862.93,,0,0,,0,0,,91,24833.29,,60,17029.64,*,,,"#",,,0,0,0,0,0,0,0,0,0,,0,0,0,*,,,*,,73.58041958042,,,,,88,55,126,,0,,0,,,,0.94756993006993
1033441332,Abramov,Mayram,,PHD,I,773 Lexington Ave,,New York,NY,36,10065,1,"Metropolitan area core: primary flow within an urbanized area of 50,000 and greater",US,Pharmacist,NPPES-Taxonomy,85,87,21173.93,174,76,"#",,,,,"#",,,84,21124.18,*,,,"#",,,,33,7740.13,,52,13433.8,,15,3221.04,,70,17952.89,0,0,0,0,0,0,0,0,0,,0,0,0,*,,,*,,71.947368421053,,,,,41,35,67,0,0,,0,,14,62,0.92705043859649
1033449384,Butt,Saleha,A,M.D,I,3900 N Buffalo St,,Orchard Park,NY,36,14127,1,"Metropolitan area core: primary flow within an urbanized area of 50,000 and greater",US,Internal Medicine,Claim-Specialty,11073,23025.85,1018938.11,661737,1117,,9861,21113.4,880202.13,608786,,1006,,1306,803777.93,,9636,211415.73,,131,3744.45,,8340,777424.27,,2733,241513.84,,2328,252892.4,,8745,766045.71,177,2204.08,3602,53,1.5984827959902,,,,,,482,4782.43,283,,13,243.13,*,,73.547000895255,111,518,352,136,697,420,1023,31,,24,,37,211,906,1.4126763259033
1033572110,Fung,Deborah,,M.D.,I,156 William St Fl 6,,New York,NY,36,10038,1,"Metropolitan area core: primary flow within an urbanized area of 50,000 and greater",US,Internal Medicine,Claim-Specialty,2691,7032.3299999999,141388.06,206152,400,,2502,6590.7099999999,126078.76,193238,,369,,335,104602.97,,2303,35738.36,,53,1046.73,"#",,,*,,,,770,59551.26,,1921,81836.8,73,1680.97,1706,20,2.7127461910071,,,,,,69,674.03,54,,0,0,,0,72.5375,31,226,110,33,253,147,129,46,13,203,,,95,305,1.1988196357464
1033648662,Ripon,Sultan,,MD,I,37 W Garden St Ste 201,,Auburn,NY,36,13021,4,"Micropolitan area core: primary flow within an urban cluster of 10,000 to 49,999",US,Family Practice,Claim-Specialty,8178,14674.88,826109.7,423725,619,,6084,11445.24,592064.71,331383,,487,,1060,653073.57,,7041,170259.87,,77,2776.26,,6266,662076.61,,1912,164033.09,,4716,570389.1,,3462,255720.6,145,1951.07,2894,39,1.7730496453901,,,,,,173,1890.99,110,,33,416.29,*,,70.071082390953,132,284,130,73,422,197,567,18,,,,23,277,342,1.3916508984292
1033670567,Demigillo,Ma Pamela,G,MD,I,16 Guion Pl,,New Rochelle,NY,36,10801,1,"Metropolitan area core: primary flow within an urbanized area of 50,000 and greater",US,Internal Medicine,Claim-Specialty,4858,11559.51,280462.69,337080,485,,4571,10974.89,266862.96,320765,,461,,618,199553.19,,4148,73771.559999999,,92,7137.94,,4858,280462.69,,0,0,,945,56829.46,,3913,223633.23,181,3780.51,4382,45,3.7258130918073,21,397.88,600,,11.602209944751,93,3048.12,70,*,,,*,,73.00412371134,24,274,147,40,321,164,254,50,51,114,,,77,408,1.1056185016492
1033723283,Li,Christine,C,,I,13329 41st Rd Ste 1b,,Flushing,NY,36,11355,1,"Metropolitan area core: primary flow within an urbanized area of 50,000 and greater",US,Nurse Practitioner,NPPES-Specialty,4875,5831.29,713374.53,164811,192,,4864,5818.29,713253.06,164533,"#",,,1047,615195.11,,3646,93910.72,,182,4268.7,,4815,709144.82,,60,4229.71,,4798,709065.7,,77,4308.83,0,0,0,0,0,0,0,0,0,,113,832.55,74,,18,267.86,*,,70.588541666667,,,,,99,93,,0,185,,0,,,,1.0085612327186
1043082951,Islam,Md Khadimul,,,I,434 Monroe Ave,,Hornell,NY,36,14843,4,"Micropolitan area core: primary flow within an urban cluster of 10,000 to 49,999",US,Internal Medicine,Claim-Specialty,120,120,8622.32,2261,44,"#",,,,,"#",,"#",,,,86,1900.38,*,,,,42,2449.07,,78,6173.25,"#",,,*,,,17,454,214,,14.166666666667,,,,,,,,,*,,,*,,77.568181818182,,,,,26,18,39,,0,,0,0,,,2.6574571792346
1043209885,Zang,Douglas,M,MD,I,302 W Seneca St,,Ithaca,NY,36,14850,1,"Metropolitan area core: primary flow within an urbanized area of 50,000 and greater",US,Family Practice,Claim-Specialty,1652,2303.96,196765.07,65073,100,,930,1354.46,110930.03,38160,,70,,389,176649.73,,1218,17442.74,,45,2672.6,,970,130503.63,,682,66261.44,,1121,128349.86,,531,68415.21,21,297.26,516,,1.271186440678,0,0,0,,0,27,305.84,20,,0,0,,0,68.82,30,31,,,64,36,,0,0,16,77,,63,37,1.608907018997
1043222755,Digiovanna,Michael,J,D.O.,I,1061 N Broadway,,North Massapequa,NY,36,11758,1,"Metropolitan area core: primary flow within an urbanized area of 50,000 and greater",US,Internal Medicine,Claim-Specialty,5795,13162.34,1520784.43,385588,514,,4780,11005.4,1238561.71,323018,,445,,1236,1371068.67,,4477,144725.47,,82,4990.29,,2394,666039.5,,3401,854744.93,,1730,653861.85,,4065,866922.58,80,1158.98,1478,,1.3805004314064,,,,,,72,4117.63,54,,34,13316.61,*,,72.350194552529,69,243,139,63,282,232,434,18,,25,,23,110,404,1.2103545133425
1043239528,Fang,Chixin,,M.D.,I,"730 58th St # 1a",,Brooklyn,NY,36,11220,1,"Metropolitan area core: primary flow within an urbanized area of 50,000 and greater",US,Internal Medicine,Claim-Specialty,1996,2592.08,310743.2,75033,212,,1977,2559.95,306208,74142,"#",,,352,275866.97,,1609,34257.16,,35,619.07,,1863,285331.29,,133,25411.91,,1946,293355.58,,50,17387.62,,,,,,,,,,,27,165.69,21,*,,,*,,71.712264150943,,,,,122,90,,,203,,0,,,,0.97311933962264
1043249378,Ryan,Gregory,J,M.D.,I,1900 Empire Blvd,Suite 100,Webster,NY,36,14580,1,"Metropolitan area core: primary flow within an urbanized area of 50,000 and greater",US,Family Practice,Claim-Specialty,6616,15417.78,604789.54,448782,624,,6110,14563.05,576274.95,424273,,573,,667,449791.6,,5852,152368.34,,97,2629.6,,5316,453492.3,,1300,151297.24,,1125,111384.2,,5491,493405.34,125,2346.07,2650,30,1.8893591293833,,,,,,122,682.93,80,*,,,*,,73.645833333333,51,292,210,71,331,293,556,,11,15,,29,86,538,1.0364287242597
1043295413,Chowdhury,Ataul,H,M.D.,I,"1888 Westchester Ave # B",,Bronx,NY,36,10472,1,"Metropolitan area core: primary flow within an urbanized area of 50,000 and greater",US,Internal Medicine,Claim-Specialty,3056,4195.23,204571.77,121121,215,,2695,3739.05,170825.11,108004,,187,,311,163654.58,,2688,39680.57,,57,1236.62,,2735,179774.87,,321,24796.9,,2903,180330.66,,153,24241.11,46,472.51,991,11,1.5052356020942,0,0,0,0,0,55,693.77,31,,0,0,,0,72.627906976744,28,111,53,23,122,93,,16,52,111,,24,171,44,1.376075128026
1043303274,Rahman,Riaz,,MD,I,Mmg - Bronx East,2300 Westchester Avenue,Bronx,NY,36,10462,1,"Metropolitan area core: primary flow within an urbanized area of 50,000 and greater",US,Internal Medicine,Claim-Specialty,14711,23916.66,1722052.99,707174,930,,13101,21650.97,1433915.04,640806,,839,,2294,1512260.84,,11821,192779.2,,596,17012.95,,12106,1468923.74,,2605,253129.25,,10366,1341267.48,,4345,380785.51,102,535.25,2319,35,0.69335871116851,0,0,0,0,0,57,21030.96,51,,17,457.84,*,,74.283870967742,91,413,279,147,546,384,55,252,44,544,,,525,405,1.4813852335311
1043308695,Elfenbein,Jeffrey,N,D.O.,I,3921 Merrick Rd,,Seaford,NY,36,11783,1,"Metropolitan area core: primary flow within an urbanized area of 50,000 and greater",US,Internal Medicine,Claim-Specialty,11077,26664.98,1281181.36,779031,998,,10300,25126.59,1168558.25,734475,,932,,1361,1051348.89,,9611,225637.39,,105,4195.08,,3682,389968.65,,7395,891212.71,,1418,239712.8,,9659,1041468.56,108,10930.01,2679,19,0.97499322921369,32,8646.55,930,,29.62962962963,388,8549.13,270,,59,4401.41,,24,74.599198396794,66,458,329,145,554,444,909,,15,26,,41,95,903,0.92358791486306
1043315153,Sinha,Rabi,R,MD,I,822 Route 82,Suit 310,Hopewell Junction,NY,36,12533,1,"Metropolitan area core: primary flow within an urbanized area of 50,000 and greater",US,Internal Medicine,Claim-Specialty,5487,12101.22,507158.65,353504,793,,4939,11173.12,433234.42,326808,,703,,646,391917.11,,4775,111558.49,,66,3683.05,,2546,201391.05,,2941,305767.6,,980,122801.43,,4507,384357.22,93,4918.7,2258,32,1.6949152542373,11,2202.51,330,,11.827956989247,179,7019.99,141,,39,5278.47,*,,73.934426229508,90,317,292,94,423,370,609,38,48,58,0,40,132,661,1.2639237035456
1043319973,Kuo,Tina,M,,I,42-02 Kissena Blvd.,"#1a",Flushing,NY,36,11355,1,"Metropolitan area core: primary flow within an urbanized area of 50,000 and greater",US,Internal Medicine,Claim-Specialty,2670,4697.78,327136.94,136857,293,,2626,4623.78,325873.39,134733,"#",,,416,277979.79,,2172,47591.8,,82,1565.35,,2472,307574.77,,198,19562.17,,2355,305740.33,,315,21396.61,,,,,,,,,,,34,187.72,31,*,,,*,,73.79180887372,,,,,172,121,,,274,,0,,240,53,1.0991686123588
1043328289,Gross,Ronald,L,M.D.,I,3765 Riverdale Ave,Suite 5,Bronx,NY,36,10463,1,"Metropolitan area core: primary flow within an urbanized area of 50,000 and greater",US,General Practice,Claim-Specialty,19085,19228.78,1733436.32,447589,538,,17426,17561.81,1539551.91,410739,,492,,4600,1221772.54,,14331,501358.11,,154,10305.67,,3394,317688.67,,15691,1415747.65,,18253,1661858.67,,832,71577.65,97,1749.05,1162,31,0.50825255436206,13,934.05,209,,13.40206185567,493,90460.02,134,,489,32117.18,,69,78.327137546468,46,150,188,154,330,208,232,162,,131,0,,453,85,2.8811339174904
1043416365,Kodial,Sukhwinder,S,M.D.,I,325 Essjay Rd,,Williamsville,NY,36,14221,1,"Metropolitan area core: primary flow within an urbanized area of 50,000 and greater",US,Family Practice,Claim-Specialty,6409,14592.09,554998.19,420120,437,,5630,13128.85,489849.6,379230,,394,,754,412131.14,,5569,139656.98,,86,3210.07,,4698,424903.46,,1711,130094.73,,1774,224562.3,,4635,330435.89,152,5067.36,2715,35,2.3716648463099,12,3924.87,312,,7.8947368421053,230,2063.24,129,,15,2146.14,*,,73.16704805492,43,199,144,51,202,235,334,48,35,,,14,93,344,1.3276126144469
1043449127,Rosato,Elizabeth,A,M.D.,I,4417 Vestal Parkway East,,Vestal,NY,36,13850,1,"Metropolitan area core: primary flow within an urbanized area of 50,000 and greater",US,Family Practice,Claim-Specialty,5672,12798.62,361738.84,373730,641,,5240,11999.82,348768.53,350397,,583,,506,260809.1,,5141,100498.48,,25,431.26,,2724,128360.19,,2948,233378.65,,1204,78629.55,,4468,283109.29,66,1111.88,1574,33,1.163610719323,,,,,,107,1278.99,73,*,,,*,,74.140405616225,58,277,208,98,488,153,591,12,,,0,24,126,515,1.0373461629654
1043503246,Kessler,Jonathan,D,M.D.,I,2914 Elmwood Ave,,Kenmore,NY,36,14217,1,"Metropolitan area core: primary flow within an urbanized area of 50,000 and greater",US,Family Practice,Claim-Specialty,7827,18712.71,730955.7,539491,697,,7390,17934.38,690432.74,518404,,659,,982,546495.11,,6773,181759.22,,72,2701.37,,6358,556291.69,,1469,174664.01,,989,90468.98,,6838,640486.72,143,1488.89,2190,68,1.8270090711639,,,,,,273,6609.77,175,,39,1688.27,,16,74.955523672884,38,311,250,98,388,309,654,,,,0,22,74,623,1.1158444625399
1043510498,Nashett,Jacob,,PHARM D.,I,4 Pleasant Ave,,Tupper Lake,NY,36,12986,7,"Small town core: primary flow within an urban cluster of 2,500 to 9,999",US,Pharmacist,NPPES-Taxonomy,54,54,11175.2,54,46,"#",,,,,"#",,,54,11175.2,,0,0,,0,0,,24,4999.1,,30,6176.1,*,,,"#",,,0,0,0,0,0,0,0,0,0,,0,0,0,*,,,*,,72.652173913043,,,,,25,21,41,,0,0,,,,,0.98714855072464
1043522170,Halaquist,Kim,E,FNP,I,6 Franklin Rd,,Walton,NY,36,13856,7,"Small town core: primary flow within an urban cluster of 2,500 to 9,999",US,Nurse Practitioner,Claim-Specialty,5003,11389.52,745761.72,330310,440,,4115,9639.86,624879.79,280416,,381,,775,639599.62,,4188,104256.12,,40,1905.98,,2870,471811.55,,2133,273950.17,,1440,275582.36,,3563,470179.36,245,17915.7,6567,48,4.8970617629422,61,14073.37,1830,,24.897959183673,143,3399.03,91,,20,1400.98,*,,72.261363636364,59,200,135,46,253,187,408,,0,12,,16,101,339,1.1078258880069
1043542541,Goldberg,Donald,E,,I,411 King St,,Chappaqua,NY,36,10514,1,"Metropolitan area core: primary flow within an urbanized area of 50,000 and greater",US,Pharmacist,NPPES-Taxonomy,21,21,5700.26,21,21,"#",,,,,"#",,,21,5700.26,,0,0,,0,0,*,,,"#",,,*,,,"#",,,0,0,0,0,0,0,0,0,0,,0,0,0,*,,,*,,72.714285714286,,,,,,,17,,,0,0,0,,,0.73833333333333
1043543069,Ren,Lili,,M.D.,I,13421 Maple Ave Fl 1,,Flushing,NY,36,11355,1,"Metropolitan area core: primary flow within an urbanized area of 50,000 and greater",US,Internal Medicine,Claim-Specialty,22893,28777.42,2703298.25,834007,446,,22582,28434.63,2643084.41,824061,"#",,,3384,2206555.86,,19272,490323.46,,237,6418.93,,22496,2676898.37,,397,26399.88,,21956,2633048.41,,937,70249.84,,,,,,,,,,,166,1986.76,104,,340,5992.71,*,,71.365470852018,,,,,228,218,,,428,,0,,406,40,0.95775415966306
1043621147,Poon,Jin,,M.D.,I,150 55th St,,Brooklyn,NY,36,11220,1,"Metropolitan area core: primary flow within an urbanized area of 50,000 and greater",US,Family Practice,Claim-Specialty,5681,12524.59,247476.39,345143,1420,,5098,11408.12,202475.6,314183,,1324,,640,148633.54,,4958,96473,,83,2369.85,,5529,228124.17,,152,19352.22,,1226,78857.16,,4455,168619.23,290,5550.93,5987,100,5.1047350818518,25,348.79,378,,8.6206896551724,553,7755.84,518,*,,,*,,72.668309859155,96,786,431,107,803,617,612,222,284,204,,,199,1221,1.1413819165781
1043622814,Huang,Kaijun,,M.D.,I,13620 Maple Ave Ste C502,,Flushing,NY,36,11355,1,"Metropolitan area core: primary flow within an urbanized area of 50,000 and greater",US,Internal Medicine,Claim-Specialty,11165,22481.63,2094858.35,657896,605,,10867,21908.53,2033333.62,640946,,587,,2260,1782628.68,,8778,308964.53,,127,3265.14,,10130,1887839.96,,1035,207018.39,,10286,1966261.14,,879,128597.21,,,,,,,,,,,120,937.72,88,*,,,*,,74.092561983471,18,333,188,66,351,254,,,569,,0,15,512,93,1.1297064827953
1043625437,Weaver,Lindsey,,,I,600 Fitch St,,Elmira,NY,36,14905,1,"Metropolitan area core: primary flow within an urbanized area of 50,000 and greater",US,Nurse Practitioner,Claim-Specialty,87,107.6,8380.91,2380,29,,29,38.8,5416.56,569,"#",,,18,7197.9,,69,1183.01,,0,0,,61,5814.36,,26,2566.55,,59,3292.19,,28,5088.72,,,,,,,,,,,,,,,0,0,*,,66.862068965517,,,,,,,23,0,0,,0,,,,1.0587873563218
1043671530,Jackson,Sandy,A,,I,14 Center St,,Cuba,NY,36,14727,10,"Rural areas: primary flow to a tract outside a urbanized area of 50,000 and greater or UC",US,Nurse Practitioner,Claim-Specialty,9130,16070.3,1518616.14,458902,478,,5986,11278.39,797889.72,323690,,369,,1367,1298169.52,,7681,215736.81,,82,4709.81,,5366,1150909.97,,3764,367706.17,,5073,1039449.89,,4057,479166.25,246,6479.56,5559,49,2.6944140197152,,,,,,394,2468.15,199,,72,8228.45,*,,68.682008368201,109,233,104,32,296,182,460,,0,,0,16,182,296,1.0909119392851
1043717838,Purushuttam,Ravi,V,M.D.,I,132 W Main St,,Cuba,NY,36,14727,10,"Rural areas: primary flow to a tract outside a urbanized area of 50,000 and greater or UC",US,Family Practice,Claim-Specialty,2409,4840.99,334632.08,139707,362,,1931,3910.29,261257.5,113218,,287,,324,275506.97,,2065,57058.43,,20,2066.68,,1845,208592.9,,564,126039.18,,1032,170845.33,,1377,163786.75,56,2689.09,1367,19,2.3246160232462,,,,,,68,5607.8,58,*,,,*,,70.734806629834,75,161,90,36,211,151,349,,0,,0,12,149,213,1.1391911309225
1043793854,Marcy,Autumn,L,PA-C,I,2 Coulter Road,Suite 2100,Clifton Springs,NY,36,14432,2,"Metropolitan area high commuting: primary flow 30% or more to a urbanized area of 50,000 and greater",US,Physician Assistant,Claim-Specialty,3635,3665.06,229778.65,73188,136,,3129,3154.53,177070.24,63321,,120,"#",,,,3114,70184.41,*,,,,1741,87363.85,,1894,142414.8,,3408,217913.36,,227,11865.29,13,1128.95,171,11,0.3576341127923,,,,,,145,4401.27,40,,52,1165.86,*,,77.551470588235,16,33,47,40,78,58,110,,,,0,,117,19,2.9445335659532
1043809031,Chung,William,,FNP,I,2041 86th St,,Brooklyn,NY,36,11214,1,"Metropolitan area core: primary flow within an urbanized area of 50,000 and greater",US,Nurse Practitioner,NPPES-Specialty,7259,8358.46,1023213.35,242567,803,,7182,8255.16,1003695.65,239671,"#",,,1412,802983.27,,5691,216054.66,,156,4175.42,,6972,968507.96,,287,54705.39,,7177,1015595.38,,82,7617.97,,,,,,,,,,,105,5365.33,87,,19,321.14,*,,72.530510585305,,,,,410,393,0,,789,,0,,781,22,1.0603314913469
1043961527,Vu,An,,PHARMD,I,2665 E Henrietta Rd,,Henrietta,NY,36,14467,1,"Metropolitan area core: primary flow within an urbanized area of 50,000 and greater",US,Pharmacist,NPPES-Taxonomy,19,19,5555.32,19,18,"#",,,,,"#",,,19,5555.32,,0,0,,0,0,*,,,*,,,*,,,"#",,,0,0,0,0,0,0,0,0,0,,0,0,0,*,,,*,,77.777777777778,,,,,,,14,,0,0,0,,,,0.92861111111111
1053085894,Lin,Yangjing,,NP,I,77 Bowery Fl 3,,New York,NY,36,10002,1,"Metropolitan area core: primary flow within an urbanized area of 50,000 and greater",US,Nurse Practitioner,NPPES-Specialty,12310,13952.94,2178661.69,403019,793,,12074,13710.94,2155085.51,395989,,779,,2898,1783700.69,,9216,391643.6,,196,3317.4,,12114,2138432.3,,196,40229.39,,12244,2177467.51,,66,1194.18,0,0,0,0,0,0,0,0,0,,111,694.35,91,,20,1056.13,*,,71.938209331652,14,564,167,48,400,393,,,785,,0,,,,1.0906445091928
1053309484,Blegen,Michelle,P,,I,4435 Seneca Rd,,Trumansburg,NY,36,14886,2,"Metropolitan area high commuting: primary flow 30% or more to a urbanized area of 50,000 and greater",US,Family Practice,Claim-Specialty,2776,5812.5,164396.87,166284,285,,2595,5502.3,152578.85,157692,,270,,229,101712.48,,2518,61057.62,,29,1626.77,,1390,82810.97,,1386,81585.9,,495,43283.93,,2281,121112.94,42,587.03,880,20,1.5129682997118,0,0,0,0,0,94,1084.59,72,,23,2129.15,*,,72.764912280702,15,152,97,21,216,69,264,0,,,0,14,54,231,0.96471778752437
1053325407,Li,Paul,X,MD,I,13336 41st Rd Ste 1,,Flushing,NY,36,11355,1,"Metropolitan area core: primary flow within an urbanized area of 50,000 and greater",US,Family Practice,Claim-Specialty,25728,31313.08,4115496.69,897698,599,,25472,30925.42,4044956.56,886697,,587,,5993,3523429.59,,19073,576547.82,,662,15519.28,,22976,3672867.92,,2752,442628.77,,24407,4061938.57,,1321,53558.12,108,1872.41,1241,56,0.41977611940299,0,0,0,0,0,609,6295.15,292,,159,5875.01,,24,74.828046744574,12,320,168,99,336,263,,,566,13,0,11,495,104,1.1176694414449
1053341586,Rizvi,Seema,S,MD,I,1491 Route 52 Ste 48,,Fishkill,NY,36,12524,1,"Metropolitan area core: primary flow within an urbanized area of 50,000 and greater",US,Internal Medicine,Claim-Specialty,12035,12580.15,785424.3,304864,562,,11531,12057.32,744256.35,295657,,525,,2162,528707.05,,9813,253577.27,,60,3139.98,,4525,278568.04,,7510,506856.26,,9518,658899.92,,2517,126524.38,215,4431.61,4047,73,1.7864561695056,13,1241.77,245,,6.046511627907,301,22811.35,156,,297,35560.47,,61,80.564056939502,37,121,195,209,384,178,482,36,,25,0,,419,143,2.4771687736789
1053348599,Siepel,Timothy,V,MD,I,8912 Hebdon Rd,,West Valley,NY,36,14171,2,"Metropolitan area high commuting: primary flow 30% or more to a urbanized area of 50,000 and greater",US,Family Practice,Claim-Specialty,773,1104.17,137662.96,23047,330,,743,1052.17,135120.93,21894,,314,,395,130604.82,"#",,,*,,,,606,114897.37,,167,22765.59,,216,20403.48,,557,117259.48,11,840.29,330,,1.4230271668823,0,0,0,,0,17,129.77,13,*,,,*,,74.775757575758,16,150,135,29,172,158,311,,0,,0,16,52,278,1.1531113759575
1053360743,Desir,Mergie,,"M.D. , M. P. H.",I,7580 184th St,,Fresh Meadows,NY,36,11366,1,"Metropolitan area core: primary flow within an urbanized area of 50,000 and greater",US,Family Practice,Claim-Specialty,4064,9788.12,635423.24,290336,275,,3450,8364.74,496333.21,248320,,231,,591,548492.81,,3345,83001.7,,128,3928.73,,3487,561822.48,,577,73600.76,,2837,508473.53,,1227,126949.71,,,,,,,,,,,15,191.12,13,*,,,*,,71.010909090909,44,143,69,19,199,76,,168,19,38,,30,168,107,1.3937306507915
1053379420,Obrien,Edward,P,MD,I,300 Center Rd,,West Seneca,NY,36,14224,1,"Metropolitan area core: primary flow within an urbanized area of 50,000 and greater",US,Internal Medicine,Claim-Specialty,8852,16612.84,987303.89,462996,703,,6879,13682,770889.48,383567,,617,,1386,771218.12,,7412,214027,,54,2058.77,,6731,695718.41,,2121,291585.48,,2515,283938.22,,6337,703365.67,280,6101.71,6489,47,3.1631269769544,,,,,,414,3431.8,175,,13,470.64,*,,74.375533428165,86,269,238,110,390,313,663,13,,,,18,126,577,1.2276910575371
1053388488,Ashbarry,Kristin,M,PA -C,I,995 Senator Keating Blvd Ste 200,,Rochester,NY,36,14618,1,"Metropolitan area core: primary flow within an urbanized area of 50,000 and greater",US,Physician Assistant,Claim-Specialty,1446,2772.98,89907.52,77071,604,,1331,2582.65,83863.78,71993,,551,,167,59461.46,,1251,28689.24,,28,1756.82,,1278,77748.71,,168,12158.81,,252,15559.41,,1194,74348.11,37,1127.01,909,30,2.5587828492393,,,,,,103,828.84,96,*,,,*,,73.336092715232,53,280,215,56,420,184,533,24,,,0,34,74,530,0.91543562543995
1053393207,Ludwig,Samantha,,MD,I,6 Wellness Way Ste 114,,Latham,NY,36,12110,1,"Metropolitan area core: primary flow within an urbanized area of 50,000 and greater",US,Family Practice,Claim-Specialty,5116,13510.59,607957.05,399129,548,,4945,13156.06,576780.36,388904,,528,,689,505056.21,,4373,99893.35,,54,3007.49,,3313,375639.19,,1803,232317.86,,568,133442.38,,4548,474514.67,,,,,,,,,,,54,5483.66,43,*,,,*,,75.029197080292,20,275,170,83,409,139,501,,,,0,21,55,493,0.96813515078897
1053394106,Li,Jim,,D.O.,I,14355 37th Ave Fl 1,,Flushing,NY,36,11354,1,"Metropolitan area core: primary flow within an urbanized area of 50,000 and greater",US,Family Practice,Claim-Specialty,39890,42683.5,9743156.7000018,232554,30373,,38336,41036.07,9418334.8000017,222737,,29296,,36648,9643373.9500018,,3091,96259.96,,151,3522.79,,16321,3691297.6600002,,23569,6051859.0400009,,9609,2121307.43,,30281,7621849.2700013,0,0,0,0,0,0,0,0,0,,79,612.58,58,*,,,*,,74.902479175584,1077,14439,11602,3255,17951,12422,19744,3741,1732,3157,22,1977,5020,25353,0.98346674487402
1053481754,Holmes,Ann-Mary,,RPH,I,654-690 Main St,,Poughkeepsie,NY,36,12601,1,"Metropolitan area core: primary flow within an urbanized area of 50,000 and greater",US,Pharmacist,NPPES-Taxonomy,295,295,73989.82,353,260,"#",,,,,"#",,,293,73848.62,*,,,"#",,,,117,28445.24,,178,45544.58,,20,4533.69,,275,69456.13,0,0,0,0,0,0,0,0,0,,0,0,0,*,,,*,,74.538461538462,,,,,158,102,240,,,,0,12,15,245,0.83500320512821
1053496166,Ritchin,Andrea,K,MD,I,30 W Main St,,Mount Kisco,NY,36,10549,1,"Metropolitan area core: primary flow within an urbanized area of 50,000 and greater",US,Family Practice,Claim-Specialty,1032,1116.71,41443.19,32244,93,,414,421.78,11217.8,12163,,32,"#",,,,855,22712.01,*,,,,334,10285.78,,698,31157.41,,1032,41443.19,,0,0,0,0,0,0,0,0,0,0,0,,,,,,0,0,,0,57.58064516129,61,18,,,46,47,67,11,,,0,,93,0,1.4145289743834
1053518548,Lin,Ya,L,MD,I,13232 Maple Ave,Apt B,Flushing,NY,36,11355,1,"Metropolitan area core: primary flow within an urbanized area of 50,000 and greater",US,Internal Medicine,Claim-Specialty,2241,3759.27,329562.01,108909,89,"#",,,,,"#",,,411,267544.19,,1778,60177.01,,52,1840.81,,2166,321015.11,,75,8546.9,,2129,319395.93,,112,10166.08,0,0,0,0,0,0,0,0,0,,27,10492.64,17,*,,,*,,71.842696629213,,,,,50,39,,,80,,0,,76,13,1.1510959289103
1053532655,Zhou,Dalai,,M.D.,I,136-20 38th Ave,Suite 6c,Flushing,NY,36,11354,1,"Metropolitan area core: primary flow within an urbanized area of 50,000 and greater",US,Family Practice,Claim-Specialty,4934,8900.94,580937.26,260403,240,,4848,8792.94,568822.17,257403,"#",,,618,437593.38,,4209,141924.18,,107,1419.7,,4657,533829.12,,277,47108.14,,4392,539136.3,,542,41800.96,,,,,,,,,,,83,485.14,61,,0,0,*,,71.7375,,,,,139,101,,,222,,,,183,57,0.94137569444444
1053536250,Rodriguez,Rafael,A,M.D.,I,3711 88th St,,Jackson Heights,NY,36,11372,1,"Metropolitan area core: primary flow within an urbanized area of 50,000 and greater",US,Internal Medicine,NPPES-Specialty,677,1305.63,106811.04,37308,87,,590,1179.83,91753.44,33687,"#",,,143,93514.89,,523,12672.16,,11,623.99,,583,73646.63,,94,33164.41,,426,63927.87,,251,42883.17,20,523.5,600,,2.9542097488922,0,0,0,,0,,,,,0,0,*,,73.931034482759,,,,,50,37,,,,76,0,,56,31,0.99810249042146
1053560805,Pylman,John,,M.D.,I,1656 Champlin Ave,,Utica,NY,36,13502,1,"Metropolitan area core: primary flow within an urbanized area of 50,000 and greater",US,Family Practice,Claim-Specialty,7845,7881.49,912112.03,192111,510,,6522,6554.13,607610.25,157365,,454,,1521,496022.37,,6290,414841.55,,34,1248.11,,4235,396877.98,,3610,515234.05,,6934,840481.23,,911,71630.8,157,7533.61,2490,76,2.0012746972594,30,5256.44,719,13,19.108280254777,239,13064.87,111,,174,21356.84,,37,80.252941176471,56,86,156,212,348,162,485,12,,,0,,364,146,2.2917200603551
1053602623,Quick,Melissa,,DO,I,16 E 16th St,,New York,NY,36,10003,1,"Metropolitan area core: primary flow within an urbanized area of 50,000 and greater",US,Family Practice,Claim-Specialty,1360,2990.5,80337.5,85243,235,,1267,2850.17,75430.09,81405,"#",,,188,56973.3,,1159,23110.56,,13,253.64,"#",,,*,,,,205,8848.25,,1155,71489.25,42,492.08,1099,,3.0882352941176,14,146.95,371,,33.333333333333,21,261.67,21,*,,,*,,74.131914893617,,,,,154,81,188,,14,13,,,19,216,0.89559929078014
1053687491,Tam,Anthony,,M.D,I,139 Centre St Ste 709,,New York,NY,36,10013,1,"Metropolitan area core: primary flow within an urbanized area of 50,000 and greater",US,Internal Medicine,Claim-Specialty,15882,28864.67,2322402.57,846148,1084,,15628,28339.99,2278352.94,830858,,1056,,2531,1907655.57,,13087,406463.29,,264,8283.71,,14161,2036525.52,,1721,285877.05,,14965,2219084.87,,917,103317.7,,,,,,,,,,,220,1773.5,154,,22,173.92,*,,73.69926199262,28,656,289,111,571,513,22,,1026,12,,18,981,103,1.1034710586017
1053688671,Cadet-Valeus,Sergelyne,B,M.D.,I,6200 Beach Channel Dr,,Arverne,NY,36,11692,1,"Metropolitan area core: primary flow within an urbanized area of 50,000 and greater",US,Internal Medicine,NPPES-Specialty,5259,11808.91,1119164.4,349140,298,,4176,9453.72,872370.66,279609,,240,,934,973760.53,,4123,140117.5,,202,5286.37,,4721,987150.95,,538,132013.45,,4581,1028879.74,,678,90284.66,35,211.53,1091,15,0.66552576535463,0,0,0,0,0,53,330.81,37,*,,,*,,70.785234899329,58,143,72,25,205,93,12,143,,120,,12,243,55,1.3250452027003
1053721001,Sharma,Sanjeev,,M.D,I,301 E Main St,,Bay Shore,NY,36,11706,1,"Metropolitan area core: primary flow within an urbanized area of 50,000 and greater",US,Hospitalist,Claim-Specialty,73,73,11504.27,258,47,"#",,,,,"#",,,55,11315.25,,18,189.02,,0,0,"#",,,*,,,,49,8415.15,,24,3089.12,0,0,0,0,0,0,0,0,0,,,,,*,,,*,,75.340425531915,,,,,29,18,,,,29,0,0,30,17,1.7947874771447
1053734863,Antoine,Christina,M,"M.D.,",I,55 Greene Ave Ste 2b,,Brooklyn,NY,36,11238,1,"Metropolitan area core: primary flow within an urbanized area of 50,000 and greater",US,Hospitalist,Claim-Specialty,3102,3165.34,244345.01,73263,273,,2448,2511.21,164722.74,58295,,226,,479,132271.12,,2600,109531.31,,23,2542.58,,1609,126968.65,,1493,117376.36,,2504,205722.15,,598,38622.86,58,978.05,811,26,1.8697614442295,,,,,,149,13800.92,56,,94,8026.56,,33,78.172161172161,47,46,71,109,194,79,238,16,,11,0,,240,33,1.8724893774772
1053752022,Panlilio-Ortiz,Maria,T,GNP,I,159 Front St,,Binghamton,NY,36,13905,1,"Metropolitan area core: primary flow within an urbanized area of 50,000 and greater",US,Nurse Practitioner,Claim-Specialty,4385,4423.39,480228.22,96335,435,,3337,3374.39,366138.39,74251,,399,,886,368859.56,,3461,109100.6,,38,2268.06,,2130,292034.89,,2255,188193.33,,4028,458134.63,,357,22093.59,486,8800.27,5530,172,11.083238312429,46,1705.28,575,20,9.4650205761317,240,15776.96,93,,126,10358.07,,18,78.225287356322,36,121,142,136,285,150,396,20,,11,0,,370,65,2.8875970613046
1053800870,Andrawis,Sandra,,PHARMD,I,3155 Amboy Rd,,Staten Island,NY,36,10306,1,"Metropolitan area core: primary flow within an urbanized area of 50,000 and greater",US,Pharmacist,NPPES-Taxonomy,63,63,16746.96,63,59,"#",,,,,"#",,,63,16746.96,,0,0,,0,0,,17,4818.32,,46,11928.64,*,,,"#",,,0,0,0,0,0,0,0,0,0,,0,0,0,*,,,*,,74.779661016949,,,,,29,30,56,,0,0,0,,,,0.88561581920904
1356337844,Limbeck,Annette,P,NP,I,1437 Blossom Rd,,Rochester,NY,36,14610,1,"Metropolitan area core: primary flow within an urbanized area of 50,000 and greater",US,Nurse Practitioner,NPPES-Specialty,5054,5283.81,344299.18,94436,118,"#",,,,,"#",,,520,229048.06,,4496,114318.56,,38,932.56,,5054,344299.18,,0,0,,4972,339128.93,,82,5170.25,46,468.94,1044,13,0.91017016224772,,,,,,110,19949.31,42,*,,,*,,86.186440677966,,,,,,,114,,,,0,,,,2.0625001615629
1356369060,Mcmahon,Gerald,V,M.D.,I,182 Intrepid Ln,Brighton Medical Associates,Syracuse,NY,36,13205,1,"Metropolitan area core: primary flow within an urbanized area of 50,000 and greater",US,Internal Medicine,Claim-Specialty,8101,17044.21,1022727.6,497522,571,,7279,15703.43,910193.44,459171,,514,,1251,867888.05,,6745,148890.64,,105,5948.91,,5304,731843.15,,2797,290884.45,,1462,196058.03,,6639,826669.57,187,9510.63,4095,39,2.3083569929638,25,7685.49,726,,13.368983957219,141,4375.89,76,,25,176.72,*,,75.798598949212,57,187,213,114,319,252,484,52,,,,22,96,475,1.375363215636
1356408645,Bariso,Cesar,,M.D.,I,9211 35th Ave,1e,Jackson Heights,NY,36,11372,1,"Metropolitan area core: primary flow within an urbanized area of 50,000 and greater",US,Internal Medicine,NPPES-Specialty,263,281,88498.03,6784,53,,263,281,88498.03,6784,,53,,212,87926.4,"#",,,*,,,,162,55242.7,,101,33255.33,,55,25707.7,,208,62790.33,,,,,,,,,,,19,179.06,11,,0,0,,0,75.528301886792,0,28,,,30,23,34,,,,0,,,,0.84819339622642
1356429922,Thet,Zeyar,,MD,I,"13621 Roosevelt Ave #1fl",,Flushing,NY,36,11354,1,"Metropolitan area core: primary flow within an urbanized area of 50,000 and greater",US,Infectious Disease,Claim-Specialty,2160,2567.6,1946075.32,72200,214,,1611,1911.68,1473045.43,53367,,175,,669,1824410.52,,1455,120725.14,,36,939.66,,1707,1385695.09,,453,560380.23,,1791,1752637.15,,369,193438.17,238,14662.76,6650,22,11.018518518519,38,6112.55,966,,15.966386554622,112,40445.62,59,*,,,*,,70.121495327103,39,112,42,21,96,118,38,45,48,78,,,171,43,2.3804067387189
1356434104,Chen,Bo,,M.D,I,98 E Broadway,Lower Level,New York,NY,36,10002,1,"Metropolitan area core: primary flow within an urbanized area of 50,000 and greater",US,Internal Medicine,Claim-Specialty,15015,24238.96,2972737.06,716245,424,,14906,24129.29,2967530.82,712955,"#",,,2808,2441880.9,,12010,527148.82,,197,3707.34,,14668,2884051.68,,347,88685.38,,14768,2903381.92,,247,69355.14,,,,,,,,,,,188,774.69,127,,0,0,*,,73.077830188679,,,,,220,204,,0,419,,0,0,404,20,1.0355528694969
1356440473,Coss,Thomas,B,RPA-C,I,200 Madison Ave Fl 3,,Elmira,NY,36,14901,1,"Metropolitan area core: primary flow within an urbanized area of 50,000 and greater",US,Physician Assistant,Claim-Specialty,13021,27139.6,1038872.01,795535,720,,11732,25021.4,930437.73,733935,,639,,943,752848.93,,11994,281220.89,,84,4802.19,,8805,673160.87,,4216,365711.14,,3810,316454.56,,9211,722417.45,611,39249.72,17230,132,4.6924199370248,91,24496.05,2724,16,14.893617021277,225,2498.05,148,,26,2153.54,*,,73.168055555556,81,356,189,94,388,332,667,30,,,0,16,173,547,1.2579172541056
1356445662,Mckay,Lisa,N,"R.PH., BCGP",I,Walgreens Pharmacy,101 Pattonwood Dr.,Rochester,NY,36,14617,1,"Metropolitan area core: primary flow within an urbanized area of 50,000 and greater",US,Pharmacist,NPPES-Taxonomy,44,44,11211.83,131,42,"#",,,,,"#",,,41,11150.63,*,,,"#",,,"#",,,*,,,*,,,"#",,,0,0,0,0,0,0,0,0,0,,0,0,0,*,,,*,,73.357142857143,,,,,18,24,35,,0,,0,,,,1.0106547619048
1356522775,Zadrozny,Elizabeth,A,RPH,I,114 S Long Beach Ave,,Freeport,NY,36,11520,1,"Metropolitan area core: primary flow within an urbanized area of 50,000 and greater",US,Pharmacist,NPPES-Taxonomy,116,116,28408.41,118,102,"#",,,,,"#",,,114,28256.03,*,,,"#",,,,49,11980.74,,67,16427.67,,11,2477.58,,105,25930.83,0,0,0,0,0,0,0,0,0,,0,0,0,*,,,*,,73.107843137255,,,,,64,38,96,,0,,0,,,,0.87498145767668
1356634539,Heaven,Jennifer,M,FNP,I,254 Alexander St,,Rochester,NY,36,14607,1,"Metropolitan area core: primary flow within an urbanized area of 50,000 and greater",US,Nurse Practitioner,NPPES-Specialty,4114,4128.65,306137.32,74294,225,,3917,3931.32,269326.65,69983,,208,,544,199592.12,,3544,105431.33,,26,1113.87,,4059,302609.18,,55,3528.14,,3999,296969.91,,115,9167.41,180,5953.4,2791,61,4.3753038405445,44,3362.92,824,,24.444444444444,69,6717.25,40,,143,2202.41,,11,80.675555555556,17,39,79,90,142,83,192,18,,11,0,,207,18,2.7688024456157
1356690051,Gomez,Sarah,Y,PHARMD,I,228 Route 32,,Central Valley,NY,36,10917,1,"Metropolitan area core: primary flow within an urbanized area of 50,000 and greater",US,Pharmacist,NPPES-Taxonomy,18,18,3493.93,18,13,,18,18,3493.93,18,,13,,18,3493.93,,0,0,,0,0,*,,,*,,,*,,,"#",,,0,0,0,0,0,0,0,0,0,,0,0,0,,0,0,,0,76.923076923077,0,,,,,,12,,0,0,0,,,,2.4588647938629
1356736318,Bannister,Annemarie,L,M.D.,I,10175 Niagara Falls Blvd,,Niagara Falls,NY,36,14304,1,"Metropolitan area core: primary flow within an urbanized area of 50,000 and greater",US,Internal Medicine,Claim-Specialty,11520,21776.75,1121300.39,625625,775,,9459,18356.45,908409.32,528770,,649,,1414,887944.16,,10005,229646.77,,101,3709.46,,9277,919651.04,,2243,201649.35,,4477,462916.55,,7043,658383.84,539,11657.14,12657,115,4.6788194444444,,,,,,319,24754.89,210,,68,3780.07,,11,71.730322580645,126,348,223,78,572,203,700,42,,,,17,193,582,1.3360984066831
1356783989,Colombel,Jean-Frederic,,M.D.,I,5 E 98th St,,New York,NY,36,10029,1,"Metropolitan area core: primary flow within an urbanized area of 50,000 and greater",US,Gastroenterology,Claim-Specialty,195,235.48,2525670.51,6282,49,,154,184.91,1702091.24,4808,"#",,,141,2518825.4,,54,6845.11,,0,0,,53,967358.07,,142,1558312.44,,88,1479540.4,,107,1046130.11,0,0,0,0,0,0,0,0,0,,,,,,0,0,*,,74.816326530612,,,,,31,18,42,,,,0,,,,1.4512551020408
1356822597,Bhuiyan,Md,M,PHARMD,I,107 N Main St,,Port Chester,NY,36,10573,1,"Metropolitan area core: primary flow within an urbanized area of 50,000 and greater",US,Pharmacist,NPPES-Taxonomy,17,17,4849.96,17,17,,17,17,4849.96,17,,17,,17,4849.96,,0,0,,0,0,*,,,"#",,,*,,,"#",,,0,0,0,0,0,0,0,0,0,,0,0,0,,0,0,,0,74.352941176471,0,,,,,,,,,,0,,,,0.89829411764706
1356828420,Strobel,Michael,,NP,I,1425 Portland Ave,,Rochester,NY,36,14621,1,"Metropolitan area core: primary flow within an urbanized area of 50,000 and greater",US,Nurse Practitioner,Claim-Specialty,478,885.68,98135.74,25918,184,,454,846.08,93564.5,24790,,173,,145,88751.63,,333,9384.11,,0,0,,390,81876.98,,88,16258.76,,91,10044.31,,387,88091.43,0,0,0,0,0,0,0,0,0,,,,,,0,0,,0,75.559782608696,11,75,68,30,81,103,155,15,,,0,,35,149,1.3374356884058
1356862346,Pasumarty,Niharika,,,I,12 Martin St,,Wellsville,NY,36,14895,7,"Small town core: primary flow within an urban cluster of 2,500 to 9,999",US,Family Practice,Claim-Specialty,10027,21812.26,1124477.79,642228,601,,8542,19296.68,945813.57,568876,,519,,1317,889669.6,,8660,233313.93,,50,1494.26,,5215,545586.97,,4812,578890.82,,3496,474031.27,,6531,650446.52,357,26116.69,10106,62,3.5603869552209,92,10314.62,2574,12,25.770308123249,100,1133.32,75,,132,4244.82,,26,72.016638935108,82,288,163,68,349,252,575,,0,,,19,179,422,1.0884139812801
1356908768,Fakheri,Yair,,DO,I,16 Sumner Pl,,Brooklyn,NY,36,11206,1,"Metropolitan area core: primary flow within an urbanized area of 50,000 and greater",US,Internal Medicine,Claim-Specialty,6003,8487.47,1179575.96,249432,296,,4460,6418.53,800835.57,188760,,219,,1560,1073423.8,,4162,100080.31,,281,6071.85,,5463,1068132.72,,540,111443.24,,5629,1131218.53,,374,48357.43,,,,,,,,,,,38,1987.17,31,*,,,*,,69.239864864865,77,130,71,18,212,84,20,49,,221,0,,264,32,1.4070953407363
1366035685,Chen,Dana,D,NP,I,4199 Main St Ste 201,,Flushing,NY,36,11355,1,"Metropolitan area core: primary flow within an urbanized area of 50,000 and greater",US,Nurse Practitioner,NPPES-Specialty,5393,6715.91,743737.98,190927,474,,5329,6640.43,729657.84,188797,,463,,1000,655345.1,,4328,86803.69,,65,1589.19,,5309,734463.58,,84,9274.4,,5203,733590.23,,190,10147.75,,,,,,,,,,,239,1490.47,163,*,,,*,,71.810126582278,11,335,99,29,256,218,,,441,17,0,,434,40,1.1280223935105
1366077968,Bong,Si,M,,I,3916 Prince St Ste 251,,Flushing,NY,36,11354,1,"Metropolitan area core: primary flow within an urbanized area of 50,000 and greater",US,Physician Assistant,NPPES-Specialty,778,1184.43,692325.62,33633,206,,724,1106.43,637664.28,31307,,194,,489,651429.92,,278,40726.95,,11,168.75,,667,597470.06,,111,94855.56,,613,632518.28,,165,59807.34,0,0,0,0,0,0,0,0,0,,11,80.37,,*,,,*,,73.73786407767,12,107,69,18,115,91,11,,163,12,,15,146,60,1.4939199646926
1366106593,Rampersaud,Nirvanie,,,I,1046 Yonkers Ave,,Yonkers,NY,36,10704,1,"Metropolitan area core: primary flow within an urbanized area of 50,000 and greater",US,Pharmacist,NPPES-Taxonomy,14,14,3269.26,14,13,"#",,,,,"#",,,14,3269.26,,0,0,,0,0,*,,,*,,,*,,,*,,,0,0,0,0,0,0,0,0,0,,0,0,0,*,,,*,,70.307692307692,,,,,,,,,,,0,,,,1.1929230769231
1366196271,Zimmerman,Christian,,PA-C,I,3670 S Benzing Rd,,Orchard Park,NY,36,14127,1,"Metropolitan area core: primary flow within an urbanized area of 50,000 and greater",US,Physician Assistant,Claim-Specialty,1354,3189.51,106526.23,92019,311,,1241,2941.7,102071.82,84794,,278,,128,78590.71,,1201,27400.42,,25,535.1,,1111,90280.44,,243,16245.79,,227,26317.93,,1127,80208.3,21,313.5,370,14,1.5509601181684,0,0,0,0,0,65,380.2,59,*,,,*,,71.893890675241,33,155,93,30,149,162,290,,,,0,15,60,251,0.98424062165059
1366403057,Nicholas,Joseph,A,M.D.,I,1000 South Ave,Box 58,Rochester,NY,36,14620,1,"Metropolitan area core: primary flow within an urbanized area of 50,000 and greater",US,Internal Medicine,Claim-Specialty,355,357.8,48332.15,8322,45,,268,269.8,32569.99,6066,"#",,,94,42788.91,,261,5543.24,,0,0,,272,32982.7,,83,15349.45,,294,34106.73,,61,14225.42,,,,,,,,,,,15,221.71,,,26,390.18,*,,76.8,,,,,23,22,38,,0,,0,0,,,1.6103333333333
1366415465,Agarwala,Ajay,K,M.D.,I,257-12 Union Tpke,,Glen Oaks,NY,36,11004,1,"Metropolitan area core: primary flow within an urbanized area of 50,000 and greater",US,Cardiology,Claim-Specialty,1828,3751.22,381451.41,109056,266,,1604,3355.99,325377.03,97720,,234,"#",,,,1371,31855.08,*,,,,961,206362.91,,867,175088.5,,594,163738.56,,1234,217712.85,72,8677.14,2052,,3.9387308533917,13,7627.23,390,,18.055555555556,38,325.32,25,*,,,*,,72.684210526316,32,127,82,25,129,137,142,47,38,31,,,68,198,1.4782983049821
1366443202,Alling,R.,D,M.D.,I,335 Parrish St,,Canandaigua,NY,36,14424,1,"Metropolitan area core: primary flow within an urbanized area of 50,000 and greater",US,Internal Medicine,Claim-Specialty,5757,11554.5,699485.78,325328,800,,5316,10934.3,671295.8,307849,,750,,1130,569376.14,,4587,128909.24,,40,1200.4,,4683,575653.49,,1074,123832.29,,1248,155161.62,,4509,544324.16,141,4740.88,3859,26,2.4491922876498,21,1644.55,575,,14.893617021277,62,1307.13,41,*,,,*,,73.715,50,374,299,77,440,360,736,,,,0,47,100,700,0.9102189856449
1366447716,Daly,Erik,S,MD,I,739 Irving Ave,Ste 200,Syracuse,NY,36,13210,1,"Metropolitan area core: primary flow within an urbanized area of 50,000 and greater",US,Internal Medicine,Claim-Specialty,5195,12182.95,610870.91,359843,441,,4853,11506.15,541331.72,340022,,418,,631,510313.87,,4505,95801.44,,59,4755.6,,3124,328082.57,,2071,282788.34,,776,79602.7,,4419,531268.21,22,426.62,454,,0.42348411934552,0,0,0,,0,35,665.87,29,,0,0,,0,74.600907029478,23,219,137,62,168,273,356,51,,,,22,50,391,0.97769780984615
1366538910,Dym,Harry,,D.D.S.,I,1001 E 29th St,,Brooklyn,NY,36,11210,1,"Metropolitan area core: primary flow within an urbanized area of 50,000 and greater",US,Dentist,NPPES-Taxonomy,166,166,12069.08,1368,105,,112,112,11325.87,716,,74,"#",,,,113,515.08,*,,,,130,10088.64,,36,1980.44,,124,7874.15,,42,4194.93,11,13.65,30,,6.6265060240964,0,0,0,,0,43,211.18,37,,0,0,,0,67.638095238095,31,50,,,68,37,,64,,26,0,,78,27,1.5128405312134
1366550162,Minnella,Bernedette,P,MD,I,300 White Spruce Blvd,Suite 100,Rochester,NY,36,14623,1,"Metropolitan area core: primary flow within an urbanized area of 50,000 and greater",US,Internal Medicine,Claim-Specialty,7253,15464.18,718731.13,443661,452,,6556,14480.99,653201.23,416491,,418,,864,537111.19,,6332,179106.13,,57,2513.81,,6249,594608.6,,1004,124122.53,,1275,163308.11,,5978,555423.02,100,1660.6,2421,29,1.3787398317937,,,,,,279,3335.54,144,,18,181.39,*,,73.464601769912,34,231,134,53,315,137,362,57,,,0,18,57,395,1.066641691219
1366609976,Westgarth,Maureen,L,FNP-BC,I,4515 Military Rd,,Niagara Falls,NY,36,14305,1,"Metropolitan area core: primary flow within an urbanized area of 50,000 and greater",US,Nurse Practitioner,Claim-Specialty,12076,26973.48,1956204.8,786736,698,,11552,25953.06,1887808.51,757124,,669,,1957,1662762.71,,10011,289430.34,,108,4011.75,,10025,1517722.84,,2051,438481.96,,1677,337019.06,,10399,1619185.74,185,18682.43,6291,54,1.5319642265651,29,15932.83,1544,,15.675675675676,402,3766.64,227,*,,,*,,75.097421203438,29,326,240,103,389,309,652,15,,,0,20,64,634,1.2421888680932
1366729683,Tumminello,Maria,,RPH,I,460 Montauk Hwy,,West Islip,NY,36,11795,1,"Metropolitan area core: primary flow within an urbanized area of 50,000 and greater",US,Pharmacist,NPPES-Taxonomy,49,49,12616.12,55,49,"#",,,,,"#",,,48,12608.32,*,,,"#",,,,22,5717.25,,27,6898.87,*,,,"#",,,0,0,0,0,0,0,0,0,0,,,,,*,,,*,,75.510204081633,,,,,31,18,22,,11,,0,,,,0.99151360544218
1366730889,Patel,Jignesh,,PHARM. D.,I,250 W 50th St Apt 17k,,New York,NY,36,10019,1,"Metropolitan area core: primary flow within an urbanized area of 50,000 and greater",US,Pharmacist,NPPES-Taxonomy,36,36,9004.55,36,33,"#",,,,,"#",,,35,8897.42,*,,,"#",,,,14,3213.26,,22,5791.29,,11,2160.05,,25,6844.5,0,0,0,0,0,0,0,0,0,,0,0,0,*,,,*,,71.575757575758,,,,,,,21,11,,,0,0,,,2.2379201085437
1366759045,Fitzsimmons,Coveney,,M.D.,I,104 S Porter St,,Watkins Glen,NY,36,14891,7,"Small town core: primary flow within an urban cluster of 2,500 to 9,999",US,Family Practice,Claim-Specialty,5607,11323.59,509481.65,328810,510,,4675,9811.47,436651.02,286035,,431,,678,400165.96,,4881,107198.83,,48,2116.86,,3568,365865.76,,2039,143615.89,,2337,204672.56,,3270,304809.09,161,10064.76,4122,50,2.8714107365793,,,,,,129,1882.67,86,,46,891.61,*,,71.401960784314,79,239,143,49,322,188,482,,,,,16,155,355,1.0073237699884
1366764748,Mars,Matthew,D,RPH,I,9 E Grand St,,Palatine Bridge,NY,36,13428,7,"Small town core: primary flow within an urban cluster of 2,500 to 9,999",US,Pharmacist,NPPES-Taxonomy,24,24,5669.16,24,23,"#",,,,,"#",,,24,5669.16,,0,0,,0,0,"#",,,*,,,*,,,"#",,,0,0,0,0,0,0,0,0,0,,0,0,0,*,,,*,,72.391304347826,,,,,12,11,22,,0,0,0,,,,0.75558695652174
1366765281,Abbruscato,Thomas,J,RPH,I,1036 Main St,,Holbrook,NY,36,11741,1,"Metropolitan area core: primary flow within an urbanized area of 50,000 and greater",US,Pharmacist,NPPES-Taxonomy,29,29,5902.55,29,25,"#",,,,,"#",,,29,5902.55,,0,0,,0,0,*,,,"#",,,*,,,"#",,,0,0,0,0,0,0,0,0,0,,0,0,0,*,,,*,,74,,,,,13,12,20,0,,0,0,,,,0.9468
1366880254,Simons,Elizabeth,M,,I,601 Elmwood Ave,Box 619-28,Rochester,NY,36,14642,1,"Metropolitan area core: primary flow within an urbanized area of 50,000 and greater",US,Nurse Practitioner,Claim-Specialty,1928,3970.17,144915.62,111115,417,,1574,3357.07,118310.35,93853,,385,,193,99061.55,,1712,45135.9,,23,718.17,,1636,125993.32,,292,18922.3,,414,18730.06,,1514,126185.56,84,1279.96,1844,21,4.356846473029,12,414.24,360,,14.285714285714,125,1364.24,97,*,,,*,,73.539568345324,32,200,139,46,254,163,373,,,,0,26,35,382,0.94968924352881
1366892374,Ferro,Michael,,M.D.,I,624 Mcclellan St,Suite 101,Schenectady,NY,36,12304,1,"Metropolitan area core: primary flow within an urbanized area of 50,000 and greater",US,Family Practice,Claim-Specialty,5167,9129.79,854351.78,264380,314,,2887,5645.72,414871.63,164914,,173,,1007,754335.31,,4088,96330.24,,72,3686.23,,3879,644086.72,,1288,210265.06,,4076,770390.59,,1091,83961.19,238,10697.03,6391,34,4.6061544416489,37,6126.68,1101,,15.546218487395,74,39553.15,46,*,,,*,,63.063694267516,141,125,32,16,139,175,201,49,,22,,23,211,103,1.3761059671455
1366920274,Hogestyn,Jessica,,NP,I,800 Ayrault Rd Ste 200,,Fairport,NY,36,14450,1,"Metropolitan area core: primary flow within an urbanized area of 50,000 and greater",US,Nurse Practitioner,Claim-Specialty,1803,3545.99,173680.33,96781,438,,1636,3273.07,148457.82,89310,,407,,185,129316.12,,1578,43631.08,,40,733.13,,1470,144353.21,,333,29327.12,,304,48436.71,,1499,125243.62,62,1298,1416,19,3.438713255685,0,0,0,0,0,176,14472.52,136,*,,,*,,73.986301369863,31,196,166,45,282,156,412,,,,0,13,39,399,0.89309430872551
1376500157,Halsdorfer,Andrew,W,DO,I,325 Essjay Rd,Suite110,Williamsville,NY,36,14221,1,"Metropolitan area core: primary flow within an urbanized area of 50,000 and greater",US,Family Practice,Claim-Specialty,7536,16645.92,647204.12,489652,504,,7346,16250.06,632183.49,477868,,490,,896,532788.76,,6567,111878.6,,73,2536.76,,5997,523859.22,,1539,123344.9,,470,43729.84,,7066,603474.28,115,1553.01,2523,14,1.526008492569,0,0,0,0,0,109,723.71,88,,12,77.4,*,,75.638888888889,14,231,179,80,233,271,464,,0,,0,21,31,473,1.2302877865214
1376503383,Malegiannakis,George,M,MD,I,1811 Avenue P,"Suite # 1a",Brooklyn,NY,36,11229,1,"Metropolitan area core: primary flow within an urbanized area of 50,000 and greater",US,Internal Medicine,Claim-Specialty,4400,6346.99,394141.66,174414,458,,3527,5413.99,315113.41,150431,,279,,677,295874.47,,3681,96145.55,,42,2121.64,,1435,96985.26,,2965,297156.4,,2797,254114.39,,1603,140027.27,38,666.67,542,,0.86363636363636,11,310.9,140,,28.947368421053,172,4420.48,104,,69,4533.86,,18,65.436681222707,179,125,94,60,218,240,332,70,,29,,22,321,137,1.4378279462623
1376561910,Long,Jeffrey,C,M.D.,I,35 Lyon St,,Naples,NY,36,14512,10.1,"Secondary flow 30% to <50% to a urbanized area of 50,000 and greater",US,Family Practice,Claim-Specialty,6526,12617,578289.74,367229,458,,5684,11452.53,480347.91,333666,,419,,890,442245,,5591,133600.31,,45,2444.43,,4902,408060.74,,1624,170229,,2317,234144.45,,4209,344145.29,175,10745.29,4275,55,2.6815813668403,24,5630.09,694,,13.714285714286,126,2646.23,79,,51,3125.4,*,,73.613537117904,39,208,170,41,226,232,434,0,,,0,20,107,351,1.0251219924264
1376575159,Cincu,Catalina,E,MD,I,755 North Broadway,,Sleepy Hollow,NY,36,10591,1,"Metropolitan area core: primary flow within an urbanized area of 50,000 and greater",US,Internal Medicine,Claim-Specialty,4037,9611.49,305507.4,283046,456,,3708,9016.66,284132.62,265917,,426,"#",,,,3644,75844.01,*,,,,1891,152770.25,,2146,152737.15,,1576,156500.59,,2461,149006.81,26,65.5,529,,0.64404260589547,0,0,0,,0,85,558.14,55,*,,,*,,73.969298245614,30,216,162,48,331,125,280,27,,123,,18,120,336,1.0109537114602
1376595710,Ye,Hong,,D.O,I,5521 8th Ave Unit 3c,,Brooklyn,NY,36,11220,1,"Metropolitan area core: primary flow within an urbanized area of 50,000 and greater",US,Family Practice,Claim-Specialty,6027,8798.61,828068.76000001,251087,445,,5881,8600.61,816912.21,245229,"#",,,1105,700120.37,,4799,126554.54,,123,1393.85,,5579,760363.4,,448,67705.36,,5947,821233.23000001,,80,6835.53,,,,,,,,,,,126,649.53,99,,16,4741.14,*,,72.004494382022,,,,,246,199,0,,434,,0,,431,14,0.95286119076529
1376612242,Schrem,Stanley,S,M.D.,I,635 Madison Ave,3rd Floor,New York,NY,36,10022,1,"Metropolitan area core: primary flow within an urbanized area of 50,000 and greater",US,Cardiology,Claim-Specialty,5306,10312.18,471088.32,302172,387,"#",,,,,"#",,,715,371920.14,,4567,98908.68,,24,259.5,,101,8905.85,,5205,462182.47,,189,11704.05,,5117,459384.27,,,,,,,,,,,124,2028.94,80,*,,,*,,79.452196382429,,,,,191,196,338,,,,0,35,,,1.0375061984189
1376647784,Taddeo,Matilda,M,M.D.,I,1 Pondfield Rd W,,Bronxville,NY,36,10708,1,"Metropolitan area core: primary flow within an urbanized area of 50,000 and greater",US,Cardiology,Claim-Specialty,6014,14950.43,657984.25,440522,419,,5945,14793.36,649105.84,435985,"#",,,631,532516.03,,5362,123930.25,,21,1537.97,,1888,226132.02,,4126,431852.23,,1228,118484.32,,4786,539499.93,57,1220.39,1411,11,0.94778849351513,,,,,,131,1321.5,77,,30,2890.15,*,,78.405727923628,,,,,299,120,337,36,14,22,,,51,368,1.1264260150503
1376701276,Farber,Jesse,D,PHARMD,I,440 E 81st St Apt 3e,,New York,NY,36,10028,1,"Metropolitan area core: primary flow within an urbanized area of 50,000 and greater",US,Pharmacist,NPPES-Taxonomy,12,12,2369.04,12,11,,12,12,2369.04,12,,11,,12,2369.04,,0,0,,0,0,,0,0,,12,2369.04,,0,0,,12,2369.04,0,0,0,0,0,0,0,0,0,,0,0,0,,0,0,,0,78.727272727273,0,,,,,,,0,0,0,0,,0,11,1.4048181818182
1376727776,Gillette,Joseph,W,PHARM D.,I,2024 Genesee St,,Oneida,NY,36,13421,4,"Micropolitan area core: primary flow within an urban cluster of 10,000 to 49,999",US,Pharmacist,NPPES-Taxonomy,25,25,6598.01,54,25,"#",,,,,"#",,,25,6598.01,,0,0,,0,0,"#",,,*,,,*,,,"#",,,0,0,0,0,0,0,0,0,0,,0,0,0,*,,,*,,73.76,,,,,14,11,20,,0,0,0,,,,0.98717333333333
1376771766,Chokshi,Dave,,MD,I,530 1st Ave,,New York,NY,36,10016,1,"Metropolitan area core: primary flow within an urbanized area of 50,000 and greater",US,Internal Medicine,NPPES-Specialty,178,237.66,28705.27,4065,62,,95,115,11920.25,1377,,46,,56,20735.39,,110,7582.59,,12,387.29,,75,11012.26,,103,17693.01,,109,20102.94,,69,8602.33,0,0,0,0,0,0,0,0,0,,0,0,0,*,,,*,,68.91935483871,16,32,,,31,31,41,,,,0,,30,32,1.5839677419355
1376832444,Malnoske,Michelle,L,M.D.,I,"600 Roe Avenue, Suite 4a",,Elmira,NY,36,14905,1,"Metropolitan area core: primary flow within an urbanized area of 50,000 and greater",US,Pulmonary Disease,Claim-Specialty,1520,2046.67,725908.2,56857,214,,1230,1643.43,606091.64,45517,,185,,964,699488.54,,556,26419.66,,0,0,,1006,493736.43,,514,232171.77,,746,371556.87,,774,354351.33,0,0,0,0,0,0,0,0,0,,141,2385.63,40,,0,0,,0,71.457943925234,29,112,,,138,76,202,,0,,0,,73,141,1.6742968295682
1376887950,Browne,Sherine,A,NURSE PRACTITIONER,I,4 W Red Oak Ln Ste 104,,White Plains,NY,36,10604,1,"Metropolitan area core: primary flow within an urbanized area of 50,000 and greater",US,Nurse Practitioner,Claim-Specialty,6231,11490.83,1174152.64,336843,414,,4883,9233.39,896275.06,271774,,326,,1112,920310.37,,4950,248278.71,,169,5563.56,,4847,834645.61,,1384,339507.03,,5566,1114123.47,,665,60029.17,21,602.99,449,14,0.33702455464612,,,,,,68,729.17,54,,20,2478.14,,11,71.07729468599,88,184,89,53,256,158,42,112,34,198,,,338,76,1.6633516887262
1376924100,Siegenthaler,Matthew,,MD,I,3 Curtis Rd,,Vernon,NY,36,13476,4,"Micropolitan area core: primary flow within an urban cluster of 10,000 to 49,999",US,Family Practice,Claim-Specialty,6862,16527.28,854505.68,478070,641,,6374,15541.38,775174.79,449395,,594,,982,730382.54,,5777,118723.85,,103,5399.29,,4107,485224.45,,2755,369281.23,,1158,234615.67,,5704,619890.01,164,4713.54,4181,47,2.3899737685806,,,,,,243,1731.34,153,,18,386.27,*,,74.627145085803,47,286,223,85,347,294,598,,,,0,35,99,542,1.0888225885522
1386035111,Jovanovic,Milica,,M.D.,I,600 East 233rd Street,Montefiore Medical Center Wakefield Division,Bronx,NY,36,10466,1,"Metropolitan area core: primary flow within an urbanized area of 50,000 and greater",US,Student in an Organized Health Care Education/Training Program,NPPES-Taxonomy,2746,3099.12,215909.17,57828,219,,2469,2821.45,196668.21,54095,,207,,552,161518.61,,2170,52662.65,,24,1727.91,,1031,83834.23,,1715,132074.94,,2462,185000.58,,284,30908.59,17,172.27,210,14,0.6190823015295,0,0,0,0,0,29,621.57,19,,73,6144.32,,22,79.520547945205,12,51,89,67,141,78,51,94,,62,,,165,54,2.2982488832801
1386088169,Dmochowska,Jolanta,,"M.D.,D.O,",I,Nyu Langone Medical,934 Manhattan Ave,Brooklyn,NY,36,11222,1,"Metropolitan area core: primary flow within an urbanized area of 50,000 and greater",US,Family Practice,Claim-Specialty,3296,5852.35,497537.38,166436,220,,3196,5678.35,485330.82,161698,,201,,698,444783.17,,2569,52422.5,,29,331.71,,2654,441389.7,,642,56147.68,,2418,385924.2,,878,111613.18,41,88.81,390,20,1.243932038835,,,,,,121,1381.74,73,,0,0,,0,71.586363636364,19,133,48,20,121,99,154,11,,24,,24,145,75,1.0781363636364
1386163012,Tseng,Pao-Ju,,NURSE PRACTITIONER,I,4199 Main St Ste 201,,Flushing,NY,36,11355,1,"Metropolitan area core: primary flow within an urbanized area of 50,000 and greater",US,Nurse Practitioner,NPPES-Specialty,5504,6926.67,878687.83,198872,456,,5365,6767.67,856574.05,194427,,444,,1217,787022.21,,4183,89288.8,,104,2376.82,,5444,875212.96,,60,3474.87,,5336,870599.33,,168,8088.5,,,,,,,,,,,177,885.09,141,*,,,*,,71.956140350877,12,312,108,24,261,195,,,429,12,0,,416,40,1.055984801956
1386249795,Cherubini,Lauren,,RPH,I,499 Montauk Hwy,,West Islip,NY,36,11795,1,"Metropolitan area core: primary flow within an urbanized area of 50,000 and greater",US,Pharmacist,NPPES-Taxonomy,197,200,49939.23,374,183,"#",,,,,"#",,,197,49939.23,,0,0,,0,0,,91,22066.59,,106,27872.64,*,,,"#",,,0,0,0,0,0,0,0,0,0,,0,0,0,*,,,*,,75.459016393443,,,,,102,81,177,0,0,,,,,,1.1697486338798
1386300358,Si,Michelle,X,NP,I,4469 Kissena Blvd Apt 3l,,Flushing,NY,36,11355,1,"Metropolitan area core: primary flow within an urbanized area of 50,000 and greater",US,Nurse Practitioner,Claim-Specialty,3171,4583.55,521145.2,130183,318,,3064,4455.89,506773.96,126574,,304,,653,443404.21,,2452,75879.68,,66,1861.31,,2941,485260.63,,230,35884.57,,2931,502053.57,,240,19091.63,,,,,,,,,,,82,880.43,67,*,,,*,,72.588050314465,14,198,80,26,169,149,,,301,,0,,283,35,1.1507475890985
1386601557,He,Fufu,,M.D,I,1508 Avenue U,,Brooklyn,NY,36,11229,1,"Metropolitan area core: primary flow within an urbanized area of 50,000 and greater",US,Family Practice,Claim-Specialty,29932,49369.88,6647873.87,1419835,1228,,29692,48925.89,6633755.2299999,1407146,,1200,,7263,5640125.17,,22272,998517.33000001,,397,9231.37,,27591,5969256.68,,2341,678617.19,,29150,6548875.03,,782,98998.84,14,97.61,135,12,0.046772684752105,0,0,0,0,0,581,9081,378,,40,947.17,*,,73.869706840391,28,713,342,145,638,590,,,1198,13,0,,1163,65,1.0582089882443
1386604775,Clifford,David,S,M.D.,I,256 Center Rd,,West Seneca,NY,36,14224,1,"Metropolitan area core: primary flow within an urbanized area of 50,000 and greater",US,Family Practice,Claim-Specialty,11645,26679.31,1151378.75,790149,794,,10597,24490.63,1008261.58,725098,,740,,1447,870688.44,,10098,274869.16,,100,5821.15,,9061,704866.46,,2584,446512.29,,2140,281752.17,,9505,869626.58,286,5439.14,7530,62,2.4559896951481,0,0,0,0,0,191,1624.31,132,*,,,*,,74.290931989924,54,380,264,96,375,419,753,,,13,0,17,99,695,1.1972875078467
1386604858,Brown,Jennie,L,MD,I,5100 W Taft Rd,Suite 1d,Liverpool,NY,36,13088,1,"Metropolitan area core: primary flow within an urbanized area of 50,000 and greater",US,Family Practice,Claim-Specialty,17255,33602.93,1824774.98,980400,1359,,14228,28804.49,1449865.89,842264,,1156,,2187,1467330.3,,14865,346656.07,,203,10788.61,,12921,1252602.47,,4334,572172.51,,6621,873343.86,,10634,951431.12,157,4009.33,3948,37,0.90988119385685,14,852.08,420,,8.9171974522293,275,21893.26,177,,111,1063.7,,20,72.428991905813,203,562,441,153,946,413,1206,49,,25,,53,416,943,1.1008435408574
1386605566,Molina,Alveris,,M.D.,I,93-15 Roosevelt Ave.,,Jackson Heights,NY,36,11372,1,"Metropolitan area core: primary flow within an urbanized area of 50,000 and greater",US,Internal Medicine,Claim-Specialty,18498,37871.75,3400876.42,1097983,901,,17231,35588.48,3161350.3,1033012,,850,,2619,2724364.59,,15605,668704.71,,274,7807.12,,16898,3156518.03,,1600,244358.39,,16070,3187423.51,,2428,213452.91,58,611.02,824,27,0.31354741053087,0,0,0,0,0,383,15464.84,247,,94,52216.9,,22,74.529411764706,51,425,314,111,591,310,22,,,859,,12,708,193,1.1339071121389
1386616472,Jackson,Leland,J,MD,I,5006 W Genesee St,,Camillus,NY,36,13031,1,"Metropolitan area core: primary flow within an urbanized area of 50,000 and greater",US,Family Practice,Claim-Specialty,6303,12950.01,852354.19,371950,502,,5488,11832.5,762581.43,341042,,457,,1000,734363.99,,5232,114173.92,,71,3816.28,,3934,506784.43,,2369,345569.76,,1553,229625.34,,4750,622728.85,310,24756.63,6558,56,4.9182928764081,52,19932.27,1560,,16.774193548387,187,3722.47,106,,19,252.24,*,,73.711155378486,45,207,180,70,269,233,464,,,,,20,72,430,1.009648977005
1386616977,Nickerson,Chevonne,M,FNP,I,130 Centerway,,Corning,NY,36,14830,4,"Micropolitan area core: primary flow within an urban cluster of 10,000 to 49,999",US,Nurse Practitioner,Claim-Specialty,3659,7438.92,288603.96,218312,427,,2784,6283.5,239557.62,185038,,330,"#",,,,3382,92424.7,*,,,,2272,156515.7,,1387,132088.26,,1872,134837.94,,1787,153766.02,,,,,,,,,,,67,634.4,54,*,,,*,,68.508196721311,97,203,102,25,281,146,396,,,,,14,162,265,1.107981459797
1386646289,Ziemba,David,M,MD,I,1458 47th St,,Brooklyn,NY,36,11219,1,"Metropolitan area core: primary flow within an urbanized area of 50,000 and greater",US,Internal Medicine,Claim-Specialty,15613,26454.04,1593207.73,758682,1147,,15206,25799.84,1534657.96,739739,,1121,,2100,1180928.16,,13431,408741.95,,82,3537.62,,570,51354.53,,15043,1541853.2,,5045,630982.74,,10568,962224.99,113,1493.88,1344,42,0.72375584448857,0,0,0,0,0,868,15511.15,440,,51,1458.91,,13,74.164777680907,26,653,338,130,594,553,1076,,,0,0,68,290,857,1.0171920497856
1386693190,Gbadamosi,Fatai,A,MD,I,206 S Elmwood Ave,,Buffalo,NY,36,14201,1,"Metropolitan area core: primary flow within an urbanized area of 50,000 and greater",US,Internal Medicine,Claim-Specialty,9007,9900.72,5623917.72,268979,674,,3922,4347.16,2130507.86,119539,,279,,2931,5423483.52,,5982,198355.52,,94,2078.68,,6278,3921500.63,,2729,1702417.09,,8076,5042685.23,,931,581232.49,450,17727.92,12638,52,4.9961141334518,55,5162.96,1568,,12.222222222222,89,6956.86,42,*,,,*,,61.399109792285,395,213,,,286,388,434,165,,58,,15,590,84,1.506046566937
1386719599,Liu,Zoe,Z,M.D.,I,98 E Broadway,4th Floor,New York,NY,36,10002,1,"Metropolitan area core: primary flow within an urbanized area of 50,000 and greater",US,Internal Medicine,Claim-Specialty,24514,33274.83,2949280.86,967148,752,,24207,32869.63,2879680.44,955489,"#",,,3294,2440773.18,,20930,501618.18,,290,6889.5,,24310,2929671.95,,204,19608.91,,24161,2907390.36,,353,41890.5,,,,,,,,,,,317,2370.63,204,,51,885.62,*,,72.501329787234,,,,,394,358,,,734,,0,,728,24,0.97034241959749
1386721124,Marratta,Douglas,E,M.D.,I,161 Fort Washington Ave,,New York,NY,36,10032,1,"Metropolitan area core: primary flow within an urbanized area of 50,000 and greater",US,Internal Medicine,Claim-Specialty,6573,16459.28,777662.25,485501,671,,6453,16202.74,743715.22,478047,,659,,895,630775.69,,5597,143345.83,,81,3540.73,,2390,264698.59,,4183,512963.66,,1298,197118.16,,5275,580544.09,15,269.25,232,,0.22820629849384,0,0,0,,0,97,973.14,71,,35,3053.95,*,,77.9478390462,12,231,295,133,385,286,393,97,39,99,0,43,86,585,1.1313075254525
1386745578,Zeitlin,Adam,D,DO,I,7161 159th St,,Flushing,NY,36,11365,1,"Metropolitan area core: primary flow within an urbanized area of 50,000 and greater",US,Family Practice,Claim-Specialty,32546,39101.8,4168185.8,1103848,1074,,30752,36910.43,3893645.64,1041982,,1014,,5106,3037198.08,,26814,1103644.89,,626,27342.83,,10430,1320508.56,,22116,2847677.24,,27492,3537497.32,,5054,630688.48,359,46457.14,9188,70,1.1030541387575,12,1137.26,322,,3.3426183844011,701,25402.98,362,,595,51648.38,,77,77.456238361266,60,409,311,294,628,446,620,173,87,115,,,732,342,1.8992878633259
1386759231,Almonte,Luis,A,MD,I,8811 101st Ave,,Ozone Park,NY,36,11416,1,"Metropolitan area core: primary flow within an urbanized area of 50,000 and greater",US,Internal Medicine,Claim-Specialty,10395,21269.19,1640774.59,625256,595,,9113,19085.61,1387154.07,562214,,534,,1841,1425005.45,,8093,199255.4,,461,16513.74,,10011,1604704.64,,384,36069.95,,9219,1564440.03,,1176,76334.56,0,0,0,0,0,0,0,0,0,,189,2526.91,127,,0,0,,0,72.442016806723,61,320,166,48,320,275,,,,574,,,484,111,1.1328681838789
1386829141,Phung,Choi,M,PHARMD,I,850 Bronx River Rd,,Yonkers,NY,36,10708,1,"Metropolitan area core: primary flow within an urbanized area of 50,000 and greater",US,Pharmacist,NPPES-Taxonomy,282,282,82126.36,282,268,"#",,,,,"#",,,282,82126.36,,0,0,,0,0,,65,18924.92,,217,63201.44,*,,,"#",,,0,0,0,0,0,0,0,0,0,,0,0,0,*,,,*,,75.735074626866,,,,,146,122,234,,,,0,25,,,0.74918345771144
1386917680,Ding,Yongzeng,,M.D,I,13630 Maple Ave Ste 2f,,Flushing,NY,36,11355,1,"Metropolitan area core: primary flow within an urbanized area of 50,000 and greater",US,Internal Medicine,Claim-Specialty,3649,5858.86,647398.48,168003,145,,3514,5605.97,625361.82,160803,,134,,748,546473.1,,2838,99648.29,,63,1277.09,,3471,626989.28,,178,20409.2,,3370,625005.51,,279,22392.97,,,,,,,,,,,127,878.35,64,,0,0,,0,70.786206896552,11,100,,,82,63,,,111,11,0,,115,30,1.0386590202977
1386959716,O'Meara,Shannon,L,FNP,I,2 Palisades Dr,,Albany,NY,36,12205,1,"Metropolitan area core: primary flow within an urbanized area of 50,000 and greater",US,Nurse Practitioner,Claim-Specialty,1828,4194.94,168434.91,120494,363,,1614,3805.77,143294.09,109564,,327,"#",,,,1589,30748.53,*,,,,1237,117160.23,,591,51274.68,,409,49483,,1419,118951.91,,,,,,,,,,,65,764.38,57,*,,,*,,72.179063360882,36,188,92,47,272,91,327,12,,,0,15,60,303,0.98498023040624
1386968006,King,Daniel,B,MD,I,990 South Ave,Suite 207,Rochester,NY,36,14620,1,"Metropolitan area core: primary flow within an urbanized area of 50,000 and greater",US,Geriatric Medicine,Claim-Specialty,4889,9217.62,438909.09,266869,350,,4781,9077.22,434367.75,263046,,327,,635,339545.52,,4203,95427.96,,51,3935.61,,3663,292050,,1226,146859.09,,1212,164288.72,,3677,274620.37,149,10189.42,3766,26,3.0476580077726,36,8542.29,1080,,24.161073825503,67,799.74,42,,99,2752.58,,26,79.502857142857,23,77,135,115,221,129,283,41,,12,,,91,259,1.5121429849022
1386976017,Reyes-Thai,Maria,,,I,1320 Stony Brook Rd,,Stony Brook,NY,36,11790,1,"Metropolitan area core: primary flow within an urbanized area of 50,000 and greater",US,Pharmacist,NPPES-Taxonomy,30,32,6754.21,119,30,"#",,,,,"#",,,29,6734.95,*,,,"#",,,*,,,"#",,,*,,,"#",,,0,0,0,0,0,0,0,0,0,,0,0,0,*,,,*,,74.966666666667,,,,,17,13,25,0,,,0,0,,,0.94823333333333
1396057253,Ma,Yanqing,,,I,13620 Maple Ave Ste 203,,Flushing,NY,36,11355,1,"Metropolitan area core: primary flow within an urbanized area of 50,000 and greater",US,Internal Medicine,Claim-Specialty,16600,21118.92,2108391.08,605722,406,,16431,20927.93,2074914.75,600208,"#",,,2912,1732629.98,,13279,365451.03,,409,10310.07,,16070,1993436.58,,530,114954.5,,15952,2022471.67,,648,85919.41,,,,,,,,,,,467,2384.77,218,*,,,*,,72.29802955665,,,,,228,178,,0,394,,0,,360,46,1.0709244304197
1396057865,Bickley,Katie,L,PHARMD,I,298 1st Ave,,New York,NY,36,10009,1,"Metropolitan area core: primary flow within an urbanized area of 50,000 and greater",US,Pharmacist,NPPES-Taxonomy,26,26,8029.43,26,25,,26,26,8029.43,26,,25,,26,8029.43,,0,0,,0,0,*,,,"#",,,*,,,"#",,,0,0,0,0,0,0,0,0,0,,0,0,0,,0,0,,0,74.8,0,15,,,14,11,19,,,,0,,,,0.75284
1396067674,Wing,Peter,C,PHARM.D.,I,9 E Grand St,,Palatine Bridge,NY,36,13428,7,"Small town core: primary flow within an urban cluster of 2,500 to 9,999",US,Pharmacist,NPPES-Taxonomy,72,72,20410.01,72,72,"#",,,,,"#",,,72,20410.01,,0,0,,0,0,,47,13116.77,,25,7293.24,*,,,"#",,,0,0,0,0,0,0,0,0,0,,0,0,0,*,,,*,,74.222222222222,,,,,40,32,62,0,,,0,,,,1.1035005317858
1396078127,Chen,Helen,H,D.O.,I,13527 38th Ave Fl 2,,Flushing,NY,36,11354,1,"Metropolitan area core: primary flow within an urbanized area of 50,000 and greater",US,Family Practice,Claim-Specialty,4266,8000.98,693056.57,230310,302,,4033,7596.35,625218.74,218526,,288,,743,603260.64,,3349,83660.62,,174,6135.31,,3937,651440.7,,329,41615.87,,3533,627962.29,,733,65094.28,,,,,,,,,,,39,685,35,,17,143.66,*,,73.347682119205,14,184,68,36,164,138,,,261,12,0,14,213,89,1.0669911472282
1396078911,Rubinshteyn,Alina,,PHARM D.,I,3155 Amboy Rd,,Staten Island,NY,36,10306,1,"Metropolitan area core: primary flow within an urbanized area of 50,000 and greater",US,Pharmacist,NPPES-Taxonomy,103,103,26967.04,132,92,"#",,,,,"#",,,103,26967.04,,0,0,,0,0,,42,10960.92,,61,16006.12,*,,,"#",,,0,0,0,0,0,0,0,0,0,,0,0,0,*,,,*,,75.086956521739,,,,,56,36,86,0,0,,0,,,,0.94021376811594
1396262002,Fregoe,Martin,,,I,908 State St,,Ogdensburg,NY,36,13669,4,"Micropolitan area core: primary flow within an urban cluster of 10,000 to 49,999",US,Pharmacist,NPPES-Taxonomy,34,34,5769.45,34,32,,34,34,5769.45,34,,32,,34,5769.45,,0,0,,0,0,,18,3158.19,,16,2611.26,*,,,"#",,,0,0,0,0,0,0,0,0,0,,0,0,0,,0,0,,0,73.25,0,21,,,20,12,29,,0,,0,,,,0.98359375
1396320156,Ahmed,Aktar,,PHARMD.,I,3314 71st St,,Jackson Heights,NY,36,11372,1,"Metropolitan area core: primary flow within an urbanized area of 50,000 and greater",US,Pharmacist,NPPES-Taxonomy,48,56,12191.74,1419,40,,48,56,12191.74,1419,,40,,48,12191.74,,0,0,,0,0,,18,4326.26,,30,7865.48,,17,4268.2,,31,7923.54,0,0,0,0,0,0,0,0,0,,0,0,0,,0,0,,0,74.2,0,24,,,22,18,21,,,0,0,,13,27,1.0685625
1396723136,Kane,Diane,,MD,I,1500 Portland Avenue,St Anns Community,Rochester,NY,36,14621,1,"Metropolitan area core: primary flow within an urbanized area of 50,000 and greater",US,Internal Medicine,Claim-Specialty,8737,8746.39,235041.32,92037,108,,8737,8746.39,235041.32,92037,,108,,692,128249.2,,7990,103859.93,,55,2932.19,,6119,165757.76,,2618,69283.56,,1816,48361.01,,6921,186680.31,11,16.54,18,,0.12590133913243,0,0,0,,0,167,1435.75,37,,182,2188.02,,12,88.87962962963,0,,,83,84,24,106,0,,0,0,,27,81,1.8045479166667
1396727749,Black,Christopher,P,M.D.,I,18983 Us Route 11,,Watertown,NY,36,13601,1,"Metropolitan area core: primary flow within an urbanized area of 50,000 and greater",US,Family Practice,Claim-Specialty,11678,11694.44,1095618.39,256740,809,,10680,10693.74,996782.68,237046,,737,,2689,866451.13,,8908,221800.76,,81,7366.5,,7995,791011.13,,3683,304607.26,,9494,938669.9,,2184,156948.49,140,1307.02,687,102,1.1988354170235,,,,,,510,48928.99,281,,197,56755.48,,53,78.440049443758,72,211,251,275,496,313,723,57,,,0,21,569,240,2.670735369789
1396743266,Santos,Zenaida,E,M.D.,I,7610 34th Ave,Suite 1e,Jackson Heights,NY,36,11372,1,"Metropolitan area core: primary flow within an urbanized area of 50,000 and greater",US,Internal Medicine,Claim-Specialty,8968,23060.18,1167688.22,681211,568,,8748,22531.06,1114601.9,665590,,553,,791,1001928.11,,7993,162191.99,,184,3568.12,,8254,1078579.46,,714,89108.76,,6694,905961.02,,2274,261727.2,20,114.61,547,,0.22301516503122,0,0,0,,0,326,1661.84,216,*,,,*,,72.769366197183,15,355,167,31,419,149,32,,265,166,,96,383,185,0.81775394601855
1396743407,Freeman,Michael,J,DO,I,2 Titus Pl,,Walton,NY,36,13856,7,"Small town core: primary flow within an urban cluster of 2,500 to 9,999",US,Family Practice,Claim-Specialty,11854,24372,1653290.4,704583,857,,9396,20157.89,1448925.91,584923,,708,,1876,1350783.11,,9835,294018.01,,143,8489.28,,7812,1132915.15,,4042,520375.25,,4774,770859.94,,7080,882430.46,615,20940.51,16155,115,5.1881221528598,68,8858.79,2036,11,11.056910569106,353,3559.9,204,,57,39482.77,,13,72.154025670945,149,337,277,94,403,454,800,,,22,,24,266,591,1.1345257668106
1396746087,Asante,Baah,,MD,I,3130 Grand Concourse Ste 1k,,Bronx,NY,36,10458,1,"Metropolitan area core: primary flow within an urbanized area of 50,000 and greater",US,Pediatric Medicine,NPPES-Specialty,628,633.33,172387.02,997,529,,613,618.33,169229.17,895,,518,,621,171999.63,*,,,"#",,,,209,54544.4,,419,117842.62,,98,25817.64,,530,146569.38,0,0,0,0,0,0,0,0,0,,0,0,0,,0,0,,0,77.160680529301,11,196,231,91,316,213,388,41,18,61,0,21,74,455,1.0834246415098
1396761763,Nave,Dennis,J,MD,I,5586 Legionnaire Dr,,Cicero,NY,36,13039,1,"Metropolitan area core: primary flow within an urbanized area of 50,000 and greater",US,Family Practice,Claim-Specialty,13786,31262.69,1958557.08,914426,1343,,12764,29234.24,1768654.77,855923,,1261,,2008,1658729.01,,11641,290574.27,,137,9253.8,,9219,1335828.61,,4567,622728.47,,2190,334171.04,,11596,1624386.04,119,1686.68,2314,42,0.86319454519077,,,,,,346,2866.2,198,,87,2930.49,,16,74.693968726731,82,617,459,185,701,642,1268,18,,11,,36,159,1184,1.0999044550481
1396793113,Vaysman,Alexander,,M.D,I,493 Beach 20 Street,,Far Rockaway,NY,36,11691,1,"Metropolitan area core: primary flow within an urbanized area of 50,000 and greater",US,Internal Medicine,Claim-Specialty,17274,32930.53,1886772.69,957483,792,,13450,26036.1,1380209.45,759440,,613,,2266,1496358.68,,14593,377479.19,,415,12934.82,,12292,1318433.74,,4982,568338.95,,14464,1675748.25,,2810,211024.44,39,481.61,1125,,0.2257728377909,0,0,0,,0,479,3551.6,280,,79,7969.81,,24,70.282828282828,179,333,217,63,453,339,150,305,,269,,44,583,209,1.5547241086273
1396800454,Barber,David,,MD,I,7 Bridge St,,Phoenix,NY,36,13135,1,"Metropolitan area core: primary flow within an urbanized area of 50,000 and greater",US,Internal Medicine,Claim-Specialty,11889,21871.94,1400595.58,627226,611,,9638,18490.19,1187892.23,531836,,533,,1757,1177499.1,,9941,213597.62,,191,9498.86,,8522,993362.9,,3367,407232.68,,4558,513604.27,,7331,886991.31,348,11631.03,8723,59,2.927075447893,32,3266.3,866,,9.1954022988506,259,7741.24,149,,43,560.75,*,,72.577741407529,78,275,207,51,330,281,585,0,,,0,19,139,472,1.1461984441262
1396812566,Li,Hongjuan,,MS,I,700 E Brighton Avenue,,Syracuse,NY,36,13205,1,"Metropolitan area core: primary flow within an urbanized area of 50,000 and greater",US,Nurse Practitioner,Claim-Specialty,1723,1737.33,115898.39,36771,161,,1624,1638.33,105902.02,34882,"#",,,260,70581.27,,1436,44086.55,,27,1230.57,,1668,113404.58,,55,2493.81,"#",,,*,,,253,4819.34,5349,59,14.683691236216,,,,,,159,7315.98,77,,54,11440.4,*,,80.521739130435,,,,,116,45,135,20,0,,,,,,2.2484971874275
1396832325,Stohr,James,F,R.P.A.,I,4418 E. Ridge Road,,Williamson,NY,36,14589,2,"Metropolitan area high commuting: primary flow 30% or more to a urbanized area of 50,000 and greater",US,Physician Assistant,Claim-Specialty,4967,10368.1,693754.74,301692,393,,4183,8968.87,540387.84,261260,,346,,746,571200.37,,4187,120811.66,,34,1742.71,,4143,505770.95,,824,187983.79,,1557,274803.53,,3410,418951.21,275,23712.64,6845,62,5.5365411717334,33,10333.23,975,,12,148,9511.92,82,,44,2728.04,,15,72.875318066158,47,192,109,45,222,171,358,14,,,0,,89,304,1.1865198345526
1396849071,Kurtz,Arthur,S,MD,I,16 Roosevelt Ave,,Port Jefferson Station,NY,36,11776,1,"Metropolitan area core: primary flow within an urbanized area of 50,000 and greater",US,Internal Medicine,NPPES-Specialty,400,400,15594.56,10193,51,,66,66,6225.89,1438,,16,,28,8678.98,,372,6915.58,,0,0,,11,684.33,,389,14910.23,,386,11347.64,,14,4246.92,0,0,0,0,0,0,0,0,0,,,,,,0,0,,0,55.627450980392,35,11,,,20,31,43,,,,0,,,,1.8066470588235
1396917209,Tung,Chungfai,,M.D.,I,120 E Broadway,5th Floor,New York,NY,36,10002,1,"Metropolitan area core: primary flow within an urbanized area of 50,000 and greater",US,Internal Medicine,Claim-Specialty,9067,17234.92,1427692.64,507716,323,,9000,17123.92,1422767.79,504424,"#",,,1291,1177758.76,,7660,247547.63,,116,2386.25,,8804,1378243.33,,263,49449.31,,8681,1387527.75,,386,40164.89,0,0,0,0,0,0,0,0,0,,52,5437.65,44,,29,573.84,*,,73.458204334365,,,,,175,148,,,322,0,0,0,293,30,1.066735244058
1396925954,Schmitt,Robin,L,,I,8648 State Route 22 Ste 2,,Granville,NY,36,12832,7.1,"Secondary flow 30% to <50% to a urbanized area of 50,000 and greater",US,Pharmacist,NPPES-Taxonomy,42,42,11525.17,42,41,,42,42,11525.17,42,,41,,42,11525.17,,0,0,,0,0,,20,5437.8,,22,6087.37,*,,,"#",,,0,0,0,0,0,0,0,0,0,,0,0,0,,0,0,,0,74.365853658537,0,24,,,22,19,37,,0,0,0,,,,1.1303270439509
1396927844,Moir,Paula,A,RPH,I,716 Hoosick Rd,,Troy,NY,36,12180,1,"Metropolitan area core: primary flow within an urbanized area of 50,000 and greater",US,Pharmacist,NPPES-Taxonomy,69,69,19134.03,69,65,"#",,,,,"#",,,69,19134.03,,0,0,,0,0,,44,11952.74,,25,7181.29,,12,3053.96,,57,16080.07,0,0,0,0,0,0,0,0,0,,0,0,0,*,,,*,,74.292307692308,,,,,34,31,65,0,0,0,0,0,,,1.130098483942
1396931085,Shao,Xiyun,,M.D.,I,13633 37th Ave,Suite 6a,Flushing,NY,36,11354,1,"Metropolitan area core: primary flow within an urbanized area of 50,000 and greater",US,Internal Medicine,Claim-Specialty,8196,11901.28,1205252.06,338401,251,,8140,11835.28,1198706.05,336650,"#",,,1700,1018608.01,,6345,180619.18,,151,6024.87,,7748,1152873.08,,448,52378.98,,7801,1157047.25,,395,48204.81,,,,,,,,,,,238,1204.13,119,,17,202.07,*,,75.0796812749,,,,,139,112,,,236,,0,,228,23,1.3080538664642
1396959987,Mcnamara,Kristen,A,MD.,I,4104 Medical Center Dr,Suite 104,Fayetteville,NY,36,13066,1,"Metropolitan area core: primary flow within an urbanized area of 50,000 and greater",US,Family Practice,Claim-Specialty,3318,6798.65,490519.56,196811,354,,2774,6033.7,399725.22,175088,,298,,500,421706.69,,2780,67481,,38,1331.87,,2096,256320.51,,1222,234199.05,,1096,209715.7,,2222,280803.86,41,2111.74,803,20,1.2356841470766,,,,,,78,804.56,57,,22,884.41,*,,71.539548022599,56,173,87,38,240,114,290,40,,,,16,95,259,1.1416941521724
1396989059,Halloran,Mary,K,MD,I,66 Park Street,,Elizabethtown,NY,36,12932,10,"Rural areas: primary flow to a tract outside a urbanized area of 50,000 and greater or UC",US,Family Practice,Claim-Specialty,10143,19287.6,968061.54,556736,745,,8426,16890.97,791364.42,489522,,663,,1255,741655.53,,8763,222216.84,,125,4189.17,,4944,521656.98,,5199,446404.56,,3917,458192.72,,6226,509868.82,408,22626.52,9745,83,4.02247855664,58,12974.77,1688,,14.21568627451,228,3127.58,156,,77,1998.96,,16,73.340939597315,82,322,237,104,438,307,707,,,,0,26,215,530,0.99553971672469
1396994018,Liang,Celia,,DO,I,6238 Dieterle Cres,,Rego Park,NY,36,11374,1,"Metropolitan area core: primary flow within an urbanized area of 50,000 and greater",US,Family Practice,Claim-Specialty,8280,12516.09,1289217.51,360724,407,,7870,12027.89,1201418.25,346742,,393,,1619,1118095.57,,6469,166812.89,,192,4309.05,,7816,1188837.26,,464,100380.25,,7304,1211111.99,,976,78105.52,12,215.65,287,,0.14492753623188,0,0,0,,0,107,958.14,85,*,,,*,,72.678132678133,14,256,103,34,236,171,11,,355,20,,15,334,73,1.2706265011396
1407008618,Muppalaneni,Shalini,,,I,408 Blooming Grove Tpke,,New Windsor,NY,36,12553,1,"Metropolitan area core: primary flow within an urbanized area of 50,000 and greater",US,Pharmacist,NPPES-Taxonomy,68,68,17377.88,192,51,"#",,,,,"#",,,65,17342.46,*,,,*,,,,52,13060.24,,16,4317.64,,39,9055.16,,29,8322.72,0,0,0,0,0,0,0,0,0,,0,0,0,*,,,*,,75.450980392157,,,,,28,23,,,,30,0,,26,25,1.1502680353215
1407091408,Sethi,Amar,N,PHARM. D.,I,236 Main St,,New Paltz,NY,36,12561,1,"Metropolitan area core: primary flow within an urbanized area of 50,000 and greater",US,Pharmacist,NPPES-Taxonomy,32,32,8845.07,32,32,"#",,,,,"#",,,32,8845.07,,0,0,,0,0,*,,,"#",,,*,,,"#",,,0,0,0,0,0,0,0,0,0,,0,0,0,*,,,*,,74.5625,,,,,18,14,28,0,,0,0,,,,1.030046875
1407096498,Yan,Chung,,,I,462 5th Ave,,Brooklyn,NY,36,11215,1,"Metropolitan area core: primary flow within an urbanized area of 50,000 and greater",US,Pharmacist,NPPES-Taxonomy,55,55,7697.85,258,46,,39,39,5898.04,213,,33,,27,5445.2,,28,2252.65,,0,0,,23,2815.93,,32,4881.92,,25,2679.19,,30,5018.66,0,0,0,0,0,0,0,0,0,,0,0,0,,0,0,,0,67.478260869565,13,23,,,27,19,23,,,12,0,,20,26,1.5823152173913
1407142052,Kong,Steven,,,I,210 E 2nd St,,Brooklyn,NY,36,11218,1,"Metropolitan area core: primary flow within an urbanized area of 50,000 and greater",US,Physician Assistant,NPPES-Specialty,34252,39901.72,9855566.37,1166414,480,,33572,39115.36,9698732.0699999,1143923,,465,,9966,6497539.89,,23574,3338551.2,,712,19475.28,,33618,9715731.2799999,,634,139835.09,"#",,,*,,,,,,,,,,,,,476,49852.71,232,,78,2833.57,,11,71.841666666667,15,340,96,29,253,227,,0,479,0,0,,,,0.95444020584322
1407172323,Buslovich,Steven,,M.D.,I,50 Lakefront Blvd,Suite 130,Buffalo,NY,36,14202,1,"Metropolitan area core: primary flow within an urbanized area of 50,000 and greater",US,Internal Medicine,Claim-Specialty,6905,6923.71,333255.54,103883,367,,5898,5916.68,306191.87,91188,,337,,714,250781.08,,6173,81137.22,,18,1337.24,,3873,197974.38,,3032,135281.16,,6385,313387.94,,520,19867.6,,,,,,,,,,,113,1487.12,69,,186,4076.9,,27,80.408719346049,30,79,104,154,192,175,223,124,,,,,310,57,2.3824902956921
1407251283,Zhang,Daniel,,,I,14210b Roosevelt Ave Ste P24,,Flushing,NY,36,11354,1,"Metropolitan area core: primary flow within an urbanized area of 50,000 and greater",US,Family Practice,NPPES-Specialty,3930,4396.51,435225.7,90597,1160,,3870,4336.51,434201.94,89921,,1127,,558,282985.02,,3163,147739.85,,209,4500.83,,3645,431258.42,,285,3967.28,,3482,429541.65,,448,5684.05,,,,,,,,,,,718,6812.48,552,*,,,*,,73.218965517241,33,670,353,104,730,430,98,,933,50,,70,896,264,1.0887476173217
1407302946,Stoinis,Alexander,,PHARMD,I,307 Hurstbourne Rd,,Rochester,NY,36,14609,1,"Metropolitan area core: primary flow within an urbanized area of 50,000 and greater",US,Pharmacist,NPPES-Taxonomy,75,75,21848.41,75,71,"#",,,,,"#",,,75,21848.41,,0,0,,0,0,,27,8119.96,,48,13728.45,*,,,"#",,,0,0,0,0,0,0,0,0,0,,0,0,0,*,,,*,,75.112676056338,,,,,40,31,57,0,,,0,,,,0.83741784037559
1407408826,Tavarez Rodriguez,Sara,A,MD,I,2300 Westchester Ave Ste 302,,Bronx,NY,36,10462,1,"Metropolitan area core: primary flow within an urbanized area of 50,000 and greater",US,Internal Medicine,Claim-Specialty,6520,13814.94,1125220.44,405840,594,,5628,12182.67,901683.72,358332,,513,,1090,955179.72,,5277,165032.39,,153,5008.33,,5333,927980.07,,1187,197240.37,,4354,804047.29,,2166,321173.15,13,92.06,199,,0.19938650306748,0,0,0,,0,81,1032.02,54,,12,338.12,*,,73.094276094276,81,249,188,76,461,133,33,187,,352,,11,331,263,1.4006874121549
1407801798,Clerk,Harnath,B,MD,I,2610 William St,,Newfane,NY,36,14108,2,"Metropolitan area high commuting: primary flow 30% or more to a urbanized area of 50,000 and greater",US,Internal Medicine,Claim-Specialty,57836,77265.37,3637014.58,1593638,1418,,52325,69572.07,3152236.4,1400057,,1286,,6716,2662873.84,,50652,949328.74,,468,24812,,35801,2362949.23,,22035,1274065.35,,36728,1954314.15,,21108,1682700.43,1157,24828.13,25167,277,2.000484127533,105,7880.06,2870,18,9.0751944684529,1279,27533.46,517,,1116,123643.17,,96,76.062059238364,132,522,461,303,807,611,1324,25,18,,,34,490,928,1.8705490354288
1407837396,Portenoy,Russell,K,M.D.,I,Mjhs Hospice And Palliative Care,"39 Broadway #r Fl",New York,NY,36,10006,1,"Metropolitan area core: primary flow within an urbanized area of 50,000 and greater",US,Psychiatry & Neurology,NPPES-Taxonomy,25,25,7842.55,25,25,"#",,,,,"#",,,25,7842.55,,0,0,,0,0,*,,,"#",,,,25,7842.55,,0,0,0,0,0,0,0,0,0,0,0,,0,0,0,*,,,*,,79.96,,,,,,,22,,,,0,0,25,0,2.23717
1407850886,Schiele,Kathleen,E,PHYSICIAN ASSISTANT,I,4855 Camp Rd,Suite 100,Hamburg,NY,36,14075,1,"Metropolitan area core: primary flow within an urbanized area of 50,000 and greater",US,Physician Assistant,Claim-Specialty,4999,11280.3,564480.56,327915,700,,4586,10595.38,488803.49,308484,,640,,674,456651.94,,4295,106763.35,,30,1065.27,,3767,428233.14,,1232,136247.42,,1054,138107.3,,3945,426373.26,44,827.08,1024,21,0.88017603520704,,,,,,145,1451.98,121,,24,4436.77,*,,72.941428571429,60,361,208,71,475,225,665,,,,0,19,113,587,1.1407706363294
1407855679,Handley,Johanna,,M.D.,I,535 Main St,,Olean,NY,36,14760,4,"Micropolitan area core: primary flow within an urban cluster of 10,000 to 49,999",US,Family Practice,Claim-Specialty,7251,17237.63,319233.65,497085,1245,,6795,16229.35,303863.64,468286,,1163,,601,184476.37,,6574,132841.16,,76,1916.12,,7225,317024.86,,26,2208.79,,756,35497.2,,6495,283736.45,304,6069.7,7234,105,4.1925251689422,,,,,,362,5006.83,251,*,,,*,,73.261044176707,82,662,384,117,813,432,784,72,75,284,,,142,1103,1.2828897113276
1407883457,Plansky,Bernard,J,M.D.,I,61f Monroe Ave.,,Pittsford,NY,36,14534,1,"Metropolitan area core: primary flow within an urbanized area of 50,000 and greater",US,Family Practice,Claim-Specialty,3207,7018.85,244388.99,204718,261,,2987,6686.85,238337.1,195428,,247,,273,154058.62,,2899,89428.12,,35,902.25,,2713,173096.88,,494,71292.11,,428,37937.64,,2779,206451.35,146,17571.59,4372,16,4.5525413158715,33,14222.45,969,,22.602739726027,76,5274.62,44,,15,3289.79,*,,73.76245210728,14,124,99,24,140,121,233,,,,0,20,28,233,1.1247615232788
1407896152,Dempsey,George,P,M.D.,I,200 Pantigo Pl,Suite I,East Hampton,NY,36,11937,4.1,"Secondary flow 30% to <50% to a urbanized area of 50,000 and greater",US,Family Practice,Claim-Specialty,3153,6000.87,429067.8,171452,370,,3052,5840.24,419959.01,167024,,355,,488,361766.76,,2647,66119.02,,18,1182.02,,687,79163.59,,2466,349904.21,,904,130581.2,,2249,298486.6,82,1864.31,1589,22,2.6006977481763,25,1229.72,629,,30.487804878049,72,803.12,61,,45,1962.76,*,,75.418918918919,15,148,159,48,188,182,288,,,51,0,16,90,280,1.0660412935715
1407919145,Shen,Kuan,H,M.D.,I,139 Centre St,Suite 709,New York,NY,36,10013,1,"Metropolitan area core: primary flow within an urbanized area of 50,000 and greater",US,Internal Medicine,Claim-Specialty,17396,31603.82,2302665.66,935516,1035,,17157,31130.97,2254810.97,921550,,1017,,2836,1945183.06,,14372,350507.45,,188,6975.15,,15961,2121846.18,,1435,180819.48,,16238,2218126.44,,1158,84539.22,,,,,,,,,,,69,1123.79,56,,27,395,*,,74.361352657005,18,580,320,117,552,483,,,993,,0,25,910,125,1.0656801902971
1407935802,Carpenter,Margaret,D,MD,I,1156 Old Ford Rd,,New Paltz,NY,36,12561,1,"Metropolitan area core: primary flow within an urbanized area of 50,000 and greater",US,Family Practice,Claim-Specialty,519,694.86,113182.88,11667,281,,434,528.2,100212.15,6906,"#",,,324,101432.14,"#",,,*,,,,150,30842.28,,369,82340.6,,127,23723.28,,392,89459.6,39,1270.45,1007,,7.514450867052,23,976.88,675,,58.974358974359,,,,,0,0,*,,79.032028469751,,,,,184,97,255,,,,0,15,13,268,0.97489086595492
1407949621,Mallouk,Abdelkader,,"MD, OD",I,100 John Roemmelt Dr Ste 302,,Horseheads,NY,36,14845,1,"Metropolitan area core: primary flow within an urbanized area of 50,000 and greater",US,Family Practice,Claim-Specialty,6231,13612.14,618395.81,399441,444,,5184,11847.07,496145.49,348352,,367,,564,449550.27,,5642,167230.09,,25,1615.45,,4423,401326.16,,1808,217069.65,,1772,189995.83,,4459,428399.98,209,4634.85,4993,53,3.3541967581448,,,,,,105,784.83,85,,60,3368.2,,11,70.646396396396,77,221,112,34,234,210,413,13,,,0,12,113,331,1.0369764223703
1407962509,Charap,Peter,J,MD,I,234 Central Park West,Suite One,New York,NY,36,10024,1,"Metropolitan area core: primary flow within an urbanized area of 50,000 and greater",US,Internal Medicine,Claim-Specialty,5593,12842.32,508180.34,375626,510,,5547,12764.32,507497.97,373339,"#",,,648,408892.45,,4900,98594.88,,45,693.01,,1072,92107.83,,4521,416072.51,,366,46841.26,,5227,461339.08,33,400.84,750,,0.59002324333989,0,0,0,,0,159,3538.38,95,*,,,*,,76.554901960784,,,,,264,246,413,13,,13,,63,17,493,0.83455164064152
1407965346,Heppard,Brian,,M.D.,I,2021 Winton Rd S,,Rochester,NY,36,14618,1,"Metropolitan area core: primary flow within an urbanized area of 50,000 and greater",US,Family Practice,Claim-Specialty,4460,6799.03,349951.86,186873,375,"#",,,,,"#",,,627,256323.95,,3773,90484.47,,60,3143.44,,3678,268746.42,,782,81205.44,,1376,73172.58,,3084,276779.28,287,7310.9,5366,89,6.4349775784753,33,5360.66,936,,11.498257839721,86,14692.82,38,*,,,*,,87.069333333333,,,,,276,99,352,11,,,0,,130,245,1.8423492420098
1407965510,Mcguire,John,F,MD,I,53 W Main St,,Victor,NY,36,14564,1,"Metropolitan area core: primary flow within an urbanized area of 50,000 and greater",US,Family Practice,Claim-Specialty,3424,7395.64,170668.83,216181,355,,3215,7020.98,160200.16,205138,,337,,271,113256.64,,3130,56952.46,,23,459.73,,2758,122330.48,,666,48338.35,,697,32362.07,,2727,138306.76,,,,,,,,,,,71,551.6,56,*,,,*,,74.194366197183,18,165,132,40,175,180,322,,,,0,22,50,305,0.95167654992865
1407974199,Tolia,Jitendra,N,M.D.,I,3147 77th St,,East Elmhurst,NY,36,11370,1,"Metropolitan area core: primary flow within an urbanized area of 50,000 and greater",US,Pulmonary Disease,Claim-Specialty,6413,10380.98,529376.76,282975,264,,6366,10252.38,527023.72,279188,"#",,,1016,383780.42,,5329,140275.58,,68,5320.76,,2735,256455.01,,3678,272921.75,,4577,342982.03,,1836,186394.73,13,435.59,236,,0.20271323873382,0,0,0,,0,216,10738.35,93,,42,1171.91,*,,82.140151515152,,,,,155,109,60,,144,26,,17,160,104,1.8404095304339
1407999378,Fagelman,Andrew,,M.D.,I,155 Spring St,4th Floor,New York,NY,36,10012,1,"Metropolitan area core: primary flow within an urbanized area of 50,000 and greater",US,Internal Medicine,Claim-Specialty,1296,2791.68,141709.54,79439,168,,1264,2702.48,141328.62,76803,"#",,,206,119520.18,,1060,21708.62,,30,480.74,,419,28502.86,,877,113206.68,,262,37742.58,,1034,103966.96,,,,,,,,,,,35,807.12,25,*,,,*,,73.154761904762,,,,,75,93,135,,,15,0,12,18,150,0.78507936507937
1417016221,Chen,Yuchun,,MD,I,13633 37th Ave,Suite 6a,Flushing,NY,36,11354,1,"Metropolitan area core: primary flow within an urbanized area of 50,000 and greater",US,Internal Medicine,Claim-Specialty,6844,8344.15,834387.48,237062,234,,6734,8226.15,817901.3,233669,"#",,,1373,709221.01,,5354,121650.4,,117,3516.07,,6641,814067.4,,203,20320.08,,6512,805889.7,,332,28497.78,0,0,0,0,0,0,0,0,0,,156,716.5,86,*,,,*,,73.371794871795,,,,,117,117,,,218,,0,,206,28,1.1983438179977
1760461735,Jobes,Gregory,A,M.D.,I,3900 N. Buffalo Road,,Orchard Park,NY,36,14127,1,"Metropolitan area core: primary flow within an urbanized area of 50,000 and greater",US,Internal Medicine,Claim-Specialty,5587,13149,572548.49,385095,867,,5316,12646.38,529122.92,370882,,834,,746,452757.37,,4755,114872.08,,86,4919.04,,4118,377024.99,,1469,195523.5,,523,87312.95,,5064,485235.54,58,848.12,931,31,1.0381242169322,0,0,0,0,0,81,595.33,70,,28,250.38,*,,75.62860438293,33,370,339,125,440,427,831,,,,,26,63,804,1.2920080417371
1760484687,Kang,Byung,C,D.O.,I,19214 Northern Blvd Ste 2d,,Flushing,NY,36,11358,1,"Metropolitan area core: primary flow within an urbanized area of 50,000 and greater",US,Family Practice,Claim-Specialty,27950,49301.04,5135079.58,1461158,1427,,27461,48551.44,5067944.91,1439104,,1399,,4894,4522929.56,,22341,593583.08,,715,18566.94,,26228,4807113.58,,1722,327966,,26193,5036581.59,,1757,98497.99,108,2563.5,2414,37,0.38640429338104,,,,,,164,1504.09,120,,197,3757.85,,56,74.387526278907,28,755,469,175,841,586,13,,1303,17,,90,1235,192,1.1208548368151
1760496921,Patel,Hemant,,MD,I,"2255 Adam Clayton Powell Jr Blvd # 2257",,New York,NY,36,10027,1,"Metropolitan area core: primary flow within an urbanized area of 50,000 and greater",US,Internal Medicine,Claim-Specialty,8006,15224.72,1237438.03,442700,1054,,7505,14238.19,1106350.11,414258,,948,,1093,1040537.76,,6661,180465.79,,252,16434.48,,6662,1053049.36,,1344,184388.67,,5316,877915.77,,2690,359522.26,52,1049.66,1232,27,0.64951286535099,,,,,,103,2499.38,77,,40,1032.75,,15,74.120493358634,106,431,385,132,610,444,,724,50,201,,51,630,424,1.6995981759716
1760499230,Degtyareva,Ella,,M.D.,I,8700 25th Ave,Suite 1-B,Brooklyn,NY,36,11214,1,"Metropolitan area core: primary flow within an urbanized area of 50,000 and greater",US,Pediatric Medicine,NPPES-Specialty,89,89.67,21082.23,274,63,,75,75,19906.4,81,"#",,,78,20906.09,,11,176.14,,0,0,,24,5782.48,,65,15299.75,,32,5920.91,,57,15161.32,0,0,0,0,0,0,0,0,0,,,,,,0,0,*,,73.222222222222,,,,,38,25,31,14,,,0,,20,43,1.0448015873016
1760650949,Pytko,Michael,F,PHARMACIST,I,208 Herkimer Road,,Utica,NY,36,13502,1,"Metropolitan area core: primary flow within an urbanized area of 50,000 and greater",US,Pharmacist,NPPES-Taxonomy,75,75,19686.69,75,71,"#",,,,,"#",,,75,19686.69,,0,0,,0,0,,48,12253.8,,27,7432.89,*,,,"#",,,0,0,0,0,0,0,0,0,0,,0,0,0,*,,,*,,74.845070422535,,,,,36,35,64,,0,,0,,,,0.85340727699531
1760663363,Reddy,Arthi,C,MD,I,601 W 113th St,,New York,NY,36,10025,1,"Metropolitan area core: primary flow within an urbanized area of 50,000 and greater",US,Internal Medicine,Claim-Specialty,4408,10125,433926.47,298501,553,,4254,9840.46,409436.91,290236,,534,,559,350743.27,,3765,81403.45,,84,1779.75,,1990,197717.75,,2418,236208.72,,1148,181383.51,,3260,252542.96,22,192.77,446,,0.49909255898367,,,,,,37,240.62,32,,28,301.27,*,,74.913200723327,19,262,212,60,351,202,323,97,18,78,0,37,101,452,0.97661588002168
1760671317,Ng,Stanley,,M.D.,I,191 Canal St,Suite 601,New York,NY,36,10013,1,"Metropolitan area core: primary flow within an urbanized area of 50,000 and greater",US,Internal Medicine,Claim-Specialty,7870,18821.36,2132501.1,560792,384,,7829,18718.36,2117526.1,557756,"#",,,1761,1892085.78,,6022,236799.2,,87,3616.12,,6297,1725870.64,,1573,406630.46,,6686,1901400.14,,1184,231100.96,0,0,0,0,0,0,0,0,0,,51,762.37,35,,12,54.76,*,,79.565104166667,,,,,221,163,,0,361,,0,18,288,96,1.115704882159
1760757538,Lin,Lili,,,I,18005 Hillside Ave,,Jamaica,NY,36,11432,1,"Metropolitan area core: primary flow within an urbanized area of 50,000 and greater",US,Nurse Practitioner,NPPES-Specialty,1367,2322.94,244885.07,65981,139,"#",,,,,"#",,,266,211468.87,,1048,32289.38,,53,1126.82,,1347,242823.85,,20,2061.22,,1313,236463.2,,54,8421.87,0,0,0,0,0,0,0,0,0,,36,235.15,25,*,,,*,,73.381294964029,,,,,67,72,,,133,,0,,,,1.2306545710371
1760859060,Park,Min Joo,,,I,3920 Bell Blvd,,Bayside,NY,36,11361,1,"Metropolitan area core: primary flow within an urbanized area of 50,000 and greater",US,Pharmacist,NPPES-Taxonomy,30,30,6921.2,59,27,"#",,,,,"#",,,30,6921.2,,0,0,,0,0,,12,2785.55,,18,4135.65,*,,,"#",,,0,0,0,0,0,0,0,0,0,,0,0,0,*,,,*,,74.481481481481,,,,,15,12,16,,0,,0,0,,,0.92211111111111
1770152969,Chen,Meizhu,,,I,745 61st St Fl 1,,Brooklyn,NY,36,11220,1,"Metropolitan area core: primary flow within an urbanized area of 50,000 and greater",US,Nurse Practitioner,Claim-Specialty,4328,4520.01,508881.59,118380,276,,4217,4409.01,503397.85,115440,"#",,,978,412574.48,,3306,95551.54,,44,755.57,,3019,355290.52,,1309,153591.07,,4313,507060.42,,15,1821.17,29,1221.42,500,14,0.67005545286506,,,,,,94,3415.26,44,,22,349.88,*,,76.228260869565,,,,,146,130,25,13,202,33,,,,,1.7385725839256
1770173957,Kalamaras,Ariana,S,,I,460 Fairview Ave,,Hudson,NY,36,12534,4,"Micropolitan area core: primary flow within an urban cluster of 10,000 to 49,999",US,Pharmacist,NPPES-Taxonomy,166,166,45497.96,282,154,"#",,,,,"#",,,162,45420.72,*,,,"#",,,,61,15636.43,,105,29861.53,,11,1874.52,,155,43623.44,0,0,0,0,0,0,0,0,0,,0,0,0,*,,,*,,74.863636363636,,,,,73,81,143,,,,0,,,,0.92261437908497
1770175705,Lui,Jasmine,,PA-C,I,4142 College Point Blvd,,Flushing,NY,36,11355,1,"Metropolitan area core: primary flow within an urbanized area of 50,000 and greater",US,Physician Assistant,NPPES-Specialty,4626,6968.23,673121.51,205346,243,,4475,6799.23,641880.07,200396,"#",,,891,574378.41,,3682,97141.16,,53,1601.94,,4256,624654.55,,370,48466.96,,4125,626390.6,,501,46730.91,0,0,0,0,0,0,0,0,0,,92,612.21,64,,0,0,*,,73.267489711934,,,,,130,113,,,202,15,,11,189,54,1.076002325944
1770210437,Graesser,Hannah,,,I,1066 Payne Ave,,North Tonawanda,NY,36,14120,1,"Metropolitan area core: primary flow within an urbanized area of 50,000 and greater",US,Pharmacist,NPPES-Taxonomy,27,27,4832.86,27,26,"#",,,,,"#",,,27,4832.86,,0,0,,0,0,"#",,,*,,,*,,,"#",,,0,0,0,0,0,0,0,0,0,,0,0,0,*,,,*,,70.615384615385,,,,,15,11,22,,0,,0,,,,1.0209679487179
1770503393,Sosa,Alain,A,M.D.,I,4008 Forley Street,,Elmhurst,NY,36,11373,1,"Metropolitan area core: primary flow within an urbanized area of 50,000 and greater",US,Internal Medicine,Claim-Specialty,5571,12470.5,1162198.8,366820,507,,5024,11382.08,1025933.58,335136,,458,,978,987866.41,,4407,167206.13,,186,7126.26,,4746,1020005.63,,825,142193.17,,4270,1008801.52,,1301,153397.28,15,162.89,172,,0.26925148088314,0,0,0,,0,87,1329.75,65,,52,677.56,*,,73.38067061144,49,254,136,68,299,208,27,,,468,0,,369,138,1.1807664694915
1770510778,Martine,Tracy,L,CRNP,I,1138 Broadway St,,Elmira,NY,36,14904,1,"Metropolitan area core: primary flow within an urbanized area of 50,000 and greater",US,Nurse Practitioner,Claim-Specialty,3198,5477.26,284053.21,156130,483,,2530,4585.48,239522.36,130857,,402,,396,223966.01,,2774,59329.43,,28,757.77,,2048,190285.98,,1150,93767.23,,1451,140097.99,,1747,143955.22,181,13854.49,4668,63,5.6597873671044,15,8199.08,450,,8.2872928176796,153,1489.27,108,*,,,*,,70.975155279503,81,216,150,36,302,181,455,,0,,,21,182,301,1.1279783599625
1770521973,Aponte,Maya,,M.D,I,905 Hanshaw Rd Ste C,,Ithaca,NY,36,14850,1,"Metropolitan area core: primary flow within an urbanized area of 50,000 and greater",US,Family Practice,Claim-Specialty,4851,8684.48,733348.3,245747,485,,3572,6579.61,502677.64,185654,,402,,753,603896.88,,4066,126252.71,,32,3198.71,,2668,422040.62,,2183,311307.68,,2899,412717.43,,1952,320630.87,203,13056.05,4540,76,4.1847041847042,33,5600.22,922,13,16.256157635468,73,2493.22,44,,32,3553.78,*,,72.253608247423,83,201,143,58,289,196,422,24,,11,,22,255,230,1.6494837852717
1770533572,Samson,Israel,M,MD,I,545 Central Ave,,Cedarhurst,NY,36,11516,1,"Metropolitan area core: primary flow within an urbanized area of 50,000 and greater",US,Internal Medicine,Claim-Specialty,13217,27882.85,1611163.19,819775,994,,12231,26377.76,1446764.66,776117,,942,,2063,1353778.11,,11065,247333.42,,89,10051.66,,3663,385506.58,,9554,1225656.61,,3756,622073.32,,9461,989089.87,,,,,,,,,,,231,4429.27,175,,26,3986.66,*,,75.202213279678,52,430,348,164,571,423,798,94,,34,,50,194,800,1.1788490770796
1770555088,Mandell,William,F,MD,I,31 Washington Sq West,,New York,NY,36,10011,1,"Metropolitan area core: primary flow within an urbanized area of 50,000 and greater",US,Infectious Disease,Claim-Specialty,3478,6071.42,1788555.45,177030,291,,3039,5578.76,1257879.53,162826,,270,"#",,,,2717,113941.41,*,,,,1352,903316.87,,2126,885238.58,,563,671334.76,,2915,1117220.69,12,83.75,125,,0.34502587694077,0,0,0,,0,46,2390.73,24,*,,,*,,74.353951890034,21,136,100,34,110,181,213,21,12,19,0,26,35,256,1.0344654518029
1770573081,Namassivaya,Devayani,,MD,I,1656 Champlin Ave,,Utica,NY,36,13502,1,"Metropolitan area core: primary flow within an urbanized area of 50,000 and greater",US,Infectious Disease,Claim-Specialty,721,729.12,1412494.61,17716,149,,363,363.12,545117.45,7191,,111,,505,1326059.39,"#",,,*,,,,501,1001326.76,,220,411167.85,,521,1172268.61,,200,240226,0,0,0,0,0,0,0,0,0,,82,48570.6,30,,0,0,,0,72.302013422819,38,46,38,27,86,63,115,16,,,0,,96,53,1.7287940591405
1770578940,Kwiatkowski,David,E,MD,I,42 W Main St,,Owego,NY,36,13827,7.1,"Secondary flow 30% to <50% to a urbanized area of 50,000 and greater",US,Family Practice,Claim-Specialty,5123,12064.15,649959.17,354391,440,,4354,10860.68,563900.85,319627,,392,,652,533057.74,,4408,114047.15,,63,2854.28,,3268,447963.54,,1855,201995.63,,1822,208383.44,,3301,441575.73,70,775.82,1634,16,1.3663868826859,0,0,0,0,0,89,627.99,56,,22,454.3,*,,73.784090909091,48,175,156,61,247,193,420,,0,,0,14,104,336,1.0747201645118
1770579062,Fuks,Mikhail,A,M.D.,I,150 Broadway,Suite 714,New York,NY,36,10038,1,"Metropolitan area core: primary flow within an urbanized area of 50,000 and greater",US,Family Practice,Claim-Specialty,738,1469.82,58808.3,42356,115,,719,1428.82,58153.29,41151,"#",,"#",,,,618,9873.75,*,,,,253,24505.95,,485,34302.35,,276,31909.55,,462,26898.75,,,,,,,,,,,13,75.67,12,,0,0,*,,73.573913043478,,,,,75,40,59,29,,12,0,,24,91,0.85599518923524
1770580235,Bruinings,Yeahseon,C,MD,I,3438 Bell Blvd,Ph Floor 5,Bayside,NY,36,11361,1,"Metropolitan area core: primary flow within an urbanized area of 50,000 and greater",US,Family Practice,Claim-Specialty,8438,20163.15,1502963.64,598003,654,,8216,19647.03,1475291.02,582608,,638,,1225,1323368.72,,7128,175945.56,,85,3649.36,,7186,1240436.94,,1252,262526.7,,5560,1201187.79,,2878,301775.85,0,0,0,0,0,0,0,0,0,,80,1820.35,71,*,,,*,,72.443425076453,16,404,198,36,362,292,15,,570,11,,50,351,303,0.80520539435789
1770616864,Li,Xian Min,,D.O.,I,1508 Avenue U,,Brooklyn,NY,36,11229,1,"Metropolitan area core: primary flow within an urbanized area of 50,000 and greater",US,Internal Medicine,Claim-Specialty,34227,57951.81,8234127.1199999,1635279,745,,33827,57140.4,8102574.31,1611806,,734,,7230,7318879.01,,26522,906155.44999999,,475,9092.66,,31908,7659106.29,,2319,575020.83,,33617,8146598.8399999,,610,87528.28,121,989.38,1233,47,0.35352207321705,0,0,0,0,0,865,57590.72,442,,530,14240.65,,233,73.426845637584,11,458,220,56,400,345,,,732,,0,,706,39,1.2289277984249
1770696551,Anjum,Naheed,,MD,I,795 Coney Island Avenue,,Brooklyn,NY,36,11218,1,"Metropolitan area core: primary flow within an urbanized area of 50,000 and greater",US,Internal Medicine,Claim-Specialty,4298,6504.2,574038.58,189090,236,,3818,5943.9,519414.44,173034,,215,,713,468615.95,,3320,97419.08,,265,8003.55,,3696,435381.39,,602,138657.19,,4080,550035.14,,218,24003.44,20,166.2,445,,0.46533271288972,0,0,0,,0,71,489.47,48,*,,,*,,70.983050847458,21,150,54,11,123,113,13,,181,,,26,214,22,1.449374435799
1770743320,Kushnir,Bella,,M.D.,I,339 Hicks St Fl 6,Department Of Internal Medicine,Brooklyn,NY,36,11201,1,"Metropolitan area core: primary flow within an urbanized area of 50,000 and greater",US,Internal Medicine,Claim-Specialty,11495,17771.59,2603914.51,522737,402,,10553,16555.98,2323674.28,487376,,364,,2636,2239790.03,,8461,358574.13,,398,5550.35,,3818,678540.31,,7677,1925374.2,,10309,2471921.32,,1186,131993.19,25,204.55,498,12,0.21748586341888,0,0,0,0,0,120,19347.25,82,*,,,*,,73.191542288557,38,197,111,56,267,135,268,42,15,12,0,65,294,108,1.5163076052724
1770804288,Marshall,Keith,,MD,I,5547 W Main St,,Verona,NY,36,13478,5,"Micropolitan high commuting: primary flow 30% or more to a urban cluster of 10,000 to 49,999",US,Family Practice,Claim-Specialty,6971,16120.24,972247.37,469707,547,,6204,14938.72,900428.6,436426,,490,,947,771726.53,,5920,195324.38,,104,5196.46,,4030,474047.59,,2941,498199.78,,1650,284896.56,,5321,687350.81,179,5011.57,4165,38,2.5677808061971,19,974.4,564,,10.614525139665,150,1653.36,107,,18,4582.15,*,,73.170018281536,57,251,183,56,303,244,524,,0,,,20,117,430,1.1419673363305
1770807992,Familia,Carmen,Y,MD,I,1276 Fulton Ave Fl 3,,Bronx,NY,36,10456,1,"Metropolitan area core: primary flow within an urbanized area of 50,000 and greater",US,Family Practice,Claim-Specialty,10850,18547.28,1554490.74,551750,606,,9975,17134.49,1402045.94,509708,,557,,2011,1435313.59,,8400,114274.42,,439,4902.73,,10650,1506627.8,,200,47862.94,,10541,1540433.38,,309,14057.36,0,0,0,0,0,0,0,0,0,,46,2493.31,39,,0,0,,0,72.584158415842,49,329,174,54,370,236,,,,597,0,,567,39,1.1927664577024
1770871196,Crane,Lauren,E,FNP,I,5 College Ave,,Windsor,NY,36,13865,2,"Metropolitan area high commuting: primary flow 30% or more to a urbanized area of 50,000 and greater",US,Nurse Practitioner,Claim-Specialty,5482,10629.64,628495.36,306409,606,,3962,8177.09,443043.31,236979,,446,,784,518967.2,,4665,107860.77,,33,1667.39,,3647,485967.38,,1835,142527.98,,2918,374190.16,,2564,254305.2,212,3770.99,4245,65,3.8672017511857,,,,,,89,1102.89,66,,34,745.24,*,,67.711221122112,160,273,132,41,366,240,523,41,,13,,20,281,325,1.1835883869939
1770883787,Lu,Li,,M.D.,I,745 61st St Fl 1,,Brooklyn,NY,36,11220,1,"Metropolitan area core: primary flow within an urbanized area of 50,000 and greater",US,Internal Medicine,Claim-Specialty,10308,16209.79,1590240.61,461881,1048,,10155,15989.12,1569903.5,455619,,1028,,1975,1322764.49,,8225,263580.38,,108,3895.74,,9888,1509022.36,,420,81218.25,,10102,1576205.46,,206,14035.15,,,,,,,,,,,160,6377.45,133,,12,312.74,*,,72.483778625954,20,715,243,70,591,457,,,1020,,0,11,1003,45,1.247201570968
1770897605,Palmer,William,J,"PHARMD, RPH",I,284 Main St,,North Creek,NY,36,12853,10,"Rural areas: primary flow to a tract outside a urbanized area of 50,000 and greater or UC",US,Pharmacist,NPPES-Taxonomy,152,152,37079.59,181,125,"#",,,,,"#",,,152,37079.59,,0,0,,0,0,,78,18683.93,,74,18395.66,*,,,"#",,,0,0,0,0,0,0,0,0,0,,0,0,0,*,,,*,,71.512,,,,,56,69,111,,,,0,,,,0.86821211687861
1780047241,Fyock,Brandon,M,DO,I,3040 Amsdell Rd,,Hamburg,NY,36,14075,1,"Metropolitan area core: primary flow within an urbanized area of 50,000 and greater",US,Family Practice,Claim-Specialty,6911,16390.31,1000552.31,475844,654,,6254,15026.9,837831.72,436595,,614,,840,844110.06,,6014,154017.1,,57,2425.15,,5689,767637.06,,1222,232915.25,,1699,344107.76,,5212,656444.55,149,3851.65,3527,37,2.1559832151642,,,,,,284,1970.43,168,,15,12135.71,*,,74.386850152905,40,307,217,90,351,303,621,,,,0,17,104,550,1.3096173513586
1780047258,Segerson,Benjamin,,DO,I,9097 Main St,,Clarence,NY,36,14031,1,"Metropolitan area core: primary flow within an urbanized area of 50,000 and greater",US,Osteopathic Manipulative Medicine,Claim-Specialty,8619,18942.04,919353.53,544255,683,,7860,17401.36,821221.67,500902,,620,,1045,735678.32,,7468,179344.29,,106,4330.92,,6901,657363.34,,1718,261990.19,,1417,206416.2,,7202,712937.33,211,4122.03,4890,46,2.4480798236454,11,1837.73,330,,5.2132701421801,328,2355.3,194,*,,,*,,72.948755490483,63,349,194,77,374,309,638,,,,0,23,102,581,1.0226110491656
1780169862,Chi,Yuree,,,I,730 Franklin Ave,,Franklin Square,NY,36,11010,1,"Metropolitan area core: primary flow within an urbanized area of 50,000 and greater",US,Pharmacist,NPPES-Taxonomy,58,58,15464.23,58,55,"#",,,,,"#",,,58,15464.23,,0,0,,0,0,,17,4335.18,,41,11129.05,*,,,"#",,,0,0,0,0,0,0,0,0,0,,0,0,0,*,,,*,,74.327272727273,,,,,29,26,34,,,,,,,,0.99996475246836
1780181909,German,Derrick,A,MD,I,1835 Fairport Nine Mile Point Rd Ste 100,,Penfield,NY,36,14526,1,"Metropolitan area core: primary flow within an urbanized area of 50,000 and greater",US,Family Practice,Claim-Specialty,5981,12186.85,486860.1,356212,486,,5152,10982.24,357670.11,322113,,440,,695,378716.97,,5252,106457.52,,34,1685.61,,4704,383324.9,,1277,103535.2,,1932,239209.33,,4049,247650.77,206,5057.32,5712,29,3.4442400936298,18,1316.33,526,,8.7378640776699,103,1358.09,69,,20,259.98,*,,72.471193415638,46,243,155,42,238,248,400,19,15,26,0,26,93,393,0.94591099875382
1780243808,Mahendran,Pradeesh,,MD,I,1290 Upper Front St,,Binghamton,NY,36,13901,1,"Metropolitan area core: primary flow within an urbanized area of 50,000 and greater",US,Family Practice,Claim-Specialty,7548,17231.97,1188082.98,505343,1418,,5919,14101.35,896606.05,414957,,1170,,1166,1020877.12,,6320,163475.14,,62,3730.72,,4898,800623.04,,2650,387459.94,,2727,487459.38,,4821,700623.6,176,9488.22,4117,84,2.3317435082141,14,5675.12,390,,7.9545454545455,105,3484.43,74,,28,27995.63,,13,71.384344146685,248,622,407,141,772,646,1319,23,,16,,50,414,1004,1.1681694006668
1780613562,Gustin,Gabriel,,M.D,I,3769 80th St Fl 2,,Jackson Heights,NY,36,11372,1,"Metropolitan area core: primary flow within an urbanized area of 50,000 and greater",US,Internal Medicine,Claim-Specialty,16551,29682.63,2973402.15,851936,529,,14290,26361.21,2402179.49,758668,,482,,2520,2400824.09,,13624,564365.1,,407,8212.96,,15283,2668951.58,,1268,304450.57,,15428,2816813.21,,1123,156588.94,389,9273.53,9474,62,2.3503111594466,18,887.02,381,,4.6272493573265,514,25963.55,232,,113,31154.4,,24,72.576559546314,47,278,158,46,330,199,21,,13,478,0,,447,82,1.1785627435232
1780623868,Zhao,Faith,,MD,I,15 Elizabeth St,Suite 310,New York,NY,36,10013,1,"Metropolitan area core: primary flow within an urbanized area of 50,000 and greater",US,Internal Medicine,Claim-Specialty,26467,45863.92,3877579.35,1346007,917,,26201,45350.24,3813059.48,1330978,,900,,4830,3186187.33,,21262,682534.14,,375,8857.88,,23119,3392739.25,,3348,484840.1,,25327,3805977.57,,1140,71601.78,,,,,,,,,,,232,2280.15,176,,73,2994.41,,23,75.616139585605,17,478,253,169,570,347,,,874,,0,31,828,89,1.1564485552498
1780649517,Guo,Michael,W,M.D.,I,2 Allen St,Unit 3c,New York,NY,36,10002,1,"Metropolitan area core: primary flow within an urbanized area of 50,000 and greater",US,Family Practice,Claim-Specialty,6983,12989.38,891948.71000001,373845,530,,6902,12840.38,880678.97000001,369562,"#",,,1003,698004.45,,5818,188265.58,,162,5678.68,,6675,850137.00000001,,308,41811.71,,6886,887846.62000001,,97,4102.09,0,0,0,0,0,0,0,0,0,,248,1025.52,165,,12,119.38,*,,74.815094339623,,,,,274,256,,,515,,0,,503,27,1.1675924556439
1780654558,Huang,Yanhan,D,MD,I,757 60th St,First Floor,Brooklyn,NY,36,11220,1,"Metropolitan area core: primary flow within an urbanized area of 50,000 and greater",US,Internal Medicine,Claim-Specialty,44347,76748.76,7497284.3099999,2251919,2051,,43344,75249.45,7358154.5699999,2208562,,2006,,7735,5716815.54,,35617,1754667.68,,995,25801.09,,40189,6758181.6799999,,4158,739102.63,,42950,7303964.8699999,,1397,193319.44,222,3911.75,3389,91,0.50059756015063,14,616.84,420,,6.3063063063063,546,3623.18,429,,156,4654.79,,33,75.623598244759,45,1033,581,392,1151,900,16,,1987,14,,28,1907,144,1.3264349823583
1780768598,Tolentino,Rommel,,,I,35 Empire State Blvd,,Castleton,NY,36,12033,1,"Metropolitan area core: primary flow within an urbanized area of 50,000 and greater",US,Internal Medicine,Claim-Specialty,5122,12589.35,571901.65,368193,618,,4653,11654.48,510523.23,341287,,568,,615,454919.48,,4449,114499.88,,58,2482.29,,3315,381409.8,,1807,190491.85,,1055,152818.1,,4067,419083.55,183,4701.57,4686,51,3.5728231159703,27,1293.41,781,,14.754098360656,155,11522.17,109,*,,,*,,73.490291262136,50,283,221,64,316,302,571,,,,,30,98,520,1.1773370114687
1780770131,Abselet,Denise,A,DO,I,5225-15 Route 347,,Port Jefferson Station,NY,36,11776,1,"Metropolitan area core: primary flow within an urbanized area of 50,000 and greater",US,Internal Medicine,Claim-Specialty,11989,26343.25,1341009.19,763887,746,,11648,25629.3,1268978.43,742970,,717,,1656,1093658.32,,10280,244968.9,,53,2381.97,,1392,154846.65,,10597,1186162.54,,1691,190226.95,,10298,1150782.24,91,2853.5,2249,26,0.75902911001752,,,,,,327,5428.05,184,,18,525.9,*,,78.630026809651,29,223,287,207,548,198,686,,,25,0,24,85,661,1.3366193574312
1780771592,Zuo,Hailiu,,M.D.,I,83 18 Cornish Ave,,Elmhurst,NY,36,11373,1,"Metropolitan area core: primary flow within an urbanized area of 50,000 and greater",US,Internal Medicine,Claim-Specialty,20334,33394.57,2639754.99,957227,759,,19880,32769.64,2585043.77,939448,,737,,3149,2075963.93,,16923,557501.84,,262,6289.22,,19193,2545784.78,,1141,93970.21,,19242,2580039.21,,1092,59715.78,11,56.54,73,,0.054096586997148,0,0,0,,0,654,3644.55,321,,12,604.91,*,,74.164690382082,22,425,221,91,386,373,,,728,,0,13,655,104,0.92566549230208
1780772947,Lin,Yong,S,M.D.,I,217 Grand St,3rd Floor Room 301,New York,NY,36,10013,1,"Metropolitan area core: primary flow within an urbanized area of 50,000 and greater",US,Internal Medicine,Claim-Specialty,31751,43514.99,5009245.49,1284654,891,,31406,43036.32,4949644.15,1270541,,878,,7086,4343895.64,,24253,656868.33,,412,8481.52,,30540,4827984.02,,1211,181261.47,,31320,4999796.18,,431,9449.31,0,0,0,0,0,0,0,0,0,,205,1083.61,169,,32,965.06,*,,74.483726150393,13,506,261,111,467,424,,0,884,,0,,859,32,1.0456617357023
1780801605,Folan,John,F,MD,I,3001 Express Dr N,Suite 200c,Islandia,NY,36,11749,1,"Metropolitan area core: primary flow within an urbanized area of 50,000 and greater",US,Internal Medicine,Claim-Specialty,14626,18330.38,1234750.02,488025,688,,14196,17690.55,1172524.76,470838,,663,,2132,900103.84,,12409,331252.28,,85,3393.9,,1931,149456.18,,12695,1085293.84,,8166,667342.21,,6460,567407.81,134,7143.53,2472,54,0.91617667168057,17,5540.96,468,,12.686567164179,423,48572.95,150,,173,14347.01,,40,81.68023255814,25,130,234,299,440,248,601,30,,37,0,,243,445,1.992586855739
1780845834,St Louis,Childebert,,MD,I,873 Route 45 Ste 102,,New City,NY,36,10956,1,"Metropolitan area core: primary flow within an urbanized area of 50,000 and greater",US,Family Practice,Claim-Specialty,12529,14592.95,1225854.07,393888,630,,11254,13138.15,1043485.18,358562,,569,,1915,930498.17,,10391,282530.2,,223,12825.7,,5749,544346.39,,6780,681507.68,,11248,1156739.93,,1281,69114.14,138,6150.41,3664,36,1.1014446484157,,,,,,280,65401.24,155,,227,19049.74,,49,77.249206349206,61,195,183,191,391,239,366,145,16,68,0,35,516,114,2.5108715207865
1780868737,Sharma,Rohit,,PHARM - D,I,5716 99th St,,Flushing,NY,36,11368,1,"Metropolitan area core: primary flow within an urbanized area of 50,000 and greater",US,Pharmacist,NPPES-Taxonomy,21,21,5173.55,21,19,,21,21,5173.55,21,,19,,21,5173.55,,0,0,,0,0,"#",,,*,,,*,,,"#",,,0,0,0,0,0,0,0,0,0,,0,0,0,,0,0,,0,76.684210526316,0,,11,,,,,,,,0,,,,1.2054692982456
1780908871,Catanese,Anthony,,RPH.,I,233 Union Ave,,Holbrook,NY,36,11741,1,"Metropolitan area core: primary flow within an urbanized area of 50,000 and greater",US,Pharmacist,NPPES-Taxonomy,33,33,9985.62,650,33,,33,33,9985.62,650,,33,,31,9975,"#",,,*,,,*,,,"#",,,*,,,"#",,,0,0,0,0,0,0,0,0,0,,0,0,0,,0,0,,0,77.757575757576,0,,14,,16,17,33,0,0,0,0,0,,,1.3551212121212
1790043859,Au,Chunshuen,,P.A.,I,143-55 37th Avenue,1st Floor,Flushing,NY,36,11354,1,"Metropolitan area core: primary flow within an urbanized area of 50,000 and greater",US,Physician Assistant,NPPES-Specialty,19059,24247.5,3382501.97,696466,874,,18372,23473.85,3230683.58,674595,,838,,4967,2870076.37,,13859,504914.37,,233,7511.23,,17310,3093982.52,,1749,288519.45,,18577,3359863.17,,482,22638.8,,,,,,,,,,,452,2450.82,272,,101,2657.04,,33,73.283752860412,36,520,225,93,484,390,,,848,,0,13,803,71,1.089749852558
1790120400,Wilson,Scott,,M.D.,I,118 Main St,,Mount Morris,NY,36,14510,7,"Small town core: primary flow within an urban cluster of 2,500 to 9,999",US,Family Practice,Claim-Specialty,7352,14317.69,842196.03,407622,615,,5248,10785.3,534375.73,309197,,492,,994,680686.69,,6244,154753.44,,114,6755.9,,5458,640576.85,,1894,201619.18,,3413,535665.34,,3939,306530.69,348,8718.73,6847,71,4.7334058759521,20,2592.27,592,,5.7471264367816,208,2403.69,129,,35,1639.35,*,,70.775609756098,123,282,147,63,329,286,560,,,22,0,24,186,429,1.1617178465985
1790140770,Abayomi,Omowunmi,O,N.P.,I,506 Lenox Ave,,New York,NY,36,10037,1,"Metropolitan area core: primary flow within an urbanized area of 50,000 and greater",US,Nurse Practitioner,NPPES-Specialty,1394,2401.17,235782.48,70622,110,,1114,1977.91,174971.65,58186,,91,,256,213841.4,,1089,19391.89,,49,2549.19,,1209,191068.67,,185,44713.81,,1234,227650.95,,160,8131.53,16,474.05,452,,1.1477761836442,0,0,0,,0,16,629.04,12,*,,,*,,71.118181818182,19,53,,,70,40,,36,0,67,0,,97,13,1.4964898828267
1790161354,Cozzy,Kalyn,E,PHARM D,I,92 Main St,,Hudson Falls,NY,36,12839,1,"Metropolitan area core: primary flow within an urbanized area of 50,000 and greater",US,Pharmacist,NPPES-Taxonomy,19,19,4980.28,19,18,,19,19,4980.28,19,,18,,19,4980.28,,0,0,,0,0,"#",,,*,,,*,,,"#",,,0,0,0,0,0,0,0,0,0,,0,0,0,,0,0,,0,75.222222222222,0,,,0,,,16,0,,0,0,,,,0.85161111111111
1790196046,Patel,Janki,K,MD,I,120 Hobart St,Residency Dept,Utica,NY,36,13501,1,"Metropolitan area core: primary flow within an urbanized area of 50,000 and greater",US,Family Practice,Claim-Specialty,2157,2161.78,248475.85,50496,99,,2033,2037.78,241648.81,47315,"#",,,589,197066.84,,1568,51409.01,,0,0,,1531,167199.96,,626,81275.89,,1947,242018.45,,210,6457.4,92,7166.24,1369,12,4.2651831247102,36,5712.23,496,,39.130434782609,43,634.23,16,,49,57131.77,*,,82.949494949495,,,,,73,26,92,,0,,0,,,,2.5428032142874
1790219996,Notaro,Mai-Linh,,DO,I,85 High St,,Buffalo,NY,36,14203,1,"Metropolitan area core: primary flow within an urbanized area of 50,000 and greater",US,Family Practice,Claim-Specialty,7032,16100.07,688503.09,471731,611,,6635,15270.55,603170.31,447372,,576,,726,525818.54,,6225,157579.03,,81,5105.52,,5142,478213.34,,1890,210289.75,,1709,198589.25,,5323,489913.84,34,283.21,608,12,0.4835039817975,0,0,0,0,0,109,1721.19,76,,24,157.51,*,,75.905073649754,35,246,226,104,428,183,291,282,,22,,12,121,490,1.4867310223775
1790296820,Cooper,Caroline,,NP,I,1208 Driving Park Ave,,Newark,NY,36,14513,4,"Micropolitan area core: primary flow within an urban cluster of 10,000 to 49,999",US,Nurse Practitioner,Claim-Specialty,6904,7751.71,413348.29,196215,454,,6313,7092.75,370676.18,179492,,397,,925,260626.31,,5912,149493.6,,67,3228.38,,4044,244418.91,,2860,168929.38,,4866,307780.18,,2038,105568.11,290,8970.35,5354,68,4.2004634994206,25,4407.13,652,,8.6206896551724,160,5369.91,58,,92,2241.23,,20,77.42731277533,57,118,140,139,286,168,410,16,,11,,14,225,229,1.7628135037918
1790449205,Letizio,Alicia,R,,I,6189 State Route 31,,Cicero,NY,36,13039,1,"Metropolitan area core: primary flow within an urbanized area of 50,000 and greater",US,Pharmacist,NPPES-Taxonomy,37,37,8666.49,37,32,"#",,,,,"#",,,37,8666.49,,0,0,,0,0,,26,6154.71,,11,2511.78,*,,,"#",,,0,0,0,0,0,0,0,0,0,,0,0,0,*,,,*,,72.78125,,,,,18,14,27,,0,0,0,,,,0.83978125
1790714962,Goris,Jose,A,M.D.,I,435 Fort Washington Ave,Suite 1c,New York,NY,36,10033,1,"Metropolitan area core: primary flow within an urbanized area of 50,000 and greater",US,Family Practice,Claim-Specialty,29877,68678.55,7239539.99,2032129,1680,,27355,63233.72,6443821.18,1872041,,1520,,5749,6290812.39,,22981,902336.67,,1147,46390.93,,28401,6916221.88,,1476,323318.11,,28283,7031376.88,,1594,208163.11,,,,,,,,,,,282,15187.15,220,,285,165766.61,,86,73.670833333333,160,807,492,221,982,698,31,32,,1602,0,,1484,196,1.417817625662
1790719615,Gilchyonok,Polina,,M.D.,I,31 Prospect Ave,,Larchmont,NY,36,10538,1,"Metropolitan area core: primary flow within an urbanized area of 50,000 and greater",US,Internal Medicine,Claim-Specialty,842,842,68295.52,19981,78,,797,797,66246.37,18876,"#",,"#",,,,613,17929.68,*,,,,355,33101.75,,487,35193.77,,827,68019.3,,15,276.22,0,0,0,0,0,0,0,0,0,,31,2065.11,15,*,,,*,,82.576923076923,,,,,49,29,14,,31,17,0,,,,2.3584489119048
1790740637,Wisnoski,Jennifer,A,M.D.,I,295 Essjay Rd,,Williamsville,NY,36,14221,1,"Metropolitan area core: primary flow within an urbanized area of 50,000 and greater",US,Family Practice,Claim-Specialty,7216,16826.59,629565.74,491051,608,,6539,15731.49,513580.83,459619,,580,,899,475767.1,,6218,150402.25,,99,3396.39,,5490,413866.8,,1726,215698.94,,1294,164948.23,,5922,464617.51,243,11327.11,5743,42,3.3675166297118,,,,,,157,2178.75,100,,27,166.02,*,,74.273026315789,28,321,182,77,497,111,555,16,,,,20,62,546,1.1370162414355
1790744043,Strouse,Wayne,S,MD,I,108 Kimball Ave,,Penn Yan,NY,36,14527,7,"Small town core: primary flow within an urban cluster of 2,500 to 9,999",US,Family Practice,Claim-Specialty,2389,4558.69,350965.39,129054,190,,1781,3585.86,298012.15,101179,,176,,390,286390.51,,1977,63846.22,,22,728.66,,1669,218473.24,,720,132492.15,,858,131280.55,,1531,219684.84,194,24880.42,5093,22,8.1205525324404,61,22095.19,1725,,31.443298969072,64,853.41,33,,0,0,,0,73.078947368421,14,93,70,13,96,94,176,,0,,0,13,40,150,0.81157068559298
1790860492,Gair,Brian,H,MD,I,18 Ashford Avenue,Suite 3w,Dobbs Ferry,NY,36,10522,1,"Metropolitan area core: primary flow within an urbanized area of 50,000 and greater",US,Family Practice,Claim-Specialty,4070,9611,387188,279924,422,,3836,9232.84,381403.28,269548,,411,,386,301963.13,,3658,83530.73,,26,1694.14,,1597,205363.76,,2473,181824.24,,437,39287.93,,3633,347900.07,72,1653.38,1398,14,1.7690417690418,0,0,0,0,0,75,1066.86,61,,12,14588.46,*,,74.862559241706,11,209,160,42,226,196,355,16,12,15,0,24,41,381,1.0026073799021
1790892644,Van Gorder,Scott,C,D.O.,I,10 George St,,Oswego,NY,36,13126,4,"Micropolitan area core: primary flow within an urban cluster of 10,000 to 49,999",US,Family Practice,Claim-Specialty,5384,7863.55,547402.62,227633,370,,3433,5405.89,345865.82,158032,,247,,909,453472.89,,4419,91224.04,,56,2705.69,,3775,424159.71,,1609,123242.91,,3997,422222.45,,1387,125180.17,183,6869.33,5067,41,3.3989598811293,11,1209.57,330,,6.0109289617486,69,1683.33,47,*,,,*,,67.3,123,150,71,26,219,151,360,,,,0,,222,148,1.4333235916066
1790913580,Zhu,Liwen,,D.O.,I,84-25 Elmhurst Ave.,"Unit# P2",Elmhurst,NY,36,11373,1,"Metropolitan area core: primary flow within an urbanized area of 50,000 and greater",US,Family Practice,Claim-Specialty,3169,5949.57,596927,171105,137,,3059,5795.57,581550.95,166670,"#",,,594,525016.64,,2466,67802.2,,109,4108.16,,3011,568194.42,,158,28732.58,,2868,575493.91,,301,21433.09,0,0,0,0,0,0,0,0,0,,121,1183.08,74,*,,,*,,73.051094890511,,,,,83,54,,0,124,,0,,112,25,0.99480795633038
1790943223,Patil,Rajashree,S,M.D.,I,1050 Clove Rd.,,Staten Island,NY,36,10301,1,"Metropolitan area core: primary flow within an urbanized area of 50,000 and greater",US,Internal Medicine,Claim-Specialty,8425,19394.26,849018.33,570970,690,,7136,17276.26,735536.14,509170,,605,,1027,681029.06,,7213,156933.08,,185,11056.19,,5513,561562.68,,2912,287455.65,,4366,487638.44,,4059,361379.89,,,,,,,,,,,107,974.25,75,*,,,*,,72.073913043478,85,335,208,62,447,243,237,211,69,131,,,265,425,1.2602482061222
1790966927,Pan,Xiao Yu,,,I,6962 188th St,,Fresh Meadows,NY,36,11365,1,"Metropolitan area core: primary flow within an urbanized area of 50,000 and greater",US,Pharmacist,NPPES-Taxonomy,31,31,7694.47,31,30,,31,31,7694.47,31,,30,,31,7694.47,,0,0,,0,0,*,,,"#",,,*,,,"#",,,0,0,0,0,0,0,0,0,0,,0,0,0,,0,0,,0,74.7,0,,14,,14,16,15,,,,0,,,,0.71993333333333
1790967305,Curaming,Rodrigo,C,R. PH.,I,1179 E 233rd St,,Bronx,NY,36,10466,1,"Metropolitan area core: primary flow within an urbanized area of 50,000 and greater",US,Pharmacist,NPPES-Taxonomy,33,33,9765.98,33,33,"#",,,,,"#",,,33,9765.98,,0,0,,0,0,,15,4136.47,,18,5629.51,*,,,"#",,,0,0,0,0,0,0,0,0,0,,0,0,0,*,,,*,,73.878787878788,,,,,21,12,14,,,,0,,,,0.7490303030303
1801067707,Son,Mi Na,,M.D,I,4500 Parsons Blvd,,Flushing,NY,36,11355,1,"Metropolitan area core: primary flow within an urbanized area of 50,000 and greater",US,Internal Medicine,NPPES-Specialty,225,231.38,7451.19,2648,162,,134,135.84,2805.83,1187,,114,,48,4648.09,,166,2689.6,,11,113.5,,199,7171.02,,26,280.17,,84,4945.95,,141,2505.24,0,0,0,0,0,0,0,0,0,,79,765.62,76,,0,0,,0,64.691358024691,48,86,,,118,44,121,21,,,0,,43,119,0.87705555555556
1801076468,Contino,Kevin,J,RPH,I,1166 Central Ave,,Dunkirk,NY,36,14048,4,"Micropolitan area core: primary flow within an urban cluster of 10,000 to 49,999",US,Pharmacist,NPPES-Taxonomy,182,182,49042.48,182,162,"#",,,,,"#",,,182,49042.48,,0,0,,0,0,,147,39163.45,,35,9879.03,,25,6279.63,,157,42762.85,0,0,0,0,0,0,0,0,0,,0,0,0,*,,,*,,73.185185185185,,,,,96,66,148,,,0,0,,18,144,0.89839928013309
1801107594,Shakir,Mariyum,A,M.D.,I,263 7th Ave Ste 5h,,Brooklyn,NY,36,11215,1,"Metropolitan area core: primary flow within an urbanized area of 50,000 and greater",US,Internal Medicine,Claim-Specialty,4292,8796.89,556579.93,257111,309,,3519,7459.57,454270.86,218989,,263,,717,461482.65,,3455,89319.05,,120,5778.23,,3163,438341.33,,1129,118238.6,,2506,415973.67,,1786,140606.26,,,,,,,,,,,68,590.37,51,,14,1360.31,*,,72.822006472492,46,135,86,42,245,64,72,151,,65,,14,152,157,1.4416507336587
1801107818,Wong,Kaitlyn,L,M.D,I,100 W Kingsbridge Rd,,Bronx,NY,36,10468,1,"Metropolitan area core: primary flow within an urbanized area of 50,000 and greater",US,Internal Medicine,Claim-Specialty,16776,26449.33,3294859.46,768035,1042,,16379,25855.33,3197203.92,751048,,1019,,4103,2789653.87,,12332,495626.87,,341,9578.72,,16215,3154045.09,,561,140814.37,,16278,3231338.8,,498,63520.66,,,,,,,,,,,245,3779.48,195,,26,360.39,,11,73.3886756238,23,639,287,93,540,502,,,1012,,0,12,980,62,1.4540055454616
1801113683,Go,Marietta,E,M.D.,I,102 Park Ave,,Yonkers,NY,36,10703,1,"Metropolitan area core: primary flow within an urbanized area of 50,000 and greater",US,Internal Medicine,Claim-Specialty,763,1187.1,91055.02,32755,158,,659,1030.6,76916.93,28346,,135,"#",,,,618,14957.89,*,,,,584,68785.89,,179,22269.13,,559,61265.04,,204,29789.98,18,228.09,326,,2.3591087811271,0,0,0,,0,34,278.28,26,*,,,*,,73.613924050633,23,62,50,23,107,51,32,48,,62,0,,105,53,1.5068354602481
1801119102,Achenkutty,Alexander,,PHARMD,I,89 Henry St,,Freeport,NY,36,11520,1,"Metropolitan area core: primary flow within an urbanized area of 50,000 and greater",US,Pharmacist,NPPES-Taxonomy,17,17,3367.35,17,15,"#",,,,,"#",,,17,3367.35,,0,0,,0,0,"#",,,*,,,*,,,"#",,,0,0,0,0,0,0,0,0,0,,0,0,0,*,,,*,,72.4,,,,,,,,,0,,0,,,,0.9289
1801210182,Johnson,Margaret,E,ANP,I,7995 Call Pkwy,,Batavia,NY,36,14020,4,"Micropolitan area core: primary flow within an urban cluster of 10,000 to 49,999",US,Nurse Practitioner,Claim-Specialty,3652,8063.09,370758.54,233684,530,,2759,6483.67,290762.09,188021,,445,,488,292400.75,,3108,75183.58,,56,3174.21,,2501,249138.03,,1151,121620.51,,1608,178597.16,,2044,192161.38,63,1169.51,1230,39,1.7250821467689,,,,,,55,5050.1,44,,28,565.97,*,,70.969811320755,85,250,149,46,350,180,489,,,11,,18,143,387,1.19110985207
1801220108,Volkov,Nataliya,,,I,915 E 107th St,,Brooklyn,NY,36,11236,1,"Metropolitan area core: primary flow within an urbanized area of 50,000 and greater",US,Pharmacist,NPPES-Taxonomy,14,14,2850.46,49,,,14,14,2850.46,49,*,,,13,2839.96,"#",,,*,,,*,,,*,,,*,,,"#",,,0,0,0,,0,0,0,0,,,0,0,,,0,0,*,,77.3,,,,,,,,,,,,,,,1.0108
1801502463,Ashitey,Annaliza,A,PHARMD,I,2750 Boston Rd,,Bronx,NY,36,10469,1,"Metropolitan area core: primary flow within an urbanized area of 50,000 and greater",US,Pharmacist,NPPES-Taxonomy,12,12,2635.36,12,12,*,,,,,*,,,12,2635.36,,0,0,,0,0,*,,,*,,,*,,,*,,,0,0,0,0,0,0,0,0,0,,0,0,0,*,,,*,,69.5,,,,,,,,,,,0,0,,,0.95241666666667
1801521802,Zhang,Jinyan,,PHYSICIAN ASSISTANT,I,5715 7th Ave,,Brooklyn,NY,36,11220,1,"Metropolitan area core: primary flow within an urbanized area of 50,000 and greater",US,Physician Assistant,Claim-Specialty,3047,3790.53,388571.16,104883,663,,2993,3716.53,376406.59,102777,,652,,475,327381.81,,2511,60200.3,,61,989.05,,2977,372698.39,,70,15872.77,,2984,387042.61,,63,1528.55,0,0,0,0,0,0,0,0,0,,44,704.48,30,,0,0,,0,70.935143288084,11,511,127,14,320,343,,,638,12,0,,633,30,0.99814253271566
1801803556,Jacobson,William,,MD,I,311 North St Ste 202,,White Plains,NY,36,10605,1,"Metropolitan area core: primary flow within an urbanized area of 50,000 and greater",US,Family Practice,Claim-Specialty,8098,10927.08,458558.25,233208,760,,8070,10863.08,456431.67,231498,"#",,,1195,342768.19,,6862,115198.7,,41,591.36,,1479,105125.77,,6619,353432.48,,474,26987.03,,7624,431571.22,84,1087.13,1545,32,1.0372931588046,,,,,,161,5974.45,87,,170,2855.92,*,,80.288157894737,,,,,440,320,637,48,,34,,32,47,713,1.4008604528549
1801822333,Momot,Christopher,D,M.D.,I,2212 Penfield Rd,Suite 100,Penfield,NY,36,14526,1,"Metropolitan area core: primary flow within an urbanized area of 50,000 and greater",US,Family Practice,Claim-Specialty,10597,24919.82,917474.23,729519,905,,9959,23646.26,845920.63,692460,,848,,921,676218.75,,9550,233751.52,,126,7503.96,,9725,865674.86,,872,51799.37,,1271,159855.81,,9326,757618.42,229,7667.91,5959,68,2.1609889591394,27,3860,780,,11.7903930131,284,2248.51,172,,29,864.75,*,,74.774585635359,57,377,356,115,443,462,833,15,,13,,35,96,809,1.0605766610751
1801965371,Persaud,Devicka,,DO,I,11512 Liberty Ave,,South Richmond Hill,NY,36,11419,1,"Metropolitan area core: primary flow within an urbanized area of 50,000 and greater",US,Family Practice,Claim-Specialty,7699,13555.23,1149322.51,399006,326,,6943,12470.91,989402.76,367384,,297,,1337,977662.85,,6032,155470.35,,330,16189.31,,7115,1026738.12,,584,122584.39,,6545,1045637.43,,1154,103685.08,,,,,,,,,,,104,896.08,75,*,,,*,,71.631901840491,29,181,96,20,219,107,23,31,95,28,27,122,248,78,1.1574519679699
1801986500,Chen,Yuping,,MD,I,13621 Roosevelt Ave,Suite 205,Flushing,NY,36,11354,1,"Metropolitan area core: primary flow within an urbanized area of 50,000 and greater",US,Internal Medicine,Claim-Specialty,12491,22931.91,1271056.11,671518,723,,12336,22713.91,1259371.71,665177,,710,,1358,975668.91,,10905,288432.69,,228,6954.51,,11032,1087759.02,,1459,183297.09,,10934,1077044,,1557,194012.11,,,,,,,,,,,202,1017.25,156,,15,490.2,*,,74.448132780083,13,406,211,93,420,303,,,686,,0,15,583,140,1.213186192871
1801990155,Salehi,Freshteh,,MD,I,1444 Massachusetts Ave,Suite 200,Troy,NY,36,12180,1,"Metropolitan area core: primary flow within an urbanized area of 50,000 and greater",US,Internal Medicine,Claim-Specialty,5941,11784.24,584443.81,333702,393,,5385,10954.89,518706.97,312106,,368,,879,462905.74,,5006,119503.6,,56,2034.47,,3890,359889.73,,2051,224554.08,,2709,318568.98,,3232,265874.83,57,998.17,1247,22,0.95943443864669,0,0,0,0,0,131,24301.82,71,,72,11955.69,,23,76.5368956743,25,147,132,89,242,151,330,27,,14,,13,143,250,1.5078401880279
1801990395,Bonadonna,Susan,,MD,I,1 Fordham Plz,,Bronx,NY,36,10458,1,"Metropolitan area core: primary flow within an urbanized area of 50,000 and greater",US,Family Practice,Claim-Specialty,3920,7054.97,516834.46,206246,257,,3504,6359.26,459670.76,186346,,222,,683,440668.46,,3143,73112.94,,94,3053.06,,3545,480224.96,,375,36609.5,,3487,488047.46,,433,28787,60,1017.13,1026,20,1.530612244898,,,,,,13,227.21,,,14,175.66,*,,71.108949416342,35,139,67,16,198,59,,62,22,152,,11,208,49,1.6013722409799
1811132632,Jaglall,Neil,D,M.D.,I,6144 Route 25a,Ste 13,Wading River,NY,36,11792,1,"Metropolitan area core: primary flow within an urbanized area of 50,000 and greater",US,Internal Medicine,Claim-Specialty,26897,27190.7,1680120.55,527836,908,,25226,25516.56,1603165.42,503213,,879,,4388,1096368.1,,22331,570575.08,,178,13177.37,,5146,346062.89,,21751,1334057.66,,21208,1342905.28,,5689,337215.27,334,10626.63,6564,99,1.2417741755586,59,6379.99,983,,17.664670658683,664,105935.31,213,,688,32344.64,,86,83.061674008811,29,147,293,439,613,295,475,99,263,49,,,605,303,2.4733493120027
1811151160,Raza,Shafi,,MD,I,2430 Constitution Ave,,Olean,NY,36,14760,4,"Micropolitan area core: primary flow within an urban cluster of 10,000 to 49,999",US,Family Practice,Claim-Specialty,9510,16210.04,983530.28,460101,916,,8506,14547.03,832375.24,412551,,796,,1155,826582.81,,8311,153696.33,,44,3251.14,,4808,584036.31,,4702,399493.97,,5475,570116.08,,4035,413414.2,289,7208.66,6842,129,3.0389064143007,15,1250.52,433,,5.1903114186851,253,20426.56,204,,83,1635.43,,18,73.89192139738,120,367,274,155,534,382,880,11,,,,16,374,542,1.6276763969582
1811154719,Slezinger,Anele,,MD,I,1301 Southern Blvd 2nd Floor,,Bronx,NY,36,10459,1,"Metropolitan area core: primary flow within an urbanized area of 50,000 and greater",US,Family Practice,Claim-Specialty,2031,3322.99,308555.96,88255,373,,1371,2464.85,204750.56,66136,,257,,286,287141.79,,1698,19651.51,,47,1762.66,,1983,308109.72,,48,446.24,,1934,306641.67,,97,1914.29,65,246.41,606,50,3.2003938946332,0,0,0,0,0,105,621.3,95,*,,,*,,66.597855227882,116,173,73,11,231,142,,96,,256,0,,332,41,1.3426715977938
1811162837,Zagreda,Leze,,D.O.,I,2300 Westchester Ave,,Bronx,NY,36,10462,1,"Metropolitan area core: primary flow within an urbanized area of 50,000 and greater",US,Internal Medicine,Claim-Specialty,9053,20435.15,1275422.95,606281,823,,8017,18421.05,1088747.84,547292,,736,,1480,1104468.89,,7351,161718.62,,222,9235.44,,6838,939417.23,,2215,336005.72,,4331,723071.63,,4722,552351.32,12,181.95,312,,0.13255274494643,,,,,,34,328.46,28,*,,,*,,73.969623329283,87,351,282,103,600,223,99,315,,353,,29,314,509,1.2936645731248
1811220924,Dantchenko,Victoria,,MD,I,121 Dekalb Ave,,Brooklyn,NY,36,11201,1,"Metropolitan area core: primary flow within an urbanized area of 50,000 and greater",US,Family Practice,Claim-Specialty,5176,10025.18,1225371.22,294317,351,,4142,8336.33,1032506.87,245481,,266,,1047,1065134.26,,3852,149739.44,,277,10497.52,,4411,1106931.2,,765,118440.02,,3949,1016278.51,,1227,209092.71,22,116.32,386,,0.42503863987635,0,0,0,,0,31,498.99,30,,19,1707.91,*,,69.757834757835,85,145,95,26,262,89,21,237,,78,0,,252,99,1.7048514636877
1811336167,Fernandez,Jarenys,M,PHYSICIAN ASSISTANT,I,9033 Elmhurst Ave,,Jackson Heights,NY,36,11372,1,"Metropolitan area core: primary flow within an urbanized area of 50,000 and greater",US,Physician Assistant,NPPES-Specialty,3330,8099.39,677978.67,239153,388,,3060,7481.57,588233.23,220864,,363,,609,604198.07,,2572,68987.81,,149,4792.79,,3184,641703.58,,146,36275.09,,3039,639993.82,,291,37984.85,0,0,0,0,0,0,0,0,0,,50,513.34,49,*,,,*,,73.394329896907,25,205,125,33,280,108,,0,,373,0,,337,51,1.1055513082788
1811341878,Clifton,Stanley,B,D.O.,I,48 Colonial Dr,,Horseheads,NY,36,14845,1,"Metropolitan area core: primary flow within an urbanized area of 50,000 and greater",US,Osteopathic Manipulative Medicine,Claim-Specialty,4795,4815.76,335498.8,78330,393,,4181,4200.73,314761.6,70691,,360,,754,263611.19,,3979,70133.17,,62,1754.44,,1922,161538.57,,2873,173960.23,,4186,288029.58,,609,47469.22,233,6210.1,5085,89,4.859228362878,31,1899.58,719,11,13.304721030043,170,20609.32,103,,201,35568.45,,45,77.824427480916,33,105,143,112,238,155,369,16,,,0,,340,53,2.3031673612678
1811378094,Carroll,Christopher,M,D.O.,I,130 Centerway,,Corning,NY,36,14830,4,"Micropolitan area core: primary flow within an urban cluster of 10,000 to 49,999",US,Family Practice,Claim-Specialty,7401,15692.57,949242.11,455745,710,,5478,12546.16,737191.12,366488,,552,,1051,792198.68,,6254,152654.96,,96,4388.47,,4610,538067.79,,2791,411174.32,,2944,348225.87,,4457,601016.24,211,4307.5,3651,75,2.8509660856641,,,,,,150,1243.59,115,,23,1200.06,*,,69.274647887324,158,323,186,43,330,380,668,13,,,,21,247,463,1.1333137775987
1811486053,Arias Morales,Carlos,E,MD,I,4422 3rd Ave,,Bronx,NY,36,10457,1,"Metropolitan area core: primary flow within an urbanized area of 50,000 and greater",US,Internal Medicine,Claim-Specialty,1844,3638.6,343343.08,107212,302,,1473,2932.87,278603.5,86680,,234,,360,304338.68,,1417,37044.63,,67,1959.77,,1696,323344.42,,148,19998.66,,1731,309309.14,,113,34033.94,,,,,,,,,,,,,,*,,,*,,69.486754966887,68,133,79,22,154,148,,56,,233,0,,272,30,1.6651280926108
1811960446,Chan,Yeoman,K,MD,I,41 Brunswick St Fl 1,,Staten Island,NY,36,10314,1,"Metropolitan area core: primary flow within an urbanized area of 50,000 and greater",US,Family Practice,Claim-Specialty,3135,7884.61,461773.73,231174,346,,2927,7533.81,403492.44,221128,,323,,380,400827.07,,2705,59374.87,,50,1571.79,,2290,346916.45,,845,114857.28,,1691,323837.76,,1444,137935.97,0,0,0,0,0,0,0,0,0,,79,781.24,57,*,,,*,,72.757225433526,23,186,104,33,188,158,115,13,157,39,0,22,163,183,0.95621768344266
1811963572,Dubois,Louis,R,MD,I,3 Guthrie Dr,,Corning,NY,36,14830,4,"Micropolitan area core: primary flow within an urban cluster of 10,000 to 49,999",US,Pulmonary Disease,Claim-Specialty,5355,7091.29,3227524.71,195914,764,,4141,5657.61,2602104.75,157023,,627,,3280,3049192.59,"#",,,*,,,,3414,2355815.39,,1941,871709.32,,2366,1348286.24,,2989,1879238.47,,,,,,,,,,,733,12705.63,203,,0,0,,0,71.435863874346,137,337,235,55,446,318,729,12,,,0,,275,489,1.712642768445
1811979438,Reeves,Robert,P,M.D.,I,3 Irongate Center,,Glens Falls,NY,36,12801,1,"Metropolitan area core: primary flow within an urbanized area of 50,000 and greater",US,Family Practice,Claim-Specialty,3113,6811.16,460404.82,196909,453,,2903,6455.57,424379.13,187271,,426,,409,405641.56,,2665,53187.09,,39,1576.17,,2200,244402.28,,913,216002.54,,455,81905.49,,2658,378499.33,48,884.1,1177,23,1.54192097655,0,0,0,0,0,95,522.8,73,*,,,*,,74.64238410596,27,201,159,66,205,248,433,,,,0,14,60,393,1.0310575811097
1811990898,Mitchko,Michael,J,M.D.,I,335 Parrish St,,Canandaigua,NY,36,14424,1,"Metropolitan area core: primary flow within an urbanized area of 50,000 and greater",US,Internal Medicine,Claim-Specialty,13978,29383.83,1052690.82,856079,1100,,13066,27973.85,969721.51,816183,,1053,,1502,789017.4,,12319,256396.06,,157,7277.36,,12049,928585.07,,1929,124105.75,,2203,251696.64,,11775,800994.18,401,9047,8917,79,2.8687938188582,25,1100.66,728,,6.2344139650873,302,2203.45,195,*,,,*,,74.957272727273,47,478,424,151,611,489,1031,,,,0,55,128,972,0.94406427127477
1821004698,Aguirre,Richard,S,MD,I,5989 Big Tree Rd,Suite A,Lakeville,NY,36,14480,2,"Metropolitan area high commuting: primary flow 30% or more to a urbanized area of 50,000 and greater",US,Family Practice,Claim-Specialty,14343,29066.5,1846641.83,844159,846,,12331,25717.21,1547990.23,747986,,772,,1881,1500594.96,,12375,343213.09,,87,2833.78,,11611,1420252.32,,2732,426389.51,,4111,626502.98,,10232,1220138.85,280,11803.34,5857,58,1.9521717911176,26,8971.79,1020,,9.2857142857143,368,8611.24,212,,96,13769.94,,21,73.326241134752,74,395,282,95,485,361,798,,0,16,,31,162,684,0.95089224886652
1821027384,Pitts,Shannon,D,M.D.,I,2400 S Clinton Ave,Bldg H Suite 110,Rochester,NY,36,14618,1,"Metropolitan area core: primary flow within an urbanized area of 50,000 and greater",US,Internal Medicine,Claim-Specialty,10016,21981.07,1088080.16,644096,576,,9308,20796.72,1022465.68,609666,,553,,1190,828364.51,,8727,254251.43,,99,5464.22,,7943,819548.22,,2073,268531.94,,1376,165727.43,,8640,922352.73,273,19778.62,8041,56,2.7256389776358,19,12719.32,724,,6.959706959707,248,3180.65,154,,34,1426.32,*,,74.618055555556,23,276,215,62,343,233,522,16,,,0,27,45,531,0.93093181239891
1821028184,Malhotra,Chetan,,M.D.,I,575 Broadway,,Massapequa,NY,36,11758,1,"Metropolitan area core: primary flow within an urbanized area of 50,000 and greater",US,Internal Medicine,Claim-Specialty,3930,6389.43,412521.34,175212,248,,3708,5968.71,380502.5,163100,,231,,703,311187.54,,3198,98585.73,,29,2748.07,,551,86763.05,,3379,325758.29,,2046,251554.86,,1884,160966.48,43,426.72,464,18,1.0941475826972,0,0,0,0,0,158,13374.79,69,,47,3045.31,,18,79.322580645161,17,60,81,90,152,96,201,,21,,0,,79,169,1.7577624488335
1821053299,Chu-Wong,Amy,S,M.D.,I,210 Canal Street,"#411",New York,NY,36,10013,1,"Metropolitan area core: primary flow within an urbanized area of 50,000 and greater",US,Internal Medicine,Claim-Specialty,16381,32961.41,3035791.14,954214,579,,15930,32351.61,2991712.07,937197,"#",,,3321,2568690.33,,12688,452891.51,,372,14209.3,,13878,2499752.5,,2503,536038.64,,14749,2764511.69,,1632,271279.45,31,149.2,215,26,0.18924363591966,0,0,0,0,0,511,4803.83,270,,140,3821.87,*,,76.998272884283,,,,,410,169,,0,555,,0,20,462,117,1.2541618515129
1821077702,Szpur,Walter,B,M.D.,I,200 S Broadway,,Tarrytown,NY,36,10591,1,"Metropolitan area core: primary flow within an urbanized area of 50,000 and greater",US,Family Practice,Claim-Specialty,3236,6762.28,359695.24,195377,203,,2839,5979.14,300580.74,172587,,183,"#",,,,2778,95326.01,*,,,,852,71577.76,,2384,288117.48,,1600,176636.19,,1636,183059.05,113,4635.08,3166,22,3.4919653893696,13,188.87,390,,11.504424778761,72,934.23,49,,33,1434.86,*,,74.113300492611,20,86,66,31,106,97,112,17,,67,0,,67,136,1.2327162844738
1114910890,Rosen,Michael,E,M.D.,I,425 W 59th St,4a,New York,NY,36,10019,1,"Metropolitan area core: primary flow within an urbanized area of 50,000 and greater",US,Internal Medicine,Claim-Specialty,27579,28389.03,1604813.38,599658,743,,26397,27115.52,1465384.66,576161,,723,,3540,1085288.94,,23850,508666.23,,189,10858.21,,11037,513850.96,,16542,1090962.42,,16635,840971.01,,10944,763842.37,268,9992.6,5499,79,0.97175387069872,27,6981.4,710,,10.074626865672,410,26386.16,196,,721,49161.97,,90,83.539703903096,20,100,248,375,470,273,453,102,,162,,17,371,372,2.370850900256
1114920287,Page,David,T,MD,I,436 Hinsdale Rd,,Camillus,NY,36,13031,1,"Metropolitan area core: primary flow within an urbanized area of 50,000 and greater",US,Family Practice,Claim-Specialty,9880,20470.27,1250148.62,590928,777,,9084,19035.14,1105601.31,549161,,720,,1485,1021125.15,,8302,224632.74,,93,4390.73,,7099,849875.45,,2781,400273.17,,1727,305873.21,,8153,944275.41,159,10741.57,3922,36,1.6093117408907,33,6869.62,990,,20.754716981132,201,2649.18,120,,20,3005.15,*,,73.438867438867,57,408,226,86,428,349,721,11,,,0,40,90,687,1.2191871935082
1114968385,Chang,Jonathan,M,M.D.,I,5303 8th Ave,,Brooklyn,NY,36,11220,1,"Metropolitan area core: primary flow within an urbanized area of 50,000 and greater",US,Family Practice,Claim-Specialty,15677,21123.08,3353642.93,619419,542,,14976,20309.88,3210482.06,595800,,522,,4327,2901422.07,,11021,445718.51,,329,6502.35,,13516,2911721.29,,2161,441921.64,,14725,3182449.96,,952,171192.97,,,,,,,,,,,289,2439.75,166,,13,189.47,*,,75.214022140221,20,267,171,84,292,250,12,,499,22,0,,488,54,1.3786691708392
1124030549,Meaker,Philip,S,M.D.,I,6532 Anthony Dr Ste A,,Victor,NY,36,14564,1,"Metropolitan area core: primary flow within an urbanized area of 50,000 and greater",US,Internal Medicine,Claim-Specialty,7004,15523.91,512916.14,451912,622,,6728,14979.59,458559.33,436154,,593,,745,363942.54,,6219,145572.66,,40,3400.94,,6136,420145.97,,868,92770.17,,1014,89337.69,,5990,423578.45,160,3835.89,3024,35,2.2844089091947,,,,,,107,1735.25,74,*,,,*,,74.691318327974,29,284,228,81,348,274,578,,,,0,30,70,552,0.97714501607717
1124050497,King,Mary,E,DO,I,155 Crystal Run Rd,,Middletown,NY,36,10941,1,"Metropolitan area core: primary flow within an urbanized area of 50,000 and greater",US,Internal Medicine,Claim-Specialty,9768,20280.29,1303559.38,590634,689,,7765,16587.45,1008162.59,485212,,559,,1563,1097017.85,,8104,202497.56,,101,4043.97,,4608,615096.22,,5160,688463.16,,5254,734482.74,,4514,569076.64,53,1092.86,996,24,0.54258804258804,,,,,,212,2797.43,148,,23,587.32,*,,71.133526850508,130,309,188,62,472,217,597,36,,34,,16,259,430,1.4464490341388
1124054671,Wadhwani,Jai,G,M.D.,I,6460 Main St,,Williamsville,NY,36,14221,1,"Metropolitan area core: primary flow within an urbanized area of 50,000 and greater",US,Cardiology,Claim-Specialty,172165,175660.85,45061120.569969,355198,143333,,165820,169155.85,43649214.329973,340077,,138464,,170342,44993854.169969,,1823,67266.4,,0,0,,81890,21032354.390002,,90275,24028766.180005,,24130,5956749.8400009,,148035,39104370.729986,,,,,,,,,,,0,0,0,,0,0,,0,74.266679689953,4869,74181,51415,12868,80673,62660,111122,8826,6289,8468,130,8498,17463,125870,0.96809589526435
1124080056,Gullickson,Donald,E,D.O.,I,1783 Colvin Blvd,,Buffalo,NY,36,14223,1,"Metropolitan area core: primary flow within an urbanized area of 50,000 and greater",US,Internal Medicine,Claim-Specialty,2437,4436.8,285780.56,120568,616,,2224,4102.73,244793.82,111605,,567,,433,241211.37,,1939,43282.49,,65,1286.7,,1972,230593.47,,465,55187.09,,515,68505.04,,1922,217275.52,75,2258.79,1739,40,3.0775543701272,,,,,,190,2135.07,144,,12,71.83,*,,73.529220779221,49,316,172,79,310,306,561,,,14,,29,96,520,1.1528874003114
1124087713,Gonzalez,Fausto,A,MD,I,13405 Rockaway Blvd,,South Ozone Park,NY,36,11420,1,"Metropolitan area core: primary flow within an urbanized area of 50,000 and greater",US,Internal Medicine,Claim-Specialty,45179,56993.65,6431834.8499999,1670333,1314,,37498,48325.55,5048113.13,1418773,,1102,,8317,5178183.62,,35924,1234017.8,,938,19633.43,,42902,6107742.2299999,,2277,324092.62,,43155,6299700.2799999,,2024,132134.57,658,69318.74,17454,114,1.456428871821,43,62076.13,1300,,6.5349544072948,394,58139.95,256,,485,188753.41,,87,70.977929984779,212,682,325,95,733,581,27,64,,1163,,27,1144,170,1.2899668561968
1124089552,Tong,Michael,H,MD,I,5100 W Taft Rd,,Liverpool,NY,36,13088,1,"Metropolitan area core: primary flow within an urbanized area of 50,000 and greater",US,Family Practice,Claim-Specialty,8294,19144.74,922211.91,566573,810,,7572,17826.61,831908.2,527805,,730,,829,739667.41,,7402,178464.86,,63,4079.64,,6437,730877.01,,1857,191334.9,,3285,420085.83,,5009,502126.08,57,782.56,1202,20,0.68724379069207,0,0,0,0,0,71,5254.24,59,,29,940.76,*,,73.088888888889,80,383,272,75,413,397,582,26,164,17,0,21,274,536,1.0317195800739
1124111331,Otero,Daisy,M,MD,I,Mmg - University Avenue,105 West 188th Street,Bronx,NY,36,10468,1,"Metropolitan area core: primary flow within an urbanized area of 50,000 and greater",US,Internal Medicine,NPPES-Specialty,9440,9614.01,1080861.65,259219,216,,9393,9566.98,1077518.72,257930,"#",,"#",,,,7994,350733.44,*,,,,9299,1067283.14,,141,13578.51,,9144,1032833.75,,296,48027.9,76,1299.59,1335,23,0.80508474576271,,,,,,87,6319.16,50,,206,47582.25,*,,85.680555555556,,,,,150,66,162,21,,22,0,,,,2.3694661477835
1124123823,Chung,Bruce,K,M.D.,I,461 Park Ave S Fl 9,,New York,NY,36,10016,1,"Metropolitan area core: primary flow within an urbanized area of 50,000 and greater",US,Family Practice,Claim-Specialty,1438,3286.58,134264.95,96066,171,,1384,3168.58,131171.19,92555,"#",,,166,111030.25,,1259,22499.62,,13,735.08,,1023,111950.53,,415,22314.42,,407,43846.13,,1031,90418.82,,,,,,,,,,,24,206.9,15,,0,0,*,,72.730994152047,,,,,82,89,72,22,39,22,0,16,38,133,0.78576608187134
1124179197,Bellinger,Jeremy,S,NP,I,600 Roe Ave,,Elmira,NY,36,14905,1,"Metropolitan area core: primary flow within an urbanized area of 50,000 and greater",US,Nurse Practitioner,Claim-Specialty,7497,7515.54,431813.39,145805,449,,7022,7038.54,400644.34,135671,,424,,888,313560.85,,6596,118025.86,,13,226.68,,3874,278526.03,,3623,153287.36,,6647,381162.86,,850,50650.53,268,9477.29,4612,122,3.5747632386288,32,5771.31,670,12,11.940298507463,238,24040.17,103,,39,713.27,,15,83.075723830735,25,57,145,222,309,140,408,31,,,0,,340,109,2.3660917116942
1124186309,Acosta,Dalsia,J,M.D,I,571 Academy St Apt Gle,,New York,NY,36,10034,1,"Metropolitan area core: primary flow within an urbanized area of 50,000 and greater",US,Internal Medicine,Claim-Specialty,12090,24363.52,2595945.94,718679,926,,11049,22584.25,2303396.88,666545,,841,,2504,2342810.88,,9277,244151.94,,309,8983.12,,11803,2542388.27,,287,53557.67,,11814,2563426.33,,276,32519.61,,,,,,,,,,,61,542,53,*,,,*,,73.45464362851,85,452,294,95,595,331,,,,909,0,,868,58,1.2543324442024
1124271119,Kalaidjian,Haroutioun,,RPH,I,19 Central Ave,,Catskill,NY,36,12414,7,"Small town core: primary flow within an urban cluster of 2,500 to 9,999",US,Pharmacist,NPPES-Taxonomy,19,19,5918.17,19,19,,19,19,5918.17,19,,19,,19,5918.17,,0,0,,0,0,*,,,"#",,,,0,0,,19,5918.17,0,0,0,0,0,0,0,0,0,,0,0,0,,0,0,,0,76.421052631579,0,,,,,,17,,0,0,0,,0,19,0.82363157894737
1124291083,Spinnato,Joann,T,PNP,I,101 Gillette Ave,,Patchogue,NY,36,11772,1,"Metropolitan area core: primary flow within an urbanized area of 50,000 and greater",US,Nurse Practitioner,NPPES-Specialty,66,70,12990.93,1628,39,,53,55,12554.74,1331,"#",,,54,12771.28,,12,219.65,,0,0,*,,,"#",,,,15,891.61,,51,12099.32,0,0,0,0,0,0,0,0,0,,,,,,0,0,*,,70.410256410256,,,,,22,17,36,,0,,0,,,,0.97767735042735
1124340724,Siragusa,Giuseppe,,,I,2745 Long Beach Rd,,Oceanside,NY,36,11572,1,"Metropolitan area core: primary flow within an urbanized area of 50,000 and greater",US,Pharmacist,NPPES-Taxonomy,40,40,10717.83,40,40,"#",,,,,"#",,,40,10717.83,,0,0,,0,0,*,,,"#",,,*,,,"#",,,0,0,0,0,0,0,0,0,0,,0,0,0,*,,,*,,73.175,,,,,21,19,29,,0,,0,,,,1.0312104166667
1124362348,Wu,Xuxia,,M.D.,I,3712 Prince St Ste 3b,,Flushing,NY,36,11354,1,"Metropolitan area core: primary flow within an urbanized area of 50,000 and greater",US,Internal Medicine,Claim-Specialty,4850,9065.28,963272.82,260007,234,,4705,8792.95,936021.03,252173,"#",,,920,826422.57,,3834,133825.37,,96,3024.88,,4527,923127.09,,323,40145.73,,3992,857289.58,,858,105983.24,,,,,,,,,,,168,1238.26,81,,12,727.42,*,,71.722222222222,,,,,124,110,,,211,,0,,162,72,1.1376289173789
1124790605,Weng,Guozi,,,I,77 Bowery Fl 3,,New York,NY,36,10002,1,"Metropolitan area core: primary flow within an urbanized area of 50,000 and greater",US,Nurse Practitioner,NPPES-Specialty,16988,19771.97,3232415.63,575702,808,,16662,19415.42,3176882.82,565215,,789,,4560,2721712.69,,12231,506134.33,,197,4568.61,,16579,3126181.03,,409,106234.6,,16830,3215834.63,,158,16581,0,0,0,0,0,0,0,0,0,,122,1338.72,93,,0,0,,0,71.806930693069,19,568,178,43,386,422,,,798,,0,,789,19,1.1029816219446
1134112691,Yates,Charles,W,MD,I,132 Cayuga Rd,,Cheektowaga,NY,36,14225,1,"Metropolitan area core: primary flow within an urbanized area of 50,000 and greater",US,Family Practice,Claim-Specialty,6304,6374.83,688248.04,139218,413,,5184,5237.96,486806.38,115261,,346,,1135,543441.1,,5108,140186.56,,61,4620.38,,2386,171440.62,,3918,516807.42,,5818,662034.35,,486,26213.69,53,786.11,433,37,0.84073604060914,,,,,,264,7788.05,107,,442,30073.48,,63,76.014527845036,67,116,123,107,233,180,352,40,,,,,360,53,2.4980628203115
1134118706,Kravitz,Helang,C,M.D.,I,268 Canal St,,New York,NY,36,10013,1,"Metropolitan area core: primary flow within an urbanized area of 50,000 and greater",US,Internal Medicine,NPPES-Specialty,5596,10299.8,609400.56,303069,411,,5500,10127.17,584622.23,298092,,398,,805,485638.37,,4653,118607.94,,138,5154.25,,4971,549411.88,,625,59988.68,,5436,600192.21,,160,9208.35,0,0,0,0,0,0,0,0,0,,42,362.46,37,*,,,*,,73.61800486618,13,255,90,53,264,147,,,388,,0,11,384,27,1.0624908494122
1558313932,Chan,Robin,Y,M.D,I,1508 Avenue U,,Brooklyn,NY,36,11229,1,"Metropolitan area core: primary flow within an urbanized area of 50,000 and greater",US,Internal Medicine,Claim-Specialty,14674,24004.41,2520585.24,696877,626,,14175,23350.63,2433429.79,678985,,608,,3108,2033888.62,,11427,483902.59,,139,2794.03,,13378,2197458.32,,1296,323126.92,,14237,2480438.83,,437,40146.41,12,211.55,170,,0.081777293171596,0,0,0,,0,349,2420.39,204,,59,2776.79,*,,73.452076677316,18,371,175,62,337,289,,,609,,0,,599,27,1.118291412646
1558314831,Sarkissian,Edmond,,MD,I,260 W Sunrise Hwy,Suite 200,Valley Stream,NY,36,11581,1,"Metropolitan area core: primary flow within an urbanized area of 50,000 and greater",US,Internal Medicine,Claim-Specialty,8624,23151.25,1025134.69,689009,844,,8262,22227.75,960086.52,661648,,803,,903,851020.76,,7647,170322.06,,74,3791.87,,6459,766579.09,,2165,258555.6,,1743,259311.33,,6881,765823.36,,,,,,,,,,,72,460.23,59,,19,474.23,*,,75.675355450237,41,372,289,142,500,344,163,516,,59,,54,169,675,1.2087795362963
1558326249,Nagpaul,Arun,K,MD,I,2 Coulter Rd,,Clifton Springs,NY,36,14432,2,"Metropolitan area high commuting: primary flow 30% or more to a urbanized area of 50,000 and greater",US,Internal Medicine,Claim-Specialty,7388,7448.83,549582.56,161189,299,,6169,6221.72,409074.05,133313,,262,,1356,383420.4,,6010,164658.49,,22,1503.67,,4823,323606.87,,2565,225975.69,,6935,529057.1,,453,20525.46,14,176.32,118,13,0.18949648077964,0,0,0,0,0,335,7321.81,103,,145,3204.43,,21,78.792642140468,37,67,86,109,177,122,267,11,,12,,,243,56,2.4758507390535
1558328047,Santos,Kristen,A,DO,I,1401 Massachusetts Ave,,Troy,NY,36,12180,1,"Metropolitan area core: primary flow within an urbanized area of 50,000 and greater",US,Internal Medicine,Claim-Specialty,12633,25702.25,1180464.09,746736,1158,,11245,23649.81,992711.65,688589,,1046,,1601,975006.77,,10886,199217.46,,146,6239.86,,9032,809658.81,,3601,370805.28,,3227,372998.06,,9406,807466.03,278,6169.34,6204,78,2.2005857674345,21,1335.8,585,,7.5539568345324,275,4307.5,167,,90,6260.98,,19,73.653713298791,112,516,375,155,762,396,1069,38,,15,,29,234,924,1.1831021899248
1558352740,Faller,Jason,,M.D.,I,333 W 57th St,Suite 104,New York,NY,36,10019,1,"Metropolitan area core: primary flow within an urbanized area of 50,000 and greater",US,Rheumatology,Claim-Specialty,2906,5431.48,3309828.67,157331,307,,2767,5201.42,3137042.62,150736,"#",,,629,3242468.44,,2247,66219.95,,30,1140.28,,408,468893.9,,2498,2840934.77,,260,924796.22,,2646,2385032.45,114,91180.03,3231,18,3.9229181004818,,,,,,59,848.36,37,,0,0,*,,75.270358306189,,,,,193,114,248,19,,16,,17,21,286,1.0875557484121
1558354936,Stryker,Sean,A,MD,I,100 John Roemmelt Dr Ste 302,,Horseheads,NY,36,14845,1,"Metropolitan area core: primary flow within an urbanized area of 50,000 and greater",US,Family Practice,Claim-Specialty,7781,14407.36,838320.33,420704,425,,5149,10598.13,594994.8,311014,,307,,862,649919.25,,6865,183840.05,,54,4561.03,,5539,610056.5,,2242,228263.83,,3391,340924.75,,4390,497395.58,652,68966.18,17698,105,8.3793856830742,96,52718.92,2871,12,14.723926380368,107,1982.21,63,,32,4374.14,*,,67.861176470588,118,192,92,23,243,182,393,17,,,0,,175,250,1.0885297671282
1558372086,Healey,Gregory,,MD,I,25 Park St,,Canton,NY,36,13617,7,"Small town core: primary flow within an urban cluster of 2,500 to 9,999",US,Family Practice,Claim-Specialty,41741,72614.97,6077742.66,2053933,1651,,35747,63731.52,4972600.71,1803187,,1447,,6209,5018243.32,,35197,1044200.78,,335,15298.56,,16991,2341198.32,,24750,3736544.34,,18992,2744150.51,,22749,3333592.15,2257,271178.99,54809,289,5.40715363791,158,78900.19,5118,21,7.0004430660168,1237,30048.12,551,,447,36009.74,,78,74.023622047244,204,691,470,286,886,765,1590,,,,,50,469,1182,1.161122325091
1558397752,Yosha,Assaf,,M.D.,I,55 Barrett Dr,,Webster,NY,36,14580,1,"Metropolitan area core: primary flow within an urbanized area of 50,000 and greater",US,Family Practice,Claim-Specialty,1800,3852.3,273723.89,111345,205,,1489,3283.61,187671.27,95385,,174,,349,239284.72,,1432,33799.87,,19,639.3,,1597,238950.55,,203,34773.34,,536,142833.42,,1264,130890.47,,,,,,,,,,,41,448.35,25,*,,,*,,70.941463414634,31,104,54,16,116,89,163,11,,19,,11,43,162,0.95603372445748
1558458356,Gabay,Vladimir,,M.D.,I,11510 Queens Blvd Ste Ul8,,Forest Hills,NY,36,11375,1,"Metropolitan area core: primary flow within an urbanized area of 50,000 and greater",US,Internal Medicine,Claim-Specialty,11619,20246.4,3026383.49,588962,554,,11209,19468.9,2821863.57,566504,,531,,3013,2528785.37,,8489,493345.86,,117,4252.26,,4447,1211355.76,,7172,1815027.73,,6804,2290509.56,,4815,735873.93,90,1375.67,2211,18,0.77459333849729,0,0,0,0,0,236,3080.29,122,,77,44340.85,,12,76.061371841155,23,218,224,89,322,232,425,,21,41,,48,184,370,1.4209538746893
1558543033,Begley,Brian,,,I,47 E Prospect Ave,,Mount Vernon,NY,36,10550,1,"Metropolitan area core: primary flow within an urbanized area of 50,000 and greater",US,Pharmacist,NPPES-Taxonomy,21,21,5103.73,27,19,"#",,,,,"#",,,20,5102.26,*,,,"#",,,"#",,,*,,,*,,,"#",,,0,0,0,0,0,0,0,0,0,,,,,*,,,*,,72,,,,,,,,,0,,0,,,,1.5986842105263
1558546820,Williams,Cassandra,,MD,I,3980a Sheridan Dr Ste 200,,Amherst,NY,36,14226,1,"Metropolitan area core: primary flow within an urbanized area of 50,000 and greater",US,Internal Medicine,Claim-Specialty,22986,23006.62,3001713.36,538638,425,,17082,17101.95,2032281.11,401615,,348,,5814,2253326.9,,17089,745846.43,,83,2540.03,,8782,969779.83,,14204,2031933.53,,21733,2849043.34,,1253,152670.02,94,4397.01,1430,60,0.40894457495867,25,3170.2,529,15,26.595744680851,802,73571.58,186,,886,292498.37,,87,73.004705882353,77,164,118,66,243,182,261,143,0,,,12,358,67,2.8051127067612
1558579060,Folts,Teresa,,NP,I,1445 Portland Ave,Suite 208,Rochester,NY,36,14621,1,"Metropolitan area core: primary flow within an urbanized area of 50,000 and greater",US,Nurse Practitioner,Claim-Specialty,3968,4052.69,371929.09,87441,194,,3232,3314.82,312935.68,71192,,171,,734,284484.61,,3203,86522.27,,31,922.21,,1749,134222.22,,2219,237706.87,,3719,358001.42,,249,13927.67,181,3822.12,3297,41,4.5614919354839,0,0,0,0,0,147,4058.36,69,,48,16532.86,,16,75.927835051546,23,54,81,36,108,86,166,16,0,,0,,154,40,2.6894413666407
1558640516,Awad,Mary,Z,M.D.,I,314 Seaview Ave,,Staten Island,NY,36,10305,1,"Metropolitan area core: primary flow within an urbanized area of 50,000 and greater",US,Internal Medicine,Claim-Specialty,3680,5663.45,643489.01,162813,206,,3426,5218.8,596996.95,149984,,179,,624,416003.67,,2926,223150.2,,130,4335.14,,3102,552400.89,,578,91088.12,,3437,611823.41,,243,31665.6,,,,,,,,,,,93,4548.77,51,,13,730.88,*,,71.946601941748,27,100,59,20,131,75,50,48,,38,,60,181,25,2.5486088728466
1558650663,Moore,Jillian,G,M.D.,I,10 S Pointe Lndg,Suite 250,Rochester,NY,36,14606,1,"Metropolitan area core: primary flow within an urbanized area of 50,000 and greater",US,Family Practice,Claim-Specialty,2242,4341.78,259368.27,122954,324,,1723,3459.68,164600.77,98352,,269,,339,208906.46,,1882,49231.06,,21,1230.75,,1925,231936.15,,317,27432.12,,670,95389.84,,1572,163978.43,113,2544.92,2670,33,5.0401427297056,26,1470.25,616,,23.008849557522,71,763.59,48,*,,,*,,70.435185185185,55,160,84,25,221,103,274,26,,14,0,,77,247,1.0660340957114
1558702480,Sun,Yu,,MD,I,155 Crystal Run Rd,,Middletown,NY,36,10941,1,"Metropolitan area core: primary flow within an urbanized area of 50,000 and greater",US,Internal Medicine,Claim-Specialty,10045,13668.12,1552934.88,399758,556,,9822,13418.13,1517466.1,392757,,531,,1789,1279300.6,,8004,267814.73,,252,5819.55,,9418,1490957.48,,627,61977.4,,9118,1462795.93,,927,90138.95,11,118.94,235,,0.10950721752115,0,0,0,,0,143,1060.06,104,,28,598.03,*,,72.859712230216,25,346,135,50,316,240,,,516,,0,15,447,109,1.0968107329598
1558894659,Han,Elizabeth,,,I,610 W 158th St,,New York,NY,36,10032,1,"Metropolitan area core: primary flow within an urbanized area of 50,000 and greater",US,Family Practice,Claim-Specialty,1453,2977.23,74440.64,82444,414,,1315,2688.13,67807.58,73990,,400,,199,51463.74,,1234,22388.19,,20,588.71,"#",,,*,,,,60,5337.42,,1393,69103.22,169,4408.15,3539,83,11.631108052306,11,1082.67,312,,6.508875739645,39,548.93,28,*,,,*,,74.012077294686,14,225,142,33,232,182,312,,54,14,,31,,,1.0234081572064
1558900308,Halloran,Robert,H,,I,41 Park Plz,,Mechanicville,NY,36,12118,1,"Metropolitan area core: primary flow within an urbanized area of 50,000 and greater",US,Pharmacist,NPPES-Taxonomy,73,73,20145.72,73,71,"#",,,,,"#",,,73,20145.72,,0,0,,0,0,,41,11022.97,,32,9122.75,*,,,"#",,,0,0,0,0,0,0,0,0,0,,0,0,0,*,,,*,,72,,,,,42,29,65,0,0,,0,,,,0.864779342723
1568061729,Novotny,Renee,,PHARM. D,I,93 Forest Ave,,Glen Cove,NY,36,11542,1,"Metropolitan area core: primary flow within an urbanized area of 50,000 and greater",US,Pharmacist,NPPES-Taxonomy,28,28,7711.91,28,25,,28,28,7711.91,28,,25,,28,7711.91,,0,0,,0,0,*,,,"#",,,*,,,"#",,,0,0,0,0,0,0,0,0,0,,0,0,0,,0,0,,0,76.4,0,13,,,12,13,22,,0,,0,0,,,1.19708
1568128536,Liu,Xiu Fang,,NP,I,730 58th St,,Brooklyn,NY,36,11220,1,"Metropolitan area core: primary flow within an urbanized area of 50,000 and greater",US,Nurse Practitioner,NPPES-Specialty,2783,3674.06,394634.3,107187,330,,2676,3562.23,383851.94,104103,"#",,,486,315132.33,,2240,78577.19,,57,924.78,,2733,390184.71,,50,4449.59,,2765,392834.05,,18,1800.25,0,0,0,0,0,0,0,0,0,,18,162.4,16,,0,0,*,,71.133333333333,,,,,146,184,,,321,,0,,,,1.0160842167605
1568413565,Che,Bi,H,MD,I,210 Canal St,Suiet 203,New York,NY,36,10013,1,"Metropolitan area core: primary flow within an urbanized area of 50,000 and greater",US,Internal Medicine,Claim-Specialty,1940,4220.2,326923.36,124430,297,,1928,4191.2,320737.88,123594,"#",,,378,264571.57,,1522,61392.87,,40,958.92,,1788,308817.14,,152,18106.22,,1744,303077.56,,196,23845.8,0,0,0,0,0,0,0,0,0,,22,127.97,20,*,,,*,,73.673400673401,,,,,221,76,0,,280,,0,12,251,46,0.94806425364759
1568417533,Caifano,Robert,A,M.D.,I,1850 Ridge Rd E,,Rochester,NY,36,14622,1,"Metropolitan area core: primary flow within an urbanized area of 50,000 and greater",US,Internal Medicine,Claim-Specialty,10436,21993.97,1055213.12,644764,682,,9770,20913.76,993500.07,613414,,641,,1271,791141.57,,9086,259329.98,,79,4741.57,,9692,988116.01,,744,67097.11,,2027,207320.41,,8409,847892.71,287,8715.59,7605,73,2.7500958221541,,,,,,187,1773.3,126,,32,10958.7,*,,75.181818181818,41,305,212,124,355,327,588,32,,25,,36,102,580,1.1285038207859
1568427243,Chan,Alexander,C,M.D.,I,13-17 Elizabeth Street,Rm 409,New York,NY,36,10013,1,"Metropolitan area core: primary flow within an urbanized area of 50,000 and greater",US,Internal Medicine,Claim-Specialty,19990,35419.45,2609158.29,1030397,738,,19527,34783.77,2524275.03,1011841,"#",,,2827,2050405.1,,16908,549422.32,,255,9330.87,,16611,2106803.65,,3379,502354.64,,17593,2313858.7,,2397,295299.59,11,127.04,218,,0.055027513756878,0,0,0,,0,498,17759.37,279,,34,1448.7,*,,75.467479674797,,,,,417,321,16,,685,,0,30,575,163,1.024957806756
1568435261,Marfatia,Ripple,M,M.D.,I,5596 Route 19a,,Castile,NY,36,14427,10,"Rural areas: primary flow to a tract outside a urbanized area of 50,000 and greater or UC",US,Internal Medicine,Claim-Specialty,6443,15711.64,673650.09,463416,468,,5591,14120.44,597893.44,416850,,418,,759,501691.04,,5630,168565.8,,54,3393.25,,4207,423033.53,,2236,250616.56,,1759,201701.51,,4684,471948.58,,,,,,,,,,,115,879.14,72,*,,,*,,72.946581196581,50,233,135,50,215,253,452,,,,0,12,103,365,1.2198542238457
1568441921,Blumenthal,Steven,J,MD,I,98 Woodchuck Hollow Rd,,Cold Spring Harbor,NY,36,11724,1,"Metropolitan area core: primary flow within an urbanized area of 50,000 and greater",US,Internal Medicine,Claim-Specialty,19648,22171.72,4808943.9500005,143687,14566,,18868,21260.99,4642949.1400005,136305,,14054,,18345,4771339.3800005,,1303,37604.57,,0,0,,5457,1278924.82,,14191,3530019.1300002,,2159,496259.47,,17489,4312684.4800004,23,448.18,690,,0.11706026058632,0,0,0,,0,14,347.93,,*,,,*,,74.892558011808,512,6959,5575,1520,8292,6274,11186,1019,,951,,798,1491,13075,1.029225064229
1568455657,Lopez,Andre,L,MD,I,325 Essjay Rd,Suite 110,Williamsville,NY,36,14221,1,"Metropolitan area core: primary flow within an urbanized area of 50,000 and greater",US,Family Practice,Claim-Specialty,7883,20271.84,659039.61,598173,594,,7639,19703.04,593874.51,581585,,576,,748,508253.67,,7004,136705.34,,131,14080.6,,5778,519319.23,,2105,139720.38,,552,66714.01,,7331,592325.6,62,684.76,1526,17,0.78650260053279,,,,,,106,592.53,69,*,,,*,,75.956228956229,18,261,225,90,192,402,521,28,,,0,33,32,562,1.1151623309714
1568576379,Paeglow,Robert,J,M.D.,I,553 Clinton Ave,,Albany,NY,36,12206,1,"Metropolitan area core: primary flow within an urbanized area of 50,000 and greater",US,Family Practice,Claim-Specialty,9975,14987.71,1318697.87,433828,326,,6525,10255.84,828801.99,298971,,221,,1564,1129443.48,,8282,184733.68,,129,4520.71,,7795,1025419.38,,2180,293278.49,,8309,1168762.93,,1666,149934.94,1089,65027.18,29705,128,10.917293233083,279,51133.07,8051,34,25.619834710744,82,1168.56,51,,200,27151.36,,40,65.898773006135,105,165,,,177,149,157,137,,14,,12,222,104,1.4315790404214
1568607919,Jang,Hangjun,,"M.D., PH.D.",I,15009 Northern Blvd,,Flushing,NY,36,11354,1,"Metropolitan area core: primary flow within an urbanized area of 50,000 and greater",US,Internal Medicine,Claim-Specialty,34455,61615.98,12766356.67,1814337,1157,,33895,60654.58,12444439.66,1786163,,1138,,7220,6374084.66,,26672,6364079.85,,563,28192.16,,29745,10400858.2,,4710,2365498.47,,29972,11998020.42,,4483,768336.25,150,8032.95,2944,42,0.43535045711798,,,,,,462,22616.44,284,,105,106741.01,,18,74.00172860847,19,649,358,131,629,528,14,,1034,,0,96,814,343,1.4189684001342
1568618742,Frangas,Alexander,,M.D.,I,30 Newbridge Rd,Suite 200,East Meadow,NY,36,11554,1,"Metropolitan area core: primary flow within an urbanized area of 50,000 and greater",US,Internal Medicine,Claim-Specialty,5314,12102.72,537938.07,351245,847,,5074,11601.52,504585.46,336653,,815,,570,362899.9,,4703,173340.89,,41,1697.28,,1115,209641.28,,4199,328296.79,,731,182892.77,,4583,355045.3,43,1314.86,928,23,0.80918328942416,,,,,,266,2570.91,185,*,,,*,,74.205430932704,32,451,270,94,476,371,726,22,17,40,0,42,62,785,1.0110921720094
1568641827,Lupski,Robert,S,RPH,I,403 William Floyd Pkwy,,Shirley,NY,36,11967,1,"Metropolitan area core: primary flow within an urbanized area of 50,000 and greater",US,Pharmacist,NPPES-Taxonomy,41,41,7273.71,41,36,"#",,,,,"#",,,41,7273.71,,0,0,,0,0,,22,3833.64,,19,3440.07,*,,,"#",,,0,0,0,0,0,0,0,0,0,,0,0,0,*,,,*,,75.416666666667,,,,,17,19,22,,0,,0,,,,0.99963888888889
1568648020,Schumaker,Beth Marie,I,RPH,I,1901 2nd Ave,,Watervliet,NY,36,12189,1,"Metropolitan area core: primary flow within an urbanized area of 50,000 and greater",US,Pharmacist,NPPES-Taxonomy,30,30,7539.5,30,27,"#",,,,,"#",,,30,7539.5,,0,0,,0,0,"#",,,*,,,*,,,"#",,,0,0,0,0,0,0,0,0,0,,0,0,0,*,,,*,,73.222222222222,,,,,14,13,24,,0,,0,0,,,1.0833765432099
1568700524,Shmain,Eugene,,PHARMD,I,1419 Newkirk Ave,,Brooklyn,NY,36,11226,1,"Metropolitan area core: primary flow within an urbanized area of 50,000 and greater",US,Pharmacist,NPPES-Taxonomy,93,95,23629.51,211,86,"#",,,,,"#",,,92,23591.08,*,,,"#",,,,35,8656.71,,58,14972.8,,19,4412.7,,74,19216.81,0,0,0,0,0,0,0,0,0,,0,0,0,*,,,*,,73.46511627907,,,,,52,34,39,35,,,0,,17,69,0.91181104651163
1568717916,Karmally,Rachel,,M.D.,I,1425 Portand Avenue,,Rochester,NY,36,14621,1,"Metropolitan area core: primary flow within an urbanized area of 50,000 and greater",US,Internal Medicine,Claim-Specialty,5578,11254.71,767663.92,327343,557,,4649,9554.34,591056.19,278207,,445,,953,657166.15,,4492,104022.16,,133,6475.61,,3989,563567.24,,1589,204096.68,,3037,480000.93,,2541,287662.99,204,3785.36,5185,49,3.6572248117605,,,,,,70,37489.18,43,*,,,*,,71.166965888689,112,241,148,56,359,198,69,463,,15,0,,253,304,2.1591584782503
1568738540,Hodges,Mark,H,M.D.,I,601 Elmwood Ave,Box Med,Rochester,NY,36,14642,1,"Metropolitan area core: primary flow within an urbanized area of 50,000 and greater",US,Internal Medicine,Claim-Specialty,9729,22687.42,836268.38,665195,813,,9187,21737.15,770328.03,637892,,778,,889,613088.24,,8711,217955.83,,129,5224.31,,7899,680850.75,,1830,155417.63,,1074,116592.98,,8655,719675.4,338,10391.47,8436,65,3.4741494500976,56,5861.04,1630,,16.568047337278,208,29522,115,,19,200.28,*,,75.183271832718,35,363,307,108,466,347,695,40,,11,,58,63,750,1.0279959072356
1568753416,Silverio,Grace,,FNP,I,45 Foster Rd,,Hopewell Junction,NY,36,12533,1,"Metropolitan area core: primary flow within an urbanized area of 50,000 and greater",US,Nurse Practitioner,Claim-Specialty,6212,12476.5,639132.91,361612,541,,5164,10513.6,543916.94,305566,,462,,809,535739.04,,5341,99731.44,,62,3662.43,,3109,353001.09,,3103,286131.82,,1626,204666.12,,4586,434466.79,218,4183.84,4816,46,3.5093367675467,0,0,0,0,0,262,2719.29,189,,28,1888.39,,14,71.637707948244,79,268,146,48,355,186,440,19,23,33,0,26,103,438,1.0731587645181
1568753978,Daly,Ian,T,M.D.,I,5700 W Genesee St,"Family Care Medical Group, Ste. 109n",Camillus,NY,36,13031,1,"Metropolitan area core: primary flow within an urbanized area of 50,000 and greater",US,Family Practice,Claim-Specialty,6043,13568.25,454729.59,396051,480,,5739,12938.64,398520.94,377580,,462,,471,351572.13,,5527,102156.69,,45,1000.77,,4267,351389.81,,1776,103339.78,,694,82447.56,,5349,372282.03,88,1833.28,2236,18,1.4562303491643,0,0,0,0,0,120,2119.44,93,,13,262.28,*,,74.58125,18,237,169,56,257,223,447,,,,0,16,36,444,1.1391256944444
1568758076,Xia,Yingqiu,,M.D.,I,27005 76th Ave,,New Hyde Park,NY,36,11040,1,"Metropolitan area core: primary flow within an urbanized area of 50,000 and greater",US,Internal Medicine,Claim-Specialty,1565,2859.91,144611.28,82737,118,,1547,2817.91,144359.49,81506,"#",,,174,102298.21,,1358,41835.37,,33,477.7,,1293,125690.92,,272,18920.36,,1178,124183.54,,387,20427.74,0,0,0,0,0,0,0,0,0,,36,205,30,*,,,*,,72.932203389831,,,,,67,51,,,105,,0,,63,55,0.85034393943603
1568758084,Dimarco,Francis,J,PHARM D,I,199 Brook St,,Scarsdale,NY,36,10583,1,"Metropolitan area core: primary flow within an urbanized area of 50,000 and greater",US,Pharmacist,NPPES-Taxonomy,156,156,43463.3,193,153,,156,156,43463.3,193,,153,,146,43288.92,*,,,*,,,,21,5600.12,,135,37863.18,*,,,"#",,,0,0,0,0,0,0,0,0,0,,,,,,0,0,,0,77.875816993464,0,52,75,26,95,58,145,0,0,,0,,,,1.1084466718519
1568771996,Mcgeachy,Ogadinma,O,M.D.,I,444 Merrick Rd Ste Ll3,,Lynbrook,NY,36,11563,1,"Metropolitan area core: primary flow within an urbanized area of 50,000 and greater",US,Family Practice,Claim-Specialty,1360,3181,199409.04,93204,137,,1111,2750.64,124439.2,80730,,122,,253,151787.34,,1073,46689.55,,34,932.15,,1035,183297.6,,325,16111.44,,746,167681.27,,614,31727.77,0,0,0,0,0,0,0,0,0,,12,45.51,12,*,,,*,,71.598540145985,15,75,,,105,32,13,96,,13,,12,61,76,1.0001750868156
1568786614,Grgas-Grando,Natasha,,PHARMD,I,7321 Kissena Blvd,,Flushing,NY,36,11367,1,"Metropolitan area core: primary flow within an urbanized area of 50,000 and greater",US,Pharmacist,NPPES-Taxonomy,23,23,6936.56,23,23,,23,23,6936.56,23,,23,,23,6936.56,,0,0,,0,0,*,,,"#",,,,0,0,,23,6936.56,0,0,0,0,0,0,0,0,0,,0,0,0,,0,0,,0,75.652173913043,0,12,,,12,11,14,,,,0,,0,23,1.0700434782609
1568831998,Weng,Shuangshuang,,FNP,I,2035 120th St,2fl,College Point,NY,36,11356,1,"Metropolitan area core: primary flow within an urbanized area of 50,000 and greater",US,Nurse Practitioner,Claim-Specialty,4268,4532.88,207170.91,127770,273,,1021,1111.74,50919,30662,,72,,428,127401.73,,3809,79221.39,,31,547.79,,1129,37360.26,,3139,169810.65,,4239,206776.29,,29,394.62,0,0,0,0,0,0,0,0,0,,46,947.59,33,,0,0,,0,51.769230769231,201,51,,,111,162,51,91,13,108,,,254,19,0.79236053146179
1568843720,Thomason,Rebecca,C,NP,I,418 S Hamilton St Ste 109,,Painted Post,NY,36,14870,4,"Micropolitan area core: primary flow within an urban cluster of 10,000 to 49,999",US,Nurse Practitioner,Claim-Specialty,3484,6969.96,486004.6,205074,159,,2529,5240.75,353747.66,154228,,123,,463,400125.59,,2989,85037.65,,32,841.36,,2741,394626.93,,743,91377.67,,1614,314089.56,,1870,171915.04,23,342.57,611,11,0.6601607347876,0,0,0,0,0,37,17506.19,25,*,,,*,,69.308176100629,36,73,37,13,111,48,151,,0,,0,,61,98,1.1209392033543
1578012571,Hayward,Jean,E,FNP,I,250 Skillman St Ste 202,,Brooklyn,NY,36,11205,1,"Metropolitan area core: primary flow within an urbanized area of 50,000 and greater",US,Nurse Practitioner,Claim-Specialty,1973,2199.78,209833.92,47393,326,,1726,1915.27,186916.78,39996,,290,,363,173066.7,,1593,36340.66,,17,426.56,,984,59236.87,,989,150597.05,,1732,190921.49,,241,18912.43,49,1016.08,709,29,2.4835276229093,,,,,,81,1324.01,64,,58,7170.74,,24,76.730061349693,36,92,113,85,207,119,255,20,,41,,,258,68,2.2119298743954
1578174322,Gugino,Julia,R,PHARMD,I,9050 Erie Rd,,Angola,NY,36,14006,1,"Metropolitan area core: primary flow within an urbanized area of 50,000 and greater",US,Pharmacist,NPPES-Taxonomy,17,17,4551.37,17,17,,17,17,4551.37,17,,17,,17,4551.37,,0,0,,0,0,"#",,,*,,,*,,,"#",,,0,0,0,0,0,0,0,0,0,,0,0,0,,0,0,,0,72.588235294118,0,,,0,,,16,,0,0,0,,,,1.1510556304585
1578234654,Chen,Dong Qun,,PA-C,I,750 E Adams St,,Syracuse,NY,36,13210,1,"Metropolitan area core: primary flow within an urbanized area of 50,000 and greater",US,Physician Assistant,Claim-Specialty,9901,18227.99,2183271.73,530490,1268,,9734,17977.19,2161726.39,523401,,1242,,2070,1822360.34,,7624,356460.18,,207,4451.21,,8865,1894651.62,,1036,288620.11,,9679,2167393.59,,222,15878.14,,,,,,,,,,,168,3391.81,158,,31,1177.63,,11,76.257097791798,26,617,354,271,727,541,,,1234,11,0,13,1209,59,1.5296285941641
1578505392,Uribe,Alejandra,M,D.O.,I,71 Metropolitan Oval,"Boro Medical, P.C,",Bronx,NY,36,10462,1,"Metropolitan area core: primary flow within an urbanized area of 50,000 and greater",US,Family Practice,Claim-Specialty,7504,14349.3,1660632.6,422124,444,,6584,12773.95,1454684.95,376018,,389,,1396,1472137.34,,5899,181134.28,,209,7360.98,,6891,1503742.54,,613,156890.06,,7007,1586218.97,,497,74413.63,49,277.77,1035,18,0.65298507462687,0,0,0,0,0,32,361.57,27,,47,349.04,,11,73.148648648649,55,204,132,53,319,125,11,62,,362,0,,381,63,1.4566927779213
1578509774,Huang,Hua,,MD,I,136-30 Maple Ave,2b,Flushing,NY,36,11355,1,"Metropolitan area core: primary flow within an urbanized area of 50,000 and greater",US,Internal Medicine,Claim-Specialty,1814,2886.25,1057021.42,83552,124,"#",,,,,"#",,"#",,,,1630,113166.1,*,,,,1685,853637.04,,129,203384.38,,1680,1035505.36,,134,21516.06,0,0,0,0,0,0,0,0,0,,21,322.33,17,*,,,*,,73.403225806452,,,,,67,57,,,115,,0,,112,12,0.97764262800283
1578547006,Field,Jonathan,,MD,I,10 Union Sq E,,New York,NY,36,10003,1,"Metropolitan area core: primary flow within an urbanized area of 50,000 and greater",US,Allergy/ Immunology,Claim-Specialty,5072,5317.23,1174154.07,27559,4005,,4714,4925.18,1020519.87,23243,,3786,,4636,1156237.37,"#",,,*,,,,1636,322637.26,,3436,851516.80999999,,810,255329.58,,4262,918824.48999998,,,,,,,,,,,37,996.38,27,,0,0,,0,73.111360799001,219,2233,1281,272,2284,1721,3124,186,139,348,0,208,537,3468,0.92580875740663
1578551560,Shen,Tsun,Y,M.D.,I,268 Canal St,,New York,NY,36,10013,1,"Metropolitan area core: primary flow within an urbanized area of 50,000 and greater",US,Internal Medicine,NPPES-Specialty,4396,8724.67,691585.1,258267,328,,4278,8438.67,665139.33,249749,,316,,734,542006.72,,3546,146473.95,,116,3104.43,,3956,597640.93,,440,93944.17,,4266,688762.64,,130,2822.46,0,0,0,0,0,0,0,0,0,,,,,,0,0,,0,73.143292682927,12,189,95,32,142,186,,0,319,,0,,309,19,1.0725703863872
1578578977,Cichetti,Joanne,W,MD,I,38 Hospital Dr,,Massena,NY,36,13662,4,"Micropolitan area core: primary flow within an urban cluster of 10,000 to 49,999",US,Internal Medicine,Claim-Specialty,10197,18347.12,1149788.63,518743,598,,9518,17283.65,1016590.38,488314,,554,,1673,872040.15,,8457,274824.3,,67,2924.18,,3089,409873.22,,7108,739915.41,,6203,678829.31,,3994,470959.32,150,6163.02,3199,53,1.4710208884966,35,4475.62,948,,23.333333333333,103,5025.27,65,,151,67725.82,,24,76.628762541806,44,208,200,146,445,153,566,,,,,17,259,339,1.6828519058485
1578592978,Schneider,Michael,S,M.D.,I,2400 S Clinton Ave,Bldg H Ste 230,Rochester,NY,36,14618,1,"Metropolitan area core: primary flow within an urbanized area of 50,000 and greater",US,Internal Medicine,Claim-Specialty,11531,25170.66,904017.78,728428,1105,,11127,24521.23,852032.7,709885,,1052,,1031,630010.99,,10365,268919.42,,135,5087.37,,10137,724941.1,,1394,179076.68,,1018,123524.51,,10513,780493.27,255,8349.84,5750,59,2.2114300581042,26,3435.69,780,,10.196078431373,377,9111.38,223,,53,2249.35,,13,75.064253393665,53,525,359,168,566,539,925,72,,20,,81,85,1020,1.0306848606956
1578593323,Rajan,Sujatha,,M.D,I,21414 Hillside Ave,,Queens Village,NY,36,11427,1,"Metropolitan area core: primary flow within an urbanized area of 50,000 and greater",US,Internal Medicine,Claim-Specialty,3167,7987.1,496918.84,237806,162,,2961,7582.97,479633.81,225857,,148,,430,433332.77,,2651,54997.78,,86,8588.29,,2523,411674.7,,644,85244.14,,1970,343287.14,,1197,153631.7,0,0,0,0,0,0,0,0,0,,35,288.52,31,*,,,*,,73.185185185185,14,83,49,16,110,52,,37,56,24,,34,92,70,1.3375471277561
1578625737,Ngai,Yi,,M.D.,I,13338 41st Rd,Suite Co-3,Flushing,NY,36,11355,1,"Metropolitan area core: primary flow within an urbanized area of 50,000 and greater",US,Family Practice,Claim-Specialty,22140,37337.94,5205330.86,1091691,760,,21893,36878.54,5127129.03,1078091,"#",,,6053,4644704.32,,15689,547313.01,,398,13313.53,,20985,4889330.76,,1155,316000.1,,20668,4925531.15,,1472,279799.71,12,322.89,360,,0.05420054200542,0,0,0,,0,243,4108.66,172,,20,12132.27,*,,75.743421052632,,,,,473,287,,,728,,0,,646,114,1.1925125180885
1578632899,Canavire Weber,Carla,,DO,I,1745 Union Blvd,,Bay Shore,NY,36,11706,1,"Metropolitan area core: primary flow within an urbanized area of 50,000 and greater",US,Family Practice,Claim-Specialty,15528,34259.52,2719378.16,1003993,998,,12968,29060.32,2191681.68,852581,,819,,2380,2381969.72,,12718,315556.66,,430,21851.78,,12786,2231113.85,,2742,488264.31,,12417,2408072.57,,3111,311305.59,162,3209.99,3375,44,1.0432766615147,,,,,,240,43350.37,140,,57,14940.84,,15,70.64629258517,179,486,249,84,630,368,113,90,,764,,24,728,270,1.3876255733858
1578694683,Singh,Nisha,,M.D.,I,8100 Oswego Rd,Suite 220,Liverpool,NY,36,13090,1,"Metropolitan area core: primary flow within an urbanized area of 50,000 and greater",US,Family Practice,Claim-Specialty,4560,10331.58,253326.6,297074,515,,4232,9665.31,216235.45,277943,,487,,428,171231.2,,4072,80805.91,,60,1289.49,,3505,208854.52,,1055,44472.08,,616,73500.29,,3944,179826.31,54,616.29,1259,20,1.1842105263158,,,,,,239,1565.15,179,,11,196.87,*,,73.328155339806,28,279,162,46,382,133,478,,,,0,19,47,468,0.98575415941117
1578743944,Decker,Paula,J,PHARMCIST,I,615 S Meadow St,,Ithaca,NY,36,14850,1,"Metropolitan area core: primary flow within an urbanized area of 50,000 and greater",US,Pharmacist,NPPES-Taxonomy,103,103,28609.01,132,94,"#",,,,,"#",,,103,28609.01,,0,0,,0,0,,63,17257.24,,40,11351.77,,25,7262.9,,78,21346.11,0,0,0,0,0,0,0,0,0,,0,0,0,*,,,*,,73.223404255319,,,,,55,39,83,,,,0,,22,72,0.85056737588652
1578806717,Sette,Laura,A,MD,I,60 Greece Center Dr Ste 4,,Rochester,NY,36,14612,1,"Metropolitan area core: primary flow within an urbanized area of 50,000 and greater",US,Internal Medicine,Claim-Specialty,4138,9555.99,441216.38,278789,372,,3628,8632.52,327006.35,252580,,332,,514,352582.49,,3566,86526.32,,58,2107.57,,3512,375490.01,,626,65726.37,,938,167063.21,,3200,274153.17,76,1695.29,2065,14,1.8366360560657,,,,,,71,603.42,51,*,,,*,,72.08064516129,40,193,95,44,213,159,329,15,,,0,19,70,302,1.020136515154
1578966289,Tolentino Guerrero,Bryan,E,MD,I,975 Westchester Ave,,Bronx,NY,36,10459,1,"Metropolitan area core: primary flow within an urbanized area of 50,000 and greater",US,Internal Medicine,Claim-Specialty,2959,4998.99,2512498,147924,148,,2161,3838.12,1621174.25,113758,,108,,906,2386383.12,,1976,123055.87,,77,3059.01,,2637,2124314.66,,322,388183.34,,2710,2359008.42,,249,153489.58,,,,,,,,,,,11,73.4,,,0,0,,0,66.513513513514,40,85,,,71,77,,55,,78,0,,134,14,1.5913905710435
1588010284,Congdon,Seth,,M.D.,I,111 E 210th St,,Bronx,NY,36,10467,1,"Metropolitan area core: primary flow within an urbanized area of 50,000 and greater",US,Internal Medicine,Claim-Specialty,2091,4220.84,446501.74,124282,228,,1656,3386.7,337373.16,99905,,176,,442,393804.4,,1584,49207.15,,65,3490.19,,1694,386085.29,,397,60416.45,,1916,424163.7,,175,22338.04,53,1766.5,1403,18,2.5346724055476,,,,,,,,,,26,1475.61,*,,70.109649122807,52,92,63,21,141,87,21,53,,134,,,186,42,1.7785226057852
1588071450,Hu,Yuhe,,"AGPCNP-BC,MSN",I,13626 37th Ave,,Flushing,NY,36,11354,1,"Metropolitan area core: primary flow within an urbanized area of 50,000 and greater",US,Nurse Practitioner,NPPES-Specialty,3045,3820.22,414528.13,110119,225,,3005,3768.22,407719.45,108719,"#",,,643,333026.76,,2323,80439.31,,79,1062.06,,3012,412748.79,,33,1779.34,,2942,410204.81,,103,4323.32,0,0,0,0,0,0,0,0,0,,56,468.79,40,*,,,*,,71.648888888889,,,,,119,106,,,217,,0,,201,24,0.96800803872922
1588127252,Zarcone,Gina,M,PHARMD,I,1433 Culver Rd,,Rochester,NY,36,14609,1,"Metropolitan area core: primary flow within an urbanized area of 50,000 and greater",US,Pharmacist,NPPES-Taxonomy,54,56,13354.09,146,50,"#",,,,,"#",,,53,13335.94,*,,,"#",,,"#",,,*,,,,12,2942.58,,42,10411.51,0,0,0,0,0,0,0,0,0,,0,0,0,*,,,*,,72.84,,,,,29,21,33,14,,,0,0,,,0.91549
1588621395,Lerrick,Kenneth,S,M.D.,I,13916 91st Ave,,Jamaica,NY,36,11435,1,"Metropolitan area core: primary flow within an urbanized area of 50,000 and greater",US,Internal Medicine,Claim-Specialty,11884,11977.05,916812.44,342306,421,,8249,8324.08,544320.27,237545,,306,,1670,655528.76,,10007,250615.29,,207,10668.39,,3282,309629.24,,8602,607183.2,,11485,892653.88,,399,24158.56,68,1088.65,1799,15,0.57219791316055,0,0,0,0,0,193,3443.19,124,,52,19864.59,,18,69.517814726841,115,184,83,39,177,244,289,83,,31,,14,392,29,2.2539161823962
1588623714,Pfalzer,David,F,MD,I,2914 Elmwood Ave,,Kenmore,NY,36,14217,1,"Metropolitan area core: primary flow within an urbanized area of 50,000 and greater",US,Family Practice,Claim-Specialty,9435,22156.67,728775.58,648057,642,,9233,21790.28,713692.4,637995,,613,,952,530932.52,,8358,192621.48,,125,5221.58,,7726,575886.46,,1709,152889.12,,805,105121.65,,8630,623653.93,169,2018.11,3363,51,1.7912029676736,0,0,0,0,0,224,2778.62,133,,113,4505.9,,36,73.923676012461,29,350,193,70,330,312,593,16,,,0,22,60,582,1.0051709846735
1588643423,Keenen,Charles,H,MD,I,37 W Garden St,Suite 102,Auburn,NY,36,13021,4,"Micropolitan area core: primary flow within an urban cluster of 10,000 to 49,999",US,Family Practice,Claim-Specialty,4406,9268.19,966710.7,272089,226,,3556,7883.74,780498.43,231296,,202,,863,849633.78,,3409,102212.21,,134,14864.71,,2428,509672.17,,1978,457038.53,,1801,489804.88,,2605,476905.82,108,5142.62,3144,23,2.4512029051294,16,2054.03,471,,14.814814814815,58,927.88,38,*,,,*,,73.353982300885,24,112,60,30,111,115,205,,,,0,,55,171,1.3637717383609
1588644991,Patel,Girish,,M.D.,I,765 Amsterdam Ave,"#1f",New York,NY,36,10025,1,"Metropolitan area core: primary flow within an urbanized area of 50,000 and greater",US,Internal Medicine,Claim-Specialty,29218,55467.36,2660055.87,1594402,1603,,26986,51587.34,2349861.32,1482854,,1485,,3275,2056601.98,,25679,595822.88,,264,7631.01,,21067,1826328.53,,8151,833727.34,,21213,2035627.53,,8005,624428.34,260,7410.05,5104,63,0.88986241358067,36,4633.43,611,,13.846153846154,628,9223.78,393,,464,25913.86,,95,75.648159700561,118,654,560,271,1002,601,361,447,,638,,80,889,714,1.3353594060225
1588653109,Merker,Edward,L,M.D.,I,180 Marble Ave,,Pleasantville,NY,36,10570,1,"Metropolitan area core: primary flow within an urbanized area of 50,000 and greater",US,Family Practice,Claim-Specialty,6762,11111.74,655823.32,316142,511,,6709,11008.74,652249.45,313101,,498,,990,528555.5,,5701,122787.87,,71,4479.95,,822,44674.06,,5940,611149.26,,1965,205508.4,,4797,450314.92,44,690.03,775,17,0.65069506063295,,,,,,228,25862.71,112,,85,14330.33,,16,79.299412915851,13,153,188,157,186,325,455,,,,0,33,86,425,1.256991611799
1588667893,Maclean,Craig,K,DO,I,3040 Amsdell Rd,,Hamburg,NY,36,14075,1,"Metropolitan area core: primary flow within an urbanized area of 50,000 and greater",US,Family Practice,Claim-Specialty,11044,28160.23,1442622.56,829295,763,,10438,26779.15,1307048.28,788875,,719,,1367,1166312.21,,9595,272853.26,,82,3457.09,,8816,1108700.34,,2228,333922.22,,1916,354730.81,,9128,1087891.75,154,11473.34,3112,36,1.394422310757,15,4288.23,401,,9.7402597402597,194,3169.1,131,,36,6647.13,,13,74.583224115334,44,353,258,108,359,404,736,,0,,0,16,108,655,1.2538160596753
1588672307,Rizvon,Javida,,MD,I,2201 Hempstead Tpke,,East Meadow,NY,36,11554,1,"Metropolitan area core: primary flow within an urbanized area of 50,000 and greater",US,Internal Medicine,Claim-Specialty,4078,4111.04,350338.86,104311,155,,3617,3650.04,258747.68,92941,,141,"#",,,,3150,107539.03,*,,,,1984,118472.38,,2094,231866.48,,3958,345182.89,,120,5155.97,27,981.28,687,,0.6620892594409,0,0,0,,0,63,2574.46,37,,131,22037.39,,18,79.193548387097,14,38,48,55,108,47,48,20,69,,,12,,,2.1036918559564
1588679989,Cichetti,Neil,J,MD,I,38 Hospital Dr,North Country Adult Medicine,Massena,NY,36,13662,4,"Micropolitan area core: primary flow within an urban cluster of 10,000 to 49,999",US,Internal Medicine,Claim-Specialty,13014,25734.37,1555362.4,733532,797,,12098,24016.28,1461739.31,683372,,733,,1952,1242511.67,,10970,308126.63,,92,4724.1,,5278,664246.72,,7736,891115.68,,6294,642329.1,,6720,913033.3,223,7530.21,5401,71,1.7135392654065,38,4408.41,1033,11,17.040358744395,163,7641.89,107,,201,96234.69,,37,76.138017565872,64,302,253,178,384,413,753,,,,,20,292,505,1.6371845618512
1649553470,Bohunicky,Brian,A,,I,37 Pennsylvania Ave,,Binghamton,NY,36,13903,1,"Metropolitan area core: primary flow within an urbanized area of 50,000 and greater",US,Pharmacist,NPPES-Taxonomy,121,121,29813.14,121,101,"#",,,,,"#",,,121,29813.14,,0,0,,0,0,,67,16759.74,,54,13053.4,*,,,"#",,,0,0,0,0,0,0,0,0,0,,0,0,0,*,,,*,,73.019801980198,,,,,55,46,79,,,,0,,,,1.0216132170897
1649566159,Yeboah,Kenneth,A,M.D,I,800 Red Mills Rd,,Wallkill,NY,36,12589,1,"Metropolitan area core: primary flow within an urbanized area of 50,000 and greater",US,Internal Medicine,NPPES-Specialty,1112,1689.51,178124.51,47786,102,"#",,,,,"#",,,235,150065.45,,858,27742.57,,19,316.49,,35,8070.65,,1077,170053.86,,1076,175158.01,,36,2966.5,,,,,,,,,,,22,625.3,16,*,,,*,,72.205882352941,,,,,43,59,77,13,,,0,,84,18,0.82052124183007
1649579145,Valley,Katie,J,F.N.P.,I,2125 River Rd,Suite 303,Schenectady,NY,36,12309,1,"Metropolitan area core: primary flow within an urbanized area of 50,000 and greater",US,Nurse Practitioner,Claim-Specialty,8264,8270.25,569021.14,199511,247,,8084,8090.25,562999.96,194804,"#",,,1718,377452.19,,6498,191149.95,,48,419,,4602,335657.08,,3662,233364.06,,7753,536011.42,,511,33009.72,320,12854.34,4857,71,3.8722168441433,38,9974.76,705,,11.875,317,7059.34,90,,242,14346.17,*,,85.105263157895,,,,,163,84,238,,0,,0,,213,34,2.2712607067834
1649593575,Bardini,Jacqueline,,,I,1775 E Main St,,Mohegan Lake,NY,36,10547,1,"Metropolitan area core: primary flow within an urbanized area of 50,000 and greater",US,Pharmacist,NPPES-Taxonomy,26,26,6884.04,26,24,,26,26,6884.04,26,,24,,26,6884.04,,0,0,,0,0,,12,3230.53,,14,3653.51,*,,,"#",,,0,0,0,0,0,0,0,0,0,,0,0,0,,0,0,,0,72.791666666667,0,17,,,,,18,,,,0,,,,0.90283333333333
1649596552,Hosaka,Mia,,D.O.,I,2 Clara Barton Dr,Suite 201,Albany,NY,36,12208,1,"Metropolitan area core: primary flow within an urbanized area of 50,000 and greater",US,Family Practice,Claim-Specialty,2727,6290.27,119980.21,184062,331,,2637,6119.8,114319.17,179187,,309,,311,81343.55,,2368,37581.75,,48,1054.91,,2727,119980.21,,0,0,,450,43666.12,,2277,76314.09,115,2132.86,2563,39,4.2170883755042,,,,,,38,26114.83,24,,12,119.28,*,,74.090634441088,22,148,130,31,201,130,255,42,,,,19,42,289,1.1149787424222
1649615923,King,Jessica,S,DO,I,481 Route 11,,Champlain,NY,36,12919,10,"Rural areas: primary flow to a tract outside a urbanized area of 50,000 and greater or UC",US,Family Practice,NPPES-Specialty,10763,23580.09,1556096.43,683138,866,,7489,17704.64,1019404.08,515116,,655,,1657,1277684.69,,8958,268077.78,,148,10333.96,,7928,1163455.98,,2835,392640.45,,6501,1186039.2,,4262,370057.23,473,60184.67,10917,122,4.3946854966088,107,52849.9,3004,30,22.62156448203,164,59076.24,105,,59,6731.23,,16,69.484988452656,211,380,180,95,536,330,843,,,,0,17,427,439,1.0874614844043
1649724386,Liao,Lucy,,NP,I,"19 Bowery, 2fl., Ste. 8",,New York,NY,36,10002,1,"Metropolitan area core: primary flow within an urbanized area of 50,000 and greater",US,Nurse Practitioner,Claim-Specialty,9452,12668.97,1976179.87,365863,640,,9391,12583.84,1926395.32,363502,,623,,2163,1746377.76,,7176,226339.33,,113,3462.78,,9169,1923239.12,,283,52940.75,,9066,1908465.57,,386,67714.3,,,,,,,,,,,180,940.99,135,,72,976.8,,17,74.5421875,17,357,177,89,333,307,,,616,,0,,579,61,1.1721577015565
1649792896,Brifkani,Cheleng,,,I,100 Sunset Dr,,Newark,NY,36,14513,4,"Micropolitan area core: primary flow within an urban cluster of 10,000 to 49,999",US,Internal Medicine,Claim-Specialty,5773,6011.42,599403.75,130669,313,,5288,5504.03,545955.73,121190,,288,"#",,,,4691,88977.73,*,,,,4270,485130.74,,1503,114273.01,,4917,548551.04,,856,50852.71,58,4009.1,1068,32,1.0046769443963,17,3574.65,459,,29.310344827586,140,3496.41,59,,170,13324.79,,38,78.223642172524,25,82,113,93,204,109,267,23,,,0,,247,66,2.8476708482421
1649909912,Omar,Mohamed,,,I,205 8th Ave,,New York,NY,36,10011,1,"Metropolitan area core: primary flow within an urbanized area of 50,000 and greater",US,Pharmacist,NPPES-Taxonomy,43,43,11947.29,43,43,"#",,,,,"#",,,43,11947.29,,0,0,,0,0,*,,,"#",,,*,,,"#",,,0,0,0,0,0,0,0,0,0,,0,0,0,*,,,*,,75.767441860465,,,,,27,16,38,0,,,0,,,,0.98523255813953
1649937939,George,Merin,N,RPH,I,3705 Hampton Rd,,Oceanside,NY,36,11572,1,"Metropolitan area core: primary flow within an urbanized area of 50,000 and greater",US,Pharmacist,NPPES-Taxonomy,19,19,3382.2,19,19,,19,19,3382.2,19,,19,,19,3382.2,,0,0,,0,0,*,,,"#",,,*,,,"#",,,0,0,0,0,0,0,0,0,0,,0,0,0,,0,0,,0,74.473684210526,0,,,0,,,17,,,0,0,0,,,0.61751754385965
1649981663,Todd,Donteeno,,,I,5564 Broadway,,Bronx,NY,36,10463,1,"Metropolitan area core: primary flow within an urbanized area of 50,000 and greater",US,Pharmacist,NPPES-Taxonomy,24,24,7368.63,24,24,,24,24,7368.63,24,,24,,24,7368.63,,0,0,,0,0,,13,4061.93,,11,3306.7,*,,,"#",,,0,0,0,0,0,0,0,0,0,,0,0,0,,0,0,,0,74.166666666667,0,15,,,,,11,,0,,0,,,,0.92922916666667
1659305217,Noteroglu,Emre,H,M.D.,I,600 Mamaroneck Ave,,Harrison,NY,36,10528,1,"Metropolitan area core: primary flow within an urbanized area of 50,000 and greater",US,Internal Medicine,Claim-Specialty,13940,31004.32,1334195.86,905695,1320,,13680,30525.15,1306204.9,891922,,1299,,1383,1052215.89,,12435,278916.83,,122,3063.14,,1998,194324.81,,11942,1139871.05,,2063,274658,,11877,1059537.86,86,774.24,1421,34,0.61692969870875,,,,,,542,27790.39,348,,149,7531.13,,35,80.379545454545,21,337,513,449,783,537,1097,73,42,44,0,64,132,1188,1.2369863408819
1659308302,Pietropaoli,Robert,C,M.D.,I,2400 S Clinton Ave,Bldg H Suite 110,Rochester,NY,36,14618,1,"Metropolitan area core: primary flow within an urbanized area of 50,000 and greater",US,Internal Medicine,Claim-Specialty,5786,13140.95,412063.74,385364,432,,5625,12842.52,405142.82,376622,,419,,545,280488.15,,5182,128718.21,,59,2857.38,,4985,340560.9,,801,71502.84,,500,33853.12,,5286,378210.62,153,6334.8,2955,30,2.6443138610439,,,,,,118,1131.71,77,*,,,*,,75.337962962963,13,200,162,57,189,243,381,,,,0,35,36,396,0.98235569617583
1659308443,Kane,Andrew,M,M.D.,I,995 Senator Keating Blvd,Suite 200 Bldg E,Rochester,NY,36,14618,1,"Metropolitan area core: primary flow within an urbanized area of 50,000 and greater",US,Internal Medicine,Claim-Specialty,9542,20728.55,846135.24,610180,765,,8831,19502.65,756724.65,574588,,733,,1035,630690.19,,8397,211506.83,,110,3938.22,,8701,784715.56,,841,61419.68,,1347,204272.78,,8195,641862.46,229,9388.63,5649,49,2.3999161601341,22,3652.15,660,,9.6069868995633,145,1452.18,104,*,,,*,,74.78431372549,32,354,294,85,432,333,650,51,11,,,45,71,694,1.0263240061048
1659310209,Adams,Robin,E,F.N.P.,I,700 South Perry St.,Johnstown Pediatric Health Center,Johnstown,NY,36,12095,4,"Micropolitan area core: primary flow within an urban cluster of 10,000 to 49,999",US,Nurse Practitioner,NPPES-Specialty,46,48,8611.61,173,30,"#",,,,,"#",,,43,8562.19,*,,,*,,,,33,5839.76,,13,2771.85,*,,,"#",,,0,0,0,0,0,0,0,0,0,,,,,*,,,*,,75,,,,,12,18,28,,0,0,0,,,,0.7976
1659317980,Stephens,Micheal,D,M.D.,I,110 W Utica St,,Oswego,NY,36,13126,4,"Micropolitan area core: primary flow within an urban cluster of 10,000 to 49,999",US,General Practice,Claim-Specialty,6140,13415.9,777501.96,391798,713,,5693,12596.22,719886.42,368693,,657,,734,628228.87,,5349,145569.59,,57,3703.5,,3709,469638.14,,2431,307863.82,,834,139109.92,,5306,638392.04,146,4546.74,3571,52,2.3778501628664,13,1538.7,327,,8.9041095890411,110,1407.19,76,,27,1612.22,*,,72.382889200561,56,397,200,60,366,347,689,,,,0,17,82,631,0.98854005775202
1659339976,Flaherty,Daniel,J,DO,I,1724 E Ridge Rd,,Rochester,NY,36,14622,1,"Metropolitan area core: primary flow within an urbanized area of 50,000 and greater",US,Family Practice,Claim-Specialty,13699,30284.08,1296310,887459,830,,12216,27866.8,1180187.97,817267,,768,,1425,988905.57,,12150,302663.9,,124,4740.53,,12199,1128773.02,,1500,167536.98,,2176,193008.05,,11523,1103301.95,648,17639.55,16583,123,4.7302722826484,22,4315.58,660,,3.3950617283951,244,3593.42,157,,55,2110.41,,13,73.813253012048,62,403,265,100,423,407,715,35,,26,,47,101,729,1.0335624093375
1659344653,Rahimian,Joseph,O,MD,I,31 Washington Sq West,,New York,NY,36,10011,1,"Metropolitan area core: primary flow within an urbanized area of 50,000 and greater",US,Infectious Disease,Claim-Specialty,1900,2654.32,1859423.29,73905,171,,1639,2347.85,1455886.07,65572,,152,"#",,,,1260,146802.48,*,,,,513,501756.66,,1387,1357666.63,,570,498292.13,,1330,1361131.16,,,,,,,,,,,228,106776.99,54,,0,0,,0,72.883040935673,19,85,51,16,37,134,127,15,,,0,13,37,134,1.5182794751662
1659345049,Roman,Rolando,R,MD,I,8854 180th St,,Jamaica,NY,36,11432,1,"Metropolitan area core: primary flow within an urbanized area of 50,000 and greater",US,Internal Medicine,Claim-Specialty,9616,25712.02,3049469.06,765068,335,,8896,23794.98,2773484.75,708009,,311,,1656,2749171.65,,7554,281642.8,,406,18654.61,,8332,2507875.36,,1284,541593.7,,5736,1744011.98,,3880,1305457.08,41,439.92,978,,0.42637271214642,0,0,0,,0,208,400163,101,,32,3553.03,,11,74.211940298507,24,147,129,35,185,150,,38,103,143,,40,175,160,1.3243295141584
1659353027,Cunningham,David,J,M.D.,I,3 Irongate Center,,Glens Falls,NY,36,12801,1,"Metropolitan area core: primary flow within an urbanized area of 50,000 and greater",US,Family Practice,Claim-Specialty,8813,17871.1,3037075.82,517075,633,,8075,16603.24,797194.67,480890,,592,,1128,2874566.04,,7610,159400.48,,75,3109.3,,5949,2721232.8,,2864,315843.02,,1522,2301657.02,,7291,735418.8,160,6493.97,3711,40,1.8154998297969,28,2927.63,796,,17.5,240,3486.82,133,,63,1712.02,,14,75.16429699842,41,253,241,98,315,318,603,,,,0,23,88,545,1.1152051800522
1659353068,Shong,Dong-Hong,,M.D.,I,"13668 Roosevelt Ave # 4a",,Flushing,NY,36,11354,1,"Metropolitan area core: primary flow within an urbanized area of 50,000 and greater",US,Internal Medicine,Claim-Specialty,43003,73550.200000001,4819286.93,2144028,2003,,42375,72632.730000001,4732467.73,2117521,,1963,,6046,3553990.54,,36320,1241190.7,,637,24105.69,,37422,4127914.95,,5581,691371.98,,36163,4324728.98,,6840,494557.95,33,123.5,539,14,0.076738832174499,0,0,0,0,0,704,4315.27,475,,99,1908.4,,21,74.760858711932,40,1084,592,287,1242,761,,,1937,13,0,45,1420,583,1.1689288477901
1659354983,Pignanelli,Eduardo,L,M.D.,I,2360 Amsterdam Ave,Ste M1,New York,NY,36,10033,1,"Metropolitan area core: primary flow within an urbanized area of 50,000 and greater",US,Internal Medicine,Claim-Specialty,27090,51423.38,3815412.82,1527073,1295,,24652,47179.24,3483935.64,1402260,,1168,,4221,3324962.32,,21771,470816.45,,1098,19634.05,,26148,3721274.25,,942,94138.57,,25455,3658839.29,,1635,156573.53,43,102.22,487,22,0.15873015873016,0,0,0,0,0,144,14496.4,110,,14,131.77,*,,72.392277992278,127,715,358,95,718,577,25,,,1254,0,,1150,145,1.3594148018816
1659364214,Oppenheimer,John,K,M.D.,I,60 Bay St,,Sag Harbor,NY,36,11963,1,"Metropolitan area core: primary flow within an urbanized area of 50,000 and greater",US,Internal Medicine,Claim-Specialty,4091,8243.6,860356.4,237645,219,,3981,8090.6,811526.41,233241,"#",,,681,724565.61,,3319,133953.79,,91,1837,,83,18348.82,,4008,842007.58,,149,86816.88,,3942,773539.52,106,4346.97,2392,23,2.5910535321437,25,2893.7,710,,23.584905660377,145,11855.18,83,,31,1341.89,*,,80.091324200913,,,,,134,85,204,,0,,0,,,,1.1263900304414
1659368223,Li,Billy,,M.D.,I,13 Elizabeth St,Room 301,New York,NY,36,10013,1,"Metropolitan area core: primary flow within an urbanized area of 50,000 and greater",US,Internal Medicine,Claim-Specialty,7062,10312.79,503863.95,292912,246,,7020,10245.69,500065.42,291243,"#",,,568,365263.35,,6471,137983.47,,23,617.13,,6684,449958.69,,378,53905.26,,6583,487526.21,,479,16337.74,48,292.81,300,28,0.67969413763806,0,0,0,0,0,191,1382.19,105,,46,17115.12,*,,73.288617886179,,,,,132,114,,,227,,0,,205,41,0.8834644259494
1659371078,Lam,Terry,,M.D.,I,80 Bowery,Suite 600,New York,NY,36,10013,1,"Metropolitan area core: primary flow within an urbanized area of 50,000 and greater",US,Internal Medicine,Claim-Specialty,4245,7256.16,406171.59,207603,177,,4163,7064.29,399615.3,202115,"#",,,489,291226.62,,3693,113624.34,,63,1320.63,,3841,336610.25,,404,69561.34,,3631,372511.03,,614,33660.56,0,0,0,0,0,0,0,0,0,,212,1373.43,89,,0,0,*,,73.790960451977,,,,,89,88,,0,170,,0,,138,39,1.0641779907695
1659380327,Rotoli,Dina,M,N.P.,I,1445 Portland Ave,Suite 108,Rochester,NY,36,14621,1,"Metropolitan area core: primary flow within an urbanized area of 50,000 and greater",US,Nurse Practitioner,Claim-Specialty,461,481.07,69963.61,5389,290,,409,429.07,64477.73,4931,,250,,237,66676.51,,224,3287.1,,0,0,,363,52932.59,,98,17031.02,,152,19302.52,,309,50661.09,0,0,0,0,0,0,0,0,0,,166,2181.35,89,,0,0,,0,73.896551724138,40,103,111,36,156,134,247,19,,11,,11,93,197,1.822782274378
1659471845,Waldman,Justine,L,MD,I,101 Dates Dr,,Ithaca,NY,36,14850,1,"Metropolitan area core: primary flow within an urbanized area of 50,000 and greater",US,Emergency Medicine,Claim-Specialty,1551,1615.4,387395.63,15449,1039,,1094,1104,311157.98,3061,,889,,1088,334705.07,,463,52690.56,,0,0,,887,226080.49,,664,161315.14,,585,129604.76,,966,257790.87,15,879.45,375,,0.96711798839458,,,,,,13,115.58,13,,0,0,,0,70.128007699711,150,550,274,65,553,486,930,26,,15,,64,221,818,0.92075158029712
1659476711,Nakamura,Chester,,MD,I,4 Coulter Rd,,Clifton Springs,NY,36,14432,2,"Metropolitan area high commuting: primary flow 30% or more to a urbanized area of 50,000 and greater",US,Internal Medicine,Claim-Specialty,17082,39450.42,1480494.61,1146689,1142,,15878,37127.33,1349901.69,1080549,,1083,,1986,1075021.09,,14811,389525.81,,285,15947.71,,13857,1184817.47,,3225,295677.14,,2534,266242.8,,14548,1214251.81,439,31422.54,9939,75,2.5699566795457,66,18591.86,1934,,15.03416856492,747,8025.65,412,,81,7598.31,,23,75.279334500876,59,509,402,172,639,503,1076,,,,0,50,118,1024,1.0045205496571
1659502235,Febrillet,Jose,P,R-PA,I,3410 Broadway,,New York,NY,36,10031,1,"Metropolitan area core: primary flow within an urbanized area of 50,000 and greater",US,Physician Assistant,NPPES-Specialty,13362,25058.67,2614103.3,740680,537,,11758,22356.18,2256039.93,660868,,462,,3802,2234323.61,,8926,363477.91,,634,16301.78,,12367,2405530.27,,995,208573.03,,12491,2488345.76,,871,125757.54,117,1398.24,906,67,0.87561742254154,0,0,0,0,0,90,972.98,72,,184,5663.27,,48,71.059590316574,75,293,132,37,303,234,22,59,,444,0,,459,78,1.1924681204055
1659533776,Cheung,Sandy,,D.O,I,11 E Broadway Ste 11b,,New York,NY,36,10038,1,"Metropolitan area core: primary flow within an urbanized area of 50,000 and greater",US,Internal Medicine,Claim-Specialty,8982,14992.95,1378495.32,438405,310,,8943,14885.95,1367160.33,435264,"#",,,1772,1108637.49,,7084,267540.63,,126,2317.2,,8468,1266521.17,,514,111974.15,,8890,1375941.91,,92,2553.41,0,0,0,0,0,0,0,0,0,,88,735.99,61,,25,1023.57,*,,74.122580645161,,,,,176,134,0,0,306,,0,,299,11,1.03104038792
1659536233,Zhang,Yuqing,,M.D.,I,136-68 Roosevelt Ave,Ste 2a2b,Flushing,NY,36,11354,1,"Metropolitan area core: primary flow within an urbanized area of 50,000 and greater",US,Family Practice,Claim-Specialty,38251,44882.78,6479201.8699999,1275970,695,,37872,44415.08,6391449.3599999,1262575,,682,,9717,5415212.14,,27450,1040030.39,,1084,23959.34,,36683,6185162.1199999,,1568,294039.75,,37348,6415419.1699999,,903,63782.7,,,,,,,,,,,986,8065.51,381,,74,5261.23,,15,73.320863309353,13,432,183,67,389,306,,,667,,0,11,642,53,1.132920803242
1659583987,Grum,Cornelia,D,PHARMD,I,12 South Main St,,New Berlin,NY,36,13411,10,"Rural areas: primary flow to a tract outside a urbanized area of 50,000 and greater or UC",US,Pharmacist,NPPES-Taxonomy,53,53,15763.12,53,47,"#",,,,,"#",,,53,15763.12,,0,0,,0,0,,26,7786.34,,27,7976.78,*,,,"#",,,0,0,0,0,0,0,0,0,0,,0,0,0,*,,,*,,72.297872340426,,,,,34,13,45,,,0,0,0,,,1.021914893617
1659598589,Ryder,Michael,,D.O.,I,1743 N Ocean Ave,,Medford,NY,36,11763,1,"Metropolitan area core: primary flow within an urbanized area of 50,000 and greater",US,Family Practice,Claim-Specialty,15037,23380.93,1422508.69,626671,1020,,14107,21863.76,1240995.6,583856,,951,,2311,1065162.96,,12667,354012.81,,59,3332.92,,2746,301570.77,,12291,1120937.92,,8795,839893.29,,6242,582615.4,366,26405.28,8331,112,2.4339961428476,68,19215.63,1660,18,18.579234972678,529,58521.03,248,,142,46673.23,,27,78.178431372549,69,291,370,290,644,376,907,25,,61,,20,350,670,1.8959322480173
1659637635,Gift,Laura,E,,I,1835 Nine Mile Point Rd,Suite 100,Penfield,NY,36,14526,1,"Metropolitan area core: primary flow within an urbanized area of 50,000 and greater",US,Family Practice,Claim-Specialty,3381,6732.23,309462.63,194498,274,,2711,5605.66,223596.87,163162,,237,,440,226898.1,,2910,81157.42,,31,1407.11,,2649,268362.92,,732,41099.71,,940,131538.6,,2441,177924.03,71,8547.29,1511,20,2.0999704229518,22,7272.52,373,,30.985915492958,41,1223.28,22,*,,,*,,71.20802919708,37,132,82,23,187,87,239,11,,,0,14,63,211,1.0857107775334
1659650992,Caruso,John,,D.O.,I,303 Main St,,Binghamton,NY,36,13905,1,"Metropolitan area core: primary flow within an urbanized area of 50,000 and greater",US,Family Practice,Claim-Specialty,1107,1120.08,80675.84,16969,564,,935,945.82,68415.95,14151,,501,"#",,,,863,13667.11,*,,,,712,51000.57,,395,29675.27,,570,47096.83,,537,33579.01,,,,,,,,,,,275,3526.16,259,,28,2011.46,*,,75.324468085106,63,199,165,137,370,194,522,12,,12,,14,192,372,1.3251903386038
1659693166,Washburn,Courtney,A,PHARM D,I,116 Quaker St,,Granville,NY,36,12832,7.1,"Secondary flow 30% to <50% to a urbanized area of 50,000 and greater",US,Pharmacist,NPPES-Taxonomy,170,170.03,49302.71,229,164,"#",,,,,"#",,,170,49302.71,,0,0,,0,0,,93,26810.58,,77,22492.13,,25,7100.81,,145,42201.9,0,0,0,0,0,0,0,0,0,,0,0,0,*,,,*,,74.493902439024,,,,,80,84,149,,0,,0,14,25,139,0.83820782520325
1659694420,Visser,Suzanne,P,PHARM.D.,I,14 Eastmount Dr,Apt. 270,Slingerlands,NY,36,12159,1,"Metropolitan area core: primary flow within an urbanized area of 50,000 and greater",US,Pharmacist,NPPES-Taxonomy,81,81,21361.02,81,72,,81,81,21361.02,81,,72,,81,21361.02,,0,0,,0,0,,29,8244.55,,52,13116.47,*,,,"#",,,0,0,0,0,0,0,0,0,0,,0,0,0,,0,0,,0,73.388888888889,0,45,,,42,30,64,,,0,0,,,,0.58202777777778
1659697464,Moise,Nathalie,,,I,177 Fort Washington Ave,6th Floor Center Room 12,New York,NY,36,10032,1,"Metropolitan area core: primary flow within an urbanized area of 50,000 and greater",US,General Practice,Claim-Specialty,2457,4713.42,372278.56,139174,100,,2160,4234.48,357335.21,124938,,84,,360,312654.56,,2032,57853.6,,65,1770.4,,2213,347469.23,,244,24809.33,,2416,365741.92,,41,6536.64,,,,,,,,,,,,,,*,,,*,,72.68,16,40,,,74,26,,24,0,71,0,,,,1.6002986701013
1659726362,Kuhn,Michael,D,MD,I,750 E Adams St,,Syracuse,NY,36,13210,1,"Metropolitan area core: primary flow within an urbanized area of 50,000 and greater",US,Internal Medicine,Claim-Specialty,12771,26996.48,1538823.64,785285,1087,,11163,24553.61,1390358.5,716350,,983,,1393,1220026.52,,11234,312742.84,,144,6054.28,,9206,1097286.6,,3565,441537.04,,3251,430213.29,,9520,1108610.35,282,17791.4,7682,69,2.2081277895231,34,9584.48,993,,12.056737588652,393,18784.47,221,,79,9050.61,,24,73.590616375345,104,502,348,133,599,488,906,110,,29,,33,204,883,1.3951038113415
1659755718,Olenyn,Melissa,M,,I,5 Garland Lane,,Greenville,NY,36,12083,2,"Metropolitan area high commuting: primary flow 30% or more to a urbanized area of 50,000 and greater",US,Pharmacist,NPPES-Taxonomy,74,74,15397.58,74,65,,57,57,12446.51,57,,54,,74,15397.58,,0,0,,0,0,,50,9730.54,,24,5667.04,,21,3675.7,,53,11721.88,0,0,0,0,0,0,0,0,0,,0,0,0,,0,0,,0,71.107692307692,11,34,,,38,27,52,11,,0,0,,,,1.0454461538462
1659757664,Chou,Hui-Tzu,,FNP,I,13620 38th Ave,,Flushing,NY,36,11354,1,"Metropolitan area core: primary flow within an urbanized area of 50,000 and greater",US,Nurse Practitioner,NPPES-Specialty,10263,12396.43,1852801.97,356493,452,,10087,12209.43,1833585.83,351391,"#",,,2367,1477457.44,,7763,372521.01,,133,2823.52,,9993,1804213.47,,270,48588.5,,10073,1837959.08,,190,14842.89,0,0,0,0,0,0,0,0,0,,59,396.05,46,*,,,*,,71.814159292035,,,,,233,219,,,445,,0,,441,11,1.2219551185634
1659784189,Doscher,Hannah,,FNP-C,I,55 Calvary Dr,,Norwich,NY,36,13815,7,"Small town core: primary flow within an urban cluster of 2,500 to 9,999",US,Nurse Practitioner,Claim-Specialty,3063,5368.68,454916.68,143359,610,,2368,4293.05,313656.75,112627,,552,,774,406216.32,,2232,47198.48,,57,1501.88,,1999,284093.3,,1064,170823.38,,1418,243871.13,,1645,211045.55,41,558.87,811,13,1.3385569702906,,,,,,70,45964.76,45,,12,69.17,*,,73.049180327869,58,292,196,64,340,270,565,,,,0,36,147,463,1.0240109584319
1659801959,Truong,Phuong,T,"MSN, FNP-BC, RN",I,"4266 Kissena Blvd # F1",,Flushing,NY,36,11355,1,"Metropolitan area core: primary flow within an urbanized area of 50,000 and greater",US,Nurse Practitioner,Claim-Specialty,1406,2309.3,198623.44,65636,269,,1387,2278.63,193507.67,64810,"#",,,210,163525.74,,1174,34763.22,,22,334.48,,1382,193929.77,,24,4693.67,,1362,193594.17,,44,5029.27,0,0,0,0,0,0,0,0,0,,37,310.13,33,*,,,*,,72.513011152416,,,,,149,120,,,258,,0,,257,12,1.325966814099
1659832962,Hernandez-Hermann,Marta,R,MD,I,455 Maple St Ste 1,,Big Flats,NY,36,14814,1,"Metropolitan area core: primary flow within an urbanized area of 50,000 and greater",US,Family Practice,Claim-Specialty,2030,4042.32,161416.68,117973,226,,1767,3646.6,141006.3,106595,,201,"#",,,,1835,41748.06,*,,,,1405,112533.43,,625,48883.25,,654,42910.83,,1376,118505.85,35,405.56,975,,1.7241379310345,0,0,0,,0,49,1209.72,29,,14,3435.28,*,,73.101769911504,25,106,67,28,162,64,209,,,,0,,62,164,1.2215960217622
1659900546,Chan,Wayne,E,NP,I,504 State St,,Schenectady,NY,36,12305,1,"Metropolitan area core: primary flow within an urbanized area of 50,000 and greater",US,Nurse Practitioner,Claim-Specialty,7312,7391.18,689225.96,194292,451,,6078,6137.42,562958.45,160251,,394,,1208,506603.24,,5952,175587.36,,152,7035.36,,4054,378643.76,,3258,310582.2,,7080,672931.91,,232,16294.05,222,10720.67,5553,80,3.0361050328228,,,,,,194,4563.62,117,,177,61302.53,,49,76.441241685144,57,154,120,120,274,177,390,36,,15,,,423,28,2.4752680721012
1659902492,Yoshimachi,Julie,Y,FNP-BC,I,268 Canal St,,New York,NY,36,10013,1,"Metropolitan area core: primary flow within an urbanized area of 50,000 and greater",US,Nurse Practitioner,NPPES-Specialty,1271,2389.46,156344.83,68844,238,,1103,2146.96,131680.85,62222,,212,,201,112928.06,,1047,43000.38,,23,416.39,,1010,107527.79,,261,48817.04,,1140,145558.27,,131,10786.56,,,,,,,,,,,28,308.6,21,*,,,*,,70.197478991597,26,153,41,18,136,102,18,12,189,,0,,205,33,1.0206009474512
1659937985,Nightingale,Ryan,,MD,I,12 Martin St,,Wellsville,NY,36,14895,7,"Small town core: primary flow within an urban cluster of 2,500 to 9,999",US,Family Practice,Claim-Specialty,8672,18029.9,1082914.86,523900,726,,7126,15271.71,858364.7,445765,,608,,1391,907355.68,,7190,170291.94,,91,5267.24,,5075,672420.22,,3597,410494.64,,3440,540458.15,,5232,542456.71,352,31553.05,8816,78,4.0590405904059,47,24096.31,1389,,13.352272727273,123,4540.07,75,,36,16970.32,,11,71.592286501377,118,332,207,69,371,355,679,12,,,0,25,224,502,1.213174874529
1659959443,Belles,Amanda,,NP,I,115 Saratoga Rd Ste 200,,Glenville,NY,36,12302,1,"Metropolitan area core: primary flow within an urbanized area of 50,000 and greater",US,Nurse Practitioner,Claim-Specialty,2979,5762.35,374733.09,169195,360,,2530,5113.07,318529.63,150340,,316,,519,329497.87,,2438,44535.3,,22,699.92,,1967,215614.23,,1012,159118.86,,913,134938.65,,2066,239794.44,103,2132.91,2632,22,3.4575360859349,0,0,0,0,0,34,243.67,30,,27,2131.43,*,,73.388888888889,44,151,122,43,210,150,314,19,,,0,11,88,272,1.1420962395306
1669411120,Khan,Nasir,M,MD,I,3980 Sheridan Dr,Dent Tower Suit 601,Amherst,NY,36,14226,1,"Metropolitan area core: primary flow within an urbanized area of 50,000 and greater",US,Internal Medicine,Claim-Specialty,3304,6877.57,375865.59,203057,398,,2716,5858.41,277591.48,173228,,320,,447,290508.41,,2810,83081.47,,47,2275.71,,2053,204217.73,,1251,171647.86,,1308,196503.66,,1996,179361.93,161,6241.12,4700,40,4.8728813559322,20,3398.89,600,,12.422360248447,18,344.62,17,*,,,*,,70.525125628141,78,190,103,27,201,197,197,168,14,,0,,183,215,1.6737221422183
1669415501,Waldman,Jonathan,S,MD,I,1101 Nott St,,Schenectady,NY,36,12308,1,"Metropolitan area core: primary flow within an urbanized area of 50,000 and greater",US,Internal Medicine,Claim-Specialty,32887,32988.88,3409850.01,632025,3498,,29579,29669.22,3073415.78,569737,,3248,,11422,2695546.58,,21147,692149.55,,318,22153.88,,19073,2069068.42,,13814,1340781.59,,25455,2379047.94,,7432,1030802.07,576,20192.37,10003,193,1.7514519414966,93,12242.63,1618,23,16.145833333333,702,84977.91,260,,616,69899.79,,146,75.347627215552,250,1477,1209,562,2025,1473,2992,201,,92,,134,1278,2220,1.5742893462989
1669424446,Cruz,Jesenia,,MD,I,6950 S Transit Rd,,Lockport,NY,36,14094,2,"Metropolitan area high commuting: primary flow 30% or more to a urbanized area of 50,000 and greater",US,Family Practice,Claim-Specialty,5492,13738.05,552428.28,404784,520,,4982,12621.02,506065.14,372157,,476,,698,430191.05,,4740,120146.63,,54,2090.6,,4253,392299.28,,1239,160129,,1222,166679.47,,4270,385748.81,87,2196.17,3551,30,1.5841223597961,,,,,,111,957.74,88,,11,461.68,*,,73.353846153846,44,265,147,64,408,112,411,62,,20,,22,91,429,1.2359332018397
1669433496,Berman,Jessica,,MD,I,501 New Karner Rd,,Albany,NY,36,12205,1,"Metropolitan area core: primary flow within an urbanized area of 50,000 and greater",US,Family Practice,Claim-Specialty,6937,16759.36,788924.69,493605,509,,6260,15428.84,679491.21,454880,,461,,855,639934,,6008,146154.32,,74,2836.37,,5739,669060.5,,1198,119864.19,,1428,182900.01,,5509,606024.68,109,2234.14,2954,23,1.5712844168949,,,,,,60,7920.04,39,,21,1550.96,*,,72.110019646365,48,274,149,38,308,201,438,20,20,,,23,87,422,0.90564104255657
1669438875,Kazmi,Mahmood,M,,I,3329 Bainbridge Ave,,Bronx,NY,36,10467,1,"Metropolitan area core: primary flow within an urbanized area of 50,000 and greater",US,Neurology,Claim-Specialty,5540,8817.31,1774226.84,261517,715,,4010,6598.73,1018117.89,195599,,560,,1067,1611422.42,,4473,162804.42,,0,0,,4188,1410504.26,,1352,363722.58,,3996,1423914.26,,1544,350312.58,137,2746.82,3931,42,2.4729241877256,13,700.31,450,,9.4890510948905,,,,,327,293399.25,,83,70.951048951049,155,290,197,73,504,211,187,169,,293,,44,447,268,1.5529305242981
1669438966,Tangel,Colette,T,M.D.,I,321 E Albany St,,Herkimer,NY,36,13350,4.1,"Secondary flow 30% to <50% to a urbanized area of 50,000 and greater",US,Internal Medicine,Claim-Specialty,11026,16406.81,1015631.03,448745,874,,9923,14814.86,925331.63000001,404161,,739,,2109,765304.37,,8819,244678.75,,98,5647.91,,5818,503621.26,,5208,512009.77,,7589,788296.98000001,,3437,227334.05,264,10251.59,5809,94,2.3943406493742,40,6269.68,967,12,15.151515151515,153,7380.86,86,,146,20562.23,,32,74.392448512586,135,328,247,164,516,358,832,,,,0,22,450,424,1.5328922509863
1669451696,Peluso,Isabella,R,MD,I,8721 5th Ave Fl 2,,Brooklyn,NY,36,11209,1,"Metropolitan area core: primary flow within an urbanized area of 50,000 and greater",US,Internal Medicine,Claim-Specialty,8599,17975.23,943410.86,513492,606,,8146,16963.11,867990.53,485061,,563,,1357,700805.51,,7188,240197.02,,54,2408.33,,4169,458001.13,,4430,485409.73,,4752,582042.17,,3847,361368.69,23,602.94,370,13,0.26747296197232,,,,,,269,8108.75,144,,45,2585.26,*,,76.028052805281,43,230,198,135,446,160,437,63,31,55,0,20,225,381,1.4702777209675
1669458295,Difranco,Fortunato,S,INTERNAL MEDICINE,I,7506 Liberty Ave,,Ozone Park,NY,36,11417,1,"Metropolitan area core: primary flow within an urbanized area of 50,000 and greater",US,Internal Medicine,Claim-Specialty,10034,21715.38,1117532.25,636537,563,,8520,18764.41,911009.91,550982,,483,,1264,909919.32,,8529,199162.55,,241,8450.38,,7482,818304.04,,2552,299228.21,,7204,863376.55,,2830,254155.7,50,586.07,1332,15,0.49830576041459,0,0,0,0,0,313,3395.45,184,,52,3844.51,,14,72.834813499112,80,257,151,75,314,249,148,91,42,229,12,41,326,237,1.3893126713289
1669465233,Levine,Elliot,M,MD,I,66 Middlebush Rd,Suite U-306,Wappingers Falls,NY,36,12590,1,"Metropolitan area core: primary flow within an urbanized area of 50,000 and greater",US,Internal Medicine,Claim-Specialty,6979,15483.82,811794.21,451056,566,,6812,15200.46,798539.99,442926,,549,,1040,688929.56,,5845,120599.48,,94,2265.17,,2941,235026.62,,4038,576767.59,,421,48512.43,,6558,763281.78,48,1816.62,986,15,0.68777761857,15,1283.16,450,,31.25,259,2726.96,159,,26,4513.52,*,,76.554770318021,17,214,233,102,302,264,493,24,,15,,27,29,537,1.0565992772134
1669466363,Impellizeri,John,,D.O,I,13400 Main Rd,,Mattituck,NY,36,11952,1,"Metropolitan area core: primary flow within an urbanized area of 50,000 and greater",US,Internal Medicine,Claim-Specialty,4134,11084.97,172171.22,326770,762,,3964,10754.9,163467.88,317165,,733,,366,97836.63,,3710,73009.239999999,,58,1325.35,,4094,167703.82,,40,4467.4,,582,30735.84,,3552,141435.38,124,2237.39,2818,52,2.9995162070634,,,,,,83,1014.14,62,,0,0,,0,74.568241469816,29,371,271,91,398,364,313,91,85,241,,,96,666,1.2222328916728
1669466843,Eberl,Margaret,M,MD MPH,I,40 La Riviere Dr Ste 201,,Buffalo,NY,36,14202,1,"Metropolitan area core: primary flow within an urbanized area of 50,000 and greater",US,Family Practice,Claim-Specialty,8775,8822.2,333261.29,107523,469,,8176,8221.2,313168.38,100805,,441,,867,238289.48,,7891,94766.93,,17,204.88,,6069,265844.67,,2706,67416.62,,7785,298337.94,,990,34923.35,98,2470.16,1923,54,1.1168091168091,14,1412.86,277,,14.285714285714,107,3384.3,60,,297,11406.84,,49,80.422174840085,28,116,143,182,321,148,351,85,,22,,,355,114,2.6371463938338
1669492096,Beney,Christopher,,MD,I,1149 Lincoln Ave,,Lockport,NY,36,14094,2,"Metropolitan area high commuting: primary flow 30% or more to a urbanized area of 50,000 and greater",US,Internal Medicine,Claim-Specialty,7731,17188.77,1139703.7,500249,705,,6842,15644.15,963389.16,456260,,618,,1332,965592.29,,6318,171408.57,,81,2702.84,,5947,889528.44,,1784,250175.26,,1819,339249.07,,5912,800454.63,114,3115.43,2530,30,1.4745828482732,14,2342.6,397,,12.280701754386,244,8098.85,174,,46,2111.95,,12,72.944680851064,87,308,220,90,386,319,659,16,,,0,21,140,565,1.2350816647283
1669545166,Ding,Hua,,,I,13338 41st Rd,Suite 2q,Flushing,NY,36,11355,1,"Metropolitan area core: primary flow within an urbanized area of 50,000 and greater",US,Internal Medicine,Claim-Specialty,34484,46340.83,3914592.86,1345224,998,,34214,46012.13,3894633.07,1335681,"#",,,6728,3065911.33,,27160,836232.74000001,,596,12448.79,,33575,3798972.4,,909,115620.46,,32783,3799403.51,,1701,115189.35,,,,,,,,,,,404,2087.55,272,,238,4955.51,*,,72.856713426854,,,,,600,398,0,,987,,0,,863,135,1.0785671007561
1669583779,Smith,Robert,L,M.D.,I,23 North Street,Suite 5,Canandaigua,NY,36,14424,1,"Metropolitan area core: primary flow within an urbanized area of 50,000 and greater",US,Family Practice,Claim-Specialty,9693,24030.83,840338.38,704458,1421,,9385,23425.67,814111.17,687083,,1360,,1195,665663.84,,8432,172828.72,,66,1845.82,,3955,337849.43,,5738,502488.95,,544,52461.24,,9149,787877.14,91,698.1,2352,24,0.93882183018673,,,,,,226,2083.16,197,,22,281.23,*,,74.864180154821,61,583,655,122,657,764,1289,46,15,20,0,51,86,1335,0.8911683632684
1669584728,Wrest,Jennifer,,NP,I,"601 Elmwood Ave # 665",,Rochester,NY,36,14642,1,"Metropolitan area core: primary flow within an urbanized area of 50,000 and greater",US,Nurse Practitioner,NPPES-Specialty,3917,3935.91,317450.21,99305,110,,3845,3863.91,314794.09,97270,"#",,"#",,,,3144,60810.42,*,,,,2101,145073.7,,1816,172376.51,,3053,272017.34,,864,45432.87,219,3924.85,4484,52,5.5910135307633,,,,,,62,1089.8,30,,34,707.64,*,,88.645454545455,,,,,28,82,104,,0,0,0,,72,38,1.9194062475403
1669612800,Ryu,Keun Yeong,,RPH,I,1370 Avenue Of The Americas,,New York,NY,36,10019,1,"Metropolitan area core: primary flow within an urbanized area of 50,000 and greater",US,Pharmacist,NPPES-Taxonomy,24,24,6467.22,24,22,"#",,,,,"#",,,24,6467.22,,0,0,,0,0,*,,,"#",,,*,,,"#",,,0,0,0,0,0,0,0,0,0,,0,0,0,*,,,*,,76.409090909091,,,,,,,12,,,,0,,,,0.92318181818182
1669654653,Hsu,Linda,E,RPH,I,119-04 Liberty Ave,,Richmond Hill,NY,36,11419,1,"Metropolitan area core: primary flow within an urbanized area of 50,000 and greater",US,Pharmacist,NPPES-Taxonomy,22,24,4993.02,198,18,"#",,,,,"#",,,22,4993.02,,0,0,,0,0,"#",,,*,,,"#",,,*,,,0,0,0,0,0,0,0,0,0,,0,0,0,*,,,*,,73.555555555556,,,,,,,,,,,,,,,0.76994444444444
1669657847,Nair,Suvarna,,MD,I,2532 Grand Concourse,,Bronx,NY,36,10458,1,"Metropolitan area core: primary flow within an urbanized area of 50,000 and greater",US,Internal Medicine,Claim-Specialty,8543,16140.34,806396.78,474946,493,,6704,13447.94,606360.05,397288,,412,,1141,663777.71,,7221,134828.16,,181,7790.91,,7056,656067.17,,1487,150329.61,,5825,579368.09,,2718,227028.69,38,247.06,903,,0.44480861524055,0,0,0,,0,28,177.3,23,*,,,*,,70.74645030426,81,247,128,37,369,124,17,225,,211,,22,273,220,1.309361401584
1669756599,Vohora,Ricky,R,DO,I,558 Larkfield Rd,,East Northport,NY,36,11731,1,"Metropolitan area core: primary flow within an urbanized area of 50,000 and greater",US,Family Practice,Claim-Specialty,19,19,3796.33,115,16,,19,19,3796.33,115,,16,,18,3795.23,*,,,"#",,,*,,,"#",,,*,,,"#",,,0,0,0,0,0,0,0,0,0,,0,0,0,,0,0,,0,75.6875,0,,,,,,12,0,,,0,,,,0.966375
1669786422,Padovano,Nicole,J,PHARMD,I,5173 W Taft Rd,,North Syracuse,NY,36,13212,1,"Metropolitan area core: primary flow within an urbanized area of 50,000 and greater",US,Pharmacist,NPPES-Taxonomy,175,175,45348.53,202,157,"#",,,,,"#",,,175,45348.53,,0,0,,0,0,,102,27370.79,,73,17977.74,,25,5587.49,,150,39761.04,0,0,0,0,0,0,0,0,0,,0,0,0,*,,,*,,73.070063694268,,,,,109,48,81,64,,,,,14,143,1.0311082633969
1669846242,Zhu,Hang,,,I,878 60th St Fl 3,,Brooklyn,NY,36,11220,1,"Metropolitan area core: primary flow within an urbanized area of 50,000 and greater",US,Nurse Practitioner,Claim-Specialty,11601,14811.67,1635316.46,435247,251,,11497,14694.67,1610752.36,431766,"#",,,2446,1354745.71,,8928,276218.28,,227,4352.47,,11399,1612954.65,,202,22361.81,,11578,1634563.49,,23,752.97,0,0,0,0,0,0,0,0,0,,100,2372.21,71,*,,,*,,71.689243027888,,,,,121,130,,,250,0,0,0,,,0.95093173434245
1669905717,Krishna,Alvin,A,MD,I,301 Hackett Blvd,,Albany,NY,36,12208,1,"Metropolitan area core: primary flow within an urbanized area of 50,000 and greater",US,Internal Medicine,Claim-Specialty,543,577.52,32277.58,13167,147,,529,563.52,32036.89,12841,"#",,"#",,,,437,14077.55,*,,,,251,17953.48,,292,14324.1,,334,18448.64,,209,13828.94,43,785.11,685,24,7.9189686924494,,,,,,34,1167.49,23,,12,2121.86,*,,86.122448979592,,,,,109,38,139,,,0,0,,94,53,1.9368106801046
1679044556,Khan,Eesha,,,I,1710 Route 112,,Coram,NY,36,11727,1,"Metropolitan area core: primary flow within an urbanized area of 50,000 and greater",US,Pharmacist,NPPES-Taxonomy,66,66,14992.68,66,58,"#",,,,,"#",,,66,14992.68,,0,0,,0,0,,28,6527,,38,8465.68,*,,,"#",,,0,0,0,0,0,0,0,0,0,,0,0,0,*,,,*,,73.275862068966,,,,,28,30,48,,,,0,0,,,0.93602873563218
1679217269,Glowienka,Joseph,D,,I,99 Chestnut St,,Oneonta,NY,36,13820,4,"Micropolitan area core: primary flow within an urban cluster of 10,000 to 49,999",US,Pharmacist,NPPES-Taxonomy,22,22,5734.49,22,20,,22,22,5734.49,22,,20,,22,5734.49,,0,0,,0,0,,11,2874.24,,11,2860.25,*,,,"#",,,0,0,0,0,0,0,0,0,0,,0,0,0,,0,0,,0,73.1,0,14,,,,,19,,,0,0,0,,,0.7363875
1679233860,Chiu,Lisa,L,,I,1231 Madison Ave,,New York,NY,36,10128,1,"Metropolitan area core: primary flow within an urbanized area of 50,000 and greater",US,Pharmacist,NPPES-Taxonomy,106,106,31327.19,106,100,"#",,,,,"#",,,106,31327.19,,0,0,,0,0,,14,3953.19,,92,27374,*,,,"#",,,0,0,0,0,0,0,0,0,0,,0,0,0,*,,,*,,77.25,,,,,59,41,91,,,0,0,,,,0.9568925
1679247159,Hernandez,Eliezer,,,I,553 Clinton Ave,,Albany,NY,36,12206,1,"Metropolitan area core: primary flow within an urbanized area of 50,000 and greater",US,Nurse Practitioner,Claim-Specialty,2404,3696.79,277345.55,104866,203,,1030,1663.97,89677.87,47457,,116,,342,228542.77,,2021,48161.93,,41,640.85,,1891,233642.31,,513,43703.24,,2073,257311.73,,331,20033.82,163,4469.01,3814,48,6.7803660565724,13,1480.1,368,11,7.9754601226994,46,383.76,34,,34,2218.04,*,,62.768472906404,87,90,,,104,99,91,87,,14,0,,155,48,1.5386469875751
1679503288,Morris,Geoffrey,G,M.D.,I,2400 S Clinton Ave,Bldg H Suite 210,Rochester,NY,36,14618,1,"Metropolitan area core: primary flow within an urbanized area of 50,000 and greater",US,Internal Medicine,Claim-Specialty,8795,20047.2,1316890.08,588556,890,,8324,19285.2,920327.51,566536,,852,,945,1094035.41,,7719,218368.19,,131,4486.48,,7561,1157399.02,,1234,159491.06,,1019,121411.23,,7776,1195478.85,185,3128.94,5106,44,2.103467879477,11,547.03,330,,5.9459459459459,149,42141.22,88,,49,488.66,,12,75.349438202247,38,383,337,132,476,414,793,34,,13,,44,80,810,0.9694388244912
1679535124,Martin-Avila,Deborah,,PA-C,I,110 W 97th St,,New York,NY,36,10025,1,"Metropolitan area core: primary flow within an urbanized area of 50,000 and greater",US,Physician Assistant,Claim-Specialty,2185,4848.45,351589.18,140962,526,,2066,4608.44,312344.15,134142,,504,,315,299130.78,,1817,51247.14,,53,1211.26,,1135,188597.82,,1050,162991.36,,691,163384.43,,1494,188204.75,14,75.41,180,12,0.64073226544622,,,,,,76,771.21,65,*,,,*,,77.083650190114,22,187,213,104,327,199,346,38,31,88,0,23,117,409,1.2445048727349
1679542864,Aung,Khin,,MD,I,8708 Justice Ave Apt 1n,,Elmhurst,NY,36,11373,1,"Metropolitan area core: primary flow within an urbanized area of 50,000 and greater",US,Internal Medicine,Claim-Specialty,5210,10173.93,643249.98,301221,272,,4633,9361.83,571995.06,277362,,250,,795,535250.81,,4321,101709.04,,94,6290.13,,4445,527468.69,,765,115781.29,,4361,567387.42,,849,75862.56,0,0,0,0,0,0,0,0,0,,46,319.97,38,*,,,*,,72.970588235294,22,138,94,18,143,129,19,28,111,96,,,204,68,1.2867725964121
1679562623,Olteanu,Florin,,MD,I,2150 Bleecker St,,Utica,NY,36,13501,1,"Metropolitan area core: primary flow within an urbanized area of 50,000 and greater",US,Internal Medicine,Claim-Specialty,12802,12874.93,922892.98,278373,268,,12802,12874.93,922892.98,278373,,268,,2648,657456.92,,10110,264397.48,,44,1038.58,,7417,508532.77,,5385,414360.21,,9822,742201.72,,2980,180691.26,280,5799.3,3471,61,2.1871582565224,36,3104.49,659,,12.857142857143,397,50640.06,103,,202,8521.54,,26,87.660447761194,0,21,68,179,190,78,262,0,0,,0,,186,82,2.0871751765344
1679570246,Zhang,Jian Wei,,M.D.,I,139 Centre St Ste 709,,New York,NY,36,10013,1,"Metropolitan area core: primary flow within an urbanized area of 50,000 and greater",US,Internal Medicine,Claim-Specialty,18009,40431.34,3232678.15,1203197,1355,,17762,39891.34,3202430.21,1187094,,1331,,3004,2605834.03,,14734,618244.64,,271,8599.48,,15562,2762573.62,,2447,470104.53,,16919,3129156.59,,1090,103521.56,0,0,0,0,0,0,0,0,0,,88,421.83,76,*,,,*,,76.226568265683,24,614,474,243,787,568,,,1318,,0,31,1208,147,1.1985908043822
1679624811,O'Connor,Kevin,P,M.D.,I,600 Roe Ave,,Elmira,NY,36,14905,1,"Metropolitan area core: primary flow within an urbanized area of 50,000 and greater",US,Emergency Medicine,Claim-Specialty,2190,2190,563055.21,2372,1712,,2038,2038,532406.17,2168,,1599,,2156,562828.82,"#",,,*,,,,1499,379595.86,,691,183459.35,,468,111951.51,,1722,451103.7,,,,,,,,,,,18,148.33,17,,0,0,,0,73.575934579439,113,836,649,114,1003,709,1595,29,24,16,0,48,330,1382,0.97340121116628
1679674717,George,Jacob,V,MD,I,231 S 3rd St,,Brooklyn,NY,36,11211,1,"Metropolitan area core: primary flow within an urbanized area of 50,000 and greater",US,Internal Medicine,Claim-Specialty,16456,38436.57,4545204.71,1138444,797,,14175,33447.46,3932130.28,991468,,691,,3556,3929613.97,,12174,587057.2,,726,28533.54,,14964,4072629.17,,1492,472575.54,,15128,4306498.18,,1328,238706.53,272,5169.31,5906,60,1.6528925619835,0,0,0,0,0,132,15634.54,96,,117,27698.36,,36,72.580928481807,106,370,241,80,466,331,24,16,,738,,13,658,139,1.1291549774233
1679674907,Haas,Douglas,L,D.O.,I,30 S Main St,,Dolgeville,NY,36,13329,10,"Rural areas: primary flow to a tract outside a urbanized area of 50,000 and greater or UC",US,Family Practice,Claim-Specialty,6871,12435.45,652095.66,355990,346,,5582,10550.98,500319.06,302003,,299,,876,527073.27,,5929,122930.61,,66,2091.78,,4164,400609.99,,2707,251485.67,,2128,254712.56,,4743,397383.1,212,39114.8,4421,42,3.0854315237957,27,36538.33,780,,12.735849056604,202,1890.63,114,,19,780.31,*,,72.768786127168,47,155,104,40,164,182,323,,0,,0,14,110,236,1.0335805776744
1679759427,Ryan,Noelle,J,RPH.,I,712 Smithtown Byp,,Smithtown,NY,36,11787,1,"Metropolitan area core: primary flow within an urbanized area of 50,000 and greater",US,Pharmacist,NPPES-Taxonomy,17,17,3535.22,17,16,"#",,,,,"#",,,17,3535.22,,0,0,,0,0,*,,,"#",,,*,,,"#",,,0,0,0,0,0,0,0,0,0,,0,0,0,*,,,*,,74.75,,,,,,,16,0,0,0,0,0,,,0.89325
1679797088,Koo,Kern,S,D.O.,I,51-33 Marathon Pkwy,,Little Neck,NY,36,11362,1,"Metropolitan area core: primary flow within an urbanized area of 50,000 and greater",US,Family Practice,Claim-Specialty,7310,15365.43,920224.68,448391,551,,6966,14918.03,883130.11,435922,,535,,904,785368.3,,6346,133714.34,,60,1142.04,,5662,742534.67,,1648,177690.01,,4066,580800.85,,3244,339423.83,24,445.67,665,,0.32831737346101,0,0,0,,0,208,2345.55,150,*,,,*,,72.502722323049,16,329,168,38,263,288,97,18,371,29,0,36,225,326,0.73991808545852
1679856157,Salvagni,Trisha,,PHARMD,I,4001 S Salina St,,Syracuse,NY,36,13205,1,"Metropolitan area core: primary flow within an urbanized area of 50,000 and greater",US,Pharmacist,NPPES-Taxonomy,22,22,6479.33,22,22,"#",,,,,"#",,,22,6479.33,,0,0,,0,0,*,,,"#",,,*,,,"#",,,0,0,0,0,0,0,0,0,0,,0,0,0,*,,,*,,71.545454545455,,,,,,,21,,0,0,0,,,,0.95568560606061
1679895429,Molnar,Angela,L,PHARM. D.,I,578 Dick Rd,,Depew,NY,36,14043,1,"Metropolitan area core: primary flow within an urbanized area of 50,000 and greater",US,Pharmacist,NPPES-Taxonomy,35,35,9667.29,64,31,"#",,,,,"#",,,35,9667.29,,0,0,,0,0,,21,5998.33,,14,3668.96,*,,,"#",,,0,0,0,0,0,0,0,0,0,,0,0,0,*,,,*,,71.548387096774,,,,,20,11,28,,,0,0,0,,,1.1196693548387
1679989677,Rigel,Brett,C,PHARMD,I,364 Long Beach Rd,,Oceanside,NY,36,11572,1,"Metropolitan area core: primary flow within an urbanized area of 50,000 and greater",US,Pharmacist,NPPES-Taxonomy,72,72,19198.6,72,68,"#",,,,,"#",,,72,19198.6,,0,0,,0,0,,45,11517.84,,27,7680.76,*,,,"#",,,0,0,0,0,0,0,0,0,0,,0,0,0,*,,,*,,71.735294117647,,,,,35,33,51,,,13,0,,,,1.0510024509804
1679992135,Procopio,Matthew,,MD,I,436 Hinsdale Rd,,Camillus,NY,36,13031,1,"Metropolitan area core: primary flow within an urbanized area of 50,000 and greater",US,Family Practice,Claim-Specialty,8633,20800.28,844316.71,603471,960,,8000,19453.5,802251.31,564770,,896,,852,639048.18,,7713,202047.4,,68,3221.13,,6190,590381.29,,2443,253935.42,,1009,105080.17,,7624,739236.54,58,1302.61,989,26,0.67184061160663,,,,,,314,3209.74,188,*,,,*,,73.80625,64,481,322,93,545,415,895,13,,,0,43,94,866,1.1588385120326
1689036212,Meehan,Leonardo,T,,I,701 N Broadway,,Sleepy Hollow,NY,36,10591,1,"Metropolitan area core: primary flow within an urbanized area of 50,000 and greater",US,Family Practice,Claim-Specialty,4747,11088.14,565586.35,325634,465,,4204,10048.73,486459.33,295526,,425,,542,464480.58,,4165,97631.84,,40,3473.93,,2180,317060.7,,2567,248525.65,,1647,252203.56,,3100,313382.79,60,1064.29,1578,15,1.2639561828523,,,,,,103,1253.3,69,,22,1809.11,*,,74.339784946237,40,207,155,63,225,240,266,70,,100,,21,114,351,1.1449517899559
1689130072,Douglas,Colin,,,I,113 W 25th St,,New York,NY,36,10001,1,"Metropolitan area core: primary flow within an urbanized area of 50,000 and greater",US,Pharmacist,NPPES-Taxonomy,88,88,25439.16,88,86,"#",,,,,"#",,,88,25439.16,,0,0,,0,0,,50,13933.1,,38,11506.06,,20,5420.66,,68,20018.5,0,0,0,0,0,0,0,0,0,,0,0,0,*,,,*,,75.546511627907,,,,,48,38,76,,,0,0,,19,67,1.1539127906977
1689233421,Sanna,Megan,,NP,I,2212 Penfield Rd Ste 100,,Penfield,NY,36,14526,1,"Metropolitan area core: primary flow within an urbanized area of 50,000 and greater",US,Nurse Practitioner,Claim-Specialty,3554,8068.34,227160.83,230566,797,,3169,7388.36,189219.84,211419,,729,,278,142417.27,,3242,83974.71,,34,768.85,,2945,186541.4,,609,40619.43,,656,55801.85,,2898,171358.98,82,12634.62,2196,39,2.3072594259989,11,3648.6,324,,13.414634146341,235,1841.21,181,*,,,*,,73.358845671267,68,372,273,84,509,288,726,14,,,,42,117,680,0.9484697463599
1689262230,Stein,Jill,C,NP,I,495 International Dr.,,Williamsville,NY,36,14221,1,"Metropolitan area core: primary flow within an urbanized area of 50,000 and greater",US,Nurse Practitioner,Claim-Specialty,5024,10883.26,377206.23,311335,506,,4817,10547.28,361519,302052,,484,,561,290713.09,,4395,84083.12,,68,2410.02,,4126,315345.91,,898,61860.32,,587,31397.95,,4437,345808.28,113,1060.97,2354,49,2.2492038216561,0,0,0,0,0,225,1733.2,158,,23,361.81,*,,74.48814229249,22,251,169,64,366,140,465,,,,,20,45,461,1.086918893775
1689281370,Summerton,Ashley,,,I,436 Hinsdale Rd,,Camillus,NY,36,13031,1,"Metropolitan area core: primary flow within an urbanized area of 50,000 and greater",US,Physician Assistant,Claim-Specialty,2653,5867.95,176983.78,164253,392,,2469,5525.35,170668.43,155015,,361,,264,127849.9,,2377,48650.4,,12,483.48,,2015,159174.7,,638,17809.08,,291,15899.45,,2362,161084.33,40,465.41,553,19,1.5077271013946,0,0,0,0,0,231,1973.45,161,,0,0,,0,72.977040816327,31,200,129,32,241,151,357,11,,,0,23,41,351,1.1640856304071
1689291668,Yang,Yazhi,,MD,I,2257 Adam Clayton Powell Jr Blvd,,New York,NY,36,10027,1,"Metropolitan area core: primary flow within an urbanized area of 50,000 and greater",US,Internal Medicine,NPPES-Specialty,299,587.31,39158.52,16532,92,,267,535.31,32134.25,15064,"#",,"#",,,,234,6391.42,*,,,,194,21032.92,,105,18125.6,,174,20617.78,,125,18540.74,,,,,,,,,,,12,261.01,,*,,,*,,75.95652173913,,,,,52,40,25,45,,15,0,,44,48,1.7758858996827
1689601817,Bernstein,Scott,A,MD,I,26 Firemans Memorial Dr,,Pomona,NY,36,10970,1,"Metropolitan area core: primary flow within an urbanized area of 50,000 and greater",US,Internal Medicine,Claim-Specialty,25465,42773.97,3889035.1200001,962605,9155,,24441,41248.57,3712650.9200001,929296,,8822,,12006,3530304.1200001,,13430,357546.55,,29,1184.45,,7449,1168903.39,,18016,2720131.7300001,,4735,673533.3,,20730,3215501.8200001,315,14215.3,7530,47,1.2369919497349,89,6453.87,2530,,28.253968253968,221,5275.87,129,,118,3043.12,,22,74.862807209175,333,4389,3471,962,5137,4018,6546,761,,874,,507,1179,7976,1.0115840239029
1689604357,Brink-Cymerman,Dawn,M,MD.,I,132 1/2 Albany Street,,Cazenoviz,NY,36,13035,2,"Metropolitan area high commuting: primary flow 30% or more to a urbanized area of 50,000 and greater",US,Family Practice,Claim-Specialty,4368,9718.81,440744.76,285101,354,,3834,8784.1,365093.14,258276,,304,,561,351038.35,,3771,87171.84,,36,2534.57,,3079,305170.58,,1289,135574.18,,1429,170890.71,,2939,269854.05,100,1606.56,2269,21,2.2893772893773,0,0,0,0,0,67,847.3,47,,34,293.44,*,,71.80790960452,50,168,105,31,277,77,332,,,,0,,88,266,0.80694510163494
1689640914,Jawaid,Mohammad,,M.D.,I,8201 37th Ave,5th Floor,Jackson Heights,NY,36,11372,1,"Metropolitan area core: primary flow within an urbanized area of 50,000 and greater",US,Internal Medicine,Claim-Specialty,18785,33044.8,2061302.18,950121,752,,17696,31363.64,1923074.88,902597,,715,,3035,1709531.91,,14908,331793.28,,842,19976.99,,14141,1597656.84,,4644,463645.34,,16904,1910606.03,,1881,150696.15,19,175.03,260,14,0.10114453021027,,,,,,254,7021.7,127,,89,12223.87,,13,75.191489361702,37,351,254,110,450,302,105,39,56,526,0,26,615,137,1.8290767704602
1689654220,Patel,Babu,,MD,I,1963a Daly Ave,,Bronx,NY,36,10460,1,"Metropolitan area core: primary flow within an urbanized area of 50,000 and greater",US,Internal Medicine,Claim-Specialty,20241,28777.71,1775913.97,844862,547,,16465,24257.78,1332580.03,713490,,468,,2514,1490523.68,,16670,263216.82,,1057,22173.47,,18712,1618288.84,,1529,157625.13,,17621,1591173.45,,2620,184740.52,14,78.45,259,,0.069166543154982,0,0,0,,0,326,1736.14,204,,25,92.06,*,,72.457038391225,79,224,195,49,276,271,18,131,15,369,,,415,132,1.2807838738788
1689673873,Gupta,Mukta,,MD,I,31 Hospital Dr,,Massena,NY,36,13662,4,"Micropolitan area core: primary flow within an urban cluster of 10,000 to 49,999",US,Internal Medicine,Claim-Specialty,7942,13238.3,951817.18,379085,236,,6094,10830.41,693203.58,310508,,199,,1041,829057.93,,6865,119900.38,,36,2858.87,,5537,758185.93,,2405,193631.25,,3729,542656.65,,4213,409160.53,397,18185.05,8667,64,4.998740871317,24,13013.9,682,,6.0453400503778,228,1572.25,105,,105,11770.34,,13,70.864406779661,37,123,57,19,131,105,220,0,,,0,,81,155,1.3359293621642
1689674855,Zhou,Eric,Y,MD,I,98 E Broadway Fl 4,,New York,NY,36,10002,1,"Metropolitan area core: primary flow within an urbanized area of 50,000 and greater",US,Internal Medicine,Claim-Specialty,19282,25859.88,2314763.82,748447,671,,19075,25519.34,2291517.05,738710,,655,,2667,1881851.24,,16392,427391.43,,223,5521.15,,18493,2160524.35,,789,154239.47,,19101,2305553.05,,181,9210.77,17,89.48,145,12,0.088165128098745,0,0,0,0,0,276,1827.57,177,,56,2882.3,,25,71.636363636364,16,480,142,33,333,338,0,,659,,0,,658,13,1.0072808237646
1689780561,Feldman,Sorrel,M,MD,I,2015 Grand Concourse,,Bronx,NY,36,10453,1,"Metropolitan area core: primary flow within an urbanized area of 50,000 and greater",US,Internal Medicine,Claim-Specialty,6764,6831.34,585763.04,101210,185,,5529,5590.09,470041.28,83362,,154,,1323,436401.66,,5360,144174.55,,81,5186.83,,2596,211405.14,,4168,374357.9,,6598,579435.49,,166,6327.55,124,3754.63,2826,32,1.8332347723241,13,1226.36,325,,10.483870967742,148,22977.64,46,,294,39068.4,,39,74.486486486486,31,62,55,37,92,93,106,60,,13,0,,173,12,3.4675360119865
1689815961,David,Monica,D,M.D.,I,"70 Charles Lindbergh Blvd, Ste. 100",,Uniondale,NY,36,11553,1,"Metropolitan area core: primary flow within an urbanized area of 50,000 and greater",US,Internal Medicine,Claim-Specialty,7074,18193.52,553545.28,540838,640,,6678,17300.24,518781.22,514718,,593,,642,413236.4,,6351,137996.38,,81,2312.5,,5576,410216.47,,1498,143328.81,,2277,185765.75,,4797,367779.53,0,0,0,0,0,0,0,0,0,,56,386.45,46,*,,,*,,75.9046875,47,223,264,106,423,217,109,436,,57,,21,187,453,1.5724127468376
1689852352,Strafaci,Frank,A,,I,100 W 57th St,,New York,NY,36,10019,1,"Metropolitan area core: primary flow within an urbanized area of 50,000 and greater",US,Pharmacist,NPPES-Taxonomy,59,59,16587.95,59,59,,59,59,16587.95,59,,59,,59,16587.95,,0,0,,0,0,,13,3826.96,,46,12760.99,,0,0,,59,16587.95,0,0,0,0,0,0,0,0,0,,0,0,0,,0,0,,0,75.796610169492,0,28,,,35,24,57,,0,0,0,,0,59,1.011593220339
1689854218,Mui-Tellado,Ellen,,RPH,I,6962 188th St,,Fresh Meadows,NY,36,11365,1,"Metropolitan area core: primary flow within an urbanized area of 50,000 and greater",US,Pharmacist,NPPES-Taxonomy,28,28,7072.59,28,26,"#",,,,,"#",,,28,7072.59,,0,0,,0,0,,11,2299.33,,17,4773.26,*,,,"#",,,0,0,0,0,0,0,0,0,0,,0,0,0,*,,,*,,72.230769230769,,,,,15,11,14,,,0,0,,,,0.6525
1689856999,Bellucci,Wayne,J,M.D.,I,47 Commerce Ave Ste 1,,Riverhead,NY,36,11901,1,"Metropolitan area core: primary flow within an urbanized area of 50,000 and greater",US,Pulmonary Disease,Claim-Specialty,1108,1457.68,756213.02,39488,198,,1080,1421.68,743178.37,38569,"#",,,832,750969.22,"#",,,*,,,,217,122902.65,,891,633310.37,,129,153676.49,,979,602536.53,,,,,,,,,,,62,1161.63,33,,0,0,*,,76.782828282828,,,,,120,78,181,,,,0,,18,180,1.6727399416657
1689921934,Chen,Hong,,,I,356 Bay Ridge Ave Fl 1,,Brooklyn,NY,36,11220,1,"Metropolitan area core: primary flow within an urbanized area of 50,000 and greater",US,Physician Assistant,NPPES-Specialty,13206,17438.86,3876516.03,504637,361,,13136,17349.86,3835481.17,502080,"#",,,4030,3082074.67,,9019,791247.91,,157,3193.45,,12577,3752974.3,,629,123541.73,,12953,3842326.57,,253,34189.46,,,,,,,,,,,201,20042.07,121,,32,1220.95,*,,74.584487534626,,,,,197,164,0,,351,,0,,325,36,1.0270799332485
1689932253,Riggs,Emily,K,M.D.,I,130 Center Way,,Corning,NY,36,14830,4,"Micropolitan area core: primary flow within an urban cluster of 10,000 to 49,999",US,Family Practice,Claim-Specialty,7777,17681.43,1081073.74,521496,551,,6419,15260.89,810195.81,450463,,449,,1004,909445.44,,6676,167027.94,,97,4600.36,,4573,584231.33,,3204,496842.41,,2843,445036.2,,4934,636037.54,83,657.57,1932,27,1.0672495821011,0,0,0,0,0,76,515.76,57,,23,862.43,*,,70.426497277677,102,260,146,43,354,197,511,15,,,0,17,177,374,1.1259277537957
1689940629,Kroening,Daniel,,MD,I,2400 South Clinton Ave,"Bldg H, Ste 210",Rochester,NY,36,14618,1,"Metropolitan area core: primary flow within an urbanized area of 50,000 and greater",US,Internal Medicine,Claim-Specialty,4311,8266.86,255087.05,236825,560,,3903,7638.21,235995.05,219232,,533,,354,169640.28,,3898,84144.76,,59,1302.01,,3617,214532.08,,694,40554.97,,787,36871.66,,3524,218215.39,51,897.47,720,20,1.1830201809325,0,0,0,0,0,137,1797.12,88,*,,,*,,74.407142857143,27,266,201,66,301,259,490,13,,,0,44,50,510,0.98332680911782
1689946691,Singh,Sakshi,M,M.D.,I,8201 37th Ave,4th Floor,Jackson Heights,NY,36,11372,1,"Metropolitan area core: primary flow within an urbanized area of 50,000 and greater",US,Internal Medicine,Claim-Specialty,6457,16016.23,293139.58,469810,742,,6059,15114.55,278767.14,443631,,702,,592,177170.16,,5735,112031.8,,130,3937.62,,6380,282941.16,,77,10198.42,,1038,74571.35,,5419,218568.23,445,9735.71,11915,103,6.8917453925972,30,609.45,900,,6.7415730337079,113,1282.13,92,,0,0,,0,73.919137466307,40,376,251,75,491,251,411,114,39,161,,,107,635,1.144102577262
1689953986,Kelkenberg,Amber,M,PHARM.D.,I,408 West Ave,,Albion,NY,36,14411,7,"Small town core: primary flow within an urban cluster of 2,500 to 9,999",US,Pharmacist,NPPES-Taxonomy,12,12,2287.04,12,12,,12,12,2287.04,12,,12,,12,2287.04,,0,0,,0,0,,12,2287.04,,0,0,*,,,*,,,0,0,0,0,0,0,0,0,0,,0,0,0,,0,0,,0,71.833333333333,0,,,0,,,12,0,0,0,0,0,,,0.69341666666667
1689986267,Higgins,Nicole,R,RPA-C,I,99 E State St,Medical Arts Bldg Suite 106,Gloversville,NY,36,12078,4,"Micropolitan area core: primary flow within an urban cluster of 10,000 to 49,999",US,Physician Assistant,Claim-Specialty,8702,14725.26,993739.88,423835,670,,5525,10080.44,557367.72,291864,,514,,1326,841151.69,,7282,148445.65,,94,4142.54,,7172,799006.98,,1530,194732.9,,5961,787221.33,,2741,206518.55,463,36853.36,11364,86,5.3206159503562,60,28929.89,1775,,12.958963282937,200,1815.35,115,,23,113,*,,70.146268656716,156,273,190,51,395,275,637,,,13,0,12,292,378,1.2725156022286
1689997843,Gattie,Meghan,,PHARM.D.,I,1717 Sheridan Dr,,Buffalo,NY,36,14223,1,"Metropolitan area core: primary flow within an urbanized area of 50,000 and greater",US,Pharmacist,NPPES-Taxonomy,27,27,7112.3,27,25,"#",,,,,"#",,,27,7112.3,,0,0,,0,0,*,,,"#",,,*,,,"#",,,0,0,0,0,0,0,0,0,0,,0,0,0,*,,,*,,73.72,,,,,,,20,,,0,0,,,,0.81832
1699055442,Dolk,Nathan,,PHARMD.,I,2760-62 Broadway,,New York,NY,36,10025,1,"Metropolitan area core: primary flow within an urbanized area of 50,000 and greater",US,Pharmacist,NPPES-Taxonomy,30,30,7538.63,30,30,,30,30,7538.63,30,,30,,30,7538.63,,0,0,,0,0,*,,,"#",,,*,,,"#",,,0,0,0,0,0,0,0,0,0,,0,0,0,,0,0,,0,74.066666666667,0,18,12,0,19,11,23,,,,0,,,,0.74873333333333
1699090084,Muniak,Jennifer,,M.D.,I,601 Elmwood Ave,Box Med,Rochester,NY,36,14642,1,"Metropolitan area core: primary flow within an urbanized area of 50,000 and greater",US,Geriatric Medicine,Claim-Specialty,3142,3210.35,397366.71,79164,102,,2318,2362.37,277876.24,57375,,88,,682,343353.9,,2460,54012.81,,0,0,,2133,232084.97,,1009,165281.74,"#",,,*,,,,,,,,,,,,,,,,,160,3596.44,,11,75.941176470588,14,31,30,27,52,50,63,31,0,,,,,,2.7132065225869
1699090613,Robinson,Wendy,,,I,353 W 57th St,,New York,NY,36,10019,1,"Metropolitan area core: primary flow within an urbanized area of 50,000 and greater",US,Pharmacist,NPPES-Taxonomy,27,27,8158.51,27,27,,27,27,8158.51,27,,27,,27,8158.51,,0,0,,0,0,,16,5066.15,,11,3092.36,*,,,"#",,,0,0,0,0,0,0,0,0,0,,0,0,0,,0,0,,0,75.962962962963,0,,12,,15,12,27,0,0,0,0,0,,,0.98037037037037
1699110569,Shahid,Nadeem,,,I,105 Stevens Ave,Ste 306,Mount Vernon,NY,36,10550,1,"Metropolitan area core: primary flow within an urbanized area of 50,000 and greater",US,Family Practice,Claim-Specialty,1154,1932.88,85936.82,51307,134,,1025,1733.75,76683.19,46176,,115,,153,71067.24,,965,14225.67,,36,643.91,,780,61253.53,,374,24683.29,,752,70312.31,,402,15624.51,,,,,,,,,,,73,543.89,47,*,,,*,,71.529850746269,19,69,35,11,86,48,32,71,,19,,,61,73,1.0211393874359
1699181974,Eldridge,Jennifer,D,FNP,I,"7785 N. State Street, County General Hospital",,Lowville,NY,36,13367,7.1,"Secondary flow 30% to <50% to a urbanized area of 50,000 and greater",US,Nurse Practitioner,Claim-Specialty,3849,3907.73,252593.07,72906,169,,3705,3752.4,241933.58,69780,,158,,706,176838.98,,3117,74963.25,,26,790.84,,3797,252187.53,,52,405.54,,3703,248976.71,,146,3616.36,370,8336.34,5053,62,9.6128864640166,26,2738.32,780,,7.027027027027,227,7186.37,84,,81,1906.67,*,,80.633136094675,11,41,47,70,121,48,161,,0,,,,137,32,2.3492438840691
1699479030,Chau,Yat Fan,,,I,932 Sinclair Ave,,Staten Island,NY,36,10309,1,"Metropolitan area core: primary flow within an urbanized area of 50,000 and greater",US,Nurse Practitioner,NPPES-Specialty,3799,4477.99,521306.9,126760,547,,3750,4428.99,515115.16,125507,,534,,760,406210.06,,3002,114310.87,,37,785.97,,3629,501911.05,,170,19395.85,,3731,515634.72,,68,5672.18,,,,,,,,,,,75,765.56,71,*,,,*,,71.998171846435,13,389,105,40,270,277,,,522,15,0,,524,23,1.0450511344696
1699722736,Matatov,Valeriy,A,M.D.,I,7206 7th Ave,,Brooklyn,NY,36,11209,1,"Metropolitan area core: primary flow within an urbanized area of 50,000 and greater",US,Internal Medicine,Claim-Specialty,271,329.56,51596.98,8218,85,,219,246,39829.19,5876,,69,,158,49921.61,"#",,,*,,,,150,36191.26,,121,15405.72,,235,47854.41,,36,3742.57,,,,,,,,,,,19,166.91,14,,0,0,,0,71.470588235294,16,40,,,57,28,25,29,,23,0,,62,23,2.0204423945572
1699723353,Pusatier,Michael,F,DO,I,325 Essjay Rd,,Williamsville,NY,36,14221,1,"Metropolitan area core: primary flow within an urbanized area of 50,000 and greater",US,Family Practice,Claim-Specialty,12232,27541.26,1377039.24,800845,626,,10587,24656.46,1153046.83,717064,,575,,1460,1096648.95,,10647,274810.24,,125,5580.05,,9100,890088.47,,3132,486950.77,,2494,312806.95,,9738,1064232.29,503,13463.28,11556,58,4.1121648136037,34,926.54,1020,,6.7594433399602,332,2591.23,197,,25,950.38,*,,72.988817891374,51,326,192,57,351,275,584,13,,,,21,75,551,1.1822754335695
1699775312,Burns,Patrick,B,M.D.,I,210 E Main St,,Huntington,NY,36,11743,1,"Metropolitan area core: primary flow within an urbanized area of 50,000 and greater",US,Family Practice,Claim-Specialty,4546,11297.61,330323.45,330491,633,,4459,11168.68,326288.09,327056,,622,,411,241010.01,,4090,79724.99,,45,9588.45,,1292,75724.46,,3254,254598.99,,356,27585.43,,4190,302738.02,42,246.43,429,15,0.923889133304,0,0,0,0,0,153,1614.76,99,*,,,*,,75.969984202212,11,270,248,104,283,350,563,,,14,0,43,37,596,0.88033654529586
1699864454,Chusid,Arnold,,MD,I,2 Hillside Ave,,Williston Park,NY,36,11596,1,"Metropolitan area core: primary flow within an urbanized area of 50,000 and greater",US,Pediatric Medicine,NPPES-Specialty,87,93,14368.3,916,54,,66,66,11656.53,252,"#",,,51,11601.79,,36,2766.51,,0,0,,15,1814.46,,72,12553.84,,25,3714.11,,62,10654.19,0,0,0,0,0,0,0,0,0,,11,55.21,,,0,0,*,,75.574074074074,,,,,37,17,49,0,0,,0,,,,1.0551058750563
1699954032,Lee,Matthew,D,RPH.,I,58 Genesee St,,Greene,NY,36,13778,2,"Metropolitan area high commuting: primary flow 30% or more to a urbanized area of 50,000 and greater",US,Pharmacist,NPPES-Taxonomy,35,35,6301.15,35,30,"#",,,,,"#",,,35,6301.15,,0,0,,0,0,"#",,,*,,,*,,,"#",,,0,0,0,0,0,0,0,0,0,,0,0,0,*,,,*,,74.166666666667,,,,,15,15,28,0,,0,0,,,,0.82988611111111
1700023496,Ashcraft,Saba,,,I,3036 Walpole Ln,,Baldwinsville,NY,36,13027,1,"Metropolitan area core: primary flow within an urbanized area of 50,000 and greater",US,Nurse Practitioner,Claim-Specialty,2424,2470.69,220776.01,55794,255,,2259,2304.69,205912.78,52232,,239,,492,178288.15,,1907,40233.88,,25,2253.98,,1819,158291.97,,605,62484.04,,1886,189985.04,,538,30790.97,123,1758.53,1140,56,5.0742574257426,,,,,,91,17104.84,42,,71,13622.34,,31,78.61568627451,16,79,85,75,154,101,203,42,,,,,167,88,2.9558210617916
1700036977,Jones,Elizabeth,A,APN-BC,I,300 Meridian Centre Blvd,Suite 320,Rochester,NY,36,14618,1,"Metropolitan area core: primary flow within an urbanized area of 50,000 and greater",US,Nurse Practitioner,NPPES-Specialty,3284,3287.4,216233.78,69374,140,,3195,3198,211094.69,67658,"#",,,605,130493.01,,2644,83443.25,,35,2297.52,,3222,214168.31,,62,2065.47,"#",,,*,,,316,17872.79,7024,55,9.6224116930572,68,6614.76,1667,,21.518987341772,234,10371.01,79,,70,1480.66,*,,77.871428571429,,,,,91,49,124,11,0,,0,,,,3.2644062903334
1700059680,Tavakoly,Afshin,,M.D.,I,1664 E 14th St Ste 101,,Brooklyn,NY,36,11229,1,"Metropolitan area core: primary flow within an urbanized area of 50,000 and greater",US,Internal Medicine,Claim-Specialty,4790,9096,1286796.19,260484,303,,4170,8235.93,1150954.63,236154,,279,,937,937131.4,,3793,346866.31,,60,2798.48,,2877,644576.24,,1913,642219.95,,3750,1034719.06,,1040,252077.13,16,244.63,217,,0.33402922755741,0,0,0,,0,230,8759.75,130,*,,,*,,73.141914191419,24,160,83,36,177,126,126,13,55,70,0,39,190,113,1.1180052895475
1700159407,Love,Rositza,,RPH.,I,5802 Metropolitan Ave,,Ridgewood,NY,36,11385,1,"Metropolitan area core: primary flow within an urbanized area of 50,000 and greater",US,Pharmacist,NPPES-Taxonomy,13,13,2609.66,13,13,,13,13,2609.66,13,,13,,13,2609.66,,0,0,,0,0,"#",,,*,,,*,,,"#",,,0,0,0,0,0,0,0,0,0,,0,0,0,,0,0,,0,72.076923076923,0,,,,,,,,0,,0,0,,,0.67738461538462
1700343340,Zhang,Owen,,PHARMD,I,3852 Main St,,Stone Ridge,NY,36,12484,2,"Metropolitan area high commuting: primary flow 30% or more to a urbanized area of 50,000 and greater",US,Pharmacist,NPPES-Taxonomy,119,119,32887.59,119,113,"#",,,,,"#",,,119,32887.59,,0,0,,0,0,,32,8537.36,,87,24350.23,,11,3204.33,,108,29683.26,0,0,0,0,0,0,0,0,0,,0,0,0,*,,,*,,73.787610619469,,,,,51,62,100,,0,,0,,,,0.87988643067847
1871575639,Tran,Tuan Richie,Q,MD,I,356 West 18th Street,Community Health Project Inc.,New York,NY,36,10011,1,"Metropolitan area core: primary flow within an urbanized area of 50,000 and greater",US,Internal Medicine,NPPES-Specialty,1569,2267.29,1606393.44,65345,102,,974,1453.85,737706.47,42503,,68,"#",,,,1098,62038.52,*,,,,823,763177.33,,746,843216.11,,1268,1307262.54,,301,299130.9,39,969.4,875,,2.4856596558317,0,0,0,,0,,,,*,,,*,,64.813725490196,34,54,,,19,83,56,25,,18,0,,64,38,1.0942484249661
1871578658,Tamburrino,Frank,V,MD,I,501 Seaview Ave,Suite 100,Staten Island,NY,36,10305,1,"Metropolitan area core: primary flow within an urbanized area of 50,000 and greater",US,Cardiology,Claim-Specialty,10240,20323.87,1527118.99,603636,1129,,9304,18488.59,1368714.04,549370,,1012,,1607,1359073.62,,8617,166876.51,,16,1168.86,,4454,673607.55,,5786,853511.44,,2340,365617.79,,7900,1161501.2,,,,,,,,,,,63,364.58,42,*,,,*,,73.420726306466,117,518,373,121,560,569,969,21,23,66,0,50,209,920,1.257001079546
1871586420,Reilly,Eileen,B,MD,I,6400 Powers Rd,,Orchard Park,NY,36,14127,1,"Metropolitan area core: primary flow within an urbanized area of 50,000 and greater",US,Family Practice,Claim-Specialty,10177,10264.68,801420.46,266283,356,,10164,10249.68,801306.37,265833,"#",,,1847,640428.17,,8304,159873.43,,26,1118.86,,7568,598764.87,,2609,202655.59,,6799,601567.13,,3378,199853.33,438,12462.33,8348,91,4.3038223445023,76,8386.82,1880,,17.351598173516,182,17476.71,67,,263,107252.88,*,,85.657303370787,,,,,262,94,334,,,,0,,151,205,2.1275325772671
1871611319,Palomino,Lucy,,NURSE PRACTITIONER,I,707 E Main St,,Middletown,NY,36,10940,1,"Metropolitan area core: primary flow within an urbanized area of 50,000 and greater",US,Nurse Practitioner,Claim-Specialty,3990,7153.89,976852.03,210021,166,,3375,6362.29,890613.49,187539,,139,,904,918921.25,,2907,54184.61,,179,3746.17,,3794,965919.41,,196,10932.62,,3778,949885.35,,212,26966.68,0,0,0,0,0,0,0,0,0,,29,298.88,17,*,,,*,,69.548192771084,27,100,,,115,51,,12,0,145,0,,143,23,1.2002807035627
1871617316,Pastor,Charles,A,MD,I,2742 3rd Ave,,Bronx,NY,36,10455,1,"Metropolitan area core: primary flow within an urbanized area of 50,000 and greater",US,Family Practice,NPPES-Specialty,9573,15930.34,1891783.02,454890,425,,6454,11090.51,1110410.02,318366,,281,,2093,1654164.3,,7194,229590.94,,286,8027.78,,8675,1759483.41,,898,132299.61,,8453,1745702.12,,1120,146080.9,,,,,,,,,,,182,1555.19,115,,71,13978.53,,18,66.204705882353,144,189,77,15,241,184,23,147,,237,,14,341,84,1.3469960679394
1871653782,Ha,Chung,K,MD,I,15615 35th Ave,,Flushing,NY,36,11354,1,"Metropolitan area core: primary flow within an urbanized area of 50,000 and greater",US,Gastroenterology,Claim-Specialty,3628,7599.99,496410.26,222735,381,,3532,7503.99,473612.88,219983,"#",,,479,408882.61,,3121,86200.13,,28,1327.52,,3004,415580.18,,624,80830.08,,2086,407782.06,,1542,88628.2,0,0,0,0,0,0,0,0,0,,41,570.43,31,*,,,*,,73.813648293963,,,,,211,170,12,,338,,0,27,178,203,0.84651660134035
1871655944,Zhou,Zhu-Ping,,M.D.,I,13620 38th Ave,"#6k",Flushing,NY,36,11354,1,"Metropolitan area core: primary flow within an urbanized area of 50,000 and greater",US,Internal Medicine,Claim-Specialty,29634,48564.34,6988405.81,1399700,798,,29138,47822.34,6832280.2,1378708,,782,,7426,6352382.67,,21708,626038.47,,500,9984.67,,27273,6240503.81,,2361,747902,,26454,6371124.43,,3180,617281.38,,,,,,,,,,,945,5426.29,484,,202,217549.76,,42,75.204260651629,16,394,272,116,420,378,,,762,11,0,12,605,193,1.4684295963632
1871661280,Fiore,Rosario,,FNP,I,1 Penn Plz Fl 8,Optum,New York,NY,36,10119,1,"Metropolitan area core: primary flow within an urbanized area of 50,000 and greater",US,Nurse Practitioner,NPPES-Specialty,4134,7888.94,745597.77,225222,517,,3331,6407.27,590286.06,183164,,426,,802,657376.54,,3288,85879.73,,44,2341.5,,3305,601658.23,,829,143939.54,,2962,598941.5,,1172,146656.27,158,4373.57,4131,35,3.8219641993227,,,,,,197,2210.25,146,,71,3192.87,,33,71.365570599613,91,259,110,57,274,243,165,38,,300,,12,356,161,1.6049490109935
1871662379,Jean-Francois,T.,R,M.D,I,622 Ocean Ave,,Brooklyn,NY,36,11226,1,"Metropolitan area core: primary flow within an urbanized area of 50,000 and greater",US,Internal Medicine,NPPES-Specialty,6825,15392.99,966482.55,454545,442,,6353,14420.84,901777.19,425977,,405,,927,810786.23,,5699,149981.72,,199,5714.6,,5940,867385.76,,885,99096.79,,5537,833478.58,,1288,133003.97,0,0,0,0,0,0,0,0,0,,44,376.01,37,*,,,*,,72.733031674208,37,237,129,39,278,164,,270,,140,0,24,329,113,1.285432599387
1871735050,Banayan,Emil,,MD,I,170 W 12th St,,New York,NY,36,10011,1,"Metropolitan area core: primary flow within an urbanized area of 50,000 and greater",US,Internal Medicine,Claim-Specialty,7972,19808,279877.91,579821,1187,,7736,19324.13,273600.21,566035,,1148,,642,145856.09,,7268,132633.83,,62,1387.99,,7949,277046.01,,23,2831.9,,1127,51203.97,,6845,228673.94,198,3485,4351,64,2.4836929252383,,,,,,109,3015.05,82,*,,,*,,76.239258635215,39,503,426,219,558,629,839,42,102,135,0,69,151,1036,1.2989926972554
1871770511,Underwood,Joelle,,FNP,I,6 Franklin Rd,,Walton,NY,36,13856,7,"Small town core: primary flow within an urban cluster of 2,500 to 9,999",US,Nurse Practitioner,Claim-Specialty,7082,16676.87,1204894.78,488198,567,,6059,14656.87,1038492.63,429114,,494,,1143,1047246.71,,5895,155302.53,,44,2345.54,,4405,816708.63,,2677,388186.15,,2049,507191.14,,5033,697703.64,173,5251.83,4154,52,2.4428127647557,18,1578.69,540,,10.404624277457,173,19444.69,112,,48,3451.84,,19,73.756613756614,73,218,191,85,318,249,538,,,,,18,130,437,1.1553864182324
1871779330,Zacharski,Lidia,,NP,I,128 Glen St,,Glen Cove,NY,36,11542,1,"Metropolitan area core: primary flow within an urbanized area of 50,000 and greater",US,Nurse Practitioner,Claim-Specialty,2853,4654.5,469054.46,109599,874,,2625,4269.4,435539.05,99518,,835,,800,295814.41,,2037,171156.73,,16,2083.32,,953,161437.85,,1900,307616.61,,572,111237.22,,2281,357817.24,16,38.44,61,,0.56081317910971,0,0,0,,0,503,12575.41,276,,13,1464.07,*,,74.176201372998,39,452,291,92,532,342,768,,28,25,,48,106,768,1.00751612682
1871825513,Makrigianis,Sophia,,RPH,I,230 Saw Mill River Rd,C/O Drug Mart,Millwood,NY,36,10546,1,"Metropolitan area core: primary flow within an urbanized area of 50,000 and greater",US,Pharmacist,NPPES-Taxonomy,11,11,3563.74,11,11,,11,11,3563.74,11,,11,,11,3563.74,,0,0,,0,0,*,,,*,,,,0,0,,11,3563.74,0,0,0,0,0,0,0,0,0,,0,0,0,,0,0,,0,78.272727272727,0,,,,,,,0,0,0,0,,0,11,0.42790909090909
1871837260,Moak,Susan,,RPA,I,8100 Oswego Rd,Suite 220,Liverpool,NY,36,13090,1,"Metropolitan area core: primary flow within an urbanized area of 50,000 and greater",US,Physician Assistant,NPPES-Specialty,3175,7796.23,232019.9,226685,336,,2971,7414.33,195277.51,216095,,316,,257,161430.7,,2899,70057.04,,19,532.16,,2607,176793.18,,568,55226.72,,336,49147.09,,2839,182872.81,101,1572.65,2668,15,3.1811023622047,12,613.08,360,,11.881188118812,147,2991.98,106,,19,532.5,*,,71.958333333333,20,209,87,20,266,70,319,,,,0,,32,304,0.91554841592655
1871874453,Xie,Yuanli,,M.D.,I,8504 21st Ave,,Brooklyn,NY,36,11214,1,"Metropolitan area core: primary flow within an urbanized area of 50,000 and greater",US,Internal Medicine,Claim-Specialty,5022,9450.24,864926.74,267287,281,,4868,9182.24,828165.95,259678,"#",,,960,668306.24,,3944,192958.66,,118,3661.84,,4624,827399.52,,398,37527.22,,4216,764580.81,,806,100345.93,,,,,,,,,,,145,3230.56,94,,27,839.48,*,,73.227758007117,,,,,161,120,11,,248,,0,15,216,65,1.0162359873949
1871876912,Brunner,Samantha,,PA,I,300 Meridian Centre Blvd Ste 320,,Rochester,NY,36,14618,1,"Metropolitan area core: primary flow within an urbanized area of 50,000 and greater",US,Physician Assistant,NPPES-Specialty,2083,2087.43,153671.54,44919,118,,2070,2074.43,153522.94,44568,"#",,"#",,,,1618,27245.64,*,,,"#",,,*,,,,1937,143004.49,,146,10667.05,27,354.75,353,18,1.2962073931829,0,0,0,0,0,54,1255.91,31,,135,2101.19,*,,85.847457627119,,,,,93,25,88,17,,,0,,107,11,2.3679338588828
1881033272,Abungu,Billy,S,MD,I,2015 Grand Concourse,,Bronx,NY,36,10453,1,"Metropolitan area core: primary flow within an urbanized area of 50,000 and greater",US,Internal Medicine,Claim-Specialty,7821,8186.36,721078.04,230885,280,,6098,6426.1,540431.7,181153,,224,,1048,504814.76,,6706,211380.24,,67,4883.04,,1107,110658.5,,6714,610419.54,,7746,713573.21,,75,7504.83,14,121.49,227,11,0.17900524229638,0,0,0,0,0,60,3962.64,40,,87,1579.73,,23,73.371428571429,56,101,77,46,158,122,116,71,11,73,,,230,50,2.2077053088012
1881609378,Sousou,Anthony,J,MD,I,2400 Clinton Ave S,Building H Suite 230,Rochester,NY,36,14618,1,"Metropolitan area core: primary flow within an urbanized area of 50,000 and greater",US,Internal Medicine,Claim-Specialty,10516,23155.34,810209.83,676219,845,,9623,21546.66,741203.54,629059,,794,,943,534607.61,,9488,272496.96,,85,3105.26,,9318,681922.29,,1198,128287.54,,1880,140067.17,,8636,670142.66,339,20271.64,8853,74,3.2236591860023,27,9159.02,756,,7.9646017699115,247,3473,176,,40,1754.67,*,,75.086390532544,51,370,301,123,416,429,726,62,,12,,35,106,739,1.0455746496659
1881620227,Petrov,Manana,,MD,I,353 Ocean Ave,,Brooklyn,NY,36,11226,1,"Metropolitan area core: primary flow within an urbanized area of 50,000 and greater",US,Internal Medicine,Claim-Specialty,11188,17867.33,2248926.81,519420,574,,9678,15462.1,1641753.53,449583,,503,,2319,1835530.71,,8335,375898.38,,534,37497.72,,8022,1724498.72,,3166,524428.09,,9569,2043615.34,,1619,205311.47,30,578.86,673,,0.26814444047193,,,,,,163,1003.25,119,,17,127.57,*,,72.165505226481,71,282,174,47,395,179,34,396,11,70,0,63,407,167,1.4913676636604
1881623635,Fotidar,Akhilesh,,MD,I,99 E State St,Mab-Gpcc,Gloversville,NY,36,12078,4,"Micropolitan area core: primary flow within an urban cluster of 10,000 to 49,999",US,Internal Medicine,Claim-Specialty,2192,4460.79,207620.71,128797,395,,1787,3775.84,174131.49,109610,,316,,342,176343.76,,1806,29614.07,,44,1662.88,,1758,181876.01,,434,25744.7,,1127,111587.14,,1065,96033.57,47,261.58,733,17,2.1441605839416,0,0,0,0,0,20,537.08,17,,13,432.55,*,,70.946835443038,79,174,104,38,172,223,378,,,,0,,176,219,1.1465440016055
1881624443,Papa,Louis,J,M.D.,I,2400 S Clinton Ave,Bldg H Suite 230,Rochester,NY,36,14618,1,"Metropolitan area core: primary flow within an urbanized area of 50,000 and greater",US,Internal Medicine,Claim-Specialty,9736,20647.26,758098.25,605844,768,,9056,19733.15,734710.86,579936,,733,,930,558309.76,,8747,196579.54,,59,3208.95,,8558,636551.68,,1178,121546.57,,1029,78880.72,,8707,679217.53,96,2399.65,2576,27,0.9860312243221,,,,,,123,687.29,93,,19,285.81,*,,75.42578125,35,331,295,107,369,399,647,47,,18,,48,61,707,1.0358103496934
1881629145,Plain,George,B,MD,I,300 White Spruce Blvd,Suite 100,Rochester,NY,36,14623,1,"Metropolitan area core: primary flow within an urbanized area of 50,000 and greater",US,Internal Medicine,Claim-Specialty,7444,18304.6,513725.45,538088,510,,7220,17960.1,494980.08,528079,,495,,603,344401.79,,6781,162337.01,,60,6986.65,,6692,448815.94,,752,64909.51,,779,97148.56,,6665,416576.89,69,1428.18,1395,27,0.92692101020956,,,,,,137,1191.22,91,,23,1044.07,*,,77.223529411765,15,190,196,109,257,253,446,34,,,0,26,36,474,1.1289352364884
1881644755,Sripada,Padma,,MD,I,2500 Pond Vw Ste 202,,Castleton,NY,36,12033,1,"Metropolitan area core: primary flow within an urbanized area of 50,000 and greater",US,Internal Medicine,Claim-Specialty,9152,13788.75,797822.27,367663,574,,8226,12434.18,707082.85,331444,,534,,1680,619902.5,,7358,170410.25,,114,7509.52,,5570,495244.07,,3582,302578.2,,5578,449830.45,,3574,347991.82,128,2847.47,2422,39,1.3986013986014,12,943.8,260,,9.375,282,16356.37,141,,143,10096.91,,36,75.806620209059,40,227,203,104,363,211,477,40,19,12,0,26,246,328,1.6275655017926
1881652675,Ahlman,Diane,E,MD,I,2561 Lac De Ville Blvd Ste 202,,Rochester,NY,36,14618,1,"Metropolitan area core: primary flow within an urbanized area of 50,000 and greater",US,Internal Medicine,Claim-Specialty,5978,13077.49,496631.87,380405,609,,5105,11490.68,428332.18,335225,,546,,688,339856.7,,5231,155027.37,,59,1747.8,,4883,388168.16,,1095,108463.71,,1660,136494.99,,4318,360136.88,151,23911.43,3844,37,2.5259284041485,17,21436.08,510,,11.258278145695,106,1250.7,69,,14,1336.1,*,,72.062397372742,63,315,189,42,571,38,511,55,,18,,19,103,506,0.9045853460201
1881663904,Chin,Shu,Y,M.D,I,86 Bowery,6f,New York,NY,36,10013,1,"Metropolitan area core: primary flow within an urbanized area of 50,000 and greater",US,Internal Medicine,Claim-Specialty,15311,31619.78,3430662.48,930404,715,,14972,31025.25,3359667.4,913095,,700,,3112,2974221.21,,11905,448945.93,,294,7495.34,,14081,3146336.51,,1230,284325.97,,14490,3359790.74,,821,70871.74,23,816.03,644,,0.15021879694337,0,0,0,,0,209,2020.73,149,,11,491.11,*,,73.248951048951,15,438,196,66,448,267,,,669,,0,29,634,81,0.99830820275427
1881667764,Corvalan-Schmidt,Enrique,,MD,I,2891 Route 22,,Patterson,NY,36,12563,1,"Metropolitan area core: primary flow within an urbanized area of 50,000 and greater",US,Family Practice,NPPES-Specialty,347,523.88,166601.69,14764,28,,347,523.88,166601.69,14764,,28,"#",,,,227,10334.64,*,,,*,,,"#",,,,283,59878.07,,64,106723.62,0,0,0,0,0,0,0,0,0,,,,,,0,0,,0,73.964285714286,0,17,,,15,13,22,,0,0,0,,,,0.76743452380952
1881716934,Eriksen,Roy,H,MD,I,311 N Midland Ave,,Nyack,NY,36,10960,1,"Metropolitan area core: primary flow within an urbanized area of 50,000 and greater",US,Internal Medicine,Claim-Specialty,6621,11446.42,765211.7,321740,420,,6448,11143.42,734630.13,313058,,399,,966,630332.09,,5637,134064.41,,18,815.2,,1624,175001.51,,4997,590210.19,,2777,437824.53,,3844,327387.17,184,11733.12,4253,33,2.7790363993354,17,8766.17,510,,9.2391304347826,172,3377.79,107,,155,6302.98,,26,78.42380952381,21,134,153,112,229,191,306,75,12,13,0,14,107,313,1.2546823637171
1881747848,Rajagopal,Latha,,M.D.,I,3200 Bainbridge Ave,,Bronx,NY,36,10467,1,"Metropolitan area core: primary flow within an urbanized area of 50,000 and greater",US,Internal Medicine,Claim-Specialty,11980,24062.04,1876767.29,712504,794,,10118,21041.03,1499465.47,623810,,680,,2132,1647038.03,,9494,215649.88,,354,14079.38,,9117,1497579.36,,2863,379187.93,,7341,1267968.91,,4639,608798.38,46,220.34,1445,12,0.38397328881469,0,0,0,0,0,31,283,24,,0,0,,0,72.721662468514,114,339,251,90,591,203,70,324,,321,,43,416,378,1.6503728780452
1881751907,Gronwall,Josh,A,PHARMD,I,10 Main St,,Sidney,NY,36,13838,7,"Small town core: primary flow within an urban cluster of 2,500 to 9,999",US,Pharmacist,NPPES-Taxonomy,39,39,11404.86,39,38,"#",,,,,"#",,,39,11404.86,,0,0,,0,0,,27,8003.48,,12,3401.38,,13,3793.87,,26,7610.99,0,0,0,0,0,0,0,0,0,,0,0,0,*,,,*,,75.052631578947,,,,,,,34,0,0,,0,,11,27,0.87948684210526
1881755320,Feinstein,Steven,,RPH.,I,74 Croton Ave,,Ossining,NY,36,10562,1,"Metropolitan area core: primary flow within an urbanized area of 50,000 and greater",US,Pharmacist,NPPES-Taxonomy,20,20,5115.32,61,19,,20,20,5115.32,61,,19,,17,5083.32,"#",,,*,,,*,,,*,,,*,,,"#",,,0,0,0,0,0,0,0,0,0,,0,0,0,,0,0,,0,75.105263157895,0,,,,,,,,0,,0,,,,0.83179824561404
1881767150,Hoilette,Leesha,K,MD,I,55 Barrett Dr,,Webster,NY,36,14580,1,"Metropolitan area core: primary flow within an urbanized area of 50,000 and greater",US,Internal Medicine,Claim-Specialty,2683,5120.89,375334.64,148912,214,,2254,4477.5,314792.23,130547,,185,,477,308436.6,,2183,65733.75,,23,1164.29,,2136,294631.85,,547,80702.79,,957,195292.67,,1726,180041.97,77,2032.94,2004,,2.8699217294074,,,,,,32,396.39,25,*,,,*,,70.434579439252,29,115,54,16,139,75,177,16,,,0,11,53,161,1.0098384423901
1881788123,Muratori,John,,MD,I,158 E Main St,,Bay Shore,NY,36,11706,1,"Metropolitan area core: primary flow within an urbanized area of 50,000 and greater",US,Family Practice,Claim-Specialty,11053,24062.92,1056182.82,693628,837,,9680,21553.3,852049.31,623079,,746,,1297,876196.06,,9693,177107.28,,63,2879.48,,3889,376691.05,,7164,679491.77,,2373,295056.82,,8680,761126,97,867.43,1761,38,0.87758979462589,,,,,,606,7123.4,291,,53,1938.82,,16,73.942652329749,91,356,289,101,479,358,709,34,,65,,22,133,704,1.1862581852996
1881824605,Gamarnik,Paul,H,MD,I,2 Perlman Dr,"Hudson River Healthcare, Inc.",Spring Valley,NY,36,10977,1,"Metropolitan area core: primary flow within an urbanized area of 50,000 and greater",US,Internal Medicine,Claim-Specialty,5877,14399.84,634436.01,423754,664,,5620,13839.31,586801.23,407188,,645,,637,506482.14,,5204,126627.93,,36,1325.94,,2193,231335.3,,3684,403100.71,,1484,186810.67,,4393,447625.34,21,173.94,206,,0.35732516590097,0,0,0,,0,117,2332.23,88,,14,359.58,*,,76.305722891566,19,277,235,133,307,357,505,14,18,87,0,40,115,549,1.2058496485944
1881845600,Simmons,Sylvia,,NP,I,111 E 59th St,,New York,NY,36,10022,1,"Metropolitan area core: primary flow within an urbanized area of 50,000 and greater",US,Nurse Practitioner,NPPES-Specialty,8478,8537.06,1132045.64,231577,150,,7962,8019.37,1076312.51,217674,"#",,,1203,829484.38,,7260,302059.43,,15,501.83,,8265,1071043.85,,213,61001.79,,8464,1125789.3,,14,6256.34,83,2751.04,1970,17,0.9790044821892,,,,,,51,1332.29,22,,407,84041.3,*,,77.726666666667,,,,,87,63,29,60,,60,0,,,,2.4754873222074
1881847598,Chase,Brian,,M.D.,I,350 Parrish St,,Canandaigua,NY,36,14424,1,"Metropolitan area core: primary flow within an urbanized area of 50,000 and greater",US,Family Practice,Claim-Specialty,12440,12489.05,2062242.92,311540,526,,10745,10793.76,1052916.56,268513,,472,,2640,1709205.74,,9714,349882.77,,86,3154.41,,7213,829449.22,,5227,1232793.7,,11154,1936433.92,,1286,125809,198,11140.35,3323,95,1.5916398713826,38,8066.59,944,11,19.191919191919,296,15246.76,111,,296,151406.1,,49,80.754752851711,54,82,163,227,358,168,498,13,,,0,,358,168,2.2062321027642
1881870798,Hardy,Heidi,L,RPH,I,101 Towne Dr,,Fayetteville,NY,36,13066,1,"Metropolitan area core: primary flow within an urbanized area of 50,000 and greater",US,Pharmacist,NPPES-Taxonomy,19,19,5804.74,19,19,,19,19,5804.74,19,,19,,19,5804.74,,0,0,,0,0,"#",,,*,,,,0,0,,19,5804.74,0,0,0,0,0,0,0,0,0,,0,0,0,,0,0,,0,79.105263157895,0,,,,,,16,,0,0,0,,0,19,1.0708421052632
1881871499,Galli,Robert,,,I,570 Westbury Ave,,Carle Place,NY,36,11514,1,"Metropolitan area core: primary flow within an urbanized area of 50,000 and greater",US,Pharmacist,NPPES-Taxonomy,40,49.5,9970.72,615,28,"#",,,,,"#",,,37,9909.61,*,,,"#",,,,14,4701.96,,26,5268.76,*,,,"#",,,0,0,0,0,0,0,0,0,0,,0,0,0,*,,,*,,76.928571428571,,,,,,,22,,,,0,0,,,1.525681547619
1881907160,Victoria,Vanessa,,RP.A.-C,I,3751 91st St,,Jackson Heights,NY,36,11372,1,"Metropolitan area core: primary flow within an urbanized area of 50,000 and greater",US,Physician Assistant,NPPES-Specialty,5852,15065.82,907832.65,442196,557,,5587,14418.82,881602.39,423368,,530,,708,755472.53,,5064,149936.33,,80,2423.79,,5389,810888.14,,463,96944.51,,4579,830767.39,,1273,77065.26,0,0,0,0,0,0,0,0,0,,151,1282.89,113,*,,,*,,75.328545780969,27,244,201,85,327,230,23,,,525,0,,388,169,1.0156555458179
1881907376,Ningthoujam,Sunita,,MD,I,"4422 3rd Ave # Avd",Dept Of Internal Med Mills 3rd Fl,Bronx,NY,36,10457,1,"Metropolitan area core: primary flow within an urbanized area of 50,000 and greater",US,Internal Medicine,Claim-Specialty,6016,12210.86,748061.43,356317,548,,5445,11402.09,665016.47,333142,,507,,1021,638250.75,,4909,106838.04,,86,2972.64,,3602,513753.23,,2414,234308.2,,2734,367216.9,,3282,380844.53,73,902.03,1990,17,1.2134308510638,0,0,0,0,0,120,1078.68,91,,11,401.71,*,,74.786496350365,41,231,198,78,388,160,292,86,15,126,0,29,172,376,1.1327077787827
1881948701,Ramlal,Carminie,,NP,I,1424 Herkimer Street,,Brooklyn,NY,36,11233,1,"Metropolitan area core: primary flow within an urbanized area of 50,000 and greater",US,Nurse Practitioner,NPPES-Specialty,2261,3985,172888.76,111957,293,,2127,3762.8,162223.04,105739,,276,,258,136701.89,,1982,35281.56,,21,905.31,,863,58806.09,,1398,114082.67,,1348,116580.67,,913,56308.09,49,913.95,774,17,2.1671826625387,,,,,,88,787.71,68,,15,642.01,*,,73.42662116041,17,151,98,27,177,116,187,11,,69,,16,110,183,1.008770512557
1881953065,Smith,Lindsay,A,PHARM D.,I,2172 Penfield Rd,,Penfield,NY,36,14526,1,"Metropolitan area core: primary flow within an urbanized area of 50,000 and greater",US,Pharmacist,NPPES-Taxonomy,104,104,28957.14,104,100,,104,104,28957.14,104,,100,,104,28957.14,,0,0,,0,0,,17,4572.04,,87,24385.1,*,,,"#",,,0,0,0,0,0,0,0,0,0,,0,0,0,,0,0,,0,74.03,0,57,,,58,42,76,,,,0,,,,0.98084
1891002580,Paidoussis,Demetrios,,M.D.,I,11205 Queens Blvd,,Forest Hills,NY,36,11375,1,"Metropolitan area core: primary flow within an urbanized area of 50,000 and greater",US,Family Practice,Claim-Specialty,6751,15783.3,1163038.64,465065,591,,5995,14250.88,1013528.58,420215,,524,,1084,971938.2,,5577,188827.04,,90,2273.4,,4403,777932.16,,2348,385106.48,,3690,796902.31,,3061,366136.33,,,,,,,,,,,128,2107.04,98,,13,180.11,*,,73.465313028765,67,251,194,79,362,229,246,88,70,142,,,252,339,1.359659004833
1891010286,Chan,York Sing,,D.O.,I,2116 Avenue U,,Brooklyn,NY,36,11229,1,"Metropolitan area core: primary flow within an urbanized area of 50,000 and greater",US,Internal Medicine,Claim-Specialty,20911,36671.44,4189318.9,1072804,775,,20306,35558.54,4111629.1,1040584,,728,,3916,3332622.29,,16432,837672.57,,563,19024.04,,17977,3675581.08,,2934,513737.82,,18818,4025107.46,,2093,164211.44,25,177.52,336,18,0.11955430156377,0,0,0,0,0,388,6552.14,258,,80,6146.75,,20,73.343225806452,47,425,210,93,431,344,67,23,636,25,0,24,600,175,0.98365668161105
1891018727,Mathur,Priyanka,,,I,2 West Rd,,Pleasant Valley,NY,36,12569,1,"Metropolitan area core: primary flow within an urbanized area of 50,000 and greater",US,Pharmacist,NPPES-Taxonomy,367,367,70182.49,381,221,,328,328,64155.99,336,,195,,353,69119.85,,14,1062.64,,0,0,,284,54090.14,,83,16092.35,,94,16514.55,,273,53667.94,0,0,0,0,0,0,0,0,0,,0,0,0,,0,0,,0,71.592760180995,26,119,,,134,87,175,,18,,,,57,164,1.2873403471254
1891058681,Kadimcherla,Pradeep,,M.D.,I,"2255 Adam Clayton Powell Jr Blvd # 2257",,New York,NY,36,10027,1,"Metropolitan area core: primary flow within an urbanized area of 50,000 and greater",US,Internal Medicine,Claim-Specialty,8327,16323.98,1180330.96,475045,814,,7364,14543.2,983071.14,424479,,718,,1269,1014828.9,,6932,158629.71,,126,6872.35,,6831,1029359.42,,1496,150971.54,,5716,909575.38,,2611,270755.58,77,428.67,1996,26,0.92470277410832,0,0,0,0,0,121,2213.35,94,,24,439.25,,14,73.022113022113,96,371,268,79,461,353,21,584,25,138,0,46,477,337,1.6332669429659
1891097416,Ahmed,Imrana,,D.O.,I,515 Bellport Ave,,Bellport,NY,36,11713,1,"Metropolitan area core: primary flow within an urbanized area of 50,000 and greater",US,Family Practice,Claim-Specialty,5410,10215.21,522613.3,293428,348,,3250,6535.02,324848.07,188123,,224,,679,416707.71,,4664,100651.75,,67,5253.84,,3929,392813.53,,1481,129799.77,,4333,446726.15,,1077,75887.15,,,,,,,,,,,219,1693.89,104,,18,739.38,*,,65.933908045977,124,147,61,16,219,129,194,50,22,69,,,253,95,1.3271140133404
1891145744,Novakovic,Zachary,,D.O.,I,3044 Route 50,,Saratoga Springs,NY,36,12866,1.1,"Secondary flow 30% to <50% to a larger urbanized area of 50,000 and greater",US,Family Practice,Claim-Specialty,5116,11740.57,499414.03,344450,405,,4739,10916.07,453729.52,320787,,384,,596,406596.43,,4481,91761.73,,39,1055.87,,3234,309363.51,,1882,190050.52,,734,115568.36,,4382,383845.67,101,1701.14,2133,22,1.9741985926505,0,0,0,0,0,61,1098.18,41,,24,2681.94,*,,73.328395061728,21,223,124,37,160,245,371,,,,0,20,46,359,1.0279918313678
1891441424,Yang,Jeff,,FNP-BC,I,1902 86th St,,Brooklyn,NY,36,11214,1,"Metropolitan area core: primary flow within an urbanized area of 50,000 and greater",US,Nurse Practitioner,Claim-Specialty,9967,16408.76,1869899.98,468894,936,,9774,16087.7,1841165.23,459884,,901,,2231,1534703.71,,7533,329633.24,,203,5563.03,,9064,1743457.79,,903,126442.19,,9447,1835215.03,,520,34684.95,0,0,0,0,0,0,0,0,0,,245,1385.77,189,*,,,*,,72.981837606838,35,566,250,85,479,457,17,,884,12,,18,844,92,1.0703309661842
1891720058,Leung,Wai,L,M.D.,I,13630 Maple Ave,Suite 1e,Flushing,NY,36,11355,1,"Metropolitan area core: primary flow within an urbanized area of 50,000 and greater",US,Internal Medicine,Claim-Specialty,32480,67847.590000001,5670342.31,2001719,1241,,32242,67365.77,5656780.58,1987568,"#",,,5232,4694655.99,,26827,965018.95,,421,10667.37,,24827,4440626.92,,7653,1229715.39,,22103,4161175.45,,10377,1509166.86,40,764.94,704,21,0.12315270935961,,,,,,474,3350.7,323,,73,4519.02,*,,77.955680902498,,,,,749,492,65,39,1038,38,0,61,599,642,1.2486891909081
1891733713,Delerme-Pagan,Cathy,,M.D.,I,321 Pennsylvania Ave,Suite 1,Brooklyn,NY,36,11207,1,"Metropolitan area core: primary flow within an urbanized area of 50,000 and greater",US,Family Practice,Claim-Specialty,2359,3662.71,589566.94,106753,137,,1914,3014.61,469228.88,88274,,105,,518,434289.96,,1772,152878.51,,69,2398.47,,2009,452210.12,,350,137356.82,,2014,546102.18,,345,43464.76,96,2908.5,2747,12,4.0695209834676,0,0,0,0,0,24,155.74,16,,0,0,,0,67.729927007299,32,78,,,83,54,13,73,,39,0,,109,28,1.6840489560354
1891737839,Lorenzo,Mari,G,M.D.,I,4422 3rd Ave,,Bronx,NY,36,10457,1,"Metropolitan area core: primary flow within an urbanized area of 50,000 and greater",US,Internal Medicine,Claim-Specialty,3646,6489.71,779198.48,191752,330,,2471,4462.34,524339.76,131841,,234,,957,707372.4,,2541,66149.57,,148,5676.51,,3100,666333.65,,546,112864.83,,3363,735534.72,,283,43663.76,,,,,,,,,,,13,181.4,13,*,,,*,,67.909090909091,96,152,62,20,204,126,11,110,,197,0,,285,45,1.5683394215893
1891744314,Hambright,Maya,,MD,I,1 Family Practice Dr,,Kingston,NY,36,12401,1,"Metropolitan area core: primary flow within an urbanized area of 50,000 and greater",US,Family Practice,Claim-Specialty,2309,2681,447216.79,44298,1174,,1710,1978,381493.04,24112,,1108,,1347,413542.58,"#",,,*,,,,1100,175387.76,,1209,271829.03,,973,135649.63,,1336,311567.16,22,817.8,660,14,0.95279341706366,,,,,,,,,,15,482.15,*,,75.768313458262,66,478,448,182,667,507,1053,22,,29,,66,272,902,1.1047944951066
1891778296,Rehman,Syed,I,M.D.,I,147 Hoosick St Ste K,,Troy,NY,36,12180,1,"Metropolitan area core: primary flow within an urbanized area of 50,000 and greater",US,Internal Medicine,Claim-Specialty,9205,19336.24,1077855.81,563931,606,,7067,15472.66,785014.64,453762,,460,,1278,911789.02,,7791,160432.99,,136,5633.8,,6965,865338.23,,2240,212517.58,,6075,778076.69,,3130,299779.12,373,7287.58,9179,71,4.0521455730581,15,664.03,450,,4.0214477211796,139,1363.11,87,,35,2800.77,,12,69.798679867987,146,247,152,61,317,289,437,100,12,38,0,19,317,289,1.3699692774416
1891802468,Henriquez,Edmee,M,MD,I,7315 Northern Blvd,,Jackson Heights,NY,36,11372,1,"Metropolitan area core: primary flow within an urbanized area of 50,000 and greater",US,Family Practice,Claim-Specialty,3500,8228.15,343778.14,244054,374,,3314,7863.98,324798.51,233310,,355,,405,270456.75,,3059,71981.71,,36,1339.68,,2805,273471.01,,695,70307.13,,2164,254956.06,,1336,88822.08,,,,,,,,,,,27,1773.08,19,*,,,*,,75.211229946524,19,165,136,54,251,123,88,42,30,201,0,13,185,189,1.2404495052156
1891812806,Huang,Qing Xiang,,FNP,I,1502 Avenue U,,Brooklyn,NY,36,11229,1,"Metropolitan area core: primary flow within an urbanized area of 50,000 and greater",US,Nurse Practitioner,Claim-Specialty,5411,11263.12,1119463,329867,568,,5331,11089.12,1108013.33,324720,,556,,1036,949536.16,,4252,166138.28,,123,3788.56,,4952,1037430.9,,459,82032.1,,5106,1094402.44,,305,25060.56,,,,,,,,,,,88,3422.75,66,*,,,*,,74.397887323944,12,318,162,76,305,263,,,547,,,,519,49,1.1590670930826
1891867859,Saboor,Inamulhaque,M,M.D.,I,486 Mcdonald Ave,,Brooklyn,NY,36,11218,1,"Metropolitan area core: primary flow within an urbanized area of 50,000 and greater",US,Internal Medicine,Claim-Specialty,4579,7501.74,615120.9,219858,136,,4456,7343.14,613242.12,215399,"#",,,729,540024.73,,3703,73076.5,,147,2019.67,,4045,550609.97,,534,64510.93,,4250,576511.72,,329,38609.18,0,0,0,0,0,0,0,0,0,,45,298.25,31,,0,0,*,,69.779411764706,,,,,46,90,,,102,,0,14,124,12,1.2923191989634
1891913554,Vanhollebeke,Ingrid,M,DO,I,600 Westage Business Ctr Dr,,Fishkill,NY,36,12524,1,"Metropolitan area core: primary flow within an urbanized area of 50,000 and greater",US,Internal Medicine,Claim-Specialty,2224,5329.06,109630.81,154413,449,,2095,5070.89,103837.12,147468,,430,"#",,,,2022,32726.77,*,,,,1014,49790.79,,1210,59840.02,,321,23910.08,,1903,85720.73,57,420.72,944,14,2.5629496402878,0,0,0,0,0,78,936.2,66,*,,,*,,76.15144766147,19,183,172,75,329,120,388,16,,23,,15,50,399,1.2083633182691
1902009459,Kolessa,Alexander,,M.D.,I,44 Monroe St,"# A24",New York,NY,36,10002,1,"Metropolitan area core: primary flow within an urbanized area of 50,000 and greater",US,Internal Medicine,Claim-Specialty,4578,6161.54,414883.92,163443,506,,4529,6090.54,413930.55,161504,"#",,,633,324165.29,,3921,89386.48,,24,1332.15,,678,141781.16,,3900,273102.76,,2971,219477.7,,1607,195406.22,97,2067.74,1256,37,2.1188291830494,,,,,,212,4292.3,137,,110,13216.4,*,,82.407114624506,,,,,351,155,351,26,31,78,,,163,343,2.0954434196978
1902055403,Au,Shunmui,,,I,6628 18th Ave,,Brooklyn,NY,36,11204,1,"Metropolitan area core: primary flow within an urbanized area of 50,000 and greater",US,Pharmacist,NPPES-Taxonomy,22,22,5365.55,22,19,"#",,,,,"#",,,22,5365.55,,0,0,,0,0,*,,,"#",,,*,,,"#",,,0,0,0,0,0,0,0,0,0,,0,0,0,*,,,*,,71.315789473684,,,,,,,18,,,0,0,0,,,1.0528421052632
1902081227,Gueye,Rodora,,,I,253 1st Ave,,New York,NY,36,10003,1,"Metropolitan area core: primary flow within an urbanized area of 50,000 and greater",US,Pharmacist,NPPES-Taxonomy,15,15,4429.29,15,15,,15,15,4429.29,15,,15,,15,4429.29,,0,0,,0,0,*,,,"#",,,*,,,"#",,,0,0,0,0,0,0,0,0,0,,0,0,0,,0,0,,0,68.6,0,14,,,,,14,,,0,0,0,,,0.8266
1902103336,Doshi,Jinesh,,,I,244 E 161st St,,Bronx,NY,36,10451,1,"Metropolitan area core: primary flow within an urbanized area of 50,000 and greater",US,Pharmacist,NPPES-Taxonomy,99,99,23064.87,99,86,"#",,,,,"#",,,99,23064.87,,0,0,,0,0,,71,16456.39,,28,6608.48,,62,14304.59,,37,8760.28,0,0,0,0,0,0,0,0,0,,0,0,0,*,,,*,,73.837209302326,,,,,57,29,,45,,26,0,,48,38,1.2175157478131
1902117740,Marfione,Carrie,J,FNP,I,60 Greece Center Dr Ste 4,,Rochester,NY,36,14612,1,"Metropolitan area core: primary flow within an urbanized area of 50,000 and greater",US,Nurse Practitioner,Claim-Specialty,2380,5461.97,210895.79,158428,430,,2003,4752.84,170801.64,137861,,376,,242,162882.82,,2122,47484.49,,16,528.48,,2038,175489.3,,342,35406.49,,706,90469.29,,1674,120426.5,42,1069.51,889,18,1.7647058823529,,,,,,58,533.46,47,*,,,*,,71.162790697674,54,213,117,46,260,170,377,22,,,0,20,87,343,1.0406675255813
1902135353,Mcnamara,Christopher,J,PHARM D,I,1759 Hylan Blvd,,Staten Island,NY,36,10305,1,"Metropolitan area core: primary flow within an urbanized area of 50,000 and greater",US,Pharmacist,NPPES-Taxonomy,24,24,6436.83,38,24,"#",,,,,"#",,,23,6431.21,*,,,"#",,,*,,,"#",,,*,,,"#",,,0,0,0,0,0,0,0,0,0,,0,0,0,*,,,*,,72.833333333333,,,,,13,11,22,,,0,0,0,0,24,1.1271722383126
1902139876,Chapin,Barbara,J,PHARM D,I,2320 Grand Island Blvd,,Grand Island,NY,36,14072,1,"Metropolitan area core: primary flow within an urbanized area of 50,000 and greater",US,Pharmacist,NPPES-Taxonomy,15,15,4485.14,15,15,"#",,,,,"#",,,15,4485.14,,0,0,,0,0,*,,,*,,,,0,0,,15,4485.14,0,0,0,0,0,0,0,0,0,,0,0,0,*,,,*,,74.733333333333,,,,,,,12,,0,0,0,,0,15,0.98546666666667
1902194277,Cruz,Christina,M,M.D.,I,10 Union Sq E,Suite 3g,New York,NY,36,10003,1,"Metropolitan area core: primary flow within an urbanized area of 50,000 and greater",US,Internal Medicine,Claim-Specialty,4784,10022.72,692159.07,296140,578,,4159,8803.18,595280.32,260458,,484,,833,562174.51,,3839,127221.15,,112,2763.41,,4190,625015.27,,594,67143.8,,4228,657816.01,,556,34343.06,21,569.95,458,,0.43896321070234,0,0,0,,0,26,3674.73,18,,24,779.95,*,,72.178200692042,94,256,180,48,406,172,72,82,,403,,11,477,101,1.4587220697585
1902249014,Tamayo Gomez,Carmen,A,M.D,I,30 W Main St,,Mount Kisco,NY,36,10549,1,"Metropolitan area core: primary flow within an urbanized area of 50,000 and greater",US,Family Practice,Claim-Specialty,6313,16816.64,578859.52,499107,718,,5986,16212.33,555005.53,481473,,682,,517,455608.23,,5751,121812.2,,45,1439.09,,3022,262328.54,,3291,316530.98,,782,90438.29,,5531,488421.23,44,432.44,1109,16,0.69697449706954,,,,,,81,723.23,65,,14,231.76,*,,75.359331476323,36,309,264,109,371,347,614,20,,44,,26,75,643,1.202652991989
1902251804,Liu,Wei,,M.D.,I,3712 Prince St Ste 8d,,Flushing,NY,36,11354,1,"Metropolitan area core: primary flow within an urbanized area of 50,000 and greater",US,Internal Medicine,Claim-Specialty,3695,6121.2,621018.37,176667,291,,3523,5781.45,596236.73,167002,,278,,800,540635.6,,2828,78874.7,,67,1508.07,,3502,601041.86,,193,19976.51,,3283,577273.18,,412,43745.19,,,,,,,,,,,45,370.33,34,*,,,*,,72.316151202749,13,180,73,25,174,117,11,,234,27,,11,226,65,1.0906491923772
1902297781,Muto,Kenneth,,"PHARM. D, RPH",I,615 S Meadow St,,Ithaca,NY,36,14850,1,"Metropolitan area core: primary flow within an urbanized area of 50,000 and greater",US,Pharmacist,NPPES-Taxonomy,16,16,4440.73,16,16,"#",,,,,"#",,,16,4440.73,,0,0,,0,0,*,,,*,,,*,,,"#",,,0,0,0,0,0,0,0,0,0,,0,0,0,*,,,*,,73.25,,,,,,,12,0,0,,0,,,,0.737375
1902378300,Ash,Kevin,J,RPH,I,1013 State Highway 29a,,Gloversville,NY,36,12078,4,"Micropolitan area core: primary flow within an urban cluster of 10,000 to 49,999",US,Pharmacist,NPPES-Taxonomy,153,153,37516.7,154,136,"#",,,,,"#",,,153,37516.7,,0,0,,0,0,,61,15841.76,,92,21674.94,,12,2397.57,,141,35119.13,0,0,0,0,0,0,0,0,0,,0,0,0,*,,,*,,73.058823529412,,,,,72,64,125,,,,0,,,,0.79753938986016
1902538820,Morin,Lisa,E,FNP,I,2445 State Street Route 30,,Tupper Lake,NY,36,12986,7,"Small town core: primary flow within an urban cluster of 2,500 to 9,999",US,Nurse Practitioner,NPPES-Specialty,777,800.43,96292.18,21770,28,*,,,,,*,,,87,59852.32,,678,36285.73,,12,154.13,,0,0,,777,96292.18,,777,96292.18,,0,0,0,0,0,0,0,0,0,0,0,,,,,*,,,*,,45.857142857143,,,,,11,17,20,,0,,0,,28,0,0.7955
1902831175,Alvarado-Rivera,Jorge,V,M.D.,I,609 W 188th St,Suite Gfw,New York,NY,36,10040,1,"Metropolitan area core: primary flow within an urbanized area of 50,000 and greater",US,Internal Medicine,Claim-Specialty,16024,33080.41,1467307.28,962823,861,,14837,30747.1,1344056.58,895476,,795,,1426,1069098.5,,14011,390079.58,,587,8129.2,,14735,1318670.71,,1289,148636.57,,13857,1363364.65,,2167,103942.63,0,0,0,0,0,0,0,0,0,,405,2020.11,267,,31,1127.36,,12,73.744483159117,66,435,244,116,535,326,31,15,,801,,,682,179,1.1961018614429
1902833619,Johnson,Wallace,E,MD,I,800 Ayrault Rd Ste 200,,Fairport,NY,36,14450,1,"Metropolitan area core: primary flow within an urbanized area of 50,000 and greater",US,Internal Medicine,Claim-Specialty,6819,15965.36,656553.86,469534,739,,6532,15411.26,632644.8,453166,,712,,704,486736.6,,6062,168331.77,,53,1485.49,,5803,553553.03,,1016,103000.83,,908,72132.24,,5911,584421.62,116,1808.66,2256,30,1.7011291978296,,,,,,112,1307.44,71,,28,510.17,*,,75.043301759134,27,339,274,99,396,343,669,,,,0,45,56,683,0.89972259451351
1902879281,Diaz,Antonio,S,MD,I,1250 Waters Pl,Suite 507,Bronx,NY,36,10461,1,"Metropolitan area core: primary flow within an urbanized area of 50,000 and greater",US,Internal Medicine,Claim-Specialty,10556,22879.18,1374706.69,676006,855,,9833,21389.88,1170417.51,632060,,781,,1649,1206054.14,,8602,158010.53,,305,10642.02,,7980,1109528.43,,2576,265178.26,,5301,828450.65,,5255,546256.04,27,3509.53,520,,0.25577870405457,,,,,,146,669.69,109,,11,111.28,*,,74.713450292398,74,359,308,114,571,284,94,241,,476,,19,332,523,1.3563992526194
1902910482,Tallman,Jacob,M,MD,I,118 Main St,,Mount Morris,NY,36,14510,7,"Small town core: primary flow within an urban cluster of 2,500 to 9,999",US,Family Practice,Claim-Specialty,14464,29890.5,1904981.88,866049,745,,12075,25879.47,1507177.34,750670,,654,,2073,1579749.91,,12272,318096.4,,119,7135.57,,10411,1383970.33,,4053,521011.55,,3601,587279.43,,10863,1317702.45,392,15543.1,9187,94,2.7101769911504,48,10006.83,1317,,12.244897959184,291,18355.48,174,,72,2301.46,,17,72.634899328859,91,360,207,87,380,365,697,,0,,0,36,142,603,1.0927129992096
1902976293,Osorio,Georgina,,"M.D., M.P.H.",I,1111 Amsterdam Ave,Clark 6th Floor,New York,NY,36,10025,1,"Metropolitan area core: primary flow within an urbanized area of 50,000 and greater",US,Internal Medicine,Claim-Specialty,2429,3668.42,1888705.7,107675,109,,1655,2694.81,1212952.89,79569,,73,,827,1805655.37,,1527,81227.24,,75,1823.09,,2040,1440286.97,,389,448418.73,,2224,1804472.73,,205,84232.97,35,239.23,915,,1.4409221902017,,,,,,12,117.38,,,0,0,,0,65.669724770642,36,55,,,46,63,11,36,,59,0,,94,15,1.7516988240936
1902978141,Chen,Gary,G,M.D.,I,83 Avenue O,,Brooklyn,NY,36,11204,1,"Metropolitan area core: primary flow within an urbanized area of 50,000 and greater",US,Internal Medicine,Claim-Specialty,35061,53757.64,5072972.75,1576388,747,,33945,52010.94,4903715.77,1526248,,718,,6115,3535842.93,,27634,1497627.73,,1312,39502.09,,32740,4794332.37,,2321,278640.38,,33803,4983598.05,,1258,89374.7,73,549.51,952,30,0.20820855081144,,,,,,599,4231.05,321,,73,1813.02,,13,73.892904953146,29,417,215,86,382,365,27,,687,12,,17,680,67,1.155158515214
1902993306,Healy,Deborah,P,M.D.,I,400 Fort Hill Ave,,Canandaigua,NY,36,14424,1,"Metropolitan area core: primary flow within an urbanized area of 50,000 and greater",US,Internal Medicine,NPPES-Specialty,2923,3324.29,587724.31,27736,2114,,2784,3159.22,561692.37,25885,,2028,,2494,574327.92,,429,13396.39,,0,0,,2377,475272.11,,546,112452.2,,259,57708.51,,2664,530015.8,0,0,0,0,0,0,0,0,0,,0,0,0,,45,12731.63,*,,73.912488174078,86,1123,730,175,1215,899,1856,71,29,,,132,187,1927,0.84458825723174
1912004805,Lowell,Bruce,K,MD,I,1000 Northern Blvd,,Great Neck,NY,36,11021,1,"Metropolitan area core: primary flow within an urbanized area of 50,000 and greater",US,Internal Medicine,Claim-Specialty,9079,14520.37,1209685.2,407186,319,,8641,13849.73,1122798.98,387542,"#",,,1668,990547.38,,7319,212350.73,,92,6787.09,,2140,263848.92,,6939,945836.28,,2741,311492.08,,6338,898193.12,266,7482.88,7122,49,2.9298380878951,12,255.27,360,,4.5112781954887,376,7002.73,144,,48,1515.67,*,,78.783699059561,,,,,202,117,228,,53,13,,16,70,249,1.4496229388352
1912011107,Khalil,Richard,,M.D.,I,75 S Broadway Fl 1,,Yonkers,NY,36,10701,1,"Metropolitan area core: primary flow within an urbanized area of 50,000 and greater",US,Family Practice,Claim-Specialty,36313,49384.91,9350429.54,1395038,852,,27773,38957.83,6930846.7,1101046,,667,,10648,8384382.53,,24511,895075.83,,1154,70971.18,,27370,7631664.29,,8943,1718765.25,,34721,8968195.02,,1592,382234.52,229,2318.33,5933,46,0.63062814969846,0,0,0,0,0,396,56757.32,199,,321,145937.58,,59,71.705399061033,185,321,237,109,478,374,151,197,,464,,23,750,102,1.7823048261204
1912014945,Yeung,Tsz-Yin,,MD,I,13743 45th Ave,,Flushing,NY,36,11355,1,"Metropolitan area core: primary flow within an urbanized area of 50,000 and greater",US,Family Practice,NPPES-Specialty,5532,8597.49,452619.86,251700,253,,5205,8045.49,429236.54,235547,,237,,630,326829.08,,4863,124995.1,,39,795.68,,5136,430445.57,,396,22174.29,,4992,410158.71,,540,42461.15,0,0,0,0,0,0,0,0,0,,52,282.29,41,,23,1086.92,*,,73.885375494071,16,126,69,42,129,124,,,218,,0,,199,54,1.1117100316146
1912164450,Cherian,Shoba,A,,I,1276 Fulton Ave,,Bronx,NY,36,10456,1,"Metropolitan area core: primary flow within an urbanized area of 50,000 and greater",US,Family Practice,Claim-Specialty,4503,9862.54,251756.35,286793,581,,4159,9346.52,226666.55,271990,,537,,348,169230.74,,4132,82199.86,,23,325.75,,1908,118139.35,,2595,133617,,1292,109409.42,,3211,142346.93,47,657.34,693,24,1.0437486120364,0,0,0,0,0,123,1153.19,101,*,,,*,,75.282271944923,44,229,197,111,343,238,461,44,29,31,,,122,459,1.1147566701184
1912181249,Babiak,Jennifer,E,,I,7815 Northern Blvd,,Jackson Heights,NY,36,11372,1,"Metropolitan area core: primary flow within an urbanized area of 50,000 and greater",US,Pharmacist,NPPES-Taxonomy,36,36,9867.81,36,35,,36,36,9867.81,36,,35,,36,9867.81,,0,0,,0,0,*,,,"#",,,,0,0,,36,9867.81,0,0,0,0,0,0,0,0,0,,0,0,0,,0,0,,0,74.142857142857,0,25,,,21,14,30,,,,0,,0,35,0.9052
1912184144,Studnitzer,Eliot,,,I,1916 Williamsbridge Rd,,Bronx,NY,36,10461,1,"Metropolitan area core: primary flow within an urbanized area of 50,000 and greater",US,Pharmacist,NPPES-Taxonomy,19,19,3997.61,19,18,,19,19,3997.61,19,,18,,19,3997.61,,0,0,,0,0,*,,,*,,,*,,,"#",,,0,0,0,0,0,0,0,0,0,,0,0,0,,0,0,,0,73.333333333333,0,11,,,,,,,,,0,,,,0.97888888888889
1912188756,Glaz,Barry,D,RPH,I,2271 Richmond Ave,,Staten Island,NY,36,10314,1,"Metropolitan area core: primary flow within an urbanized area of 50,000 and greater",US,Pharmacist,NPPES-Taxonomy,82,82,20416.07,82,75,"#",,,,,"#",,,82,20416.07,,0,0,,0,0,,26,6462.33,,56,13953.74,*,,,"#",,,0,0,0,0,0,0,0,0,0,,0,0,0,*,,,*,,75.213333333333,,,,,43,32,55,13,0,,0,,,,1.2796366447897
1912191347,Macchiavello,Guido,,M.D.,I,4487 Third Avenue,,Bronx,NY,36,10457,1,"Metropolitan area core: primary flow within an urbanized area of 50,000 and greater",US,Hospitalist,Claim-Specialty,3620,7274.19,816584.79,215121,384,,3149,6397.33,662072.95,189341,,327,,821,719930.51,,2618,92343.79,,181,4310.49,,3380,779813.13,,240,36771.66,,3452,782209.76,,168,34375.03,58,4193.78,1274,12,1.6022099447514,,,,,,19,100.55,15,,28,306.02,*,,73.765625,57,148,126,53,234,150,14,74,,285,0,,353,31,1.7512383701681
1912194069,Reiber,Stuart,,MD,I,12a N Airmont Rd,,Suffern,NY,36,10901,1,"Metropolitan area core: primary flow within an urbanized area of 50,000 and greater",US,Internal Medicine,Claim-Specialty,350,659.71,23708.64,17633,65,,338,647.71,21262.36,17565,,53,"#",,,,282,7216.65,*,,,,62,2794.11,,288,20914.53,,24,4665.73,,326,19042.91,30,774.36,572,,8.5714285714286,0,0,0,,0,,,,,0,0,,0,73.030769230769,12,26,16,11,25,40,54,,,,0,,21,44,1.0800615035817
1912224122,James,Matthew,,PHARMD,I,170 Port Watson St,,Cortland,NY,36,13045,4,"Micropolitan area core: primary flow within an urban cluster of 10,000 to 49,999",US,Pharmacist,NPPES-Taxonomy,12,12,3641.09,12,12,"#",,,,,"#",,,12,3641.09,,0,0,,0,0,*,,,*,,,*,,,"#",,,0,0,0,0,0,0,0,0,0,,0,0,0,*,,,*,,70.166666666667,,,,,,,,0,0,0,0,,,,0.694125
1912225129,Dawidowicz,Jolee,R,RPH,I,10 Central Ave,,Ilion,NY,36,13357,4.1,"Secondary flow 30% to <50% to a urbanized area of 50,000 and greater",US,Pharmacist,NPPES-Taxonomy,35,35,9491.86,35,29,,35,35,9491.86,35,,29,,35,9491.86,,0,0,,0,0,,16,4221.64,,19,5270.22,,0,0,,35,9491.86,0,0,0,0,0,0,0,0,0,,0,0,0,,0,0,,0,75.068965517241,0,14,,,13,16,28,,0,0,0,,0,29,1.0469310344828
1912295429,Regis,Nadine,,M.D.,I,1400 Pelham Pkwy S,Building 6// Suite 1b25,Bronx,NY,36,10461,1,"Metropolitan area core: primary flow within an urbanized area of 50,000 and greater",US,Student in an Organized Health Care Education/Training Program,NPPES-Taxonomy,65689,65994.59,14876006.310002,86730,41730,,59353,59590.76,13664273.440001,73806,,38050,,65262,14866671.350002,"#",,,*,,,,46450,10365233.12,,19239,4510773.1900001,,19373,4129551.9400004,,46316,10746454.370001,,,,,,,,,,,17,141.6,14,*,,,*,,72.523340522406,3680,22151,13689,2210,24616,17114,25410,12273,1547,1502,17,981,10216,31514,1.1621831747285
1912393133,Poupalos,James,,,I,325 Essjay Rd Ste 170,,Williamsville,NY,36,14221,1,"Metropolitan area core: primary flow within an urbanized area of 50,000 and greater",US,Family Practice,Claim-Specialty,6546,15701.14,717702.54,460387,720,,5942,14399.27,640370.2,422210,,659,,763,567405.01,,5712,148501.01,,71,1796.52,,4718,449996.25,,1828,267706.29,,1325,203768.33,,5221,513934.21,143,6583.25,3897,54,2.1845401772075,,,,,,160,1538.69,118,,21,365.88,*,,74.498611111111,61,319,232,108,386,334,600,74,14,,,19,117,603,1.4860327888172
1912499146,Mashaw,Zachary,M,MD,I,921 State St,,Ogdensburg,NY,36,13669,4,"Micropolitan area core: primary flow within an urban cluster of 10,000 to 49,999",US,Family Practice,Claim-Specialty,6993,16942.23,1163786.87,494057,477,,6171,15307.58,1045495.04,447179,,431,,988,999357.61,,5939,161403.35,,66,3025.91,,2577,385519.32,,4416,778267.55,,1161,209625.26,,5832,954161.61,263,19828.46,7154,57,3.7609037609038,25,12190.8,750,,9.5057034220532,247,27247.39,152,,30,6164.91,*,,73.607966457023,46,227,151,53,198,279,465,,,,,,56,421,1.0889601580417
1912550658,Siffring,Rachel,L,"DNP, FNP-BC",I,553 Clinton Ave,,Albany,NY,36,12206,1,"Metropolitan area core: primary flow within an urbanized area of 50,000 and greater",US,Nurse Practitioner,Claim-Specialty,3211,5226.91,420037.98,148764,186,,1212,2146.14,154446.05,61363,,98,,543,350591.66,,2566,64954.45,,102,4491.87,,2477,335108.54,,734,84929.44,,2924,404902.56,,287,15135.42,133,3232.05,3364,34,4.1420118343195,11,333.99,261,,8.2706766917293,60,542.57,40,*,,,*,,61.623655913978,88,74,,,109,77,69,95,,13,0,,146,40,1.3045396449573
1912934712,Pulley,Darren,J,M.D.,I,995 Senator Keating Blvd,Bldg E Suite 200,Rochester,NY,36,14618,1,"Metropolitan area core: primary flow within an urbanized area of 50,000 and greater",US,Internal Medicine,Claim-Specialty,9095,20359.59,1055483.68,598859,894,,8459,19269.91,974762.49,567676,,838,,1165,840309.6,,7841,211965.34,,89,3208.74,,7829,879657.59,,1266,175826.09,,1532,219333.99,,7563,836149.69,223,15074.2,5775,53,2.4518966465091,23,11856.82,750,,10.313901345291,138,2674.68,79,,13,308.83,*,,74.5548098434,56,406,319,113,553,341,752,76,,,0,50,105,789,0.98907623067766
1912944612,Strickland,Leslie,E,MD,I,50 Leroy St,,Potsdam,NY,36,13676,7,"Small town core: primary flow within an urban cluster of 2,500 to 9,999",US,Family Practice,Claim-Specialty,5076,12215.38,823106.27,359776,354,,4518,10951.3,720756.48,323085,,301,,749,662641.88,,4278,157744.28,,49,2720.11,,3232,488504.53,,1844,334601.74,,2380,481026.92,,2696,342079.35,113,1707.84,3020,27,2.2261623325453,,,,,,92,41435.31,50,,25,989.94,*,,71.971751412429,53,161,112,28,188,166,344,,,,0,,136,218,1.1851541902072
1922017128,Coch,William,A,MD,I,20 S Main St.,,Andover,NY,36,14806,8,"Small town high commuting: primary flow 30% or more to a urban cluster of 2,500 to 9,999",US,Family Practice,NPPES-Specialty,65,107.6,19791.32,2018,43,"#",,,,,"#",,,44,18806.27,"#",,,*,,,,19,5487,,46,14304.32,*,,,"#",,,0,0,0,0,0,0,0,0,0,,0,0,0,*,,,*,,77.372093023256,,,,,25,18,39,0,,,0,,,,1.0887906976744
1922020197,Tucker,James,B,MD.,I,4104 Medical Center Dr,Suite 104,Fayetteville,NY,36,13066,1,"Metropolitan area core: primary flow within an urbanized area of 50,000 and greater",US,Family Practice,Claim-Specialty,3335,6393.7,300892.52,183106,492,,2736,5502.95,224742.18,158174,,422,,378,229063.05,,2907,70539.45,,50,1290.02,,2423,208556.12,,912,92336.4,,957,110319.38,,2378,190573.14,181,9421.64,4403,49,5.4272863568216,39,6616.61,1154,,21.546961325967,123,21171.28,77,*,,,*,,71.880081300813,70,248,118,56,324,168,414,35,,,,26,122,370,1.0401276329607
1922023308,Kamer,Russell,,M.D.,I,15 N Broadway,Suite E,White Plains,NY,36,10601,1,"Metropolitan area core: primary flow within an urbanized area of 50,000 and greater",US,Internal Medicine,Claim-Specialty,2259,5347.24,203682.94,154949,263,,2116,5042.44,199803.89,146284,,248,,248,162421.29,,1994,40917.11,,17,344.54,,626,59537.48,,1633,144145.46,,214,25148.43,,2045,178534.51,20,441.78,445,,0.88534749889332,0,0,0,,0,95,813.49,68,*,,,*,,74.684410646388,15,119,102,27,125,138,181,47,,13,,16,26,237,0.96431548443445
1922039213,Siaw,Patrick,A,M.D.,I,2157 Main St,,Buffalo,NY,36,14214,1,"Metropolitan area core: primary flow within an urbanized area of 50,000 and greater",US,Internal Medicine,Claim-Specialty,12693,12807.48,893962.13,224627,348,,12220,12333.91,853651.92,215128,,330,,1519,700154.66,,11087,188093.98,,87,5713.49,,9510,523944.57,,3183,370017.56,,10139,792335.41,,2554,101626.72,351,6825.34,7422,91,2.7653037107067,60,3279.7,1750,,17.094017094017,376,6352.19,108,,622,105713.8,,54,81.813218390805,18,72,97,161,228,120,281,49,,,0,,259,89,2.2588313782116
1922041524,Issa,Ricardo,F,,I,123 E 61st St,2nd Floor,New York,NY,36,10021,1,"Metropolitan area core: primary flow within an urbanized area of 50,000 and greater",US,Internal Medicine,Claim-Specialty,2138,4662.79,683292.39,136515,170,,1901,4216.92,581962.08,123451,,155,,512,558298.08,,1576,121679.47,,50,3314.84,,1401,455023.37,,737,228269.02,,1358,410197.82,,780,273094.57,0,0,0,0,0,0,0,0,0,,49,7882.42,37,,0,0,,0,73.517647058824,15,81,59,15,102,68,46,30,,86,0,,96,74,1.0235420512394
1922068915,Pirincci,Deniz,M,M.D.,I,3 Tountas Ave,,Le Roy,NY,36,14482,3,"Metropolitan area low commuting: primary flow 10% to <30% to a urbanized area of 50,000 and greater",US,Internal Medicine,Claim-Specialty,11095,22994.54,1241084.03,672599,881,,8945,19593.16,977408.5,575312,,768,,1449,1007365.08,,9525,228089.43,,121,5629.52,,8589,869794.93,,2506,371289.1,,3772,557395.93,,7323,683688.1,422,8574.86,9306,72,3.8035150968905,14,576.91,405,,3.3175355450237,188,5612.26,147,,15,204.45,*,,73.183881952327,113,368,267,133,370,511,814,30,,,0,25,223,658,1.1877989402636
1922072313,Tirado,Miguel,A,M.D.,I,305 Seguine Ave,Suite 1,Staten Island,NY,36,10309,1,"Metropolitan area core: primary flow within an urbanized area of 50,000 and greater",US,Internal Medicine,Claim-Specialty,12041,22904.57,1517203.14,661585,1031,,10412,19835.02,1207379.87,572071,,901,,1917,1225098.65,,9999,284684.8,,125,7419.69,,6353,852816.62,,5688,664386.52,,5685,762545.08,,6356,754658.06,174,10664.35,4235,53,1.4450627024334,21,6991,602,,12.068965517241,257,5296.31,154,,46,10806.18,,19,74.597478176528,130,397,302,202,651,380,872,22,18,83,0,36,353,678,1.5851464901917
1922100213,Cao,Shimin,,M.D. PH.D.,I,3808 Union St Ste 6b,,Flushing,NY,36,11354,1,"Metropolitan area core: primary flow within an urbanized area of 50,000 and greater",US,Internal Medicine,Claim-Specialty,10030,13454.3,1530981.46,389880,405,,9898,13287.63,1501628.01,385203,"#",,,1955,1300999.05,,7831,225111.55,,244,4870.86,,9483,1426826.16,,547,104155.3,,9398,1495984.45,,632,34997.01,0,0,0,0,0,0,0,0,0,,196,1670.23,137,,30,573.65,*,,72.113580246914,,,,,202,203,,,394,,0,,356,49,0.96211295209675
1922183052,Younge,Richard,G,"MD,MPH",I,610 West 158th St,Family Medicine At Farrell,New York,NY,36,10032,1,"Metropolitan area core: primary flow within an urbanized area of 50,000 and greater",US,Family Practice,Claim-Specialty,1224,2359.99,173719.4,69347,106,,987,1938.63,129295.52,56998,,89,,211,143291.33,,941,29221.53,,72,1206.54,,1187,166090.36,,37,7629.04,,1204,172980.82,,20,738.58,15,285.4,401,,1.2254901960784,0,0,0,,0,,,,*,,,*,,71.915094339623,17,49,,,66,40,,16,,83,0,,,,1.4420135601728
1922197300,Campagna,Kristine,,,I,6 Wellness Way Ste 114,,Latham,NY,36,12110,1,"Metropolitan area core: primary flow within an urbanized area of 50,000 and greater",US,Family Practice,Claim-Specialty,4304,10877.06,424663.22,319905,555,,3952,10252.15,380066.6,301960,,514,,496,340862.06,,3743,80112.49,,65,3688.67,,2788,248831.37,,1516,175831.85,,752,100464.79,,3552,324198.43,16,200.78,359,,0.37174721189591,,,,,,59,934.15,50,*,,,*,,72.463063063063,41,299,165,50,384,171,503,11,,,,25,67,488,0.93731231231231
1922274364,Grushko,Michael,J,MD,I,1400 Pelham Pkwy S,,Bronx,NY,36,10461,1,"Metropolitan area core: primary flow within an urbanized area of 50,000 and greater",US,Clinical Cardiac Electrophysiology,Claim-Specialty,313,573.8,102201.43,14368,143,,287,505.8,85529.93,12357,"#",,,154,97754.14,,159,4447.29,,0,0,,156,63711.54,,157,38489.89,,182,60804.66,,131,41396.77,,,,,,,,,,,,,,,0,0,*,,81.797202797203,,,,,88,55,101,14,,22,0,,44,99,1.7291937686786
1922294347,Sharlow,Dawn,,"FNP, B-C",I,183 Park St Ste 3,,Malone,NY,36,12953,4,"Micropolitan area core: primary flow within an urban cluster of 10,000 to 49,999",US,Nurse Practitioner,Claim-Specialty,502,504,58845.72,9796,145,,483,485,54643.93,9327,"#",,"#",,,,359,11554.74,*,,,,258,28280.29,,244,30565.43,,451,53331.25,,51,5514.47,28,728.69,432,19,5.5776892430279,,,,,,51,1125.88,38,,19,2959.7,*,,79.586206896552,,,,,92,53,142,,0,0,0,,129,16,2.3621775399167
1922320365,Chiu,Zhi,,RPH,I,8345 Langdale St,,New Hyde Park,NY,36,11040,1,"Metropolitan area core: primary flow within an urbanized area of 50,000 and greater",US,Pharmacist,NPPES-Taxonomy,30,30,7546.12,30,29,"#",,,,,"#",,,30,7546.12,,0,0,,0,0,*,,,"#",,,*,,,"#",,,0,0,0,0,0,0,0,0,0,,0,0,0,*,,,*,,72.551724137931,,,,,16,13,15,,,,0,,,,1.0750086206897
1922323187,Becker,Amy,,M.D.,I,55 Melroy Ave,,Lackawanna,NY,36,14218,1,"Metropolitan area core: primary flow within an urbanized area of 50,000 and greater",US,Internal Medicine,NPPES-Taxonomy,1101,1539.96,209384.68,42469,115,,1088,1522.96,208374.14,42020,"#",,"#",,,,860,33565.86,*,,,"#",,,*,,,,1101,209384.68,,0,0,21,3321.94,503,14,1.9073569482289,,,,,,27,374.21,21,,62,3363.14,*,,79.582608695652,,,,,101,14,97,12,,,0,,115,0,2.2778197017553
1922348390,Zeng,Yiling,,NP,I,420 Lexington Ave,Suite 1644,New York,NY,36,10170,1,"Metropolitan area core: primary flow within an urbanized area of 50,000 and greater",US,Nurse Practitioner,Claim-Specialty,12819,19010.78,2232216.39,547954,1009,,12197,18250.95,2153290.48,525961,,981,,2895,1870992.48,,9713,355741.41,,211,5482.5,,11879,2106530.48,,940,125685.91,,12532,2212662.12,,287,19554.27,,,,,,,,,,,336,1548.52,271,,16,750.95,*,,74.206144697721,28,572,288,121,514,495,,0,987,,0,,962,47,1.4171339322239
1821082009,Carguello,Patrick,J,D.O.,I,61 Delano St,,Pulaski,NY,36,13142,10,"Rural areas: primary flow to a tract outside a urbanized area of 50,000 and greater or UC",US,Family Practice,Claim-Specialty,9204,18182.04,1038615.15,531709,690,,7349,15394.96,770938.37,451611,,581,,1098,856993.49,,8020,176391.52,,86,5230.14,,6895,808633.85,,2309,229981.3,,3855,586795.84,,5349,451819.31,385,23233.89,10680,68,4.1829639287266,45,11565.96,1588,,11.688311688312,191,32647.45,103,,13,3793.92,*,,71.579710144928,109,317,210,54,354,336,661,0,,,,24,218,472,1.1067521827491
1821107517,Hill,Wendy,J,MSNP,I,1930 Pre Emption Rd,,Penn Yan,NY,36,14527,7,"Small town core: primary flow within an urban cluster of 2,500 to 9,999",US,Nurse Practitioner,NPPES-Specialty,5047,12101.12,523168.33,355353,430,,4669,11375.13,440466.47,334248,,402,,623,406763.42,,4401,115135.55,,23,1269.36,,4091,403149.34,,956,120018.99,,1186,154733.87,,3861,368434.46,37,515.94,997,13,0.73310877749158,,,,,,112,1282.18,53,*,,,*,,73.9,28,214,124,64,287,143,407,,0,,0,22,83,347,0.87074224806201
1821160540,Wang,Yan,,"M.D.,",I,42-35 Main St,Suite 3j,Flushing,NY,36,11355,1,"Metropolitan area core: primary flow within an urbanized area of 50,000 and greater",US,Internal Medicine,Claim-Specialty,8841,12289.98,899602.32,358590,359,,8598,12029.18,893333.71,351235,"#",,,1268,738589.53,,7505,159835.19,,68,1177.6,,8331,862259.9,,510,37342.42,,8294,870784.47,,547,28817.85,0,0,0,0,0,0,0,0,0,,80,639.99,59,,0,0,*,,72.523676880223,,,,,198,161,,,334,,0,,305,54,1.0257399850287
1821162611,Luo,Anming,,M.D.,I,1722 85th St,,Brooklyn,NY,36,11214,1,"Metropolitan area core: primary flow within an urbanized area of 50,000 and greater",US,Internal Medicine,Claim-Specialty,17496,24261.82,2445516.85,710549,351,,17110,23802.29,2411317.43,697359,,337,,3222,2059463.64,,13863,375323.83,,411,10729.38,,15737,2203361.83,,1759,242155.02,,16910,2390145.95,,586,55370.9,60,2734.33,1734,,0.34293552812071,0,0,0,,0,330,3254.14,160,,18,513.99,*,,74.706552706553,14,182,106,49,185,166,21,,312,,0,,314,37,1.24349869775
1821220120,Brown,Flos,C,MD,I,35 W Main St,,Norfolk,NY,36,13667,9,"Small town low commuting: primary flow 10% to <30% to a urban cluster of 2,500 to 9,999",US,Family Practice,Claim-Specialty,7399,17445.46,749163.9,512618,469,,6022,14765.38,583287.72,434662,,401,,789,586523.04,,6556,160076.08,,54,2564.78,,4283,472164.31,,3116,276999.59,,3234,413773.4,,4165,335390.5,192,5962.66,5173,40,2.5949452628734,11,1875.69,330,,5.7291666666667,89,6693.82,65,,0,0,,0,71.535181236674,68,234,131,36,297,172,456,,,,0,,160,309,1.0453659497345
1821250036,Hung,Lingpin,,M.D,I,3712 Prince St Ste 6b,,Flushing,NY,36,11354,1,"Metropolitan area core: primary flow within an urbanized area of 50,000 and greater",US,Internal Medicine,Claim-Specialty,15013,30193.15,3018672.03,883657,718,,14918,30006.15,3003951.78,878130,"#",,,2817,2587661.96,,12005,410471.17,,191,20538.9,,13274,2673414.04,,1739,345257.99,,11458,2516718.91,,3555,501953.12,38,227.95,873,,0.25311396789449,0,0,0,,0,252,1850.48,159,,35,439.19,*,,76.103064066852,,,,,401,317,11,,676,,0,21,425,293,0.96200555244269
1821251323,Stahl Balaban,Celeste,,D.O.,I,21 N Main St,,Middleport,NY,36,14105,7,"Small town core: primary flow within an urban cluster of 2,500 to 9,999",US,Internal Medicine,Claim-Specialty,9780,20644.73,1104751.34,604169,571,,8903,19117.48,967157.08,559850,,535,,1387,931976.15,,8260,165679.76,,133,7095.43,,7644,848706.8,,2136,256044.54,,2104,344704.58,,7676,760046.76,289,8707.35,7389,54,2.9550102249489,,,,,,188,2576.88,128,,32,541.97,*,,72.777583187391,36,299,198,38,350,221,538,,,,,23,86,485,1.1879441181707
1821262015,Barak,Ory,,MD,I,5645 Main St,,Flushing,NY,36,11355,1,"Metropolitan area core: primary flow within an urbanized area of 50,000 and greater",US,Emergency Medicine,Claim-Specialty,226,233.8,9052.18,2226,166,,194,201.8,8582.11,1973,,141,"#",,,,194,1422.61,*,,,,136,3465.78,,90,5586.4,,71,1663.93,,155,7388.25,41,176.5,137,41,18.141592920354,0,0,0,0,0,57,511.95,50,,0,0,,0,71.421686746988,25,75,49,17,108,58,98,,,58,0,,42,124,1.7914026760022
1821271479,Barusch,Lawrence,,RPH,I,660 Hoosick Rd,,Troy,NY,36,12180,1,"Metropolitan area core: primary flow within an urbanized area of 50,000 and greater",US,Pharmacist,NPPES-Taxonomy,71,71,18111.59,71,60,"#",,,,,"#",,,71,18111.59,,0,0,,0,0,,48,12549.6,,23,5561.99,*,,,"#",,,0,0,0,0,0,0,0,0,0,,0,0,0,*,,,*,,76,,,,,37,23,51,0,0,,0,,,,1.2673654648711
1821278581,Arciolla,Virginia,L,RPH,I,58 Genesee St,,Greene,NY,36,13778,2,"Metropolitan area high commuting: primary flow 30% or more to a urbanized area of 50,000 and greater",US,Pharmacist,NPPES-Taxonomy,70,70,16043.76,70,59,"#",,,,,"#",,,70,16043.76,,0,0,,0,0,,49,11528.53,,21,4515.23,,13,3334.81,,57,12708.95,0,0,0,0,0,0,0,0,0,,0,0,0,*,,,*,,74.440677966102,,,,,30,29,53,0,0,0,,,,,0.68417372881356
1821294273,Sang,Koky,,MD,I,131-72 40th Road,,Flushing,NY,36,11354,1,"Metropolitan area core: primary flow within an urbanized area of 50,000 and greater",US,Internal Medicine,NPPES-Specialty,3532,6929.92,455513.38,203702,235,,3366,6674.58,440624.28,196232,,221,,483,375021.98,,2987,79146.16,,62,1345.24,,3134,398159.5,,398,57353.88,,3176,419956.74,,356,35556.64,0,0,0,0,0,0,0,0,0,,46,361.34,33,*,,,*,,71.770212765957,14,147,55,19,126,109,,,162,54,0,,192,43,0.96445547762631
1821353970,Bao,Dashi,,M.D.,I,"13620 Maple Ave # C901",,Flushing,NY,36,11355,1,"Metropolitan area core: primary flow within an urbanized area of 50,000 and greater",US,Internal Medicine,Claim-Specialty,16006,24708.09,2360121.15,706561,1098,,15609,24026.29,2292141.04,686773,,1075,,2591,2009453.74,,13150,343750.75,,265,6916.66,,15261,2231082.4,,745,129038.75,,15814,2340235.05,,192,19886.1,,,,,,,,,,,445,2359.16,307,,53,3212.93,,14,72.928051001821,23,708,281,86,571,527,,,1057,,0,14,1053,45,1.2673384631253
1821368390,Song,Xiaoyan,,M.D.,I,4199 Main St Ste 201,,Flushing,NY,36,11355,1,"Metropolitan area core: primary flow within an urbanized area of 50,000 and greater",US,Internal Medicine,Claim-Specialty,13521,18229.01,2239140.46,521016,760,,13243,17775.75,2130084.11,508129,,741,,3119,1976252.24,,10082,252277.48,,320,10610.74,,12601,2026813.5,,920,212326.96,,12961,2186114.73,,560,53025.73,,,,,,,,,,,517,3380.44,323,,18,2054.67,*,,72.984210526316,19,479,194,68,436,324,22,,681,28,,21,672,88,1.1485751884517
1821401670,Selyuzhitski,Natalia,,PHARMD,I,27 Round Lake Rd,,Ballston Lake,NY,36,12019,1,"Metropolitan area core: primary flow within an urbanized area of 50,000 and greater",US,Pharmacist,NPPES-Taxonomy,54,54,15167.39,83,51,"#",,,,,"#",,,53,15093.19,*,,,"#",,,*,,,"#",,,*,,,"#",,,0,0,0,0,0,0,0,0,0,,0,0,0,*,,,*,,71.176470588235,,,,,31,20,47,,0,0,,,,,0.72015377127777
1821437120,Wheelock,Sherry,L,"RN,MS,ANP",I,50 Lakefront Blvd,Suite 130,Buffalo,NY,36,14202,1,"Metropolitan area core: primary flow within an urbanized area of 50,000 and greater",US,Nurse Practitioner,Claim-Specialty,13574,13615.79,1616092.45,319875,442,,12107,12143.12,1316710.68,285739,,401,,3136,1211068.35,,10319,398195.22,,119,6828.88,,5444,494943.98,,8130,1121148.47,,12711,1547340.39,,863,68752.06,539,13408.68,11292,115,3.9708265802269,48,5013.1,1174,,8.9053803339518,402,46501.57,153,,464,212664.62,,62,77.864253393665,41,128,147,126,277,165,414,,,,,,378,64,2.399283650456
1821550294,Patel,Kush,,MD,I,2255-2257 Adam Clayton Powell Blvd,,New York,NY,36,10027,1,"Metropolitan area core: primary flow within an urbanized area of 50,000 and greater",US,Internal Medicine,Claim-Specialty,4636,9804.29,719026.55,288692,604,,4116,8787.76,627096.95,258882,,538,,643,615536.31,,3914,99528.02,,79,3962.22,,3975,630845.05,,661,88181.5,,3457,593213.76,,1179,125812.79,16,102.43,289,12,0.3451251078516,0,0,0,0,0,36,479.4,34,,11,218.77,*,,73.420529801325,66,264,206,68,347,257,,372,19,170,,27,374,230,1.622677430579
1821592122,Collins,Jeffrey,D,DO,I,455 Maple St Ste 1,,Big Flats,NY,36,14814,1,"Metropolitan area core: primary flow within an urbanized area of 50,000 and greater",US,Family Practice,Claim-Specialty,3363,6384.01,449939.96,185793,336,,2800,5593.22,339543.34,163071,,291,,327,376620.13,,3017,72139.39,,19,1180.44,,2182,252815.86,,1181,197124.1,,1169,174625.48,,2194,275314.48,114,3942.52,3313,25,3.3898305084746,,,,,,73,1809.95,49,,17,3840.71,*,,72.407738095238,45,153,94,44,162,174,317,,,0,0,,88,248,1.3763051801765
1821594425,Husain,Hoi Lun,W,NP,I,"19 Bowery # 8",,New York,NY,36,10002,1,"Metropolitan area core: primary flow within an urbanized area of 50,000 and greater",US,Nurse Practitioner,Claim-Specialty,6458,10196.88,1342452,295923,611,,6204,9807.54,1246929.57,284672,,594,,1423,1138070.37,,4886,200280.51,,149,4101.12,,5795,1242680.95,,663,99771.05,,6228,1321966.99,,230,20485.01,,,,,,,,,,,60,905.81,53,,65,1115.37,,27,74.779050736498,17,335,164,95,326,285,,,588,,0,,557,54,1.1010368640586
1831103555,Blood,Suzanne,M,MD,I,161 Carey Rd,,Queensbury,NY,36,12804,1,"Metropolitan area core: primary flow within an urbanized area of 50,000 and greater",US,Internal Medicine,Claim-Specialty,6877,15039.64,587031.19,435199,703,,6198,14060.57,530158.59,408321,,624,,761,441400.74,,6056,143310.86,,60,2319.59,,4374,340350.66,,2503,246680.53,,1409,108355.91,,5468,478675.28,186,4679.04,4895,55,2.7046677330231,22,1329.61,651,,11.827956989247,225,3609.84,142,,41,2063.16,*,,74.199146514936,79,267,256,101,511,192,667,,,,,22,154,549,1.0130847715077
1831126648,Humphrey,Mark,A,D.O.,I,110 W Utica St,,Oswego,NY,36,13126,4,"Micropolitan area core: primary flow within an urban cluster of 10,000 to 49,999",US,Family Practice,Claim-Specialty,6640,13556.86,845980.47,393695,755,,6158,12731.75,799644.98,369979,,705,,871,710424.76,,5718,133458.74,,51,2096.97,,3955,441498.82,,2685,404481.65,,1054,111757.16,,5586,734223.31,130,4382.25,2513,46,1.9578313253012,12,2584.02,287,,9.2307692307692,151,3365.66,102,*,,,*,,72.770860927152,50,424,213,68,373,382,731,,,,0,16,73,682,1.0589915678258
1831128206,Schnakenberg,Eric,C,MD,I,1783 Route 9,Suite 204,Halfmoon,NY,36,12065,1,"Metropolitan area core: primary flow within an urbanized area of 50,000 and greater",US,Family Practice,Claim-Specialty,8371,19782.25,1306813.81,578919,892,,7512,18036.3,1113529.08,527935,,827,,1436,1147382.12,,6833,155496.9,,102,3934.79,,5833,864299.38,,2538,442514.43,,1428,298976.7,,6943,1007837.11,114,2216.93,3043,32,1.3618444630271,,,,,,167,1861.64,117,,25,593.2,,11,73.536995515695,65,443,283,101,431,461,809,14,16,15,0,38,118,774,1.0359362406456
1831142843,Gu,Xi,F,M.D.,I,15 Elizabeth St,Rm. 301,New York,NY,36,10013,1,"Metropolitan area core: primary flow within an urbanized area of 50,000 and greater",US,Internal Medicine,Claim-Specialty,1887,4049.23,217733.14,114905,182,,1845,3958.56,208686.77,112233,"#",,,330,183184.6,,1532,34025.53,,25,523.01,,437,38572.82,,1450,179160.32,,319,73653.82,,1568,144079.32,38,288.18,358,,2.0137784843667,0,0,0,,0,80,1399.97,59,*,,,*,,74.450549450549,,,,,116,66,137,,17,,0,14,20,162,0.81302564102564
1831152578,Ouano,Joselito,A,MD,I,522 S 4th St,Suite 1700,Fulton,NY,36,13069,4,"Micropolitan area core: primary flow within an urban cluster of 10,000 to 49,999",US,Family Practice,Claim-Specialty,7483,13912.44,1166441.13,400893,475,,5389,10709.66,862362.81,310912,,372,,1153,1004439.59,,6196,153574.56,,134,8426.98,,6076,1029960.77,,1407,136480.36,,4445,894427.86,,3038,272013.27,97,624.96,1246,32,1.296271548844,,,,,,129,3855.98,85,,47,1576.5,*,,69.572631578947,103,226,112,34,255,220,434,,,17,,17,193,282,1.2237709331381
1831163567,Borker,Priti,V,MD,I,2265 3rd Ave,,New York,NY,36,10035,1,"Metropolitan area core: primary flow within an urbanized area of 50,000 and greater",US,Emergency Medicine,Claim-Specialty,2886,4982.43,308673.9,144029,286,,2613,4555.93,295282.23,131989,,238,,475,274952.34,,2284,29451.31,,127,4270.25,,2476,267228.12,,410,41445.78,,2526,272707.44,,360,35966.46,,,,,,,,,,,88,1501.86,84,,0,0,,0,71.685314685315,48,130,76,32,179,107,92,79,,100,0,,192,94,1.3153024426253
1831169416,Knudsen,Alexander,B,M.D.,I,5415 W Genesee St,Suite 301,Camillus,NY,36,13031,1,"Metropolitan area core: primary flow within an urbanized area of 50,000 and greater",US,Internal Medicine,Claim-Specialty,4136,9997.19,331507.67,293104,472,,4023,9722.58,321329,285183,,451,,393,252502.86,,3690,76592.18,,53,2412.63,,2970,224178.78,,1166,107328.89,,350,29590.46,,3786,301917.21,,,,,,,,,,,148,1246.45,113,,12,75.71,*,,75.777542372881,21,189,184,78,201,271,433,12,,,0,17,27,445,0.95395790029867
1831181981,David,Jose,M,M.D.,I,1 Alton Rd,,Albany,NY,36,12203,1,"Metropolitan area core: primary flow within an urbanized area of 50,000 and greater",US,Family Practice,Claim-Specialty,24623,36260.94,3032317.74,1028883,810,,21155,31567.31,2541775.1,898681,,717,,3419,2407986.67,,21036,618219.02,,168,6112.05,,13586,1646148.6,,11037,1386169.14,,14183,1687627.21,,10440,1344690.53,847,35096.59,21152,105,3.4398732892012,89,18025.94,2645,,10.507674144038,573,59874.82,290,,531,83192.22,,76,73.940740740741,93,327,258,132,444,366,655,78,18,28,0,31,331,479,1.6414301436655
1831196898,Nguyen,Dustin,T,MD,I,202 Canal St,Fl 7,New York,NY,36,10013,1,"Metropolitan area core: primary flow within an urbanized area of 50,000 and greater",US,Internal Medicine,Claim-Specialty,33220,66458.6,8802456.72,1915140,722,,32093,64589.97,8506923.89,1861368,,703,,7988,7778342.39,,24438,1009714.95,,794,14399.38,,20266,4942108.01,,12954,3860348.71,,30698,8271593.03,,2522,530863.69,42,1218.45,822,,0.1264298615292,12,927.12,360,,28.571428571429,461,6245.97,314,,25,2995.67,*,,75.536011080332,19,337,269,97,423,299,,,704,,0,,600,122,1.1465603027715
1831203991,Silverman,Warren,,M.D.,I,776a Watervliet Shaker Rd,,Latham,NY,36,12110,1,"Metropolitan area core: primary flow within an urbanized area of 50,000 and greater",US,Preventive Medicine,NPPES-Specialty,34252,34341.84,8962618.4500008,49657,28454,,33011,33097.84,8673653.1600008,47504,,27485,,34137,8948781.7000008,"#",,,*,,,,17918,4657032.0999999,,16334,4305586.3499997,,5135,1366890.91,,29117,7595727.5400007,,,,,,,,,,,,,,*,,,*,,74.769241582906,969,14198,10190,3097,16443,12011,26623,170,121,167,24,1349,4061,24393,0.96174141897855
1831205590,Sisca,Brianne,M,PA,I,135 Sullys Trl Ste 5,,Pittsford,NY,36,14534,1,"Metropolitan area core: primary flow within an urbanized area of 50,000 and greater",US,Physician Assistant,NPPES-Specialty,1843,2488.82,178514.53,63846,158,,1655,2242.29,157839.17,57646,,139,,274,99289.37,,1542,78369.06,,27,856.1,,1829,178239.39,,14,275.14,"#",,,*,,,58,1522.19,1399,20,3.1470428648942,,,,,,72,2174.69,37,,78,9877.15,,16,75.088607594937,19,62,53,24,96,62,87,53,,13,0,,,,3.3552793235145
1831226190,Brorein,William,J,MD PHD,I,2237 Clinton Ave So,,Rochester,NY,36,14618,1,"Metropolitan area core: primary flow within an urbanized area of 50,000 and greater",US,Internal Medicine,Claim-Specialty,2325,5008.82,153302.87,143438,177,,2295,4928.82,152589.63,141078,"#",,,187,103163.38,,2110,49372.8,,28,766.69,,2035,136961.25,,290,16341.62,,311,28113.62,,2014,125189.25,74,2395.79,1367,15,3.1827956989247,0,0,0,0,0,135,1188.16,65,*,,,*,,77.395480225989,,,,,86,91,163,,0,,0,,18,159,0.95201412429379
1831239391,Park,Daniel,D,DO,I,6019 Roosevelt Ave,"Suite #201",Woodside,NY,36,11377,1,"Metropolitan area core: primary flow within an urbanized area of 50,000 and greater",US,Family Practice,Claim-Specialty,8667,13544.99,1160428.84,393276,357,,8391,13166.52,1116967.72,382320,,343,,1645,1029981.07,,6940,128352.99,,82,2094.78,,7405,925181.22,,1262,235247.62,,7569,1111771.27,,1098,48657.57,0,0,0,0,0,0,0,0,0,,274,2221.34,141,*,,,*,,73.817927170868,14,191,112,40,195,162,37,,237,63,,13,251,106,0.94906737856291
1831253244,Poon,Tze,,,I,139 Centre St Ste 601,,New York,NY,36,10013,1,"Metropolitan area core: primary flow within an urbanized area of 50,000 and greater",US,Internal Medicine,Claim-Specialty,13770,20533.07,1665922.45,591798,429,,13642,20381.07,1658582.87,587591,"#",,,1979,1280638.98,,11667,382269.61,,124,3013.86,,11022,1338364.44,,2748,327558.01,,13057,1615126.21,,713,50796.24,,,,,,,,,,,318,2914.31,159,*,,,*,,76.088578088578,,,,,244,185,,0,406,,0,21,352,77,1.2626544938002
1831266535,Carreno,Jacqueline,,M.D.,I,29 Wadsworth Ave Suite 1a,,New York,NY,36,10033,1,"Metropolitan area core: primary flow within an urbanized area of 50,000 and greater",US,Internal Medicine,Claim-Specialty,7923,13201.25,1907051.68,391257,497,,7010,11817.37,1695853.24,350449,,461,,2213,1789176.99,,5527,113220.76,,183,4653.93,,7757,1841204.27,,166,65847.41,,7614,1839166.29,,309,67885.39,,,,,,,,,,,37,785.5,27,*,,,*,,72.454728370221,36,286,135,40,318,179,,,,485,0,,461,36,1.2500120552233
1831379783,Keating,Catherine,I,MD,I,23 Central St,,Moravia,NY,36,13118,10,"Rural areas: primary flow to a tract outside a urbanized area of 50,000 and greater or UC",US,Family Practice,Claim-Specialty,9041,14486.41,863744.49,409079,643,,7262,11855.2,648432.37,335463,,539,,1460,686536.61,,7518,174972.63,,63,2235.25,,2485,262814.83,,6556,600929.66,,5427,588260.56,,3614,275483.93,233,4473.17,4948,61,2.5771485455149,11,1792.02,289,,4.7210300429185,143,2261.61,92,,108,16405.72,,18,72.819595645412,104,253,191,95,446,197,600,,,11,0,20,274,369,1.1148695617613
1831465558,Wang,Hongyin,,M.D.,I,99 Hillside Ave Ste I,,Williston Park,NY,36,11596,1,"Metropolitan area core: primary flow within an urbanized area of 50,000 and greater",US,Internal Medicine,Claim-Specialty,3914,5300.56,697982.18,150069,305,,3795,5172.62,670306.38,146423,"#",,,887,607840.55,,2904,86981.37,,123,3160.26,,3724,675148.14,,190,22834.04,,3524,674105,,390,23877.18,0,0,0,0,0,0,0,0,0,,123,2937.75,75,*,,,*,,72.465573770492,,,,,156,149,,,293,,0,,269,36,1.0468926205561
1831472570,Balducci,Robert,J,,I,730 Franklin Ave,,Franklin Square,NY,36,11010,1,"Metropolitan area core: primary flow within an urbanized area of 50,000 and greater",US,Pharmacist,NPPES-Taxonomy,15,15,4062.33,15,15,"#",,,,,"#",,,15,4062.33,,0,0,,0,0,*,,,"#",,,*,,,"#",,,0,0,0,0,0,0,0,0,0,,0,0,0,*,,,*,,73.4,,,,,,,13,0,0,,0,,,,1.2367333333333
1831677178,Lin,Yan,,NP,I,246 Carnation Ave,,Floral Park,NY,36,11001,1,"Metropolitan area core: primary flow within an urbanized area of 50,000 and greater",US,Nurse Practitioner,Claim-Specialty,10482,16353.2,2084576.39,474403,879,,10291,16042.06,2048573.37,465726,,858,,2278,1751953.96,,8019,325130.47,,185,7491.96,,9508,1936527.25,,974,148049.14,,10064,2027512.7,,418,57063.69,,,,,,,,,,,140,883.81,119,,123,2472.74,,35,74.728100113766,21,480,244,134,453,426,,,832,14,0,18,789,90,1.0788262342851
1831730605,Samad,Aliyah,R,"PHARM.D., RPH",I,302 Route 25a,,Miller Place,NY,36,11764,1,"Metropolitan area core: primary flow within an urbanized area of 50,000 and greater",US,Pharmacist,NPPES-Taxonomy,23,23,4993.49,23,23,"#",,,,,"#",,,23,4993.49,,0,0,,0,0,,0,0,,23,4993.49,,0,0,,23,4993.49,0,0,0,0,0,0,0,0,0,,0,0,0,*,,,*,,76.086956521739,,,,,,,21,,0,,0,0,0,23,1.2282544106143
1831773845,Wu,Shu-Hsien,,NP-C,I,837 59th St,,Brooklyn,NY,36,11220,1,"Metropolitan area core: primary flow within an urbanized area of 50,000 and greater",US,Nurse Practitioner,NPPES-Specialty,6991,8168.32,1194407.64,235294,821,,6858,8027.72,1174982.52,231271,,806,,1505,876961.81,,5387,315223.14,,99,2222.69,,6827,1173744.06,,164,20663.58,,6937,1190800.16,,54,3607.48,,,,,,,,,,,121,799.73,111,*,,,*,,71.99634591961,15,580,181,45,410,411,,,808,,0,,806,15,1.0839900718515
1841222577,Leva,Paul,R,MD,I,320 Laurel Rd,,Northport,NY,36,11768,1,"Metropolitan area core: primary flow within an urbanized area of 50,000 and greater",US,Internal Medicine,Claim-Specialty,6284,12159.49,1089646.23,352619,349,,5118,10339.94,904930.96,300000,,311,,1278,952955.63,,4918,131250.17,,88,5440.43,,2361,348119.61,,3923,741526.62,,2305,359796.08,,3979,729850.15,416,35154.04,11300,59,6.6199872692553,107,27419.71,2757,,25.721153846154,239,2259.7,118,,18,428.26,*,,72.507163323782,38,165,116,30,198,151,242,15,,76,,13,80,269,1.2038897584155
1841227816,Schaefer,John,D,MD,I,3 Lyon Pl Ste 302,,Ogdensburg,NY,36,13669,4,"Micropolitan area core: primary flow within an urban cluster of 10,000 to 49,999",US,Otolaryngology,Claim-Specialty,2023,2299.73,112172.31,51073,484,,1621,1882.9,70341.94,43001,,409,,176,66602.82,,1847,45569.49,,0,0,,864,30827.05,,1159,81345.26,,670,54288.86,,1353,57883.45,21,452.95,287,11,1.038062283737,0,0,0,0,0,628,10940.67,213,,0,0,,0,70.995867768595,75,243,137,29,272,212,466,0,,,,12,118,366,0.97140421792706
1841231057,Huang,Zheng-Bo,,M.D.,I,14218 38th Ave,Suite 1c,Flushing,NY,36,11354,1,"Metropolitan area core: primary flow within an urbanized area of 50,000 and greater",US,Geriatric Medicine,Claim-Specialty,11569,17287.04,1449649.16,503823,459,,11454,17159.13,1417148.97,500038,"#",,,1965,1180532.18,,9491,266330.72,,113,2786.26,,9602,1254838.04,,1967,194811.12,,9918,1328469.45,,1651,121179.71,31,899.15,844,,0.26795747255597,0,0,0,,0,181,1898.41,115,,58,1284.97,*,,79.936819172113,,,,,278,181,20,,414,,0,13,326,133,1.2758022179948
1841253267,Chan,Samuel,S,M.D.,I,202 Canal St,Suite 801,New York,NY,36,10013,1,"Metropolitan area core: primary flow within an urbanized area of 50,000 and greater",US,Cardiology,Claim-Specialty,9048,11847.4,1222470.82,350986,391,,8964,11706.4,1196154.29,346803,"#",,,1671,1013540.88,,7323,207484.3,,54,1445.64,,7960,1057869.47,,1088,164601.35,,8201,1152693.01,,847,69777.81,13,191.95,288,,0.14367816091954,0,0,0,,0,69,403.6,47,*,,,*,,78.373401534527,,,,,171,220,,,364,,0,11,335,56,1.480734097307
1841261062,Li,Yuan,Y,MD,I,13304 41st Ave,First Floor B,Flushing,NY,36,11355,1,"Metropolitan area core: primary flow within an urbanized area of 50,000 and greater",US,Internal Medicine,Claim-Specialty,7557,10960.56,514988.54,316510,290,,7353,10707.53,494080.09,309504,"#",,,689,340395.48,,6714,170914.32,,154,3678.74,,6838,472272.13,,719,42716.41,,7238,498704.07,,319,16284.47,0,0,0,0,0,0,0,0,0,,177,960.41,110,,0,0,*,,73.831034482759,,,,,162,128,,,275,,0,,269,21,1.0385356659659
1841278579,Chua,Vincent,P,M.D.,I,13336 41st Rd,Suite 2m,Flushing,NY,36,11355,1,"Metropolitan area core: primary flow within an urbanized area of 50,000 and greater",US,Internal Medicine,NPPES-Specialty,5693,11574.94,833606.17,340324,508,,5588,11377.74,816112.83,334603,,496,,735,686116.5,,4847,143050.62,,111,4439.05,,4799,704203.13,,894,129403.04,,4212,655082.29,,1481,178523.88,16,174.67,304,,0.28104689970139,0,0,0,,0,90,467.57,73,,26,520.07,*,,76.051181102362,12,247,153,96,282,226,12,,472,,0,16,296,212,0.92948210631638
1841286747,Chau,Teresa,P,M.D.,I,7264 Nash Rd,,North Tonawanda,NY,36,14120,1,"Metropolitan area core: primary flow within an urbanized area of 50,000 and greater",US,Internal Medicine,Claim-Specialty,8125,8268.8,421847.41,201467,180,,7996,8139.8,418434.15,198103,"#",,,1045,300101.12,,6983,113870.16,,97,7876.13,,5909,294149.02,,2216,127698.39,,5278,294949.8,,2847,126897.61,315,11254.8,6262,53,3.8769230769231,73,8645.24,1323,,23.174603174603,492,17889.53,98,,243,3116.66,*,,88.122222222222,,,,,139,41,170,,,,0,,109,71,1.960244162695
1841340551,Zunino,Gino,F,M.D.,I,2265 3rd Ave,,New York,NY,36,10035,1,"Metropolitan area core: primary flow within an urbanized area of 50,000 and greater",US,Internal Medicine,NPPES-Specialty,4702,11472.4,914604.5,341525,306,,3964,9860.12,784207.72,293549,,264,,839,821061.1,,3650,89252.22,,213,4291.18,,4422,850457.8,,280,64146.7,,4481,884699.2,,221,29905.3,23,302.03,511,,0.48915355168014,0,0,0,,0,11,107.28,11,,0,0,,0,72.176470588235,42,155,73,36,200,106,,47,,244,0,,278,28,1.3053905507588
1841363009,Nair,Amita,N,MD,I,158 Saratoga Ave.,Waterford Health Center,Waterford,NY,36,12188,1,"Metropolitan area core: primary flow within an urbanized area of 50,000 and greater",US,Internal Medicine,Claim-Specialty,5345,13306.64,183739.98,387048,552,,5251,13107.97,179596.85,381415,,536,,462,102599.79,,4820,79662.16,,63,1478.03,,5333,183527.62,,12,212.36,,904,28058.29,,4441,155681.69,62,498.84,1127,19,1.1599625818522,0,0,0,0,0,110,1210.62,80,,15,125.53,*,,75.083333333333,16,258,206,72,320,232,207,146,63,95,,,81,471,0.91368818567179
1841375037,Chang,Steve,C,MD,I,13620 38th Ave,Suite 8e,Flushing,NY,36,11354,1,"Metropolitan area core: primary flow within an urbanized area of 50,000 and greater",US,Internal Medicine,Claim-Specialty,4697,9358.16,642762.66,277241,218,,4676,9319.16,642058.24,276071,"#",,,647,534418.55,,3929,102062.23,,121,6281.88,,3564,526797.53,,1133,115965.13,,2221,348587.43,,2476,294175.23,,,,,,,,,,,78,738.3,49,*,,,*,,75.880733944954,,,,,120,98,,,191,,0,11,73,145,0.86767099537521
1841389681,Murakonda,Padmavathi,,MD,I,4141 Carpenter Ave,Renal Unit,Bronx,NY,36,10466,1,"Metropolitan area core: primary flow within an urbanized area of 50,000 and greater",US,Geriatric Medicine,Claim-Specialty,7943,9797.82,601092.26,226090,398,,7774,9584.89,593811.9,221880,,380,,1323,436897.11,,6554,159980.93,,66,4214.22,,2902,218546.11,,5041,382546.15,,6641,500350.67,,1302,100741.59,130,27350.88,2045,39,1.6366612111293,49,25942.84,669,,37.692307692308,86,3237.75,49,,117,3435.48,,20,80.821608040201,18,77,156,147,280,118,160,109,,103,,19,245,153,2.5098560585155
1841466703,Yang,Liming,,M.D.,I,5803 7th Ave,,Brooklyn,NY,36,11220,1,"Metropolitan area core: primary flow within an urbanized area of 50,000 and greater",US,Family Practice,Claim-Specialty,4722,8001.39,499375.78,232209,385,,4638,7858.06,490831.55,228276,,370,,693,374070.77,,3972,123591.92,,57,1713.09,,4347,466019.91,,375,33355.87,,4496,491513.8,,226,7861.98,,,,,,,,,,,73,809.01,62,,11,99.71,*,,73.171428571429,15,237,95,38,215,170,15,,352,,0,,348,37,1.1384137548733
1841506102,Jeu,Jason,,PHARM.D.,I,33 7th Ave,,New York,NY,36,10011,1,"Metropolitan area core: primary flow within an urbanized area of 50,000 and greater",US,Pharmacist,NPPES-Taxonomy,87,87,22253.05,87,80,"#",,,,,"#",,,87,22253.05,,0,0,,0,0,,42,9809.33,,45,12443.72,*,,,"#",,,0,0,0,0,0,0,0,0,0,,0,0,0,*,,,*,,73.75,,,,,46,34,62,,,12,0,,,,1.059575
1841562485,Maiello,Wendy,,,I,260 Arden Ave,,Staten Island,NY,36,10312,1,"Metropolitan area core: primary flow within an urbanized area of 50,000 and greater",US,Pharmacist,NPPES-Taxonomy,66,66,14910.83,66,62,"#",,,,,"#",,,66,14910.83,,0,0,,0,0,,18,3186.67,,48,11724.16,*,,,"#",,,0,0,0,0,0,0,0,0,0,,0,0,0,*,,,*,,74.209677419355,,,,,35,27,33,,14,,0,,,,0.76575806451613
1841578440,Holmes,Gregory,,,I,3588 State Route 31,,Baldwinsville,NY,36,13027,1,"Metropolitan area core: primary flow within an urbanized area of 50,000 and greater",US,Pharmacist,NPPES-Taxonomy,49,49,13580.07,49,44,"#",,,,,"#",,,49,13580.07,,0,0,,0,0,"#",,,*,,,*,,,"#",,,0,0,0,0,0,0,0,0,0,,0,0,0,*,,,*,,71.545454545455,,,,,25,19,38,0,,0,0,,,,0.79714393939394
1841619558,Coccaro,Bridget,L,"MSN, FNP",I,1838 Commerce St,,Yorktown Heights,NY,36,10598,1,"Metropolitan area core: primary flow within an urbanized area of 50,000 and greater",US,Nurse Practitioner,Claim-Specialty,676,700.61,34233.11,18702,69,,278,282.03,16205.37,7784,,30,,49,19251.49,,627,14981.62,,0,0,*,,,"#",,,"#",,,*,,,,,,,,,,,,,18,302.21,14,,0,0,,0,58.304347826087,39,17,,,48,21,53,,,,0,,,,1.1290012077295
1841629102,Reddick,Michael,,PHARMD,I,371 E Main St,,Gouverneur,NY,36,13642,7,"Small town core: primary flow within an urban cluster of 2,500 to 9,999",US,Pharmacist,NPPES-Taxonomy,77,77,19873.55,106,69,"#",,,,,"#",,,77,19873.55,,0,0,,0,0,,34,8806.05,,43,11067.5,,17,3828.3,,60,16045.25,0,0,0,0,0,0,0,0,0,,0,0,0,*,,,*,,74.304347826087,,,,,38,31,65,0,0,,0,,14,55,1.144309178744
1841635646,Sindhu,Rahul,,M.D.,I,88-31 55th Avenue,Suite 201,Elmhurst,NY,36,11373,1,"Metropolitan area core: primary flow within an urbanized area of 50,000 and greater",US,Internal Medicine,Claim-Specialty,2089,5010.43,97622.7,144302,341,,1987,4812.37,80860.22,138653,,328,,210,66478.34,,1855,30606.69,,24,537.67,,2042,94693.11,,47,2929.59,,327,28378.8,,1762,69243.9,38,9700.39,872,11,1.8190521780756,,,,,,46,477.13,36,,0,0,,0,74.211143695015,13,172,124,32,156,185,112,86,77,47,,,44,297,1.1377191786424
1841721982,Yuan,Yanyi,,FNP,I,839 58th St Apt 5,,Brooklyn,NY,36,11220,1,"Metropolitan area core: primary flow within an urbanized area of 50,000 and greater",US,Nurse Practitioner,Claim-Specialty,13069,16324.4,1443364.08,466454,746,,12748,15968.12,1391672.91,456559,"#",,,1949,1119144.52,,10875,319395.56,,245,4824,,12770,1401631.04,,299,41733.04,,12988,1439199.69,,81,4164.39,0,0,0,0,0,0,0,0,0,,237,1828.36,170,,65,1396.06,*,,73.801608579088,,,,,407,339,,0,738,,0,,732,14,1.1427104083403
1841766037,Francis Morel,Garry,A,MD,I,4422 3rd Ave,,Bronx,NY,36,10457,1,"Metropolitan area core: primary flow within an urbanized area of 50,000 and greater",US,Internal Medicine,Claim-Specialty,1791,3585.58,703978.34,105791,251,,1478,3047.16,546754.73,90105,,204,,589,659934.74,,1083,39272.03,,119,4771.57,,1593,610917.56,,198,93060.78,,1699,682889.19,,92,21089.15,,,,,,,,,,,,,,,12,4331.4,*,,71.964143426295,47,92,79,33,136,115,11,70,,161,0,,222,29,2.2746654101548
1841777604,Luksch,Allison,,PA,I,325 Essjay Rd,,Williamsville,NY,36,14221,1,"Metropolitan area core: primary flow within an urbanized area of 50,000 and greater",US,Physician Assistant,Claim-Specialty,7513,17630.66,810271.11,516466,1019,,7200,17060.74,783742.97,500071,,982,,863,635968.67,,6561,163336.66,,89,10965.78,,5214,539275.46,,2299,270995.65,,810,88689.93,,6703,721581.18,100,974.58,2637,36,1.3310262212166,0,0,0,0,0,114,934.58,85,,27,424.41,*,,76.437684003925,37,374,438,170,517,502,910,42,12,,,45,78,941,1.3270928858415
1841793155,Chang,Margarita,,FNP,I,5303 8th Ave,,Brooklyn,NY,36,11220,1,"Metropolitan area core: primary flow within an urbanized area of 50,000 and greater",US,Nurse Practitioner,Claim-Specialty,5495,7538.17,1335060.75,217118,475,,5423,7447.97,1316631.81,214557,"#",,,1784,1165734.38,,3643,168139.48,,68,1186.89,,5349,1299445.45,,146,35615.3,,5381,1306136.13,,114,28924.62,0,0,0,0,0,0,0,0,0,,62,1048.82,47,,24,1175.31,*,,74.084210526316,,,,,261,214,,0,464,,0,,446,29,1.1394872326954
1841921087,Tsang,Kelly,A,FNP-BC,I,2041 86th St,,Brooklyn,NY,36,11214,1,"Metropolitan area core: primary flow within an urbanized area of 50,000 and greater",US,Nurse Practitioner,NPPES-Specialty,7709,9128.62,1156471.58,266003,704,,7562,8973.14,1139372.66,261561,,692,,1628,900181.51,,5957,253940.54,,124,2349.53,,7176,1096051.02,,533,60420.56,,7593,1147646.48,,116,8825.1,0,0,0,0,0,0,0,0,0,,68,764.54,56,*,,,*,,72.931818181818,12,465,174,53,359,345,,,688,,0,,677,27,1.0860013144658
1851305437,Heisig,David,,MD,I,4870 Broad Rd,Suite 3q,Syracuse,NY,36,13215,1,"Metropolitan area core: primary flow within an urbanized area of 50,000 and greater",US,Internal Medicine,NPPES-Taxonomy,1240,1256.36,72482.77,24749,126,"#",,,,,"#",,,175,40393.32,,1053,31724.97,,12,364.48,,1211,70082.29,,29,2400.48,"#",,,*,,,28,362.18,410,20,2.258064516129,,,,,,43,239.26,28,*,,,*,,79.833333333333,,,,,86,40,113,,,,0,,,,2.7226206725027
1851320204,Deiss,Katharine,D,M.D.,I,10 S Pointe Lndg,Ste 210,Rochester,NY,36,14606,1,"Metropolitan area core: primary flow within an urbanized area of 50,000 and greater",US,Internal Medicine,Claim-Specialty,7324,15212.88,541485.75,443084,457,,6161,13373.07,451217.28,390180,,397,,731,389923.06,,6527,149147.46,,66,2415.23,,6267,446182.8,,1057,95302.95,,2434,209849.71,,4890,331636.04,136,2060.41,2772,30,1.8569087930093,,,,,,64,6472.37,42,,19,274.47,*,,71.091903719912,60,223,144,30,307,150,391,32,,16,,15,102,355,1.1186068974772
1851321855,Khishchenko,Larisa,,M.D.,I,485 Titus Ave,Ste H,Rochester,NY,36,14617,1,"Metropolitan area core: primary flow within an urbanized area of 50,000 and greater",US,Internal Medicine,Claim-Specialty,6733,15888.69,532760.38,465942,476,,6550,15594.49,517654.66,457569,,463,,859,400100.25,,5816,131110.68,,58,1549.45,,5908,467131.09,,825,65629.29,,1456,136426.33,,5277,396334.05,17,264.72,360,,0.25248774691816,0,0,0,,0,123,5943.64,83,,24,1070.29,*,,76.170168067227,13,201,176,86,342,134,402,25,,13,,31,90,386,0.94298192882551
1851330872,Getaneh,Asqual,,M.D.,I,180 Fort Washington Ave Fl 2,,New York,NY,36,10032,1,"Metropolitan area core: primary flow within an urbanized area of 50,000 and greater",US,Internal Medicine,Claim-Specialty,4061,8734.39,451685.15,256232,359,,3826,8252.22,413285.74,241972,,336,,515,363292.21,,3463,86248.79,,83,2144.15,,2433,332165.05,,1628,119520.1,,1802,267644.56,,2259,184040.59,,,,,,,,,,,22,180.12,20,,19,258.95,*,,75.520891364903,23,146,132,58,258,101,140,83,,115,,14,107,252,1.3713569255362
1851362594,Lewis,Paulette,,M.D.,I,31 Arnot Rd,,Horseheads,NY,36,14845,1,"Metropolitan area core: primary flow within an urbanized area of 50,000 and greater",US,Internal Medicine,Claim-Specialty,10747,24946.69,1231951.95,728934,732,,8785,21151.19,976409.37,619412,,616,,1149,968029.59,,9513,257537.86,,85,6384.5,,7230,801359.05,,3517,430592.9,,4543,624593.83,,6204,607358.12,213,5686.82,5732,36,1.9819484507304,34,3869.85,986,,15.962441314554,277,15709.08,178,,63,2704.75,,12,71.377049180328,116,355,200,61,560,172,652,47,,,0,18,237,495,1.2531475978367
1851368732,Jander,Lucia,,MD,I,217 N Aurora St,,Ithaca,NY,36,14850,1,"Metropolitan area core: primary flow within an urbanized area of 50,000 and greater",US,Internal Medicine,Claim-Specialty,3114,4492.77,266420.97,108940,313,,3001,4342.64,258257.35,105461,,301,,348,193182.91,,2737,72309.17,,29,928.89,,1204,94401.42,,1910,172019.55,,494,50588.38,,2620,215832.59,226,30243.73,5072,48,7.2575465639049,37,24484.51,1013,,16.371681415929,116,1379.95,76,,104,40027.87,,20,78.431309904153,12,103,108,90,215,98,282,,,,0,17,46,267,1.1963906143748
1851370662,Pritchett,Kevin,,PA,I,308 E 175th St,,Bronx,NY,36,10457,1,"Metropolitan area core: primary flow within an urbanized area of 50,000 and greater",US,Physician Assistant,NPPES-Specialty,2921,2936.79,1400996.91,77813,37,,2140,2155.79,1149891.75,57687,"#",,"#",,,,2025,124871.02,*,,,,257,120287.83,,2664,1280709.08,"#",,,*,,,23,441.42,311,,0.78740157480315,13,330.64,269,,56.521739130435,61,36718.9,15,,123,6172.08,*,,66.837837837838,,,,,12,25,,19,,15,0,0,,,3.6592305640767
1851379929,Depra,Joseph,,MD,I,200 N Main St,,Wayland,NY,36,14572,10,"Rural areas: primary flow to a tract outside a urbanized area of 50,000 and greater or UC",US,Family Practice,Claim-Specialty,10582,16736.71,1072314.1,483361,843,,7342,12395.72,776655.29,359380,,660,,1355,849497.04,,9137,213929.82,,90,8887.24,,7008,725687.49,,3574,346626.61,,5601,660038.13,,4981,412275.97,372,16843.73,9789,88,3.5154035154035,81,9425.38,2384,12,21.774193548387,238,2967.14,139,,56,1538.34,,11,69.869513641756,183,368,215,77,459,384,800,,,,,25,309,534,1.1488337706089
1851387682,Warchol,Anna,,MD,I,934 Manhattan Ave,,Brooklyn,NY,36,11222,1,"Metropolitan area core: primary flow within an urbanized area of 50,000 and greater",US,Internal Medicine,Claim-Specialty,7276,14866,845015.49,436973,554,,7084,14475.83,809569.25,425624,,530,,1112,700751.34,,6113,142646.22,,51,1617.93,,4906,537231.8,,2370,307783.69,,4266,560781.95,,3010,284233.54,43,300.82,925,12,0.59098405717427,0,0,0,0,0,136,2546.11,103,,13,89.09,*,,76.58844765343,24,229,193,108,388,166,344,49,,110,,41,296,258,1.4158908697284
1851415426,Perez,Hector,,M.D.,I,581 W 161st St,,New York,NY,36,10032,1,"Metropolitan area core: primary flow within an urbanized area of 50,000 and greater",US,Internal Medicine,Claim-Specialty,10661,26061.77,1601782.13,773980,734,,9646,23779.97,1454352.38,706254,,653,,1348,1380551.82,,8738,207856.52,,575,13373.79,,10218,1561677.54,,443,40104.59,,9991,1561241.26,,670,40540.87,0,0,0,0,0,0,0,0,0,,104,728.77,85,,15,117.34,*,,72.151226158038,81,390,213,50,371,363,17,26,,678,,,646,88,1.1131736269175
1851456321,Meyer,Vincent,E,MD,I,418 Geyser Rd,"#14",Ballston Spa,NY,36,12020,1.1,"Secondary flow 30% to <50% to a larger urbanized area of 50,000 and greater",US,Family Practice,Claim-Specialty,4449,6553.78,287270.71,185934,249,,2908,4658.06,206379.2,133435,,204,,392,187323.23,,4018,97625.89,,39,2321.59,,3032,221336.52,,1417,65934.19,,1866,121033.25,,2583,166237.46,471,21480.77,12558,45,10.586648685098,101,6060.72,2994,11,21.443736730361,139,3668.77,59,,82,11025.43,,19,72.196787148594,45,105,69,30,117,132,231,,,,0,,64,185,1.1305088921772
1851456669,Wang,Jyming,,M.D.,I,13336 41st Rd Ste 2m,,Flushing,NY,36,11355,1,"Metropolitan area core: primary flow within an urbanized area of 50,000 and greater",US,Internal Medicine,Claim-Specialty,5826,11964.41,969242.02,350057,554,,5646,11729.24,949200.52,344284,,542,,753,815602.81,,5020,152551.11,,53,1088.1,,4506,780109.99,,1320,189132.03,,3764,534359.35,,2062,434882.67,64,1411.42,1053,,1.0985238585651,,,,,,159,1690.54,97,,11,217.98,*,,76.507220216606,12,255,182,105,377,177,22,,491,,0,26,270,284,0.93280135437637
1851459895,Chung,Roger,M,M.B.B.S.,I,139 Centre St,Suite 802,New York,NY,36,10013,1,"Metropolitan area core: primary flow within an urbanized area of 50,000 and greater",US,Internal Medicine,Claim-Specialty,8069,10929.19,1042469.03,320736,251,,7999,10856.72,1037528.16,318763,,239,,1510,866926.17,,6430,172152.45,,129,3390.41,,6285,843649.23,,1784,198819.8,,7503,1022914.05,,566,19554.98,,,,,,,,,,,129,31400.83,81,,68,1377.63,,14,75.641434262948,12,111,78,50,137,114,,,236,,0,,205,46,1.0806674066906
1851464853,Mordukhayev,Erik,P,N.P.,I,1042 Flatbush Ave,,Brooklyn,NY,36,11226,1,"Metropolitan area core: primary flow within an urbanized area of 50,000 and greater",US,Nurse Practitioner,Claim-Specialty,9110,11753.1,1496119.41,341639,315,,7461,9798.31,1208104.08,285369,,247,,1893,1197104.74,,6879,288591.45,,338,10423.22,,7363,1197151.63,,1747,298967.78,,7954,1404362.73,,1156,91756.68,83,744.26,1221,32,0.91108671789243,0,0,0,0,0,151,1269.87,99,,45,210.01,*,,69.063492063492,68,162,64,21,200,115,22,182,,87,,17,234,81,1.4354563039767
1851476972,Huang,Hui-Li,,MD,I,Mmg - Grand Concourse,2532 Grand Concourse,Bronx,NY,36,10458,1,"Metropolitan area core: primary flow within an urbanized area of 50,000 and greater",US,Family Practice,Claim-Specialty,7758,15801.15,1191502.18,467735,502,,6794,14232.58,1013405.02,421815,,439,,1300,976109.44,,6255,208252.34,,203,7140.4,,5841,948224.48,,1917,243277.7,,4156,681931.71,,3602,509570.47,,,,,,,,,,,66,721.54,51,,16,15570.77,*,,72.790836653386,63,228,164,47,378,124,21,274,14,183,,,232,270,1.5443200701726
1851478648,Goldstein,Lawrence,W,MD,I,200 S Broadway,106,Tarrytown,NY,36,10591,1,"Metropolitan area core: primary flow within an urbanized area of 50,000 and greater",US,Family Practice,Claim-Specialty,13038,16813.37,961364.93,417131,583,,11511,15002.82,827166.92,376089,,524,,1812,704809.81,,11142,252558.03,,84,3997.09,,2314,194270.38,,10724,767094.55,,8612,617561.38,,4426,343803.55,175,24659.49,3867,40,1.3422304034361,16,21213.38,480,,9.1428571428571,279,5814.85,145,,312,30244.05,,39,75.440823327616,59,216,194,114,323,260,376,68,,104,,25,246,337,1.6414436520936
1851480164,Morrison,Donna,E,MD,I,537 N State Rd,,Briarcliff Manor,NY,36,10510,1,"Metropolitan area core: primary flow within an urbanized area of 50,000 and greater",US,Internal Medicine,Claim-Specialty,2001,5339.13,102905.01,157232,255,,1935,5181.13,93095.87,152528,"#",,,173,69838.36,,1811,32828.31,,17,238.34,,614,31890.04,,1387,71014.97,,136,21330.06,,1865,81574.95,,,,,,,,,,,48,491.37,40,*,,,*,,74.082352941176,,,,,182,73,209,11,11,,,14,17,238,0.9905970452045
1851507362,Saxena,Amit,,MD,I,2015 Grand Concourse,,Bronx,NY,36,10453,1,"Metropolitan area core: primary flow within an urbanized area of 50,000 and greater",US,Internal Medicine,Claim-Specialty,4670,4690.38,488243.91,60967,242,,3256,3274.33,298752.69,42184,,214,"#",,,,3742,122038.84,*,,,,1065,96376.43,,3605,391867.48,,4611,474086.08,,59,14157.83,75,4960.75,1494,20,1.6059957173448,48,4648.2,1143,11,64,260,95474.71,37,,55,1656.72,,24,77.95867768595,28,67,66,81,129,113,79,78,,81,0,,199,43,3.3274933600605
1851528368,Thompson,Erin,W,MD,I,3 Curtis Rd,,Vernon,NY,36,13476,4,"Micropolitan area core: primary flow within an urban cluster of 10,000 to 49,999",US,Family Practice,Claim-Specialty,7042,15181.83,874790.98,437898,641,,6035,13301.79,737836.18,383883,,577,,887,737321.63,,6067,134859.23,,88,2610.12,,4892,565723.33,,2150,309067.65,,2116,304962.03,,4926,569828.95,307,30091.98,7755,68,4.35955694405,34,21417.6,1020,,11.074918566775,272,19594.4,152,,14,76.87,*,,73.564742589704,64,291,216,70,424,217,617,0,,,0,21,134,507,1.0180747150837
1851551626,Fung Chaw,Gloria,,M.D.,I,305 E 161st St,,Bronx,NY,36,10451,1,"Metropolitan area core: primary flow within an urbanized area of 50,000 and greater",US,Internal Medicine,Claim-Specialty,3822,6353.65,681333.39,186607,300,,3235,5473.23,599211.93,161074,,237,,732,599358.81,,2939,76596.2,,151,5378.38,,3427,563787.02,,395,117546.37,,3567,642649.88,,255,38683.51,18,257.9,420,11,0.47095761381476,0,0,0,0,0,29,142.73,16,*,,,*,,70.153333333333,63,137,71,29,199,101,,105,0,183,0,,255,45,1.527581685529
1851571228,Sukhnanan,Ishwardeen,,,I,606 Long Beach Blvd,,Long Beach,NY,36,11561,1,"Metropolitan area core: primary flow within an urbanized area of 50,000 and greater",US,Pharmacist,NPPES-Taxonomy,39,43,9230.91,217,37,,39,43,9230.91,217,,37,,39,9230.91,,0,0,,0,0,*,,,"#",,,,0,0,,39,9230.91,0,0,0,0,0,0,0,0,0,,0,0,0,,0,0,,0,73.162162162162,0,24,,,21,16,34,0,0,,0,,0,37,0.85516216216216
1255491734,Lee,Norman,N,M.D.,I,8310 Queens Blvd,,Elmhurst,NY,36,11373,1,"Metropolitan area core: primary flow within an urbanized area of 50,000 and greater",US,Internal Medicine,Claim-Specialty,6307,13389.67,853194.77,392510,335,,6293,13347.67,852409.43,391250,"#",,,782,645438.88,,5391,204380.09,,134,3375.8,,5778,783340.06,,529,69854.71,,4942,703252.57,,1365,149942.2,28,429.14,648,,0.44395116537181,0,0,0,,0,138,977.36,87,,0,0,*,,77.367164179104,,,,,172,163,,0,314,,0,16,211,124,0.97778324752541
1255512828,Thide,David,,,I,1659 Penfield Rd,,Rochester,NY,36,14625,1,"Metropolitan area core: primary flow within an urbanized area of 50,000 and greater",US,Pharmacist,NPPES-Taxonomy,30,30,6480.48,30,28,"#",,,,,"#",,,30,6480.48,,0,0,,0,0,"#",,,*,,,*,,,"#",,,0,0,0,0,0,0,0,0,0,,0,0,0,*,,,*,,72.214285714286,,,,,15,13,21,,0,,0,,,,1.0765276382925
1255520946,Eldredge,Daniel,J,DO,I,3044 Route 50,,Saratoga Springs,NY,36,12866,1.1,"Secondary flow 30% to <50% to a larger urbanized area of 50,000 and greater",US,Family Practice,Claim-Specialty,6110,13343.39,779964.89,394962,455,,5479,12422.24,711415.75,368130,,426,,886,663931.27,,5161,112679.79,,63,3353.83,,4010,518918.71,,2100,261046.18,,1197,158954.27,,4913,621010.62,50,937.66,1553,18,0.81833060556465,,,,,,54,390,39,,16,202.17,*,,74.013186813187,29,212,169,45,185,270,415,,,,0,23,54,401,1.0423973241081
1255574000,Yang,Min,,MD,I,325 Essjay Rd,,Williamsville,NY,36,14221,1,"Metropolitan area core: primary flow within an urbanized area of 50,000 and greater",US,Family Practice,Claim-Specialty,10480,26248.56,1292393.11,771605,718,,9734,24752.77,1142370.02,727958,,675,,1366,1066517.32,,8961,220068.44,,153,5807.35,,7358,841697.05,,3122,450696.06,,2018,312396.52,,8462,979996.59,,,,,,,,,,,240,2117.26,155,,28,1029.03,,11,75.044568245125,43,328,236,111,496,222,541,92,29,17,0,39,99,619,1.3788102100306
1255598868,Pike,Sandra,A,NP,I,144 W 5th St,,Oswego,NY,36,13126,4,"Micropolitan area core: primary flow within an urban cluster of 10,000 to 49,999",US,Nurse Practitioner,Claim-Specialty,8256,17525.29,789251.55,509600,647,,7769,16711.07,758399.94,486100,,618,,971,620409.14,,7199,164009.01,,86,4833.4,,4914,436929.83,,3342,352321.72,,1576,114254.8,,6680,674996.75,221,18710.87,5363,49,2.6768410852713,23,14826.92,690,,10.407239819005,205,2004.15,131,*,,,*,,74.613601236476,29,313,230,75,356,291,616,,,,0,20,78,569,1.1562918785948
1255740742,Jaffarji,Moiz,,,I,605 Rockaway Tpke,,Lawrence,NY,36,11559,1,"Metropolitan area core: primary flow within an urbanized area of 50,000 and greater",US,Pharmacist,NPPES-Taxonomy,16,16,3096.73,16,16,"#",,,,,"#",,,16,3096.73,,0,0,,0,0,*,,,*,,,,0,0,,16,3096.73,0,0,0,0,0,0,0,0,0,,0,0,0,*,,,*,,71.75,,,,,,,,0,,,0,,0,16,0.4963125
1255920286,Vartabedian,Sarah,,,I,"4101 Medical Center Dr # 101d",,Fayetteville,NY,36,13066,1,"Metropolitan area core: primary flow within an urbanized area of 50,000 and greater",US,Nurse Practitioner,Claim-Specialty,908,1375.51,49271.34,29360,517,,781,1216.51,44273.77,26382,,447,,119,38762.88,,775,10151.23,,14,357.23,,595,31860.95,,313,17410.39,,292,15418.76,,616,33852.58,0,0,0,0,0,0,0,0,0,,259,1870.99,234,,0,0,,0,72.061895551257,70,237,155,55,335,182,478,18,,,0,15,148,369,1.0421732753063
1265026207,Scott-Robertson,Michele,L,AGPC-NP,I,920 Lark Dr,,Albany,NY,36,12207,1,"Metropolitan area core: primary flow within an urbanized area of 50,000 and greater",US,Nurse Practitioner,NPPES-Specialty,3315,3322.15,217574.87,71424,172,,3102,3109.15,210154.97,66764,"#",,"#",,,,2815,76564.73,*,,,"#",,,*,,,"#",,,*,,,288,10421.15,6832,62,8.6877828054299,12,2568.54,188,,4.1666666666667,305,9836.46,96,,121,6226.17,*,,83.494186046512,,,,,120,52,162,,,0,0,,,,2.6217346899225
1265071914,O'Banion,Melissa,A,,I,1780 Hanshaw Rd,,Ithaca,NY,36,14850,1,"Metropolitan area core: primary flow within an urbanized area of 50,000 and greater",US,Physician Assistant,Claim-Specialty,2985,6339.19,340261.56,183279,431,,2448,5272.02,280807.44,152559,,363,,357,245294.97,,2611,94102.99,,17,863.6,,1742,222023.53,,1243,118238.03,,1313,189085.49,,1672,151176.07,58,3954.21,1230,23,1.9430485762144,,,,,,86,1708.52,53,,19,1252.16,*,,71.155452436195,68,202,124,37,257,174,391,12,,,0,12,126,305,1.2039866015361
1265405898,Liang,Lawrence,Y,M.D.,I,53 Elizabeth St,Suite 5a,New York,NY,36,10013,1,"Metropolitan area core: primary flow within an urbanized area of 50,000 and greater",US,Psychiatry,Claim-Specialty,7277,8651.99,438683.26,246505,772,,6429,7757.89,291442.77,220108,,725,,546,289694.32,,6731,148988.94,,0,0,,5223,282516.2,,2054,156167.06,,6347,398298.15,,930,40385.11,0,0,0,0,0,0,0,0,0,,,,,,1457,111419.79,,154,73.496113989637,47,417,215,93,497,275,26,,691,35,,18,613,159,1.2994691398393
1265408090,Galyanova,Valentina,V,MD,I,1780 Hanshaw Rd,,Ithaca,NY,36,14850,1,"Metropolitan area core: primary flow within an urbanized area of 50,000 and greater",US,Family Practice,Claim-Specialty,6182,13259.63,634989.57,387062,523,,5172,11485.81,534228.76,336067,,453,,826,491604.65,,5297,141536.87,,59,1848.05,,4018,424542.26,,2164,210447.31,,2994,373424.16,,3188,261565.41,205,14035.58,5277,39,3.3160789388547,11,8472.57,307,,5.3658536585366,90,1131.64,64,,21,1434.25,*,,72.126195028681,70,241,171,41,364,159,442,33,12,14,0,22,173,350,1.1122773025459
1265444780,Kindel,Susan,E,M.D.,I,3101 Ridge Rd W Bldg C,,Rochester,NY,36,14626,1,"Metropolitan area core: primary flow within an urbanized area of 50,000 and greater",US,Internal Medicine,Claim-Specialty,2136,5031.23,194707.53,146916,205,,1868,4585.37,168798.2,134349,,180,,203,145980.84,,1878,46359.1,,55,2367.59,,1879,165662.06,,257,29045.47,,380,39525.64,,1756,155181.89,17,126.67,346,,0.79588014981273,0,0,0,,0,43,427.21,30,*,,,*,,71.034146341463,25,106,55,19,129,76,188,,0,,0,11,32,173,0.97532616097005
1265447304,Listopadzki,Dariusz,J,M.D.,I,418 S Hamilton St,Suite 109,Painted Post,NY,36,14870,4,"Micropolitan area core: primary flow within an urban cluster of 10,000 to 49,999",US,Internal Medicine,Claim-Specialty,8376,18716,873430.54,551395,582,,7317,16867.66,707183.76,497325,,495,,856,704018.25,,7437,164909.05,,83,4503.24,,5332,586125.29,,3044,287305.25,,2749,392344.44,,5627,481086.1,139,2938.64,4025,40,1.6595033428844,,,,,,127,1548.64,71,,82,1544.72,,13,72.185567010309,87,272,155,68,282,300,551,12,,,0,13,158,424,1.2631949560366
1265455109,Lieber,Kent,A,M. D.,I,565 Abbott Rd,,Buffalo,NY,36,14220,1,"Metropolitan area core: primary flow within an urbanized area of 50,000 and greater",US,Family Practice,Claim-Specialty,39089,39208.72,2112992.39,594892,459,,35348,35462.66,1866362.84,540866,,434,,5949,1492461.31,,32797,599368.46,,343,21162.62,,16124,1149361.62,,22965,963630.77,,35351,1909397.51,,3738,203594.88,602,14500.68,13108,137,1.5400752129755,48,1688.84,1411,,7.9734219269103,564,14834.69,162,,871,48153.55,,72,83.02614379085,25,61,138,235,299,160,433,,,11,,,349,110,2.3240740567834
1265499008,Penepent,Philip,A,M.D.,I,5196 Genesee St,,Bowmansville,NY,36,14026,1,"Metropolitan area core: primary flow within an urbanized area of 50,000 and greater",US,Internal Medicine,Claim-Specialty,15131,31937.27,1694559.17,924873,1103,,13732,29614.73,1493286.27,858732,,1033,,1947,1371785.57,,13014,314779.28,,170,7994.32,,12306,1289461.15,,2825,405098.02,,3006,456446.55,,12125,1238112.62,505,23325.45,12849,122,3.337519000727,48,11703.93,1440,,9.5049504950495,605,4716.59,298,,63,1241.16,,13,75.066183136899,70,485,370,178,620,483,1055,,,,0,30,134,969,1.172285314035
1265525489,Sejdiu,Mentor,,MD,I,3011 Boston Rd,,Bronx,NY,36,10469,1,"Metropolitan area core: primary flow within an urbanized area of 50,000 and greater",US,Internal Medicine,Claim-Specialty,13167,25757.34,2003715.14,757092,584,,11581,23273.95,1691152.53,684494,,506,,2089,1737844.79,,10770,255619.84,,308,10250.51,,10853,1691462.98,,2314,312252.16,,9997,1535019.04,,3170,468696.1,84,244.68,947,34,0.63795853269537,0,0,0,0,0,145,28345.07,83,,46,868.16,,12,72.41095890411,78,262,188,56,354,230,178,142,,193,,62,379,205,1.3428303519428
1265527493,Oduwa,Felix,O,,I,1729 Burrstone Rd,,New Hartford,NY,36,13413,1,"Metropolitan area core: primary flow within an urbanized area of 50,000 and greater",US,Family Practice,Claim-Specialty,12115,14441.8,1097757.15,367682,914,,9769,11444.17,891838.88,288980,,743,,2365,804078.71,,9678,288010.42,,72,5668.02,,5398,479837.3,,6717,617919.85,,10746,976399.64,,1369,121357.51,146,2238.97,1962,91,1.2051176227817,,,,,,376,20297.89,168,,432,76695.91,,109,73.608315098468,171,295,280,168,529,385,777,60,,43,,21,702,212,2.2116468993333
1265538458,Lown,Jonathan,S,MD,I,2171 Jericho Tpke,Suite 100,Commack,NY,36,11725,1,"Metropolitan area core: primary flow within an urbanized area of 50,000 and greater",US,Internal Medicine,Claim-Specialty,8872,17799.09,2871935.07,514807,482,,8422,16996.21,2771663.8,491490,,459,,2590,2615509.79,,6198,254335.3,,84,2089.98,,1065,360178.77,,7807,2511756.3,,377,136111.63,,8495,2735823.44,111,2542.57,3043,25,1.251127141569,,,,,,289,19104.49,136,,97,81575.67,,21,75.394190871369,23,190,192,77,231,251,424,,,14,0,33,22,460,1.2220316284577
1265540066,Menzies,Isaura,,MD,I,1000 South Ave,Box 58,Rochester,NY,36,14620,1,"Metropolitan area core: primary flow within an urbanized area of 50,000 and greater",US,Hospice and Palliative Care,Claim-Specialty,3375,3406.08,216226.97,65649,174,,3056,3087.08,208053.76,61548,"#",,"#",,,,2718,64657.96,*,,,,631,49314.83,,2744,166912.14,,2934,179793.11,,441,36433.86,19,1596.44,207,13,0.56296296296296,,,,,,78,1013.45,44,,114,9237.23,*,,83.718390804598,,,,,124,50,168,,,,0,,114,60,1.7632866352545
1265559199,Fulger,Ilmana,,MD,I,4487 3rd Ave,Fourth Floor Cancer Center,Bronx,NY,36,10457,1,"Metropolitan area core: primary flow within an urbanized area of 50,000 and greater",US,Hematology-Oncology,Claim-Specialty,1003,1312.92,4002991,36463,134,,928,1208.52,3951797.68,33457,,120,"#",,,,548,325207.74,*,,,,831,3466277.29,,172,536713.71,,772,2914808.96,,231,1088182.04,41,954.03,866,11,4.0877367896311,,,,,,,,,,0,0,,0,73.044776119403,14,58,50,12,84,50,,41,,79,0,,115,19,2.0515822360423
1265610315,Collins,Thomas,,,I,1829 Chili Ave,,Rochester,NY,36,14624,1,"Metropolitan area core: primary flow within an urbanized area of 50,000 and greater",US,Pharmacist,NPPES-Taxonomy,46,46,12777.7,46,45,"#",,,,,"#",,,46,12777.7,,0,0,,0,0,"#",,,*,,,*,,,"#",,,0,0,0,0,0,0,0,0,0,,0,0,0,*,,,*,,73.244444444444,,,,,23,22,25,17,,0,0,,,,1.2083777777778
1265613772,Labell,Jennifer,L,RPH,I,2050 Chili Ave,,Rochester,NY,36,14624,1,"Metropolitan area core: primary flow within an urbanized area of 50,000 and greater",US,Pharmacist,NPPES-Taxonomy,26,26,7274.24,26,26,"#",,,,,"#",,,26,7274.24,,0,0,,0,0,"#",,,*,,,*,,,"#",,,0,0,0,0,0,0,0,0,0,,0,0,0,*,,,*,,73.038461538462,,,,,,,13,,0,,0,,,,0.79721794871795
1265617732,Davila,Spencer,T,RPH,I,208 East Route 59,,Spring Valley,NY,36,10977,1,"Metropolitan area core: primary flow within an urbanized area of 50,000 and greater",US,Pharmacist,NPPES-Taxonomy,20,20,4511.3,20,19,"#",,,,,"#",,,20,4511.3,,0,0,,0,0,*,,,"#",,,*,,,"#",,,0,0,0,0,0,0,0,0,0,,0,0,0,*,,,*,,72.684210526316,,,,,,,,,,,0,,,,1.383730707997
1265619340,Wood,Nicole,L,,I,153 Central Ave,,Albany,NY,36,12206,1,"Metropolitan area core: primary flow within an urbanized area of 50,000 and greater",US,Pharmacist,NPPES-Taxonomy,27,27,7765.71,27,27,"#",,,,,"#",,,27,7765.71,,0,0,,0,0,,16,4563.16,,11,3202.55,,0,0,,27,7765.71,0,0,0,0,0,0,0,0,0,,0,0,0,*,,,*,,72.296296296296,,,,,15,12,26,,0,0,0,,0,27,1.0881403476511
1265651483,Mayhle,Douglas,,M.D.,I,111 Clara Barton St,,Dansville,NY,36,14437,7,"Small town core: primary flow within an urban cluster of 2,500 to 9,999",US,Emergency Medicine,Claim-Specialty,6238,6249.28,524991.33,139791,300,,4715,4725.61,388340.68,107794,,249,,1009,351400.86,,5152,167916.77,,77,5673.7,,3069,173957.8,,3169,351033.53,,5833,510041.07,,405,14950.26,220,5587.43,2908,71,3.5267714010901,,,,,,203,14483.52,104,,315,25245.74,,34,73.186666666667,51,113,86,50,167,133,278,,0,,,,176,124,1.7972207023611
1265687347,Wu,Jianlin,,M.D.,I,"839 58th Street, 5th Floor",,Brooklyn,NY,36,11220,1,"Metropolitan area core: primary flow within an urbanized area of 50,000 and greater",US,Internal Medicine,Claim-Specialty,32403,43713.96,3719184.32,1270527,1281,,32095,43367.96,3689098.85,1260704,,1267,,4681,3043858.39,,27238,661231.15,,484,14094.78,,30146,3455179.44,,2257,264004.88,,31726,3651246.22,,677,67938.1,37,259.5,482,20,0.11418695799772,0,0,0,0,0,444,3447.95,313,,335,10110.5,,59,74.769711163154,14,706,424,137,724,557,,,1271,,0,,1234,47,1.1728405680551
1265751002,Li,Simon,,MD,I,8510 19th Ave,,Brooklyn,NY,36,11214,1,"Metropolitan area core: primary flow within an urbanized area of 50,000 and greater",US,Family Practice,Claim-Specialty,36566,42045.16,5242894.3299999,1207010,725,,36225,41646.53,5159874.6199999,1196335,,707,,7593,4234026.99,,28367,991645.86000001,,606,17221.48,,34683,5008325.5199999,,1883,234568.81,,35679,5148502.7499999,,887,94391.58,0,0,0,0,0,0,0,0,0,,669,9199.71,357,,64,1765.07,*,,73.2,18,446,195,66,399,326,13,,693,,,,676,49,1.2925960547713
1265764476,Caruso,Robert,J,PHARM.D,I,822 Middle Country Rd,,Selden,NY,36,11784,1,"Metropolitan area core: primary flow within an urbanized area of 50,000 and greater",US,Pharmacist,NPPES-Taxonomy,18,18,5327.69,18,17,"#",,,,,"#",,,18,5327.69,,0,0,,0,0,*,,,"#",,,*,,,"#",,,0,0,0,0,0,0,0,0,0,,0,0,0,*,,,*,,72.058823529412,,,,,,,13,0,,,0,,,,0.55311764705882
1275050684,John,Smitha,,FNP,I,664 Stoneleigh Ave Ste 100,,Carmel,NY,36,10512,1,"Metropolitan area core: primary flow within an urbanized area of 50,000 and greater",US,Nurse Practitioner,Claim-Specialty,4460,10081.81,420217.51,285377,512,,3811,8854.09,331883.59,250810,,451,,458,323231.66,,3971,95577.72,,31,1408.13,,2125,191300.54,,2335,228916.97,,1173,192845.14,,3287,227372.37,91,942.39,1830,28,2.0403587443946,,,,,,275,3763.26,174,*,,,*,,73.390625,61,227,154,70,320,192,441,16,,28,,21,115,397,1.1425292349782
1275125072,Chew,Victoria,C,PA-C,I,758 61st St Ste A,,Brooklyn,NY,36,11220,1,"Metropolitan area core: primary flow within an urbanized area of 50,000 and greater",US,Physician Assistant,Claim-Specialty,8311,14385.56,1683260.15,417028,791,,8128,14128.12,1640442.28,409573,,777,,1962,1398817.42,,6178,278923.2,,171,5519.53,,8061,1605712.51,,250,77547.64,,8202,1678874.18,,109,4385.97,,,,,,,,,,,159,1150.58,131,*,,,*,,72.908975979772,14,521,188,68,415,376,0,0,777,,0,,767,24,1.398665801707
1275232274,Boles,Gianna,,FNP-C,I,5 State St,,Tully,NY,36,13159,2,"Metropolitan area high commuting: primary flow 30% or more to a urbanized area of 50,000 and greater",US,Nurse Practitioner,Claim-Specialty,584,1081.11,48846.17,29588,183,,488,910.28,38398.57,24954,,166,"#",,,,495,14856.06,*,,,,403,27413.26,,181,21432.91,,167,16165.71,,417,32680.46,27,349.21,742,12,4.6232876712329,,,,,,25,4556.51,24,,0,0,,0,71.732240437158,17,111,42,13,82,101,169,,0,,0,12,37,146,1.2444262295082
1275525032,Lammers,Jonathon,V,MD,I,16 E Main St,,Clifton Springs,NY,36,14432,2,"Metropolitan area high commuting: primary flow 30% or more to a urbanized area of 50,000 and greater",US,Family Practice,Claim-Specialty,13226,26697.74,1145375.05,778387,737,,12020,24498.12,1044034.75,715639,,670,,1474,870982.57,,11588,269308.1,,164,5084.38,,10646,902977.96,,2580,242397.09,,3879,379654.86,,9347,765720.19,182,3248.79,4395,41,1.3760774232572,16,507.55,480,,8.7912087912088,311,4358.64,177,,12,258.47,*,,73.763907734057,67,324,260,86,373,364,699,,,,0,28,161,576,1.2802593926192
1275533408,Vuillequez,Jeffrey,,M.D.,I,30 Hagen Dr,Suite 300,Rochester,NY,36,14625,1,"Metropolitan area core: primary flow within an urbanized area of 50,000 and greater",US,Internal Medicine,Claim-Specialty,8497,20816.93,819524.73,611612,974,,8278,20317.86,804498.59,597283,,936,,799,612261.11,,7649,205538.87,,49,1724.75,,7745,727474.32,,752,92050.41,,580,60543.78,,7917,758980.95,190,16266.58,4294,51,2.236083323526,16,12630.44,455,,8.4210526315789,172,2294.63,124,,55,1513,,17,75.726899383984,38,392,389,155,495,479,882,17,,,0,61,75,899,0.96153563270941
1275550634,Akila,Nadanaguru,,M.D.,I,100 John Roemmelt Dr,Suite 301,Horseheads,NY,36,14845,1,"Metropolitan area core: primary flow within an urbanized area of 50,000 and greater",US,Internal Medicine,Claim-Specialty,7032,16212.33,687192.53,473896,413,,6399,14886.23,651494.4,435265,,374,,702,539116.64,,6270,144613.6,,60,3462.29,,4677,404086.23,,2355,283106.3,,1869,240255.52,,5163,446937.01,128,1857.89,3083,24,1.8202502844141,0,0,0,0,0,254,2920.25,138,,32,4104.24,*,,73.733656174334,39,185,138,51,322,91,387,,,,0,,82,331,1.0531281908813
1275575466,Attia,A. Lawrence,,MD,I,350 W 58th St,,New York,NY,36,10019,1,"Metropolitan area core: primary flow within an urbanized area of 50,000 and greater",US,Gastroenterology,Claim-Specialty,2757,6118.8,321253.69,178300,310,,2735,6074.8,314079.95,177047,"#",,"#",,,,2445,67814,*,,,,634,74184.21,,2123,247069.48,,313,30067.52,,2444,291186.17,43,524.99,1130,,1.5596663039536,0,0,0,,0,109,23756.78,67,*,,,*,,78.112903225806,,,,,183,127,231,29,,26,,21,24,286,0.96906611701722
1275586687,Inzlicht-Sprei,Eli,,M.D.,I,620 Foster Ave,Suite 200,Brooklyn,NY,36,11230,1,"Metropolitan area core: primary flow within an urbanized area of 50,000 and greater",US,Internal Medicine,Claim-Specialty,6884,10351.01,832818.5,299719,359,,6626,10051.41,780269.3,291425,,344,,1222,698285.1,,5552,130261.19,,110,4272.21,,1510,147419.75,,5374,685398.75,,3448,353169.82,,3436,479648.68,130,4526.78,3531,23,1.8884369552586,22,761.23,660,,16.923076923077,231,3931.28,115,,70,1596.11,*,,75.050139275766,15,177,112,55,183,176,336,,,,0,14,136,223,1.1360873331746
1275595787,Lyo,Thomas,Z,M.D,I,13987 35th Ave Apt L1,,Flushing,NY,36,11354,1,"Metropolitan area core: primary flow within an urbanized area of 50,000 and greater",US,Internal Medicine,Claim-Specialty,6136,11402.17,941739.11,328578,302,,5548,10448.31,803757.82,300748,,275,,1092,787670.61,,4982,151492.03,,62,2576.47,,3902,618357.58,,2234,323381.53,,3755,665577.62,,2381,276161.49,188,16780.71,5269,24,3.0638852672751,23,13191.18,690,,12.234042553191,154,8437.83,81,,11,529.77,*,,75.324503311258,27,110,109,56,171,131,89,103,53,36,0,21,137,165,1.255325693201
1275627556,Jacobs,Linda,H,MD,I,50 Underhill Blvd,Suite 101,Syosset,NY,36,11791,1,"Metropolitan area core: primary flow within an urbanized area of 50,000 and greater",US,Pediatric Medicine,Claim-Specialty,115,117,30108.96,221,100,"#",,,,,"#",,,112,30068.25,*,,,"#",,,,16,4142.72,,99,25966.24,*,,,"#",,,0,0,0,0,0,0,0,0,0,,,,,*,,,*,,77.69,,,,,64,36,91,0,,,0,,,,1.0997383333333
1275639502,Wu,Benjamin,,,I,730 60th St Fl 1,,Brooklyn,NY,36,11220,1,"Metropolitan area core: primary flow within an urbanized area of 50,000 and greater",US,Family Practice,Claim-Specialty,35405,50811.7,6682971.5299999,1486296,913,,34816,50057.35,6610436.2099999,1464652,,891,,8157,5700195.31,,26778,972850.14000001,,470,9926.08,,30021,5738460.2599999,,5384,944511.27,,34343,6552567.5999999,,1062,130403.93,26,213.58,309,18,0.073435955373535,0,0,0,0,0,277,3665.98,212,,113,3659.48,,22,74.152245345016,22,530,251,110,514,399,,,883,12,0,12,854,59,1.1636934071281
1275664690,Lord,Amy,,FNP-C,I,119 Whig St,,Newark Valley,NY,36,13811,2,"Metropolitan area high commuting: primary flow 30% or more to a urbanized area of 50,000 and greater",US,Nurse Practitioner,Claim-Specialty,4809,11151.74,748217.05,325218,369,,4047,9730.67,651415.49,284235,,300,,755,625386.48,,4004,119706.79,,50,3123.78,,3591,585163.3,,1218,163053.75,,1422,286867.24,,3387,461349.81,155,6265.3,4546,37,3.2231233104596,12,2141.59,290,,7.741935483871,135,1117.74,84,,18,2039.29,*,,70.384823848238,69,181,85,34,235,134,356,,,,0,,109,260,1.1033554267939
1275699852,Corzo,Pedro,A,M.D.,I,10308 Roosevelt Ave,,Corona,NY,36,11368,1,"Metropolitan area core: primary flow within an urbanized area of 50,000 and greater",US,Internal Medicine,Claim-Specialty,8434,16483.94,1436382.53,480636,448,,7669,15041.87,1261469.94,438971,,413,,1381,1243247.6,,6798,185077.78,,255,8057.15,,7932,1357675.49,,502,78707.04,,8037,1410011.21,,397,26371.32,41,133.65,332,27,0.48612757884752,0,0,0,0,0,131,906.78,92,,13,696.79,*,,72.604910714286,35,257,118,38,225,223,,,,436,0,,401,47,1.1073286207927
1275780090,Goldstein,Mitchell,I,RPH,I,70 E 161st St,,Bronx,NY,36,10451,1,"Metropolitan area core: primary flow within an urbanized area of 50,000 and greater",US,Pharmacist,NPPES-Taxonomy,35,35,6051.28,360,28,"#",,,,,"#",,,29,5704.02,*,,,"#",,,"#",,,*,,,,23,3809.26,,12,2242.02,0,0,0,0,0,0,0,0,0,,,,,*,,,*,,67.571428571429,,,,,,,,,0,18,0,0,,,1.0798214285714
1275800864,Patel,Reena,J,M.D.,I,7846 Parsons Blvd,,Flushing,NY,36,11366,1,"Metropolitan area core: primary flow within an urbanized area of 50,000 and greater",US,Internal Medicine,Claim-Specialty,2872,5919.45,445947.24,172011,395,,2439,5333.84,381356.98,154940,,353,,384,278959.48,,2466,166154.33,,22,833.43,,1808,326561.7,,1064,119385.54,,1551,324215.34,,1321,121731.9,,,,,,,,,,,81,705.65,61,*,,,*,,74.437974683544,42,142,154,57,268,127,211,36,36,92,0,20,162,233,1.3023201733744
1275808545,Chin,Tiffany,L,,I,300 Community Dr,,Manhasset,NY,36,11030,1,"Metropolitan area core: primary flow within an urbanized area of 50,000 and greater",US,Internal Medicine,Claim-Specialty,2689,6308.9999999999,118210.27,175570,529,,2578,6080.8699999999,115326.47,169336,,502,,293,71071.98,,2375,46779.32,,21,358.97,,2659,117041.09,,30,1169.18,,647,28493.62,,2042,89716.65,11,97.67,173,,0.4090740052064,,,,,,253,2014.2,223,*,,,*,,73.294896030246,27,301,150,51,327,202,214,,129,156,,22,70,459,1.0419920681491
1275863391,Michelin,Richard,M,,I,15 Old Country Rd,,Westbury,NY,36,11590,1,"Metropolitan area core: primary flow within an urbanized area of 50,000 and greater",US,Pharmacist,NPPES-Taxonomy,30,30,7955.19,30,29,"#",,,,,"#",,,30,7955.19,,0,0,,0,0,*,,,"#",,,*,,,"#",,,0,0,0,0,0,0,0,0,0,,0,0,0,*,,,*,,74.379310344828,,,,,17,12,18,,,,0,,,,1.1323218390805
1275891129,Jerome-Roberts,Jenifer,D,MD,I,2212 Penfield Rd,"Ste. #100",Penfield,NY,36,14526,1,"Metropolitan area core: primary flow within an urbanized area of 50,000 and greater",US,Internal Medicine,Claim-Specialty,9050,20878.3,765694.5,608376,781,,8292,19667.18,667039.1,573400,,737,,840,566717.48,,8136,192735.42,,74,6241.6,,7712,608321.73,,1338,157372.77,,1491,177468.98,,7559,588225.52,295,20394.34,7023,61,3.2596685082873,35,15772.39,999,,11.864406779661,279,8759.56,166,,36,1098.16,,14,74.153649167734,44,363,299,75,515,266,703,17,,,0,48,92,689,0.9088715158875
1275891608,Schiff,Eugene,C,MD,I,731 White Plains Rd,,Bronx,NY,36,10473,1,"Metropolitan area core: primary flow within an urbanized area of 50,000 and greater",US,Family Practice,Claim-Specialty,3936,6000.11,958404.53,176523,244,,3155,4945.4,697880.11,145792,,189,,857,905223.14,,2966,49850.22,,113,3331.17,,3375,904520.1,,561,53884.43,,3238,807050.12,,698,151354.41,0,0,0,0,0,0,0,0,0,,16,768.98,12,*,,,*,,68.352459016393,55,142,,,120,124,19,67,,145,0,,189,55,1.2167926135504
1285003376,Bastiaanse,Emily,C,FNP-C,I,2517 Vestal Pkwy E,,Vestal,NY,36,13850,1,"Metropolitan area core: primary flow within an urbanized area of 50,000 and greater",US,Nurse Practitioner,Claim-Specialty,5754,12703.88,667590.98,367980,572,,4993,11284.48,579207.7,327954,,509,,760,559979.96,,4953,105980.19,,41,1630.83,,3100,389389.14,,2654,278201.84,,1706,248986.45,,4048,418604.53,77,600.97,1409,25,1.338199513382,0,0,0,0,0,176,1483.16,117,,21,544.32,*,,72.13986013986,63,271,177,61,351,221,552,,,,0,11,125,447,1.0568257849513
1285120113,Vista,Manuel,,MD,I,2532 Grand Concourse,,Bronx,NY,36,10458,1,"Metropolitan area core: primary flow within an urbanized area of 50,000 and greater",US,Internal Medicine,Claim-Specialty,9437,18200.81,1257306.96,529900,668,,8038,15840.1,1003561.53,462212,,574,,1607,1041103.67,,7591,204829.63,,239,11373.66,,8056,1104676.84,,1381,152630.12,,7253,1061451.22,,2184,195855.74,158,14654.33,3177,34,1.6742608879941,13,13384.67,390,,8.2278481012658,65,831.53,52,,52,812.77,*,,71.98502994012,94,312,206,56,464,204,25,263,,362,,11,422,246,1.427716977123
1285127126,Chirinos Cordero,Luis,E,MD,I,4422 3rd Ave,,Bronx,NY,36,10457,1,"Metropolitan area core: primary flow within an urbanized area of 50,000 and greater",US,Internal Medicine,Claim-Specialty,5058,10079.52,842485.72,298220,415,,4219,8485.79,690403.83,251203,,349,,966,743190.71,,3893,90866.78,,199,8428.23,,4505,769488.95,,553,72996.77,,4396,773158.99,,662,69326.73,62,1235.7,1386,11,1.2257809410834,,,,,,20,338.86,15,,26,188.8,*,,71.633734939759,66,198,111,40,221,194,15,58,,333,0,,336,79,1.51194230963
1285158485,Fernandez,Joely,F,,I,534 W 135th St,,New York,NY,36,10031,1,"Metropolitan area core: primary flow within an urbanized area of 50,000 and greater",US,Nurse Practitioner,NPPES-Specialty,983,1881.48,117048.08,54420,128,,803,1619.81,107639.14,47186,,112,,144,101868.74,,767,13482.18,,72,1697.16,,891,111177.85,,92,5870.23,,951,116336.94,,32,711.14,0,0,0,0,0,0,0,0,0,,,,,*,,,*,,72.7265625,16,58,,,97,31,,20,,101,0,,,,1.1999175676116
1285240747,Rodriguez,Nicole,A,FNP-BC,I,1 New York Plz Fl 3,,New York,NY,36,10004,1,"Metropolitan area core: primary flow within an urbanized area of 50,000 and greater",US,Nurse Practitioner,Claim-Specialty,3050,6380.64,675972.77,187941,250,,2583,5565.5,554254.58,164135,,212,,664,581198.84,,2187,86505.5,,199,8268.43,,2746,594691,,304,81281.77,,2891,658457.75,,159,17515.02,,,,,,,,,,,,,,,0,0,,0,71.012,38,126,70,16,162,88,19,25,,197,0,,222,28,1.1390243333333
1285361352,Waaland,Mariah,T,PA-C,I,1375 Washington Ave Ste 101,,Albany,NY,36,12206,1,"Metropolitan area core: primary flow within an urbanized area of 50,000 and greater",US,Physician Assistant,Claim-Specialty,1526,3537.51,138771.48,102696,254,,1374,3244.08,133991.45,94189,,233,,224,114767.36,,1280,23394.16,,22,609.96,,1034,101262.63,,492,37508.85,,193,12929.94,,1333,125841.54,,,,,,,,,,,29,289.04,21,*,,,*,,72.503937007874,21,125,86,22,182,72,236,,,,0,,30,224,0.87024311023622
1285601914,Abdullah,Mahdi,,MD,I,12 N 7th Ave,,Mount Vernon,NY,36,10550,1,"Metropolitan area core: primary flow within an urbanized area of 50,000 and greater",US,Internal Medicine,Claim-Specialty,2013,2991.11,180779.28,82342,164,,1668,2511.25,158586.38,69159,,136,"#",,,,1667,32073.76,*,,,,771,73862.96,,1242,106916.32,,1608,163060.61,,405,17718.67,,,,,,,,,,,67,516.27,34,,70,2923.77,,12,74.042682926829,28,55,54,27,90,74,38,83,,30,,,105,59,2.1934503803855
1285601963,Leong,Alfred,B,MD,I,515 Sixth Street,,Brooklyn,NY,36,11215,1,"Metropolitan area core: primary flow within an urbanized area of 50,000 and greater",US,Internal Medicine,Claim-Specialty,3888,8561.32,763021.79,253178,497,,3328,7495.86,568599.13,221986,,412,,785,675638.61,,3012,84231.1,,91,3152.08,,2816,509372.09,,1072,253649.7,,2647,583716.54,,1241,179305.25,,,,,,,,,,,20,185.28,19,*,,,*,,72.253521126761,85,205,152,55,368,129,62,262,19,137,0,17,302,195,1.7747878123198
1285623603,Corinaldi,Chalene,,M.D.,I,155 Crystal Run Rd,,Middletown,NY,36,10941,1,"Metropolitan area core: primary flow within an urbanized area of 50,000 and greater",US,Emergency Medicine,NPPES-Specialty,1199,1310.06,265192.98,36727,42,,1199,1310.06,265192.98,36727,,42,,319,229228.77,,864,35175.4,,16,788.81,,44,3098.15,,1155,262094.83,,1144,255031.84,,55,10161.14,23,2791.92,467,,1.9182652210175,13,2479.96,286,,56.521739130435,,,,,34,965.12,*,,84.619047619048,0,,,19,28,14,38,,,0,0,0,,,0.99472222222222
1285628321,Venerus,Bryan,J,MD,I,140 Burwell St,Suite 310,Little Falls,NY,36,13365,7,"Small town core: primary flow within an urban cluster of 2,500 to 9,999",US,Emergency Medicine,Claim-Specialty,9578,9609.09,851078.08,227409,410,,8907,8935.76,752107.55,212643,,382,,2186,641875.57,,7348,206022.62,,44,3179.89,,4420,392829.49,,5158,458248.59,,8978,797337.29,,600,53740.79,252,6277.44,4656,101,2.6310294424723,11,1215.99,330,,4.3650793650794,211,11703.24,111,,291,92783.09,,69,79.643902439024,28,105,132,145,271,139,378,,,,0,11,363,47,2.4554201335865
1285655696,Cheng,Jenny,,M.D.,I,139 Centre St Ste 608,,New York,NY,36,10013,1,"Metropolitan area core: primary flow within an urbanized area of 50,000 and greater",US,Internal Medicine,Claim-Specialty,8367,17424.7,1599977.8,507898,407,,8272,17305.3,1595881.46,504564,"#",,,1271,1343958.93,,6948,251785.35,,148,4233.52,,7637,1449238.14,,730,150739.66,,7549,1525043.18,,818,74934.62,,,,,,,,,,,42,416.7,30,,0,0,*,,73.692874692875,,,,,256,151,0,,390,,0,,337,70,0.85434979502338
1285677161,Frieary,Patrick,M,MD,I,100 High St,Mdc Clinic,Buffalo,NY,36,14203,1,"Metropolitan area core: primary flow within an urbanized area of 50,000 and greater",US,Internal Medicine,Claim-Specialty,2999,4834.5,272397.31,139213,324,,2255,3689.39,180653.06,106227,,250,,400,187662.81,,2528,78154.75,,71,6579.75,,2432,227050.73,,567,45346.58,,2091,225102.56,,908,47294.75,410,36088.73,11491,73,13.671223741247,56,24419.29,1680,,13.658536585366,36,5649.57,24,*,,,*,,70.524691358025,74,149,60,41,200,124,146,145,,25,,,214,110,1.6954826386999
1285681643,Serje,Jorge,,M.D.,I,362 9th St,,Brooklyn,NY,36,11215,1,"Metropolitan area core: primary flow within an urbanized area of 50,000 and greater",US,Internal Medicine,Claim-Specialty,10419,20220.57,1971970.2,595904,588,,9491,18664.33,1775306.54,550285,,535,,2130,1558632.29,,7996,399747.08,,293,13590.83,,7492,1393738.5,,2927,578231.7,,7917,1606207.51,,2502,365762.69,54,1489.6,1448,18,0.51828390440541,0,0,0,0,0,158,18282.73,115,,55,728.38,,11,75.212585034014,53,233,193,109,346,242,42,37,,494,0,,363,225,1.4114658240464
1285690008,Jupudy,Venkata,R,M.D.,I,12845 Broadway,,Alden,NY,36,14004,1,"Metropolitan area core: primary flow within an urbanized area of 50,000 and greater",US,Internal Medicine,Claim-Specialty,12732,28420.82,1461693.2,826571,797,,11384,25764.88,1280751.06,750750,,712,,1659,1220422.21,,10952,237104.89,,121,4166.1,,10175,1078400.57,,2557,383292.63,,2722,409560.8,,10010,1052132.4,75,482.83,1108,40,0.58906691800189,0,0,0,0,0,399,5120.18,240,,36,491.82,*,,73.021329987453,85,384,242,86,409,388,752,,,,0,30,128,669,1.2192120082761
1285717181,Prasad,Anita,,F.N.P.,I,4418 E. Ridge Road,,Williamson,NY,36,14589,2,"Metropolitan area high commuting: primary flow 30% or more to a urbanized area of 50,000 and greater",US,Nurse Practitioner,Claim-Specialty,5078,10058.05,520919.78,286289,479,,4516,9166.52,462983.84,261966,,430,,644,402630.77,,4390,115443.95,,44,2845.06,,3979,396919.46,,1099,124000.32,,1191,130046.86,,3887,390872.92,129,2798.81,2438,28,2.5403702244978,,,,,,137,1369.21,101,,30,2569.38,*,,73.073068893528,49,231,143,56,287,192,435,20,,,0,19,98,381,1.1223833206307
1285734681,Shuja,Mohammed,T,M.D,I,"2015, Grand Concourse",,Bronx,NY,36,10453,1,"Metropolitan area core: primary flow within an urbanized area of 50,000 and greater",US,Internal Medicine,Claim-Specialty,9367,18057.53,1280528.9,530798,790,,8023,15800.62,1046727.15,465522,,690,,1661,1115278.34,,7446,158751.48,,260,6499.08,,7221,993981.77,,2146,286547.13,,5625,870415.59,,3742,410113.31,17,77.5,418,,0.18148820326679,0,0,0,,0,49,373.32,39,*,,,*,,72.786075949367,100,361,246,83,443,347,60,281,34,382,,,402,388,1.517206299757
1285753954,Pastore,Nicole,,PA,I,7375 Oswego Rd,,Liverpool,NY,36,13090,1,"Metropolitan area core: primary flow within an urbanized area of 50,000 and greater",US,Physician Assistant,Claim-Specialty,4580,10131.94,431294.44,294028,382,,4423,9856.35,415385.58,286357,,365,,553,341205.06,,3987,89217.73,,40,871.65,,3596,358530.48,,984,72763.96,,513,92538.25,,4067,338756.19,60,607.16,1395,20,1.3100436681223,0,0,0,0,0,126,900.98,95,,32,285.4,*,,73.816753926702,17,210,108,47,208,174,351,,0,,,16,27,355,0.98890881326353
1285864983,Xu,Mingzhu,,MD,I,139 Centre St Ste 715a,,New York,NY,36,10013,1,"Metropolitan area core: primary flow within an urbanized area of 50,000 and greater",US,Internal Medicine,Claim-Specialty,12147,16097.01,1785778.15,449528,278,,11906,15680.28,1733333.68,437870,"#",,,2162,1231452.82,,9762,550414.71,,223,3910.62,,12027,1779556.35,,120,6221.8,,12068,1783489.27,,79,2288.88,,,,,,,,,,,300,1437.26,144,*,,,*,,70.402877697842,,,,,141,137,,,271,,0,,,,0.91225689448441
1285917252,Mann,Peggy,A,PHARM.D.,I,40 S Erie St,,Mayville,NY,36,14757,10,"Rural areas: primary flow to a tract outside a urbanized area of 50,000 and greater or UC",US,Pharmacist,NPPES-Taxonomy,522,522,130999.66,531,428,"#",,,,,"#",,,520,130982.43,*,,,"#",,,,47,11074.25,,475,119925.41,,30,7134.3,,492,123865.36,0,0,0,0,0,0,0,0,0,,,,,*,,,*,,73.894859813084,,,,,233,195,400,,,11,,12,20,408,0.7280403396634
1285918185,Chowdhury,Mustaque,A,,I,6420 Saunders St Apt. D8,,Rego Park,NY,36,11374,1,"Metropolitan area core: primary flow within an urbanized area of 50,000 and greater",US,Pharmacist,NPPES-Taxonomy,186,186,54368.4,186,176,,186,186,54368.4,186,,176,,185,54354,*,,,"#",,,,77,22365.86,,109,32002.54,,36,10413.05,,150,43955.35,0,0,0,0,0,0,0,0,0,,0,0,0,,0,0,,0,74.948863636364,0,95,60,21,100,76,139,,,,0,16,33,143,1.0157618648534
1285919068,Yin,Xiaoqin,S,D.O.,I,13620 38th Ave Ste 6f,,Flushing,NY,36,11354,1,"Metropolitan area core: primary flow within an urbanized area of 50,000 and greater",US,Family Practice,Claim-Specialty,53041,56812.33,8699804.9899998,1619672,632,,52196,55958.19,8536138.0499998,1595204,"#",,,11742,6442405.46,,39899,2226546.59,,1400,30852.94,,52399,8644182.4499998,,642,55622.54,,52547,8684678.8299998,,494,15126.16,0,0,0,0,0,0,0,0,0,,995,4640.25,403,,194,4479.08,*,,72.550632911392,,,,,360,272,,,610,,0,14,610,22,1.1126782904332
1285951806,Wise,Allyson,,D.O.,I,2212 Penfield Rd,Suite 100,Penfield,NY,36,14526,1,"Metropolitan area core: primary flow within an urbanized area of 50,000 and greater",US,Family Practice,Claim-Specialty,7942,17469.81,824379.55,506220,950,,6953,15678.04,710117.38,455893,,873,,837,638314.91,,7038,180126.94,,67,5937.7,,6552,678063.07,,1390,146316.48,,1864,211525.92,,6078,612853.63,257,11012.74,6185,69,3.2359607151851,41,5236.6,1228,,15.953307392996,250,4826.81,129,,42,1007.32,*,,73.633684210526,77,438,320,115,584,366,857,18,19,13,0,43,151,799,1.0313324629934
1285977421,Gardner,Courtney,R,MD,I,60 Greece Center Dr Ste 4,,Rochester,NY,36,14612,1,"Metropolitan area core: primary flow within an urbanized area of 50,000 and greater",US,Internal Medicine,Claim-Specialty,2804,6314.45,183412.46,183786,280,,2534,5916,157826.76,172928,,254,,258,120076.45,,2516,62045.24,,30,1290.77,,2435,144434.08,,369,38978.38,,310,21836.21,,2494,161576.25,,,,,,,,,,,44,521.8,34,*,,,*,,70.810714285714,26,167,60,27,170,110,250,,,,0,18,31,249,0.97409078054238
1295113041,Cummings,Ryan,M,M.D.,I,777 Clinton Ave S,,Rochester,NY,36,14620,1,"Metropolitan area core: primary flow within an urbanized area of 50,000 and greater",US,Family Practice,Claim-Specialty,3226,5149.97,307983.41,145582,206,,2032,3388.02,189493.53,96128,,136,,371,233710.16,,2815,72973.33,,40,1299.92,,2507,238633.58,,719,69349.83,,2347,243005.73,,879,64977.68,167,3917.08,4668,30,5.1766893986361,30,409.51,900,,17.964071856287,42,335.3,27,,25,2100.81,*,,65.97572815534,70,89,,,133,73,104,75,,13,0,,129,77,1.3014769754018
1295124840,Gaspard,Jean-Charles,,ANP-BC,I,418 Stanhope St,,Brooklyn,NY,36,11237,1,"Metropolitan area core: primary flow within an urbanized area of 50,000 and greater",US,Nurse Practitioner,Claim-Specialty,1092,1407.61,428518.59,38793,162,,648,883.64,170553.04,24264,,122,"#",,,,794,156522.14,*,,,,984,341815.11,,108,86703.48,,1056,423446.34,,36,5072.25,12,105.34,222,,1.0989010989011,0,0,0,,0,40,344.46,27,*,,,*,,70.006172839506,40,63,45,14,113,49,,17,0,141,0,,,,1.4651100381281
1295256584,Giwa-Amu,Obafemi,O,M.D.,I,99 E State St,,Gloversville,NY,36,12078,4,"Micropolitan area core: primary flow within an urban cluster of 10,000 to 49,999",US,Family Practice,Claim-Specialty,5830,14268.77,860533.85,417726,531,,5250,13056.03,770217.11,382721,,460,,881,749749.29,,4903,109596.98,,46,1187.58,,4670,687682.5,,1160,172851.35,,1419,276310.04,,4411,584223.81,72,656.68,1443,24,1.2349914236707,0,0,0,0,0,74,11189.95,45,,25,475.51,*,,73.218455743879,71,208,182,70,229,302,510,,,,0,11,131,400,1.1466042991286
1295268522,Kaur,Harjit,,D.O,I,85 High St,,Buffalo,NY,36,14203,1,"Metropolitan area core: primary flow within an urbanized area of 50,000 and greater",US,Family Practice,Claim-Specialty,7604,17599.5,897023.81,517644,591,,7131,16616.56,834567.83,488860,,552,,1024,750018.78,,6467,139414.16,,113,7590.87,,5457,586033.46,,2147,310990.35,,2318,331995.95,,5286,565027.86,38,537.32,379,16,0.49973698053656,,,,,,111,1256.73,85,*,,,*,,75.664974619289,39,246,201,105,421,170,222,329,,18,,17,135,456,1.5752580009301
1295305720,Goldhar,Laura,M,PA,I,38 Hospital Dr,,Massena,NY,36,13662,4,"Micropolitan area core: primary flow within an urban cluster of 10,000 to 49,999",US,Physician Assistant,Claim-Specialty,2469,4885.11,272752.45,136688,395,,1956,4007.94,215778.67,112034,,341,,308,215606.98,,2140,56703.93,,21,441.54,,1582,173340.69,,887,99411.76,,1176,152506.86,,1293,120245.59,112,4258.99,2821,43,4.5362494937222,20,2002.91,524,,17.857142857143,126,6907.08,96,*,,,*,,73.784810126582,54,154,118,69,257,138,372,,,,,,154,241,1.6337906024984
1295312650,Kwak,Taehee,,MD,I,3475 Third Ave,,Bronx,NY,36,10456,1,"Metropolitan area core: primary flow within an urbanized area of 50,000 and greater",US,Family Practice,NPPES-Specialty,3676,4246.5,352615.88,122939,260,,2883,3311.13,264310.5,96070,,203,,623,307618.59,,2937,42871.52,,116,2125.77,,3381,325475.91,,295,27139.97,,3385,346684.57,,291,5931.31,,,,,,,,,,,24,147.65,18,*,,,*,,69.846153846154,57,117,64,22,143,117,,41,,203,0,,234,26,1.1828048358651
1295437614,Chan,Chui,,,I,929 Arsenal St,,Watertown,NY,36,13601,1,"Metropolitan area core: primary flow within an urbanized area of 50,000 and greater",US,Pharmacist,NPPES-Taxonomy,26,26,7582.54,26,26,"#",,,,,"#",,,26,7582.54,,0,0,,0,0,,11,3212.85,,15,4369.69,*,,,"#",,,0,0,0,0,0,0,0,0,0,,0,0,0,*,,,*,,74.384615384615,,,,,15,11,26,0,0,0,0,0,,,1.0465
1295447068,Armanious,Mark,,,I,2391 Richmond Ave Ste 3,,Staten Island,NY,36,10314,1,"Metropolitan area core: primary flow within an urbanized area of 50,000 and greater",US,Pharmacist,NPPES-Taxonomy,95,95,24839.67,95,85,"#",,,,,"#",,,95,24839.67,,0,0,,0,0,,30,7776.58,,65,17063.09,,21,5134.74,,74,19704.93,0,0,0,0,0,0,0,0,0,,0,0,0,*,,,*,,73.952941176471,,,,,48,37,50,,13,11,0,,16,69,1.1487373426667
1295701191,Salamone,Jane,I,MD,I,2350 Ridgeway Ave,,Rochester,NY,36,14626,1,"Metropolitan area core: primary flow within an urbanized area of 50,000 and greater",US,Internal Medicine,Claim-Specialty,580,941.03,67807.19,23279,243,,528,879.77,61170.68,22370,,209,"#",,,,392,7285.05,*,,,,469,53478.3,,111,14328.89,,113,24927.03,,467,42880.16,,,,,,,,,,,35,686.73,29,,0,0,,0,72.670781893004,34,105,76,28,167,76,169,32,,32,0,,76,167,1.285822150924
1295710358,Duffy,John,S,MD,I,39 West Main Street,,Canton,NY,36,13617,7,"Small town core: primary flow within an urban cluster of 2,500 to 9,999",US,Family Practice,Claim-Specialty,10182,18544.86,864104.49,539171,531,,8167,15613.88,731138.68,454644,,450,,900,624691.87,,9175,234650.59,,107,4762.03,,4040,344751.29,,6142,519353.2,,4942,481485.77,,5240,382618.72,117,2339.45,3012,34,1.1490866234532,,,,,,455,6422.96,200,,79,17863.26,*,,71.65725047081,81,260,150,40,210,321,489,11,0,,,22,166,365,1.1099045825486
1295712594,Gupta,Anita,,M.D.,I,111 Clock Tower Commons,,Brewster,NY,36,10509,1,"Metropolitan area core: primary flow within an urbanized area of 50,000 and greater",US,Internal Medicine,Claim-Specialty,8454,20412.74,857339.11,603111,815,,8078,19735.05,771810.37,583330,,774,,808,676785.6,,7606,179321.43,,40,1232.08,,2887,252937.4,,5567,604401.71,,1454,233630.86,,7000,623708.25,119,2888.01,3361,26,1.4076176957653,13,1176.97,390,,10.924369747899,156,1667.6,132,,38,766.27,*,,75.840490797546,41,339,296,139,572,243,716,20,15,37,0,27,104,711,1.1668830956237
1295732964,Gerringer,Michael,,M.D.,I,10 Cranberry Dr,,Hopewell Junction,NY,36,12533,1,"Metropolitan area core: primary flow within an urbanized area of 50,000 and greater",US,Internal Medicine,Claim-Specialty,11103,27428.35,834666.11,806428,1027,,10422,26045.24,786961.61,766218,,969,,837,552475.2,,10181,277823.32,,85,4367.59,,5178,340346.2,,5925,494319.91,,994,92242.89,,10109,742423.22,223,5916.16,3758,62,2.0084661803116,,,,,,265,4222.53,166,,60,4094.55,,16,75.386562804284,58,429,382,158,476,551,916,14,24,27,0,46,64,963,1.1912884600443
1295751246,Goldberg,David,M,M.D.,I,700 White Plains Rd Ste 270,,Scarsdale,NY,36,10583,1,"Metropolitan area core: primary flow within an urbanized area of 50,000 and greater",US,Internal Medicine,Claim-Specialty,9248,20817.24,916592.43,597924,982,,9113,20608.24,855275.03,592466,"#",,,978,690828.68,,8197,224492.23,,73,1271.52,,1049,163951.94,,8199,752640.49,,537,206630.18,,8711,709962.25,175,3353.18,2834,41,1.8923010380623,14,906.98,600,,8,448,4821.14,264,,30,3044.88,*,,75.720977596741,,,,,517,465,844,21,19,,,92,29,953,0.84935574330746
1295752863,Capulla,Eric,M,M.D,I,110 W 97th St,,New York,NY,36,10025,1,"Metropolitan area core: primary flow within an urbanized area of 50,000 and greater",US,Internal Medicine,Claim-Specialty,4897,13145.25,775893.06,386505,443,,4748,12806.17,672248.51,376791,,426,,390,673240.12,,4426,100772.64,,81,1880.3,,4832,763787.3,,65,12105.76,,773,347457.49,,4124,428435.57,93,1928.83,1426,34,1.8991219113743,0,0,0,0,0,68,870.37,45,*,,,*,,74.758465011287,17,215,159,52,162,281,182,38,124,66,0,33,65,378,1.1105665795399
1295754786,Lu,Bing,,MD,I,821 45th St Ste 101,,Brooklyn,NY,36,11220,1,"Metropolitan area core: primary flow within an urbanized area of 50,000 and greater",US,Internal Medicine,Claim-Specialty,8519,10680.57,749314.87,312093,546,,8346,10387.31,731256.48,303479,,528,,1177,604749.83,,7176,140993.45,,166,3571.59,,7667,637198.22,,852,112116.65,,8239,726188.04,,280,23126.83,0,0,0,0,0,0,0,0,0,,94,577.12,64,*,,,*,,73.117216117216,18,338,139,51,291,255,,0,509,25,0,,523,23,1.1145171925003
1295758860,Barnes,Steven,,DO,I,113 Main St,,Silver Creek,NY,36,14136,7,"Small town core: primary flow within an urban cluster of 2,500 to 9,999",US,Internal Medicine,Claim-Specialty,21138,41313.47,2582845.06,1180486,1091,,17078,34652.15,1974116.48,991553,,914,,2992,2146347.14,,17879,421902.51,,267,14595.41,,15360,1862922.39,,5778,719922.67,,8211,1268915.71,,12927,1313929.35,980,23715.66,22761,166,4.6362002081559,63,2134.21,1853,11,6.4285714285714,674,59364.13,352,,176,35305.31,,39,72.353803849679,177,470,319,125,577,514,1020,,,28,,29,382,709,1.3550600219824
1295764538,Symer,Donald,G,M.D.,I,959 Panorama Trl S Ste 100,,Rochester,NY,36,14625,1,"Metropolitan area core: primary flow within an urbanized area of 50,000 and greater",US,Internal Medicine,Claim-Specialty,8099,17446.83,718901.41,509256,682,,7416,16213.67,620585.36,473356,,645,,862,511177.38,,7149,205822.35,,88,1901.68,,6759,597501.81,,1340,121399.6,,1540,197651.42,,6559,521249.99,293,37696.88,8788,44,3.6177305840227,69,30003.6,2275,,23.549488054608,168,1439.51,98,,11,277.45,*,,74.91495601173,37,314,234,97,362,320,605,28,,11,,35,76,606,1.0715753075782
1295765378,Bae,Kunil,,MD,I,15408 Northern Blvd,Ste 2i,Flushing,NY,36,11354,1,"Metropolitan area core: primary flow within an urbanized area of 50,000 and greater",US,Internal Medicine,Claim-Specialty,22318,41191.35,2709084.83,1227869,1220,,22038,40751.56,2678475.93,1214715,,1205,,2764,2353808.48,,19189,342889.95,,365,12386.4,,20334,2417941.53,,1984,291143.3,,18524,2481481.52,,3794,227603.31,43,454.24,845,16,0.19266959404965,0,0,0,0,0,63,792.94,48,,28,315.72,*,,72.963114754098,15,772,339,94,604,616,,,1122,,0,80,857,363,0.88873506373441
1295796464,Rozo,Alberto,,D.O.,I,9033 Elmhurst Ave,,Jackson Heights,NY,36,11372,1,"Metropolitan area core: primary flow within an urbanized area of 50,000 and greater",US,Internal Medicine,Claim-Specialty,25091,57990.7,3551897.49,1690980,2483,,23493,54626.14,3212749.47,1593534,,2301,,3423,2973506.18,,21104,562464.98,,564,15926.33,,23377,3264590.3,,1714,287307.19,,21207,3257793.01,,3884,294104.48,54,605.32,823,25,0.21521661153402,,,,,,741,9110.98,536,,26,1257.73,,11,73.575916230366,182,1255,779,267,1472,1011,130,,32,2258,,33,1946,537,1.1120202660623
1295797462,Wiedeman,Beth,T,MD.,I,4000 Medical Center Dr,Suite 104,Fayetteville,NY,36,13066,1,"Metropolitan area core: primary flow within an urbanized area of 50,000 and greater",US,Family Practice,Claim-Specialty,7240,14351.98,713055.22,417641,521,,5912,11967.5,494405.38,348139,,461,,930,571544.69,,6233,138325.09,,77,3185.44,,4498,490672.67,,2742,222382.55,,2327,340994.12,,4913,372061.1,138,2880.9,3546,30,1.9060773480663,,,,,,151,1455.21,104,,41,4657.96,*,,72.833013435701,60,239,161,61,387,134,456,29,,,,21,114,407,0.90848704414587
1295797686,Friedman,Fredy,,M.D.,I,620 Foster Ave,Suite 200,Brooklyn,NY,36,11230,1,"Metropolitan area core: primary flow within an urbanized area of 50,000 and greater",US,Internal Medicine,NPPES-Specialty,11148,14030.04,1679119.3,405384,418,,7938,10633.23,1359545.85,308631,,323,,1861,1309014.07,,9142,364483.04,,145,5622.19,,3761,713528.29,,7387,965591.01,,9100,1381052.22,,2048,298067.08,65,486.42,1124,24,0.58306422676713,0,0,0,0,0,260,5388.92,147,,74,5099.95,*,,67.854066985646,95,215,81,27,177,241,348,25,11,,,27,262,156,1.1054820444826
1295906832,Gohel,Jagruti,P,MD,I,111 Maltese Dr,,Middletown,NY,36,10940,1,"Metropolitan area core: primary flow within an urbanized area of 50,000 and greater",US,Family Practice,Claim-Specialty,19845,32005.46,2018850.61,929795,994,,14478,24845.48,1457497.2,723515,,801,,2539,1675816.15,,17229,337832.18,,77,5202.28,,13297,1253992.74,,6548,764857.87,,11286,1272942.79,,8559,745907.82,1111,47476.43,31369,144,5.5983875031494,91,20660.7,2730,,8.1908190819082,483,11045.51,341,,98,7028.43,,19,70.677062374245,193,429,291,81,609,385,659,101,42,157,,,398,596,1.2931557435182
1295914869,Kohanbash,Leon,,MS-FNP,I,445 Park Ave,,Brooklyn,NY,36,11205,1,"Metropolitan area core: primary flow within an urbanized area of 50,000 and greater",US,Nurse Practitioner,Claim-Specialty,2329,2691.92,406204.81,78088,137,,1947,2242.88,345030.38,65394,,112,,519,333115.26,,1767,71737.65,,43,1351.9,,1695,284193.5,,634,122011.31,,2037,331334.97,,292,74869.84,26,110.8,343,,1.1163589523401,0,0,0,,0,74,2962.4,36,*,,,*,,70.824817518248,25,67,34,11,88,49,42,26,,60,0,,113,24,1.4345328467153
1295939494,Li,Yiding,,M.D.,I,5115 7 Ave.1st Fl,1st Fl,Brooklyn,NY,36,11220,1,"Metropolitan area core: primary flow within an urbanized area of 50,000 and greater",US,Family Practice,Claim-Specialty,6322,12404.08,1269399.48,361841,197,,6125,12005.42,1240622.81,350342,"#",,,1063,1050280.85,,5078,216658.76,,181,2459.87,,6131,1242139.04,,191,27260.44,,6190,1265313.51,,132,4085.97,15,84.51,374,,0.23726668775704,0,0,0,,0,73,367.03,55,,82,2947.05,*,,70.92385786802,,,,,95,102,,,186,,0,0,,,1.1653816822859
1306011788,Rowe,Amy,S,P.A.,I,1425 Portland Ave,,Rochester,NY,36,14621,1,"Metropolitan area core: primary flow within an urbanized area of 50,000 and greater",US,Physician Assistant,NPPES-Specialty,2396,3462.84,342669.09,90193,186,,2149,3117.59,307242.34,80972,,171,,410,215187.49,,1962,125409.58,,24,2072.02,,2396,342669.09,,0,0,,2396,342669.09,,0,0,52,766.04,955,17,2.1702838063439,,,,,,39,632.79,25,,49,15975.99,,12,75.155913978495,15,80,65,26,121,65,86,65,,29,0,,186,0,3.2119408945399
1306016951,Wooden,Roger,,MD,I,101 Pennsylvania Avenue,,Brooklyn,NY,36,11207,1,"Metropolitan area core: primary flow within an urbanized area of 50,000 and greater",US,Internal Medicine,Claim-Specialty,6900,17516.48,814461.11,521130,996,,6338,16279.98,757021.53,484678,,914,,847,650198.42,,5859,154994.78,,194,9267.91,,4895,586934.58,,2005,227526.53,,1984,285107.37,,4916,529353.74,0,0,0,0,0,0,0,0,0,,28,233.24,26,,19,950.27,*,,74.581325301205,82,435,340,139,665,331,41,817,,95,,33,271,725,1.3569081973465
1306024385,Nguyen,Anh-Thu,,,I,661 8th Ave,,New York,NY,36,10036,1,"Metropolitan area core: primary flow within an urbanized area of 50,000 and greater",US,Pharmacist,NPPES-Taxonomy,13,13,4122.17,42,13,,13,13,4122.17,42,,13,,13,4122.17,,0,0,,0,0,*,,,*,,,*,,,"#",,,0,0,0,0,0,0,0,0,0,,0,0,0,,0,0,,0,77.461538461538,0,,,,,,,,0,,0,,,,1.79
1306029228,Mcgaugh,Terrance,J,,I,95 Nelson St,,Cazenovia,NY,36,13035,2,"Metropolitan area high commuting: primary flow 30% or more to a urbanized area of 50,000 and greater",US,Pharmacist,NPPES-Taxonomy,109,109,28565.51,109,99,"#",,,,,"#",,,109,28565.51,,0,0,,0,0,,63,16352.32,,46,12213.19,*,,,"#",,,0,0,0,0,0,0,0,0,0,,0,0,0,*,,,*,,73.585858585859,,,,,52,47,87,,,,0,,,,0.97152356902357
1306195078,Wagner,Patricia,A,ANP,I,3980 Sheridan Dr,,Amherst,NY,36,14226,1,"Metropolitan area core: primary flow within an urbanized area of 50,000 and greater",US,Nurse Practitioner,Claim-Specialty,10821,25598.08,913172,759080,1407,,10093,24193.69,835953.93,718243,,1320,,1209,671201.49,,9506,237086.97,,106,4883.54,,8712,727117.38,,2109,186054.62,,1760,178816.69,,9061,734355.31,116,4943.53,3134,64,1.0719896497551,17,2544.85,510,,14.655172413793,67,487.97,61,,54,1541.03,,13,74.557924662402,87,673,452,195,740,667,1298,25,,24,,58,172,1235,1.0877881354971
1306255864,Ienco,Gina,,,I,1 Park Ave,,New York,NY,36,10016,1,"Metropolitan area core: primary flow within an urbanized area of 50,000 and greater",US,Pharmacist,NPPES-Taxonomy,19,19,3522.99,19,19,,19,19,3522.99,19,,19,,19,3522.99,,0,0,,0,0,*,,,"#",,,,0,0,,19,3522.99,0,0,0,0,0,0,0,0,0,,0,0,0,,0,0,,0,74.421052631579,0,,,,,,18,,0,0,0,,0,19,0.88915789473684
1306810270,Crepet,Ruth,C,MD,I,1780 Hanshaw Rd,,Ithaca,NY,36,14850,1,"Metropolitan area core: primary flow within an urbanized area of 50,000 and greater",US,Internal Medicine,Claim-Specialty,8709,19954.64,1130496.65,580435,719,,8143,19057.68,1061831.83,555266,,677,,1173,935563.37,,7485,192892.09,,51,2041.19,,4962,590773.6,,3747,539723.05,,1985,264510.17,,6724,865986.48,239,7650.52,5945,53,2.7442875186589,31,3789.91,907,,12.970711297071,148,4089.19,103,,22,4267.22,*,,73.909596662031,42,342,262,73,534,185,656,18,11,,,29,117,602,0.91487734354531
1306827142,Stringer,Jon,C,M.D.,I,4500 Pewter Ln Bldg 2,,Manlius,NY,36,13104,1,"Metropolitan area core: primary flow within an urbanized area of 50,000 and greater",US,Internal Medicine,Claim-Specialty,4447,8802.54,691757.59,255145,190,,4384,8676.87,636979.48,251582,"#",,,756,579024.25,,3668,112235.11,,23,498.23,,2287,348463.07,,2160,343294.52,,304,95258.22,,4143,596499.37,156,9904.58,4372,31,3.5079829098268,41,6836.71,1153,,26.282051282051,118,3762.95,57,,54,2686.89,*,,81.321052631579,,,,,93,97,172,,,,0,11,,,1.3170162280702
1306836929,Boakye,Samuel,W,MD,I,2891 Route 22,,Patterson,NY,36,12563,1,"Metropolitan area core: primary flow within an urbanized area of 50,000 and greater",US,Family Practice,NPPES-Specialty,703,799.8,258619.75,18397,217,,618,713,256477.08,16955,,155,,139,231974.4,,525,26264.54,,39,380.81,,278,28840.23,,425,229779.52,,515,254532.85,,188,4086.9,0,0,0,0,0,0,0,0,0,,87,1391.35,87,,0,0,,0,64.847926267281,62,123,,,147,70,163,32,,12,0,,75,142,0.95850499231951
1306867494,Herman,Amir,,D.O.,I,554 Larkfield Rd,Suite 101,East Northport,NY,36,11731,1,"Metropolitan area core: primary flow within an urbanized area of 50,000 and greater",US,Family Practice,Claim-Specialty,4477,10483.58,346374.26,301262,564,,4224,9983.48,333623.73,287163,,533,,448,257279.95,,4002,88084.44,,27,1009.87,,832,62832.65,,3645,283541.61,,456,43149.75,,4021,303224.51,36,2389.06,516,18,0.80410989501899,,,,,,207,3771.37,137,,0,0,,0,76.193262411348,31,228,177,128,293,271,518,,,13,0,19,46,518,1.1165936224375
1306871595,Donohue,Robert,J,M.D.,I,2125 River Rd Ste 103,,Niskayuna,NY,36,12309,1,"Metropolitan area core: primary flow within an urbanized area of 50,000 and greater",US,Internal Medicine,Claim-Specialty,16336,30947.12,1416107.6,893087,1159,,15998,30362.01,1381857.87,876055,,1130,,2245,1094757.36,,13924,316243.34,,167,5106.9,,11854,1081288.74,,4482,334818.86,,2449,200711.23,,13887,1215396.37,331,5880.52,7132,80,2.0261998041136,21,544.07,628,,6.3444108761329,241,7775.42,147,,153,6067.02,,33,77.696289905091,29,436,425,269,614,545,1097,12,,,0,38,112,1047,1.1019548001544
1306924519,Klein,Daniel,P,M.D.,I,229 E 79th St,1a,New York,NY,36,10021,1,"Metropolitan area core: primary flow within an urbanized area of 50,000 and greater",US,Internal Medicine,Claim-Specialty,5243,11277.85,619388.66,327812,415,,4816,10504.32,548567.87,305817,,394,,797,517139.72,,4411,100213.62,,35,2035.32,,2190,224604.88,,3053,394783.78,,1490,183844.33,,3753,435544.33,62,787.96,932,15,1.1825290864009,0,0,0,0,0,86,2393.77,57,,22,1095.23,*,,76.751807228916,21,148,162,84,232,183,228,84,13,64,0,26,88,327,1.4697143536504
1306947957,Tikko,Suraj,K,MD,I,161 Madison Ave,Suite 10e,New York,NY,36,10016,1,"Metropolitan area core: primary flow within an urbanized area of 50,000 and greater",US,Internal Medicine,Claim-Specialty,9333,10387.37,682126.23,274360,232,,9258,10261.07,675222.26,270953,"#",,,1478,490941.13,,7833,190094.61,,22,1090.49,,4876,360561.7,,4457,321564.53,,5470,450955.66,,3863,231170.57,37,464.8,447,,0.3964427300975,,,,,,209,3513.59,89,,403,78695.31,*,,84.491379310345,,,,,152,80,165,31,11,17,,,113,119,1.8479423076365
1306984810,Liu,Zova,,,I,4500 Parsons Blvd,,Flushing,NY,36,11355,1,"Metropolitan area core: primary flow within an urbanized area of 50,000 and greater",US,Internal Medicine,Claim-Specialty,22058,29803.48,3979532.3,848840,484,,21391,28900.01,3878026.5,823608,,472,,5155,3395970.51,,16415,569164.98,,488,14396.81,,21184,3802799.81,,874,176732.49,,20355,3754416.08,,1703,225116.22,,,,,,,,,,,736,4943.63,290,,223,4373.84,,40,73.832644628099,12,282,136,54,274,210,,,448,16,0,11,408,76,1.1028905922383
1306986351,Siu,Singmay,,M.D.,I,5613 7th Ave,,Brooklyn,NY,36,11220,1,"Metropolitan area core: primary flow within an urbanized area of 50,000 and greater",US,Internal Medicine,Claim-Specialty,31941,39335.67,3655309.05,1141909,730,,31415,38717.66,3560789.85,1123908,,710,,5828,2927336.63,,25533,718611.98000001,,580,9360.44,,30445,3501318.29,,1496,153990.76,,31412,3624890.99,,529,30418.06,,,,,,,,,,,710,3326.36,347,,23,177.45,*,,72.930136986301,20,462,185,63,368,362,,0,716,,0,,701,29,0.95786830633526
1316032444,Federico-Fields,Patricia,A,GNP/ANP,I,5901 Lac De Ville Blvd.,,Rochester,NY,36,14618,1,"Metropolitan area core: primary flow within an urbanized area of 50,000 and greater",US,Nurse Practitioner,Claim-Specialty,12556,15104.39,1036415.73,430633,731,,11726,14142.81,979590.18,403438,,699,,1554,743230.36,,10828,284492.84,,174,8692.53,,9143,714425.54,,3413,321990.19,,5025,500598.29,,7531,535817.44,295,10504.21,7278,67,2.3494743548901,42,6128.56,1225,,14.237288135593,157,2617,90,,275,11606.72,,65,84.648426812585,32,90,187,422,511,220,680,22,,14,,11,213,518,1.8484135850155
1316047434,Johnson Stuber,Genevieve,,DO,I,500 Island Cottage Rd,,Rochester,NY,36,14612,1,"Metropolitan area core: primary flow within an urbanized area of 50,000 and greater",US,Family Practice,Claim-Specialty,4794,10445.02,699456.28,304325,729,,3801,8845.85,568576.66,258565,,590,,604,581475.46,,4104,114025.14,,86,3955.68,,4115,595799.9,,679,103656.38,,1823,255983.57,,2971,443472.71,156,3597.36,3575,41,3.2540675844806,,,,,,67,3231.13,47,,21,821.11,*,,70.211248285322,139,353,185,52,459,270,611,35,,30,,35,213,516,1.0435637449418
1316083959,Bosio,Franklin,,RPH,I,150 Route 25a,,Mount Sinai,NY,36,11766,1,"Metropolitan area core: primary flow within an urbanized area of 50,000 and greater",US,Pharmacist,NPPES-Taxonomy,12,12,3682.01,12,12,,12,12,3682.01,12,,12,,12,3682.01,,0,0,,0,0,,0,0,,12,3682.01,,0,0,,12,3682.01,0,0,0,0,0,0,0,0,0,,0,0,0,,0,0,,0,77,0,,,,,,,0,0,,0,,0,12,1.8465
1316109002,Win,Yin,Y,MD,I,128 Mott St Ste 601,,New York,NY,36,10013,1,"Metropolitan area core: primary flow within an urbanized area of 50,000 and greater",US,Internal Medicine,Claim-Specialty,22333,38972.94,4795341.33,1082126,662,,21409,37194.5,4500168.69,1032388,,636,,5052,4040117.76,,16799,741909.21,,482,13314.36,,21183,4518072.35,,1150,277268.98,,21488,4711175.9,,845,84165.43,,,,,,,,,,,1193,18734.8,430,,106,2564.89,,34,72.345921450151,26,435,143,58,385,277,,,621,13,0,16,593,69,1.104850400583
1316120058,Daigle,Laura,S,PHARMD,I,891 Route 9,,Queensbury,NY,36,12804,1,"Metropolitan area core: primary flow within an urbanized area of 50,000 and greater",US,Pharmacist,NPPES-Taxonomy,199,199,56539.86,199,181,"#",,,,,"#",,,199,56539.86,,0,0,,0,0,,93,26078.65,,106,30461.21,,21,5554.41,,178,50985.45,0,0,0,0,0,0,0,0,0,,0,0,0,*,,,*,,73.817679558011,,,,,92,89,169,0,0,0,0,12,18,163,0.88003842081646
1316124795,Shi,Xiandong,,M.D.,I,4160 Main St Unit 312,,Flushing,NY,36,11355,1,"Metropolitan area core: primary flow within an urbanized area of 50,000 and greater",US,Internal Medicine,Claim-Specialty,53356,63888.52,6587978.9399999,1846688,888,,52458,62918.28,6430866.2099999,1818940,,875,,7727,4457293.98,,44460,2100658.4,,1169,30026.56,,52259,6494961.3599999,,1097,93017.58,,52309,6508486.7999999,,1047,79492.14,,,,,,,,,,,880,8072.2,409,,324,79308.49,,44,72.423423423423,13,586,230,59,453,435,,,858,,0,16,835,53,0.94390221711226
1316153539,Deutchki,Ian,M,M.D.,I,435 E Henrietta Rd,,Rochester,NY,36,14620,1,"Metropolitan area core: primary flow within an urbanized area of 50,000 and greater",US,Family Practice,Claim-Specialty,1797,2311.61,153182.73,59123,257,,1505,1949.29,89113.33,49307,,217,,311,119803.61,,1438,31752.15,,48,1626.97,,1119,94137.3,,678,59045.43,,1606,143822.28,,191,9360.45,28,442.46,699,11,1.5581524763495,0,0,0,0,0,19,203.17,,,34,575.74,*,,73.871595330739,40,87,86,44,146,111,187,50,,,0,,220,37,2.4006870822088
1316183858,Friedrich,Lawrence,W,R.PH.,I,15 Coleman St,,Chatham,NY,36,12037,10,"Rural areas: primary flow to a tract outside a urbanized area of 50,000 and greater or UC",US,Pharmacist,NPPES-Taxonomy,25,25,6541.58,25,24,"#",,,,,"#",,,25,6541.58,,0,0,,0,0,*,,,"#",,,*,,,"#",,,0,0,0,0,0,0,0,0,0,,0,0,0,*,,,*,,73.958333333333,,,,,11,13,21,,0,0,0,,,,0.85908327247166
1316195696,Salazar Moreno,Wayra,,,I,113 Main St,,Silver Creek,NY,36,14136,7,"Small town core: primary flow within an urban cluster of 2,500 to 9,999",US,Internal Medicine,Claim-Specialty,3720,7660.09,417652.48,220506,601,,3447,7253.74,351711.7,209213,,549,,451,344536.45,,3249,72252.73,,20,863.3,,1464,156484.8,,2256,261167.68,,671,136207.85,,3049,281444.63,48,725.67,938,20,1.2903225806452,0,0,0,0,0,94,8827.88,69,,14,285.67,*,,74.161397670549,52,252,223,74,351,250,496,26,,35,,36,109,492,1.1147381181383
1316269798,Yu,Timothy,S,PHARM.D.,I,201 Plaza Rd,,Kingston,NY,36,12401,1,"Metropolitan area core: primary flow within an urbanized area of 50,000 and greater",US,Pharmacist,NPPES-Taxonomy,67,67,17392.31,67,63,"#",,,,,"#",,,67,17392.31,,0,0,,0,0,,25,6750.66,,42,10641.65,*,,,"#",,,0,0,0,0,0,0,0,0,0,,0,0,0,*,,,*,,74.349206349206,,,,,37,26,55,,,,0,,,,0.88330835676448
1316441769,Wilson-Henjum,Kelsey,L,MD,I,1 Fordham Plz Fl 5,,Bronx,NY,36,10458,1,"Metropolitan area core: primary flow within an urbanized area of 50,000 and greater",US,Family Practice,Claim-Specialty,3645,6546.28,965969.24,190839,207,,2840,5290.79,706407.24,155162,,166,,674,877395.92,,2925,86506.24,,46,2067.08,,3209,852899.34,,436,113069.9,,3488,938626.91,,157,27342.33,119,11692.03,2584,21,3.2647462277092,20,10956.66,600,,16.806722689076,22,13875.66,,*,,,*,,70.309178743961,41,107,45,14,154,53,,59,11,122,0,,178,29,1.5225024371973
1316524226,Do,Ben,P,RPH,I,110 E Broadway,,Fulton,NY,36,13069,4,"Micropolitan area core: primary flow within an urban cluster of 10,000 to 49,999",US,Pharmacist,NPPES-Taxonomy,56,56,16807.19,56,53,,56,56,16807.19,56,,53,,56,16807.19,,0,0,,0,0,,19,5242.65,,37,11564.54,*,,,"#",,,0,0,0,0,0,0,0,0,0,,0,0,0,,0,0,,0,76.320754716981,0,25,,,31,22,45,,,0,0,,,,0.98128301886792
1316919152,Brubaker,David,,MD,I,9864 Luckey Dr,,Houghton,NY,36,14744,10,"Rural areas: primary flow to a tract outside a urbanized area of 50,000 and greater or UC",US,Family Practice,Claim-Specialty,3802,8170.04,569312.06,237670,285,,3372,7350.23,473630.85,213930,,255,,554,488478.07,,3218,78601.18,,30,2232.81,,2656,417946.95,,1146,151365.11,,1320,223850.9,,2482,345461.16,53,1040.3,1046,13,1.3940031562336,17,794.32,441,,32.075471698113,127,1286.27,82,*,,,*,,74.60350877193,30,123,81,51,152,133,274,,0,,0,,76,209,1.0161885964912
1316936826,Grill,David,R,MD,I,121 S Ocean Ave,,Freeport,NY,36,11520,1,"Metropolitan area core: primary flow within an urbanized area of 50,000 and greater",US,Internal Medicine,Claim-Specialty,3340,6746.73,411113.38,189949,347,,2799,5891.1,326040.7,167015,,319,,455,348522.18,,2869,61797.75,,16,793.45,,1127,105418.59,,2213,305694.79,,944,113739.73,,2396,297373.65,168,2376.97,2155,26,5.0299401197605,,,,,,214,1065.41,112,*,,,*,,75.273775216138,28,130,133,56,195,152,222,82,,24,,13,55,292,1.0835892198122
1316938822,Bambara,Julie,,NP,I,1302 E Main St,,Endicott,NY,36,13760,1,"Metropolitan area core: primary flow within an urbanized area of 50,000 and greater",US,Nurse Practitioner,Claim-Specialty,4934,9351.97,573083.14,264205,433,,3629,7241.95,444713.49,207580,,302,,754,472938.75,,4128,97941.04,,52,2203.35,,3432,458254,,1502,114829.14,,2206,250922.16,,2728,322160.98,209,31521.95,4816,41,4.2359140656668,31,29272.78,805,,14.832535885167,150,25906.4,91,*,,,*,,67.096997690531,131,181,88,33,282,151,387,28,,,0,,200,233,1.1834156602038
1316947518,Cohrssen,Andreas,,MD,I,279 E 3rd St,,New York,NY,36,10009,1,"Metropolitan area core: primary flow within an urbanized area of 50,000 and greater",US,Family Practice,NPPES-Specialty,3475,6047,1162225.97,178508,229,,2895,5248.83,940104.4,155351,,184,,884,1101957.18,,2494,57105.86,,97,3162.93,,3247,1093250.76,,228,68975.21,,3271,1084920.54,,204,77305.43,,,,,,,,,,,15,68.3,15,*,,,*,,70.096069868996,45,118,51,15,118,111,31,41,,149,0,,205,24,1.5384224117062
1316955248,Booth,Laura,J,M.D.,I,945 E Henrietta Rd,,Rochester,NY,36,14623,1,"Metropolitan area core: primary flow within an urbanized area of 50,000 and greater",US,Family Practice,Claim-Specialty,3314,7424.94,197090.56,218027,308,,3065,6967.6,191056.6,204687,,286,,328,131796.23,,2970,64332.94,,16,961.39,,3116,190388.45,,198,6702.11,,333,9819.29,,2981,187271.27,34,980.22,794,,1.0259505129753,0,0,0,,0,45,495.89,32,*,,,*,,71.782467532468,22,188,81,17,220,88,255,18,12,,,15,29,279,0.9539184027162
1316960941,Ahmed,Abdurhman,,M.D.,I,2385 Arthur Ave,,Bronx,NY,36,10458,1,"Metropolitan area core: primary flow within an urbanized area of 50,000 and greater",US,Nephrology,Claim-Specialty,2918,5649.23,384150.53,166372,203,,2224,4345.5,262637.44,128103,,150,,455,314169.77,,2368,66102.93,,95,3877.83,,2436,331267.27,,482,52883.26,,2177,295657.08,,741,88493.45,68,9403.79,1843,13,2.3303632625086,14,8508.49,420,,20.588235294118,52,24056.62,29,*,,,*,,69.492610837438,53,78,48,24,105,98,20,59,19,98,,,141,62,2.5722704403871
1316979651,Wang,Kuocheng,,MD,I,141 Division St,Fl 2,New York,NY,36,10002,1,"Metropolitan area core: primary flow within an urbanized area of 50,000 and greater",US,Internal Medicine,Claim-Specialty,20002,25213.95,3984586.51,745514,454,,19798,24998.95,3934938.5,739184,"#",,,5089,3544146.87,,14588,430627.73,,325,9811.91,,16512,3270403.17,,3490,714183.34,,19625,3956543.6,,377,28042.91,65,1743.9,1538,16,0.32496750324967,,,,,,63,843.07,46,,629,99125.39,*,,77.737885462555,,,,,289,165,,,436,,0,11,426,28,1.1809442547912
1316988504,Huang,Yiling,,MD,I,9418 57th Ave,,Elmhurst,NY,36,11373,1,"Metropolitan area core: primary flow within an urbanized area of 50,000 and greater",US,Internal Medicine,Claim-Specialty,19872,29005.61,3376555.89,843846,612,,19453,28413.85,3322823.65,826596,,596,,4666,2859726.33,,14758,504552.27,,448,12277.29,,18308,3203791.2,,1564,172764.69,,17155,3008727.89,,2717,367828,34,1440.98,821,,0.17109500805153,0,0,0,,0,324,2885.63,187,,17,204.72,*,,73.529411764706,16,358,183,55,340,272,29,,501,41,,23,394,218,0.84322786238005
1326001991,Yu,Yong,M,M.D.,I,41 60 Main Street,Suite 204,Flushing,NY,36,11355,1,"Metropolitan area core: primary flow within an urbanized area of 50,000 and greater",US,Internal Medicine,Claim-Specialty,23588,40819.92,4468797.12,1175859,619,,23483,40571.12,4448119.09,1168758,"#",,,5416,3869882.58,,17636,584486.19,,536,14428.35,,22260,4195867.93,,1328,272929.19,,20864,4150963.99,,2724,317833.13,0,0,0,0,0,0,0,0,0,,632,4918.45,309,,22,825.84,*,,74.389337641357,,,,,321,298,,,593,,0,14,465,154,0.98549070424866
1326004649,Kumar,Yellamraju,R,M.D.,I,12845 Broadway,,Alden,NY,36,14004,1,"Metropolitan area core: primary flow within an urbanized area of 50,000 and greater",US,Internal Medicine,Claim-Specialty,18296,38290.18,1961791.88,1113478,968,,16820,35535.78,1784773.58,1034196,,889,,2336,1585802.08,,15719,367224.48,,241,8765.32,,13684,1422136.65,,4612,539655.23,,2901,353161.58,,15395,1608630.3,249,2002.83,3959,85,1.3609532138172,0,0,0,0,0,618,8672.16,349,,97,2628.69,,22,74.214876033058,79,439,313,137,513,455,922,,,,0,35,126,842,1.1975225987155
1326028259,Qudsi,Viqar,A,MD,I,87 Plaza Blvd,,Plattsburgh,NY,36,12901,4,"Micropolitan area core: primary flow within an urban cluster of 10,000 to 49,999",US,Internal Medicine,Claim-Specialty,9164,14748.68,1887139.42,302502,3979,,7905,12702.85,1691370.96,252339,,3691,,5084,1795974.79,,4015,85240.36,,65,5924.27,,4365,907508.24,,4799,979631.17999999,,2779,535147.34,,6385,1351992.08,153,3566.42,3541,25,1.669576604103,17,1101.29,462,,11.111111111111,99,1332.34,80,*,,,*,,73.19879366675,288,2037,1349,305,2176,1803,3704,57,,42,,148,678,3301,0.94079114172994
1326043357,Agyemang,Joseph,R,MD,I,17 Oakwood Ter Ste 100,,New Windsor,NY,36,12553,1,"Metropolitan area core: primary flow within an urbanized area of 50,000 and greater",US,Internal Medicine,Claim-Specialty,6673,12336.41,968122.44,360273,507,,5440,10547.74,781073.56,307908,,444,,1038,849250.42,,5593,116793.05,,42,2078.97,,3472,524222.87,,3201,443899.57,,2702,426514.3,,3971,541608.14,139,3932.88,3698,38,2.0830211299266,,,,,,179,2206.74,126,*,,,*,,72.453648915187,63,230,165,49,246,261,309,102,,71,,19,124,383,1.1678529334307
1326077181,Gleeson,Mary Lu,,MD,I,990 South Ave,Suite 207,Rochester,NY,36,14620,1,"Metropolitan area core: primary flow within an urbanized area of 50,000 and greater",US,Internal Medicine,Claim-Specialty,2632,6021.47,193673.15,176370,250,,2604,5976.47,193059.25,175063,"#",,,305,145795.24,,2316,47579.79,,11,298.12,,2159,158778.27,,473,34894.88,,443,32508.68,,2189,161164.47,40,413.29,1007,23,1.5197568389058,,,,,,40,228.6,25,*,,,*,,77.252,,,,,175,75,219,14,,,0,,37,213,1.078097825504
1326110016,Demoz,Abraham,,M.D.,I,592 Rockaway Ave,,Brooklyn,NY,36,11212,1,"Metropolitan area core: primary flow within an urbanized area of 50,000 and greater",US,Internal Medicine,Claim-Specialty,1618,2477.74,165971.96,69497,197,,1126,1811.07,117874.09,50960,,145,,259,144689.35,,1314,20529.13,,45,753.48,,1363,150432.47,,255,15539.49,,1536,162844.94,,82,3127.02,,,,,,,,,,,64,544.91,57,*,,,*,,68.53807106599,52,91,,,130,67,15,101,15,49,0,17,173,24,1.3927261993812
1326115304,Laurri,Frank,R,MD,I,10175 Niagara Falls Blvd Ste 1,,Niagara Falls,NY,36,14304,1,"Metropolitan area core: primary flow within an urbanized area of 50,000 and greater",US,Internal Medicine,Claim-Specialty,15822,34784.18,1658480.81,1020198,1385,,14320,32158.75,1496589.82,943941,,1251,,1938,1312347.61,,13682,335456.33,,202,10676.87,,13247,1364483.07,,2575,293997.74,,3268,428463.44,,12554,1230017.37,547,10165.72,14193,132,3.4572114776893,26,3195.28,1020,,4.7531992687386,350,2816.02,260,,53,714.7,,14,74.29963898917,134,587,448,216,757,628,1271,57,,18,,31,225,1160,1.3899119581392
1326121070,Wang,Shuangping,,M.D.,I,5 Grand St,,Warwick,NY,36,10990,2,"Metropolitan area high commuting: primary flow 30% or more to a urbanized area of 50,000 and greater",US,Internal Medicine,Claim-Specialty,9667,23722.46,1116059.76,695195,663,,9254,22863.52,1065758.87,670190,,636,,1008,898097.32,,8574,214019.17,,85,3943.27,,1968,277528.28,,7699,838531.48,,1422,226449.42,,8245,889610.34,104,1131.95,2650,31,1.0758249715527,,,,,,369,5287.11,199,,16,359.41,*,,76.174962292609,27,260,265,111,374,289,580,16,13,21,0,33,62,601,1.0846993194879
1326123449,O'Connor,Eileen,M,RNP,I,Mmg - West Farms Family Prac.,1055 East Tremont Avenue,Bronx,NY,36,10460,1,"Metropolitan area core: primary flow within an urbanized area of 50,000 and greater",US,Nurse Practitioner,Claim-Specialty,4469,6928.89,720292.58,199885,172,,2911,4777.36,471633.77,138252,,117,,968,661497.3,,3336,51441.1,,165,7354.18,,3798,602117.49,,671,118175.09,,4194,691049,,275,29243.58,150,1838.8,3537,21,3.3564555829045,19,461.99,525,,12.666666666667,23,159.64,21,,13,757.8,*,,67.674418604651,55,66,39,12,123,49,,63,0,95,0,,140,32,1.4213807751798
1326123886,Fermo,Carlos,,MD,I,68 Hauppauge Rd,,Commack,NY,36,11725,1,"Metropolitan area core: primary flow within an urbanized area of 50,000 and greater",US,Internal Medicine,Claim-Specialty,3598,3610.09,302175.69,83985,129,,3598,3610.09,302175.69,83985,,129,"#",,,,3042,52456.21,*,,,,136,8732.25,,3462,293443.44,,2928,255621.71,,670,46553.98,54,941.42,1396,,1.5008337965536,25,571.33,700,,46.296296296296,93,12707.1,51,,70,63463.68,*,,87.038759689922,0,,,85,27,102,120,,,,0,,95,34,2.3765518862421
1326131616,Chan,Tricia,,MD,I,1650 Grand Concourse,Acn Medical Clinic 2nd Floor,Bronx,NY,36,10457,1,"Metropolitan area core: primary flow within an urbanized area of 50,000 and greater",US,Internal Medicine,Claim-Specialty,13608,27037.92,1438367.96,806727,690,,12048,24329.44,1291572.02,726416,,600,,1840,1218639.97,,10864,205558.98,,904,14169.01,,12938,1359587.39,,670,78780.57,,12939,1392829.39,,669,45538.57,17,141.67,471,,0.1249265138154,0,0,0,,0,26,5358.88,25,,11,50.08,*,,72.766666666667,90,315,212,73,470,220,,126,,528,,18,632,58,1.4923626090213
1326146010,Eloi-Stiven,Marie,L,MD,I,121 Dekalb Ave,,Brooklyn,NY,36,11201,1,"Metropolitan area core: primary flow within an urbanized area of 50,000 and greater",US,Internal Medicine,Claim-Specialty,764,769.01,23285.47,8776,512,,667,672.01,21629.08,7543,,450,,98,16324.12,,654,6847.85,,12,113.5,,395,12197.09,,369,11088.38,,250,5950.18,,514,17335.29,0,0,0,0,0,0,0,0,0,,331,3734.56,297,,0,0,,0,72.15625,62,247,160,43,353,159,311,38,,113,,28,150,362,1.0796016974274
1326157223,Dolan,Kathryn,R,FNP,I,153 W Genesee St,,Chittenango,NY,36,13037,1,"Metropolitan area core: primary flow within an urbanized area of 50,000 and greater",US,Nurse Practitioner,NPPES-Specialty,732,1317.11,74247.56,35248,238,,645,1181.31,63682.49,31658,,209,"#",,,,558,14214.81,*,,,,575,68817.69,,157,5429.87,,229,37276.16,,503,36971.4,15,369.09,355,,2.0491803278689,,,,,,25,194.32,23,,11,767.43,*,,72.285714285714,29,121,63,25,154,84,226,,0,,0,,68,170,1.2339791765747
1326181843,Silva,Mauricio,J,M.D.,I,147 Lake St,,Newburgh,NY,36,12550,1,"Metropolitan area core: primary flow within an urbanized area of 50,000 and greater",US,Obstetrics & Gynecology,Claim-Specialty,2959,6616.83,430511.25,195545,197,,2700,6029.18,382131.59,178140,,176,,454,376873.27,,2364,49638.92,,141,3999.06,,2742,404039.34,,217,26471.91,,2733,417237.49,,226,13273.76,0,0,0,0,0,0,0,0,0,,39,343.23,31,,0,0,,0,71.751269035533,21,115,50,11,125,72,,20,,160,0,,164,33,1.4550294156488
1326279753,Lin,Kung-Ching,,,I,3808 Union St Ste 3l,,Flushing,NY,36,11354,1,"Metropolitan area core: primary flow within an urbanized area of 50,000 and greater",US,Internal Medicine,Claim-Specialty,7736,11630.27,889758.08,332790,458,,7595,11392.65,867484.98,325826,,442,,898,676420.23,,6715,211073.69,,123,2264.16,,7443,832206.94,,293,57551.14,,7445,876382,,291,13376.08,,,,,,,,,,,234,56124.32,146,,30,395.28,*,,72.576419213974,16,284,125,33,240,218,,,429,11,0,,411,47,1.1909758991666
1326361684,Burg,Lisa,M,,I,260 Delaware Ave,,Delmar,NY,36,12054,1,"Metropolitan area core: primary flow within an urbanized area of 50,000 and greater",US,Pharmacist,NPPES-Taxonomy,89,89,23559.93,89,85,"#",,,,,"#",,,89,23559.93,,0,0,,0,0,,34,9471.56,,55,14088.37,*,,,"#",,,0,0,0,0,0,0,0,0,0,,0,0,0,*,,,*,,71.494117647059,,,,,40,45,74,,0,,0,,,,0.76088823529412
1326430604,Popp,Shannon,K,PHARMD,I,2878 State Route 203,,Valatie,NY,36,12184,2,"Metropolitan area high commuting: primary flow 30% or more to a urbanized area of 50,000 and greater",US,Pharmacist,NPPES-Taxonomy,176,176,34616.78,176,112,,155,155,30554.69,155,,98,,176,34616.78,,0,0,,0,0,,111,20804.89,,65,13811.89,,53,10301.29,,123,24315.49,0,0,0,0,0,0,0,0,0,,0,0,0,,0,0,,0,72.035714285714,14,55,,,62,50,79,29,,0,0,,30,82,1.0731938432538
1326459496,Xu,Jing,,M.D.,I,8708 Justice Ave Apt 1e,,Elmhurst,NY,36,11373,1,"Metropolitan area core: primary flow within an urbanized area of 50,000 and greater",US,Internal Medicine,Claim-Specialty,5505,7896.22,774328.61,228364,160,,5436,7780.22,764964.6,225033,"#",,,1018,667061.12,,4399,105012.61,,88,2254.88,,4919,700172.76,,586,74155.85,,4948,735310.16,,557,39018.45,,,,,,,,,,,75,662.76,41,,11,213.64,*,,73.41875,,,,,91,69,,,135,,0,,118,42,1.1168996923405
1326519117,Santiago,Melanie,L,,I,295 Essjay Rd,,Williamsville,NY,36,14221,1,"Metropolitan area core: primary flow within an urbanized area of 50,000 and greater",US,Physician Assistant,Claim-Specialty,5679,13636.99,590335.1,400077,903,,5347,12843.51,552482.19,376835,,859,,631,466566.39,,4979,120831.52,,69,2937.19,,4168,406160.07,,1511,184175.03,,827,94263.89,,4852,496071.21,52,1103.41,1451,26,0.91565416446557,,,,,,156,721.83,111,,0,0,,0,74.544850498339,44,439,308,112,522,381,857,,,,0,32,81,822,1.2953977858819
1336116037,Cassetta,Brian,D,MD,I,31 Arnot Rd,Suite A,Horseheads,NY,36,14845,1,"Metropolitan area core: primary flow within an urbanized area of 50,000 and greater",US,Internal Medicine,Claim-Specialty,15021,30300.49,1348077.69,881278,952,,13424,27806.08,1218783.1,810731,,865,,1615,1033886.27,,13253,307532.02,,153,6659.4,,9313,746559.39,,5708,601518.3,,3578,413736.93,,11443,934340.76,318,6689.26,6332,76,2.1170361493909,,,,,,422,5194.18,254,,62,1229.28,,13,74.564075630252,87,389,318,158,452,500,894,21,,,0,23,194,758,1.261229664987
1336130442,Go,Arsenio,N,MD,I,210 E 201st St,1a,Bronx,NY,36,10458,1,"Metropolitan area core: primary flow within an urbanized area of 50,000 and greater",US,Family Practice,Claim-Specialty,573,893.6,61672.65,22438,124,,506,794.6,54573.15,19898,,108,,172,53391.35,,401,8281.3,,0,0,,141,27831.26,,432,33841.39,,136,24495.58,,437,37177.07,38,692.23,935,,6.6317626527051,0,0,0,,0,91,634.41,24,,0,0,,0,72.008064516129,16,64,,,75,49,42,13,,63,0,,70,54,1.2369408767264
1336168780,Schroyer,Glenn,S,M.D.,I,675 State Route 3,,Plattsburgh,NY,36,12901,4,"Micropolitan area core: primary flow within an urban cluster of 10,000 to 49,999",US,Family Practice,Claim-Specialty,8688,9832.28,936302.9,240551,497,,6907,7753.46,737269.86,188600,,387,,1819,736186.99,,6814,198888.17,,55,1227.74,,4080,460802.39,,4608,475500.51,,7679,774309.19,,1009,161993.71,278,9984.5,5752,79,3.1998158379374,15,2243.98,432,,5.3956834532374,248,55316,80,,223,9126.54,,36,72.122736418511,110,169,134,84,310,187,477,,0,,0,,263,234,1.4899544624552
1336171040,Martinez,Sergio,,,I,3711 88th St,,Jackson Heights,NY,36,11372,1,"Metropolitan area core: primary flow within an urbanized area of 50,000 and greater",US,Pulmonary Disease,Claim-Specialty,18218,29203.39,4819131.71,849581,1555,,16222,26177.45,4098664.83,761644,,1400,,5362,3856413.61,,12590,957225,,266,5493.1,,17316,4625900.6,,902,193231.11,,16371,4420941.67,,1847,398190.04,,,,,,,,,,,267,49328.99,186,,211,196217.64,,37,72.903536977492,155,804,450,146,886,669,39,42,14,1444,0,16,1303,252,1.3986912789735
1336184290,Innabi,Khalil,,M.D.,I,45 Ludlow St,Suite 700,Yonkers,NY,36,10705,1,"Metropolitan area core: primary flow within an urbanized area of 50,000 and greater",US,Family Practice,Claim-Specialty,22941,43195.49,6479485.53,1275561,459,,19713,37959.06,5694206.36,1121224,,406,,5675,5153359.63,,16668,1298283.37,,598,27842.53,,18769,5153776.75,,4172,1325708.78,,19715,6107662.82,,3226,371822.71,496,13428.18,13677,68,2.1620679133429,,,,,,479,39750.65,220,,101,37159.28,,23,73.954248366013,53,190,153,63,261,198,58,38,13,328,0,22,339,120,1.6012676262736
1336214220,Yu,Shin,,,I,1 S Lawn Ave,,Elmsford,NY,36,10523,1,"Metropolitan area core: primary flow within an urbanized area of 50,000 and greater",US,Internal Medicine,Claim-Specialty,10508,17408.46,1088562.53,508763,533,,9394,16024.92,971675.71,469190,,490,,1607,865478.17,,8776,217397.72,,125,5686.64,,7354,746387.37,,3154,342175.16,,7488,910192.88,,3020,178369.65,210,20926.65,5946,31,1.99847735059,20,12902.34,575,,9.5238095238095,215,2641.93,127,*,,,*,,74.015009380863,43,223,206,61,289,244,104,40,336,16,0,37,231,302,0.97448425920196
1336229392,Gupta,Saaket,,,I,2125 River Rd Ste 103,,Schenectady,NY,36,12309,1,"Metropolitan area core: primary flow within an urbanized area of 50,000 and greater",US,Internal Medicine,Claim-Specialty,12206,25131.23,1342338.87,712130,891,,11341,23506.56,1222175.78,665421,,832,,1668,1078075.6,,10344,255010.23,,194,9253.04,,8181,920058.65,,4025,422280.22,,4026,499035.6,,8180,843303.27,424,6830.25,8529,111,3.4737014582992,16,1512.03,409,,3.7735849056604,350,41712.12,189,,122,14800.66,,29,77.819304152637,59,269,332,231,494,397,778,27,31,,,42,217,674,1.2803733534494
1336281187,Mccarthy,Jennifer,W,MD,I,525 E 68th St,"New York Presbyterian Hospital # 133",New York,NY,36,10021,1,"Metropolitan area core: primary flow within an urbanized area of 50,000 and greater",US,Internal Medicine,Claim-Specialty,524,540.83,130346.97,8997,456,"#",,,,,"#",,,524,130346.97,,0,0,,0,0,,0,0,,524,130346.97,*,,,"#",,,0,0,0,0,0,0,0,0,0,,0,0,0,*,,,*,,75.201754385965,,,,,263,193,331,54,27,11,0,33,,,0.83476889842526
1336298645,Michelen,Walid,,MD,I,175 Nagle Ave,,New York,NY,36,10034,1,"Metropolitan area core: primary flow within an urbanized area of 50,000 and greater",US,Internal Medicine,NPPES-Specialty,512,555,138388.76,3515,453,,483,507,137531.99,2238,"#",,,449,137076.86,"#",,,*,,,,80,10001.3,,432,128387.46,,76,5864.36,,436,132524.4,0,0,0,0,0,0,0,0,0,,,,,,0,0,*,,84.85651214128,,,,,324,129,415,,12,11,,11,17,436,1.3623269383396
1336320423,Damour,Heather,L,RPH,I,173 Church St,,Saranac Lake,NY,36,12983,7,"Small town core: primary flow within an urban cluster of 2,500 to 9,999",US,Pharmacist,NPPES-Taxonomy,85,85,21880.77,85,81,,85,85,21880.77,85,,81,,85,21880.77,,0,0,,0,0,,26,6905.59,,59,14975.18,*,,,"#",,,0,0,0,0,0,0,0,0,0,,0,0,0,,0,0,,0,73.913580246914,0,56,,,44,37,73,0,0,0,,,,,0.63311728395062
1336324664,Szostak,Katarzyna,I,,I,459 Broadway,,New York,NY,36,10013,1,"Metropolitan area core: primary flow within an urbanized area of 50,000 and greater",US,Pharmacist,NPPES-Taxonomy,30,30,8590.23,30,30,,30,30,8590.23,30,,30,,30,8590.23,,0,0,,0,0,*,,,"#",,,*,,,"#",,,0,0,0,0,0,0,0,0,0,,0,0,0,,0,0,,0,74.8,0,16,,,14,16,21,0,,0,0,,,,0.95766666666667
1336354778,Avanzato,Anthony,R,D.O,I,3713 E Tremont Ave,,Bronx,NY,36,10465,1,"Metropolitan area core: primary flow within an urbanized area of 50,000 and greater",US,Internal Medicine,Claim-Specialty,10275,17660.78,961840.73,468402,724,,9481,16436.23,874695.5,436277,,675,,1433,757798.86,,8768,199924.39,,74,4117.48,,4294,514593.3,,5981,447247.43,,5926,590245.08,,4349,371595.65,136,2287.71,3177,32,1.323600973236,0,0,0,0,0,394,4403.71,208,,44,1386.06,*,,77.609116022099,49,223,263,189,430,294,485,66,,141,,19,240,484,1.4066891991723
1336396688,Bartz,Ashley,N,RPA-C,I,2646 West State Street,Suite 405,Olean,NY,36,14760,4,"Micropolitan area core: primary flow within an urban cluster of 10,000 to 49,999",US,Physician Assistant,Claim-Specialty,5250,11712.68,729008.1,342338,432,,4533,10470.76,628658.94,305852,,387,,810,603029.51,,4397,122938.3,,43,3040.29,,4321,552629.89,,929,176378.21,,1705,267397.66,,3545,461610.44,97,852.37,2535,22,1.847619047619,0,0,0,0,0,110,827.34,71,,21,1935.67,*,,73.780092592593,45,184,139,64,285,147,415,,0,0,,16,124,308,1.2374680226951
1336414903,German,Susan,J,RPH,I,10 Garet Pl,,Commack,NY,36,11725,1,"Metropolitan area core: primary flow within an urbanized area of 50,000 and greater",US,Pharmacist,NPPES-Taxonomy,20,20,4054.53,20,16,,20,20,4054.53,20,,16,,20,4054.53,,0,0,,0,0,*,,,"#",,,,0,0,,20,4054.53,0,0,0,0,0,0,0,0,0,,0,0,0,,0,0,,0,73.0625,0,11,,,,,11,0,,,0,,0,16,0.70025
1336440130,Abdallah,Bilqees,B,FNP,I,"2732 Roods Creek Rd # B-17",,Hancock,NY,36,13783,10,"Rural areas: primary flow to a tract outside a urbanized area of 50,000 and greater or UC",US,Nurse Practitioner,Claim-Specialty,1544,1562.55,168708.08,33069,125,,1316,1333.68,136893.35,28205,,112,"#",,,,1187,32593.79,*,,,,162,16917.88,,1382,151790.2,,1401,161003.12,,143,7704.96,65,3024.56,852,18,4.2098445595855,23,2551.55,510,,35.384615384615,64,2207.17,36,,52,4768.29,,18,75.832,13,44,43,25,69,56,91,17,0,,0,,101,24,2.7957339279021
1336441880,Quinn,Celia,L,MD,I,111 E 210th St,"Department Of Pediatrics, Rosenthal 4",Bronx,NY,36,10467,1,"Metropolitan area core: primary flow within an urbanized area of 50,000 and greater",US,Pediatric Medicine,NPPES-Specialty,232,232,59212.39,435,205,,217,217,55625.97,362,"#",,,232,59212.39,,0,0,,0,0,,156,40789.95,,76,18422.44,,96,25837.84,,136,33374.55,0,0,0,0,0,0,0,0,0,,0,0,0,,0,0,*,,75.058536585366,,,,,131,74,52,106,,30,0,,79,126,1.2734886178862
1336463330,Linberg,Anna,,PHARM.D,I,50 N Main St,,Ellenville,NY,36,12428,7,"Small town core: primary flow within an urban cluster of 2,500 to 9,999",US,Pharmacist,NPPES-Taxonomy,21,21,4862.6,21,20,"#",,,,,"#",,,21,4862.6,,0,0,,0,0,*,,,"#",,,*,,,"#",,,0,0,0,0,0,0,0,0,0,,0,0,0,*,,,*,,71.35,,,,,,,16,,0,,0,,,,0.991475
1336524024,Coffey,Ashley,,,I,1929 Us Route 20,,Waterloo,NY,36,13165,4,"Micropolitan area core: primary flow within an urban cluster of 10,000 to 49,999",US,Pharmacist,NPPES-Taxonomy,22,22,6326.52,22,22,"#",,,,,"#",,,22,6326.52,,0,0,,0,0,"#",,,*,,,*,,,"#",,,0,0,0,0,0,0,0,0,0,,0,0,0,*,,,*,,74,,,,,11,11,22,0,0,0,0,0,,,0.99577272727273
1336750983,Kemp,Brandon,S,PHARMD,I,250 State Route 104,,Oswego,NY,36,13126,4,"Micropolitan area core: primary flow within an urban cluster of 10,000 to 49,999",US,Pharmacist,NPPES-Taxonomy,41,41,11602.99,41,41,"#",,,,,"#",,,41,11602.99,,0,0,,0,0,,18,5227.86,,23,6375.13,*,,,"#",,,0,0,0,0,0,0,0,0,0,,0,0,0,*,,,*,,73.365853658537,,,,,23,18,38,,,0,0,0,,,0.7855018001461
1346227311,Bingemann,Todd,L,M.D.,I,913 Culver Rd,,Rochester,NY,36,14609,1,"Metropolitan area core: primary flow within an urbanized area of 50,000 and greater",US,Internal Medicine,Claim-Specialty,4513,6775.08,412070.53,193669,286,,2515,4182.92,226571.27,120381,,181,,567,294540.15,,3867,115679.78,,79,1850.6,,3504,338069.93,,1009,74000.6,,3399,304862.84,,1114,107207.69,205,8108.99,4598,37,4.5424329714159,39,3204.65,1168,,19.024390243902,49,691.81,37,*,,,*,,65.038461538462,105,108,61,12,163,123,144,98,,35,0,,182,104,1.4876204629028
1346239969,Tumminello,Calogero,,M.D.,I,7817 Metropolitan Ave,,Middle Village,NY,36,11379,1,"Metropolitan area core: primary flow within an urbanized area of 50,000 and greater",US,Internal Medicine,Claim-Specialty,7525,15423.46,1021255.2,437159,431,,6764,14438.46,907039.38,410675,,404,,1001,718792.61,,6443,296266.69,,81,6195.9,,3888,467176.08,,3637,554079.12,,2902,562458.81,,4623,458796.39,166,1893.59,4508,27,2.2059800664452,0,0,0,0,0,528,9974.95,229,,21,3550.74,*,,76.863109048724,27,138,177,89,265,166,366,,,37,0,19,113,318,1.3084253707939
1346268075,Eaton,Carolyn,A,M.D.,I,501 New Karner Rd,,Albany,NY,36,12205,1,"Metropolitan area core: primary flow within an urbanized area of 50,000 and greater",US,Family Practice,Claim-Specialty,5414,12530.41,405726.22,366331,488,,5046,11761.92,382152.85,344332,,444,,524,290871.88,,4843,112680.16,,47,2174.18,,4381,338912.27,,1033,66813.95,,817,99651.5,,4597,306074.72,195,4671.38,4948,39,3.6017731806428,21,492.27,630,,10.769230769231,91,10757.94,49,,15,181.89,*,,73.131147540984,44,246,142,56,311,177,436,16,,,0,23,61,427,0.95814511316349
1346277050,Mason,James,M,MD,I,800 Ayrault Rd Ste 200,,Fairport,NY,36,14450,1,"Metropolitan area core: primary flow within an urbanized area of 50,000 and greater",US,Internal Medicine,Claim-Specialty,8062,17220.29,446799.61,498359,729,,7799,16863.9,429453,488846,,707,,579,260847.87,,7414,184361.11,,69,1590.63,,6928,388138.24,,1134,58661.37,,577,26413.79,,7485,420385.82,159,5858.56,3343,37,1.9722153311833,25,4247.85,750,,15.723270440252,334,2455.2,184,*,,,*,,75.539094650206,22,324,268,115,361,368,651,12,,12,,48,38,691,0.92872717889821
1346285285,Tarrazona-Yu,Pamela,A,MD,I,120 Gardenville Pkwy W,,West Seneca,NY,36,14224,1,"Metropolitan area core: primary flow within an urbanized area of 50,000 and greater",US,Internal Medicine,Claim-Specialty,4362,10501.83,555413.44,306967,441,,3777,9212.54,450538.51,270186,,390,,586,470468.77,,3735,82815.84,,41,2128.83,,3384,412066.78,,978,143346.66,,1921,341803.02,,2441,213610.42,89,1446.18,1316,45,2.0403484640073,,,,,,43,346.46,34,,34,10159.7,*,,72.907029478458,51,205,141,44,287,154,308,72,,28,,16,136,305,1.2269828180582
1346289733,Yuen,Hak,K,MD,I,3640 Main St,Suite 501,Flushing,NY,36,11354,1,"Metropolitan area core: primary flow within an urbanized area of 50,000 and greater",US,Internal Medicine,Claim-Specialty,5872,11958.09,513184.85,350094,241,,5747,11808.83,496547.97,345788,"#",,,665,406118.08,,5077,103093.25,,130,3973.52,,4807,415423.92,,1065,97760.93,,3713,327034.33,,2159,186150.52,0,0,0,0,0,0,0,0,0,,206,1505.8,120,,16,847.27,*,,75.0622406639,,,,,138,103,,,225,0,0,12,116,125,1.1000411745169
1346325263,Islam,Mohammad,M,M.D.,I,10 Little Britain Rd,"Suite # 102",Newburgh,NY,36,12550,1,"Metropolitan area core: primary flow within an urbanized area of 50,000 and greater",US,Internal Medicine,Claim-Specialty,4503,8041.3,299156.73,229440,310,,3524,6598.5,246790.34,189237,,244,,458,221197.47,,4020,76847.71,,25,1111.55,,2322,183325.89,,2181,115830.84,,2854,189027.74,,1649,110128.99,60,3824.07,1622,11,1.3324450366422,12,2966.35,360,,20,232,2083,120,,12,222.37,*,,69.741935483871,66,146,73,25,156,154,139,86,16,56,0,13,144,166,1.4444270033038
1346381183,Tummalapenta,Nirmala,,M.D.,I,4238 Bronx Blvd,,Bronx,NY,36,10466,1,"Metropolitan area core: primary flow within an urbanized area of 50,000 and greater",US,Internal Medicine,Claim-Specialty,8945,21469.99,1910690.01,627862,734,,7885,19161.25,1642181.36,560755,,640,,1529,1737616.74,,7226,166491.64,,190,6581.63,,7485,1628124.18,,1460,282565.83,,5683,1403872.01,,3262,506818,48,776.9,1037,16,0.53661263275573,0,0,0,0,0,154,1526.09,118,,45,14453.38,,20,73.16621253406,94,314,241,85,442,292,65,235,,375,,41,388,346,1.3871407821436
1346426368,Hoffman,Paul,,,I,75 N Middletown Rd,,Pearl River,NY,36,10965,1,"Metropolitan area core: primary flow within an urbanized area of 50,000 and greater",US,Pharmacist,NPPES-Taxonomy,13,13,2575.14,13,13,"#",,,,,"#",,,13,2575.14,,0,0,,0,0,*,,,*,,,,0,0,,13,2575.14,0,0,0,0,0,0,0,0,0,,0,0,0,*,,,*,,74.307692307692,,,,,,,,,,,0,,0,13,0.48438461538462
1346483930,Holahan,Timothy,,MD,I,"1000 South Ave # 58",,Rochester,NY,36,14620,1,"Metropolitan area core: primary flow within an urbanized area of 50,000 and greater",US,Geriatric Medicine,Claim-Specialty,1795,1825.76,124942.9,44887,155,,1598,1624.62,106427.01,40027,"#",,"#",,,,1509,32673.79,*,,,,1225,81740.41,,570,43202.49,,1741,117699.27,,54,7243.63,,,,,,,,,,,19,598.26,,,67,987.85,*,,81.464516129032,,,,,102,53,127,20,,,,,135,20,2.3795520577038
1346502689,Mikac,Ryan,J,D.O.,I,3980a Sheridan Dr Ste 200,,Amherst,NY,36,14226,1,"Metropolitan area core: primary flow within an urbanized area of 50,000 and greater",US,Family Practice,Claim-Specialty,29953,29985.13,2265769.85,514267,945,,26157,26184.26,1979589.53,440030,,840,,4298,1823876.63,,25581,439115.58,,74,2777.64,,18051,1271039.55,,11902,994730.3,,27860,2177422.44,,2093,88347.41,281,14370.39,4742,115,0.93813641371482,33,9882.38,677,15,11.743772241993,338,42457.01,140,,1088,104680.3,,142,76.98835978836,105,294,287,259,560,385,584,289,,53,,11,777,168,2.7841300015363
1346515780,Kang,Tae,Y,PA,I,"3834 Parsons Blvd # 1a",,Flushing,NY,36,11354,1,"Metropolitan area core: primary flow within an urbanized area of 50,000 and greater",US,Physician Assistant,NPPES-Specialty,16956,27020.72,2997943.5,798127,1040,,16753,26718.71,2974892.4,789223,,1024,,3097,2574419.87,,13617,417472.75,,242,6050.88,,16254,2873546.18,,702,124397.32,,16015,2896473.02,,941,101470.48,108,1009.92,2450,46,0.63694267515924,0,0,0,0,0,137,1088.37,100,,68,1396.48,,25,74.183653846154,16,578,329,117,581,459,,,957,,0,62,909,131,1.1194653079541
1346526498,Wood,Christina,,FNP-C,I,8881 State Route 97,,Callicoon,NY,36,12723,10,"Rural areas: primary flow to a tract outside a urbanized area of 50,000 and greater or UC",US,Nurse Practitioner,Claim-Specialty,7081,15008.28,1007894.37,434942,647,,5995,13165.17,845684.23,382369,,545,,1057,861816.85,,5935,140915.37,,89,5162.15,,3398,439574.53,,3683,568319.84,,2642,422619.5,,4439,585274.87,91,982.31,2279,25,1.2851292190369,0,0,0,0,0,241,5308.06,155,,44,8794.66,,12,71.151468315301,102,310,177,58,372,275,575,25,,21,,22,200,447,1.1664261052539
1346563095,Schlottmann,Elizabeth,A,,I,413 Route 376,,Hopewell Junction,NY,36,12533,1,"Metropolitan area core: primary flow within an urbanized area of 50,000 and greater",US,Pharmacist,NPPES-Taxonomy,138,138,34728.73,138,134,"#",,,,,"#",,,138,34728.73,,0,0,,0,0,,44,11336.81,,94,23391.92,*,,,"#",,,0,0,0,0,0,0,0,0,0,,0,0,0,*,,,*,,72.985074626866,,,,,74,60,121,,,,0,,,,0.79390298507463
1346583515,Schenendorf,Jesse,N,M.D.,I,2300 W Jefferson Rd Ste 400,,Pittsford,NY,36,14534,1,"Metropolitan area core: primary flow within an urbanized area of 50,000 and greater",US,Internal Medicine,Claim-Specialty,3797,7756.33,407540.02,227114,351,,3130,6722.67,337252.35,197335,,318,,483,317560.62,,3270,87607.31,,44,2372.09,,2870,275112.32,,927,132427.7,,844,114872.94,,2953,292667.08,30,454.61,715,13,0.79009744535159,,,,,,44,434.75,32,,12,829.93,*,,73.079772079772,33,171,111,36,164,187,303,25,,,,14,43,308,0.97969911813899
1346657103,Lum,Tszhoderrick,,"DNP, NP-C",I,1424 Richmond Ave Ste C,,Staten Island,NY,36,10314,1,"Metropolitan area core: primary flow within an urbanized area of 50,000 and greater",US,Nurse Practitioner,Claim-Specialty,4347,5608.34,985705.48,164367,316,,4285,5534.54,978937.95,162189,"#",,,1082,846158.06,,3197,138630.95,,68,916.47,,3606,815260.29,,741,170445.19,,4141,947589.86,,206,38115.62,,,,,,,,,,,34,426.09,26,,12,66.31,*,,73.227848101266,,,,,172,144,,,309,,0,,290,26,1.1160167253044
1346658606,Wade,Ryan,,,I,6272 State Route 9,,Chestertown,NY,36,12817,10,"Rural areas: primary flow to a tract outside a urbanized area of 50,000 and greater or UC",US,Pharmacist,NPPES-Taxonomy,31,31,8289.02,31,26,,31,31,8289.02,31,,26,,31,8289.02,,0,0,,0,0,,17,4329.49,,14,3959.53,*,,,"#",,,0,0,0,0,0,0,0,0,0,,0,0,0,,0,0,,0,74.807692307692,0,11,15,0,,,24,,0,0,0,,,,0.96096153846154
1346690310,Newberg,Andrew,,,I,1200 Deer Park Ave,,North Babylon,NY,36,11703,1,"Metropolitan area core: primary flow within an urbanized area of 50,000 and greater",US,Pharmacist,NPPES-Taxonomy,289,306,73548.37,1292,217,"#",,,,,"#",,,289,73548.37,,0,0,,0,0,,90,22927.06,,199,50621.31,,11,3077.57,,278,70470.8,0,0,0,0,0,0,0,0,0,,0,0,0,*,,,*,,73.562211981567,,,,,126,91,209,,,0,0,,,,0.98223963133641
1346771102,Chhan,Vanley,,,I,7000 Austin St,,Forest Hills,NY,36,11375,1,"Metropolitan area core: primary flow within an urbanized area of 50,000 and greater",US,Pharmacist,NPPES-Taxonomy,123,123,33939.82,123,113,"#",,,,,"#",,,123,33939.82,,0,0,,0,0,,55,15144.4,,68,18795.42,,29,7870.38,,94,26069.44,0,0,0,0,0,0,0,0,0,,0,0,0,*,,,*,,72.761061946903,,,,,57,56,59,0,,38,11,,25,88,0.8388215339233
1346773355,Yousaf,Sadia,,,I,585 Schenectady Ave,,Brooklyn,NY,36,11203,1,"Metropolitan area core: primary flow within an urbanized area of 50,000 and greater",US,Internal Medicine,Claim-Specialty,1055,1944.13,42449.19,52193,542,,977,1802.3,39958.71,48363,,502,"#",,,,881,16461.19,*,,,,1055,42449.19,,0,0,,149,6089.64,,906,36359.55,30,324.02,297,29,2.8436018957346,,,,,,76,871.91,70,,0,0,,0,73.90221402214,40,265,177,60,302,240,495,,,14,,16,61,481,1.2068447436651
1346775640,Hill,Elena,,MD,I,1276 Fulton Ave Fl 1,,Bronx,NY,36,10456,1,"Metropolitan area core: primary flow within an urbanized area of 50,000 and greater",US,Family Practice,Claim-Specialty,4545,8431.01,1848900.12,249164,259,,2961,5686.18,1251281.86,168425,,188,,1145,1731520.89,,3315,114102.67,,85,3276.56,,3969,1635070.36,,576,213829.76,,4362,1826970.41,,183,21929.71,95,8635.8,2660,22,2.0902090209021,21,7329.83,664,,22.105263157895,17,6589.7,,,28,3266.68,*,,67.849420849421,71,126,,,155,104,,99,,147,,,233,26,1.6850061561241
1346870599,Csont,Li,R,PHARMD,I,3488 Main St,,Buffalo,NY,36,14214,1,"Metropolitan area core: primary flow within an urbanized area of 50,000 and greater",US,Pharmacist,NPPES-Taxonomy,21,21,6356.65,21,21,,21,21,6356.65,21,,21,,21,6356.65,,0,0,,0,0,"#",,,*,,,*,,,"#",,,0,0,0,0,0,0,0,0,0,,0,0,0,,0,0,,0,72.285714285714,0,16,,,,,,,,0,0,0,,,1.1100193605202
1346891900,Dewitt,Bradley,T,PA-C,I,1780 Hanshaw Rd,,Ithaca,NY,36,14850,1,"Metropolitan area core: primary flow within an urbanized area of 50,000 and greater",US,Physician Assistant,Claim-Specialty,5098,10735.79,765207.74,314292,661,,3865,8669.91,553393.9,254784,,554,,725,601282.79,,4324,155578.34,,49,8346.61,,3042,515491.86,,2056,249715.88,,2094,413607.22,,3004,351600.52,133,3715.31,3521,41,2.6088662220479,,,,,,59,21901.09,41,*,,,*,,71.360060514372,107,300,202,52,310,351,593,22,,,0,31,192,469,1.2750710780737
1346903556,Salvaggio,Brett,,,I,1500 N James St,,Rome,NY,36,13440,4,"Micropolitan area core: primary flow within an urban cluster of 10,000 to 49,999",US,Pharmacist,NPPES-Taxonomy,43,43,11228.72,43,41,"#",,,,,"#",,,43,11228.72,,0,0,,0,0,,21,5341.79,,22,5886.93,*,,,"#",,,0,0,0,0,0,0,0,0,0,,0,0,0,*,,,*,,74.219512195122,,,,,24,17,37,0,0,,0,,,,0.87790040650407
1356301774,Dibble,William,J,DO,I,4000 Medical Center Dr.,Suite 101 D/E,Fayetteville,NY,36,13066,1,"Metropolitan area core: primary flow within an urbanized area of 50,000 and greater",US,Family Practice,Claim-Specialty,19522,36830.71,1691215.32,1070359,1164,,16665,32370.64,1390234.53,943729,,1021,,2423,1322710.59,,16942,361052.87,,157,7451.86,,14214,1187151.64,,5308,504063.68,,6872,672499.08,,12650,1018716.24,398,5155.77,10288,98,2.0387255404159,15,605.63,450,,3.7688442211055,388,5060.91,234,,78,7666.9,,18,72.506013745704,143,544,363,114,544,620,977,117,,15,,39,282,882,1.1174828088707
1356318992,Madejski,Thomas,J,MD,I,100 Ohio St,,Medina,NY,36,14103,7,"Small town core: primary flow within an urban cluster of 2,500 to 9,999",US,Internal Medicine,Claim-Specialty,29668,44493.19,2961991.18,1246593,1344,,25046,38353.16,2467906.35,1076811,,1168,,4598,2255587.53,,24666,673420.2,,404,32983.45,,19916,2106783.61,,9752,855207.57,,18490,1858477.47,,11178,1103513.71,1251,95316.84,31284,235,4.2166644195766,273,68340.2,7882,42,21.822541966427,464,14936.66,232,,651,64194.24,,87,74.168898809524,176,517,429,222,746,598,1202,78,,29,,29,566,778,1.7432246806124
1700366192,Wahl,Deirdre,,FNP-C,I,98 N 2nd St,,Fulton,NY,36,13069,4,"Micropolitan area core: primary flow within an urban cluster of 10,000 to 49,999",US,Nurse Practitioner,Claim-Specialty,5878,12970.77,902013.31,375980,553,,4203,9807.77,649096.04,285029,,438,,1003,770957.15,,4809,126511.72,,66,4544.44,,4930,763534.37,,948,138478.94,,2737,532713.43,,3141,369299.88,,,,,,,,,,,139,1850.73,83,*,,,*,,69.066907775769,115,298,110,30,326,227,532,,0,,,18,200,353,1.2407565450134
1700818945,Iacobucci,James,J,MD,I,7255 State Route 96 Ste 210,,Victor,NY,36,14564,1,"Metropolitan area core: primary flow within an urbanized area of 50,000 and greater",US,Internal Medicine,Claim-Specialty,9295,20342.39,828521.62,599063,830,,9061,19878.42,796686.94,585443,,804,,898,614920.26,,8326,211152.47,,71,2448.89,,7994,690078.59,,1301,138443.03,,701,94123.23,,8594,734398.39,168,2557.81,3474,55,1.8074233458849,,,,,,160,8299.95,106,,35,229.33,*,,75.91686746988,26,358,307,139,390,440,726,33,,11,,58,65,765,1.1079333299366
1700828092,Martinez De Pimentel,Nadia,A,M.D.,I,3744 75th St,,Jackson Heights,NY,36,11372,1,"Metropolitan area core: primary flow within an urbanized area of 50,000 and greater",US,Internal Medicine,Claim-Specialty,11056,25269.06,1944628.41,747047,932,,10296,23711.57,1851804.14,701550,,866,,1747,1691636.96,,9081,244176.47,,228,8814.98,,10287,1878869.81,,769,65758.6,,9068,1746888.94,,1988,197739.47,,,,,,,,,,,124,8044.9,102,,63,1632.28,,17,74.861587982833,66,424,306,136,629,303,45,12,14,856,,,688,244,1.4231727099424
1700843315,Chiu,Ronnie,,M.D.,I,60 Madison St,,New York,NY,36,10038,1,"Metropolitan area core: primary flow within an urbanized area of 50,000 and greater",US,Internal Medicine,NPPES-Specialty,18887,22795.56,1828041.52,662085,747,,18754,22588.93,1817497.43,656203,,732,,2872,1374743.5,,15691,444847.91,,324,8450.11,,17721,1668465.06,,1166,159576.46,,18693,1801196.47,,194,26845.05,11,58.44,193,,0.05824111822947,0,0,0,,0,214,1399.76,154,,19,173.69,*,,73.111111111111,15,475,192,65,390,357,,,702,32,0,,726,21,1.0378036060445
1700851375,Skezas,Jacob,W,MD,I,1780 Hanshaw Rd,,Ithaca,NY,36,14850,1,"Metropolitan area core: primary flow within an urbanized area of 50,000 and greater",US,Internal Medicine,Claim-Specialty,12289,23765.28,1251168.34,682370,711,,11034,21984.82,1117629,631758,,661,,1535,938947.54,,10697,310506.38,,57,1714.42,,5244,568228.93,,7045,682939.41,,1921,253916.99,,10368,997251.35,373,67751.78,7825,86,3.035234762796,43,60366.96,1227,,11.528150134048,349,4791.46,178,,56,1341.48,,11,77.319268635724,50,223,267,171,335,376,650,18,,,,28,90,621,1.1672324957182
1700879368,Voelker,Frank,J,DO,I,325 Essjay Rd,,Williamsville,NY,36,14221,1,"Metropolitan area core: primary flow within an urbanized area of 50,000 and greater",US,Internal Medicine,Claim-Specialty,10797,26701,1382617.25,784926,731,,10427,25887.37,1310648.74,760959,,710,,1478,1163149.91,,9182,208745.42,,137,10721.92,,8086,993193.77,,2711,389423.48,,800,148047.57,,9997,1234569.68,101,1272.77,2247,42,0.93544503102714,0,0,0,0,0,203,4025.19,132,,32,614.96,*,,76.52804377565,21,316,260,134,409,322,665,23,,,0,32,46,685,1.3598869856197
1700970670,Rojas,Henry,,MD,I,1071 Stoneleigh Ave,,Carmel,NY,36,10512,1,"Metropolitan area core: primary flow within an urbanized area of 50,000 and greater",US,Internal Medicine,Claim-Specialty,4749,7298.25,650059.67,170869,1617,,3936,6254.93,578818.45,141293,,1541,"#",,,,2877,59090.87,*,,,,2187,246045.39,,2562,404014.28,,1018,102669.27,,3731,547390.4,163,6085.67,4766,20,3.4323015371657,,,,,,33,177.08,27,,16,45.19,*,,74.43661100804,76,781,592,168,894,723,1384,41,,100,,63,167,1450,1.0506765752324
1700976982,Salako,Abayomi,O,MD,I,"1650 Grand Concourse ,",2nd Floor,Bronx,NY,36,10457,1,"Metropolitan area core: primary flow within an urbanized area of 50,000 and greater",US,Internal Medicine,Claim-Specialty,4935,10777.64,763567.89,320090,299,,4438,9820,674202.91,291673,,262,,754,677603.71,,3919,78791.61,,262,7172.57,,4569,710678.76,,366,52889.13,,4386,716477.74,,549,47090.15,,,,,,,,,,,,,,*,,,*,,72.953177257525,37,144,84,34,164,135,,130,,133,,20,247,52,1.4137172300511
1700979911,Ansari-Ezabadi,Amir,,MD,I,Mmg - Grand Concourse,2532 Grand Concourse,Bronx,NY,36,10458,1,"Metropolitan area core: primary flow within an urbanized area of 50,000 and greater",US,Internal Medicine,Claim-Specialty,18110,36859.77,2899689.79,1090471,946,,16480,33777.99,2641957.24,999724,,850,,3161,2509496.16,,14389,369122.61,,560,21071.02,,15957,2590286.55,,2153,309403.24,,14408,2384022.36,,3702,515667.43,75,710.16,1692,25,0.41413583655439,0,0,0,0,0,51,287.91,47,,45,3384.8,*,,73.376321353066,96,439,311,100,577,369,30,216,,663,,25,646,300,1.4774881396992
1710053145,Berger,Aaron,H,MD,I,1203 Avenue J,2nd Floor,Brooklyn,NY,36,11230,1,"Metropolitan area core: primary flow within an urbanized area of 50,000 and greater",US,Cardiology,Claim-Specialty,1180,2228,189366.22,61023,320,,1095,2073,171621.77,56609,,302,"#",,,,814,19014.21,*,,,,454,52634.69,,726,136731.53,,474,75207.02,,706,114159.2,,,,,,,,,,,,,,,0,0,,0,74.828125,18,153,99,50,179,141,220,67,,,0,21,89,231,1.2566584738624
1710077409,Cortes,Jose,A,M.D.,I,81 Irving Pl Ste 1-F,,New York,NY,36,10003,1,"Metropolitan area core: primary flow within an urbanized area of 50,000 and greater",US,Internal Medicine,Claim-Specialty,9767,19786.84,3720432.27,583788,577,,8381,17337.56,2783855.94,511986,,507,,2087,3435317.93,,7449,279527.04,,231,5587.3,,7873,2411305.09,,1894,1309127.18,,7482,2596582.38,,2285,1123849.89,15,161.93,288,,0.15357837616464,0,0,0,,0,163,5213.11,97,,20,274.02,*,,72.963604852686,70,270,168,69,319,258,73,27,,470,0,,399,178,1.247849264848
1710078993,Lee,Colleen,I,MD,I,1270 Broadway,"Ste #405",New York,NY,36,10001,1,"Metropolitan area core: primary flow within an urbanized area of 50,000 and greater",US,Internal Medicine,NPPES-Specialty,8267,18121.51,1327228.87,537789,787,,8201,17997.51,1310788.84,534147,"#",,,1162,1156316.31,,6981,165763.55,,124,5149.01,,7352,1206748.67,,915,120480.2,,6340,1163801.8,,1927,163427.07,,,,,,,,,,,100,562.05,89,,0,0,*,,74.498094027954,,,,,461,326,13,,710,,0,54,542,245,1.0216459185333
1710092234,Tang,David,,M.D.,I,1010 N Broadway,,Yonkers,NY,36,10701,1,"Metropolitan area core: primary flow within an urbanized area of 50,000 and greater",US,Internal Medicine,Claim-Specialty,10861,21868.78,1548214.02,622179,764,,9249,19538.24,1205330.79,556245,,706,,1674,1257069.58,,9134,289065.74,,53,2078.7,,4878,736623.58,,5983,811590.44,,3665,742331.54,,7196,805882.48,347,12790.27,8448,41,3.1949175950649,12,1604.9,360,,3.4582132564842,490,14240.58,242,,74,17839.75,,16,74.565445026178,58,349,241,116,449,315,568,48,,80,,41,133,631,1.2644923685223
1710117320,Petelin,Andrew,P,M.D.,I,275 8th Ave,,New York,NY,36,10011,1,"Metropolitan area core: primary flow within an urbanized area of 50,000 and greater",US,Internal Medicine,Claim-Specialty,3173,5825.49,2506911.93,172184,210,,2654,4986.1,1948727.51,147575,,182,,944,2427700.4,,2208,78644.2,,21,567.33,,1654,1191097.68,,1519,1315814.25,,1576,1153436.47,,1597,1353475.46,25,672.61,642,,0.78789788843366,0,0,0,,0,27,1611.82,16,*,,,*,,71.033333333333,28,115,55,12,53,157,121,34,,23,,19,51,159,1.1331469393859
1710139522,Mooney,Stacey,M,PHARM.D.,I,48 E Market St,,Rhinebeck,NY,36,12572,7,"Small town core: primary flow within an urban cluster of 2,500 to 9,999",US,Pharmacist,NPPES-Taxonomy,135,135,32513.3,135,131,"#",,,,,"#",,,135,32513.3,,0,0,,0,0,,39,10085.33,,96,22427.97,*,,,"#",,,0,0,0,0,0,0,0,0,0,,0,0,0,*,,,*,,73.152671755725,,,,,69,62,114,,,,0,,,,0.85785681559858
1710140892,Wemple,Gerald,N,,I,700 Elm Ridge Dr.,,Rochester,NY,36,14626,1,"Metropolitan area core: primary flow within an urbanized area of 50,000 and greater",US,Pharmacist,NPPES-Taxonomy,92,92,23117.71,93,89,"#",,,,,"#",,,91,23036.25,*,,,"#",,,,75,18127.36,,17,4990.35,,13,3483.05,,79,19634.66,0,0,0,0,0,0,0,0,0,,0,0,0,*,,,*,,72.449438202247,,,,,56,33,81,,0,0,0,,12,77,1.0159257062887
1710166699,Shah,Samir,K,RPH,I,187 Mill St,,Liberty,NY,36,12754,7,"Small town core: primary flow within an urban cluster of 2,500 to 9,999",US,Pharmacist,NPPES-Taxonomy,34,34,6608.85,77,27,"#",,,,,"#",,,33,6515.65,*,,,"#",,,,15,3088.08,,19,3520.77,*,,,"#",,,0,0,0,0,0,0,0,0,0,,0,0,0,*,,,*,,73.925925925926,,,,,,,26,,,0,0,0,,,0.96924382716049
1710180302,Savath,Vincent,,MD,I,60 Merritt Blvd,,Fishkill,NY,36,12524,1,"Metropolitan area core: primary flow within an urbanized area of 50,000 and greater",US,Family Practice,Claim-Specialty,5283,12113.78,419201.11,355054,521,,4810,11319.14,372435.86,332089,,482,,471,311599.65,,4768,105881.25,,44,1720.21,,2459,184258.38,,2824,234942.73,,767,99243.66,,4516,319957.45,86,6714.29,2556,21,1.6278629566534,,,,,,88,1240.8,64,,18,732.63,*,,74.076775431862,39,246,168,68,226,295,445,16,,31,,20,51,470,1.2775474891983
1710183405,Ayaz,Rozeena,,MD,I,1 Oxford Rd,,New Hartford,NY,36,13413,1,"Metropolitan area core: primary flow within an urbanized area of 50,000 and greater",US,Family Practice,Claim-Specialty,766,1384.52,69320.83,38368,113,,561,1055.75,48967.29,29100,,90,"#",,,,677,15670.18,*,,,,500,45431.91,,266,23888.92,,471,50157.17,,295,19163.66,19,195.35,339,13,2.4804177545692,0,0,0,0,0,51,267.4,31,,0,0,,0,71.530973451327,23,44,,,69,44,79,,,,0,,44,69,1.1520759587021
1710184346,Elliott,Pamela,M,DNP,I,592 Rockaway Ave,,Brooklyn,NY,36,11212,1,"Metropolitan area core: primary flow within an urbanized area of 50,000 and greater",US,Nurse Practitioner,NPPES-Specialty,4396,9274.09,529075.09,272702,224,,3092,6680.49,373522.29,197043,,146,,767,461522.41,,3399,62324.29,,230,5228.39,,3919,480010.83,,477,49064.26,,4112,509045.21,,284,20029.88,0,0,0,0,0,0,0,0,0,,47,187.03,39,,0,0,,0,65.941964285714,78,93,,,183,41,,163,,41,0,15,205,19,1.3432885640068
1710264056,Tacci,James,A,M.D.,I,1445 Portland Ave,G03,Rochester,NY,36,14621,1,"Metropolitan area core: primary flow within an urbanized area of 50,000 and greater",US,Preventive Medicine,NPPES-Specialty,500,508.36,24566.04,5184,290,,484,491.79,23650.97,4984,"#",,,84,10710.39,,416,13855.65,,0,0,,404,20359.76,,96,4206.28,,27,1748.65,,473,22817.39,0,0,0,0,0,0,0,0,0,,244,1835.83,232,,0,0,*,,71.524137931034,,,,,171,119,230,18,,,0,30,16,274,0.59804838547751
1710269923,Philip,Domy,,RPH,I,16 Route 59,,Nyack,NY,36,10960,1,"Metropolitan area core: primary flow within an urbanized area of 50,000 and greater",US,Pharmacist,NPPES-Taxonomy,54,54,14044.04,54,51,"#",,,,,"#",,,54,14044.04,,0,0,,0,0,,14,3320.02,,40,10724.02,*,,,"#",,,0,0,0,0,0,0,0,0,0,,0,0,0,*,,,*,,74.529411764706,,,,,30,21,38,,,,0,,,,1.0247634261821
1710290515,Niyazov,Linda,,PA,I,1st Avenue 16street,Beth Israel Medical Center,Manhattan,NY,36,10003,1,"Metropolitan area core: primary flow within an urbanized area of 50,000 and greater",US,Physician Assistant,NPPES-Specialty,407,430.24,98045.34,3442,304,,383,401.01,95070.75,2809,"#",,,321,95241.04,"#",,,*,,,,106,18474.7,,301,79570.64,,92,11544.74,,315,86500.6,,,,,,,,,,,,,,,0,0,*,,77.838815789474,,,,,195,109,254,,,20,0,15,40,264,1.1712991782392
1710327796,Taufik,Mireille,,MD,I,130 Center Way,,Corning,NY,36,14830,4,"Micropolitan area core: primary flow within an urban cluster of 10,000 to 49,999",US,Family Practice,Claim-Specialty,9115,18754.67,1011244.54,549041,617,,6791,14990.23,730788.48,440341,,509,,1165,808007.58,,7871,198635.95,,79,4601.01,,6192,639768.07,,2923,371476.47,,3844,496421.78,,5271,514822.76,119,8094.15,2147,33,1.3055403181569,,,,,,94,1354.52,63,,60,1891.58,,13,70.350081037277,108,311,154,44,412,205,576,12,,,0,19,207,410,1.0668497723238
1710364286,Choe,Seong,,FNP,I,3514 150th Pl Fl 2,,Flushing,NY,36,11354,1,"Metropolitan area core: primary flow within an urbanized area of 50,000 and greater",US,Nurse Practitioner,Claim-Specialty,11391,12646.37,2093863.34,370190,233,,11343,12589.37,2085245.88,368510,"#",,,2048,1130614.14,,8990,957519.44,,353,5729.76,,11067,2040709.66,,324,53153.68,"#",,,*,,,0,0,0,0,0,0,0,0,0,,85,923.2,62,,0,0,*,,73.575107296137,,,,,132,101,,0,211,,0,18,,,1.0854442433996
1710405030,Wawrzusin,Christopher,C,NP,I,31 Arnot Rd,,Horseheads,NY,36,14845,1,"Metropolitan area core: primary flow within an urbanized area of 50,000 and greater",US,Nurse Practitioner,Claim-Specialty,9706,15816.45,1200604.85,454815,562,,5887,10434.12,709957.85,301794,,427,,1183,935269.92,,8464,260702.51,,59,4632.42,,6770,800475.75,,2936,400129.1,,5878,806458.68,,3828,394146.17,402,28507.59,9121,62,4.14176797857,47,18833.62,1420,,11.691542288557,240,133436.75,115,,13,176.28,*,,68.750889679715,135,242,150,35,323,239,510,22,,,0,19,231,331,1.2575908523773
1710432216,Mcelhinney,Gabrielle,S,PHARMD,I,275 Broadway,,Amityville,NY,36,11701,1,"Metropolitan area core: primary flow within an urbanized area of 50,000 and greater",US,Pharmacist,NPPES-Taxonomy,23,23,5732.84,23,21,"#",,,,,"#",,,23,5732.84,,0,0,,0,0,*,,,"#",,,*,,,"#",,,0,0,0,0,0,0,0,0,0,,0,0,0,*,,,*,,71.857142857143,,,,,,,15,,0,,0,,,,0.74749206349206
1710476411,Pillittere,Julie,,,I,2400 S Clinton Ave Ste 110,,Rochester,NY,36,14618,1,"Metropolitan area core: primary flow within an urbanized area of 50,000 and greater",US,Internal Medicine,Claim-Specialty,3565,7199.85,296935.42,208549,477,,3156,6636.85,267953.16,192483,,446,,400,201103.14,,3107,94791.33,,58,1040.95,,2965,217402.17,,600,79533.25,,493,58905.11,,3072,238030.31,97,23471.11,2664,28,2.7208976157083,,,,,,102,896.7,63,*,,,*,,74.400419287212,31,223,166,57,270,207,420,20,,11,,23,39,438,0.94959003665788
1710503891,Polanco-Diaz,Sinai,M,,I,2550 3rd Ave,,Bronx,NY,36,10454,1,"Metropolitan area core: primary flow within an urbanized area of 50,000 and greater",US,Pharmacist,NPPES-Taxonomy,21,21,5798.59,21,19,,21,21,5798.59,21,,19,,21,5798.59,,0,0,,0,0,"#",,,*,,,*,,,"#",,,0,0,0,0,0,0,0,0,0,,0,0,0,,0,0,,0,75.157894736842,0,,,,,,14,,,,0,,,,1.0678421052632
1710607080,Galkin,Alexandr,S,FNP,I,800 Hooper Rd,,Endwell,NY,36,13760,1,"Metropolitan area core: primary flow within an urbanized area of 50,000 and greater",US,Nurse Practitioner,Claim-Specialty,2746,5496.59,335749.57,157050,756,,2113,4535.42,180621.08,130356,,641,,315,262760.24,,2414,72183.24,,17,806.09,,1664,250120.25,,1082,85629.32,,895,203119.14,,1851,132630.43,141,4676.39,3625,82,5.1347414420976,11,2345.46,322,,7.8014184397163,102,4838.69,75,*,,,*,,72.669312169312,115,301,230,110,390,366,703,,,17,0,23,161,595,1.1788266268763
1710620273,Bien-Aime,Gabrielle,,MD,I,4422 3rd Ave,,Bronx,NY,36,10457,1,"Metropolitan area core: primary flow within an urbanized area of 50,000 and greater",US,Student in an Organized Health Care Education/Training Program,NPPES-Taxonomy,635,1228.38,155806.63,36037,101,,515,985.5,123573.5,28916,,79,,172,142822.7,,445,11446.96,,18,1536.97,,575,149085.78,,60,6720.85,,594,150112.3,,41,5694.33,0,0,0,0,0,0,0,0,0,,,,,*,,,*,,70.762376237624,22,39,28,12,65,36,,24,,64,0,,87,14,1.9887637986427
1710626577,Liang,Gloria,C,PA-C,I,839 58th St,,Brooklyn,NY,36,11220,1,"Metropolitan area core: primary flow within an urbanized area of 50,000 and greater",US,Physician Assistant,Claim-Specialty,9876,13169.67,1057603.44,380276,923,,9829,13120.67,1045940.39,378936,"#",,,1318,848198.91,,8352,204572.44,,206,4832.09,,9623,1021435.42,,253,36168.02,,9645,1042404.06,,231,15199.38,,,,,,,,,,,90,1133.31,76,,58,1065.82,*,,73.697724810401,,,,,495,428,,,910,,0,,894,29,1.1525155928551
1710907415,Fontanez,Jose,R,M.D.,I,60 Merritt Blvd,,Fishkill,NY,36,12524,1,"Metropolitan area core: primary flow within an urbanized area of 50,000 and greater",US,Internal Medicine,Claim-Specialty,3761,9863.52,442093.06,292325,387,,3476,9126.53,355232.2,270415,,360,,418,365955.89,,3310,74167.57,,33,1969.6,,1691,211608.25,,2070,230484.81,,684,115387.48,,3077,326705.58,32,283.16,503,11,0.85083754320659,0,0,0,0,0,22,223.51,18,,0,0,,0,74.108527131783,27,180,141,39,154,233,282,12,,68,,19,54,333,1.2052165884824
1710921648,Brammer,Werner,K,M.D.,I,7573 State Route 54,Keuka Family Practice,Bath,NY,36,14810,7,"Small town core: primary flow within an urban cluster of 2,500 to 9,999",US,Family Practice,Claim-Specialty,12238,19114.91,1790275.9,458517,3167,,9917,15710.18,1430290.75,368211,,2937,,4412,1600927.21,,7748,186294.79,,78,3053.9,,8609,1227861.9,,3629,562414,,4862,732171.87,,7376,1058104.03,422,14668.72,10034,79,3.448275862069,39,1559.47,1168,,9.2417061611374,307,40944.84,161,,53,8424.04,,11,73.544995263656,230,1595,1063,279,1798,1369,2898,27,37,40,0,165,552,2615,0.97586613573058
1710950365,Barry,Joseph,T,M.D.,I,5415 W Genesee St,Suite 301,Camillus,NY,36,13031,1,"Metropolitan area core: primary flow within an urbanized area of 50,000 and greater",US,Internal Medicine,Claim-Specialty,2758,4788.21,429832.18,132230,336,,2578,4551.21,411472.42,126048,,318,,541,358678.09,,2193,69982.04,,24,1172.05,,2010,314052.41,,748,115779.77,,129,21844.31,,2629,407987.87,170,5854.22,4128,30,6.1638868745468,40,3334.26,957,,23.529411764706,178,1231.28,80,,25,50471.31,*,,75.428571428571,18,148,119,51,179,157,306,,,,0,17,25,311,1.1805292678763
1710967393,Lipetz,Simon,S,M.D.,I,10460 Queens Blvd,,Forest Hills,NY,36,11375,1,"Metropolitan area core: primary flow within an urbanized area of 50,000 and greater",US,Internal Medicine,Claim-Specialty,3947,6953.63,893086.64,198341,360,,3604,6470.65,792419.9,184497,,342,,862,751746.58,,3041,139735.86,,44,1604.2,,2064,584712.46,,1883,308374.18,,1875,657133.19,,2072,235953.45,41,1620.18,1177,,1.0387636179377,0,0,0,,0,154,1344.28,97,*,,,*,,74.252777777778,18,178,123,41,217,143,283,,17,23,,22,99,261,1.0122000243165
1710967971,Shifrin,Inna,,MD,I,98 Avenue U,,Brooklyn,NY,36,11223,1,"Metropolitan area core: primary flow within an urbanized area of 50,000 and greater",US,Internal Medicine,Claim-Specialty,11564,17881.03,1874886.77,507143,439,,9580,15268.86,1456041.96,434295,,381,,2400,1618607.6,,8987,250304.29,,177,5974.88,,5221,767730.82,,6343,1107155.95,,7113,1388608.05,,4451,486278.72,136,17795,3490,30,1.1760636457973,23,15851.2,670,,16.911764705882,389,13308.06,187,,77,24323.16,,17,73.683371298405,58,172,151,58,305,134,323,44,,46,,23,170,269,1.3670363878197
1720015506,Aziz,Farzana,H,M.D.,I,374 Meacham Ave,,Elmont,NY,36,11003,1,"Metropolitan area core: primary flow within an urbanized area of 50,000 and greater",US,Internal Medicine,Claim-Specialty,6225,13007.8,963369.72,386242,267,,5746,12261.12,914553.37,363962,,250,,809,826374.23,,5139,126344.43,,277,10651.06,,4998,788188.54,,1227,175181.18,,5432,882247.63,,793,81122.09,0,0,0,0,0,0,0,0,0,,64,477.98,47,*,,,*,,71.36329588015,17,173,64,13,166,101,,25,161,20,,37,205,62,1.2879538435349
1720043920,Sayegh,Nasem,J,M.D.,I,102 Park Ave,,Yonkers,NY,36,10703,1,"Metropolitan area core: primary flow within an urbanized area of 50,000 and greater",US,Family Practice,Claim-Specialty,20853,39691.23,5684005.27,1159270,919,,18061,35003.94,4816004.18,1023411,,792,,4328,3682566.06,,16211,1980913.49,,314,20525.72,,15333,4090902.76,,5520,1593102.51,,15582,4771592.46,,5271,912412.81,59,250.97,872,31,0.2829329113317,0,0,0,0,0,497,9473.71,287,,144,58676.51,,32,72.702937976061,127,408,270,114,493,426,204,269,28,373,0,45,553,366,1.5048838813497
1720049919,Cotton,Elisabeth,M,M.D.,I,16 Brentwood Dr,,Ithaca,NY,36,14850,1,"Metropolitan area core: primary flow within an urbanized area of 50,000 and greater",US,Internal Medicine,Claim-Specialty,7638,16204.12,761718.35,473210,729,,6840,14982.39,651177.27,438717,,636,,830,571230.79,,6736,188627,,72,1860.56,,3833,359894.56,,3805,401823.79,,2274,233020.92,,5364,528697.43,251,13170.69,6458,57,3.286200576067,36,6553.79,1080,,14.342629482072,121,5269.94,71,,13,3167.2,*,,73.477366255144,93,300,240,96,500,229,637,23,16,15,0,38,176,553,1.0758655132366
1720072465,Luvera,Vincent,J,DO,I,600 Mcclellan St,St Claires Hospital Wound Care Center,Schenectady,NY,36,12304,1,"Metropolitan area core: primary flow within an urbanized area of 50,000 and greater",US,Family Practice,Claim-Specialty,617,617.33,144640.5,1738,485,,597,597.33,140297.63,1718,,468,,562,143773.87,"#",,,*,,,,382,92271.28,,235,52369.22,,59,13402.27,,558,131238.23,,,,,,,,,,,15,101.17,,,0,0,,0,75.144329896907,17,217,198,53,267,218,446,,,,0,27,41,444,0.97228902298827
1720173081,Hanna,Thomas,A,M.D.,I,5856 Scenic Ave,,Mexico,NY,36,13114,3,"Metropolitan area low commuting: primary flow 10% to <30% to a urbanized area of 50,000 and greater",US,Family Practice,Claim-Specialty,5801,10131.04,510067.68,290268,447,,4539,8423.58,444870.71,242788,,361,,672,410867.76,,5081,95356.47,,48,3843.45,,3722,334012.12,,2079,176055.56,,2520,225178.59,,3281,284889.09,211,3386.23,5222,50,3.6373039131184,0,0,0,0,0,165,31855.28,90,,33,219.92,*,,71.248322147651,86,183,136,42,240,207,437,0,,,0,,148,299,1.1341928136136
1720185358,Mccormick,Kevin,R,MD,I,990 South Ave,Suite 207,Rochester,NY,36,14620,1,"Metropolitan area core: primary flow within an urbanized area of 50,000 and greater",US,Internal Medicine,Claim-Specialty,2169,4682.34,200483.73,136937,188,,2169,4682.34,200483.73,136937,,188,"#",,,,1887,53937.93,*,,,,1642,160976.41,,527,39507.32,,343,38456.66,,1826,162027.07,40,2040.89,1006,,1.8441678192716,19,956.36,555,,47.5,19,217.62,,,15,2513.03,*,,84.36170212766,0,16,75,97,115,73,164,11,,,0,,25,163,1.3581517804425
1720224975,Gonzalez,Michael,,RPH.,I,600 Broadway Ste 200,,Albany,NY,36,12207,1,"Metropolitan area core: primary flow within an urbanized area of 50,000 and greater",US,Pharmacist,NPPES-Taxonomy,17,17,3765.07,17,15,"#",,,,,"#",,,17,3765.07,,0,0,,0,0,"#",,,*,,,*,,,*,,,0,0,0,0,0,0,0,0,0,,0,0,0,*,,,*,,72.666666666667,,,,,,,,0,,14,0,0,,,1.6210333333333
1720257405,Roberts,Renee,L,RPH,I,2345 Buffalo Rd,,Rochester,NY,36,14624,1,"Metropolitan area core: primary flow within an urbanized area of 50,000 and greater",US,Pharmacist,NPPES-Taxonomy,51,51,12591.85,87,45,"#",,,,,"#",,,50,12591.38,*,,,"#",,,,27,6875.42,,24,5716.43,*,,,"#",,,0,0,0,0,0,0,0,0,0,,0,0,0,*,,,*,,73.666666666667,,,,,24,21,43,,,0,0,0,,,0.98797777777778
1720362700,Eira,Bruno,,PHARMD,I,2474 Hempstead Tpke,,East Meadow,NY,36,11554,1,"Metropolitan area core: primary flow within an urbanized area of 50,000 and greater",US,Pharmacist,NPPES-Taxonomy,41,83,11324.97,2084,40,,41,83,11324.97,2084,,40,,41,11324.97,,0,0,,0,0,*,,,"#",,,*,,,"#",,,0,0,0,0,0,0,0,0,0,,0,0,0,,0,0,,0,75.2,0,23,,,22,18,32,0,,0,0,,,,0.96815464022209
1720375637,Olarewaju,Temitope,O,,I,4038 West Rd,,Cortland,NY,36,13045,4,"Micropolitan area core: primary flow within an urban cluster of 10,000 to 49,999",US,Family Practice,Claim-Specialty,5252,12545.13,183273.87,367164,517,,4797,11583.17,155929.69,339864,,470,,501,109113.97,,4673,72700.63,,78,1459.27,,5224,181550.71,,28,1723.16,,953,38547.59,,4299,144726.28,185,2678.12,3796,60,3.5224676313785,0,0,0,0,0,54,560.74,44,*,,,*,,72.15667311412,47,281,148,41,350,167,72,416,11,,0,,75,442,1.1503696618657
1720574650,Velovich,Chelsea,R,"FNP-C, CNM",I,2257 Adam Clayton Powell Jr Blvd,,New York,NY,36,10027,1,"Metropolitan area core: primary flow within an urbanized area of 50,000 and greater",US,Nurse Practitioner,NPPES-Specialty,2084,4836.1,300770.51,141446,230,,1654,3894.06,214684.9,114191,,190,,300,258565.1,,1750,40365.63,,34,1839.78,,1777,251918.15,,307,48852.36,,1358,213958.26,,726,86812.25,11,20.22,330,,0.5278310940499,0,0,0,,0,41,7992.66,31,*,,,*,,69.760869565217,40,117,,,151,79,,139,,52,0,28,123,107,1.1952575072711
1730111402,Gonzalez,Patria,R,MD,I,232 Sherman Ave,Suite 4,New York,NY,36,10034,1,"Metropolitan area core: primary flow within an urbanized area of 50,000 and greater",US,Internal Medicine,Claim-Specialty,21596,49637.35,6260901.08,1465625,1004,,18245,42641.57,4907537.22,1260938,,863,,3859,5417782.16,,17191,830192.66,,546,12926.26,,20222,5822447.52,,1374,438453.56,,19482,5911839.64,,2114,349061.44,139,1728.49,3595,40,0.64363771068716,13,417.17,390,,9.3525179856115,385,93207.98,248,,52,15917.31,,17,72.193227091633,141,489,273,101,672,332,24,29,,935,,12,820,184,1.1786201651202
1730139262,Jones,Kenneth,O,M.D.,I,85 West Burnside Ave,,Bronx,NY,36,10453,1,"Metropolitan area core: primary flow within an urbanized area of 50,000 and greater",US,Internal Medicine,NPPES-Specialty,4850,10922.58,868489.14,324781,363,,3813,8805.78,674948.05,262234,,287,,785,769036.49,,3865,93395.26,,200,6057.39,,4645,840169.18,,205,28319.96,,4690,830132.27,,160,38356.87,66,1487.68,1911,,1.360824742268,,,,,,,,,*,,,*,,69.561983471074,76,188,77,22,240,123,,84,,261,0,,330,33,1.1503397744511
1730145343,Collins,Richard,L,MD,I,325 Essjay Rd,,Williamsville,NY,36,14221,1,"Metropolitan area core: primary flow within an urbanized area of 50,000 and greater",US,Internal Medicine,Claim-Specialty,7103,17759.03,734966.14,524476,594,,6996,17481.7,721909.91,516337,"#",,,729,576257.86,,6298,156118.32,,76,2589.96,,5647,572167.14,,1456,162799,,357,43650.86,,6746,691315.28,49,908.09,1427,,0.68984935942559,,,,,,138,971.1,105,,0,0,*,,75.792929292929,,,,,272,322,549,17,,,0,23,32,562,1.1107776644477
1730184250,Politi,Anthony,F,M.D.,I,3384 State Route 22,,Peru,NY,36,12972,5,"Micropolitan high commuting: primary flow 30% or more to a urban cluster of 10,000 to 49,999",US,Internal Medicine,Claim-Specialty,138,221.6,30208.52,4799,47,,112,181.6,28189.38,3944,,35,,74,26530.08,"#",,,*,,,,93,26022.16,,45,4186.36,,42,5380.19,,96,24828.33,,,,,,,,,,,,,,,0,0,,0,69,12,17,18,0,20,27,46,,,0,0,0,21,26,0.96563475177305
1730204140,Gasparino,Joseph,,M.D.,I,2400 S Clinton Ave,"Building H, Suite 230",Rochester,NY,36,14618,1,"Metropolitan area core: primary flow within an urbanized area of 50,000 and greater",US,Internal Medicine,Claim-Specialty,13389,29616.13,1162991.57,863845,1028,,12201,27588.31,1103522.89,805778,,971,,1213,826953.94,,12004,331467.12,,172,4570.51,,11228,932404.87,,2161,230586.7,,2488,258950.76,,10901,904040.81,189,3281.92,4126,49,1.4116065426843,14,599.39,420,,7.4074074074074,394,22493.74,225,,43,1711.99,,11,75.20233463035,57,444,380,147,542,486,857,73,,20,,68,125,903,0.98218004165466
1730235037,Crouch,Bindy,,,I,8900 Van Wyck Expy,,Jamaica,NY,36,11418,1,"Metropolitan area core: primary flow within an urbanized area of 50,000 and greater",US,Family Practice,NPPES-Specialty,51,51,10585.97,55,44,"#",,,,,"#",,,50,10575.47,"#",,,*,,,,35,7336.17,,16,3249.8,,36,7332.51,,15,3253.46,0,0,0,0,0,0,0,0,0,,0,0,0,*,,,*,,73.068181818182,,,,,28,16,13,,,,0,,30,14,1.1007159090909
1730241316,Sharma,Mickey,P,M.D.,I,66 Ramapo Rd,,Garnerville,NY,36,10923,1,"Metropolitan area core: primary flow within an urbanized area of 50,000 and greater",US,Internal Medicine,Claim-Specialty,18773,19081.44,1444251.15,519947,686,,17398,17696.27,1302069.93,483544,,628,,2516,1074919.51,,16192,365119.34,,65,4212.3,,3729,238495.94,,15044,1205755.21,,13541,1140787.48,,5232,303463.67,140,2004.05,2688,46,0.74575187769669,12,471.42,116,,8.5714285714286,405,20039.29,165,,505,84120.57,,79,80.024781341108,58,137,233,258,454,232,546,61,,61,,12,432,254,2.3170599338255
1730251687,Sofat,Suresh,,MD,I,64 Davison Court,,Lockport,NY,36,14094,2,"Metropolitan area high commuting: primary flow 30% or more to a urbanized area of 50,000 and greater",US,Internal Medicine,Claim-Specialty,9544,20645.61,871374.83,607250,514,,9098,19998.73,845621.11,588489,,492,,1087,668693.76,,8400,200095.74,,57,2585.33,,7527,664532.28,,2017,206842.55,,1926,165932.03,,7618,705442.8,260,4349.72,7385,41,2.7242246437552,12,797.65,360,,4.6153846153846,285,2199.8,131,*,,,*,,76.173151750973,22,208,190,94,285,229,466,25,,,0,16,71,443,1.4409578517249
1730264441,Alam,Mohammed,J,M.D.,I,100 Patriots Rd,,Stony Brook,NY,36,11790,1,"Metropolitan area core: primary flow within an urbanized area of 50,000 and greater",US,Internal Medicine,Claim-Specialty,4378,4391.4,337443.85,99869,175,"#",,,,,"#",,,700,275472.88,,3661,61582.12,,17,388.85,,112,6444.63,,4266,330999.22,,3642,279305.64,,736,58138.21,47,906.46,1205,,1.0735495660119,14,597.44,384,,29.787234042553,150,6873.3,59,*,,,*,,85.691428571429,,,,,42,133,162,,,,0,,126,49,2.4689672866814
1730284308,Chan,Chun-Kit,,D.O.,I,2 Mott St Rm 305,,New York,NY,36,10013,1,"Metropolitan area core: primary flow within an urbanized area of 50,000 and greater",US,Internal Medicine,Claim-Specialty,8572,17522.6,1789849.7,517872,467,,8193,16885.68,1711855.51,499363,,451,,1389,1565185.94,,7026,221794.56,,157,2869.2,,8115,1712149.71,,457,77699.99,,8229,1767686.5,,343,22163.2,,,,,,,,,,,74,345.19,63,,42,433.06,*,,71.995717344754,16,320,106,25,213,254,,,451,,0,,425,42,1.0122714489902
1730295155,Dhanoa,Pardeep,P,DO,I,1026 Union Rd,,West Seneca,NY,36,14224,1,"Metropolitan area core: primary flow within an urbanized area of 50,000 and greater",US,Internal Medicine,Claim-Specialty,2797,6891.63,105851.54,200721,305,,2665,6590.83,102716.87,192268,,284,,287,63431.81,,2461,41578.36,,49,841.37,,2784,105443.45,,13,408.09,,734,31703.58,,2063,74147.96,32,620.69,600,13,1.1440829460136,0,0,0,0,0,53,666.55,37,*,,,*,,71.993442622951,21,182,84,18,123,182,123,87,65,12,0,18,49,256,0.82584398907104
1730306507,Dacosta,Robin,S,M.D.,I,1743 N Ocean Ave,,Medford,NY,36,11763,1,"Metropolitan area core: primary flow within an urbanized area of 50,000 and greater",US,Internal Medicine,Claim-Specialty,5188,12195.09,478972.15,355173,468,,4776,11335.22,434115.96,330858,,414,,549,383064.58,,4609,94332.51,,30,1575.06,,1807,174272.35,,3381,304699.8,,1026,158669.09,,4162,320303.06,41,320.27,1069,15,0.79028527370856,0,0,0,0,0,212,2790.45,138,,0,0,,0,72.938034188034,54,207,155,52,339,129,401,,13,37,,,84,384,1.4512301622647
1730363623,Park,Boma,,MD,I,107 W 4th St,,Mount Vernon,NY,36,10550,1,"Metropolitan area core: primary flow within an urbanized area of 50,000 and greater",US,Internal Medicine,Claim-Specialty,2959,6745.93,649973.57,199709,186,,2585,6008.93,540399.21,177992,,168,,550,578502.55,,2345,67915.82,,64,3555.2,,2370,535291.77,,589,114681.8,,1987,448784.81,,972,201188.76,55,523.24,1383,11,1.8587360594796,0,0,0,0,0,26,190.25,19,,0,0,,0,71.844086021505,18,105,51,12,132,54,20,119,,19,,24,96,90,1.0347108422939
1730418369,Zhu,Qinghua,,,I,585 Schenectady Ave,,Brooklyn,NY,36,11203,1,"Metropolitan area core: primary flow within an urbanized area of 50,000 and greater",US,Internal Medicine,Claim-Specialty,5881,15371.35,241236.52,450899,630,,5675,15057.06,229572.84,441547,"#",,,392,144582.65,,5446,95611.669999999,,43,1042.2,"#",,,*,,,,758,38991.5,,5123,202245.02,120,1852.12,2300,22,2.0404693079408,0,0,0,0,0,155,1827.85,103,,22,384.33,*,,76.584126984127,,,,,423,207,308,,226,41,,47,54,576,1.0250167384558
1730424284,Arevalo,Cecilia,E,PA-C,I,4008 Forley St,,Elmhurst,NY,36,11373,1,"Metropolitan area core: primary flow within an urbanized area of 50,000 and greater",US,Physician Assistant,NPPES-Specialty,5193,11105.92,1171245.09,326675,454,,4650,10209.79,1065392.44,300403,,405,,951,953011.17,,4130,215549.72,,112,2684.2,,4561,1045951.68,,632,125293.41,,4494,1128674.92,,699,42570.17,41,1373.35,1187,,0.789524359715,0,0,0,,0,49,458.28,37,,46,43874.17,*,,72.632158590308,49,230,120,55,278,176,14,0,,430,0,,358,96,1.1803826539571
1730591330,Schaefle,Kenneth,J,M.D.,I,100 E 77th St,,New York,NY,36,10075,1,"Metropolitan area core: primary flow within an urbanized area of 50,000 and greater",US,Cardiology,Claim-Specialty,2529,4053.14,388782.87,117902,299,,2127,3454.61,279070.71,100592,,246,,469,312123.05,,2003,75428.89,,57,1230.93,,2141,297723.85,,388,91059.02,,2270,380810.16,,259,7972.71,62,693.64,1042,27,2.4515618821669,,,,,,31,6786.97,23,*,,,*,,71.545150501672,53,127,79,40,194,105,12,107,,169,0,,252,47,1.6866631569852
1730685231,Eng,Timothy,,,I,506 6th St,,Brooklyn,NY,36,11215,1,"Metropolitan area core: primary flow within an urbanized area of 50,000 and greater",US,Internal Medicine,Claim-Specialty,7947,13106.73,1384862.14,372850,721,,7851,12941.93,1367457.36,368112,,707,,1544,1137554.85,,6302,243974.96,,101,3332.33,,7672,1339125.34,,275,45736.8,,7669,1340133.78,,278,44728.36,,,,,,,,,,,270,2499.68,175,,31,1938.88,,12,72.113730929265,14,504,163,40,372,349,,,701,,0,,696,25,1.2109639381102
1730692021,Huang,Ann,,,I,6010 Bay Pkwy Ste 901,,Brooklyn,NY,36,11204,1,"Metropolitan area core: primary flow within an urbanized area of 50,000 and greater",US,Nurse Practitioner,Claim-Specialty,10461,19560.56,1930156.67,565871,1393,,10214,19075.77,1866420.56,551864,,1364,,2290,1642001.35,,7974,282984.38,,197,5170.94,,9673,1779013.47,,788,151143.2,,10127,1895447.91,,334,34708.76,,,,,,,,,,,224,2224.81,210,,26,1030.81,,12,75.24335965542,29,744,369,251,797,596,,,1360,12,,,1325,68,1.3709595406738
1740211515,Stevens,Arthur,L,M.D.,I,1201 Nott St,Suite 102,Schenectady,NY,36,12308,1,"Metropolitan area core: primary flow within an urbanized area of 50,000 and greater",US,Internal Medicine,Claim-Specialty,16551,27961.17,1146627.73,796983,1156,,13535,24194.62,953026.45,698211,,940,,1772,874740.03,,14579,264322.19,,200,7565.51,,9901,679293.88,,6650,467333.85,,5275,318210.47,,11276,828417.26,327,7984.46,8551,69,1.9757114373754,28,940.86,840,,8.5626911314985,312,4352.36,191,,69,1301.29,,12,71.782006920415,216,412,368,160,585,571,1041,36,11,19,0,49,342,814,1.0859740704717
1740224641,Redhead,Antonia,,MD,I,1461 Kensington Ave,,Buffalo,NY,36,14215,1,"Metropolitan area core: primary flow within an urbanized area of 50,000 and greater",US,Family Practice,Claim-Specialty,11342,16453.54,920439.96,475146,303,,8163,12307.79,660481.49,355620,,230,,1446,698001.11,,9671,216605.61,,225,5833.24,,8228,612477.96,,3114,307962,,8765,754024.41,,2577,166415.55,399,17394.06,7367,78,3.5178980779404,23,829.45,690,,5.7644110275689,75,496.1,60,,38,575.34,*,,69.382838283828,73,156,51,23,246,57,29,263,,,0,,180,123,1.3291814644164
1740240282,Jhaveri,Jayant,J,MD,I,267 Andrews St,St. Lawrence Internists,Massena,NY,36,13662,4,"Micropolitan area core: primary flow within an urban cluster of 10,000 to 49,999",US,Internal Medicine,Claim-Specialty,11206,27735.46,2109770.35,816874,727,,10275,25836.94,1937831.63,761351,,677,,1604,1845812.72,,9494,258145.17,,108,5812.46,,6156,1158454.83,,5050,951315.52,,1957,384464.38,,9249,1725305.97,184,4904.87,4865,51,1.6419775120471,19,1077.5,570,,10.326086956522,170,5332.19,109,,59,2023.75,,17,75.244841815681,50,310,256,111,353,374,701,0,,,,13,106,621,1.1583082616868
1740246735,Carlson Jr,Richard,A,MD,I,1491 Sheridan Dr,Sheridan Medical Group,Tonawanda,NY,36,14217,1,"Metropolitan area core: primary flow within an urbanized area of 50,000 and greater",US,Internal Medicine,Claim-Specialty,12631,20608.28,832287.16,501960,1002,,11507,18997.87,752423.68,466299,,931,,1330,651027.58,,11164,174968.84,,137,6290.74,,9961,615063.52,,2670,217223.64,,5537,242598.18,,7094,589688.98,101,19840.48,2557,33,0.79961998258253,29,18985.84,836,,28.712871287129,108,2254.24,72,,63,314.22,*,,75.829341317365,71,398,349,184,595,407,904,55,,11,,26,218,784,1.3396687462407
1740247493,Digby,Jessica,M,PA-C,I,110 W Utica St,,Oswego,NY,36,13126,4,"Micropolitan area core: primary flow within an urban cluster of 10,000 to 49,999",US,Physician Assistant,Claim-Specialty,2669,4739.59,234698.31,134876,376,,2270,4181.14,214353.13,119359,,344,,352,192074.55,,2303,42174.55,,14,449.21,,1644,123579.66,,1025,111118.65,,617,45119.04,,2052,189579.27,59,1035.04,1321,23,2.2105657549644,,,,,,108,1276.3,75,*,,,*,,71.869680851064,32,207,106,31,241,135,359,,,,0,,44,332,1.0393447549039
1740249937,Meloni,Stephen,J,M.D.,I,2300 W Jefferson Rd Ste 400,,Pittsford,NY,36,14534,1,"Metropolitan area core: primary flow within an urbanized area of 50,000 and greater",US,Internal Medicine,Claim-Specialty,7034,15192.21,411546.73,444358,734,,6744,14670.21,395542.16,429184,,706,,605,269597.4,,6394,140253.8,,35,1695.53,,6113,357644.72,,921,53902.01,,779,41800.76,,6255,369745.97,122,3031.72,2437,33,1.7344327551891,,,,,,95,4876.45,67,,38,452.02,*,,76.057220708447,28,311,271,124,370,364,653,23,,,0,41,60,674,1.0525174210663
1740254242,Hoag,Stephen,D,MD,I,4000 Medical Center Dr,Suite 104,Fayetteville,NY,36,13066,1,"Metropolitan area core: primary flow within an urbanized area of 50,000 and greater",US,Family Practice,Claim-Specialty,7095,12123.71,779221.84,348736,855,,5138,9409.01,596701.44,272459,,602,,961,627441.73,,6019,147079.72,,115,4700.39,,5140,524322.62,,1955,254899.22,,4250,455890.34,,2845,323331.5,349,17931.32,7662,85,4.9189570119803,33,11334.63,910,,9.4555873925501,86,8256.96,59,,57,4489.41,,13,67.359064327485,253,407,143,52,455,400,606,149,42,,,26,535,320,1.5091297224271
1740256908,Naarendorp,Michael,,M.D.,I,51 Saint Nicholas Ave,Apt Ph-3f,New York,NY,36,10026,1,"Metropolitan area core: primary flow within an urbanized area of 50,000 and greater",US,Rheumatology,Claim-Specialty,3266,3801.07,4509638.52,110386,325,,2357,2763.22,2660452.08,79992,,240,,794,4460496.92,,2461,49061.75,,11,79.85,,2951,3998746.82,,315,510891.7,,2879,4077836.54,,387,431801.98,,,,,,,,,,,12,139.05,11,,0,0,,0,69.061538461538,85,152,66,22,272,53,14,98,,205,0,,277,48,1.5487482132926
1740269000,Karetnick,Gerald,D,D.O.,I,36 College Ave,,Nanuet,NY,36,10954,1,"Metropolitan area core: primary flow within an urbanized area of 50,000 and greater",US,Family Practice,Claim-Specialty,12748,23280.7,1192835.32,674244,1037,,9606,19646.37,923901.81,570528,,873,,1350,875273.96,,11279,312967.06,,119,4594.3,,4031,477257.81,,8717,715577.51,,5778,582110.22,,6970,610725.1,117,3411.29,2227,26,0.9177910260433,,,,,,202,23667.08,126,,39,761.61,*,,73.677917068467,164,358,332,183,527,510,825,87,,54,,36,295,742,1.1720708868682
1740274752,Rowles,Cynthia,J,FNP,I,50 Lakefront Blvd,Suite 130,Buffalo,NY,36,14202,1,"Metropolitan area core: primary flow within an urbanized area of 50,000 and greater",US,Nurse Practitioner,Claim-Specialty,15051,15138.74,1323341.01,359812,468,,12167,12219.92,1050669.09,289186,,393,,3060,961781.67,,11869,354459.78,,122,7099.56,,7083,553139.71,,7968,770201.3,,14110,1265761.94,,941,57579.07,693,23570.09,8480,101,4.6043452262308,179,14922.06,2373,16,25.829725829726,280,13788.8,90,,563,54610.83,,83,75.388888888889,75,141,142,110,269,199,402,46,,,,,402,66,2.6849219424441
1740280171,Chen,Yanfeng,,M.D.,I,5517 7th Ave,1f,Brooklyn,NY,36,11220,1,"Metropolitan area core: primary flow within an urbanized area of 50,000 and greater",US,Internal Medicine,Claim-Specialty,22802,33263.48,3364959.55,962045,1342,,22130,32381.61,3283184.07,936612,,1309,,4443,2864337.2,,18162,496301.28,,197,4321.07,,19490,2981220.69,,3312,383738.86,,22219,3299642.52,,583,65317.03,17,117.22,131,,0.074554863608455,0,0,0,,0,503,2340.67,377,,55,819.39,,11,73.5521609538,33,818,355,136,710,632,,,1312,,0,11,1268,74,1.1550117837085
1740292051,Gulati,Sandeep,,D.O.,I,4234 Bronx Blvd,,Bronx,NY,36,10466,1,"Metropolitan area core: primary flow within an urbanized area of 50,000 and greater",US,Neurology,Claim-Specialty,3720,4746.66,2378307.42,138749,582,,2945,3713.83,1383662.24,108484,,484,,774,2215134.05,,2934,162557.18,,12,616.19,,2789,1462495.74,,931,915811.68,,2668,1694272,,1052,684035.42,128,1315.08,3204,39,3.4408602150538,,,,,,,,,,90,76548.39,,30,72.805841924399,98,219,205,60,390,192,92,148,19,287,0,36,378,204,1.5922834174746
1740354539,Hong,Jae,K,MD,I,"142 05 Roosevelt Ave # 109",,Flushing,NY,36,11354,1,"Metropolitan area core: primary flow within an urbanized area of 50,000 and greater",US,Internal Medicine,Claim-Specialty,3659,3725.21,234675.4,90088,111,"#",,,,,"#",,,707,156401.29,,2924,75942.38,,28,2331.73,,913,53103.19,,2746,181572.21,,3572,228541.5,,87,6133.9,,,,,,,,,,,174,7385.01,54,*,,,*,,85.36036036036,,,,,81,30,,,90,,,,98,13,1.8340934711445
1740440155,Yiu,John,,MD,I,757 60th St,First Floor,Brooklyn,NY,36,11220,1,"Metropolitan area core: primary flow within an urbanized area of 50,000 and greater",US,Family Practice,Claim-Specialty,12277,20552.12,2157271.5,597870,1344,,12072,20300.32,2148175.44,590553,,1321,,2218,1770087.54,,9874,383388.1,,185,3795.86,,11413,1990297.39,,864,166974.11,,11867,2102874.46,,410,54397.04,20,251.88,228,13,0.16290624745459,0,0,0,0,0,193,1788.97,163,,40,481.68,,12,74.721726190476,23,760,359,202,708,636,,,1313,11,0,12,1272,72,1.2545378987177
1740487370,Williams,Stacey,R,NURSE PRACTITIONER,I,5300 Military Rd,,Lewiston,NY,36,14092,1,"Metropolitan area core: primary flow within an urbanized area of 50,000 and greater",US,Nurse Practitioner,NPPES-Specialty,1697,1713.72,290822.82,37896,112,,898,911.32,56696.09,20469,,60,"#",,,,1376,55453.32,*,,,,0,0,,1697,290822.82,,1697,290822.82,,0,0,21,190.21,358,,1.2374779021803,0,0,0,,0,137,2309.42,38,*,,,*,,64.75,52,51,,,29,83,80,27,,,0,0,112,0,1.60144375
1740525146,Talton,Yvette,B,FNP,I,2561 Lac De Ville Blvd Ste 202,,Rochester,NY,36,14618,1,"Metropolitan area core: primary flow within an urbanized area of 50,000 and greater",US,Nurse Practitioner,Claim-Specialty,4484,9112.19,251873.68,261108,603,,3524,7584.44,207152.2,219530,,530,,401,156452.45,,4054,94547.98,,29,873.25,,3742,215230.36,,742,36643.32,,1509,75412.47,,2975,176461.21,137,6316.82,3761,44,3.0553077609277,,,,,,124,847.64,96,*,,,*,,71.585406301824,73,309,181,40,563,40,493,66,,17,,25,124,479,0.96302282775891
1740546746,Heetderks,Gerrit,W,MD,I,4435 Seneca Rd,,Trumansburg,NY,36,14886,2,"Metropolitan area high commuting: primary flow 30% or more to a urbanized area of 50,000 and greater",US,Family Practice,Claim-Specialty,4837,8950.67,363905.23,255939,566,,4159,7966.4,321934.89,228697,,513,,504,285192.2,,4258,75499.9,,75,3213.13,,2456,208296.95,,2381,155608.28,,1466,107753.5,,3371,256151.73,65,584.19,1298,32,1.3438081455448,0,0,0,0,0,180,1597.57,141,,41,5882.42,*,,72.614840989399,53,284,173,56,307,259,535,0,,,0,25,126,440,0.90158205593263
1740556661,Suter,Zachary,D,M.D.,I,2400 Clinton Ave S Bldg H,,Rochester,NY,36,14618,1,"Metropolitan area core: primary flow within an urbanized area of 50,000 and greater",US,Internal Medicine,Claim-Specialty,9070,18320.43,789214.25,530747,788,,8622,17661.92,759385.94,512360,,757,,895,598888.67,,8078,180319.09,,97,10006.49,,7856,640802.25,,1214,148412,,1231,172561.44,,7839,616652.81,148,2723.68,2666,36,1.6317530319735,28,1498.21,830,,18.918918918919,245,2515.5,151,,14,2922.23,*,,75.374365482234,31,346,303,108,493,295,710,25,,,0,39,63,725,0.96542178977822
1740562495,Owusu,Edith,A,PHARMD,I,11 Ashford Ave,,Dobbs Ferry,NY,36,10522,1,"Metropolitan area core: primary flow within an urbanized area of 50,000 and greater",US,Pharmacist,NPPES-Taxonomy,25,25,6393.95,25,22,"#",,,,,"#",,,25,6393.95,,0,0,,0,0,"#",,,*,,,*,,,"#",,,0,0,0,0,0,0,0,0,0,,0,0,0,*,,,*,,72.909090909091,,,,,,,17,,0,,0,0,,,1.2697727272727
1740586973,Kaur,Simranjit,,,I,686 Nicolls Rd,,Deer Park,NY,36,11729,1,"Metropolitan area core: primary flow within an urbanized area of 50,000 and greater",US,Pharmacist,NPPES-Taxonomy,17,17,4844.1,46,16,,17,17,4844.1,46,,16,,17,4844.1,,0,0,,0,0,*,,,"#",,,*,,,"#",,,0,0,0,0,0,0,0,0,0,,0,0,0,,0,0,,0,77.875,0,,,,,,11,,0,0,0,,,,0.90571875
1740627942,Campana,Paul,,,I,2914 Elmwood Ave,,Kenmore,NY,36,14217,1,"Metropolitan area core: primary flow within an urbanized area of 50,000 and greater",US,Family Practice,Claim-Specialty,7249,13591.7,726217.16,389679,487,,6429,12329.18,610815.94,354174,,447,,984,577791.6,,6176,142241.19,,89,6184.37,,5670,510979.82,,1579,215237.34,,1876,220984.28,,5373,505232.88,303,7470.45,6826,69,4.1798868809491,17,2689.02,510,,5.6105610561056,241,3830.95,147,,53,930.9,,11,74.671457905544,40,205,166,76,282,205,443,15,,,,18,88,399,1.1581897791704
1740629112,Zhou,Zhigang,,MD,I,4422 3rd Ave,Dept Of Internal Med Mills 3rd Fl,Bronx,NY,36,10457,1,"Metropolitan area core: primary flow within an urbanized area of 50,000 and greater",US,Internal Medicine,Claim-Specialty,11059,18998.57,2718935.43,552884,612,,10725,18499.05,2648381.66,538458,,592,,2606,2487110.85,,8237,225707.85,,216,6116.73,,10602,2664508.36,,457,54427.07,,10666,2677526.44,,393,41408.99,,,,,,,,,,,113,918.18,92,,11,173.89,*,,73.437908496732,20,371,152,69,317,295,,0,600,,0,,552,60,1.2905074466299
1740669050,Lee,Angel,,MD,I,731 White Plains Rd,,Bronx,NY,36,10473,1,"Metropolitan area core: primary flow within an urbanized area of 50,000 and greater",US,Family Practice,Claim-Specialty,2233,3863.47,430367.71,113830,166,,1762,3087.94,283695.32,91372,,127,,472,383645.7,,1663,29860.99,,98,16861.02,,2039,400217.39,,194,30150.32,,1862,397424.03,,371,32943.68,,,,,,,,,,,14,79.15,12,*,,,*,,68.885542168675,39,79,,,116,50,11,60,,82,0,,116,50,1.3452372041198
1740674191,Tran,Canh,,MD,I,1014 Oswegatchie Trail Rd,,Star Lake,NY,36,13690,10,"Rural areas: primary flow to a tract outside a urbanized area of 50,000 and greater or UC",US,Hospitalist,Claim-Specialty,5652,10632.26,550672.46,300637,487,,4937,9374.74,448723.92,264698,,430,,908,439314,,4681,109182.22,,63,2176.24,,2696,269046.07,,2956,281626.39,,2378,232415.06,,3274,318257.4,166,3796.61,3917,42,2.9370134465676,19,1534.29,532,,11.44578313253,61,5733.22,46,,55,2079.63,*,,73.349075975359,57,225,147,58,238,249,468,,,,,15,121,366,1.1732140582826
1740810019,Dawoodbhai,Murtaza,,RPH,I,134 Commonwealth St,,Franklin Square,NY,36,11010,1,"Metropolitan area core: primary flow within an urbanized area of 50,000 and greater",US,Pharmacist,NPPES-Taxonomy,15,15,2742.14,15,15,,15,15,2742.14,15,,15,,15,2742.14,,0,0,,0,0,*,,,"#",,,,0,0,,15,2742.14,0,0,0,0,0,0,0,0,0,,0,0,0,,0,0,,0,73.866666666667,0,,,0,,,,,,,0,,0,15,0.645
1750325320,Love,Robert,F,M.D.,I,3 Irongate Center,,Glens Falls,NY,36,12801,1,"Metropolitan area core: primary flow within an urbanized area of 50,000 and greater",US,Family Practice,Claim-Specialty,9534,20964.02,1144338.4,609554,653,,8730,19537.05,1035966.09,569142,,596,,1278,944784.94,,8147,194604.02,,109,4949.44,,6585,725861.07,,2949,418477.33,,2702,385524.64,,6832,758813.76,176,2121.26,3506,33,1.8460247535137,,,,,,138,12097.62,88,,31,1772.3,*,,74.212863705972,57,276,242,78,328,325,613,,,,0,31,133,520,1.1881723789366
1750334157,Valery,Emmanuel,,MD,I,86 E 49th Street,Suite C&d,Brooklyn,NY,36,11203,1,"Metropolitan area core: primary flow within an urbanized area of 50,000 and greater",US,Internal Medicine,NPPES-Specialty,15045,30954.22,2930105.69,915874,787,,13486,28023.51,2643149.32,829537,,705,,2724,2311559.64,,11735,581163.57,,586,37382.48,,12728,2536698.29,,2317,393407.4,,12220,2494835.54,,2825,435270.15,97,455.41,1694,31,0.64473246925889,0,0,0,0,0,111,1192.93,84,,61,23623.93,,15,73.053367217281,82,378,240,87,479,308,19,642,,50,,69,551,236,1.519819260985
1750342226,Meester,Deborah,,MD,I,3 Curtis Rd,,Vernon,NY,36,13476,4,"Micropolitan area core: primary flow within an urban cluster of 10,000 to 49,999",US,Family Practice,Claim-Specialty,5550,11595.13,544303.02,333020,550,,5058,10741.47,502217.16,308759,,503,,778,450993.15,,4713,91116.89,,59,2192.98,,3559,333457.18,,1991,210845.84,,1557,212047.69,,3993,332255.33,206,8273.81,5036,42,3.7117117117117,21,4696.85,630,,10.194174757282,199,1466.33,125,*,,,*,,74.125454545455,47,254,174,75,367,183,516,,,,0,29,107,443,1.0199935705543
1750348983,Tsou,John,Y,M.D.,I,815 Union St,,Hudson,NY,36,12534,4,"Micropolitan area core: primary flow within an urban cluster of 10,000 to 49,999",US,Internal Medicine,Claim-Specialty,12840,18230.79,1334613.74,476406,569,,11228,16107.89,1107746.33,422715,,507,,2046,1064805.19,,10493,241975.9,,301,27832.65,,7511,734103.92,,5329,600509.82,,9145,751176.03,,3695,583437.71,482,47219.67,11280,93,3.7538940809969,72,36382.35,1799,13,14.9377593361,302,7128.62,129,,409,27497.73,,54,75.604569420035,62,195,196,116,335,234,486,41,15,13,0,14,310,259,1.7519092846466
1750349254,Ramzan,Muhammad,,MD,I,13847 Horace Harding Expy,,Flushing,NY,36,11367,1,"Metropolitan area core: primary flow within an urbanized area of 50,000 and greater",US,Hospitalist,Claim-Specialty,15079,18919.39,1504618.56,508629,533,,13934,17649.41,1391463.08,477796,,495,,2708,1227510.84,,12085,265348.79,,286,11758.93,,9189,977543.76,,5890,527074.8,,12796,1304167.6,,2283,200450.96,64,461.19,1015,32,0.42443132833742,0,0,0,0,0,371,36864.27,154,,126,9322.4,,28,76.275797373358,38,201,178,116,315,218,107,116,150,116,,,392,141,2.8305987919279
1750363446,Filion,Paul,R,M.D.,I,3 Irongate Center,,Glens Falls,NY,36,12801,1,"Metropolitan area core: primary flow within an urbanized area of 50,000 and greater",US,Family Practice,Claim-Specialty,6909,14876.53,446455.89,438449,555,,6323,13946.63,413707.3,411648,,521,,752,326412.4,,6095,117277.55,,62,2765.94,,4977,288649.46,,1932,157806.43,,1432,89669.19,,5477,356786.7,76,1591.79,1854,25,1.1000144738747,,,,,,70,1093.88,47,,26,255.61,*,,74.318918918919,34,252,200,69,295,260,533,,,,0,13,87,468,1.0290154320094
1750392411,Jivani,Aslam,A,,I,8812 Queens Blvd Ste 1,,Elmhurst,NY,36,11373,1,"Metropolitan area core: primary flow within an urbanized area of 50,000 and greater",US,Internal Medicine,Claim-Specialty,15665,29504.82,5396943.98,855778,1022,,13451,25972.66,4645708.04,754632,,905,,4555,5027588.07,,11009,365739.88,,101,3616.03,,12267,4480964.54,,3398,915979.44,,12136,4581816.04,,3529,815127.94,243,16201.41,5755,34,1.5512288541334,16,10913.82,480,,6.5843621399177,283,37229.7,151,,13,280.39,*,,72.315068493151,117,523,286,96,611,411,196,78,224,455,,,703,319,1.4461299976131
1750471587,Malik,Rubina,A,MD,I,Medical Arts Pavilion,"3400 Bainbridge Avenue, 2nd Fl",Bronx,NY,36,10467,1,"Metropolitan area core: primary flow within an urbanized area of 50,000 and greater",US,Geriatric Medicine,Claim-Specialty,2281,3969.91,284258.92,108613,413,"#",,,,,"#",,,557,240438.77,,1688,42783.71,,36,1036.44,,1558,197223.7,,723,87035.22,,1444,188622.37,,837,95636.55,35,230.19,560,17,1.5344147303814,0,0,0,0,0,15,627.41,13,*,,,*,,79.411622276029,,,,,276,137,220,79,16,82,0,16,148,265,1.6404869770319
1750490439,Rajput,Hashmat,,MD,I,2042 Albany Post Road,Suite 3,Croton,NY,36,10520,1,"Metropolitan area core: primary flow within an urbanized area of 50,000 and greater",US,Internal Medicine,Claim-Specialty,5822,6218.97,601460.5,143127,219,,5713,6098.44,557197.19,140523,"#",,"#",,,,4803,128010.21,*,,,,1154,99919.08,,4668,501541.42,,3335,312116.75,,2487,289343.75,40,833.47,411,24,0.68704912401237,,,,,,122,22337.37,53,,177,40540.55,*,,81.96803652968,,,,,147,72,186,17,,,0,,104,115,2.4618088706092
1750529103,Reid,Ofrona,A,M.D.,I,321 Genesee St,,Oneida,NY,36,13421,4,"Micropolitan area core: primary flow within an urban cluster of 10,000 to 49,999",US,Hospitalist,Claim-Specialty,3649,5060.85,311716.36,144802,364,,2479,3479.47,218171.91,100156,,237,,476,259046.6,,3088,50553.12,,85,2116.64,,3192,275216.35,,457,36500.01,,3267,288946.01,,382,22770.35,26,198.32,548,,0.71252397917238,0,0,0,,0,78,742.98,74,,14,98.1,*,,65.274725274725,127,185,41,11,205,159,108,192,,44,,,298,66,1.6199100002289
1750533428,Yan,Henry,J,MD,I,41-40 Union Street,"#2",Flushing,NY,36,11355,1,"Metropolitan area core: primary flow within an urbanized area of 50,000 and greater",US,Internal Medicine,Claim-Specialty,11162,17684.25,798200.68,474874,388,,11097,17583.25,796849.33000001,472288,"#",,,1127,607313.83,,9923,188589.25,,112,2297.6,,9649,666118.64,,1513,132082.04,,9152,679326.79,,2010,118873.89,12,36.74,69,,0.10750761512274,0,0,0,,0,564,3840.94,221,,55,902.53,*,,75.711340206186,,,,,228,160,,,349,14,0,19,257,131,1.1637079995296
1750535241,Goodman,Stephanie,M,D.O.,I,4525 Henry Hudson Pkwy,,Bronx,NY,36,10471,1,"Metropolitan area core: primary flow within an urbanized area of 50,000 and greater",US,Internal Medicine,Claim-Specialty,839,839.75,25704.09,23783,87,,198,198.51,8887.74,5372,,24,"#",,,,732,14006.1,*,,,,151,2059.97,,688,23644.12,,839,25704.09,,0,0,0,0,0,0,0,0,0,0,0,,,,,,0,0,,0,55.758620689655,63,18,,,32,55,45,20,,18,0,,87,0,1.3067777080775
1750604294,Brawdy-Carlo,Amy,,RPH,I,851 Fairport Rd,,East Rochester,NY,36,14445,1,"Metropolitan area core: primary flow within an urbanized area of 50,000 and greater",US,Pharmacist,NPPES-Taxonomy,23,23,5924.61,23,22,"#",,,,,"#",,,23,5924.61,,0,0,,0,0,*,,,"#",,,*,,,"#",,,0,0,0,0,0,0,0,0,0,,0,0,0,*,,,*,,76.954545454545,,,,,,,20,,0,0,0,,,,1.1906363636364
1750631446,Gu,Kangxia,,MD,I,131-72 40th Road,,Flushing,NY,36,11354,1,"Metropolitan area core: primary flow within an urbanized area of 50,000 and greater",US,Internal Medicine,NPPES-Specialty,7417,10481.05,710111.9,310539,304,,7340,10320.89,674135.99,305840,"#",,,980,548614.44,,6329,159415.37,,108,2082.09,,7091,677797.58,,326,32314.32,,6973,679862.51,,444,30249.39,0,0,0,0,0,0,0,0,0,,26,126.8,26,,0,0,*,,72.796052631579,,,,,196,108,,,293,,0,,268,36,0.93252234535148
1750696506,Vernik,Oksana,,PHARMD,I,713 Brighton Beach Ave,,Brooklyn,NY,36,11235,1,"Metropolitan area core: primary flow within an urbanized area of 50,000 and greater",US,Pharmacist,NPPES-Taxonomy,22,22,5175.96,22,21,,22,22,5175.96,22,,21,,22,5175.96,,0,0,,0,0,"#",,,*,,,*,,,"#",,,0,0,0,0,0,0,0,0,0,,0,0,0,,0,0,,0,76.571428571429,0,,13,,,,15,0,0,,0,,,,1.2116666666667
1750735684,Mimken,Charles,,MD,I,226 W 14th St,,New York,NY,36,10011,1,"Metropolitan area core: primary flow within an urbanized area of 50,000 and greater",US,Internal Medicine,Claim-Specialty,5951,13954.62,579019.93,409230,692,,5558,13248.31,530181.67,388683,,653,,541,436985.55,,5368,140016.05,,42,2018.33,,5121,438830.71,,830,140189.22,,900,96035.09,,5051,482984.84,167,4117.42,4135,33,2.8062510502437,,,,,,95,1486.16,67,,12,445.88,*,,74.114161849711,39,328,252,73,412,280,611,29,,20,,27,92,600,1.0839759679972
1750737086,Haroon,Aasiya,,MD,I,507 Main St,,Johnson City,NY,36,13790,1,"Metropolitan area core: primary flow within an urbanized area of 50,000 and greater",US,Geriatric Medicine,Claim-Specialty,396,396,35343.91,8902,68,,340,340,25042.55,7468,"#",,"#",,,,313,6972.58,*,,,,254,24582.82,,142,10761.09,,348,33168,,48,2175.91,,,,,,,,,,,26,1708.95,15,,22,354.51,*,,75.558823529412,,,,,41,27,54,,,,0,0,,,3.3639171802156
1750773610,Shen,Eduardo,,PHARM.D.,I,125-133 3rd Avenue,,New York,NY,36,10003,1,"Metropolitan area core: primary flow within an urbanized area of 50,000 and greater",US,Pharmacist,NPPES-Taxonomy,25,25,7225.86,25,24,,25,25,7225.86,25,,24,,25,7225.86,,0,0,,0,0,*,,,"#",,,*,,,"#",,,0,0,0,0,0,0,0,0,0,,0,0,0,,0,0,,0,79,0,,,,,,18,,,0,0,,,,1.3161431554642
1750864880,Tsimbikos,Elaina,,,I,205 Prospect Park W,,Brooklyn,NY,36,11215,1,"Metropolitan area core: primary flow within an urbanized area of 50,000 and greater",US,Pharmacist,NPPES-Taxonomy,33,33,8471.45,33,29,,33,33,8471.45,33,,29,,33,8471.45,,0,0,,0,0,*,,,"#",,,*,,,"#",,,0,0,0,0,0,0,0,0,0,,0,0,0,,0,0,,0,73.103448275862,0,19,,,16,13,23,0,0,,0,,,,0.67234482758621
1750933503,Arrieta,Steve,,PA-C,I,2257 Adam Clayton Powell Jr Blvd,,New York,NY,36,10027,1,"Metropolitan area core: primary flow within an urbanized area of 50,000 and greater",US,Physician Assistant,NPPES-Specialty,1762,3905.29,214763.39,114313,329,,1518,3385.19,174023.01,99229,,277,,225,178032.55,,1487,34822.36,,50,1908.48,,1602,178753.4,,160,36009.99,,1313,175860.41,,449,38902.98,11,55.07,224,,0.62429057888763,0,0,0,,0,20,106.86,18,*,,,*,,72.079027355623,52,139,108,30,160,169,,171,,137,,,220,109,1.6340863493866
1750940151,Bachilas,Holly,E,MD,I,24 Fairfield Ave,,Schroon Lake,NY,36,12870,10,"Rural areas: primary flow to a tract outside a urbanized area of 50,000 and greater or UC",US,Family Practice,Claim-Specialty,3785,6784.91,457560.32,189502,530,,2826,5492.81,292047.91,154696,,428,,487,359509.8,,3235,95147.81,,63,2902.71,,2350,287274.9,,1435,170285.42,,1888,284194.94,,1897,173365.38,204,17780.73,4272,62,5.3896961690885,21,13946.55,523,,10.294117647059,158,23070.95,101,,20,934.3,*,,71.081132075472,102,212,158,58,344,186,511,,,,0,,177,353,1.1886070002988
1750941910,Petitt,Elizabeth,M,NP,I,1783 Route 9 Ste 204,,Halfmoon,NY,36,12065,1,"Metropolitan area core: primary flow within an urbanized area of 50,000 and greater",US,Nurse Practitioner,Claim-Specialty,3307,7935.37,334113.28,230811,536,,2960,7244.27,293603.23,211278,,483,,392,266565.81,,2894,66926.01,,21,621.46,,2235,227040.76,,1072,107072.52,,689,114851.88,,2618,219261.4,14,299.37,276,,0.42334442092531,,,,,,63,631.73,50,*,,,*,,72.143656716418,53,279,150,54,384,152,490,,,11,0,23,90,446,0.93106961448117
1760047963,Oakley,Colbert,P,PA-C,I,622 W 168th St,,New York,NY,36,10032,1,"Metropolitan area core: primary flow within an urbanized area of 50,000 and greater",US,Physician Assistant,NPPES-Specialty,3235,7068.05,444559.62,207501,553,,2787,6089.14,327913.38,178756,,483,,403,367273.03,,2748,73291.75,,84,3994.84,,2764,383720.9,,471,60838.72,,2365,375996.62,,870,68563,40,861.06,980,18,1.2364760432767,0,0,0,0,0,47,394.87,43,,14,304.19,*,,72.649186256781,70,255,178,50,300,253,,372,11,133,,26,353,200,1.6298404546257
1760063986,Seeley,Jayce,,,I,8 W Main St,,Le Roy,NY,36,14482,3,"Metropolitan area low commuting: primary flow 10% to <30% to a urbanized area of 50,000 and greater",US,Pharmacist,NPPES-Taxonomy,80,80,20138.18,80,77,"#",,,,,"#",,,80,20138.18,,0,0,,0,0,"#",,,*,,,*,,,"#",,,0,0,0,0,0,0,0,0,0,,0,0,0,*,,,*,,72.766233766234,,,,,46,31,73,,0,0,0,,,,0.85551948051948
1760094924,Chang,Daniel,,,I,305 Broadway,,New York,NY,36,10007,1,"Metropolitan area core: primary flow within an urbanized area of 50,000 and greater",US,Pharmacist,NPPES-Taxonomy,20,20,5537.76,20,20,,20,20,5537.76,20,,20,,20,5537.76,,0,0,,0,0,*,,,"#",,,*,,,"#",,,0,0,0,0,0,0,0,0,0,,0,0,0,,0,0,,0,72.85,0,12,,,,,,,,,0,,,,1.04955
1760134894,To,Susan,V,PHARMD,I,32 E 170th St,,Bronx,NY,36,10452,1,"Metropolitan area core: primary flow within an urbanized area of 50,000 and greater",US,Pharmacist,NPPES-Taxonomy,31,31,7070.67,31,30,"#",,,,,"#",,,31,7070.67,,0,0,,0,0,"#",,,*,,,"#",,,*,,,0,0,0,0,0,0,0,0,0,,0,0,0,*,,,*,,69.9,,,,,17,13,,,0,22,0,0,,,1.4513
1760162507,Battista,Olivia,,"DNP, ANP-BC",I,3980a Sheridan Dr Ste 200,,Amherst,NY,36,14226,1,"Metropolitan area core: primary flow within an urbanized area of 50,000 and greater",US,Nurse Practitioner,Claim-Specialty,1404,1411.84,54480.96,13865,130,,1316,1323.84,52205.85,12704,"#",,"#",,,,1234,15599.78,*,,,,849,39297.91,,555,15183.05,,1061,39468.9,,343,15012.06,65,1004.68,1248,39,4.6296296296296,,,,,,51,10947.75,25,*,,,*,,80.546153846154,,,,,93,37,110,14,0,,0,,83,47,2.2925778881985
1760415038,Zhu,Dening,,M.D.,I,168 Centre St Fl 2,,New York,NY,36,10013,1,"Metropolitan area core: primary flow within an urbanized area of 50,000 and greater",US,Internal Medicine,Claim-Specialty,13912,22429.3,2214641.68,654328,602,,13586,22032.64,2165205.48,642725,,591,,2388,1766926.9,,11230,439837.78,,294,7877,,12980,2042594.01,,932,172047.67,,13445,2168736.92,,467,45904.76,,,,,,,,,,,165,1029.25,118,,39,1332.48,*,,73.259136212625,11,366,168,57,357,245,0,0,590,,0,,551,51,0.91544737933066
1760421127,Wenacur,Russell,,MD,I,6 Wellness Way Ste 201,,Latham,NY,36,12110,1,"Metropolitan area core: primary flow within an urbanized area of 50,000 and greater",US,Family Practice,Claim-Specialty,4056,8850.27,432873.84,256256,247,,3798,8443.86,399210.54,244770,,231,,533,359795.7,,3481,71776.05,,42,1302.09,,3196,335310.79,,860,97563.05,,475,54096.41,,3581,378777.43,29,107.32,252,,0.71499013806706,0,0,0,,0,97,5503.03,63,*,,,*,,73.582995951417,16,124,78,29,138,109,239,,0,,0,,18,229,1.2185150717117
1760428833,Coughlan,Margaret,,M.D.,I,3712 Route 44,,Millbrook,NY,36,12545,2,"Metropolitan area high commuting: primary flow 30% or more to a urbanized area of 50,000 and greater",US,Family Practice,Claim-Specialty,3118,7282.34,282239.73,209000,291,,2983,6997.34,275702.52,200995,"#",,,336,213422.27,,2745,68132.41,,37,685.05,,914,85290.23,,2204,196949.5,,294,39653.15,,2824,242586.58,55,1599.72,1306,,1.7639512508018,12,739.54,360,,21.818181818182,170,2691.8,113,*,,,*,,76.123711340206,,,,,186,105,269,0,,,0,17,13,278,0.88187375548727
1528641834,Aziz,Huda,,PA-C,I,2257 Adam Clayton Powell Jr Blvd,,New York,NY,36,10027,1,"Metropolitan area core: primary flow within an urbanized area of 50,000 and greater",US,Physician Assistant,Claim-Specialty,3952,8122.18,532460.92,236295,637,,3295,6854.98,408911.89,199867,,531,,629,446962.63,,3249,81879.79,,74,3618.5,,3340,447998.1,,612,84462.82,,3005,447545.49,,947,84915.43,25,157.97,619,13,0.63259109311741,0,0,0,0,0,50,699.52,46,,17,112.59,*,,71.615384615385,106,278,196,57,364,273,18,419,,162,,20,423,214,1.5879008945314
1538128764,Mendonza,Lisa,M,M.D.,I,2914 Elmwood Ave,,Kenmore,NY,36,14217,1,"Metropolitan area core: primary flow within an urbanized area of 50,000 and greater",US,Family Practice,Claim-Specialty,6974,15536.01,791755.95,448551,605,,6625,14890.38,707429.92,429902,,585,,916,645734.09,,5986,143510.88,,72,2510.98,,5639,615951.71,,1335,175804.24,,772,146754.93,,6202,645001.02,227,2165.29,5221,60,3.2549469457987,,,,,,301,3080.07,182,*,,,*,,74.831404958678,20,300,203,82,441,164,559,13,,,,18,48,557,0.97863683585946
1538131388,Baraya,Edgar,,MD,I,2045 Lafayette Ave,,Bronx,NY,36,10473,1,"Metropolitan area core: primary flow within an urbanized area of 50,000 and greater",US,Internal Medicine,NPPES-Specialty,13349,25668.98,1998724.04,746990,656,,11683,22645.33,1733158.83,659040,,591,,2241,1741866.32,,10857,247642.98,,251,9214.74,,10751,1643842.03,,2598,354882.01,,9941,1557595.48,,3408,441128.56,28,185.59,534,,0.20975353959098,0,0,0,,0,332,2403.17,183,*,,,*,,75.365853658537,65,249,235,107,429,227,35,60,12,538,,,389,267,1.2173089312856
1538141601,Coppens,Thomas,B,M.D.,I,3 Irongate Center,,Glens Falls,NY,36,12801,1,"Metropolitan area core: primary flow within an urbanized area of 50,000 and greater",US,Family Practice,Claim-Specialty,4237,9948.71,694214.16,290103,449,,3983,9514.1,447343.81,278428,,421,,619,619404.68,,3582,73310.9,,36,1498.58,,3064,327565.33,,1173,366648.83,,560,285365.5,,3677,408848.66,146,5282.92,3348,38,3.4458343167335,18,2639.47,540,,12.328767123288,63,947.59,55,,18,338.69,*,,74.567928730512,28,204,154,63,202,247,432,,0,,0,,51,398,1.1847652190052
1538154935,Peloro,Bartolo,,MD,I,2404 Gerritsen Ave,,Brooklyn,NY,36,11229,1,"Metropolitan area core: primary flow within an urbanized area of 50,000 and greater",US,Internal Medicine,Claim-Specialty,10156,17267.69,818524.91,485986,635,,9236,15744.66,703414.8,441768,,580,,1504,629644.07,,8607,185921.67,,45,2959.17,,6207,499305.88,,3949,319219.03,,5611,522026.92,,4545,296497.99,66,1424.11,1711,17,0.64986215045293,0,0,0,0,0,210,37641.26,120,,109,13625.19,,19,76.571653543307,55,227,208,145,404,231,540,23,,47,,17,232,403,1.4845521502076
1538163191,Sun,Yin,,MD,I,185 Canal St Suite 506,,New York,NY,36,10013,1,"Metropolitan area core: primary flow within an urbanized area of 50,000 and greater",US,Internal Medicine,Claim-Specialty,12875,21246.31,1664513.62,585406,810,,12672,20893.45,1646555.4,575898,,791,,1733,1336509.25,,10998,326002.28,,144,2002.09,,12498,1621863.11,,377,42650.51,,12466,1612654.69,,409,51858.93,,,,,,,,,,,754,3354.48,426,,20,371.16,*,,72.232098765432,19,551,194,46,449,361,,,790,0,0,16,761,49,1.2975086659903
1538169404,Nakao,Michael,,MD,I,5 Palisades Dr,Ste 100,Albany,NY,36,12205,1,"Metropolitan area core: primary flow within an urbanized area of 50,000 and greater",US,Pulmonary Disease,Claim-Specialty,5526,6871.68,1939650.37,92477,3453,,5078,6277.2,1791834.42,81283,,3258,,4801,1794337.97,"#",,,*,,,,3650,1135893.86,,1876,803756.51,,1186,391458.66,,4340,1548191.71,,,,,,,,,,,105,1260.48,70,,0,0,,0,73.506226469736,195,1811,1189,258,1946,1507,3158,100,24,44,0,127,484,2969,1.0786452176536
1538194832,Klemens,Sally,P,MD,I,301 Prospect Ave,Infectious Disease Consultants,Syracuse,NY,36,13203,1,"Metropolitan area core: primary flow within an urbanized area of 50,000 and greater",US,Internal Medicine,NPPES-Taxonomy,8291,8470.46,814533.74,185548,229,,7831,8002.85,766260.85,174429,,208,,1370,585424.78,,6842,225517.1,,79,3591.86,,8204,805903.6,,87,8630.14,,8228,811081.42,,63,3452.32,233,16407.21,6412,47,2.8102762031118,64,12918.36,1808,14,27.467811158798,223,15536.56,80,,154,83817.26,,14,77.550218340611,21,73,72,63,164,65,185,36,0,,,,,,3.0040477278668
1538198866,Clark,Nancy,S,M.D.,I,601 Elmwood Ave,Box Med,Rochester,NY,36,14642,1,"Metropolitan area core: primary flow within an urbanized area of 50,000 and greater",US,Internal Medicine,Claim-Specialty,2946,7060.24,246703.57,208336,305,,2787,6802.83,231261.18,200830,,284,,306,181619.64,,2616,64386.44,,24,697.49,,2299,185901.62,,647,60801.95,,351,25566.99,,2595,221136.58,15,140.28,384,,0.5091649694501,,,,,,44,173.51,19,*,,,*,,73.6,21,153,103,28,203,102,242,30,,11,,19,50,255,1.0218035994332
1538201231,Leddy,Vincent,R,M.D.,I,160 4th St,,Brentwood,NY,36,11717,1,"Metropolitan area core: primary flow within an urbanized area of 50,000 and greater",US,Internal Medicine,Claim-Specialty,4672,8494.59,941073.99,243970,450,,3849,7075.28,736620.92,203404,,367,,952,829276.98,,3653,107399,,67,4398.01,,3306,620067.32,,1366,321006.67,,3002,636540.11,,1670,304533.88,,,,,,,,,,,165,2025.9,113,,63,3036.54,,26,69.957777777778,83,248,87,32,228,222,109,33,,294,,11,272,178,1.1617313936987
1538208665,Crane,Dustin,J,PHARMD.,I,1125 Ridge Rd,,Webster,NY,36,14580,1,"Metropolitan area core: primary flow within an urbanized area of 50,000 and greater",US,Pharmacist,NPPES-Taxonomy,40,40,9904.96,40,37,"#",,,,,"#",,,40,9904.96,,0,0,,0,0,,14,3891,,26,6013.96,*,,,"#",,,0,0,0,0,0,0,0,0,0,,0,0,0,*,,,*,,73.702702702703,,,,,24,13,32,,,0,0,,,,0.76391891891892
1538212436,Mungari,Jennifer,,M.D.,I,200 North St Ste 102,,Geneva,NY,36,14456,4,"Micropolitan area core: primary flow within an urban cluster of 10,000 to 49,999",US,Family Practice,Claim-Specialty,4100,7636.53,438546.1,222724,265,,3335,6284.01,347551.11,183445,,220,,549,373766.4,,3521,63099.16,,30,1680.54,,3557,385759.38,,543,52786.72,,2158,243793.21,,1942,194752.89,,,,,,,,,,,61,36373.22,43,*,,,*,,70.128301886792,45,145,59,16,163,102,253,,0,0,0,,83,182,1.1876352201258
1538245139,Pal,Surinder,,"M.D,",I,80 Wood Ave,,Ardsley,NY,36,10502,1,"Metropolitan area core: primary flow within an urbanized area of 50,000 and greater",US,Internal Medicine,Claim-Specialty,15625,15714.15,1331775.16,308861,706,,13027,13094.79,1093520.29,258649,,593,,2979,925746.67,,12592,401946.2,,54,4082.29,,4578,438363.81,,11047,893411.35,,15542,1326644.51,,83,5130.65,148,4251.63,1828,51,0.9472,,,,,,400,55396.13,113,,424,47286.7,,104,74.093484419263,113,248,214,131,356,350,156,327,,193,,18,,,2.9663697831337
1538262464,Lee,Kwok-Man,,M.D.,I,198 Canal St,Suite 404,New York,NY,36,10013,1,"Metropolitan area core: primary flow within an urbanized area of 50,000 and greater",US,Internal Medicine,Claim-Specialty,10919,24124.48,3076664.98,715160,472,,10683,23788.04,3016458.86,705177,"#",,,2338,2766922.73,,8428,305127.04,,153,4615.21,,9820,2761169.56,,1099,315495.42,,9633,2841976.81,,1286,234688.17,0,0,0,0,0,0,0,0,0,,146,1705.18,118,,78,867.85,*,,75.699152542373,,,,,229,243,,,437,,0,26,380,92,1.0866949545541
1538302310,Oliveros,Alexis,N,M.D.,I,35 S Riverside Ave,The Westchester Medical Practice Pc,Croton On Hudson,NY,36,10520,1,"Metropolitan area core: primary flow within an urbanized area of 50,000 and greater",US,Internal Medicine,Claim-Specialty,5758,13326.94,522858.94,388515,640,,5237,12434.81,440504.35,363236,,603,,670,412714.84,,5050,109453.58,,38,690.52,,2157,170846.97,,3601,352011.97,,1030,129828.63,,4728,393030.31,89,4325.66,1894,20,1.5456755817992,28,3843.76,722,,31.460674157303,183,1600.03,116,,19,449.51,*,,74.2046875,37,318,210,75,471,169,472,72,19,45,0,32,98,542,0.96738306822775
1538367263,Enecilla,Mignon,A,MD,I,959 Panorama Trl S Ste 100,,Rochester,NY,36,14625,1,"Metropolitan area core: primary flow within an urbanized area of 50,000 and greater",US,Family Practice,Claim-Specialty,2994,6704.56,241228.8,194572,453,,2717,6272.9,222399.42,182225,,429,,321,168442.44,,2628,71118.33,,45,1668.03,,2681,213946.53,,313,27282.27,,337,46865.87,,2657,194362.93,32,496.27,775,17,1.0688042752171,,,,,,71,622.87,50,*,,,*,,74.309050772627,24,242,119,68,299,154,399,17,,,,28,46,407,0.95395877921681
1538414982,Kumar,Manish,,M.D,I,25012 Hillside Ave,Suite B,Bellerose,NY,36,11426,1,"Metropolitan area core: primary flow within an urbanized area of 50,000 and greater",US,Family Practice,Claim-Specialty,4891,11097.16,646301.7,320086,223,,4839,11003.16,645003.22,317456,"#",,,509,536489.29,,4208,102601.23,,174,7211.18,,4400,598924.05,,491,47377.65,,4230,589546.88,,661,56754.82,11,134.09,238,,0.22490288284604,0,0,0,,0,217,1264.8,116,,0,0,*,,71.72197309417,,,,,82,141,,,184,,,14,179,44,0.98538059277008
1538443114,Ross,Jenny,E,NP-C,I,1780 Hanshaw Rd,,Ithaca,NY,36,14850,1,"Metropolitan area core: primary flow within an urbanized area of 50,000 and greater",US,Nurse Practitioner,Claim-Specialty,3883,7146.73,362178.03,206441,456,,3034,5850.79,281628.02,169913,,387,,470,286674.09,,3387,74324.96,,26,1178.98,,2331,256537.99,,1552,105640.04,,1765,181701.25,,2118,180476.78,76,2202.19,1494,36,1.9572495493175,,,,,,63,962.1,49,,31,2764.92,*,,71.344298245614,69,223,133,31,283,173,398,20,,,,21,142,314,1.1693025891988
1538447438,Cano-Landivar,Jeannette,E,M.D.,I,10119 Jamaica Ave,,Richmond Hill,NY,36,11418,1,"Metropolitan area core: primary flow within an urbanized area of 50,000 and greater",US,Internal Medicine,Claim-Specialty,1381,3008.7,123074.24,88565,112,,1288,2825.96,116330.91,83210,"#",,,126,99715.08,,1242,23202.67,,13,156.49,,1323,120754.59,,58,2319.65,,1176,117016.54,,205,6057.7,0,0,0,0,0,0,0,0,0,,21,182.43,17,,0,0,*,,72.758928571429,,,,,75,37,,,0,105,0,,88,24,1.0937977212941
1538498639,Li,Liye,,M.D.,I,5521 8th Ave Unit 3c,,Brooklyn,NY,36,11220,1,"Metropolitan area core: primary flow within an urbanized area of 50,000 and greater",US,General Practice,NPPES-Taxonomy,8635,10418.32,1120937.45,301849,469,,8542,10305.32,1102883.29,298538,"#",,,1454,780906.06,,7085,337485.96,,96,2545.43,,8518,1117074.94,,117,3862.51,,8560,1119840.79,,75,1096.66,,,,,,,,,,,127,720.62,96,*,,,*,,71.605543710021,,,,,238,231,0,0,462,,0,,,,0.92731744278609
1538512389,Hsu,Yu Ju,,ACNPC-AG,I,4506 8th Ave,,Brooklyn,NY,36,11220,1,"Metropolitan area core: primary flow within an urbanized area of 50,000 and greater",US,Nurse Practitioner,NPPES-Specialty,6407,7881.62,573201.72,228128,519,,6250,7698.62,555887.04,222896,,504,,922,436199.84,,5340,134278.78,,145,2723.1,,6144,545444.27,,263,27757.45,,6226,570958.46,,181,2243.26,0,0,0,0,0,0,0,0,0,,70,329.38,64,*,,,*,,72.23506743738,15,350,121,33,286,233,,,486,26,0,,504,15,1.0953355011364
1538555743,Lee,Eunmyung,,NP,I,3825 Parsons Blvd Ste 1g,,Flushing,NY,36,11354,1,"Metropolitan area core: primary flow within an urbanized area of 50,000 and greater",US,Nurse Practitioner,NPPES-Specialty,6882,11888.34,1161321.79,346347,680,,6785,11719.9,1148792.78,341426,,665,,1144,977071.62,,5629,182209.34,,109,2040.83,,6639,1113315.69,,243,48006.1,,6529,1141822.71,,353,19499.08,17,296.03,285,13,0.24702121476315,0,0,0,0,0,111,788.19,89,,63,1470.81,,30,73.286764705882,15,400,200,65,486,194,,,628,,0,38,600,80,1.0275214513455
1538556246,Al-Hashimi,Nada,,MD,I,121 Dekalb Ave,,Brooklyn,NY,36,11201,1,"Metropolitan area core: primary flow within an urbanized area of 50,000 and greater",US,Family Practice,Claim-Specialty,3213,5910.62,753602.79,173694,228,,2418,4625.25,530887.29,136118,,161,,769,691173.91,,2288,57146.09,,156,5282.79,,2744,645148.19,,469,108454.6,,2831,696390.84,,382,57211.95,26,347.38,543,,0.80921257391846,0,0,0,,0,30,340.86,25,*,,,*,,67.548245614035,67,103,43,15,154,74,14,142,,43,,19,174,54,1.4665532747281
1538577135,Kim,Hwajin,,,I,7321 Kissena Blvd,,Flushing,NY,36,11367,1,"Metropolitan area core: primary flow within an urbanized area of 50,000 and greater",US,Pharmacist,NPPES-Taxonomy,22,22,5320.48,22,22,"#",,,,,"#",,,22,5320.48,,0,0,,0,0,,11,2653.55,,11,2666.93,*,,,"#",,,0,0,0,0,0,0,0,0,0,,0,0,0,*,,,*,,74.590909090909,,,,,,,14,,,,0,,,,1.1391363636364
1538696794,Arden,Katherine,J,MD,I,601 Elmwood Ave Box Med,,Rochester,NY,36,14642,1,"Metropolitan area core: primary flow within an urbanized area of 50,000 and greater",US,Internal Medicine,Claim-Specialty,3309,6453.83,395080.16,184938,363,,2984,5967.3,324726.69,171278,,327,,570,329272.65,,2700,63819.95,,39,1987.56,,2518,304604.62,,791,90475.54,,1003,174905.41,,2306,220174.75,102,2477.99,2428,18,3.0825022665458,22,1435.12,718,,21.56862745098,32,266.72,30,*,,,*,,72.429752066116,36,187,97,43,234,129,233,84,,22,,16,130,233,1.4547545446956
1538741798,Grisanti,Kristina,M,PHARM D,I,126 Tremont Ave,,Kenmore,NY,36,14217,1,"Metropolitan area core: primary flow within an urbanized area of 50,000 and greater",US,Pharmacist,NPPES-Taxonomy,27,27,7069.29,27,25,"#",,,,,"#",,,27,7069.29,,0,0,,0,0,"#",,,*,,,*,,,"#",,,0,0,0,0,0,0,0,0,0,,0,0,0,*,,,*,,75.12,,,,,11,14,19,,0,,0,0,,,0.91148
1538794045,Lu,Jing,R,NURSE PRATITIONER,I,757 60th St,,Brooklyn,NY,36,11220,1,"Metropolitan area core: primary flow within an urbanized area of 50,000 and greater",US,Nurse Practitioner,Claim-Specialty,9069,16227.87,1633121.95,473233,1116,,8954,16015.56,1613967.53,467029,,1092,,1789,1329624.21,,7057,297658.67,,223,5839.07,,8420,1500307.14,,649,132814.81,,8801,1594038.49,,268,39083.46,,,,,,,,,,,165,1937.54,150,,27,2560.94,*,,75.668458781362,24,589,275,228,639,477,,,1084,12,0,11,1054,62,1.48764388931
1548201551,Fox,Chester,,MD,I,1315 Jefferson Ave,,Buffalo,NY,36,14208,1,"Metropolitan area core: primary flow within an urbanized area of 50,000 and greater",US,Family Practice,Claim-Specialty,11696,15974.87,2874257.2799999,258541,7754,,10150,13335.5,2585455.7699999,188457,,7262,,8372,2767696.8799999,,3166,78585.87,,158,27974.53,,7897,1848842.98,,3799,1025414.3,,5085,1069632.12,,6611,1804625.16,44,1073.51,1282,20,0.37619699042408,0,0,0,0,0,12,133.43,,*,,,*,,75.341243229301,492,3188,2904,1170,4617,3137,6189,616,,481,,334,1795,5959,1.232100259727
1548206956,Martorana,Sebastian,V,RPA-C,I,2524 Route 9w,,Ravena,NY,36,12143,2,"Metropolitan area high commuting: primary flow 30% or more to a urbanized area of 50,000 and greater",US,Physician Assistant,Claim-Specialty,5991,12160.28,642781.87,350819,431,,4547,9482.33,461342.12,273972,,346,,722,508344.93,,5189,130549.37,,80,3887.57,,4910,535457.13,,1081,107324.74,,2313,336650.91,,3678,306130.96,364,24488.83,10349,66,6.0757803371724,,,,,,161,4960.51,87,,27,1290.15,*,,70.807424593968,85,193,113,40,221,210,392,,,15,0,19,125,306,1.1911860745749
1548209943,Maddineni,Durga,,MD,I,4543 43rd St,,Sunnyside,NY,36,11104,1,"Metropolitan area core: primary flow within an urbanized area of 50,000 and greater",US,Family Practice,Claim-Specialty,6141,13434.27,1029348.54,392019,402,,5787,12824.3,952328.83,374648,,382,,1131,863867.6,,4867,159574.63,,143,5906.31,,3921,703757.91,,2220,325590.63,,3140,655860.75,,3001,373487.79,46,490.11,416,23,0.74906367041199,0,0,0,0,0,136,1168.21,92,,25,16393.34,*,,74.378109452736,20,196,138,48,271,131,204,29,63,75,0,31,146,256,0.96716276186558
1548219041,Maung,Maung,,MD,I,13620 38th Ave Fl 4,Suite Cfc,Flushing,NY,36,11354,1,"Metropolitan area core: primary flow within an urbanized area of 50,000 and greater",US,Internal Medicine,Claim-Specialty,15934,25564.87,1758773.4,739340,571,,15761,25286.97,1722619.21,731478,"#",,,2561,1378775.15,,12850,367926.04,,523,12072.21,,15188,1644641.62,,746,114131.78,,15057,1677910.57,,877,80862.83,0,0,0,0,0,0,0,0,0,,268,1985.52,182,,0,0,*,,71.760070052539,,,,,293,278,,14,496,16,,35,488,83,0.98689220249853
1548220775,Barcomb,Alan,J,MD,I,41 Main St,,Oakfield,NY,36,14125,5,"Micropolitan high commuting: primary flow 30% or more to a urban cluster of 10,000 to 49,999",US,Family Practice,Claim-Specialty,10474,23551.09,1371282.61,689882,965,,8923,21144.84,1199630.91,620773,,851,,1328,1105988.63,,9020,252263.68,,126,13030.3,,7670,1005650.9,,2804,365631.71,,2270,298483.99,,8204,1072798.62,325,15152.52,8800,70,3.1029215199542,53,10251.37,1815,,16.307692307692,168,2288.37,120,,45,2589.78,,15,72.843523316062,114,450,303,98,489,476,914,,0,,,34,172,793,1.059985740822
1548250590,Fried,Steven,M,M.D.,I,8 Barstow Rd,Suite 1a,Great Neck,NY,36,11021,1,"Metropolitan area core: primary flow within an urbanized area of 50,000 and greater",US,Internal Medicine,Claim-Specialty,3451,7891.74,465755.31,228412,247,,3357,7744.06,453374.52,224340,"#",,,615,387190.45,,2794,77664.72,,42,900.14,,433,29221.29,,3018,436534.02,,613,85741.81,,2838,380013.5,30,443.11,602,,0.86931324253839,0,0,0,,0,96,1480.98,62,,17,1951.05,*,,76.17004048583,,,,,144,103,192,19,12,,,14,29,218,1.048900656035
1548256183,Gupta,Sindhu,,M.D.,I,1624 Crosby Ave,,Bronx,NY,36,10461,1,"Metropolitan area core: primary flow within an urbanized area of 50,000 and greater",US,Internal Medicine,Claim-Specialty,9527,22781,1869983.25,670623,611,,8736,20935.62,1633510.51,616174,,560,,1788,1662233.37,,7539,193549.19,,200,14200.69,,6725,1341392.01,,2802,528591.24,,5260,1175796.07,,4267,694187.18,26,113.26,353,,0.27290857562716,0,0,0,,0,175,14673.36,112,,18,635.65,*,,74.572831423895,51,239,243,78,420,191,154,140,44,225,,,264,347,1.228970810104
1548284961,Zaydfudim,Galene,,FNP,I,177 Livingston Street,Lower Level,Brooklyn,NY,36,11201,1,"Metropolitan area core: primary flow within an urbanized area of 50,000 and greater",US,Nurse Practitioner,NPPES-Specialty,1397,2487.55,171265.42,72318,220,,1251,2248.38,156085.22,65304,,199,,246,142633.41,,1119,27571.31,,32,1060.7,,1071,136512.1,,326,34753.32,,885,129028.98,,512,42236.44,,,,,,,,,,,41,222.94,34,*,,,*,,73.277272727273,21,109,68,22,140,80,59,20,,130,0,,121,99,1.0358675541842
1548286438,Moehs,Charles,J,MD,I,428 Washington St Ste 2,,Watertown,NY,36,13601,1,"Metropolitan area core: primary flow within an urbanized area of 50,000 and greater",US,Family Practice,NPPES-Specialty,1371,1407,335862.69,3994,1042,,1275,1311,315315.32,3786,,970,,1314,334547.54,,57,1315.15,,0,0,,797,194628.84,,574,141233.85,,305,74652.25,,1066,261210.44,0,0,0,0,0,0,0,0,0,,,,,,11,19.14,*,,73.532629558541,72,519,361,90,585,457,955,11,,14,,54,211,831,1.0552870002418
1548288392,Solomon,Gregory,W,MD,I,899 Lexington Ave,,New York,NY,36,10065,1,"Metropolitan area core: primary flow within an urbanized area of 50,000 and greater",US,Internal Medicine,Claim-Specialty,2960,7024.3,334601.58,205678,190,,2960,7024.3,334601.58,205678,,190,,395,280995.6,,2512,52665.92,,53,940.06,,179,21085.81,,2781,313515.77,,157,6736.44,,2803,327865.14,25,280.62,477,,0.84459459459459,13,230.14,390,,52,63,1477.23,42,*,,,*,,79.726315789474,0,48,93,49,106,84,163,,,,0,12,,,1.0034667733891
1548303720,Choi,Shanna,H,M.D.,I,144 E 44th St,3rd Fl,New York,NY,36,10017,1,"Metropolitan area core: primary flow within an urbanized area of 50,000 and greater",US,Internal Medicine,Claim-Specialty,6073,16501.21,213186.13,484341,837,,5920,16126.24,209876.2,473438,,815,,409,98218.69,,5622,113761.3,,42,1206.14,,6029,212353.91,,44,832.22,,646,18008.73,,5427,195177.4,219,8984.6,3385,54,3.6061254734069,,,,,,94,955.22,76,*,,,*,,76.491039426523,22,342,331,142,589,248,534,,151,82,,37,76,761,1.0635209364421
1548339922,Panicker,Sini,S,RPH,I,27111 76th Ave,,New Hyde Park,NY,36,11040,1,"Metropolitan area core: primary flow within an urbanized area of 50,000 and greater",US,Pharmacist,NPPES-Taxonomy,31,31,7418.25,89,31,,31,31,7418.25,89,,31,,31,7418.25,,0,0,,0,0,*,,,"#",,,*,,,"#",,,0,0,0,0,0,0,0,0,0,,0,0,0,,0,0,,0,75.774193548387,0,16,,,17,14,31,0,0,0,0,0,,,0.78241935483871
1548355977,Satran,Andrew,L,M.D.,I,"358 Route 202, Suite 2",,Pomona,NY,36,10970,1,"Metropolitan area core: primary flow within an urbanized area of 50,000 and greater",US,Pediatric Medicine,Claim-Specialty,197,198.17,49292.3,667,153,,166,166,43927.18,170,,135,,182,48607.07,"#",,,*,,,,60,12670.54,,137,36621.76,,101,25597.18,,96,23695.12,0,0,0,0,0,0,0,0,0,,0,0,0,,0,0,,0,72.81045751634,18,73,44,18,69,84,107,25,,13,0,,75,78,1.47379906925
1548391683,Teng,Susanna,,MD,I,154 W 71st St,,New York,NY,36,10023,1,"Metropolitan area core: primary flow within an urbanized area of 50,000 and greater",US,Internal Medicine,Claim-Specialty,5748,13376.2,595285.83,392146,587,,5311,12585.44,558591.91,369387,,541,,677,488126.11,,4971,102798.55,,100,4361.17,,4116,417949.88,,1632,177335.95,,1878,245554.28,,3870,349731.55,22,191.03,382,,0.38274182324287,0,0,0,,0,70,17486.85,51,*,,,*,,74.75468483816,46,248,205,88,426,161,177,289,12,89,0,20,164,423,1.2243044877168
1548410145,Yip,Jenny,,,I,315 N End Ave,,New York,NY,36,10282,1,"Metropolitan area core: primary flow within an urbanized area of 50,000 and greater",US,Pharmacist,NPPES-Taxonomy,31,31,8755.38,31,31,,31,31,8755.38,31,,31,,31,8755.38,,0,0,,0,0,*,,,"#",,,*,,,"#",,,0,0,0,0,0,0,0,0,0,,0,0,0,,0,0,,0,76.774193548387,0,14,,,18,13,21,,,,0,,,,1.1928064516129
1548442585,Weiner,Scott,A,RPH,I,304 Park Ave S,,New York,NY,36,10010,1,"Metropolitan area core: primary flow within an urbanized area of 50,000 and greater",US,Pharmacist,NPPES-Taxonomy,52,52,14535.1,52,50,,52,52,14535.1,52,,50,,52,14535.1,,0,0,,0,0,,15,3603.71,,37,10931.39,*,,,"#",,,0,0,0,0,0,0,0,0,0,,0,0,0,,0,0,,0,75.98,0,27,,,28,22,32,,,,0,,,,0.79997666666667
1548471998,Wolfgang,Nicholas,D,,I,1125 Ridge Rd,,Webster,NY,36,14580,1,"Metropolitan area core: primary flow within an urbanized area of 50,000 and greater",US,Pharmacist,NPPES-Taxonomy,20,22,3938.92,109,18,"#",,,,,"#",,,19,3907.98,*,,,"#",,,"#",,,*,,,*,,,"#",,,0,0,0,0,0,0,0,0,0,,0,0,0,*,,,*,,73.055555555556,,,,,,,18,0,0,0,0,0,,,0.69733333333333
1548503873,Schlagman,Megan,M,MD,I,2400 S Clinton Ave,"Bldg H, Ste 210",Rochester,NY,36,14618,1,"Metropolitan area core: primary flow within an urbanized area of 50,000 and greater",US,Internal Medicine,Claim-Specialty,2372,5282.34,323550.11,154783,236,,1818,4437.51,202077.83,131036,,198,,349,272256.1,,1956,48246.46,,67,3047.55,,1910,206079.49,,462,117470.62,,1057,230229.82,,1315,93320.29,75,7407.1,1978,19,3.1618887015177,24,6302.36,720,,32,28,40926.4,14,*,,,*,,70.148305084746,38,111,72,15,178,58,140,56,,18,,21,86,150,1.3459680989112
1548545718,Kham,Vanna,,"NP, RN",I,760 Broadway,,Brooklyn,NY,36,11206,1,"Metropolitan area core: primary flow within an urbanized area of 50,000 and greater",US,Nurse Practitioner,Claim-Specialty,4669,5127.76,264779.16,148276,353,,874,961.24,41587.24,28062,,55,,540,180478.01,,4084,83259.66,,45,1041.49,,1273,91769.69,,3396,173009.47,"#",,,*,,,0,0,0,0,0,0,0,0,0,,17,77.64,17,,0,0,,0,49.467422096317,298,50,,,124,229,63,169,,94,,17,,,0.7716567516525
1548557242,Joseph,Josmi,,M.D,I,1980 Crompond Rd,,Cortlandt Manor,NY,36,10567,1,"Metropolitan area core: primary flow within an urbanized area of 50,000 and greater",US,Internal Medicine,Claim-Specialty,14596,15151.74,1177795.38,347635,585,,13227,13779.21,1043774.41,320117,,547,,2853,768995.14,,11665,404470.08,,78,4330.16,,4912,399159.09,,9684,778636.29,,12961,1065226.53,,1635,112568.85,262,7185.76,3595,95,1.7950123321458,32,3328.04,654,,12.213740458015,566,119292.75,193,,497,23434.01,,89,80.789743589744,38,124,189,234,388,197,492,40,,32,,12,397,188,2.6568631320577
1548582919,Phillips,Christopher,M,,I,1 Grand Union Plz,,Saugerties,NY,36,12477,1,"Metropolitan area core: primary flow within an urbanized area of 50,000 and greater",US,Pharmacist,NPPES-Taxonomy,11,11,3599.99,11,11,,11,11,3599.99,11,,11,,11,3599.99,,0,0,,0,0,*,,,*,,,,0,0,,11,3599.99,0,0,0,0,0,0,0,0,0,,0,0,0,,0,0,,0,72.818181818182,0,,,0,,,,0,,0,0,,0,11,0.72872727272727
1548594013,Voigt,Breanna,N,RPA-C,I,3680 Eggert Rd,,Orchard Park,NY,36,14127,1,"Metropolitan area core: primary flow within an urbanized area of 50,000 and greater",US,Physician Assistant,Claim-Specialty,2627,5962.04,182431.4,174109,340,,2434,5609.54,174746.59,163831,,308,,273,124452.29,,2334,57149.29,,20,829.82,,2279,152734.07,,348,29697.33,,477,25755.27,,2150,156676.13,66,569.34,1426,12,2.512371526456,0,0,0,0,0,41,267.43,39,,0,0,,0,73.241176470588,32,168,98,42,244,96,321,,0,,0,16,57,283,1.0866154530997
1548604093,O'Brien,Alison,,DO,I,60 Greece Center Dr Ste 4,,Rochester,NY,36,14612,1,"Metropolitan area core: primary flow within an urbanized area of 50,000 and greater",US,Internal Medicine,Claim-Specialty,2127,4959.33,133606.35,145722,223,,1715,4136.27,100634.1,122027,,188,,158,83472.12,,1955,49655.45,,14,478.78,,1868,113864.32,,259,19742.03,,708,65452.29,,1419,68154.06,54,1919.53,1577,11,2.5387870239774,,,,,,20,175.93,18,,0,0,,0,70.654708520179,35,111,61,16,125,98,204,,,,0,,50,173,0.98135228025665
1548644305,Fulater,Gina,,NP,I,55 Melroy Ave,,Lackawanna,NY,36,14218,1,"Metropolitan area core: primary flow within an urbanized area of 50,000 and greater",US,Nurse Practitioner,NPPES-Specialty,3021,5614.6,645172.22,159993,94,,2989,5546.6,638399.8,158016,"#",,,709,507633.76,,2283,135566.25,,29,1972.21,,2982,635540.68,,39,9631.54,,3021,645172.22,,0,0,191,10691.87,5097,23,6.3224097980801,64,6583.52,1864,,33.507853403141,106,11748.09,45,,75,61132.86,*,,83.234042553191,,,,,,,82,,,,0,,94,0,2.3522634678441
1548715733,Miyerov,Ella,,,I,2035 Lakeville Rd Ste 101,,New Hyde Park,NY,36,11040,1,"Metropolitan area core: primary flow within an urbanized area of 50,000 and greater",US,Nurse Practitioner,Claim-Specialty,714,717.63,129073.55,7746,355,,634,637.23,112821.75,6284,,337,,335,120298.7,,379,8774.85,,0,0,,116,14893.45,,598,114180.1,,455,53485.26,,259,75588.29,33,1453.38,582,17,4.6218487394958,,,,,,23,1050.82,18,*,,,*,,77.447887323944,18,106,154,77,208,147,231,22,59,28,0,15,127,228,1.7221960998737
1548751324,Flores Flores,Carmen,A,,I,4422 3rd Ave Bldg 3,,Bronx,NY,36,10457,1,"Metropolitan area core: primary flow within an urbanized area of 50,000 and greater",US,Internal Medicine,Claim-Specialty,5023,7826.21,2611763.77,230371,309,,3404,5633.87,1640818.14,166684,,234,,1557,2523021.02,,3321,84115.47,,145,4627.28,,4575,2365646.77,,448,246117,,4866,2539252.6,,157,72511.17,45,756,1077,14,0.89587895679873,12,172.64,337,,26.666666666667,37,1307.64,18,,22,370.77,*,,69.815533980583,75,130,85,19,191,118,25,77,,199,0,,285,24,1.7006409819872
1548760721,Liu,Alison,,,I,210 Union Ave,,Brooklyn,NY,36,11211,1,"Metropolitan area core: primary flow within an urbanized area of 50,000 and greater",US,Pharmacist,NPPES-Taxonomy,24,24,5704.91,24,22,"#",,,,,"#",,,24,5704.91,,0,0,,0,0,"#",,,*,,,"#",,,*,,,0,0,0,0,0,0,0,0,0,,0,0,0,*,,,*,,71.954545454545,,,,,,,,,,13,0,0,,,1.4929910868468
1548828015,Ilahi,Maira,,DO,I,6934 Williams Rd Ste 200,,Niagara Falls,NY,36,14304,1,"Metropolitan area core: primary flow within an urbanized area of 50,000 and greater",US,Family Practice,Claim-Specialty,13788,13840.34,488829.93,130987,358,,13473,13509.39,476063.19,126255,,336,,1468,389917.63,,12302,98588.54,,18,323.76,,9897,308497,,3891,180332.93,,10808,391873.77,,2980,96956.16,131,3389,2469,64,0.9501015375689,,,,,,192,3677.16,93,,256,63908.84,,26,81.215083798883,22,75,112,149,259,99,292,51,0,,,,239,119,2.080771138242
1548947567,Zhang,Jia,,,I,837 59th St,,Brooklyn,NY,36,11220,1,"Metropolitan area core: primary flow within an urbanized area of 50,000 and greater",US,Nurse Practitioner,NPPES-Specialty,1768,2021.51,261750.1,58192,329,,1722,1970.84,255123.78,56761,,317,,380,198101.3,,1370,63293.56,,18,355.24,,1687,253739.28,,81,8010.82,,1727,261309.52,,41,440.58,0,0,0,0,0,0,0,0,0,,19,203.6,18,,0,0,,0,71.714285714286,12,231,68,18,161,168,,0,319,,0,,,,1.0725067476317
1548964703,Mumtaz,Muhammad,W,,I,9153 97th St,,Woodhaven,NY,36,11421,1,"Metropolitan area core: primary flow within an urbanized area of 50,000 and greater",US,Pharmacist,NPPES-Taxonomy,95,95,28832.85,95,93,"#",,,,,"#",,,95,28832.85,,0,0,,0,0,,26,8066.16,,69,20766.69,*,,,"#",,,0,0,0,0,0,0,0,0,0,,0,0,0,*,,,*,,75.612903225806,,,,,54,39,84,,0,,0,,0,93,0.86560215053763
1548983273,Cao,Amy,,PA,I,2041 86th St,,Brooklyn,NY,36,11214,1,"Metropolitan area core: primary flow within an urbanized area of 50,000 and greater",US,Physician Assistant,NPPES-Specialty,8596,9796.67,1275719.73,283469,859,,8433,9627.33,1250633.27,278570,,845,,1864,1003700.24,,6640,269318.56,,92,2700.93,,8037,1222078.46,,559,53641.27,,8519,1267360.83,,77,8358.9,0,0,0,0,0,0,0,0,0,,84,785.43,77,*,,,*,,72.97904540163,14,554,231,60,430,429,,0,848,,0,,837,22,1.1238894222127
