Prscrbr_NPI,Prscrbr_Last_Org_Name,Prscrbr_First_Name,Prscrbr_MI,Prscrbr_Crdntls,Prscrbr_Ent_Cd,Prscrbr_St1,Prscrbr_St2,Prscrbr_City,Prscrbr_State_Abrvtn,Prscrbr_State_FIPS,Prscrbr_Zip5,Prscrbr_RUCA,Prscrbr_RUCA_Desc,Prscrbr_Cntry,Prscrbr_Type,Prscrbr_Type_Src,Tot_Clms,Tot_30day_Fills,Tot_Drug_Cst,Tot_Day_Suply,Tot_Benes,GE65_Sprsn_Flag,GE65_Tot_Clms,GE65_Tot_30day_Fills,GE65_Tot_Drug_Cst,GE65_Tot_Day_Suply,GE65_Bene_Sprsn_Flag,GE65_Tot_Benes,Brnd_Sprsn_Flag,Brnd_Tot_Clms,Brnd_Tot_Drug_Cst,Gnrc_Sprsn_Flag,Gnrc_Tot_Clms,Gnrc_Tot_Drug_Cst,Othr_Sprsn_Flag,Othr_Tot_Clms,Othr_Tot_Drug_Cst,MAPD_Sprsn_Flag,MAPD_Tot_Clms,MAPD_Tot_Drug_Cst,PDP_Sprsn_Flag,PDP_Tot_Clms,PDP_Tot_Drug_Cst,LIS_Sprsn_Flag,LIS_Tot_Clms,LIS_Drug_Cst,NonLIS_Sprsn_Flag,NonLIS_Tot_Clms,NonLIS_Drug_Cst,Opioid_Tot_Clms,Opioid_Tot_Drug_Cst,Opioid_Tot_Suply,Opioid_Tot_Benes,Opioid_Prscrbr_Rate,Opioid_LA_Tot_Clms,Opioid_LA_Tot_Drug_Cst,Opioid_LA_Tot_Suply,Opioid_LA_Tot_Benes,Opioid_LA_Prscrbr_Rate,Antbtc_Tot_Clms,Antbtc_Tot_Drug_Cst,Antbtc_Tot_Benes,Antpsyct_GE65_Sprsn_Flag,Antpsyct_GE65_Tot_Clms,Antpsyct_GE65_Tot_Drug_Cst,Antpsyct_GE65_Bene_Suprsn_Flag,Antpsyct_GE65_Tot_Benes,Bene_Avg_Age,Bene_Age_LT_65_Cnt,Bene_Age_65_74_Cnt,Bene_Age_75_84_Cnt,Bene_Age_GT_84_Cnt,Bene_Feml_Cnt,Bene_Male_Cnt,Bene_Race_Wht_Cnt,Bene_Race_Black_Cnt,Bene_Race_Api_Cnt,Bene_Race_Hspnc_Cnt,Bene_Race_Natind_Cnt,Bene_Race_Othr_Cnt,Bene_Dual_Cnt,Bene_Ndual_Cnt,Bene_Avg_Risk_Scre
1811097744,Jackson,Marilyn,M,M.D,I,421 W 57th St,Suite B,New York,NY,36,10019,1,"Metropolitan area core: primary flow within an urbanized area of 50,000 and greater",US,Internal Medicine,S,2897,4507.9333333333,169362.88,127908,212,,2430,3842.6,126485.6,109470,,185,,560,116924.01,,2309,51274.35,,28,1164.52,,1200,78346.75,,1697,91016.13,,1231,94543.79,,1666,74819.09,52,6727.47,891,18,1.7949603037625,,,,,,121,1225.88,68,,13,1135.69,*,,72.77358490566,27,103,56,26,175,37,73,89,,37,0,,52,160,1.0790810016245
1811143639,Poppenberg Duquette,Kristin,E,M.D.,I,3560 N Buffalo St,,Orchard Park,NY,36,14127,1,"Metropolitan area core: primary flow within an urbanized area of 50,000 and greater",US,Internal Medicine,S,3653,6627.5333333333,261061.84,190955,424,,3307,6088.9666666667,212591.07,176058,,376,,477,192222.45,,3144,67085.54,,32,1753.85,,2546,155725.47,,1107,105336.37,,529,56289.88,,3124,204771.96,119,4089.77,2884,36,3.2575964960307,,,,,,116,1769.1,91,,15,95.35,*,,72.617924528302,48,193,129,54,290,134,408,,0,,0,12,37,387,1.0538243364038
1811285190,Quwatli,Waleed,,MD,I,1561 Long Pond Rd,Suite 303,Rochester,NY,36,14626,1,"Metropolitan area core: primary flow within an urbanized area of 50,000 and greater",US,Internal Medicine,S,6050,13345.133333333,352750.96,387725,613,,5581,12560.266666667,327972.43,365266,,559,,723,204337.93,,5295,146788.51,,32,1624.52,,4965,249590.29,,1085,103160.67,,909,87460.07,,5141,265290.89,237,8618.96,5984,69,3.9173553719008,12,3315.25,358,,5.0632911392405,219,2746.27,156,,24,2791.35,*,,74.903752039152,54,243,219,97,328,285,567,17,,,0,19,60,553,1.1701021234738
1811908940,Blumberg,Stephen,M,MD,I,1400 Pelham Pkwy S,"Building 6, Rom 1b25",Bronx,NY,36,10461,1,"Metropolitan area core: primary flow within an urbanized area of 50,000 and greater",US,Emergency Medicine,S,29,29,4412.37,58,25,"#",,,,,"#",,,29,4412.37,,0,0,,0,0,,0,0,,29,4412.37,*,,,"#",,,0,0,0,0,0,0,0,0,0,,0,0,0,*,,,*,,73.68,,,,,,,18,,0,,0,,,,0.61496
1811911670,Friedlander,Charles,N,MD,I,232 E 30th St,,New York,NY,36,10016,1,"Metropolitan area core: primary flow within an urbanized area of 50,000 and greater",US,Gastroenterology,S,2215,4023.3666666667,231219.38,113962,401,,2156,3958.3666666667,224279.09,112118,"#",,"#",,,,1806,58447.17,*,,,,297,37676.83,,1918,193542.55,,188,17857.86,,2027,213361.52,42,710,971,17,1.8961625282167,,,,,,92,12291.26,63,*,,,*,,75.401496259352,,,,,228,173,344,24,,11,,15,19,382,1.0484953402289
1811926124,Shehata,Nady,R,MD,I,1616 Kensington Ave,,Buffalo,NY,36,14215,1,"Metropolitan area core: primary flow within an urbanized area of 50,000 and greater",US,Internal Medicine,S,3556,7683.5333333333,287466.23,225054,468,,3189,6994.4333333333,267152.03,205546,,403,,639,219250.74,,2855,64615.69,,62,3599.8,,2393,186197.73,,1163,101268.5,,982,91090.81,,2574,196375.42,0,0,0,0,0,0,0,0,0,,98,794.88,81,,11,259.81,*,,73.15811965812,65,192,144,67,273,195,275,168,,,0,,105,363,1.5287227131152
1811926249,Oneil,David,C,"M.D.,PH.D.",I,3755 Abbott Rd,,Orchard Park,NY,36,14127,1,"Metropolitan area core: primary flow within an urbanized area of 50,000 and greater",US,Internal Medicine,S,6126,14963.133333333,531571.93,439343,408,,5886,14392.2,511256.42,422760,,391,,869,355968.69,,5214,174013.7,,43,1589.54,,4506,362245.59,,1620,169326.34,,698,76319.39,,5428,455252.54,245,14246.08,9249,70,3.9993470453803,37,6639.91,1290,,15.102040816327,178,4875.08,117,*,,,*,,76.441176470588,17,161,158,72,209,199,397,,0,,0,,19,389,1.2154793373691
1811928138,Chodock,Allen,L,MD,I,1600 Harrison Ave,,Mamaroneck,NY,36,10543,1,"Metropolitan area core: primary flow within an urbanized area of 50,000 and greater",US,Internal Medicine,S,2401,4593.9,342424.01,131875,162,,2296,4437.7666666667,334905.88,127293,"#",,"#",,,,1939,54773.77,*,,,,409,49435.97,,1992,292988.04,,271,24605.45,,2130,317818.56,56,2081.14,1438,16,2.332361516035,,,,,,110,1554.43,59,*,,,*,,78.469135802469,,,,,91,71,141,,,,0,,11,151,1.0855558944042
1811932890,Chaudhari,Neena,,M.D.,I,267 E Main St,Building A,Smithtown,NY,36,11787,1,"Metropolitan area core: primary flow within an urbanized area of 50,000 and greater",US,Internal Medicine,S,4857,10986.9,323396.82,323966,492,,4592,10560.233333333,301616.46,311685,,468,"#",,,,4222,118711.26,*,,,,860,26696.09,,3997,296700.73,,465,26062.9,,4392,297333.92,,,,,,,,,,,91,1400.72,69,,0,0,,0,75.957317073171,24,195,193,80,336,156,447,,11,15,,17,40,452,1.2646529362837
1811936081,Mitchell,Scott,H,M.D.,I,3 Bridge Street,Suite 3,Carthage,NY,36,13619,1,"Metropolitan area core: primary flow within an urbanized area of 50,000 and greater",US,Internal Medicine,S,9472,18229.366666667,769409.13,530477,552,,7827,15859,641305.79,462702,,477,,1502,552451.41,,7863,211284.24,,107,5673.48,,3518,301217.07,,5954,468192.06,,4449,366729.66,,5023,402679.47,315,4844.05,8920,79,3.3255912162162,14,1035.59,420,,4.4444444444444,167,2864.15,115,,64,1227.39,*,,72.235507246377,75,248,164,65,300,252,527,,0,,,20,147,405,1.2150796478436
1811959935,Nanavati,Digant,M,MD,I,182 Intrepid Ln,Brighton Medical Associates,Syracuse,NY,36,13205,1,"Metropolitan area core: primary flow within an urbanized area of 50,000 and greater",US,Family Practice,S,15462,27109.166666667,1341239.64,787033,841,,11341,21674.833333333,985828.75,633519,,671,,2595,994677.3,,12709,339488.1,,158,7074.24,,6973,603172.24,,8489,738067.4,,6898,644808.61,,8564,696431.03,398,24023.47,11232,78,2.5740525158453,73,16017.13,2064,14,18.341708542714,316,5621.1,159,,60,3222.66,,12,71.480380499405,170,322,226,123,436,405,716,70,26,,,20,259,582,1.3876610658328
1811972698,Ceccarelli,Silvio,J,MD,I,1 Theall Rd,,Rye,NY,36,10580,1,"Metropolitan area core: primary flow within an urbanized area of 50,000 and greater",US,Internal Medicine,S,11384,21320.2,541062.52,621981,716,,11249,21129.2,538284.77,616329,"#",,,1372,333622.96,,9980,206188.49,,32,1251.07,,4537,244430.68,,6847,296631.84,,1116,64773.98,,10268,476288.54,127,4153.2,3048,23,1.1156008432888,0,0,0,0,0,358,4474.74,201,,74,1330.91,*,,78.199720670391,,,,,383,333,646,,13,21,,23,57,659,1.1930773003109
1811973456,Nelligan,Maureen,,M.D.,I,73 Market St,Ridge Hill,Yonkers,NY,36,10710,1,"Metropolitan area core: primary flow within an urbanized area of 50,000 and greater",US,Internal Medicine,S,2892,5228.9666666667,248413.25,152221,211,,2452,4636.3333333333,220009.01,135646,,190,,592,168881.54,,2263,78060.08,,37,1471.63,,917,64189.57,,1975,184223.68,,1028,88138.87,,1864,160274.38,45,2578.04,1289,13,1.5560165975104,0,0,0,0,0,70,1905.25,45,,19,242.08,*,,71.938388625592,21,119,52,19,171,40,143,25,,26,,11,39,172,1.2068028826973
1811976764,Wenglin,Barry,D,M.D.,I,56 Doyer Avenue,Suite 1e-F,White Plains,NY,36,10605,1,"Metropolitan area core: primary flow within an urbanized area of 50,000 and greater",US,Internal Medicine,S,4207,8773.0333333333,278385.64,255670,466,,4183,8717.0333333333,276341.51,254092,"#",,,588,165513.83,,3619,112871.81,,0,0,,282,13987.94,,3925,264397.7,,141,7273.74,,4066,271111.9,12,151.46,224,,0.28523888756834,0,0,0,,0,138,2833.94,91,,0,0,*,,76.671673819742,,,,,254,212,382,35,12,13,0,24,26,440,1.0145437705348
1811979438,Reeves,Robert,P,M.D.,I,3 Irongate Center,,Glens Falls,NY,36,12801,1,"Metropolitan area core: primary flow within an urbanized area of 50,000 and greater",US,Family Practice,S,5514,10009.5,329720.42,287119,517,,4833,9122.1666666667,260128.61,262023,,473,,800,236319.42,,4694,92539.49,,20,861.51,,3265,182620.56,,2249,147099.86,,1061,93455.7,,4453,236264.72,114,3219.05,2986,33,2.0674646354733,,,,,,182,1967.37,109,,11,2022.93,*,,73.234042553191,44,250,173,50,261,256,500,,,,0,,57,460,1.0632163693349
1811980485,Lindstrom,Jennifer,E,M.D.,I,724 Watervliet Shaker Rd,,Latham,NY,36,12110,1,"Metropolitan area core: primary flow within an urbanized area of 50,000 and greater",US,Internal Medicine,S,978,1860.7333333333,44522.63,54352,141,,833,1660.7333333333,38819.85,48786,,118,"#",,,,859,20231.98,*,,,,392,11761.94,,586,32760.69,,259,15806.22,,719,28716.41,11,239.76,201,,1.1247443762781,0,0,0,,0,,,,,0,0,,0,68.808510638298,23,75,,,92,49,124,,,,0,,31,110,1.2637522298778
1811990187,Hantverk,Jed,A,MD,I,123 Stewart Ave,,Hicksville,NY,36,11801,1,"Metropolitan area core: primary flow within an urbanized area of 50,000 and greater",US,Internal Medicine,S,5042,11982.166666667,376284.14,350360,468,,4893,11663.166666667,359939.96,341082,,453,,737,250690.17,,4278,124210.6,,27,1383.37,,608,41498.08,,4434,334786.06,,404,32494.93,,4638,343789.21,,,,,,,,,,,214,2199.84,153,*,,,*,,74.950854700855,15,236,141,76,233,235,402,29,,12,,17,30,438,1.0567770004799
1811990898,Mitchko,Michael,J,M.D.,I,335 Parrish St,,Canandaigua,NY,36,14424,1,"Metropolitan area core: primary flow within an urbanized area of 50,000 and greater",US,Internal Medicine,S,12738,23062.733333333,755411.06,669513,1137,,11470,21379.933333333,663474.74,622120,,1055,,1755,508917.6,,10841,240278.85,,142,6214.61,,9548,528592.69,,3190,226818.37,,2059,161670.17,,10679,593740.89,478,21204.95,12685,105,3.7525514209452,57,6131.27,1710,12,11.924686192469,390,4315.9,270,,18,1617.7,*,,74.614775725594,82,503,379,173,636,501,1077,,,,0,46,127,1010,1.0111290263598
1821004698,Aguirre,Richard,S,MD,I,5989 Big Tree Rd,Suite A,Lakeville,NY,36,14480,2,"Metropolitan area high commuting: primary flow 30% or more to a urbanized area of 50,000 and greater",US,Family Practice,S,13870,28649.133333333,1507604.9,835878,729,,11491,24969.8,1159279.9,731192,,644,,2119,1105962.97,,11664,397774.3,,87,3867.63,,9718,890052.68,,4152,617552.22,,3657,512905.9,,10213,994699,443,13937.14,9576,99,3.1939437635184,15,4126.78,903,,3.3860045146727,312,5922.56,190,,117,23781.47,,21,72.111111111111,85,360,211,73,414,315,690,,,12,,21,117,612,1.0670861697185
1821011198,Halper,Peter,R,MD,I,10 Union Sq East,Suite 5 M,New York,NY,36,10003,1,"Metropolitan area core: primary flow within an urbanized area of 50,000 and greater",US,Internal Medicine,S,3673,8267.7666666667,320122.63,238638,325,,3465,7849.3666666667,292258.93,226626,,312,"#",,,,2963,96451.44,*,,,,1003,76741.75,,2670,243380.88,,579,80721.76,,3094,239400.87,33,354.78,291,20,0.89844813503948,0,0,0,0,0,196,3727.91,98,,24,1385.03,*,,74.304615384615,13,171,106,35,197,128,236,30,12,29,0,18,25,300,0.92419950234811
1821012105,Wagner,David,,MD,I,135 East 37th St,,New York,NY,36,10016,1,"Metropolitan area core: primary flow within an urbanized area of 50,000 and greater",US,Internal Medicine,S,2805,5195.8666666667,141247.05,150737,288,,2603,4975.8666666667,110578.31,144596,"#",,,357,91877.53,,2448,49369.52,,0,0,,1054,66651.68,,1751,74595.37,,426,51865.32,,2379,89381.73,15,305.47,141,,0.53475935828877,0,0,0,,0,86,1007.64,62,*,,,*,,74.763888888889,,,,,163,125,233,19,,17,,12,16,272,0.85206394675926
1821025669,Reidy,Jill,O,MD,I,3350 Brown Rd,,Caledonia,NY,36,14423,2,"Metropolitan area high commuting: primary flow 30% or more to a urbanized area of 50,000 and greater",US,Family Practice,S,2241,4150.6333333333,126609.5,118787,185,,1906,3716.0666666667,111705.63,106394,,156,"#",,,,1957,43755.06,*,,,,1795,89234.17,,446,37375.33,,420,38867.92,,1821,87741.58,73,1233.27,1398,23,3.2574743418117,,,,,,108,18530.15,61,*,,,*,,71.383783783784,29,84,56,16,125,60,178,,0,,0,,30,155,0.95545870136719
1821027384,Pitts,Shannon,D,M.D.,I,2400 S Clinton Ave,Bldg H Suite 110,Rochester,NY,36,14618,1,"Metropolitan area core: primary flow within an urbanized area of 50,000 and greater",US,Internal Medicine,S,8152,15619.7,582518.71,455793,462,,7204,14312.666666667,514957.8,418740,,435,,1033,389531.22,,7044,190210.42,,75,2777.07,,6542,421558.1,,1610,160960.61,,1000,82477.01,,7152,500041.7,275,20501.63,8103,54,3.3734052993131,25,10363,922,,9.0909090909091,173,1444.94,103,,19,1446.19,*,,74.158008658009,27,221,163,51,269,193,418,13,,,0,18,29,433,0.9987710196106
1821050014,Garber,Holly,R,M.D.,I,59 Monroe Ave,Suite E,Pittsford,NY,36,14534,1,"Metropolitan area core: primary flow within an urbanized area of 50,000 and greater",US,Internal Medicine,S,9786,21017.9,467636.14,614725,500,,9604,20687.233333333,452837.7,605319,"#",,,933,256691.93,,8813,208440.28,,40,2503.93,,8562,393658.18,,1224,73977.96,,635,51595.19,,9151,416040.95,180,3735.04,5098,36,1.8393623543838,15,820.11,450,,8.3333333333333,338,2682.23,180,,27,323.58,*,,75.218,,,,,411,89,460,,,,0,26,33,467,0.90731234459736
1821053299,Chu-Wong,Amy,S,M.D.,I,210 Canal Street,"#411",New York,NY,36,10013,1,"Metropolitan area core: primary flow within an urbanized area of 50,000 and greater",US,Internal Medicine,S,22585,33031.4,2570130.93,949578,665,,21806,31998.4,2501566.26,919859,,644,,6256,2014920.68,,15935,542376.08,,394,12834.17,,16253,1849617.34,,6332,720513.59,,20547,2368586.49,,2038,201544.44,53,278.39,1317,29,0.23466902811601,0,0,0,0,0,790,5401.37,369,,120,1406.44,,26,75.894736842105,21,301,221,122,462,203,,0,639,,0,21,534,131,1.3537175070407
1821063298,Brown,Sonya,G,M.D.,I,890 Hunts Point Ave,,Bronx,NY,36,10474,1,"Metropolitan area core: primary flow within an urbanized area of 50,000 and greater",US,Family Practice,S,2697,6999.4333333333,93993.53,203703,436,,2476,6496.3666666666,85847.47,189374,,394,,462,48217.71,,2182,44964.37,,53,811.45,,2670,90671.91,,27,3321.62,,721,27338.76,,1976,66654.77,59,787.23,985,27,2.1876158694846,22,468.11,660,,37.28813559322,75,1062.48,65,,0,0,,0,71.901376146789,42,237,123,34,293,143,101,24,53,246,0,12,105,331,1.28633168956
1821070970,Heidelberger,Edwin,,MD PHD,I,210 E Main St,,Springville,NY,36,14141,7.1,"Secondary flow 30% to <50% to a urbanized area of 50,000 and greater",US,Internal Medicine,S,13010,20408.733333333,873161.04,598844,795,,9826,16414.166666667,622822.78,482984,,610,,1741,627424.98,,11166,241120.64,,103,4615.42,,8787,535082.91,,4223,338078.13,,4808,390325.28,,8202,482835.76,710,53585.72,20329,111,5.4573405073021,169,31025.44,4939,23,23.802816901408,214,2118.58,140,,59,19409.57,*,,69.618867924528,185,326,205,79,418,377,768,,0,,,22,237,558,1.1232487783111
1821073917,Martins,Publius,,MD,I,283 Bard Ave,,Staten Island,NY,36,10310,1,"Metropolitan area core: primary flow within an urbanized area of 50,000 and greater",US,Pulmonary Disease,S,10656,19057.433333333,886728.08,539629,767,,9146,17224,800216.73,489598,,660,,2296,658056.1,,8293,225797.16,,67,2874.82,,2900,197706.95,,7756,689021.13,,1964,142494.62,,8692,744233.46,302,25863.18,6816,66,2.8340840840841,35,9740.59,1020,,11.58940397351,806,14153.25,323,,11,627.46,*,,71.877444589309,107,347,231,82,463,304,618,55,15,59,0,20,111,656,1.3221436893059
1821082009,Carguello,Patrick,J,D.O.,I,61 Delano St,,Pulaski,NY,36,13142,10,"Rural areas: primary flow to a tract outside a urbanized area of 50,000 and greater or UC",US,Family Practice,S,9077,14850.866666667,624602.62,430925,643,,6789,11883.333333333,422454.59,346206,,516,,1404,480380.29,,7568,141218.92,,105,3003.41,,4438,292715.09,,4639,331887.53,,4340,335119.14,,4737,289483.48,330,29963.54,10315,63,3.635562410488,44,19071.38,1500,,13.333333333333,206,4519.97,135,,22,961.77,*,,70.241057542768,127,290,175,51,357,286,618,,,,0,18,194,449,1.2961283043721
1821098047,Ehrenberg,Mitchell,A,M.D.,I,30 Hagen Dr,Suite 300,Rochester,NY,36,14625,1,"Metropolitan area core: primary flow within an urbanized area of 50,000 and greater",US,Internal Medicine,S,7541,16911.266666667,458567.48,494350,726,,6994,15966.266666667,399868.65,467466,,675,,850,277914.23,,6645,178637.36,,46,2015.89,,6347,343106.8,,1194,115460.68,,756,74593.97,,6785,383973.51,191,5297.16,4244,62,2.5328205808248,19,1437.53,540,,9.9476439790576,216,3794.67,151,,71,5301.69,,17,74.691460055096,51,320,240,115,391,335,676,17,,,0,26,57,669,1.0981569748709
1821107517,Hill,Wendy,J,MSNP,I,1930 Pre Emption Rd,,Penn Yan,NY,36,14527,7,"Small town core: primary flow within an urban cluster of 2,500 to 9,999",US,Nurse Practitioner,S,6382,12866.666666667,555566.75,373676,450,,5516,11434.9,447582.76,332495,,406,,1239,414667.35,,5108,139070.82,,35,1828.58,,4567,375088.69,,1815,180478.06,,1550,192364.03,,4832,363202.72,114,2482.19,2832,32,1.7862738953306,0,0,0,0,0,159,8460.15,85,*,,,*,,73.846666666667,44,183,157,66,287,163,421,,0,,0,26,69,381,0.92214178718787
1821140443,Kreiswirth,Stacy,J,NP,I,"67 Irving Place #5fl",,New York,NY,36,10003,1,"Metropolitan area core: primary flow within an urbanized area of 50,000 and greater",US,Nurse Practitioner,S,1803,2573.7333333333,686360.26,74886,93,,1508,2246.0666666667,448318.24,65488,"#",,"#",,,,1265,96344.1,*,,,,710,222673.91,,1093,463686.35,,612,285596.25,,1191,400764.01,18,273.81,338,,0.99833610648918,0,0,0,,0,31,434.31,21,*,,,*,,69.827956989247,,,,,19,74,64,11,,,0,,13,80,1.086121789841
1821162611,Luo,Anming,,M.D.,I,1722 85th St,,Brooklyn,NY,36,11214,1,"Metropolitan area core: primary flow within an urbanized area of 50,000 and greater",US,Internal Medicine,S,20805,22953.4,1597587.19,646956,472,,19766,21828.9,1499208.55,615045,,448,,4279,1201615.35,,16126,381378.74,,400,14593.1,,13464,1079278.21,,7341,518308.98,,20156,1585556.15,,649,12031.04,89,2468.09,2167,19,0.42778178322519,0,0,0,0,0,304,17016.29,157,,89,9652.79,,15,77.766949152542,24,165,146,137,256,216,38,20,390,17,,,428,44,1.6090618602121
1821187204,Gebhard,Paul,,,I,1 West Ave,Suite 330,Saratoga Springs,NY,36,12866,1.1,"Secondary flow 30% to <50% to a larger urbanized area of 50,000 and greater",US,Internal Medicine,S,8597,15909.633333333,707802.52,459700,821,,7632,14630.3,582758.04,423403,,752,,1245,488237.36,,7321,218181.53,,31,1383.63,,5030,389942.16,,3567,317860.36,,1696,181196.52,,6901,526606,334,9891.85,6563,85,3.8850761893684,32,3608.03,960,,9.5808383233533,190,5229.29,136,,47,570.79,,11,75.028014616322,69,329,280,143,312,509,773,,,,0,29,104,717,1.1530074042958
1821198953,Baskin,Cindy,H,MD,I,27005 76th Ave,,New Hyde Park,NY,36,11040,1,"Metropolitan area core: primary flow within an urbanized area of 50,000 and greater",US,Internal Medicine,S,1120,2216.9333333333,66385.54,63668,132,,991,2020.1333333333,58382.31,58009,"#",,"#",,,,948,23094.63,*,,,,33,625.23,,1087,65760.31,,35,7173.75,,1085,59211.79,,,,,,,,,,,29,278.22,24,*,,,*,,71.416666666667,,,,,103,29,108,,,,0,,,,0.83023121979917
1821214180,Mann,Gary,K,"DNP, FNP-BC",I,28 Church St,,Alfred,NY,36,14802,7,"Small town core: primary flow within an urban cluster of 2,500 to 9,999",US,Nurse Practitioner,S,4145,8598.4333333333,427484.43,248843,435,,3136,6828.0666666667,340651.99,197837,,362,,688,331129.66,,3391,92835.99,,66,3518.78,,1789,201188.32,,2356,226296.11,,1664,185702.31,,2481,241782.12,235,21858.93,7152,62,5.6694813027744,29,15725.73,1104,,12.340425531915,188,2558.54,112,,22,522.93,*,,70.312643678161,73,205,120,37,234,201,410,,,,0,14,100,335,1.1412236809531
1821250036,Hung,Lingpin,,M.D,I,14318 Sanford Ave,First Floor,Flushing,NY,36,11355,1,"Metropolitan area core: primary flow within an urbanized area of 50,000 and greater",US,Internal Medicine,S,12385,17231.2,1143389.67,504316,494,,12130,16879.866666667,1128639.04,494095,,482,,2126,833484.65,,10093,302260.55,,166,7644.47,,9817,926248.77,,2568,217140.9,,9389,922125.74,,2996,221263.93,46,7217.55,1147,16,0.37141703673799,0,0,0,0,0,203,1777.95,124,,65,823.76,*,,75.232793522267,12,264,144,74,273,221,,,455,14,0,13,275,219,1.0054875278852
1821251323,Stahl Balaban,Celeste,,D.O.,I,21 N Main St,,Middleport,NY,36,14105,7,"Small town core: primary flow within an urban cluster of 2,500 to 9,999",US,Internal Medicine,S,7015,12969.633333333,505991.14,373691,440,,6459,12083.933333333,466795.36,348391,,411,,1066,370770.89,,5885,132157.77,,64,3062.48,,4486,244243.08,,2529,261748.06,,1635,118712.33,,5380,387278.81,202,3901.5,4686,53,2.8795438346401,,,,,,272,4079.69,189,*,,,*,,73.225,29,233,132,46,291,149,426,,,0,0,12,56,384,1.0818012330136
1821353970,Bao,Dashi,,M.D.,I,4266 Kissena Blvd,Fl1,Flushing,NY,36,11355,1,"Metropolitan area core: primary flow within an urbanized area of 50,000 and greater",US,Internal Medicine,S,8623,10006.8,720237.3,281330,411,,8346,9666.1333333333,705226.76,271835,,389,,1565,529724.39,,6904,183279.95,,154,7232.96,,6318,545734.63,,2305,174502.67,,8337,715411.5,,286,4825.8,11,66.53,103,,0.12756581236229,0,0,0,,0,350,2365.97,180,,44,264.8,,11,71.888077858881,22,266,94,29,222,189,,,397,,0,0,374,37,1.3450932972739
1821368390,Song,Xiaoyan,,M.D.,I,4199 Main St Ste 201,,Flushing,NY,36,11355,1,"Metropolitan area core: primary flow within an urbanized area of 50,000 and greater",US,Internal Medicine,S,6941,8123.9333333333,771557.99,231952,330,,6657,7784.6,745402.6,223050,,304,,1759,639632.9,,5051,128542.84,,131,3382.25,,5002,537959.33,,1939,233598.66,,6535,742671.71,,406,28886.28,24,134.44,276,11,0.34577150266532,0,0,0,0,0,262,3033.73,149,,22,369.6,*,,71.893939393939,26,183,93,28,195,135,13,,276,21,,12,272,58,1.0732858998739
1831103555,Blood,Suzanne,M,MD,I,161 Carey Rd,,Queensbury,NY,36,12804,1,"Metropolitan area core: primary flow within an urbanized area of 50,000 and greater",US,Internal Medicine,S,7991,13247.7,523942.55,357747,604,,7601,12685.4,489930.32,343107,,552,,1550,364866.02,,6413,158125.61,,28,950.92,,4037,252364.02,,3954,271578.53,,3801,208858.1,,4190,315084.45,265,7293.16,5915,103,3.3162307596046,20,2138.01,725,11,7.5471698113208,177,6958.6,112,,98,38574.19,,15,76.062913907285,52,215,191,146,447,157,592,0,,,0,,180,424,1.4574408722507
1831115104,Shapiro,Scott,A,M.D.,I,2 Lincoln Ave,Suite 201,Rockville Centre,NY,36,11570,1,"Metropolitan area core: primary flow within an urbanized area of 50,000 and greater",US,Internal Medicine,S,6036,12286.866666667,455528.87,360465,573,,5689,11746.866666667,434969.65,344885,,547,,871,311993.72,,5150,143049.44,,15,485.71,,1297,86597.51,,4739,368931.36,,511,50152.26,,5525,405376.61,91,3850.15,2323,18,1.5076209410205,32,2897.78,1020,,35.164835164835,138,1955.97,96,,14,600.21,*,,75.497382198953,26,262,194,91,323,250,487,43,,14,,27,38,535,0.99561892853737
1831115880,Croen,Kenneth,D,M.D.,I,550 Mamaroneck Ave,Suite 302,Harrison,NY,36,10528,1,"Metropolitan area core: primary flow within an urbanized area of 50,000 and greater",US,Internal Medicine,S,8743,17003.566666667,720378.41,494323,699,,8433,16538.033333333,630692.03,481860,,683,,1399,503037.89,,7332,216928.36,,12,412.16,,341,6382.56,,8402,713995.85,,286,14030.73,,8457,706347.68,122,2357.82,1427,28,1.3954020359144,14,918.4,405,,11.475409836066,262,4740.83,169,,18,386.36,*,,75.854077253219,16,338,218,127,398,301,630,,14,,0,38,15,684,0.98114704431029
1831128206,Schnakenberg,Eric,C,MD,I,1783 Route 9,Suite 204,Halfmoon,NY,36,12065,1,"Metropolitan area core: primary flow within an urbanized area of 50,000 and greater",US,Family Practice,S,4871,10623.666666667,513889.38,311365,415,,4191,9575.9666666667,426436.92,281421,,377,,846,400257.15,,3969,111302.23,,56,2330,,2929,264807.26,,1942,249082.12,,1072,129643.23,,3799,384246.15,146,2797.45,3901,35,2.9973311435024,11,206.09,328,,7.5342465753425,114,1235.31,77,,13,151.36,*,,72.81686746988,38,212,118,47,201,214,381,,,,0,15,52,363,1.0557620090621
1831134865,D'Agostino,Ronald,D,D.O.,I,1983 Marcus Ave,Suite E 124,Lake Success,NY,36,11042,1,"Metropolitan area core: primary flow within an urbanized area of 50,000 and greater",US,Cardiology,S,8841,21617.1,1489387.75,641438,502,,8707,21282.766666667,1441104.99,631696,"#",,,2082,1185913.75,,6713,300772.56,,46,2701.44,,2350,389811.82,,6491,1099575.93,,665,172725.01,,8176,1316662.74,18,566.62,409,,0.2035968781812,,,,,,120,1258.11,78,*,,,*,,76.073705179283,,,,,251,251,431,25,,20,,16,33,469,1.4829483524834
1831140276,Pfau,Kristen,G,MD,I,3922 Fennell St,,Skaneateles,NY,36,13152,7.1,"Secondary flow 30% to <50% to a urbanized area of 50,000 and greater",US,Family Practice,S,3275,5581.8333333333,220848.18,159594,271,,2879,5075.8333333333,209554.94,145689,,245,,459,151743.74,,2802,68816.9,,14,287.54,,1348,79186.06,,1927,141662.12,,590,33778.37,,2685,187069.81,175,5688.4,4220,35,5.3435114503817,,,,,,89,1574.3,50,,39,214.07,*,,74.217712177122,26,125,77,43,162,109,256,,0,,0,14,22,249,1.128549200492
1831156447,Cleary,Kevin,G,MD,I,4893 Transit Rd,,Depew,NY,36,14043,1,"Metropolitan area core: primary flow within an urbanized area of 50,000 and greater",US,Internal Medicine,S,4006,9417,376269.9,276173,694,,3857,9128.7666666667,370173.88,268044,,660,,740,293335.09,,3237,81929.34,,29,1005.47,,2924,243340.24,,1082,132929.66,,327,19741.88,,3679,356528.02,31,480.66,895,19,0.77383924113829,0,0,0,0,0,153,1755.46,121,*,,,*,,75.21181556196,34,307,255,98,360,334,662,,,,0,15,36,658,1.2386028814341
1831166206,Gupta,Brijendra,K,MD,I,6713 Lincoln Avenue,,Lockport,NY,36,14094,2,"Metropolitan area high commuting: primary flow 30% or more to a urbanized area of 50,000 and greater",US,Family Practice,S,8920,18514.933333333,770429.23,538214,447,,8156,17308.033333333,707465.72,503030,,424,,1398,569854.57,,7442,196969.55,,80,3605.11,,5367,381203.76,,3553,389225.47,,605,38891.84,,8315,731537.39,257,7072.49,7045,44,2.8811659192825,44,3088.13,1226,,17.120622568093,277,2597.29,156,,54,578.39,*,,75.149888143177,23,201,148,75,254,193,422,,0,,0,14,22,425,1.047005500368
1831166271,Chun,Audrey,,MD,I,1440 Madison Ave,,New York,NY,36,10029,1,"Metropolitan area core: primary flow within an urbanized area of 50,000 and greater",US,Geriatric Medicine,S,4805,8225.7333333333,335145.85,239602,311,,4805,8225.7333333333,335145.85,239602,,311,,900,222201.51,,3857,111522.4,,48,1421.94,,471,19024.1,,4334,316121.75,,2001,115079.76,,2804,220066.09,162,10015.61,3690,30,3.3714880332986,46,7548.86,1380,,28.395061728395,67,1157.67,38,,80,3310.16,,18,83.974276527331,0,32,131,148,225,86,207,33,19,44,,,84,227,1.5542460634764
1831173798,Hashmi,Mohammed,,MD,I,375 Seguine Ave,,Staten Island,NY,36,10309,1,"Metropolitan area core: primary flow within an urbanized area of 50,000 and greater",US,Psychiatry & Neurology,T,2674,2953.4666666667,196223.15,84385,204,,755,839,39633.65,23666,,80,,243,98797.9,,2431,97425.25,,0,0,,1065,74070.53,,1609,122152.62,,1836,173487.92,,838,22735.23,,,,,,,,,,,,,,,235,27900.33,,25,59.029411764706,124,48,,,85,119,149,26,,16,0,,110,94,1.2206193053916
1831181981,David,Jose,M,M.D.,I,1 Alton Rd,,Albany,NY,36,12203,1,"Metropolitan area core: primary flow within an urbanized area of 50,000 and greater",US,Family Practice,S,13979,20390.333333333,1345105.84,556100,685,,11068,16632.933333333,915079.92,454545,,558,,3021,1013138.15,,10915,329565.36,,43,2402.33,,8089,678309.81,,5890,666796.03,,8219,822953.16,,5760,522152.68,571,35446.98,13864,104,4.0846984762859,88,25557.76,2499,13,15.411558669002,262,3321.76,147,,175,9964.46,,35,73.017518248175,127,255,157,146,414,271,550,76,,23,,19,309,376,1.6125790657147
1831196898,Nguyen,Dustin,T,MD,I,202 Canal St,Fl 7,New York,NY,36,10013,1,"Metropolitan area core: primary flow within an urbanized area of 50,000 and greater",US,Internal Medicine,S,32386,61419.533333333,5173119.3399999,1788971,676,,31263,59814.866666667,5036140.73,1743134,,653,,8110,3946553.8,,23657,1217653.6,,619,8911.94,,12702,1746898.05,,19684,3426221.29,,30606,4932469.24,,1780,240650.1,146,2202.41,3012,26,0.45081207929352,12,523.32,360,,8.2191780821918,445,7804.62,284,,38,4649.25,*,,74.556213017751,23,342,228,83,389,287,,,665,,0,,585,91,1.2664207977983
1831197441,Howard,Elizabeth,A,DO,I,1301 River St Rm 101,Valatie Medical Arts Bldg,Valatie,NY,36,12184,2,"Metropolitan area high commuting: primary flow 30% or more to a urbanized area of 50,000 and greater",US,Internal Medicine,S,4055,7793.9,293410.2,226720,331,,3703,7333.0666666667,249777.62,213698,,306,,657,207908.86,,3368,84642.92,,30,858.42,,1922,120854.16,,2133,172556.04,,504,42453.95,,3551,250956.25,86,2113.63,2011,27,2.1208384710234,15,1155.99,450,,17.441860465116,92,1630.11,70,*,,,*,,73.416918429003,25,173,89,44,243,88,309,,,,0,14,42,289,1.0595964487488
1831203991,Silverman,Warren,,M.D.,I,776a Watervliet Shaker Rd,,Latham,NY,36,12110,1,"Metropolitan area core: primary flow within an urbanized area of 50,000 and greater",US,Preventive Medicine,S,3286,3313,507272.37999999,16783,2170,,3135,3161,484541.25999999,15846,,2067,,3273,507085.72999999,,13,186.65,,0,0,,1318,203301.6,,1968,303970.78,,411,62553.31,,2875,444719.06999999,0,0,0,0,0,0,0,0,0,,,,,,0,0,,0,73.356221198157,103,1219,696,152,1247,923,1995,,27,23,,104,238,1932,0.92988005451326
1831239391,Park,Daniel,D,DO,I,6019 Roosevelt Ave,"Suite #201",Woodside,NY,36,11377,1,"Metropolitan area core: primary flow within an urbanized area of 50,000 and greater",US,Family Practice,S,14976,16721.9,1052262.85,479307,443,,14251,15928,983126.69,456526,,417,,2810,816664.82,,11985,230283.81,,181,5314.22,,7276,414251.64,,7700,638011.21,,12377,968138.99,,2599,84123.86,44,385.92,833,18,0.29380341880342,0,0,0,0,0,436,4325.5,212,*,,,*,,74.869074492099,26,188,169,60,247,196,61,,309,47,,18,266,177,1.1988553900848
1831253244,Poon,Tze,,,I,139 Centre St,Room 603,New York,NY,36,10013,1,"Metropolitan area core: primary flow within an urbanized area of 50,000 and greater",US,Internal Medicine,S,14651,19748.7,1553071.67,568773,459,,14531,19554.366666667,1537408.06,563061,"#",,,4139,1118493.36,,10465,433880.29,,47,698.02,,9735,970849.59,,4916,582222.08,,13853,1496009.91,,798,57061.76,,,,,,,,,,,369,3760.94,190,,0,0,*,,75.823529411765,,,,,243,216,,,438,,0,16,378,81,1.3185305010893
1831273762,Gaylord,James,,,I,1184 State Route 50,,Ballston Lake,NY,36,12019,1,"Metropolitan area core: primary flow within an urbanized area of 50,000 and greater",US,Internal Medicine,S,3365,6481.9666666667,299830.58,186564,262,,2793,5664.0333333333,230495.79,163338,,222,,643,209301.68,,2693,88594.91,,29,1933.99,,1926,182776.74,,1439,117053.84,,689,80251.39,,2676,219579.19,266,9910.23,6170,52,7.9049034175334,60,5586.57,1800,,22.556390977444,97,1952.83,59,,25,779.48,*,,72.091603053435,40,120,65,37,134,128,250,0,,,0,,39,223,1.1150466525031
1831367515,Singla,Vikas,,M.D.,I,325 Essjay Rd,,Williamsville,NY,36,14221,1,"Metropolitan area core: primary flow within an urbanized area of 50,000 and greater",US,Internal Medicine,S,5857,11545.133333333,401615.55,340667,410,,5125,10408.6,342446.89,307661,,352,,745,281672.63,,5083,118065.67,,29,1877.25,,4214,290310.6,,1643,111304.95,,1648,124429.41,,4209,277186.14,44,668.61,1103,16,0.75123783506915,,,,,,53,561.6,43,,37,1676.59,*,,73.939024390244,58,149,121,82,245,165,361,31,,,0,,91,319,1.1224656820136
1831465558,Wang,Hongyin,,M.D.,I,1000 10th Ave,,New York,NY,36,10019,1,"Metropolitan area core: primary flow within an urbanized area of 50,000 and greater",US,Internal Medicine,S,12597,13880.266666667,982116.69,400291,553,,12028,13288.833333333,928291.01,383443,,527,,2347,750766.86,,10065,222265.24,,185,9084.59,,11042,850005.71,,1555,132110.98,,12191,968386.93,,406,13729.76,15,61.83,236,,0.11907597046916,0,0,0,,0,248,2955.58,164,*,,,*,,70.78842676311,26,408,97,22,246,307,0,,541,,0,,520,33,1.0628048551456
1841213022,Vanheukelum,Bradley,A,MD,I,999 E Ridge Rd Ste 800,,Rochester,NY,36,14621,1,"Metropolitan area core: primary flow within an urbanized area of 50,000 and greater",US,Family Practice,S,3953,5933.8333333333,321243.51,169915,260,,2122,3782.6333333333,180381.14,109870,,161,,669,242254.42,,3232,76414.36,,52,2574.73,,2036,197895.13,,1917,123348.38,,2901,222041.86,,1052,99201.65,163,3732.78,4134,36,4.1234505438907,23,1048.29,680,,14.110429447853,61,484.39,36,,15,234.72,*,,64.992307692308,99,108,39,14,159,101,172,48,,31,0,,137,123,1.367335349735
1841222577,Leva,Paul,R,MD,I,320 Laurel Rd,,Northport,NY,36,11768,1,"Metropolitan area core: primary flow within an urbanized area of 50,000 and greater",US,Internal Medicine,S,5181,11092.9,770664.32,325477,336,,4031,9117.5,606428.21,268492,,288,,1078,567384.73,,4005,198790.28,,98,4489.31,,1341,137847.26,,3840,632817.06,,1913,271192.04,,3268,499472.28,279,15723.81,8446,53,5.3850607990735,22,6119.25,855,,7.8853046594982,147,2056.11,86,,41,8484.06,*,,72.077380952381,48,160,93,35,193,143,247,12,,61,,11,60,276,1.1951267062624
1841231057,Huang,Zheng-Bo,,M.D.,I,14218 38th Ave,Suite 1c,Flushing,NY,36,11354,1,"Metropolitan area core: primary flow within an urbanized area of 50,000 and greater",US,Geriatric Medicine,S,21035,24776.166666667,1615856.25,730017,463,,20947,24639.166666667,1603440.16,726067,"#",,,3803,1176064.83,,17009,431756.62,,223,8034.8,,13825,1036475.21,,7210,579381.04,,18822,1495305.45,,2213,120550.8,47,501.73,1242,18,0.2234371285952,0,0,0,0,0,219,51056.76,144,,78,5925.14,*,,79.684665226782,,,,,266,197,21,,408,14,,13,339,124,1.3744265075294
1841241361,Lamb,Anna,M,D.O.,I,16 Bank St,,Batavia,NY,36,14020,4,"Micropolitan area core: primary flow within an urban cluster of 10,000 to 49,999",US,Family Practice,S,16476,24654.1,1582284.69,714872,836,,10108,16504.533333333,914367.63,481934,,581,,3085,1239784.55,,13203,332635.52,,188,9864.62,,8851,792253.74,,7625,790030.95,,8943,1032126.71,,7533,550157.98,1158,98738.34,30428,146,7.0284049526584,488,71561.65,14216,63,42.141623488774,212,10460.27,94,,117,8785.16,,18,67.412679425837,255,356,166,59,518,318,782,25,,11,,16,337,499,1.2286426868239
1841252103,Shalhoub,Robert,F,MD,I,36 7th Ave,Suite 518,New York,NY,36,10011,1,"Metropolitan area core: primary flow within an urbanized area of 50,000 and greater",US,Internal Medicine,S,2501,5224.9333333333,165274.6,151710,197,,2471,5158.9333333333,162511.52,149730,"#",,"#",,,,2026,59394.09,*,,,,863,60792.91,,1638,104481.69,,411,26997.75,,2090,138276.85,37,564.8,741,12,1.4794082367053,,,,,,82,658.99,49,*,,,*,,76.121827411168,,,,,108,89,160,,,11,0,13,16,181,1.0216143147858
1841260908,Cemaletin,Nevber,S,MD,I,110 E 59th St,Suite 9b,New York,NY,36,10022,1,"Metropolitan area core: primary flow within an urbanized area of 50,000 and greater",US,Cardiology,S,2801,6345.5,291872.44,187722,261,,2744,6232.5,287878.73,184420,"#",,,513,200050.62,,2288,91821.82,,0,0,,439,33660.56,,2362,258211.88,,210,42144.29,,2591,249728.15,,,,,,,,,,,54,666.61,38,*,,,*,,77.176245210728,,,,,183,78,212,12,,,0,18,13,248,1.0888941417954
1841269172,Brown,Stephen,M,MD,I,4939 Brittonfield Pkwy,"Suite 211, Bldg B",East Syracuse,NY,36,13057,1,"Metropolitan area core: primary flow within an urbanized area of 50,000 and greater",US,Obstetrics & Gynecology,S,110,166.26666666667,18994.53,3708,56,,76,130.26666666667,14347.02,3020,"#",,,57,17665.68,,53,1328.85,,0,0,,33,3516.48,,77,15478.05,,34,5450.03,,76,13544.5,0,0,0,0,0,0,0,0,0,,,,,,0,0,*,,70,,,,,43,13,52,,0,0,0,,,,0.76908630952381
1841286382,Bowman,Ralph,E,MD,I,170 E Main St,,Port Jervis,NY,36,12771,4,"Micropolitan area core: primary flow within an urban cluster of 10,000 to 49,999",US,Internal Medicine,S,4352,7892.2666666667,235048.64,230678,351,,3589,6916.3333333333,208673.6,202818,,302,,628,148849.61,,3711,85547.57,,13,651.46,,1260,69673.81,,3092,165374.83,,1233,50632.06,,3119,184416.58,27,492.73,531,,0.62040441176471,0,0,0,,0,109,1283.08,70,*,,,*,,71.57264957265,49,167,114,21,185,166,319,11,,11,0,,63,288,1.1574723105173
1841299526,Brenner,David,E,M.D.,I,1165 Northern Blvd,Suite 300,Manhasset,NY,36,11030,1,"Metropolitan area core: primary flow within an urbanized area of 50,000 and greater",US,Internal Medicine,S,4824,10703.9,235036.06,312415,437,,4675,10516.366666667,225968.62,307273,"#",,"#",,,,4255,122469.9,*,,,,804,40112.84,,4020,194923.22,,324,19899.8,,4500,215136.26,32,430.3,481,12,0.66334991708126,0,0,0,0,0,169,2693.83,112,,17,777.75,*,,77.242562929062,,,,,266,171,393,14,,,0,16,16,421,0.98252621835584
1841375037,Chang,Steve,C,MD,I,13620 38th Ave,Suite 8e,Flushing,NY,36,11354,1,"Metropolitan area core: primary flow within an urbanized area of 50,000 and greater",US,Internal Medicine,S,5099,7418.8,446736.99,218834,216,,5034,7353.8,444619.98,216930,"#",,,1014,346726.69,,3967,93708.99,,118,6301.31,,3563,311462.94,,1536,135274.05,,2759,245738.75,,2340,200998.24,,,,,,,,,,,36,358.84,30,,0,0,*,,73.930555555556,,,,,123,93,,,186,,0,,70,146,0.93423377738522
1841383064,Sanger,Heidi,S,MD,I,Mmg - Eastchester,440 White Plains Road,Eastchester,NY,36,10709,1,"Metropolitan area core: primary flow within an urbanized area of 50,000 and greater",US,Internal Medicine,S,5212,12035.266666667,667440.97,351294,506,,4594,10920.9,603357.97,319686,,450,,1018,500274.28,,4143,164818.69,,51,2348,,2068,257936.09,,3144,409504.88,,1081,116210.79,,4131,551230.18,73,532.78,1424,30,1.4006139677667,0,0,0,0,0,95,2521.74,77,,17,1496.12,*,,71.913043478261,56,262,140,48,370,136,349,82,13,44,0,18,82,424,1.1106490794724
1841453057,Aziz,Farzana,,M.D.,I,994 W Jericho Tpke Ste 201,,Smithtown,NY,36,11787,1,"Metropolitan area core: primary flow within an urbanized area of 50,000 and greater",US,Internal Medicine,S,4626,10492.566666667,373321.09,308065,343,,4388,10118.566666667,364129.44,297364,,327,,620,252990.22,,3980,119256.79,,26,1074.08,,742,35638.53,,3884,337682.56,,585,76594.19,,4041,296726.9,13,166.5,236,,0.28102031993083,0,0,0,,0,147,1634.34,96,*,,,*,,76.291545189504,16,123,134,70,199,144,311,,15,,0,,40,303,1.1964010329352
1841466703,Yang,Liming,,M.D.,I,5803 7th Ave,,Brooklyn,NY,36,11220,1,"Metropolitan area core: primary flow within an urbanized area of 50,000 and greater",US,Family Practice,S,9443,11616.4,731228.38,336434,247,,9127,11220.4,714535.44,325070,,234,,1810,555843.66,,7516,170845.63,,117,4539.09,,7361,589024.06,,2082,142204.32,,9113,716126.02,,330,15102.36,11,48.41,118,,0.11648840410886,0,0,0,,0,92,525.98,64,,18,113.85,*,,72.595141700405,13,151,53,30,123,124,,,224,,0,,216,31,1.0412134416903
1841511342,Lalley-Demong,Vanessa,,DO,I,4104 Medical Center Dr,Suite 104,Fayetteville,NY,36,13066,1,"Metropolitan area core: primary flow within an urbanized area of 50,000 and greater",US,Family Practice,S,1926,3161.9333333333,118111.75,91445,171,,1330,2392.4,70603.33,69688,,138,,318,87973.93,,1579,28911.84,,29,1225.98,,926,52648.53,,1000,65463.22,,785,57243.95,,1141,60867.8,13,230.85,425,,0.67497403946002,0,0,0,,0,36,378.51,26,,0,0,,0,71.333333333333,33,72,41,25,128,43,147,13,,,,,45,126,1.1835589668616
1841521986,Aungier,Monica,E,RN,I,301 Prospect Ave,Specialty Services,Syracuse,NY,36,13203,1,"Metropolitan area core: primary flow within an urbanized area of 50,000 and greater",US,Registered Nurse,T,12,12,2029.9,128,11,"#",,,,,*,,,12,2029.9,,0,0,,0,0,*,,,*,,,*,,,"#",,,0,0,0,0,0,0,0,0,0,,0,0,0,*,,,*,,77.181818181818,,,,,,,11,0,0,0,0,0,,,1.3297272727273
1841721982,Yuan,Yanyi,,FNP,I,839 58th St Apt 5,,Brooklyn,NY,36,11220,1,"Metropolitan area core: primary flow within an urbanized area of 50,000 and greater",US,Nurse Practitioner,S,1088,1248.2,105142.25,34361,249,,1041,1197.2,101946.19,32950,"#",,,195,85927.61,,858,18705.19,,35,509.45,,923,91807.45,,165,13334.8,,1058,104963.9,,30,178.35,0,0,0,0,0,0,0,0,0,,53,296.75,49,,0,0,*,,71.646586345382,,,,,121,128,0,0,247,,0,,,,1.2164523820735
1851313118,Weber,Barbara,,M. D.,I,1425 Portland Ave,,Rochester,NY,36,14621,1,"Metropolitan area core: primary flow within an urbanized area of 50,000 and greater",US,Internal Medicine,S,2576,5921.0333333333,199773.19,173501,278,,2457,5714.1,190183.5,167441,"#",,,425,136076.04,,2133,63200.03,,18,497.12,,2223,180638.29,,353,19134.9,,574,51863.8,,2002,147909.39,31,680,718,,1.2034161490683,0,0,0,,0,38,585.71,29,,0,0,*,,75.507194244604,,,,,181,97,257,,0,,0,14,25,253,0.96245053956834
1851320204,Deiss,Katharine,D,M.D.,I,10 S Pointe Lndg,Ste 210,Rochester,NY,36,14606,1,"Metropolitan area core: primary flow within an urbanized area of 50,000 and greater",US,Internal Medicine,S,5448,10619.366666667,332661.29,307794,417,,3828,8339.2333333333,239374.91,244326,,323,,678,207515.93,,4735,124168.04,,35,977.32,,3600,203480.5,,1848,129180.79,,1797,97555.1,,3651,235106.19,180,3344.53,3810,34,3.3039647577093,55,722.99,946,,30.555555555556,74,2730.34,51,,19,172.96,*,,68.760191846523,94,182,108,33,278,139,365,27,,,0,16,95,322,1.0743223951505
1851320212,Allen,Judith,,M.D.,I,995 Senator Keating Blvd,Suite 200 Building E,Rochester,NY,36,14618,1,"Metropolitan area core: primary flow within an urbanized area of 50,000 and greater",US,Internal Medicine,S,10724,18227,588895.37,528254,609,,9167,16023.2,491471.1,465249,,549,,1230,332215.64,,9427,252944.14,,67,3735.59,,8683,487119.37,,2041,101776,,1951,132439.85,,8773,456455.52,418,15963.62,11075,77,3.8977993286087,95,7655.22,2757,15,22.727272727273,279,9486.87,147,,13,1706.61,*,,72.108374384236,60,326,179,44,464,145,530,31,,,0,35,61,548,0.85581613670715
1851321855,Khishchenko,Larisa,,M.D.,I,485 Titus Ave,Ste H,Rochester,NY,36,14617,1,"Metropolitan area core: primary flow within an urbanized area of 50,000 and greater",US,Internal Medicine,S,6784,15541.733333333,375502.62,456552,443,,6442,14917.466666667,354776.9,438162,,420,,903,242135.82,,5822,131808.3,,59,1558.5,,5515,305368.8,,1269,70133.82,,1747,102247.53,,5037,273255.09,57,1040.87,1487,21,0.84021226415094,0,0,0,0,0,167,1289.87,104,*,,,*,,75.595936794582,23,188,160,72,331,112,377,31,,13,,19,88,355,1.1581082319401
1851362594,Lewis,Paulette,,M.D.,I,31 Arnot Rd,,Horseheads,NY,36,14845,1,"Metropolitan area core: primary flow within an urbanized area of 50,000 and greater",US,Internal Medicine,S,10324,22840.233333333,952712.72,668361,648,,7820,17980.266666667,651964.64,527554,,506,,1600,691793.19,,8616,255651.74,,108,5267.79,,5041,406288.76,,5283,546423.96,,4693,514152.69,,5631,438560.03,297,8040.24,7677,52,2.8767919411081,48,4972.3,1410,,16.161616161616,159,3251,112,,21,638.67,*,,70.179012345679,142,288,151,67,494,154,590,37,,12,0,,219,429,1.2437009291796
1851368732,Jander,Lucia,,MD,I,217 N Aurora St,,Ithaca,NY,36,14850,1,"Metropolitan area core: primary flow within an urbanized area of 50,000 and greater",US,Internal Medicine,S,4719,8398.0333333333,334325.14,236940,279,,4384,7769.1333333333,303110.28,219028,,259,,671,212201.87,,4029,121442.1,,19,681.17,,1256,79736.01,,3463,254589.13,,1073,97402.24,,3646,236922.9,270,17544.04,5662,48,5.7215511760966,38,11306.29,1066,,14.074074074074,196,3158.77,102,,132,4700.07,,20,79.010752688172,20,86,69,104,202,77,255,,,,,,47,232,1.2547403415706
1851387682,Warchol,Anna,,MD,I,2627b Hylan Blvd,,Staten Island,NY,36,10306,1,"Metropolitan area core: primary flow within an urbanized area of 50,000 and greater",US,Internal Medicine,S,5415,7624.8333333333,499847.59,218429,343,,5102,7181.2333333333,456834.6,205797,,321,,1008,373790.52,,4303,121133.02,,104,4924.05,,2872,289726.12,,2543,210121.47,,3609,372357.34,,1806,127490.25,38,251.31,871,15,0.70175438596491,0,0,0,0,0,186,6519.91,113,,16,223.21,*,,75.553935860058,22,148,107,66,246,97,272,15,,35,,19,190,153,1.4106612275265
1851442198,Horbar,Gary,M,M.D.,I,6 E 85th St,,New York,NY,36,10028,1,"Metropolitan area core: primary flow within an urbanized area of 50,000 and greater",US,Internal Medicine,S,7969,12909.1,474198.18,369956,542,,7927,12829.1,473328.53,367753,"#",,,1455,317978.88,,6498,155317.55,,16,901.75,,281,10795.4,,7688,463402.78,,246,27595.31,,7723,446602.87,96,2165.71,1797,36,1.2046680888443,0,0,0,0,0,341,9464.53,187,,45,1484.32,*,,77.306273062731,,,,,315,227,490,,,11,0,28,15,527,1.0883430444218
1851456669,Wang,Jyming,,M.D.,I,13336 41st Rd Ste 2m,,Flushing,NY,36,11355,1,"Metropolitan area core: primary flow within an urbanized area of 50,000 and greater",US,Internal Medicine,S,5741,9993.5666666667,388202.53,294333,539,,5303,9353.1333333333,349532.76,276420,,521,,791,231283.48,,4895,155565.25,,55,1353.8,,4012,283719.49,,1729,104483.04,,3449,234770.9,,2292,153431.63,55,781.34,1175,,0.9580212506532,12,70.21,189,,21.818181818182,132,1371.07,81,,11,43.62,*,,75.760667903525,18,240,180,101,368,171,22,,478,11,,24,250,289,0.927735283192
1851470058,Marder,Galina,,MD,I,2800 Marcus Ave,,New Hyde Park,NY,36,11042,1,"Metropolitan area core: primary flow within an urbanized area of 50,000 and greater",US,Rheumatology,S,1373,2322.9333333333,1088022.24,67512,162,,973,1662.6,822700.68,48490,,113,"#",,,,1024,76051.09,*,,,,395,380622.19,,978,707400.05,,564,452183.57,,809,635838.67,54,1220.21,1796,14,3.9329934450109,0,0,0,0,0,28,307.4,16,,0,0,,0,67.333333333333,49,58,41,14,125,37,80,45,,18,0,,56,106,2.0650125322982
1851480164,Morrison,Donna,E,MD,I,537 N State Rd,,Briarcliff Manor,NY,36,10510,1,"Metropolitan area core: primary flow within an urbanized area of 50,000 and greater",US,Internal Medicine,S,2136,4613.6666666667,111852.38,133871,263,,1984,4405.3333333333,101980.1,127940,,248,,335,61444.11,,1776,49351.51,,25,1056.76,,363,13233.65,,1773,98618.73,,288,20662.28,,1848,91190.1,,,,,,,,,,,81,857.29,60,,0,0,,0,72.467680608365,15,154,74,20,197,66,215,,,,0,20,27,236,0.88350443599493
1851493217,Schuller,Alan,M,MD,I,200 W Carver St,,Huntington,NY,36,11743,1,"Metropolitan area core: primary flow within an urbanized area of 50,000 and greater",US,Internal Medicine,S,1740,3795.0333333333,149840.07,107325,326,,1692,3723.0333333333,140091.63,105421,,314,"#",,,,1499,70125.87,*,,,,155,17428.52,,1585,132411.55,,93,13049.98,,1647,136790.09,16,127.98,425,,0.91954022988506,0,0,0,,0,62,3684.64,31,,0,0,,0,73.828220858896,12,177,111,26,134,192,287,,,,0,22,11,315,0.84125441481727
1851534465,Del Pilar,Alberto,S,MD,I,144 W 5th St,,Oswego,NY,36,13126,4,"Micropolitan area core: primary flow within an urban cluster of 10,000 to 49,999",US,Family Practice,S,12058,18205.266666667,1057415.02,512992,748,,8261,13475,627577.86,381078,,572,,2134,839657.5,,9777,211913.39,,147,5844.13,,6663,530947.02,,5395,526468,,5848,584751.97,,6210,472663.05,135,1728.94,2571,69,1.119588654835,,,,,,301,6864.97,194,,38,5751.45,*,,70.364973262032,176,293,170,109,350,398,663,40,15,,,20,295,453,1.26637368894
1851539415,Martinez,Dianik,,M.D,I,13303 Jamaica Ave,,Richmond Hill,NY,36,11418,1,"Metropolitan area core: primary flow within an urbanized area of 50,000 and greater",US,Family Practice,S,18111,32841.5,484017.61,932437,1380,,17190,31553,440343.01,898301,,1341,,1914,377287,,15990,104091.87,,207,2638.74,,18044,483778.52,,67,239.09,,11378,346764.51,,6733,137253.1,353,1450.18,5628,135,1.9490917122191,12,389.76,180,,3.399433427762,251,709.97,176,,71,115.26,,25,77.534782608696,39,444,628,269,857,523,66,,,1304,0,,746,634,1.8202106599212
1851546097,Karam-Bayoumi,Rania,,MD,I,227 Ridge Road,,Lackawanna,NY,36,14218,1,"Metropolitan area core: primary flow within an urbanized area of 50,000 and greater",US,Family Practice,S,4188,5696,314630.42,160541,179,,1908,2870.1666666667,131677.66,82714,,87,,756,251273.5,,3385,61206.76,,47,2150.16,,1928,166294.9,,2260,148335.52,,3252,252550.93,,936,62079.49,230,7781.28,5352,45,5.4918815663801,37,4515.95,1015,,16.086956521739,89,1004.12,54,,12,91.06,*,,62.256983240223,92,52,24,11,98,81,164,,0,,0,,106,73,1.2723496590449
1851559041,Einav,Eldad,U,M.D.,I,732 Vestal Pkwy E,Suite 6a,Vestal,NY,36,13850,1,"Metropolitan area core: primary flow within an urbanized area of 50,000 and greater",US,Cardiology,S,4642,7275.0333333333,673023.58,150121,2048,,4297,6754.6333333333,627917.37,138786,,1897,,2927,624295.95,"#",,,*,,,,1765,232093.4,,2877,440930.18,,730,109863.24,,3912,563160.34,0,0,0,0,0,0,0,0,0,,,,,,0,0,,0,73.76708984375,151,1011,677,209,1157,891,1915,28,19,26,0,60,294,1754,1.0510148888863
1851792931,Garza,Lisa,,,I,81 Telegraph Rd,,Middleport,NY,36,14105,7,"Small town core: primary flow within an urban cluster of 2,500 to 9,999",US,Pharmacist,T,142,142,21937.38,3390,91,"#",,,,,"#",,,126,19256.42,,0,0,,16,2680.96,,53,7720.15,,89,14217.23,*,,,"#",,,0,0,0,0,0,0,0,0,0,,0,0,0,*,,,*,,74.208791208791,,,,,58,33,79,0,,,0,,,,0.7089384848625
1851830491,Kim,Joungran,,,I,2015 Grand Concourse,,Bronx,NY,36,10453,1,"Metropolitan area core: primary flow within an urbanized area of 50,000 and greater",US,Nurse Practitioner,S,5795,7122.8666666667,627584.13,208997,405,,5749,7044.8666666667,626979.67,206845,"#",,,1549,545394.76,,4228,81758.11,,18,431.26,,1288,104919.06,,4507,522665.07,,5195,610075.43,,600,17508.7,,,,,,,,,,,57,324.32,52,*,,,*,,75.61975308642,,,,,253,152,,,376,,0,22,281,124,1.0629920260222
1851844476,Wayne,Faith,,,I,462 Grider St,"11th Floor, Ub/Md Nephrology",Buffalo,NY,36,14215,1,"Metropolitan area core: primary flow within an urbanized area of 50,000 and greater",US,Nurse Practitioner,S,1492,1602.2666666667,82591.69,37901,196,,1290,1390.2333333333,63966.46,32671,,175,,251,51424.2,,1228,30607.27,,13,560.22,,1095,51321.06,,397,31270.63,,832,42860.14,,660,39731.55,102,8791.06,2236,48,6.8364611260054,17,6359.84,474,,16.666666666667,65,1804.77,46,,79,959.26,,19,80.142857142857,21,33,61,81,145,51,169,19,0,,0,,97,99,2.1707232163844
1861411365,Furman,Alice,,MD,I,70 E 90th St,,New York,NY,36,10128,1,"Metropolitan area core: primary flow within an urbanized area of 50,000 and greater",US,Internal Medicine,S,2991,6582.9666666667,294268.99,190704,429,,2976,6559.9666666667,293821.35,190100,"#",,"#",,,,2348,74008,*,,,,805,119013.37,,2186,175255.62,,135,11367.5,,2856,282901.49,,,,,,,,,,,149,2378.64,98,*,,,*,,75.261072261072,,,,,347,82,364,24,,,0,28,12,417,0.86912975912976
1861414021,Sulik,Sandra,M,MD,I,4104 Medical Center Dr,Suite 104,Fayetteville,NY,36,13066,1,"Metropolitan area core: primary flow within an urbanized area of 50,000 and greater",US,Family Practice,S,2309,3936.3,279301.9,112951,121,,1700,3113.7666666667,230224.29,89892,,101,"#",,,,1931,80371.16,*,,,,1346,67382.46,,963,211919.44,,602,56291.81,,1707,223010.09,43,597.11,950,,1.8622780424426,,,,,,77,1296.53,39,,13,1179.05,*,,70.214876033058,20,64,,,91,30,112,,0,,0,,16,105,0.81010208333333
1861426413,Sullivan,Jay,F,MD,I,4882b North Jefferson Street,,Pulaski,NY,36,13142,10,"Rural areas: primary flow to a tract outside a urbanized area of 50,000 and greater or UC",US,Family Practice,S,8993,17009.966666667,1228496.71,493423,400,,7751,15175.366666667,1025341.11,440952,,368,,1860,954898.84,,7011,267470.13,,122,6127.74,,3910,453377.84,,5083,775118.87,,1976,338082.52,,7017,890414.19,255,30310.11,5538,55,2.8355387523629,48,11034.31,1240,,18.823529411765,265,10677.16,115,,12,636.49,*,,73.5125,32,209,113,46,201,199,382,0,,0,,15,46,354,1.07066125
1861439879,Danaher,Patricia,J,M.D.,I,5949 Campbell Blvd,,Lockport,NY,36,14094,2,"Metropolitan area high commuting: primary flow 30% or more to a urbanized area of 50,000 and greater",US,Family Practice,S,4464,7748.6,502059.51,225714,411,,3301,6122.7666666667,358985.22,178703,,316,,940,402361.82,,3478,97353.74,,46,2343.95,,2649,255436.61,,1815,246622.9,,1626,188335.11,,2838,313724.4,225,10215.01,6412,63,5.0403225806452,33,6639.49,990,,14.666666666667,85,839.41,61,,18,1425.16,*,,70.878345498783,95,157,109,50,292,119,400,,,,0,,110,301,1.3202482660521
1861440711,Vazquez,Raul,,M.D.,I,564 Niagara St,,Buffalo,NY,36,14201,1,"Metropolitan area core: primary flow within an urbanized area of 50,000 and greater",US,Family Practice,S,5198,6275.1333333333,417439.92,182462,628,,2962,3730.5,222405.53,108553,,376,,754,252350.27,,4211,104817.22,,233,60272.43,,3678,319820.17,,1520,97619.75,,4289,365524.87,,909,51915.05,,,,,,,,,,,,,,,27,810.14,*,,66.003184713376,252,246,103,27,378,250,100,356,,161,,,463,165,1.7670192436084
1861447369,Howson,Mary,F,M.D.,I,5 Evergeen Street,,Dryden,NY,36,13053,2,"Metropolitan area high commuting: primary flow 30% or more to a urbanized area of 50,000 and greater",US,Family Practice,S,3107,6340.2333333333,250782.54,184208,251,,2788,5845.2,234037.64,170187,,229,"#",,,,2536,77865.22,*,,,,1328,102768.34,,1779,148014.2,,743,55289.09,,2364,195493.45,112,5910.92,2868,25,3.6047634373994,,,,,,87,4064.82,56,,11,82.85,*,,72.964143426295,22,127,66,36,188,63,229,,,,0,12,42,209,0.92477556440903
1861456196,Wu,Rex,H,M.D.,I,128 Mott Street,Suite 402,New York,NY,36,10013,1,"Metropolitan area core: primary flow within an urbanized area of 50,000 and greater",US,Internal Medicine,S,20735,28871,1886712.63,845572,682,,19305,27028.866666667,1737761.78,791813,,633,,4375,1344748.94,,16028,532078.97,,332,9884.72,,12780,1261271.93,,7955,625440.7,,19528,1812392.75,,1207,74319.88,46,279.51,421,29,0.22184711839884,0,0,0,0,0,140,918.08,108,,48,444.32,*,,74.284457478006,49,322,223,88,374,308,17,12,616,20,0,17,571,111,1.3706644349136
1861456642,Deberny,David,R,M.D.,I,3560 N Buffalo St,,Orchard Park,NY,36,14127,1,"Metropolitan area core: primary flow within an urbanized area of 50,000 and greater",US,Internal Medicine,S,5411,10941.166666667,442115.09,314909,535,,4699,9764.2333333333,367178.87,281786,,483,,902,319623.66,,4463,120000.4,,46,2491.03,,3830,320435.24,,1581,121679.85,,591,74958.12,,4820,367156.97,139,3898.08,3445,45,2.568841249307,,,,,,187,2658.48,119,*,,,*,,72.05046728972,52,291,133,59,292,243,505,,,,0,19,42,493,1.0810140880441
1861471716,Moshman,Eliot,P,MD,I,210 Westchester Ave,,White Plains,NY,36,10604,1,"Metropolitan area core: primary flow within an urbanized area of 50,000 and greater",US,Internal Medicine,S,6625,16294.333333333,384465.67,482512,587,,6486,15993.833333333,373878.94,473689,,570,,817,244107.26,,5752,136591.93,,56,3766.48,,2064,89886.76,,4561,294578.91,,630,47386.44,,5995,337079.23,63,657.38,1531,21,0.95094339622642,,,,,,40,446.22,34,,21,333.23,*,,75.137989778535,17,290,189,91,240,347,441,82,11,20,0,33,43,544,1.0037602279619
1861489312,Reese,Andrew,B,MD,I,369 E Main St,,Waterloo,NY,36,13165,4,"Micropolitan area core: primary flow within an urban cluster of 10,000 to 49,999",US,Family Practice,S,9703,14546.9,710659.47,424476,481,,6738,11121.5,462522.12,326492,,377,,1733,551063.59,,7923,156644.5,,47,2951.38,,5443,342345.55,,4260,368313.92,,3996,353267.38,,5707,357392.09,282,18973.04,7318,49,2.9063176337215,30,12393.17,895,,10.63829787234,108,1823.37,64,,20,984.07,*,,69.929313929314,104,213,116,48,234,247,450,,,,0,14,138,343,0.95244134753709
1861498248,Cope,Kevin,,M.D,I,3768 St Hwy 30,,Broadalbin,NY,36,12025,2,"Metropolitan area high commuting: primary flow 30% or more to a urbanized area of 50,000 and greater",US,Family Practice,S,16801,29641.9,1349457.22,852836,891,,12401,23634.4,947893.17,683911,,653,,2549,939176.37,,14139,403899.88,,113,6380.97,,7549,595898.03,,9252,753559.19,,7998,705072.94,,8803,644384.28,677,12612.71,15639,140,4.0295220522588,30,1841.17,787,,4.4313146233383,503,7831.28,258,,123,2326.17,,20,70.076318742985,238,302,207,144,481,410,837,,,18,0,25,416,475,1.5376207583648
1861498602,Mead,John-Paul,D,M.D.,I,101 Dates Dr,,Ithaca,NY,36,14850,1,"Metropolitan area core: primary flow within an urbanized area of 50,000 and greater",US,Internal Medicine,S,10562,18574.733333333,1221236.58,532219,720,,7688,14796.5,852404.9,428387,,571,,2292,966573.88,,8203,251374.45,,67,3288.25,,3278,335254.28,,7284,885982.3,,4080,532437.65,,6482,688798.93,778,73277.82,18014,108,7.3660291611437,215,58845.84,5736,26,27.634961439589,193,8988.09,132,,40,1022.05,*,,71.463888888889,149,275,190,106,360,360,645,32,12,,,23,195,525,1.2867606304908
1861552333,Providence,Nydia,E,M.D.,I,5141 Broadway,,New York,NY,36,10034,1,"Metropolitan area core: primary flow within an urbanized area of 50,000 and greater",US,Internal Medicine,S,7435,12894.566666667,658512.03,377741,336,,6339,11276,571227.69,330324,,304,,1362,443136.25,,5942,208632.04,,131,6743.74,,3369,282039.48,,4066,376472.55,,4541,440502.36,,2894,218009.67,94,3204.5,2678,21,1.2642905178211,0,0,0,0,0,64,466.83,49,,44,365.34,*,,76.71130952381,32,107,114,83,256,80,136,51,,142,0,,135,201,1.2464778119872
1861568685,Aponte,Alex,M,MD,I,147 Beach Rd,Suite A,Westhampton Beach,NY,36,11978,1,"Metropolitan area core: primary flow within an urbanized area of 50,000 and greater",US,Family Practice,S,4513,8750.0333333333,374634.99,254713,443,,4076,8147.4,353227.81,237480,,406,,725,239330.04,,3776,134806.74,,12,498.21,,517,27922.65,,3996,346712.34,,669,64722.87,,3844,309912.12,154,9774.13,4150,35,3.4123642809661,21,6059.77,810,,13.636363636364,86,1485.6,63,,19,3995.89,*,,72.774266365688,37,237,121,48,252,191,405,12,,11,0,,49,394,1.1166054718132
1861573768,Lefland,Renee,,M.D,I,877 Stewart Ave,Suite 25,Garden City,NY,36,11530,1,"Metropolitan area core: primary flow within an urbanized area of 50,000 and greater",US,Internal Medicine,S,2508,6471.1,131380.03,191543,450,,2465,6398.1,130282.3,189381,,439,,312,65541.9,,2196,65838.13,,0,0,,487,22189.27,,2021,109190.76,,256,14854.79,,2252,116525.24,0,0,0,0,0,0,0,0,0,,51,753.46,44,,0,0,,0,75.313333333333,11,213,166,60,348,102,380,35,,13,,15,26,424,0.94356444615451
1861578197,Blum,David,A,MD,I,16 Guion Pl,,New Rochelle,NY,36,10801,1,"Metropolitan area core: primary flow within an urbanized area of 50,000 and greater",US,Endocrinology,S,3874,9505.0333333333,984300.88,280238,294,,3725,9175.1,939116.52,270413,,275,,1192,897830.38,,2448,69195.68,,234,17274.82,,722,211040.18,,3152,773260.7,,551,186584.08,,3323,797716.8,19,634.41,505,,0.49044914816727,11,508.74,330,,57.894736842105,39,693.56,26,*,,,*,,76.534013605442,19,110,100,65,168,126,177,63,,33,,14,44,250,1.4261153182561
1861581670,Lantigua,Rafael,A,M.D.,I,622 W 168th St,,New York,NY,36,10032,1,"Metropolitan area core: primary flow within an urbanized area of 50,000 and greater",US,Internal Medicine,S,25994,29699.233333333,1522770.82,875541,554,,23370,26814.033333333,1342679.94,790714,,487,,4282,1179130.36,,20695,308251.82,,1017,35388.64,,20165,1175661.06,,5829,347109.76,,25270,1492558.24,,724,30212.58,49,594.61,1344,,0.18850503962453,,,,,,67,419.15,53,,76,394.54,,13,74.090252707581,67,235,165,87,366,188,,16,,519,0,,508,46,1.4683691175757
1861659997,Ramirez,Amparo,M,M.D.,I,2739-45 Third Avenue,,Bronx,NY,36,10451,1,"Metropolitan area core: primary flow within an urbanized area of 50,000 and greater",US,Internal Medicine,S,13378,16622.366666667,1014301.48,490781,470,,10984,13890.8,803737.08,410614,,381,,2887,876107.29,,9425,97827.48,,1066,40366.71,,12064,940912.16,,1314,73389.32,,12683,983489.33,,695,30812.15,86,1928.81,2193,27,0.64284646434445,,,,,,22,297,18,,28,741.52,*,,71.151063829787,89,208,136,37,293,177,13,63,,387,0,,391,79,1.3320837137452
1861682098,Rodriguez,Victor,N,RPA-C,I,750 East Adams St,,Syracuse,NY,36,13210,1,"Metropolitan area core: primary flow within an urbanized area of 50,000 and greater",US,Physician Assistant,S,374,374,41636.25,1795,279,,305,305,38095.27,1336,,224,,260,39892.2,,114,1744.05,,0,0,,191,21044.04,,183,20592.21,,99,7040.61,,275,34595.64,15,140.34,87,15,4.0106951871658,0,0,0,0,0,55,568.1,48,,0,0,,0,69.942652329749,55,130,70,24,171,108,239,25,,,0,,74,205,1.1847515299783
1861741209,Aung,Su,S,M.D,I,275 8th Ave,,New York,NY,36,10011,1,"Metropolitan area core: primary flow within an urbanized area of 50,000 and greater",US,Internal Medicine,S,6757,11919.633333333,425065.82,350813,452,,6757,11919.633333333,425065.82,350813,,452,,1238,285425.31,,5467,137349.79,,52,2290.72,,2179,131163.23,,4578,293902.59,,4059,242699.06,,2698,182366.76,105,2470.33,2789,27,1.5539440580139,,,,,,53,1035.45,47,,56,859.63,,16,81.384955752212,0,99,190,163,299,153,251,54,15,119,0,13,183,269,1.5081892542657
1861765331,Wild,Christine,A,A.N.P.,I,535 Main St,,Olean,NY,36,14760,4,"Micropolitan area core: primary flow within an urban cluster of 10,000 to 49,999",US,Nurse Practitioner,S,6688,11518.533333333,524949.93,326819,365,,5320,9295.8666666667,355598.79,262096,,311,,1007,379513.94,,5647,143761.36,,34,1674.63,,3390,201930.97,,3298,323018.96,,2520,248980.38,,4168,275969.55,235,10691.53,6402,47,3.5137559808612,39,3667.57,1113,,16.595744680851,139,2863.16,88,*,,,*,,73.421917808219,54,142,100,69,260,105,354,,,,0,,123,242,1.4132313321005
1861788929,Fike,Holly,J,NP,I,5100 W Taft Rd,,Liverpool,NY,36,13088,1,"Metropolitan area core: primary flow within an urbanized area of 50,000 and greater",US,Nurse Practitioner,S,4594,8355.5,477610.84,241795,365,,3110,6091.2333333333,340170.01,176476,,244,,851,373103.08,,3692,101753.57,,51,2754.19,,2553,276893.25,,2041,200717.59,,2000,246916.61,,2594,230694.23,129,3197.39,3735,51,2.808010448411,,,,,,159,2019.22,104,,35,1960.06,*,,66.698630136986,121,156,62,26,284,81,323,21,,,0,,132,233,1.4225669282266
1861800351,Baker,Brandii,A,NP,I,1134 State Route 29,Greenwich Family Health Center,Greenwich,NY,36,12834,7,"Small town core: primary flow within an urban cluster of 2,500 to 9,999",US,Nurse Practitioner,S,4178,6753.4666666667,296911.42,191272,400,,3063,5291.2333333333,237168.85,150962,,306,,689,223216.71,,3465,73025.67,,24,669.04,,2531,156132.92,,1647,140778.5,,1832,146088.88,,2346,150822.54,181,5790.04,4352,58,4.3322163714696,12,1700.78,321,,6.6298342541436,173,27439.34,129,,28,432.42,*,,69.2625,94,171,96,39,258,142,391,0,,,0,,119,281,1.1744592951357
1861869950,Williams,Ashley,,PA,I,79 Hammond Ln,Suite 2,Plattsburgh,NY,36,12901,4,"Micropolitan area core: primary flow within an urban cluster of 10,000 to 49,999",US,Physician Assistant,S,3478,7230.9333333333,835470.19,210648,295,,2202,4928.9333333333,495827.55,143924,,198,,881,754255.69,,2512,77339.48,,85,3875.02,,940,239030.89,,2538,596439.3,,1952,389639.53,,1526,445830.66,99,4778.18,2731,23,2.8464634847614,18,924.1,540,,18.181818181818,87,813.2,62,*,,,*,,66.135593220339,97,125,58,15,153,142,281,,,,0,,118,177,1.3943636333085
1871047951,Inglis,Nicholas,A,PHARM D.,I,112 Fargo Ave,"Apartment #2",Buffalo,NY,36,14201,1,"Metropolitan area core: primary flow within an urbanized area of 50,000 and greater",US,Pharmacist,T,39,39,6106.18,39,32,"#",,,,,"#",,,39,6106.18,,0,0,,0,0,*,,,"#",,,*,,,"#",,,0,0,0,0,0,0,0,0,0,,0,0,0,*,,,*,,73.78125,,,,,18,14,31,,0,0,0,,,,0.6335
1871512517,Nguyen,Dang,D,M.D.,I,202 Canal St,Suite 305,New York,NY,36,10013,1,"Metropolitan area core: primary flow within an urbanized area of 50,000 and greater",US,Nephrology,S,7518,13308.333333333,837953.08,391457,381,,6997,12505.7,766592.12,367749,,356,,1530,621446.88,,5942,215505.78,,46,1000.42,,3747,371407.47,,3771,466545.61,,6302,743351.83,,1216,94601.25,28,118.08,302,12,0.37243947858473,0,0,0,0,0,95,1940.14,61,*,,,*,,77.107611548556,25,135,122,99,176,205,,,346,,0,18,279,102,2.2708146133624
1871520700,Monserrate,Nicole,M,M.D.,I,250 Delaware Ave,Suite 100,Delmar,NY,36,12054,1,"Metropolitan area core: primary flow within an urbanized area of 50,000 and greater",US,Internal Medicine,S,5915,11890.033333333,400627.39,347592,483,,5570,11364.7,383276.82,332569,,465,"#",,,,5186,130415.34,*,,,,3020,159066.12,,2895,241561.27,,681,32063.9,,5234,368563.49,222,7489.11,6195,38,3.7531699070161,68,4502.74,2041,,30.630630630631,130,6918.05,81,,24,3732.33,*,,74.300207039337,18,260,128,77,385,98,444,12,,,0,24,33,450,1.1100096633957
1871522243,Campbell,Thomas,S,M.D.,I,2400 S Clinton Ave,Bldg H Suite 210,Rochester,NY,36,14618,1,"Metropolitan area core: primary flow within an urbanized area of 50,000 and greater",US,Internal Medicine,S,8561,18334.533333333,571554.74,539916,572,,7951,17413.466666667,534955.95,513262,,538,,949,358548.25,,7546,210376.69,,66,2629.8,,7037,460221.81,,1524,111332.93,,779,62072.98,,7782,509481.76,164,4668.12,4633,35,1.9156640579372,,,,,,121,1764.92,77,,35,4058.93,*,,74.365384615385,34,268,202,68,284,288,504,23,12,,,29,31,541,1.0821437828217
1871545665,Shenoy,Narayana,A,MD,I,66 Weiss Ave,,W Seneca,NY,36,14224,1,"Metropolitan area core: primary flow within an urbanized area of 50,000 and greater",US,Internal Medicine,S,10926,23456.033333333,744666.38,688663,624,,10574,22736,729386.21,667767,,601,,1435,505660.27,,9449,237502.01,,42,1504.1,,8183,497212.1,,2743,247454.28,,733,58245.76,,10193,686420.62,419,10876.72,11354,70,3.8348892549881,17,1439.25,510,,4.0572792362768,306,2678.22,197,*,,,*,,76.020833333333,23,232,267,102,355,269,606,,,,0,12,29,595,1.1383034384732
1871558825,Leone,John,A,D.O.,I,61 Maple Rd,,Williamsville,NY,36,14221,1,"Metropolitan area core: primary flow within an urbanized area of 50,000 and greater",US,Internal Medicine,S,10672,17327.5,721946.83,495335,648,,9497,15912.9,643083.42,456521,,601,,1725,517687.04,,8882,201545.08,,65,2714.71,,7233,450484.33,,3439,271462.5,,2215,143355.64,,8457,578591.19,570,28219.09,16590,87,5.3410794602699,80,14019.87,2330,,14.035087719298,230,3425.58,146,,23,122.29,*,,74.470679012346,47,290,212,99,352,296,608,11,,,0,15,70,578,1.2707043886567
1871571513,Lurie,Preston,N,MD,I,16 Rye Ridge Plz,,Rye Brook,NY,36,10573,1,"Metropolitan area core: primary flow within an urbanized area of 50,000 and greater",US,Internal Medicine,S,6767,12394.7,500728.01,361115,371,,6399,11910.733333333,474730.49,347145,,355,,1022,334674.03,,5710,163678.3,,35,2375.68,,1829,115547.26,,4938,385180.75,,1215,74785.13,,5552,425942.88,114,7143.75,2260,22,1.684646076548,36,6293.93,1440,,31.578947368421,147,3713.48,98,*,,,*,,76.237196765499,16,158,118,79,208,163,310,13,,30,,11,43,328,1.3377812378416
1871573378,Deahn,Dale,L,M.D.,I,401 Main St,,Arcade,NY,36,14009,7,"Small town core: primary flow within an urban cluster of 2,500 to 9,999",US,Family Practice,S,5379,9088.1333333333,426758.1,265526,367,,4124,7405.0666666667,333545.8,217036,,309,,816,308722.51,,4533,116422.65,,30,1612.94,,3573,255758.1,,1806,171000,,2165,161782.77,,3214,264975.33,472,27023.28,14087,65,8.774865216583,56,13380.72,1848,,11.864406779661,105,983.75,61,,32,1337.02,*,,72.207084468665,58,155,116,38,190,177,351,,0,,,13,87,280,1.4591766158361
1871586354,Bennett,Stanford,,MD,I,1838 Commerce St,,Yorktown Heights,NY,36,10598,1,"Metropolitan area core: primary flow within an urbanized area of 50,000 and greater",US,Internal Medicine,S,4807,9287.9,301120.66,271166,528,,4622,8937.4,291956.1,260855,,515,"#",,,,4090,105999.95,*,,,,735,40338.07,,4072,260782.59,,681,48079.49,,4126,253041.17,106,4105.14,2385,30,2.2051175369253,,,,,,135,2398.46,111,,18,425.38,*,,76.719696969697,13,206,215,94,287,241,482,,,21,0,13,35,493,1.2040256082768
1871591040,Shea,Patricia,M,F.N.P.,I,7300 Porter Rd,,Niagara Falls,NY,36,14304,1,"Metropolitan area core: primary flow within an urbanized area of 50,000 and greater",US,Nurse Practitioner,S,3183,5692.0666666667,180524.83,161957,892,,2964,5371.7333333333,166809.84,152979,,830,,460,130414.13,,2697,49225.44,,26,885.26,,2557,133056.44,,626,47468.39,,441,36278.94,,2742,144245.89,23,306.3,427,19,0.72258875274898,,,,,,142,2600.88,112,*,,,*,,74.95067264574,62,402,285,143,589,303,837,22,,16,,15,86,806,1.2396494223163
1871591321,Porder,Joseph,B,M.D.,I,"46 W 86th St # 1",,New York,NY,36,10024,1,"Metropolitan area core: primary flow within an urbanized area of 50,000 and greater",US,Cardiology,S,2295,4231.8666666667,254213.76,124542,113,,2295,4231.8666666667,254213.76,124542,,113,"#",,,,1797,60987.19,*,,,,135,12767.47,,2160,241446.29,,240,29653.06,,2055,224560.7,18,609.22,340,,0.7843137254902,0,0,0,,0,30,291.7,22,*,,,*,,79.371681415929,0,32,47,34,71,42,90,11,,,,,11,102,1.2132089458464
1871591461,Pitaro,Gregory,M,MD,I,317 E 34th St,,New York,NY,36,10016,1,"Metropolitan area core: primary flow within an urbanized area of 50,000 and greater",US,Internal Medicine,S,2569,4497.4,191082.35,130666,224,,2554,4479.6,183263.01,130137,"#",,,366,90786.78,,2188,100051.58,,15,243.99,,325,25034.64,,2244,166047.71,,146,15608.02,,2423,175474.33,21,2662.89,521,,0.81743869209809,0,0,0,,0,104,2539.49,64,*,,,*,,75.267857142857,,,,,113,111,196,,,,0,,,,0.8984959077381
1871594234,Coveney,Carolyn,L,MD,I,308 W Seneca St,,Manlius,NY,36,13104,1,"Metropolitan area core: primary flow within an urbanized area of 50,000 and greater",US,Family Practice,S,6015,9809.4666666667,392236.85,282830,433,,5048,8490.8666666667,343493.24,244698,,385,,1080,262299.37,,4899,128206.44,,36,1731.04,,2411,150352.79,,3604,241884.06,,1117,89543.99,,4898,302692.86,183,6054.12,5362,51,3.0423940149626,0,0,0,0,0,161,3880.97,98,,0,0,,0,72.353348729792,48,229,103,53,315,118,391,14,,,0,16,54,379,1.0794385563569
1871645648,Cho,Won,S,M.D.,I,235 Wyckoff Ave,,Brooklyn,NY,36,11237,1,"Metropolitan area core: primary flow within an urbanized area of 50,000 and greater",US,Internal Medicine,S,5133,6711.4333333333,351829.64,198759,172,,5015,6536.7666666667,342417.43,193568,"#",,,907,256051.52,,3790,68029.62,,436,27748.5,,4900,339597.58,,233,12232.06,,4670,330358.31,,463,21471.33,11,99.65,300,,0.21429962984609,0,0,0,,0,36,253.38,30,,0,0,*,,69.872093023256,,,,,73,99,,0,157,,0,,128,44,1.006982500984
1871655944,Zhou,Zhu-Ping,,M.D.,I,13620 38th Ave,"#6k",Flushing,NY,36,11354,1,"Metropolitan area core: primary flow within an urbanized area of 50,000 and greater",US,Internal Medicine,S,24615,33377.466666667,3213396.92,973724,635,,24023,32687.966666667,3149289.67,954301,,615,,6600,2814724.52,,17540,384899.58,,475,13772.82,,19457,2605680.84,,5158,607716.08,,22341,2923769.96,,2274,289626.96,,,,,,,,,,,675,3918.27,336,*,,,*,,74.626771653543,20,322,214,79,319,316,,,615,,0,,470,165,1.20598806721
1871661462,Nolan,Michael,R,MD,I,8100 Oswego Road,Suite 220,Liverpool,NY,36,13090,1,"Metropolitan area core: primary flow within an urbanized area of 50,000 and greater",US,General Practice,S,6197,12365.6,544981.72,362259,521,,5465,11197.566666667,460091.52,328450,,470,,1019,427751.61,,5080,113560.55,,98,3669.56,,3393,235482.43,,2804,309499.29,,1300,147680.93,,4897,397300.79,82,1036.94,2415,20,1.3232209133452,0,0,0,0,0,183,3249.26,119,,19,742.2,*,,72.863723608445,51,265,143,62,307,214,496,,,,,14,65,456,1.0392759883588
1871662379,Jean-Francois,T.,R,M.D,I,622 Ocean Ave,,Brooklyn,NY,36,11226,1,"Metropolitan area core: primary flow within an urbanized area of 50,000 and greater",US,Internal Medicine,S,8094,15382.433333333,742158.14,454390,454,,7154,13933.066666667,661904.25,412249,,394,,1506,590288.46,,6301,138901.7,,287,12967.98,,6806,634228.17,,1288,107929.97,,6572,638929.24,,1522,103228.9,19,319.76,519,,0.23474178403756,0,0,0,,0,31,206.27,28,*,,,*,,71.284140969163,60,248,110,36,282,172,12,287,,128,,25,321,133,1.2593597741168
1871735050,Banayan,Emil,,MD,I,170 W 12th St,,New York,NY,36,10011,1,"Metropolitan area core: primary flow within an urbanized area of 50,000 and greater",US,Internal Medicine,S,6374,15853.6,266229.31,462068,890,,6091,15197.233333333,256424.83,443546,,851,,1247,159916.79,,5040,104273.55,,87,2038.97,,6290,265076.82,,84,1152.49,,1069,43020.7,,5305,223208.61,279,7444,5823,95,4.3771572011296,25,3088.1,735,,8.9605734767025,146,3537.05,107,*,,,*,,75.539325842697,39,402,301,148,434,456,677,,71,77,,39,122,768,1.3464451626765
1871751925,Maier,Craig,A,MD,I,250 Delaware Ave,,Delmar,NY,36,12054,1,"Metropolitan area core: primary flow within an urbanized area of 50,000 and greater",US,Family Practice,S,9123,17982.5,726198.8,531543,750,,8588,17125,671308.87,506582,,710,,1344,509874.16,,7720,213643.36,,59,2681.28,,5910,453495.34,,3213,272703.46,,1069,89666.76,,8054,636532.04,31,2335.85,779,,0.3398005042201,,,,,,111,6764.22,79,*,,,*,,74.577333333333,40,362,234,114,324,426,678,18,,15,,32,52,698,1.0618683274805
1871779330,Zacharski,Lidia,,NP,I,128 Glen St,,Glen Cove,NY,36,11542,1,"Metropolitan area core: primary flow within an urbanized area of 50,000 and greater",US,Nurse Practitioner,S,1545,2016.3333333333,163764.7,48066,257,,1246,1647.4666666667,150007.15,39481,,233,,244,74769.57,,1301,88995.13,,0,0,,267,9718.25,,1278,154046.45,,561,74716.35,,984,89048.35,67,492.47,440,,4.336569579288,0,0,0,,0,242,9800.1,130,,0,0,,0,72.260700389105,24,141,59,33,155,102,235,,,,0,13,26,231,0.96619176208163
1871851659,Gomez,Elisheva,,PA-C,I,40-35 95th Street,,Elmhurst,NY,36,11373,1,"Metropolitan area core: primary flow within an urbanized area of 50,000 and greater",US,Physician Assistant,S,7051,10023.166666667,509726.36,291818,350,,6289,9012.3666666667,445100.7,262608,,310,,1383,382347.07,,5535,120904.36,,133,6474.93,,5725,431155.01,,1326,78571.35,,5792,456431.11,,1259,53295.25,11,48.1,330,,0.15600624024961,0,0,0,,0,166,1482.56,122,,0,0,,0,72.651428571429,40,172,92,46,227,123,16,18,,309,0,,238,112,1.2381449161973
1871858787,Bekan-Homawoo,Brigitte,,M.D.,I,11 Hampstead Pl N Ste 103,,Saratoga Springs,NY,36,12866,1.1,"Secondary flow 30% to <50% to a larger urbanized area of 50,000 and greater",US,Family Practice,S,5806,8357.2333333333,543925.08,234581,535,,4971,7289.2,417060.66,205445,,438,,988,405807.83,,4806,137634.23,,12,483.02,,2916,249608.93,,2890,294316.15,,1643,229611.2,,4163,314313.88,141,14215.31,3645,45,2.4285222183948,16,12260.27,480,,11.347517730496,279,3902.27,160,,38,12261.81,*,,72.368224299065,97,182,158,98,287,248,503,11,,,0,12,128,407,1.3705767762853
1871886978,Leonard,Kyle,S,MD,I,161 Carey Rd,,Queensbury,NY,36,12804,1,"Metropolitan area core: primary flow within an urbanized area of 50,000 and greater",US,Family Practice,S,4665,8329.7333333333,436036.96,236790,349,,2596,5171,216223.9,149234,,250,,874,336342.53,,3761,97683.46,,30,2010.97,,2497,239519.79,,2168,196517.17,,2456,275678.43,,2209,160358.53,386,10573.42,8173,48,8.2743837084673,47,3334.34,1292,,12.176165803109,84,1142.8,58,,25,1179.62,*,,68.212034383954,99,136,86,28,159,190,326,,,,0,11,113,236,1.3461747000108
1881026086,Dorobiala,Kimberly,L,PHARMD,I,2545 Millersport Hwy,,Getzville,NY,36,14068,1,"Metropolitan area core: primary flow within an urbanized area of 50,000 and greater",US,Pharmacist,T,37,37,5460.54,37,26,"#",,,,,"#",,,37,5460.54,,0,0,,0,0,*,,,"#",,,"#",,,*,,,0,0,0,0,0,0,0,0,0,,0,0,0,*,,,*,,74.923076923077,,,,,15,11,,,19,0,0,,,,1.1016923076923
1881609378,Sousou,Anthony,J,MD,I,2400 Clinton Ave S,Building H Suite 230,Rochester,NY,36,14618,1,"Metropolitan area core: primary flow within an urbanized area of 50,000 and greater",US,Internal Medicine,S,11241,20748.233333333,776819.49,602408,698,,9949,18845.7,681963.54,548137,,643,,1338,513005.21,,9834,260904.14,,69,2910.14,,9154,547663.34,,2087,229156.15,,1964,192307.93,,9277,584511.56,390,45603.69,10458,80,3.469442220443,59,21531.07,1770,,15.128205128205,319,5327.14,205,,19,726.61,*,,74.308022922636,55,304,239,100,362,336,617,37,,,0,26,72,626,0.98136217838553
1881624443,Papa,Louis,J,M.D.,I,2400 S Clinton Ave,Bldg H Suite 230,Rochester,NY,36,14618,1,"Metropolitan area core: primary flow within an urbanized area of 50,000 and greater",US,Internal Medicine,S,9883,18441.133333333,591618.47,538752,855,,9216,17519.633333333,559168.93,512250,,813,,1208,398738.48,,8629,191105.92,,46,1774.07,,8326,431867.9,,1557,159750.57,,1093,88085.77,,8790,503532.7,135,3271.92,3290,33,1.3659819892745,17,1340.07,427,,12.592592592593,151,26654.09,104,,31,1100.08,*,,74.752046783626,42,406,276,131,432,423,726,57,,12,,56,53,802,1.0346662416697
1881629145,Plain,George,B,MD,I,300 White Spruce Blvd,Suite 100,Rochester,NY,36,14623,1,"Metropolitan area core: primary flow within an urbanized area of 50,000 and greater",US,Internal Medicine,S,9851,21170.666666667,596465.94,618853,529,,9421,20523.4,570393.35,600448,,507,,1279,369568.19,,8509,223554.67,,63,3343.08,,8509,483590.87,,1342,112875.07,,732,54342.2,,9119,542123.74,100,2177.8,2778,30,1.0151253679829,14,1106.81,480,,14,281,2409.11,162,,58,1927.57,,11,76.412098298677,22,196,208,103,273,256,473,31,,,0,22,32,497,1.0870334507917
1881644920,Castilano,Sarah,,R.P.A.,I,5000 Brittonfield Pkwy,Suite A100,East Syracuse,NY,36,13057,1,"Metropolitan area core: primary flow within an urbanized area of 50,000 and greater",US,Physician Assistant,S,3061,5682.3,192426.64,165238,393,,2577,5000.5,167691.5,145733,,338,"#",,,,2547,61341.33,*,,,,1475,85284.32,,1586,107142.32,,654,41984.78,,2407,150441.86,39,944.28,1182,13,1.2740934335185,0,0,0,0,0,76,843.33,63,*,,,*,,72.687022900763,55,190,95,53,308,85,323,55,,,0,,60,333,1.1346564018229
1881663904,Chin,Shu,Y,M.D,I,86 Bowery,6f,New York,NY,36,10013,1,"Metropolitan area core: primary flow within an urbanized area of 50,000 and greater",US,Internal Medicine,S,15125,19901.9,1470673.44,586259,471,,14424,19124.9,1424963.84,563532,,447,,3426,1129368.43,,11509,335551.33,,190,5753.68,,10941,1056674.14,,4184,413999.3,,14300,1423034.14,,825,47639.3,12,163.45,318,,0.079338842975207,0,0,0,,0,154,2690.39,104,,15,283.17,*,,72.324840764331,24,298,110,39,285,186,,,451,,0,,405,66,1.1432275249374
1881679736,Chait,Maxwell,M,M.D.,I,180 E Hartsdale Ave,Suite 1e,Hartsdale,NY,36,10530,1,"Metropolitan area core: primary flow within an urbanized area of 50,000 and greater",US,Gastroenterology,S,5150,11391.733333333,455260.32,328255,512,,4867,10880.266666667,425853.82,313643,,480,,862,314395.23,,4288,140865.09,,0,0,,1315,106306,,3835,348954.32,,751,98275.2,,4399,356985.12,16,173.77,138,13,0.31067961165049,0,0,0,0,0,282,7265.27,156,*,,,*,,75.3984375,32,216,174,90,292,220,417,33,,24,,22,68,444,1.2986559338662
1881687358,Silverstein,David,A,MD,I,2914 Elmwood Ave,,Kenmore,NY,36,14217,1,"Metropolitan area core: primary flow within an urbanized area of 50,000 and greater",US,Family Practice,S,3966,8704.3333333333,264915.67,254278,290,,3405,7663.1333333333,224035.54,224411,,260,,648,187488.8,,3303,76923.76,,15,503.11,,2697,120616.27,,1269,144299.4,,590,42025.93,,3376,222889.74,170,6955.84,4343,46,4.2864346949067,12,2753.92,360,,7.0588235294118,90,1633.62,50,*,,,*,,75.010344827586,30,119,89,52,170,120,260,19,0,,0,,34,256,1.2814747431548
1881697423,Costley,Scott,J,DO,I,1089 Rt 32,,Rosendale,NY,36,12472,1,"Metropolitan area core: primary flow within an urbanized area of 50,000 and greater",US,Family Practice,S,4399,9617.4,435265.4,279335,329,,3525,8072.3666666667,318011.67,235235,,286,,609,342909.79,,3749,89981.63,,41,2373.98,,1822,178705.8,,2577,256559.6,,1482,198830.94,,2917,236434.46,183,33495.18,4941,34,4.1600363719027,22,29850.01,640,,12.021857923497,183,3670.28,105,,15,1000.88,*,,71.711246200608,43,167,93,26,170,159,306,,,,0,11,51,278,1.0554650455927
1881716934,Eriksen,Roy,H,MD,I,311 N Midland Ave,,Nyack,NY,36,10960,1,"Metropolitan area core: primary flow within an urbanized area of 50,000 and greater",US,Internal Medicine,S,14875,21559.466666667,1071218.46,596206,779,,13526,19719.6,964727.61,545362,,720,,2439,698987.82,,12379,369256.43,,57,2974.21,,2275,151170.35,,12600,920048.11,,6477,416593.06,,8398,654625.4,512,56287.56,12171,116,3.4420168067227,79,11620.31,2311,13,15.4296875,693,43105.53,306,,282,13507.92,,57,78.670089858793,59,223,234,263,465,314,609,103,14,36,0,17,216,563,1.7290122882772
1881747848,Rajagopal,Latha,,M.D.,I,3200 Bainbridge Ave,,Bronx,NY,36,10467,1,"Metropolitan area core: primary flow within an urbanized area of 50,000 and greater",US,Internal Medicine,S,9991,17940.633333333,838377.38,529489,559,,8243,15256.4,645956.42,451193,,476,,1796,651574.07,,7817,167060.7,,378,19742.61,,7007,614238.75,,2984,224138.63,,5725,494676.86,,4266,343700.52,100,822.33,2645,33,1.0009008107297,0,0,0,0,0,62,1159.38,45,,15,98.38,*,,72.869409660107,83,226,176,74,419,140,63,247,,198,,23,246,313,1.5581163128182
1881761864,Orszulak,Todd,M,DO,I,4515 Military Rd,,Niagara Falls,NY,36,14305,1,"Metropolitan area core: primary flow within an urbanized area of 50,000 and greater",US,Internal Medicine,S,5496,10647.833333333,747359.23,307320,565,,5030,9845.7,648391.52,284187,,526,,1297,621133.98,,4144,123675.09,,55,2550.16,,3667,404136.79,,1829,343222.44,,632,141187.21,,4864,606172.02,60,5632.71,1855,41,1.0917030567686,17,3601.4,470,11,28.333333333333,253,4958.54,154,*,,,*,,74.30796460177,39,261,186,79,323,242,527,15,,,0,13,37,528,1.3158848307286
1881764108,Li,Jimmy,,DPM,I,8612 Jamaica Ave,,Woodhaven,NY,36,11421,1,"Metropolitan area core: primary flow within an urbanized area of 50,000 and greater",US,Podiatry,S,4260,4334.5,241962.71,124339,769,,4110,4183.5,236546.03,119961,,743,,357,95838.78,,3862,144202.25,,41,1921.68,,3636,210253.11,,624,31709.6,,4207,237429.66,,53,4533.05,0,0,0,0,0,0,0,0,0,,,,,,0,0,,0,72.655396618986,26,481,216,46,399,370,22,,732,,0,,738,31,1.12392115058
1881776581,Howard,Matthew,P,MD,I,111 Bedford Rd,Care Mount Medical Pc,Katonah,NY,36,10536,1,"Metropolitan area core: primary flow within an urbanized area of 50,000 and greater",US,Internal Medicine,S,5649,11890.1,273717.48,349221,565,,5352,11503.1,263995.2,338060,,540,"#",,,,4919,119447.33,*,,,,1046,36182.83,,4603,237534.65,,854,39978.84,,4795,233738.64,45,872.17,874,21,0.79660116834838,0,0,0,0,0,144,2855.99,98,*,,,*,,76.145132743363,25,233,201,106,286,279,510,,11,16,,23,57,508,1.1386926447384
1881778694,Justa,Shelley,,,I,1783 Route 9,Suite 202,Halfmoon,NY,36,12065,1,"Metropolitan area core: primary flow within an urbanized area of 50,000 and greater",US,Family Practice,S,7431,14382.533333333,640217.79,413144,656,,5988,12515.3,522600.58,360687,,594,,1307,448530.92,,6087,190122.59,,37,1564.28,,4248,360085.9,,3183,280131.89,,1793,129774.44,,5638,510443.35,545,37803.81,14138,79,7.3341407616741,98,22404.62,2903,15,17.981651376147,211,2302.85,141,,54,15756.85,,12,73.467987804878,62,315,183,96,493,163,611,,14,,,16,83,573,1.0435717469637
1881781987,Chin,Harold,,MD,I,"505 E 70th St # Ht-4",,New York,NY,36,10021,1,"Metropolitan area core: primary flow within an urbanized area of 50,000 and greater",US,Internal Medicine,S,11157,19462.733333333,810452.85,573140,1033,,10000,17845.1,674805.67,525979,,917,,2028,623607.5,,8947,179366.22,,182,7479.13,,4749,313613.34,,6408,496839.51,,5981,531281.11,,5176,279171.74,30,428.28,776,22,0.26888948642108,0,0,0,0,0,70,628.08,57,,31,558.53,*,,73.121974830591,116,468,343,106,603,430,383,221,153,221,,,459,574,1.3851187857638
1881783264,Walders,James,,,I,101 Jordan Rd,Suite 100,Troy,NY,36,12180,1,"Metropolitan area core: primary flow within an urbanized area of 50,000 and greater",US,Internal Medicine,S,6156,12924,405655.24,379013,514,,5620,12152,377668.25,356899,,485,,825,275562.27,,5294,127352.66,,37,2740.31,,3516,219107.96,,2640,186547.28,,1158,89628.66,,4998,316026.58,242,6616.36,6897,51,3.9311241065627,,,,,,168,2444,122,,35,316.57,*,,76.653696498054,29,193,178,114,308,206,478,13,,,0,15,70,444,1.3304344060288
1881788925,Eveleigh,Tricia,A,NP,I,8393 Elta Dr,,Cicero,NY,36,13039,1,"Metropolitan area core: primary flow within an urbanized area of 50,000 and greater",US,Nurse Practitioner,S,3922,7437.6333333333,300629.69,216360,328,,3115,6155.1333333333,232504.49,178878,,291,,629,205639.31,,3272,93764.64,,21,1225.74,,1959,136279.48,,1963,164350.21,,1239,114080.3,,2683,186549.39,76,1476.57,1594,19,1.9377868434472,0,0,0,0,0,122,2032.33,89,,0,0,,0,72.381097560976,37,156,108,27,239,89,313,,,0,0,,55,273,1.2267898308899
1881824605,Gamarnik,Paul,H,MD,I,2 Perlman Dr,"Hudson River Healthcare, Inc.",Spring Valley,NY,36,10977,1,"Metropolitan area core: primary flow within an urbanized area of 50,000 and greater",US,Internal Medicine,S,1946,3426.7333333333,93402.55,93648,420,,1735,3081.3333333333,75554.58,84353,,391,"#",,,,1688,41842.51,*,,,,643,27015.75,,1303,66386.8,,684,34023.69,,1262,59378.86,22,111.86,123,14,1.1305241521069,0,0,0,0,0,143,2745.6,123,*,,,*,,74.885714285714,29,188,131,72,251,169,332,,,52,0,18,72,348,1.1123485574811
1881907376,Ningthoujam,Sunita,,MD,I,"4422 3rd Ave # Avd",Dept Of Internal Med Mills 3rd Fl,Bronx,NY,36,10457,1,"Metropolitan area core: primary flow within an urbanized area of 50,000 and greater",US,Internal Medicine,S,4495,8742.5666666667,306417.21,255023,439,,3981,8033.0666666667,268634.08,234925,,394,,720,205120.64,,3716,98445.8,,59,2850.77,,2031,146418.79,,2464,159998.42,,1867,162027.97,,2628,144389.24,94,1416.7,2602,32,2.091212458287,,,,,,97,663.72,77,,21,4490.93,*,,73.924829157175,45,200,121,73,322,117,271,66,,83,,13,114,325,1.2494530228034
1881987683,Dlugosz,Michael,R,M.D.,I,1150 Youngs Rd,Suite 104,Williamsville,NY,36,14221,1,"Metropolitan area core: primary flow within an urbanized area of 50,000 and greater",US,Family Practice,S,14051,24359.8,1014785.33,666589,1341,,13021,22698.1,904494.78,620020,,1236,,2727,700852.36,,11239,309924.11,,85,4008.86,,9124,631173.21,,4927,383612.12,,6134,375248.05,,7917,639537.28,390,23645.33,10826,123,2.7756031599174,17,12182.1,630,,4.3589743589744,230,11707.31,121,,168,22682.77,,23,75.159582401193,105,582,382,272,725,616,1256,28,,,0,42,252,1089,1.2850772780871
1881988384,Soroori Rad,Bahareh,,M.D.,I,150 55th St,,Brooklyn,NY,36,11220,1,"Metropolitan area core: primary flow within an urbanized area of 50,000 and greater",US,Internal Medicine,S,1918,4803.9333333333,64880.71,139926,239,,1786,4597.8,62172.22,133999,"#",,"#",,,,1543,34687.51,*,,,,1854,63939.45,,64,941.26,,248,10702.28,,1670,54178.43,67,857.02,1362,15,3.4932221063608,0,0,0,0,0,37,433.75,32,*,,,*,,73.55230125523,,,,,136,103,146,14,52,11,0,16,15,224,0.96612340383981
1891002580,Paidoussis,Demetrios,,M.D.,I,789 Old Country Rd,,Plainview,NY,36,11803,1,"Metropolitan area core: primary flow within an urbanized area of 50,000 and greater",US,Family Practice,S,3429,6977.0333333333,251169.16,200363,269,,3095,6518.0333333333,237137.36,187515,,244,,640,182696.59,,2757,67214.39,,32,1258.18,,1840,130764.42,,1589,120404.74,,1363,83122.99,,2066,168046.17,33,985.05,897,12,0.96237970253718,,,,,,174,2202.44,103,*,,,*,,73.301115241636,25,125,83,36,155,114,109,39,27,78,,,85,184,1.5790710639692
1891018727,Mathur,Priyanka,,,I,2 West Rd,,Pleasant Valley,NY,36,12569,1,"Metropolitan area core: primary flow within an urbanized area of 50,000 and greater",US,Pharmacist,T,16,16,2721.06,90,14,"#",,,,,"#",,,16,2721.06,,0,0,,0,0,*,,,*,,,*,,,*,,,0,0,0,0,0,0,0,0,0,,0,0,0,*,,,*,,66.285714285714,,,,,,,,,,,0,0,,,0.83635714285714
1891069357,Agoha,Maureen,C,NP,I,266 Bryant Ave Apt A,Padwe Office,White Plains,NY,36,10605,1,"Metropolitan area core: primary flow within an urbanized area of 50,000 and greater",US,Nurse Practitioner,S,1300,1300.7666666667,50031.12,30799,40,,636,636,19042.86,15707,,16,"#",,,,1016,21862.3,*,,,*,,,"#",,,"#",,,*,,,0,0,0,0,0,0,0,0,0,,,,,*,,,*,,63.45,24,11,,,26,14,33,,0,0,0,,,,1.811525
1891108437,Serrano,Justin,,,I,581 Central Ave,,Albany,NY,36,12206,1,"Metropolitan area core: primary flow within an urbanized area of 50,000 and greater",US,Pharmacist,T,13,13,1938.39,13,13,"#",,,,,"#",,,13,1938.39,,0,0,,0,0,*,,,*,,,*,,,*,,,0,0,0,0,0,0,0,0,0,,0,0,0,*,,,*,,72.153846153846,,,,,,,,0,,,0,0,,,1.227242172839
1891131439,Oh,Sangrok,,D.O.,I,2465 Sheridan Dr,,Tonawanda,NY,36,14150,1,"Metropolitan area core: primary flow within an urbanized area of 50,000 and greater",US,Family Practice,S,1885,3640.7,142604.04,106169,189,,1377,2852.1666666667,111624.69,83808,,135,,299,105315.78,,1567,36750.46,,19,537.8,,1207,91067.58,,678,51536.46,,789,66513.93,,1096,76090.11,49,1482.54,1455,,2.5994694960212,11,709.62,330,,22.448979591837,14,117.03,14,,0,0,,0,68.455026455026,54,79,40,16,118,71,161,16,,,0,,65,124,1.2962152153547
1891709937,Carlisle,Betsy,,PA,I,4939 Brittonfield Pkwy,,East Syracuse,NY,36,13057,1,"Metropolitan area core: primary flow within an urbanized area of 50,000 and greater",US,Physician Assistant,S,2366,3998.5333333333,194536.49,107089,689,,1941,3489.8,144817.93,94362,,587,,331,111864.76,,2015,81454.71,,20,1217.02,,1168,67469.87,,1198,127066.62,,482,64123.2,,1884,130413.29,49,2165.25,1284,33,2.0710059171598,,,,,,337,7289.58,251,*,,,*,,71.908563134978,102,303,205,79,419,270,648,18,,,0,15,101,588,1.0725306140791
1891714028,Ruh,Jennifer,M,M. D.,I,3725 N Buffalo St,,Orchard Park,NY,36,14127,1,"Metropolitan area core: primary flow within an urbanized area of 50,000 and greater",US,Family Practice,S,7815,16632.966666667,594514.89,488729,591,,7384,15955.333333333,564422.64,468859,,555,,1055,424013.42,,6733,169365.29,,27,1136.18,,5448,389118.68,,2367,205396.21,,879,83568.52,,6936,510946.37,262,7085.18,7239,50,3.3525271912988,13,1268.48,420,,4.9618320610687,160,1894.22,108,,11,146.75,*,,75.431472081218,36,236,216,103,461,130,573,,0,,0,12,50,541,1.1593016330951
1891720058,Leung,Wai,L,M.D.,I,13630 Maple Ave,Suite 1e,Flushing,NY,36,11355,1,"Metropolitan area core: primary flow within an urbanized area of 50,000 and greater",US,Internal Medicine,S,36611,67261.633333333,3892131.99,1990145,1410,,36308,66703.633333333,3875966.83,1973771,,1389,,7074,2785832.73,,29183,1093083.55,,354,13215.71,,23189,2426404.94,,13422,1465727.05,,25923,2703993.16,,10688,1188138.83,125,3056.31,3430,51,0.34142743984049,,,,,,539,15393.6,374,,116,2142.07,,18,77.38085106383,21,578,503,308,848,562,80,41,1168,44,0,77,697,713,1.282347005198
1891722062,Mehta,Jagat,,MD,I,2211 Lyell Ave,,Rochester,NY,36,14606,1,"Metropolitan area core: primary flow within an urbanized area of 50,000 and greater",US,Internal Medicine,S,7792,16254.333333333,675234.04,473090,432,,7081,15076.066666667,617688.19,438943,,407,,1318,503082.98,,6410,168887.16,,64,3263.9,,6879,561190.31,,913,114043.73,,1005,127850.19,,6787,547383.85,19,120.88,383,13,0.24383983572895,0,0,0,0,0,417,5291.27,187,,41,3834.98,*,,74.685185185185,25,194,155,58,216,216,370,26,,,0,16,33,399,0.99783171360698
1891741658,Jacobowitz,Marilyn,F,MD,I,90 S Bedford Rd,"Care Mount Medical , Pc",Mount Kisco,NY,36,10549,1,"Metropolitan area core: primary flow within an urbanized area of 50,000 and greater",US,Internal Medicine,S,5229,9292.2333333333,344112.56,267466,578,,5139,9163.6333333333,341720.3,263959,,559,,1044,262066.33,,4185,82046.23,,0,0,,1338,72912.05,,3891,271200.51,,481,32567.64,,4748,311544.92,37,244.33,649,15,0.70759227385733,,,,,,156,2292.01,108,*,,,*,,74.596885813149,19,302,179,78,472,106,517,,12,14,,29,37,541,0.93512465266855
1891744314,Hambright,Maya,,MD,I,1 Family Practice Dr,,Kingston,NY,36,12401,1,"Metropolitan area core: primary flow within an urbanized area of 50,000 and greater",US,Family Practice,S,3877,5167.0666666667,303215.85,147931,275,,2984,4186.0666666667,235015.48,119892,,222,"#",,,,3166,75086.26,*,,,,1365,104537.17,,2512,198678.68,,1752,150946.05,,2125,152269.8,425,17186.82,12133,70,10.962084085633,88,8200.4,2599,15,20.705882352941,85,1289.88,54,,49,1479.5,*,,70.290909090909,53,123,82,17,170,105,250,,0,,,,79,196,1.1935441453166
1891759056,Heller,Douglas,,MD,I,1561 Route 9w,,Lake Katrine,NY,36,12449,1,"Metropolitan area core: primary flow within an urbanized area of 50,000 and greater",US,Internal Medicine,S,9026,18259.433333333,547680.59,537188,727,,8457,17363.6,488904.29,511070,,689,,1143,367435.09,,7828,177543.52,,55,2701.98,,3182,147788.79,,5844,399891.8,,916,70088.08,,8110,477592.51,179,3629.83,4546,35,1.9831597606913,14,526.2,420,,7.8212290502793,191,2701.69,143,,22,495.75,*,,75.022008253095,38,335,249,105,376,351,685,12,,,0,20,62,665,1.0057686160888
1891772836,Ward,John,P,DO,I,7531 Seneca Street,,East Aurora,NY,36,14052,2,"Metropolitan area high commuting: primary flow 30% or more to a urbanized area of 50,000 and greater",US,Family Practice,S,5672,10942.3,449436.27,315833,554,,4831,9703.7333333333,362123.66,280450,,494,,820,312277.79,,4810,135288.18,,42,1870.3,,4194,300217.1,,1478,149219.17,,909,91626.03,,4763,357810.24,281,34752.71,7490,66,4.9541607898449,55,27590.7,1451,12,19.572953736655,254,2178.88,137,*,,,*,,73.413357400722,60,235,194,65,289,265,529,,0,,0,18,49,505,1.0901031234802
1891774543,Cambareri,Joseph,,MD,I,4820 W Taft Rd,Ste 215,Liverpool,NY,36,13088,1,"Metropolitan area core: primary flow within an urbanized area of 50,000 and greater",US,Family Practice,S,12175,24581.766666667,933576.91,721078,693,,11465,23456.1,883060.45,687749,,657,,1650,651198.78,,10462,278735.74,,63,3642.39,,6090,390010.21,,6085,543566.7,,1556,144876.28,,10619,788700.63,349,13526.93,9234,93,2.8665297741273,34,4793.53,1365,12,9.7421203438395,253,4054.41,154,,99,22867.49,,23,75.587301587302,36,283,269,105,364,329,658,,,0,,17,57,636,1.2827090689988
1891774998,Hilmi,Francesca,A,DO,I,117 Marys Ave,Suite 101,Kingston,NY,36,12401,1,"Metropolitan area core: primary flow within an urbanized area of 50,000 and greater",US,Family Practice,S,3818,7053.2,202092.42,205381,200,,3281,6141.1,178303.2,179253,,176,,438,129046.09,,3367,72457.87,,13,588.46,,1847,96301.7,,1971,105790.72,,1142,48676.46,,2676,153415.96,169,5864.84,4684,25,4.4264012572027,24,2435.96,720,,14.201183431953,82,2861.6,59,,25,368.26,*,,73.325,24,83,58,35,169,31,178,12,,,0,,41,159,1.0150961363636
1891775425,Duggirala,Rudrama,,MD,I,90 45 Pitkin Ave,,Ozone Park,NY,36,11417,1,"Metropolitan area core: primary flow within an urbanized area of 50,000 and greater",US,Family Practice,S,4434,10155.833333333,494214.04,298358,196,,3910,9038.0333333333,455597.71,265924,,171,,930,372196.35,,3345,114306.6,,159,7711.09,,2748,276573.1,,1686,217640.94,,4060,481747.13,,374,12466.91,54,179.07,1055,,1.2178619756428,0,0,0,,0,63,581.04,42,*,,,*,,72.112244897959,25,101,47,23,135,61,27,24,24,101,,,146,50,1.2038826530612
1891778296,Rehman,Syed,I,M.D.,I,1300 Massachusetts Ave,,Troy,NY,36,12180,1,"Metropolitan area core: primary flow within an urbanized area of 50,000 and greater",US,Internal Medicine,S,9637,16638.333333333,754145.13,485844,557,,6366,12040.466666667,525607.4,353367,,379,,1670,616072.51,,7825,130298.31,,142,7774.31,,5538,447181.1,,4099,306964.03,,6483,544555.11,,3154,209590.02,434,7800.32,11905,87,4.5034761855349,12,277.19,360,,2.7649769585253,113,911.62,86,,15,91.88,*,,67.877917414722,178,213,108,58,298,259,414,86,,40,,,277,280,1.6032300211276
1891803037,Andes,Scott,M,D.O.,I,7001 Avenue U,,Brooklyn,NY,36,11234,1,"Metropolitan area core: primary flow within an urbanized area of 50,000 and greater",US,Internal Medicine,S,8652,15011.9,890185.08,439572,606,,7901,13628.866666667,762731.89,398817,,558,,1687,691705.8,,6790,191808.69,,175,6670.59,,4149,382579.61,,4503,507605.47,,5149,572196.32,,3503,317988.76,229,13101.94,5399,57,2.6467868700878,41,8806.42,1173,,17.903930131004,186,3337.83,115,,79,2181.5,,21,77.877887788779,48,204,167,187,415,191,241,259,12,72,0,22,281,325,1.959312915818
1891812806,Huang,Qing Xiang,,FNP,I,1502 Avenue U,,Brooklyn,NY,36,11229,1,"Metropolitan area core: primary flow within an urbanized area of 50,000 and greater",US,Nurse Practitioner,S,8284,9546.5,683770.97,276198,587,,8130,9390.5,670966.07,271949,,567,,2030,521732.94,,6149,158891.73,,105,3146.3,,5763,457903.36,,2521,225867.61,,7757,647512.72,,527,36258.25,,,,,,,,,,,143,1315.29,110,,25,234.06,*,,74.284497444634,20,317,172,78,323,264,,,570,,0,,518,69,1.149239966848
1891880902,Meaney-Elman,Nora,,MD,I,1829 Maple Rd Ste 201,,Williamsville,NY,36,14221,1,"Metropolitan area core: primary flow within an urbanized area of 50,000 and greater",US,Family Practice,S,2375,4733.4333333333,142752.22,135638,166,,2339,4653.4333333333,141293.04,133367,"#",,"#",,,,1980,44441.15,*,,,,1606,90102.29,,769,52649.93,,153,6613.43,,2222,136138.79,31,316.8,880,,1.3052631578947,0,0,0,,0,111,2858.58,57,*,,,*,,76.987951807229,,,,,133,33,155,,,,0,,,,1.1026475903614
1891892915,Witt,Marvin,,MD,I,590 Fifth Avenue,,New York,NY,36,10036,1,"Metropolitan area core: primary flow within an urbanized area of 50,000 and greater",US,Internal Medicine,S,6011,10352.133333333,569785.59,299599,507,,5067,9180.6333333333,419176.18,267228,,466,,1232,440141.39,,4699,126314.95,,80,3329.25,,4297,408847.89,,1714,160937.7,,2094,225822.72,,3917,343962.87,109,3440.57,2537,31,1.8133422059557,,,,,,106,6344.38,68,,33,1271.39,*,,74.252465483235,41,220,174,72,298,209,215,203,11,59,0,19,110,397,1.127934108385
1902194277,Cruz,Christina,M,M.D.,I,10 Union Sq E,Suite 3g,New York,NY,36,10003,1,"Metropolitan area core: primary flow within an urbanized area of 50,000 and greater",US,Internal Medicine,S,6087,9547.2666666667,529529.04,280923,621,,5223,8211.4666666667,455577.29,241593,,512,,1219,428490,,4674,93140.06,,194,7898.98,,4726,423365.5,,1361,106163.54,,5363,499745.75,,724,29783.29,33,610.74,914,16,0.54213898472154,,,,,,36,859.97,21,,24,214.86,*,,70.536231884058,109,316,152,44,426,195,77,76,15,446,,,491,130,1.4680056191092
1902822893,Shaw,Robin,L,ANP,I,42 Nichols Street,,Spencerport,NY,36,14559,1,"Metropolitan area core: primary flow within an urbanized area of 50,000 and greater",US,Nurse Practitioner,S,8346,14944.9,540649.15,428455,521,,6606,12324.3,385119.55,354446,,431,,1126,376885.71,,7147,160172.17,,73,3591.27,,4773,292166.62,,3573,248482.53,,2846,221722.99,,5500,318926.16,346,13701.01,8216,90,4.1456985382219,18,6049.94,540,,5.2023121387283,242,3760.59,144,,30,2064.08,*,,70.335892514395,90,269,123,39,377,144,483,17,,,0,,123,398,1.1660407430599
1902838071,Sullivan,Maura,,MD,I,2400 Us Route 9,,Hudson,NY,36,12534,4,"Micropolitan area core: primary flow within an urban cluster of 10,000 to 49,999",US,Family Practice,S,6117,9826.7666666667,340593.47,283243,483,,4911,8171.2,253198.37,236574,,393,,923,236377.59,,5163,103160.29,,31,1055.59,,2643,122273.58,,3474,218319.89,,2390,170115.25,,3727,170478.22,303,18610.51,7449,75,4.9534085335949,46,10415.93,1299,15,15.181518151815,97,1298.73,69,,29,981.79,*,,70.910973084886,90,223,123,47,337,146,445,15,,,0,11,136,347,1.1587892402494
1902867773,Cho,Richard,,D.O.,I,1825 Commerce St,Care Mount Medical Pc,Yorktown Heights,NY,36,10598,1,"Metropolitan area core: primary flow within an urbanized area of 50,000 and greater",US,Internal Medicine,S,4430,10772.266666667,315160.77,315285,426,,4225,10336.266666667,304272.74,302531,,408,"#",,,,3765,130776.16,*,,,,927,69936.55,,3503,245224.22,,365,30033.05,,4065,285127.72,,,,,,,,,,,129,1855.4,93,,15,524.09,*,,74.037558685446,18,228,127,53,235,191,361,,11,22,,25,28,398,1.0077805164319
1902870355,Schiller,Bradford,C,MD,I,"1915 Central Park Ave # 25",,Yonkers,NY,36,10710,1,"Metropolitan area core: primary flow within an urbanized area of 50,000 and greater",US,Internal Medicine,S,2644,5236.3,154411.8,153678,253,,2515,4994.5,144199.44,146510,,239,,382,100810.87,,2262,53600.93,,0,0,,773,57815.74,,1871,96596.06,,457,34218.21,,2187,120193.59,,,,,,,,,,,50,879.25,43,,0,0,,0,73.948616600791,14,131,78,30,140,113,158,37,,36,,14,26,227,0.94154132974517
1902903065,Moore,Thomas,C,,I,590 5th Ave,,New York,NY,36,10036,1,"Metropolitan area core: primary flow within an urbanized area of 50,000 and greater",US,Internal Medicine,S,7912,15176.2,745122.75,445774,638,,7499,14565.2,637304.38,427845,,596,,1313,546852.81,,6447,189525.75,,152,8744.19,,5261,538256.84,,2651,206865.91,,1742,147374.69,,6170,597748.06,107,2617.97,2440,32,1.3523761375126,0,0,0,0,0,67,1565.91,46,,30,279.88,*,,74.912225705329,42,268,241,87,365,273,273,258,16,68,0,23,115,523,1.0610368402843
1902909476,Sheridan,Michael,M,DO,I,4988 State Highway 30,Amsterdam Memorial Health Center,Amsterdam,NY,36,12010,2,"Metropolitan area high commuting: primary flow 30% or more to a urbanized area of 50,000 and greater",US,Family Practice,S,9275,15496.066666667,745349.19,446785,561,,8342,14421.233333333,633254.2,417007,,512,,1538,506898.8,,7676,234535.12,,61,3915.27,,4153,345739.69,,5122,399609.5,,2999,215342.57,,6276,530006.62,539,72419.13,14648,87,5.811320754717,90,51474.96,2024,11,16.69758812616,148,2314.1,91,,33,2207.64,*,,74.579322638146,49,244,159,109,346,215,523,,,,0,25,94,467,1.3054766385572
1902955768,Hwu,Charles,J,MD,I,136 30 Maple Avenue,Suite 2f,Flushing,NY,36,11355,1,"Metropolitan area core: primary flow within an urbanized area of 50,000 and greater",US,Internal Medicine,S,14287,17321.5,491601.32,505900,375,,13978,16999.2,481958.94,496386,"#",,,1647,271559.34,,12360,207957.07,,280,12084.91,,10637,376776.23,,3650,114825.09,,11426,379740.33,,2861,111860.99,12,27.71,345,,0.083992440680339,0,0,0,,0,410,2456.37,178,,61,964.03,*,,77.144,,,,,201,174,,,342,11,,11,239,136,1.216388826357
1902993306,Healy,Deborah,P,M.D.,I,400 Fort Hill Ave,,Canandaigua,NY,36,14424,1,"Metropolitan area core: primary flow within an urbanized area of 50,000 and greater",US,Internal Medicine,S,2147,2368.2666666667,294877.83,18705,1462,,1962,2137.2666666667,274999.14,14899,,1383,,1847,285368.2,,300,9509.63,,0,0,,1590,216895.89,,557,77981.94,,309,43269,,1838,251608.83,0,0,0,0,0,0,0,0,0,,0,0,0,,28,457.56,*,,73.558823529412,79,788,481,114,879,583,1295,37,21,26,0,83,176,1286,0.90785018349733
1912014945,Yeung,Tsz-Yin,,MD,I,268 Canal St,,New York,NY,36,10013,1,"Metropolitan area core: primary flow within an urbanized area of 50,000 and greater",US,Family Practice,S,13696,15211.333333333,743410.02,444284,462,,12969,14411.133333333,695912.22,421240,,437,,2381,418734.29,,11224,322569.63,,91,2106.1,,9254,542703.46,,4442,200706.56,,13310,715507.68,,386,27902.34,0,0,0,0,0,0,0,0,0,,52,436.16,39,,0,0,,0,72.751082251082,25,279,110,48,220,242,,0,443,,0,,425,37,1.1996044280185
1912078882,Feldfogel,Howard,,DO,I,200 E Eckerson Rd,Ste 1 6,New City,NY,36,10956,1,"Metropolitan area core: primary flow within an urbanized area of 50,000 and greater",US,Internal Medicine,S,6750,15745.333333333,493944.82,457738,754,,6380,15045.233333333,468977.02,437712,,707,,889,306424.02,,5833,185855.79,,28,1665.01,,1459,62221.25,,5291,431723.57,,823,64245.86,,5927,429698.96,103,3107.79,2201,45,1.5259259259259,13,1966.24,390,,12.621359223301,419,6836.3,282,*,,,*,,74.661803713528,47,321,282,104,448,306,644,42,12,39,0,17,78,676,1.1431283376964
1912119595,Win,Lwin,M,MD,I,37 Main St,,Whitesboro,NY,36,13492,1,"Metropolitan area core: primary flow within an urbanized area of 50,000 and greater",US,Internal Medicine,S,8154,14707.466666667,632760.85,428661,557,,6758,12789.433333333,513363,373342,,484,,1319,481364.12,,6751,148337.33,,84,3059.4,,4152,295852.69,,4002,336908.16,,2567,206708.78,,5587,426052.07,382,23035.18,11150,85,4.6848172675987,35,7898.39,1030,,9.1623036649215,142,1150.33,83,,28,243.49,*,,73.095152603232,73,235,176,73,263,294,527,,,,0,15,114,443,1.1570103566552
1912194069,Reiber,Stuart,,MD,I,12a N Airmont Rd,,Suffern,NY,36,10901,1,"Metropolitan area core: primary flow within an urbanized area of 50,000 and greater",US,Internal Medicine,S,2243,4846.4,193762.92,139672,189,,2226,4809.4,193320.78,138734,"#",,"#",,,,1851,62372.02,*,,,,256,15690.56,,1987,178072.36,,278,24318.23,,1965,169444.69,50,1424.98,1047,13,2.2291573785109,0,0,0,0,0,94,1496.25,46,,0,0,*,,75.761904761905,,,,,108,81,165,,,,0,,,,1.219448358769
1912295429,Regis,Nadine,,M.D.,I,1400 Pelham Pkwy S,Building 6// Suite 1b25,Bronx,NY,36,10461,1,"Metropolitan area core: primary flow within an urbanized area of 50,000 and greater",US,Emergency Medicine,S,588,591.33333333333,43940.59,3291,412,,436,438.5,39086.89,2212,,309,"#",,,,328,2466.95,*,,,,308,24655.58,,280,19285.01,,285,14820.98,,303,29119.61,100,438.48,367,96,17.006802721088,0,0,0,0,0,85,1244.1,79,,0,0,,0,68.344660194175,103,186,99,24,262,150,258,143,,,0,,171,241,1.5876874244596
1912906710,Kushner,Hillary,S,M.D.,I,1165 Northern Blvd,Suite 300,Manhasset,NY,36,11030,1,"Metropolitan area core: primary flow within an urbanized area of 50,000 and greater",US,Internal Medicine,S,5233,11589.5,421058.24,340457,425,,5147,11457.5,413915.82,336730,"#",,"#",,,,4344,141662.26,*,,,,420,20059.84,,4813,400998.4,,148,9863.16,,5085,411195.08,75,5554.87,2035,25,1.4332123065163,,,,,,122,8022.75,81,,26,291.98,*,,78.851764705882,,,,,362,63,403,,,,0,11,,,1.0701696988734
1912908203,Friedell,Benjamin,,MD,I,1 Fox Care Dr,Suite 308,Oneonta,NY,36,13820,4,"Micropolitan area core: primary flow within an urban cluster of 10,000 to 49,999",US,Family Practice,S,19110,26518.2,1329100.2,695961,817,,16718,23387.366666667,1095218.03,611228,,717,,3929,938916.37,,15047,383832.86,,134,6350.97,,4039,304356.58,,15071,1024743.62,,12498,867268,,6612,461832.2,876,68154.39,19014,172,4.5839874411303,201,36508.4,5430,31,22.945205479452,447,8649.94,141,,286,10357.29,,42,76.204406364749,100,259,229,229,493,324,789,,,,0,12,360,457,1.4107719164466
1912934647,Grewal,Diddarjit,,M.D.,I,2655 Ridgeway Ave,Suite 480,Rochester,NY,36,14626,1,"Metropolitan area core: primary flow within an urbanized area of 50,000 and greater",US,Internal Medicine,S,9249,21036.1,563032.63,616596,817,,8388,19341.2,507285.36,567106,,724,,1085,362504.32,,8098,196726.54,,66,3801.77,,7816,444172.77,,1433,118859.86,,1445,122318.88,,7804,440713.75,277,10623.3,7274,93,2.9949183695535,57,4743.61,1594,15,20.57761732852,179,3081.95,129,,34,860.36,*,,73.670746634027,93,357,264,103,513,304,728,42,,16,,23,113,704,1.1008292283625
1912940214,Matala-Sullivan,Maria,E,DO,I,4855 Camp Rd.,Suite 100,Hamburg,NY,36,14075,1,"Metropolitan area core: primary flow within an urbanized area of 50,000 and greater",US,Family Practice,S,4253,7616.4,275255.93,222794,298,,3855,7014.1666666667,259812.95,205585,,266,,654,195410.59,,3571,78625.42,,28,1219.92,,3131,196219.82,,1122,79036.11,,765,68569.06,,3488,206686.87,167,12248.75,4252,32,3.9266400188103,22,8198.72,634,,13.173652694611,66,913.44,45,,0,0,,0,73.946308724832,32,136,91,39,225,73,286,,,,0,,42,256,1.3063755117352
1912944257,Lupenko,Alexander,,MD,I,70 E Sunrise Hwy,5th Floor,Valley Stream,NY,36,11581,1,"Metropolitan area core: primary flow within an urbanized area of 50,000 and greater",US,Internal Medicine,S,830,845.3,41690.01,10568,499,,809,822.66666666667,40197.64,10191,,487,"#",,,,594,19562.62,*,,,,256,15002.95,,574,26687.06,,25,1294.69,,805,40395.32,0,0,0,0,0,0,0,0,0,,368,2809.26,355,,0,0,,0,71.036072144289,12,375,,,300,199,382,47,22,11,0,37,14,485,0.6785960253841
1912944398,Motiram,Savitri,,MD,I,215 E 95th St,,New York,NY,36,10128,1,"Metropolitan area core: primary flow within an urbanized area of 50,000 and greater",US,Internal Medicine,S,11246,16814.1,750597.41,491389,520,,9390,14631,558973.74,429564,,448,,2025,535134.15,,9081,209032.24,,140,6431.02,,7880,534437.58,,3366,216159.83,,4475,343953.62,,6771,406643.79,111,1539.55,2748,30,0.98701760626,12,575.53,360,,10.810810810811,114,978.22,79,,66,4560.4,,11,72.613461538462,72,246,138,64,402,118,,424,,81,0,,165,355,1.1536343934005
1912950858,Ratsenberg,Dmitriy,,MD,I,2925 W 5th St,Suite 52,Brooklyn,NY,36,11224,1,"Metropolitan area core: primary flow within an urbanized area of 50,000 and greater",US,Internal Medicine,S,33488,40904.5,4411478.76,1191755,797,,31616,38720.833333333,4129432.87,1130384,,742,,10025,3185172.72,,22785,1194916.06,,678,31389.98,,5061,524617.71,,28427,3886861.05,,29458,4097102.85,,4030,314375.91,215,3404.74,3748,95,0.64202102245581,0,0,0,0,0,455,40531.32,279,,106,6861.81,,17,75.245922208281,55,323,307,112,481,316,697,19,,12,,64,551,246,1.6534271904168
1912972423,Fish,Kenneth,J,D.O.,I,3 Bridge Street,Suite 3,Carthage,NY,36,13619,1,"Metropolitan area core: primary flow within an urbanized area of 50,000 and greater",US,Family Practice,S,11372,21737.833333333,887911.55,634310,622,,10064,19647.8,822745.59,573439,,542,,1528,642720.71,,9694,239254.95,,150,5935.89,,5242,333883.96,,6130,554027.59,,3314,244738.85,,8058,643172.7,312,9059.56,8824,58,2.7435807245867,16,4062.66,450,,5.1282051282051,359,4854.55,217,*,,,*,,72.868167202572,80,263,207,72,335,287,598,0,,,,18,151,471,1.2714619758989
1912974619,Ho,Elizabeth,T,MD,I,31 Arnot Rd,Suite A,Horseheads,NY,36,14845,1,"Metropolitan area core: primary flow within an urbanized area of 50,000 and greater",US,Internal Medicine,S,6008,10470.433333333,578828.68,302930,446,,4064,7658.6333333333,383719.75,223410,,331,,1005,447708.24,,4930,126937.16,,73,4183.28,,2887,255781.3,,3121,323047.38,,2826,332772.47,,3182,246056.21,51,671.16,993,26,0.84886817576565,,,,,,103,1350.18,73,*,,,*,,68.547085201794,115,196,105,30,300,146,397,25,,,0,,152,294,1.199096832506
1912993098,De Witt,Eleanor,H,MD,I,418 N Main St,,Penn Yan,NY,36,14527,7,"Small town core: primary flow within an urban cluster of 2,500 to 9,999",US,Internal Medicine,S,16148,28920.766666667,1431714.12,848045,894,,14195,26151.233333333,1252139.4,768028,,817,,2869,1102571.33,,13118,320975.18,,161,8167.61,,9632,833806.2,,6516,597907.92,,4748,466116.29,,11400,965597.83,507,28016.57,14221,79,3.1397077037404,90,17759.22,2728,12,17.751479289941,198,3407.53,119,,76,8157.21,,13,75.051454138702,77,359,310,148,566,328,862,0,,,0,27,160,734,1.092504737215
1912996273,Chabot,Francis,E,MD,I,117 W Main St,,Waterville,NY,36,13480,2,"Metropolitan area high commuting: primary flow 30% or more to a urbanized area of 50,000 and greater",US,Family Practice,S,5423,8853.9,362225.23,244061,307,,5124,8422.1666666667,346846.55,232523,,281,"#",,,,4388,108892.25,*,,,,3308,209993.34,,2115,152231.89,,2582,140109.29,,2841,222115.94,226,9406.01,5248,53,4.167434999078,68,5856.61,1844,14,30.088495575221,135,1962.01,71,,62,3175.94,,11,77.817589576547,26,83,112,86,166,141,298,,,,0,,101,206,1.5119595624697
1912997214,O'Callaghan,Sally,,FNP,I,4401 Middle Settlement Rd,,New Hartford,NY,36,13413,1,"Metropolitan area core: primary flow within an urbanized area of 50,000 and greater",US,Nurse Practitioner,S,5527,10700.233333333,494427.59,315353,393,,5086,10058.466666667,464349.87,296521,,360,,873,369405.3,,4622,123795.58,,32,1226.71,,2973,236079.23,,2554,258348.36,,902,91868.36,,4625,402559.23,191,7469.88,5464,48,3.4557626198661,41,4983.71,1385,11,21.465968586387,55,759.9,41,,0,0,,0,74.083969465649,33,181,123,56,242,151,366,,0,15,0,,42,351,1.1886657603472
1922017805,Kearns Stanley,Margaret,,M.D.,I,899 Park Avenue,,New York,NY,36,10075,1,"Metropolitan area core: primary flow within an urbanized area of 50,000 and greater",US,Family Practice,S,1024,1867.7,61717.87,53186,88,,1004,1835.7,60061.13,52294,"#",,"#",,,,850,23881.78,*,,,,120,3772.8,,904,57945.07,,107,8829.87,,917,52888,23,511.82,181,,2.24609375,0,0,0,,0,40,707.18,25,,0,0,*,,73.125,,,,,58,30,62,,,,0,,,,0.77604545454545
1922024975,Reinitz,Elizabeth,,M.D.,I,259 Heathcote Rd,,Scarsdale,NY,36,10583,1,"Metropolitan area core: primary flow within an urbanized area of 50,000 and greater",US,Internal Medicine,S,5102,11369.866666667,784701.34,331633,515,,4871,10971.466666667,744714.97,320375,,497,,920,646773.17,,4171,137413.35,,11,514.82,,209,34595.8,,4893,750105.54,,249,112751.8,,4853,671949.54,127,4453.85,3386,28,2.4892199137593,24,2162.72,687,,18.897637795276,132,1484.94,88,*,,,*,,75.920388349515,18,217,181,99,418,97,452,21,,16,,22,15,500,1.071229113464
1922046440,Alam,Suhaila,,MD,I,4802 10th Ave,,Brooklyn,NY,36,11219,1,"Metropolitan area core: primary flow within an urbanized area of 50,000 and greater",US,Anesthesiology,S,17,17,2488.96,43,13,"#",,,,,"#",,,16,2473.34,*,,,"#",,,*,,,"#",,,*,,,"#",,,0,0,0,0,0,0,0,0,0,,0,0,0,*,,,*,,74.384615384615,,,,,,,11,0,0,,0,,,,1.8578461538462
1922066539,Yih,Peggy,,MD,I,40 Park Ave,,New York,NY,36,10016,1,"Metropolitan area core: primary flow within an urbanized area of 50,000 and greater",US,Internal Medicine,S,1674,4008.6,79207.21,117240,265,,1610,3914.6,67984.07,115002,"#",,"#",,,,1417,41399.21,*,,,,322,15395.22,,1352,63811.99,,57,10316.74,,1617,68890.47,,,,,,,,,,,37,345.25,33,,0,0,*,,73.743396226415,,,,,241,24,216,18,11,,,11,11,254,0.82879748427673
1922100213,Cao,Shimin,,M.D. PH.D.,I,3808 Union St Ste 6b,,Flushing,NY,36,11354,1,"Metropolitan area core: primary flow within an urbanized area of 50,000 and greater",US,Internal Medicine,S,5356,6692.9333333333,443056.38,195847,254,,5166,6487.8,412893.99,190323,,242,,1034,348263.36,,4073,85494.27,,249,9298.75,,3104,229974.03,,2252,213082.35,,5049,425194.16,,307,17862.22,,,,,,,,,,,42,462.15,32,,0,0,,0,73.047244094488,12,146,74,22,134,120,,0,245,,0,,216,38,1.1622316033142
1922105642,Shah,Alan,,M.D.,I,317 E 34th St,7th Floor,New York,NY,36,10016,1,"Metropolitan area core: primary flow within an urbanized area of 50,000 and greater",US,Cardiology,S,6803,15714.2,1059894.75,468806,643,,6496,15103.7,1028242.75,450556,,616,"#",,,,5199,169048.37,*,,,,716,94432.68,,6087,965462.07,,890,120579.91,,5913,939314.84,0,0,0,0,0,0,0,0,0,,35,250.81,30,,0,0,,0,76.006220839813,27,272,241,103,314,329,502,31,35,36,0,39,66,577,1.5657539008752
1922195239,Kim,Kee,Y,MD,I,41 10 Bowne Street,Suite L2,Flushing,NY,36,11355,1,"Metropolitan area core: primary flow within an urbanized area of 50,000 and greater",US,Internal Medicine,S,3467,3828.4333333333,215333.84,109959,82,,3442,3803.4333333333,213747.37,109288,"#",,,884,162912.05,,2564,51920.33,,19,501.46,,97,11121.74,,3370,204212.1,,3375,212936.78,,92,2397.06,0,0,0,0,0,0,0,0,0,,115,607.88,49,,0,0,*,,80.378048780488,,,,,51,31,,0,75,,0,,67,15,1.1288770325203
1922197300,Campagna,Kristine,,,I,713 Troy Schenectady Rd,Suite 224,Latham,NY,36,12110,1,"Metropolitan area core: primary flow within an urbanized area of 50,000 and greater",US,Family Practice,S,4284,7512.4,289016.41,220538,420,,3925,6995.0333333333,277631.82,205450,,376,,710,209890.07,,3549,77627.59,,25,1498.75,,2939,195765.07,,1345,93251.34,,857,75397.73,,3427,213618.68,58,1627.22,1650,16,1.3538748832866,,,,,,38,228.58,31,,17,239.94,*,,72.030952380952,44,214,120,42,305,115,393,,,,0,,60,360,1.0081054549821
1922352111,Franck,Zsofia,,FNP,I,16 Brentwood Dr,,Ithaca,NY,36,14850,1,"Metropolitan area core: primary flow within an urbanized area of 50,000 and greater",US,Nurse Practitioner,S,2452,4330.6666666667,1921958.51,126266,312,,1935,3558.1333333333,1403648.72,103978,,252,"#",,,,1796,106493.14,*,,,,844,473569.2,,1608,1448389.31,,937,905983.98,,1515,1015974.53,153,4664.08,4550,32,6.2398042414356,0,0,0,0,0,25,182.2,21,,0,0,,0,71.080128205128,60,133,86,33,214,98,285,14,,,0,,97,215,1.3843915598291
1932107885,Brown,Debra,A,NURSE PRACTITIONER,I,408 N Main St,,Warsaw,NY,36,14569,7,"Small town core: primary flow within an urban cluster of 2,500 to 9,999",US,Nurse Practitioner,S,9880,18859.033333333,732239.09,548673,548,,8560,17160.633333333,642442.76,500138,,491,,1498,497899.26,,8309,230467.83,,73,3872,,6387,439202.99,,3493,293036.1,,2757,254281.99,,7123,477957.1,400,17306.49,11346,63,4.0485829959514,75,10526.5,2296,,18.75,377,6198.28,184,,22,1365.01,*,,72.979927007299,57,272,166,53,368,180,528,0,0,0,0,20,110,438,1.0838578776067
1932108834,Herrera,Nilo,E,MD,I,2050 Route 22,Suite 101,Brewster,NY,36,10509,1,"Metropolitan area core: primary flow within an urbanized area of 50,000 and greater",US,Internal Medicine,S,12191,20481.866666667,857997.49,598185,707,,10362,17998.566666667,707689.2,526980,,600,,1646,504600.29,,10466,350046.61,,79,3350.59,,2779,180866.99,,9412,677130.5,,2588,209489.1,,9603,648508.39,218,5223.82,5818,64,1.7882044130916,15,323.41,450,,6.8807339449541,218,4650.08,152,,44,4891.57,*,,71.120226308345,107,345,210,45,361,346,625,,,62,0,12,98,609,1.108078006135
1932113669,Borgos,William,M,MD,I,161 Carey Rd,,Queensbury,NY,36,12804,1,"Metropolitan area core: primary flow within an urbanized area of 50,000 and greater",US,Family Practice,S,8484,16383.866666667,776891.88,473825,632,,6457,13483.033333333,585439.51,392527,,497,,1411,599340.97,,6989,173917.58,,84,3633.33,,4071,275049.58,,4413,501842.3,,2761,248111.91,,5723,528779.97,424,13877.57,11031,65,4.997642621405,83,7611.43,2127,,19.575471698113,158,3247.78,108,,32,2403.19,*,,70.392405063291,135,255,182,60,325,307,595,,,,,21,153,479,1.1963428109657
1932122850,Basileo,Santo,,MD,I,104 27 A Corona Avenue,,Corona,NY,36,11368,1,"Metropolitan area core: primary flow within an urbanized area of 50,000 and greater",US,Internal Medicine,S,17134,27413.7,2046423.78,806435,901,,14265,23320.5,1617598.26,687060,,780,,3387,1625925.84,,13408,404328.71,,339,16169.23,,11471,1142107.23,,5663,904316.55,,9160,1315420.47,,7974,731003.31,201,9322.65,4685,69,1.1731061048208,18,4122.8,510,,8.955223880597,179,23775.15,124,,92,9520.99,,21,72.742508324084,121,413,249,118,531,370,342,70,30,434,0,25,379,522,1.5754275779078
1932129558,Hoffman,Margaret,,M.D.,I,201 E 80th St,,New York,NY,36,10021,1,"Metropolitan area core: primary flow within an urbanized area of 50,000 and greater",US,Internal Medicine,S,1446,2508.9,58291.67,72163,130,,1321,2361.9,53595.65,68498,"#",,,218,32914.39,,1228,25377.28,,0,0,,173,8941.13,,1273,49350.54,,107,2482.15,,1339,55809.52,11,38.36,252,,0.76071922544952,0,0,0,,0,48,578.81,32,,12,72.73,*,,72.646153846154,,,,,108,22,102,,,,0,14,,,0.82954615384615
1932137122,Peters,Nancy,J,MD,I,1616 Kensington Ave,,Buffalo,NY,36,14215,1,"Metropolitan area core: primary flow within an urbanized area of 50,000 and greater",US,Internal Medicine,S,8760,17572.133333333,465767.26,519866,627,,8272,16718.566666667,422349.19,495126,,592,,1098,291202.56,,7610,172504.65,,52,2060.05,,6338,303360.45,,2422,162406.81,,2047,153211.39,,6713,312555.87,146,2511.25,4175,34,1.6666666666667,0,0,0,0,0,125,785.63,88,,24,2088.43,*,,75.877192982456,35,237,243,112,561,66,504,101,,,0,13,87,540,1.1535018958139
1932279049,Webber,Richard,A,M.D.,I,16 Degrandpre Way,Suite 300,Plattsburgh,NY,36,12901,4,"Micropolitan area core: primary flow within an urban cluster of 10,000 to 49,999",US,Internal Medicine,S,8783,20246.033333333,1170719.65,594508,612,,7794,18424.066666667,1020553.94,541828,,544,,1813,935040.94,,6862,228414.18,,108,7264.53,,2384,248796.97,,6399,921922.68,,2609,432304.23,,6174,738415.42,314,8149.39,8495,99,3.5750882386428,25,2312.61,727,,7.9617834394904,210,12307.86,123,,54,9354.92,,11,73.599673202614,68,279,178,87,359,253,595,,,,0,,122,490,1.2680255911545
1932506094,Li,Michelle,,,I,132-59 41st Rd,Ste Cb,Flushing,NY,36,11355,1,"Metropolitan area core: primary flow within an urbanized area of 50,000 and greater",US,Physician Assistant,S,3603,4971.4333333333,277661.46,142668,170,,3399,4705.5666666667,261671.68,135335,,159,,534,190356.05,,3006,84832.45,,63,2472.96,,2827,211216.57,,776,66444.89,,3139,254604.41,,464,23057.05,0,0,0,0,0,0,0,0,0,,66,702.53,47,*,,,*,,72.711764705882,11,98,50,11,90,80,,,140,12,,,124,46,1.1604844853042
1932526845,Aung,Myo Myo,,M.D,I,198 Canal St Ste 401,,New York,NY,36,10013,1,"Metropolitan area core: primary flow within an urbanized area of 50,000 and greater",US,Internal Medicine,S,4499,5444.0333333333,335410.6,155673,366,,4256,5173.8333333333,320948.4,147992,,347,,849,229797.05,,3564,102086.9,,86,3526.65,,3242,244747.74,,1257,90662.86,,4094,311940.11,,405,23470.49,0,0,0,0,0,0,0,0,0,,191,1442.55,140,,13,212.13,*,,72.505464480874,19,221,96,30,203,163,,,334,,0,19,304,62,1.263314147124
1932540432,Korbeci,Bihter,,MD,I,301 Prospect Ave,Medical Education Department,Syracuse,NY,36,13203,1,"Metropolitan area core: primary flow within an urbanized area of 50,000 and greater",US,Family Practice,S,4648,6705.4666666667,339611.28,191610,402,,3120,4914.4333333333,237937.78,141042,,290,,747,259347.99,,3822,77032.56,,79,3230.73,,2239,164732.94,,2409,174878.34,,2269,199333.47,,2379,140277.81,58,1411.28,1633,23,1.2478485370052,,,,,,108,1389.8,80,*,,,*,,68.875621890547,112,154,98,38,221,181,350,30,,,0,,152,250,1.3855645213767
1942200209,Sinatra,Lawrence,T,MD,I,18 Limestone Dr,Suite 5,Williamsville,NY,36,14221,1,"Metropolitan area core: primary flow within an urbanized area of 50,000 and greater",US,Family Practice,S,9310,17744.3,606409.91,521221,598,,8703,16741.9,568267.74,491488,,553,,1237,425400.52,,8002,177659.38,,71,3350.01,,6988,412332.24,,2322,194077.67,,1329,109769.3,,7981,496640.61,201,7402.97,4962,47,2.1589688506982,,,,,,99,969.74,77,*,,,*,,73.632107023411,45,304,189,60,335,263,545,28,,,0,14,58,540,1.1743013459645
1942207600,Lin,Judy,C,MD,I,6 Amanda Ct,,Airmont,NY,36,10952,1,"Metropolitan area core: primary flow within an urbanized area of 50,000 and greater",US,Internal Medicine,S,3498,7622,263929.28,221600,474,,3134,6994,243276.48,203534,,446,"#",,,,2961,116568.21,*,,,,683,50339.66,,2815,213589.62,,727,57428.61,,2771,206500.67,52,6411.63,1246,12,1.4865637507147,24,5633.45,710,,46.153846153846,83,1919.76,66,,32,1959.23,,11,74.938818565401,28,207,163,76,325,149,388,26,15,26,0,19,61,413,1.3433291967755
1942210547,Sheelawanti,Unknown,,MD,I,8615 Queens Blvd,,Elmhurst,NY,36,11373,1,"Metropolitan area core: primary flow within an urbanized area of 50,000 and greater",US,Internal Medicine,S,6431,13414.4,464686.96,391391,688,,6147,12941.9,450798.78,377995,,635,,909,293368.18,,5455,169073.71,,67,2245.07,,4698,336494.12,,1733,128192.84,,1742,166694.13,,4689,297992.83,45,646.4,838,19,0.69973565541906,0,0,0,0,0,218,1886.05,163,,15,356.1,*,,73.879360465116,53,325,229,81,433,255,210,175,125,140,,,124,564,1.1444104867753
1942211776,Choudhury,Arif,H,M.D.,I,6692 Middle Rd,,Sodus,NY,36,14551,2,"Metropolitan area high commuting: primary flow 30% or more to a urbanized area of 50,000 and greater",US,Internal Medicine,S,20763,30636,1348773.18,792565,887,,16564,25082.633333333,1034427.77,648806,,704,,3523,1017927.43,,16959,317402.79,,281,13442.96,,9461,624675.87,,11302,724097.31,,11870,767528.18,,8893,581245,251,4926.82,3624,64,1.2088811828734,43,3442.03,1191,,17.131474103586,313,20134.54,192,,201,32680.67,,19,71.471251409245,183,341,238,125,478,409,787,58,,16,,25,333,554,1.6311759146097
1942224688,Stornelli,David,P,MD,I,220 Alexander St,Suite 106,Rochester,NY,36,14607,1,"Metropolitan area core: primary flow within an urbanized area of 50,000 and greater",US,Internal Medicine,S,7176,13187.9,492202.47,382441,489,,6077,11674.1,421412,339277,,445,,977,329493.91,,6158,160550.93,,41,2157.63,,5234,368913.69,,1942,123288.78,,1746,91152.7,,5430,401049.77,350,28730.23,10025,66,4.8773690078038,99,21956,3351,15,28.285714285714,146,2964.65,99,,20,695.2,*,,73.167689161554,44,251,124,70,248,241,379,71,,16,,18,61,428,1.1621427429291
1942229745,Lief,Michael,H,MD,I,317 E 34th St,7th Floor,New York,NY,36,10016,1,"Metropolitan area core: primary flow within an urbanized area of 50,000 and greater",US,Internal Medicine,S,1985,3682.7,351179.57,106825,260,,1658,3272.7,243484.61,95202,,239,"#",,,,1637,61667.76,*,,,,309,104586.55,,1676,246593.02,,307,98514.53,,1678,252665.04,21,580.99,513,,1.0579345088161,0,0,0,,0,61,1026.69,43,*,,,*,,72.276923076923,21,139,81,19,129,131,199,18,,15,,21,24,236,1.0323619443196
1942230362,Sciales,John,C,M.D.,I,16303 Oak Ave,,Flushing,NY,36,11358,1,"Metropolitan area core: primary flow within an urbanized area of 50,000 and greater",US,Internal Medicine,S,10452,20789.166666667,1567353.31,613822,559,,9579,19261.633333333,1396883.24,569006,,518,,2448,1190402.44,,7918,372160.41,,86,4790.46,,3719,503430.68,,6733,1063922.63,,2209,409660.07,,8243,1157693.24,118,14991.53,3200,24,1.1289705319556,13,9581.42,426,,11.016949152542,199,7093.5,115,,392,47349.41,,75,75.540250447227,41,230,187,101,312,247,436,39,,37,,24,69,490,1.1923168161332
1942253323,Davis,Bernadette,E,MD,I,90 S Bedford Rd,Caremount Medical Pc,Mount Kisco,NY,36,10549,1,"Metropolitan area core: primary flow within an urbanized area of 50,000 and greater",US,Internal Medicine,S,3601,6502.9333333333,147999.04,186650,381,,3427,6304.9333333333,144866.62,181067,,370,,577,87971.92,,3024,60027.12,,0,0,,694,23938.52,,2907,124060.52,,343,14539,,3258,133460.04,,,,,,,,,,,123,1311.78,91,*,,,*,,75.225721784777,11,184,121,65,318,63,348,,,,0,,26,355,1.0095123797025
1942255427,So,Jenny,,MD,I,Mount Kisco Medical Group Pc,1825 Commerce Street,Yorktown Heights,NY,36,10598,1,"Metropolitan area core: primary flow within an urbanized area of 50,000 and greater",US,Internal Medicine,S,4600,10447.866666667,302078.1,301909,475,,4417,10162.2,277132.67,293751,,460,"#",,,,3702,103626.56,*,,,,1138,66530.33,,3462,235547.77,,601,80640.51,,3999,221437.59,117,2058.14,2187,28,2.5434782608696,,,,,,167,2381.33,113,*,,,*,,75.345263157895,15,223,163,74,368,107,420,,12,12,,24,37,438,0.95696021708489
1942271218,Miraloglu,Didem,,"M.D., M.S.",I,156 West Ave,Suite 106,Brockport,NY,36,14420,2,"Metropolitan area high commuting: primary flow 30% or more to a urbanized area of 50,000 and greater",US,Internal Medicine,S,4191,7591.7333333333,329322.65,216152,459,,3084,5673.5666666667,219666.6,162043,,376,,703,228795.38,,3453,99166.6,,35,1360.67,,2415,189375.36,,1776,139947.29,,1822,174542.59,,2369,154780.06,168,6638.93,3702,82,4.0085898353615,,,,,,77,1029.57,63,,15,3980.33,*,,70.38779956427,83,234,108,34,330,129,426,15,,,0,,119,340,1.1893104076997
1942275441,Gorman,Timothy,A,MD,I,138 E Main St,,Westfield,NY,36,14787,7,"Small town core: primary flow within an urban cluster of 2,500 to 9,999",US,Family Practice,S,6777,12548.133333333,584326.38,361092,582,,5858,11190.733333333,523199.57,322233,,505,,1340,460431.33,,5372,120359.6,,65,3535.45,,3957,333656.12,,2820,250670.26,,2037,160173.36,,4740,424153.02,303,16868.48,8283,83,4.4710048694112,71,10614.36,2108,14,23.432343234323,103,1146.97,61,,13,383.05,*,,72.589347079038,77,253,172,80,308,274,563,,0,,0,12,131,451,1.1521252994019
1942276530,Hu,Andy,K,M.D,I,839 58th St,2nd Floor,Brooklyn,NY,36,11220,1,"Metropolitan area core: primary flow within an urbanized area of 50,000 and greater",US,Internal Medicine,S,16280,18381.433333333,1526921.44,539524,311,,15535,17446.7,1441033.96,512357,,292,,4020,1230239.51,,11939,279493.62,,321,17188.31,,10620,972512.95,,5660,554408.49,,16031,1513592.24,,249,13329.2,,,,,,,,,,,263,1403.06,157,,23,366.49,*,,73.27652733119,19,178,81,33,158,153,,0,305,0,0,,294,17,1.2030272941098
1942277660,Bungay,Krisczar,J,MD,I,314 W 14th St,5th Floor,New York,NY,36,10014,1,"Metropolitan area core: primary flow within an urbanized area of 50,000 and greater",US,Internal Medicine,S,4304,5834.2,1918743.52,169740,183,,2703,3937.3,740595.83,114563,,142,,1294,1774597.42,,2977,140990.27,,33,3155.83,,1212,690628.56,,3092,1228114.96,,1541,851577.1,,2763,1067166.42,158,8162.94,3853,21,3.6710037174721,13,1357.46,390,,8.2278481012658,38,1965.64,27,,0,0,,0,67.633879781421,41,109,,,28,155,141,13,,13,,13,30,153,1.0728835191053
1942287842,Craig,James,C,M.D.,I,1 Tallow Wood Dr,,Clifton Park,NY,36,12065,1,"Metropolitan area core: primary flow within an urbanized area of 50,000 and greater",US,Family Practice,S,13927,29146.9,1221213.73,852179,1115,,10577,24046.3,948098.25,707344,,908,,1979,855808.62,,11850,360372.08,,98,5033.03,,7474,649071.47,,6453,572142.26,,4088,400350.72,,9839,820863.01,536,61322.98,13633,102,3.8486393336684,68,43792.38,1964,12,12.686567164179,232,14431.92,127,,73,6028.77,,15,70.663677130045,207,501,296,111,623,492,1041,,15,13,,33,241,874,1.1421769960772
1942288048,Waffner,Eric,J,M.D.,I,325 Essjay Rd,,Williamsville,NY,36,14221,1,"Metropolitan area core: primary flow within an urbanized area of 50,000 and greater",US,Internal Medicine,S,14702,27506.866666667,1087533.46,807469,903,,14269,26777.066666667,1051967.54,786469,,867,,2263,841600.67,,12362,242928.69,,77,3004.1,,10269,722766.68,,4433,364766.78,,1221,126598.6,,13481,960934.86,204,3551.5,4093,46,1.3875663175078,,,,,,75,730.88,62,,14,277.58,*,,76.143964562569,36,368,356,143,439,464,829,28,12,,,25,63,840,1.272783550654
1942290358,Liepke,Christina,M,M.D.,I,33 E Schuyler St,,Oswego,NY,36,13126,4,"Micropolitan area core: primary flow within an urban cluster of 10,000 to 49,999",US,Family Practice,S,1828,3848.1333333333,158951.1,111434,186,,1611,3523.5666666667,135520.35,102300,,164,,327,117322.54,,1484,40952.34,,17,676.22,,720,47028.29,,1108,111922.81,,451,34582.92,,1377,124368.18,42,556.65,948,20,2.2975929978118,,,,,,38,3802.68,28,*,,,*,,73.086021505376,22,81,60,23,148,38,182,0,,,0,,33,153,1.1858141577061
1942299920,Dellosso,John,V,MD,I,314 W 14th St,1st Floor,New York,NY,36,10014,1,"Metropolitan area core: primary flow within an urbanized area of 50,000 and greater",US,Internal Medicine,S,9001,12300.1,2717430.05,352734,499,,6937,9961.4666666667,1486835.91,285568,,427,,2073,2444459.21,,6860,270752.78,,68,2218.06,,2950,1097301.21,,6051,1620128.84,,4403,1981380.76,,4598,736049.29,185,4849.04,4358,32,2.0553271858682,,,,,,358,3942.54,164,,54,22406.75,,11,72.679358717435,72,215,150,62,222,277,362,58,,61,,14,125,374,1.1202897150795
1942335096,Wang,Bin,,MD,I,13347 Sanford Ave Ste C1g,,Flushing,NY,36,11355,1,"Metropolitan area core: primary flow within an urbanized area of 50,000 and greater",US,Internal Medicine,S,43256,55286.6,3583198.1,1608505,1028,,42604,54563.933333333,3550605.48,1587518,,1014,,7401,2475431.88,,34800,1066788.65,,1055,40977.57,,36778,3062675.28,,6478,520522.82,,41654,3510793.85,,1602,72404.25,28,439.35,717,,0.064730904383207,0,0,0,,0,977,6832.16,508,,76,1437.35,,17,73.104085603113,14,639,293,82,524,504,,,1001,,0,16,894,134,1.1935618983768
1942375126,Levine,Michael,R,MD,I,15 Irving Place,,Woodmere,NY,36,11598,1,"Metropolitan area core: primary flow within an urbanized area of 50,000 and greater",US,Internal Medicine,S,9308,15600.3,642038.93,442229,791,,8927,15101.3,622311.59,428406,,766,,1771,434616.54,,7498,205890.04,,39,1532.35,,211,15411.96,,9097,626626.97,,1004,54842.71,,8304,587196.22,152,5547.05,3367,49,1.6330038676407,20,2491.53,600,,13.157894736842,672,10782.7,343,,21,192.95,*,,78.714285714286,25,242,302,222,500,291,748,,,,0,29,48,743,1.2071898235662
1942381405,Mora-Mclaughlin,Fernando,S,MD,I,1225 Gerard Ave,,Bronx,NY,36,10452,1,"Metropolitan area core: primary flow within an urbanized area of 50,000 and greater",US,Internal Medicine,S,25925,29503.8,4055052.94,861758,525,,19521,22422.433333333,2525986.11,655285,,408,,5715,3416355.85,,19179,593014.81,,1031,45682.28,,23507,3737304.49,,2418,317748.45,,25125,3962710.19,,800,92342.75,785,28106.59,20121,119,3.0279652844744,57,18556.27,1710,,7.2611464968153,54,598.45,30,,60,17612.54,*,,68.828571428571,117,273,115,20,321,204,,35,,467,,,460,65,1.2114716821088
1942389689,Duba,Joseph,R,MD,I,8 West Main Street,,Shortsville,NY,36,14548,2,"Metropolitan area high commuting: primary flow 30% or more to a urbanized area of 50,000 and greater",US,General Practice,S,7143,13041.3,479840.49,376471,451,,5691,10897.666666667,359053.54,315591,,377,,993,318626.06,,6059,157087.64,,91,4126.79,,4517,321431.82,,2626,158408.67,,2169,181820.79,,4974,298019.7,361,8320.05,9324,80,5.0538989220216,22,903.76,614,,6.0941828254848,256,5141.27,123,*,,,*,,71.274944567628,74,221,101,55,244,207,434,,,,0,,92,359,1.1390845598115
1942397021,Jacobs,Jonathan,L,MD,I,525 E 68th St,,New York,NY,36,10021,1,"Metropolitan area core: primary flow within an urbanized area of 50,000 and greater",US,Internal Medicine,S,3166,4897.1333333333,969004.83,142121,193,,2907,4556.1333333333,758085.56,132280,"#",,"#",,,,2505,83173.5,*,,,,254,148815.58,,2912,820189.25,,700,420193.55,,2466,548811.28,17,1229.77,279,,0.53695514845231,,,,,,64,1071.01,32,,0,0,*,,78.139896373057,,,,,103,90,169,,0,,0,11,18,175,1.037659529756
1942613344,Walker,Lishan,J,MD,I,10 S Pointe Lndg Ste 210,,Rochester,NY,36,14606,1,"Metropolitan area core: primary flow within an urbanized area of 50,000 and greater",US,Family Practice,S,2595,4952.4333333333,148253.1,142622,291,,2204,4391.9333333333,131247.26,127499,,232,,336,93754.59,,2241,53701.61,,18,796.9,,1931,94138.39,,664,54114.71,,501,25451.24,,2094,122801.86,57,2282.05,1002,20,2.1965317919075,20,1633.85,303,,35.087719298246,38,714.36,28,,0,0,,0,69.986254295533,59,119,89,24,198,93,244,32,,,0,,62,229,1.1988373092111
1942722111,Zhou,Yuan Xiu,,FNP,I,13626 37th Ave,,Flushing,NY,36,11354,1,"Metropolitan area core: primary flow within an urbanized area of 50,000 and greater",US,Nurse Practitioner,S,5570,6044.3666666667,470335.82,173045,467,,5400,5848.3666666667,457095.85,167386,,447,,1094,346104.91,,4339,121035.92,,137,3194.99,,4607,394209.52,,963,76126.3,,5454,465627.12,,116,4708.7,,,,,,,,,,,106,528.24,87,,0,0,,0,70.937901498929,20,346,76,25,222,245,,,457,,0,,446,21,1.0347692631631
1952303281,Treatman,David,,M.D.,I,416 37th St,,Brooklyn,NY,36,11232,1,"Metropolitan area core: primary flow within an urbanized area of 50,000 and greater",US,Family Practice,S,6715,10649.1,834518.62,300080,232,,4829,7965.7,528485.76,226323,,174,,1661,655528.35,,4928,174948.46,,126,4041.81,,3393,484957.69,,3322,349560.93,,5220,676924.71,,1495,157593.91,303,17201.51,7609,42,4.512285927029,17,7017.19,690,,5.6105610561056,231,9909.16,85,*,,,*,,69.043103448276,58,108,51,15,159,73,49,19,,150,,,120,112,1.3195880430865
1952303398,Caramore,William,J,M.D.,I,1 Pinnacle Pl,,Albany,NY,36,12203,1,"Metropolitan area core: primary flow within an urbanized area of 50,000 and greater",US,Internal Medicine,S,7538,15475.533333333,532759.8,452968,835,,5766,12686.7,376233.97,372007,,651,,1106,366612.6,,6363,162409.94,,69,3737.26,,3396,216163.82,,4142,316595.98,,2597,212351.9,,4941,320407.9,468,11657.65,12764,111,6.208543380207,64,3377.05,1897,13,13.675213675214,97,1163.55,70,,45,1471.11,*,,70.552095808383,184,330,249,72,426,409,648,115,,23,,42,240,595,1.5571919505874
1952309460,Upadhyayula,Nagendra,P,MD,I,1003 Main St,,Fishkill,NY,36,12524,1,"Metropolitan area core: primary flow within an urbanized area of 50,000 and greater",US,Anesthesiology,S,1312,1326.6666666667,66834.95,37402,207,,523,527.66666666667,26576.92,14167,,114,,124,34182.36,,1188,32652.59,,0,0,,413,13009.72,,899,53825.23,,684,29762.23,,628,37072.72,824,30536.37,24561,130,62.80487804878,39,3727.88,1161,13,4.7330097087379,38,231.8,32,,0,0,,0,63.36231884058,93,78,,,128,79,174,16,,,0,,68,139,1.4990123626777
1952355794,Call,Andrew,,M.D.,I,28 Church St,,Alfred,NY,36,14802,7,"Small town core: primary flow within an urban cluster of 2,500 to 9,999",US,Family Practice,S,6699,15636.033333333,606803.23,459887,544,,5705,13910.866666667,490000.66,409030,,483,,1000,419018.26,,5611,184472.47,,88,3312.5,,2331,163364.44,,4368,443438.79,,1149,104364.5,,5550,502438.73,165,5452.03,6176,49,2.4630541871921,35,3006.76,1650,,21.212121212121,191,4062.42,106,*,,,*,,72.349264705882,61,266,159,58,283,261,510,,,,0,23,83,461,1.0669548083489
1952356107,Rayzman,Maya,,MD,I,180-05 Hillside Ave,,Jamaica,NY,36,11432,1,"Metropolitan area core: primary flow within an urbanized area of 50,000 and greater",US,Internal Medicine,S,8717,16005.566666667,616291.38,471818,771,,8009,14929.866666667,570165.32,440709,,697,,1429,421633.46,,7073,184621.08,,215,10036.84,,6303,410477.73,,2414,205813.65,,2832,209273.72,,5885,407017.66,,,,,,,,,,,105,2452.15,92,*,,,*,,75.02075226978,74,311,257,129,517,254,54,511,49,90,12,55,199,572,1.3298924445688
1952358095,Massand,Seema,,MD,I,350 S Broadway,,Hicksville,NY,36,11801,1,"Metropolitan area core: primary flow within an urbanized area of 50,000 and greater",US,Internal Medicine,S,7355,16524.833333333,560183.39,490443,717,,7027,15873.766666667,531685.3,471258,,680,,1047,384637.66,,6196,170909.49,,112,4636.24,,4582,373945.08,,2773,186238.31,,2575,182096.57,,4780,378086.82,35,3763.68,1000,15,0.47586675730795,,,,,,84,982.52,68,*,,,*,,76.161785216179,37,293,248,139,467,250,431,50,165,46,0,25,180,537,1.3043868528518
1952365579,Kennette,Karen,M,MD,I,77 Miller Road,Suite 1,Castleton,NY,36,12033,1,"Metropolitan area core: primary flow within an urbanized area of 50,000 and greater",US,Pediatric Medicine,S,26,26,3602.13,129,15,,26,26,3602.13,129,,15,,23,3463.69,*,,,"#",,,"#",,,*,,,,0,0,,26,3602.13,0,0,0,0,0,0,0,0,0,,,,,,0,0,,0,71.066666666667,0,12,,,,,14,,0,0,0,,0,15,0.65926666666667
1952365819,Rose,Elisa,,M.D.,I,170 William Street,,New York,NY,36,10038,1,"Metropolitan area core: primary flow within an urbanized area of 50,000 and greater",US,Internal Medicine,S,1053,2188.1666666667,65155.54,63947,147,,1016,2095.9666666667,60263.54,61239,"#",,,196,44938.71,,846,19541.31,,11,675.52,,412,28801.58,,641,36353.96,,115,4908.55,,938,60246.99,,,,,,,,,,,24,335.35,19,,0,0,*,,72.244897959184,,,,,117,30,110,15,,,0,11,,,0.80318934240363
1952389470,Castiglia,Carolyn,M,DO,I,4042a Austin Blvd,,Island Park,NY,36,11558,1,"Metropolitan area core: primary flow within an urbanized area of 50,000 and greater",US,Family Practice,S,3091,5974.5333333333,231093.03,168887,322,,2621,5274.4,193489.56,149675,,282,,517,168422.45,,2563,62225.31,,11,445.27,,813,54767.18,,2278,176325.85,,881,79826.66,,2210,151266.37,14,495.34,287,,0.45292785506309,0,0,0,,0,154,1621.51,100,*,,,*,,71.549689440994,40,171,86,25,232,90,273,13,,19,,14,56,266,0.96935469099484
1952394520,Mcswain,Mark,W,M.D.,I,161 Genesee St,Suite 203,Auburn,NY,36,13021,4,"Micropolitan area core: primary flow within an urban cluster of 10,000 to 49,999",US,Internal Medicine,S,5720,8532.3666666667,515173.46,201289,1431,,4613,7072.9666666667,445545.23,164237,,1298,,2116,443264.62,,3578,70544.71,,26,1364.13,,2276,209001.64,,3444,306171.82,,1425,134933.7,,4295,380239.76,96,2614,2188,29,1.6783216783217,,,,,,163,2298.02,84,,0,0,,0,72.624737945493,133,755,413,130,816,615,1318,22,24,,,55,219,1212,0.9760812410938
1952394967,Frankel,Etta,B,M.D.,I,2109 Broadway,,New York,NY,36,10023,1,"Metropolitan area core: primary flow within an urbanized area of 50,000 and greater",US,Internal Medicine,S,4037,9003.9333333333,436284.71,262720,430,,3584,8217.2,302527.33,240167,,392,,688,349280.5,,3332,85139.42,,17,1864.79,,1925,225187.51,,2112,211097.2,,1446,295734.46,,2591,140550.25,83,1821.97,1771,14,2.055982164974,,,,,,118,1451.5,73,*,,,*,,73.011627906977,38,218,129,45,329,101,225,103,18,64,0,20,107,323,1.1417811620526
1952400889,Thornton,Sharon,E,FNP,I,9864 Luckey Dr,,Houghton,NY,36,14744,10,"Rural areas: primary flow to a tract outside a urbanized area of 50,000 and greater or UC",US,Nurse Practitioner,S,4995,10783.366666667,595837.39,316020,272,,3573,8483.5,440531.34,249259,,214,,824,468665.71,,4112,122339.99,,59,4831.69,,2341,247391.12,,2654,348446.27,,2448,333412.29,,2547,262425.1,77,1649.63,1925,27,1.5415415415415,0,0,0,0,0,130,3392.87,75,*,,,*,,70.5625,58,120,76,18,166,106,265,,0,,0,,97,175,1.0471666666667
1952413809,Hazan,Marc,B,MD,I,200 W Carver Street,Suite 1,Huntington,NY,36,11743,1,"Metropolitan area core: primary flow within an urbanized area of 50,000 and greater",US,Cardiology,S,5579,14230.9,567434.04,423197,479,,5442,13914.8,544527.26,414002,"#",,"#",,,,4618,150323.15,*,,,,533,38840.94,,5046,528593.1,,377,24695.96,,5202,542738.08,77,6698.33,2271,19,1.3801756587202,16,2121.1,660,,20.779220779221,54,923.28,35,*,,,*,,77.613778705637,,,,,245,234,444,,,,0,14,23,456,1.2112131336996
1952456808,Jordan,Michael,R,M.D.,I,325 Essjay Rd,,Williamsville,NY,36,14221,1,"Metropolitan area core: primary flow within an urbanized area of 50,000 and greater",US,Family Practice,S,8541,18885.6,670265.34,553197,751,,7659,17207.166666667,568551.36,504253,,681,,1200,468716.66,,7276,198752.39,,65,2796.29,,6217,464257.38,,2324,206007.96,,1265,118943.99,,7276,551321.35,335,20280.44,13944,82,3.9222573469149,70,12124.68,3079,14,20.89552238806,118,1217.78,82,,0,0,,0,72.906790945406,70,376,213,92,410,341,673,38,,,0,28,95,656,1.0532457760201
1952463937,Daskalakis,Demetre,C,MD,I,275 7th Ave Fl 12,,New York,NY,36,10001,1,"Metropolitan area core: primary flow within an urbanized area of 50,000 and greater",US,Internal Medicine,S,3274,3628,649602.7,51002,2283,,3001,3331,474474.68,45267,,2165,,3189,647333.36,"#",,,*,,,,1144,244899.89,,2130,404702.81,,841,249448.12,,2433,400154.58,,,,,,,,,,,,,,,0,0,,0,73.885238720981,118,1189,756,220,1318,965,1416,219,285,250,,,544,1739,1.0451600937365
1952471187,Bolan,Kevin,P,RPA C,I,4 Santanoni Drive,,Newcomb,NY,36,12852,10,"Rural areas: primary flow to a tract outside a urbanized area of 50,000 and greater or UC",US,Physician Assistant,S,3785,6756.4,412920.64,195604,205,,2517,5157.3666666667,271325.77,150583,,158,,573,291854.88,,3193,120588.19,,19,477.57,,827,51147.43,,2958,361773.21,,1703,202161.75,,2082,210758.89,211,8257.73,5458,29,5.5746367239102,84,4489.37,2073,11,39.810426540284,108,68184.38,49,*,,,*,,69.039024390244,47,88,54,16,97,108,191,,,,0,,61,144,1.1268098915989
1952482143,Pasquale,Salvatore,J,MD,I,35 S Riverside Ave,"Mount Kisco Medicla Group, Pc",Croton On Hudson,NY,36,10520,1,"Metropolitan area core: primary flow within an urbanized area of 50,000 and greater",US,Internal Medicine,S,11449,17660.133333333,1013990.07,473384,631,,10703,16384.066666667,904796.14,437819,,585,,2464,723003.1,,8925,287754.29,,60,3232.68,,1515,160648.68,,9934,853341.39,,6275,489525.71,,5174,524464.36,429,34893.88,8384,83,3.7470521442921,74,16495.28,1432,,17.249417249417,468,37655.22,189,,109,6324.46,,20,75.954041204437,46,253,188,144,368,263,560,19,,32,,13,167,464,1.504115343141
1952498024,Weinstein,Luise,,MD,I,"505 E 70th St # Ht-4",,New York,NY,36,10021,1,"Metropolitan area core: primary flow within an urbanized area of 50,000 and greater",US,Internal Medicine,S,10566,14351.4,869281.6,419435,909,,9225,12722.533333333,718644.37,372191,,747,,2204,723585.69,,8127,136290.53,,235,9405.38,,3913,280930.13,,6653,588351.47,,7939,684636.13,,2627,184645.47,86,1740.56,1921,33,0.81393147832671,,,,,,92,16838.08,61,,14,690.16,*,,71.124312431243,162,393,269,85,642,267,266,253,46,320,,,605,304,1.696439432788
1952498032,Hollenberg,James,,MD,I,"505 E 70th St # Ht-4",,New York,NY,36,10021,1,"Metropolitan area core: primary flow within an urbanized area of 50,000 and greater",US,Internal Medicine,S,2499,4383.1,217384.24,126524,152,,2417,4285.1,214535.13,123817,"#",,"#",,,,2071,58070.77,*,,,,753,65858.36,,1746,151525.88,,583,58807.08,,1916,158577.16,59,9649.32,974,11,2.3609443777511,0,0,0,0,0,35,25892.69,17,,12,835.05,*,,76.368421052632,,,,,97,55,112,21,,,0,,17,135,1.049524122807
1952499113,Schoen,Herbert,J,MD,I,944 N Broadway,,Yonkers,NY,36,10701,1,"Metropolitan area core: primary flow within an urbanized area of 50,000 and greater",US,Internal Medicine,S,2663,6488.6,230958.91,190178,205,,2598,6337.1,222747.18,185633,"#",,"#",,,,2240,65452.89,*,,,,732,70834.3,,1931,160124.61,,275,47652.91,,2388,183306,20,703.96,495,,0.75103266992114,,,,,,84,907.07,49,*,,,*,,77.136585365854,,,,,106,99,160,22,,15,0,,17,188,1.0663239837398
1952528622,Deutsch,Lionel,G,MD,I,15 Pine Grove St,,Woodstock,NY,36,12498,10,"Rural areas: primary flow to a tract outside a urbanized area of 50,000 and greater or UC",US,Neuropsychiatry,S,102,174,12068.46,4127,23,"#",,,,,"#",,,58,8733.58,,44,3334.88,,0,0,,11,1758.6,,91,10309.86,*,,,"#",,,0,0,0,0,0,0,0,0,0,,,,,*,,,*,,71.217391304348,,,,,,,21,0,0,,0,,,,0.81865217391304
1952563439,Burke,Amy,J,M.D.,I,3775 Southwestern Blvd Ste A,,Orchard Park,NY,36,14127,1,"Metropolitan area core: primary flow within an urbanized area of 50,000 and greater",US,Family Practice,S,8645,20386.633333333,924780.74,602215,623,,6832,16368.766666667,651175.22,483760,,503,,1546,724838.84,,7007,191273.52,,92,8668.38,,6101,665466.58,,2544,259314.16,,2198,400283.89,,6447,524496.85,345,8053.95,10887,80,3.9907460960093,39,2479.36,1272,,11.304347826087,112,1886.07,79,,18,337.29,*,,70.455858747994,120,283,163,57,456,167,594,,,11,0,11,135,488,1.305164256075
1952583643,Giuliano,Francesco,,RPH,I,1616 Black River Blvd N,,Rome,NY,36,13440,4,"Micropolitan area core: primary flow within an urban cluster of 10,000 to 49,999",US,Pharmacist,T,26,26,3294.25,113,17,,15,15,1871.95,73,"#",,,26,3294.25,,0,0,,0,0,,14,1830.91,,12,1463.34,,12,1582.84,,14,1711.41,0,0,0,0,0,0,0,0,0,,0,0,0,,0,0,*,,68.529411764706,,,,,,,12,,0,0,0,,,,1.3904117647059
1952644270,Mahler,Stewart,C,M.D.,I,601 Elmwood Ave,,Rochester,NY,36,14642,1,"Metropolitan area core: primary flow within an urbanized area of 50,000 and greater",US,Internal Medicine,S,1134,1875.1666666667,71911.01,54259,181,,963,1652.1666666667,65389.99,47761,,159,"#",,,,946,21044.75,*,,,,875,49831.64,,259,22079.37,,231,14362.36,,903,57548.65,72,1923.52,2119,23,6.3492063492063,,,,,,31,430.54,15,*,,,*,,72.591160220994,22,79,61,19,91,90,135,22,,12,0,,42,139,1.1463200109987
1952747974,D'Angelo,Alexandra,C,D.O.,I,4855 Camp Rd,Suite 100,Hamburg,NY,36,14075,1,"Metropolitan area core: primary flow within an urbanized area of 50,000 and greater",US,Family Practice,S,4462,9032.3333333333,345330.25,262172,569,,3656,7762.9666666667,289355.17,226066,,475,,740,257283.25,,3680,85914.04,,42,2132.96,,3090,236360.99,,1372,108969.26,,1031,91464.83,,3431,253865.42,57,1720.54,1388,26,1.2774540564769,,,,,,117,1271.99,97,*,,,*,,71.298769771529,94,249,176,50,372,197,544,,0,,0,14,102,467,1.3173025646004
1952772154,Wandzilak,Christine,,DNP,I,640 Ellicott St,,Buffalo,NY,36,14203,1,"Metropolitan area core: primary flow within an urbanized area of 50,000 and greater",US,Nurse Practitioner,S,1161,1815.4666666667,76548.19,48033,238,,895,1471.9666666667,69491.59,39320,,202,"#",,,,932,19554.6,*,,,,710,41513.16,,451,35035.03,,336,17309.63,,825,59238.56,42,752.35,679,26,3.6175710594315,,,,,,101,1414.82,84,,0,0,,0,71.27731092437,36,118,59,25,152,86,227,,0,,0,,40,198,1.1764669938815
1952858292,Li,Zhi Peng,,,I,5517 7th Ave,,Brooklyn,NY,36,11220,1,"Metropolitan area core: primary flow within an urbanized area of 50,000 and greater",US,Physician Assistant,S,10971,11796.4,957731.16,337973,707,,10386,11176.566666667,888802.8,320451,,670,,2484,729463.74,,8364,224697.42,,123,3570,,9809,849736.1,,1162,107995.06,,10791,954265.96,,180,3465.2,,,,,,,,,,,215,7768.38,150,,28,181.43,,11,71.41018387553,37,482,149,39,326,381,,0,700,,0,,671,36,1.0694374426098
1962422972,He,Xiaorong,,M.D.,I,8701 Justice Ave,,Elmhurst,NY,36,11373,1,"Metropolitan area core: primary flow within an urbanized area of 50,000 and greater",US,Internal Medicine,S,34117,41130.9,5278448.81,1194727,735,,33651,40624.7,5204098.82,1180125,,717,,10038,4477227.18,,23723,787308.58,,356,13913.05,,21008,3237109.06,,13109,2041339.75,,32111,5091508.56,,2006,186940.25,,,,,,,,,,,729,9200.56,372,,19,1459.48,*,,77.43537414966,18,282,274,161,441,294,,0,706,,0,12,582,153,1.1941433619013
1962425967,Yegudin-Ash,Julia,,MD,I,95 Grasslands Rd-Nymc,Dept Of Medicine-Munger Pavilion,Valhalla,NY,36,10595,1,"Metropolitan area core: primary flow within an urbanized area of 50,000 and greater",US,Rheumatology,S,577,1020.2666666667,757257.19,29812,100,,484,892.46666666667,667996.03,26044,,81,"#",,,,360,19471.57,*,,,,123,124355.83,,454,632901.36,,195,304658.42,,382,452598.77,24,1404.67,700,,4.159445407279,0,0,0,,0,,,,,0,0,,0,70.32,19,44,,,72,28,50,18,,20,0,,34,66,1.356484560952
1962426247,Perskin,Michael,,MD,I,530 1st Ave,3d,New York,NY,36,10016,1,"Metropolitan area core: primary flow within an urbanized area of 50,000 and greater",US,Internal Medicine,S,5188,9874.2333333333,356328.71,288095,476,,5149,9835.2333333333,352976.02,286973,"#",,"#",,,,4170,105744.45,*,,,,524,40947.98,,4664,315380.73,,550,37966.57,,4638,318362.14,12,139.98,263,,0.23130300693909,0,0,0,,0,102,1956.05,78,,16,444.08,*,,78.781512605042,,,,,262,214,408,17,12,13,0,26,32,444,1.0910773809524
1962442699,Lam,Kin,,MD,I,110 Lafayette St Ste 601,,New York,NY,36,10013,1,"Metropolitan area core: primary flow within an urbanized area of 50,000 and greater",US,Hematology-Oncology,S,13232,19656.066666667,6075361.02,565115,920,,12858,19099.733333333,5883523.16,549384,,876,,4003,5611447.44,,9100,459770.85,,129,4142.73,,9229,4112958.9,,4003,1962402.12,,12062,5308195.27,,1170,767165.75,97,2303.69,2499,64,0.73307134220073,,,,,,385,2778.56,256,,56,791.47,*,,76.708695652174,44,351,335,190,572,348,,,881,,0,24,738,182,1.6287437083392
1962451344,Koretz,Daniel,J,M.D.,I,6200 Slocum Rd,,Ontario,NY,36,14519,1,"Metropolitan area core: primary flow within an urbanized area of 50,000 and greater",US,Internal Medicine,S,1828,2021.3,178945.54,36327,683,,1376,1516.5,132491.13,23993,,585,,944,166332.07,"#",,,*,,,,1210,118959.16,,618,59986.38,,714,68527.87,,1114,110417.67,19,404.72,400,12,1.0393873085339,,,,,,48,456.79,41,,0,0,,0,71.12737920937,98,350,185,50,395,288,641,14,,,0,18,150,533,1.0436206283179
1962456582,Kast,Cheryl,A,PA,I,301 West Ave,,Albion,NY,36,14411,7,"Small town core: primary flow within an urban cluster of 2,500 to 9,999",US,Physician Assistant,S,5966,8902.4666666667,605577.95,257940,294,,3572,5781.7,403609.96,168443,,184,,1081,505821.38,,4806,97449.67,,79,2306.9,,3017,270334.6,,2949,335243.35,,3837,352745.05,,2129,252832.9,260,39974.85,7311,45,4.3580288300369,64,36113.58,1830,11,24.615384615385,144,1779.03,93,,20,705.94,*,,64.503401360544,110,124,,,182,112,257,18,,,0,,159,135,1.3718320357605
1962470229,Ragusa,Anthony,,MD,I,1401 Stone Rd,Ste 201,Rochester,NY,36,14615,1,"Metropolitan area core: primary flow within an urbanized area of 50,000 and greater",US,Internal Medicine,S,3792,8290.5666666667,433178.03,240765,222,,3330,7507.1333333333,322917.93,218502,,197,,514,317205.54,,3250,114033.59,,28,1938.9,,3217,339102.38,,575,94075.65,,511,103810.38,,3281,329367.65,300,97312.33,7841,49,7.9113924050633,84,89128.58,2349,11,28,99,2076.14,56,,57,989.51,*,,74.923423423423,25,82,68,47,118,104,206,,,,0,,19,203,1.481902027027
1962487678,Bachi,John,F,M.D.,I,283 Bard Ave,,Staten Island,NY,36,10310,1,"Metropolitan area core: primary flow within an urbanized area of 50,000 and greater",US,Internal Medicine,S,4224,8383.7666666667,446443.33,242194,378,,3445,7225.6,342839.07,210171,,328,,846,344046.67,,3339,99585.92,,39,2810.74,,1933,259123.38,,2291,187319.95,,1178,145100.35,,3046,301342.98,185,8053.67,4619,39,4.3797348484848,45,2611.12,1350,,24.324324324324,149,2178.23,112,*,,,*,,72.256613756614,50,170,115,43,219,159,279,32,,48,,14,59,319,1.1863190781705
1962488254,Pong,Perry,,MD,I,268 Canal St,,New York,NY,36,10013,1,"Metropolitan area core: primary flow within an urbanized area of 50,000 and greater",US,Internal Medicine,S,5720,8935.3333333333,510763.49,264706,253,,5257,8382.6666666667,461822.63,248535,,240,,1006,348260.82,,4644,160733.23,,70,1769.44,,3452,265846.21,,2268,244917.28,,4760,380055.32,,960,130708.17,,,,,,,,,,,24,131.24,17,,0,0,,0,75.154150197628,13,124,76,40,112,141,18,,220,0,0,,179,74,1.1292461103203
1962488601,Carlberg,Jeffrey,H,MD,I,783 Franklin St,,Skaneateles,NY,36,13152,7.1,"Secondary flow 30% to <50% to a urbanized area of 50,000 and greater",US,Family Practice,S,6140,12935.633333333,575218.4,376396,430,,5607,12137.333333333,531524.16,353264,,403,,1050,448255.08,,5041,125424.07,,49,1539.25,,2796,232949.2,,3344,342269.2,,947,105568.67,,5193,469649.73,61,792.73,1526,18,0.99348534201954,0,0,0,0,0,233,4698.88,140,,27,407.27,*,,72.004651162791,27,261,107,35,158,272,392,,,,0,27,41,389,1.0644553214882
1962489716,Charles,John,A,MD,I,4631 Onondaga Blvd,,Syracuse,NY,36,13219,1,"Metropolitan area core: primary flow within an urbanized area of 50,000 and greater",US,Family Practice,S,12026,22641,977178.51,660231,788,,10565,20318.466666667,763120.55,593738,,704,,1821,700506.41,,10161,274204.07,,44,2468.03,,5480,395729.49,,6546,581449.02,,2453,300506.03,,9573,676672.48,355,14634.92,9185,63,2.9519374688176,33,6525.51,861,,9.2957746478873,275,4003.26,168,,59,14402.14,*,,73.821065989848,84,344,223,137,493,295,724,24,,,0,33,108,680,1.1260605174785
1962490656,Cohen,Paul,S,MD,I,1000 E Genesee St,Suite 500,Syracuse,NY,36,13210,1,"Metropolitan area core: primary flow within an urbanized area of 50,000 and greater",US,Internal Medicine,S,9536,21621.1,737485.59,637073,900,,9122,20784.566666667,707704.03,613357,,855,,1475,492320.93,,8006,242574.89,,55,2589.77,,3927,304724.5,,5609,432761.09,,840,72861.88,,8696,664623.71,45,774.57,1185,21,0.47189597315436,0,0,0,0,0,184,3228.2,126,,20,635.42,*,,74.561111111111,45,434,299,122,412,488,779,62,,,0,43,56,844,1.0483169668547
1962494948,Ramirez,Julio,A,MD,I,1 East Tremont Avenue,,Bronx,NY,36,10453,1,"Metropolitan area core: primary flow within an urbanized area of 50,000 and greater",US,Internal Medicine,S,9052,13927.433333333,852098.52,410447,356,,7396,11848.633333333,669548.82,350236,,297,,1864,695927.54,,6636,132497.85,,552,23673.13,,7813,741020.04,,1239,111078.48,,8622,827402.38,,430,24696.14,46,1430.28,1175,,0.50817498895272,0,0,0,,0,38,11609.32,25,,0,0,,0,71.516853932584,59,158,115,24,177,179,,19,,331,0,0,313,43,1.2736295320746
1962510792,Montesano,William,J,MD,I,1401 Stone Rd,Ste 201,Rochester,NY,36,14615,1,"Metropolitan area core: primary flow within an urbanized area of 50,000 and greater",US,Family Practice,S,4487,10699.933333333,319694.08,315273,365,,4021,9785.9666666667,279327.56,288626,,332,,608,206785.36,,3828,111158.15,,51,1750.57,,3855,253251.72,,632,66442.36,,775,69358.42,,3712,250335.66,233,14395.78,6414,39,5.192779139737,20,7145.65,590,,8.5836909871245,58,854.66,49,,22,3949.19,*,,74.252054794521,33,159,113,60,165,200,342,13,,,0,,46,319,1.0396978504167
1962514646,Mcadam,Kelly,S,MD,I,601 Elmwood Ave,,Rochester,NY,36,14642,1,"Metropolitan area core: primary flow within an urbanized area of 50,000 and greater",US,Internal Medicine,S,7799,19135.666666667,383468.57,553735,1103,,7022,17493.8,311772.23,507335,,1020,,1486,231825.4,,6230,150120.19,,83,1522.98,,7627,372874.2,,172,10594.37,,1358,111485.56,,6441,271983.01,873,22746.74,21131,238,11.193742787537,126,4315.43,3527,36,14.432989690722,206,13734.79,165,,14,864.22,*,,73.741613780598,83,537,363,120,720,383,964,25,18,82,,,101,1002,1.2236006717154
1962546499,Sanchez,Janet,I,M.D.,I,4032 Forley St,,Elmhurst,NY,36,11373,1,"Metropolitan area core: primary flow within an urbanized area of 50,000 and greater",US,Internal Medicine,S,12553,26226.433333333,3388875.95,771129,631,,11693,24655.966666667,3165682.7,725793,,583,,3778,2632954.88,,8336,735686.24,,439,20234.83,,10202,2693490.89,,2351,695385.06,,10376,3200970.35,,2177,187905.6,183,5852.13,5431,45,1.4578188480841,11,900.6,330,,6.0109289617486,292,41213,202,,20,516.12,*,,74.480190174326,48,288,220,75,442,189,28,,,590,0,,428,203,1.0748989530871
1962572248,Goetz,Nicole,,N.P.,I,161 Fort Washington Ave,,New York,NY,36,10032,1,"Metropolitan area core: primary flow within an urbanized area of 50,000 and greater",US,Nurse Practitioner,S,1302,1330.8333333333,67114.61,33822,117,,1092,1118.3666666667,57218.68,28407,,102,,208,45993.36,,1081,20768.09,,13,353.16,,1208,63866.14,,94,3248.47,,1302,67114.61,,0,0,42,389.3,850,,3.2258064516129,0,0,0,,0,41,692.99,31,,81,3091.63,,14,76.700854700855,15,37,39,26,71,46,17,60,,36,0,,117,0,2.4838243563391
1962573121,Aleksandrovich,Viktoriya,,MD,I,3080 W 1st St,Suite 102,Brooklyn,NY,36,11224,1,"Metropolitan area core: primary flow within an urbanized area of 50,000 and greater",US,Internal Medicine,S,17989,19610.566666667,2114823.29,563375,408,,17508,19092.3,2053087.47,548941,,390,,6422,1872118.69,,11315,234695.34,,252,8009.26,,1279,106405.06,,16710,2008418.23,,16861,1992564.23,,1128,122259.06,98,1346,2240,38,0.54477736394463,,,,,,429,31879.4,198,,32,334.66,,11,77.129901960784,18,134,192,64,275,133,353,,,,,36,361,47,2.0554754165714
1962591750,Zhao,Jiansheng,,MD,I,3907 Prince Street,Suite 4f,Flushing,NY,36,11354,1,"Metropolitan area core: primary flow within an urbanized area of 50,000 and greater",US,Internal Medicine,S,10010,17230.466666667,951715.37,500817,356,,9855,16921.866666667,932123.95,491823,"#",,,2158,743338.28,,7742,203679.94,,110,4697.15,,8533,797362.78,,1477,154352.59,,8442,809662.7,,1568,142052.67,0,0,0,0,0,0,0,0,0,,234,1766.29,125,,15,1703.08,*,,73.727528089888,,,,,173,183,12,,328,,0,,245,111,1.3557111621095
1962592501,Patil,Nagaraja,,,I,250 Delaware Ave,,Delmar,NY,36,12054,1,"Metropolitan area core: primary flow within an urbanized area of 50,000 and greater",US,Internal Medicine,S,8893,13201.2,747966.68,358977,464,,8600,12670.333333333,717825.29,343415,,439,,2266,547473.12,,6597,199217.52,,30,1276.04,,4844,397496.21,,4049,350470.47,,4674,380033.64,,4219,367933.04,76,2349.33,1391,24,0.8546047453053,,,,,,164,6717.69,68,,39,616.08,*,,78.006465517241,25,173,125,141,273,191,396,34,13,,,15,105,359,1.3539875669454
1962599035,Tung,Judy,,MD,I,"505 E 70th St # Ht-4",,New York,NY,36,10021,1,"Metropolitan area core: primary flow within an urbanized area of 50,000 and greater",US,Internal Medicine,S,5905,9232.7,387307.95,270399,560,,4955,8029.6333333333,310288.12,235420,,488,,927,255984.56,,4851,124904.12,,127,6419.27,,2585,155225.96,,3320,232081.99,,4057,277971.91,,1848,109336.04,140,22132.08,3610,26,2.3708721422523,32,18684.16,960,,22.857142857143,41,306.1,27,*,,,*,,72.775,72,258,170,60,386,174,230,111,38,158,0,23,278,282,1.541972002299
1962666107,Ince-Mercer,Leia,K,MD,I,5470 Camp Rd Ste 200,,Hamburg,NY,36,14075,1,"Metropolitan area core: primary flow within an urbanized area of 50,000 and greater",US,Internal Medicine,S,7170,14602.3,627733.9,425689,532,,5766,12078.166666667,477983.75,353075,,429,,1170,488297.32,,5907,135026.36,,93,4410.22,,4934,416920.69,,2236,210813.21,,1814,200508.41,,5356,427225.49,122,2379,3407,29,1.7015341701534,21,1202.95,750,,17.213114754098,213,26344.21,131,,27,2209.52,*,,70.338345864662,103,256,119,54,345,187,492,11,,,,16,110,422,1.1495543331767
1962815944,Cambareri,Rocco,M,MD,I,301 Prospect Ave,,Syracuse,NY,36,13203,1,"Metropolitan area core: primary flow within an urbanized area of 50,000 and greater",US,Family Practice,S,3180,6094.5,249035.48,172298,543,,2985,5758.9,227796.85,162855,,512,"#",,,,2720,71485.76,*,,,,1562,120217.43,,1618,128818.05,,557,54232,,2623,194803.48,152,7638.69,3802,63,4.7798742138365,26,4667.22,840,,17.105263157895,200,2089.29,149,,24,1572.85,*,,75.193370165746,31,236,195,81,298,245,512,11,,,,13,68,475,1.4161989119811
1972510626,Harris,Jonathan,S,MD,I,1545 Unionport Rd,Park South Medical,Bronx,NY,36,10462,1,"Metropolitan area core: primary flow within an urbanized area of 50,000 and greater",US,Internal Medicine,S,3668,7014.5333333333,271243.01,206125,291,,3490,6737.1,249663.2,198348,,271,,646,204349.22,,2936,61227.65,,86,5666.14,,2013,143702.03,,1655,127540.98,,1144,80801.19,,2524,190441.82,35,323.58,551,,0.95419847328244,0,0,0,,0,38,1337.27,23,,12,117.81,*,,72.615120274914,20,162,81,28,185,106,38,147,,91,,,65,226,1.2106304821253
1972511160,Mahadin,Mayra,S,M.D.,I,3757 91st St,,Jackson Heights,NY,36,11372,1,"Metropolitan area core: primary flow within an urbanized area of 50,000 and greater",US,Internal Medicine,S,10252,20710.833333333,930428.6,614210,442,,9020,18763.1,831339.94,556861,,399,,2264,719277.14,,7957,209800.31,,31,1351.15,,7226,621926.55,,3026,308502.05,,7214,713901.58,,3038,216527.02,,,,,,,,,,,101,2955.78,67,,22,342.25,*,,74.764705882353,43,186,149,64,284,158,44,12,,377,0,,244,198,1.53578023219
1972521987,Ho,Colette,J,M.D.,I,22 W 21st St,Suite 1203,New York,NY,36,10010,1,"Metropolitan area core: primary flow within an urbanized area of 50,000 and greater",US,Internal Medicine,S,1027,2292.5333333333,75730.6,66919,138,,1003,2264.5333333333,71690.81,66180,"#",,,156,44796.39,,859,30451.85,,12,482.36,,157,15114.22,,870,60616.38,,107,26517.23,,920,49213.37,,,,,,,,,,,14,182.03,12,,0,0,*,,72.724637681159,,,,,118,20,99,11,15,,0,,,,0.7989806763285
1972528032,Wang,Wei,,M.D.,I,5722 7th Ave,First Floor,Brooklyn,NY,36,11220,1,"Metropolitan area core: primary flow within an urbanized area of 50,000 and greater",US,Family Practice,S,25107,27305.3,4131653.8,776591,480,,23099,25136.6,3772500.45,714659,,448,,6479,3553555.78,,18229,569305.35,,399,8792.67,,20893,3334565.99,,4214,797087.81,,24390,4060162.31,,717,71491.49,143,5405.22,3714,23,0.56956227346955,0,0,0,0,0,660,36067.7,250,,33,156.6,*,,71.591666666667,32,307,101,40,244,236,,,442,30,0,,448,32,1.1434191457248
1972532976,Yousuf,Asim,,MD,I,2125 River Rd,Suite 103,Schenectady,NY,36,12309,1,"Metropolitan area core: primary flow within an urbanized area of 50,000 and greater",US,Internal Medicine,S,7726,12690.7,613227.38,363310,676,,6885,11632.433333333,549195.55,334606,,571,,1202,474263.56,,6444,135130.4,,80,3833.42,,3691,305795.36,,4035,307432.02,,2279,187756.67,,5447,425470.71,385,9644.48,9682,107,4.9831736991975,28,1531.07,720,,7.2727272727273,375,9887.41,251,,30,318.02,*,,73.215976331361,105,254,199,118,375,301,574,40,25,13,0,24,147,529,1.3288591924683
1972539351,Nunno,Patrick,M,M.D.,I,800 Ayrault Rd Ste 200,,Fairport,NY,36,14450,1,"Metropolitan area core: primary flow within an urbanized area of 50,000 and greater",US,Internal Medicine,S,8572,18407.766666667,615328.68,538315,595,,8124,17607.766666667,574288.75,515340,,566,,1109,395837.36,,7426,217917.86,,37,1573.46,,7128,504465.35,,1444,110863.33,,633,44107.99,,7939,571220.69,303,14129.8,7095,50,3.5347643490434,83,8053.08,2362,,27.392739273927,219,5162.81,129,*,,,*,,75.336134453782,29,243,246,77,341,254,547,13,,,,20,24,571,0.97413630203585
1972561611,Love,Matthew,D,"M.D.,",I,1400 Pelham Pkwy S,,Bronx,NY,36,10461,1,"Metropolitan area core: primary flow within an urbanized area of 50,000 and greater",US,Internal Medicine,S,12208,15047.7,909391.49,438398,296,,10697,13255.4,822878.93,386092,,253,,2272,757565.44,,9534,130795.61,,402,21030.44,,9202,683767.3,,3006,225624.19,,10993,864225.71,,1215,45165.78,203,6006.28,5312,46,1.6628440366972,14,1772.97,420,,6.8965517241379,34,382.3,21,,71,631.53,*,,73.040540540541,43,116,107,30,181,115,20,72,12,179,,,222,74,1.5475678645358
1972575124,Jee,Paul,Y,M.D.,I,2510 Route 44,,Salt Point,NY,36,12578,1,"Metropolitan area core: primary flow within an urbanized area of 50,000 and greater",US,Internal Medicine,S,7558,15702.133333333,786987.76,459712,599,,6415,13889.4,675290.13,407296,,523,,1260,596061.81,,6239,187469.85,,59,3456.1,,1948,229778.22,,5610,557209.54,,2100,251007.39,,5458,535980.37,172,4033.73,3817,59,2.275734321249,11,1135.27,307,,6.3953488372093,207,2505.79,143,,20,225.58,*,,72.939899833055,76,277,168,78,289,310,528,23,,19,,20,112,487,1.0803342127544
1972577831,Wade,Margaret,V,NP,I,5700 W Genesee St,,Camillus,NY,36,13031,1,"Metropolitan area core: primary flow within an urbanized area of 50,000 and greater",US,Nurse Practitioner,S,7317,10078.8,413298.61,260791,346,,6931,9536.5666666667,390754.12,245877,,322,,1354,264839.41,,5898,146244.72,,65,2214.48,,5953,330974.87,,1364,82323.74,,4971,277680.14,,2346,135618.47,131,4517.84,2882,28,1.7903512368457,37,2865.41,945,,28.24427480916,174,7049.66,83,,18,609.54,*,,77.436416184971,24,128,97,97,294,52,323,,,,,11,148,198,1.6010544909608
1972591469,Post,Martin,,MD,I,425 E 61st St,6th Floor,New York,NY,36,10065,1,"Metropolitan area core: primary flow within an urbanized area of 50,000 and greater",US,Internal Medicine,S,5992,12927.533333333,689860.91,383378,683,,5964,12888.033333333,684507.27,382293,"#",,,1333,502110.69,,4644,186759.91,,15,990.31,,276,31023.05,,5716,658837.86,,123,15899.83,,5869,673961.08,23,286.19,484,,0.38384512683578,0,0,0,,0,82,848.17,60,*,,,*,,78.795021961933,,,,,292,391,642,,,,0,27,13,670,1.219710566983
1972602555,Fishbein,Jason,,M.D.,I,4045 Hempstead Tpke,3rd Floor,Bethpage,NY,36,11714,1,"Metropolitan area core: primary flow within an urbanized area of 50,000 and greater",US,Internal Medicine,S,4434,10210.333333333,338629.46,300918,461,,4301,9967.3333333333,330339.93,293786,,445,,677,234745.69,,3729,101000.73,,28,2883.04,,1605,117542.76,,2829,221086.7,,631,62866.71,,3803,275762.75,11,3531.8,265,,0.24808299503834,,,,,,90,1992.63,68,*,,,*,,76.600867678959,16,197,146,102,277,184,417,,,,0,19,38,423,1.2373078032311
1972611069,Zimmerman,David,,MD,I,31 Washington Square West,,New York,NY,36,10011,1,"Metropolitan area core: primary flow within an urbanized area of 50,000 and greater",US,Internal Medicine,S,4207,7920.5333333333,308900.78,230586,301,,4127,7766.5333333333,304596.16,226016,"#",,"#",,,,3396,100118.73,*,,,,178,9549.56,,4029,299351.22,,182,5035.87,,4025,303864.91,116,5446.07,3284,24,2.7573092464939,,,,,,103,3446.4,67,*,,,*,,77.033222591362,,,,,190,111,270,,,,0,17,,,0.97055149501661
1972658185,Fingesten,Alexandra,,MD,I,145 E 32nd St Fl 6,,New York,NY,36,10016,1,"Metropolitan area core: primary flow within an urbanized area of 50,000 and greater",US,Geriatric Medicine,S,5684,8827.1,575162.93,259374,270,,4899,7893,502987.08,232167,,239,,1087,423644.15,,4578,150652.14,,19,866.64,,1202,101030.03,,4482,474132.9,,1882,189639.56,,3802,385523.37,151,6078.19,3990,32,2.6565798733286,,,,,,74,1247.47,36,,98,4007.25,,18,73.011111111111,31,119,83,37,198,72,182,43,,20,,15,57,213,1.2578726061768
1972693711,Muggia,Victoria,A,MD,I,Mmc - Dept. Of Medicine,111 East 210th Street,Bronx,NY,36,10467,1,"Metropolitan area core: primary flow within an urbanized area of 50,000 and greater",US,Infectious Disease,S,3164,3347.3666666667,1506024.49,95012,81,,1211,1338.3,519633.61,38049,,32,,1056,1401634.61,,1949,97285.27,,159,7104.61,,1290,602630.82,,1874,903393.67,,2998,1413734.22,,166,92290.27,103,4853.82,2230,16,3.2553729456384,0,0,0,0,0,65,1067.78,17,*,,,*,,60.185185185185,49,22,,,40,41,,33,,32,0,,70,11,2.9950613248905
1972695534,Bennett,Susan,M,RPA-C,I,6760 Main St,,Williamsville,NY,36,14221,1,"Metropolitan area core: primary flow within an urbanized area of 50,000 and greater",US,Physician Assistant,S,2894,7403.1333333333,184969.55,215615,461,,2868,7343,182533.12,213955,"#",,"#",,,,2518,64636.5,*,,,,2118,128723.23,,776,56246.32,,99,5426.16,,2795,179543.39,27,193.26,794,,0.93296475466482,0,0,0,,0,144,1213.68,107,,0,0,*,,74.013015184382,,,,,252,209,411,22,,,0,22,13,448,0.88774758782199
1972736825,Aube-Marchant,Derek,M,RPA-C,I,3950 E Robinson Rd,Suite 207,Buffalo,NY,36,14228,1,"Metropolitan area core: primary flow within an urbanized area of 50,000 and greater",US,Physician Assistant,S,3114,5487.7666666667,202473.79,157458,607,,2505,4669.5,148482.3,134713,,489,,422,151420.83,,2654,48890.11,,38,2162.85,,2042,108751.54,,1072,93722.25,,699,55894.03,,2415,146579.76,65,1708.31,1473,38,2.08734746307,,,,,,105,1213.35,86,*,,,*,,70.350906095552,118,296,140,53,313,294,557,18,,,0,17,121,486,1.2088214276351
1972762623,Westervelt,Megan,,D.O.,I,455 Maple St Ste 1,,Big Flats,NY,36,14814,1,"Metropolitan area core: primary flow within an urbanized area of 50,000 and greater",US,Family Practice,S,3658,6153.3666666667,272898.94,172931,272,,2958,5239.5,216698,147647,,226,,709,194823.05,,2925,77077.76,,24,998.13,,1659,107860.51,,1999,165038.43,,1876,149374.17,,1782,123524.77,74,4319.58,1941,25,2.0229633679606,18,3209.14,540,,24.324324324324,60,590.53,49,,65,4366.59,,12,72.915441176471,46,110,67,49,177,95,254,,,,0,,141,131,1.9062221994087
1972816932,Koushik,Geetha,,MD,I,105 Canal Landing Blvd,Suite 1,Rochester,NY,36,14626,1,"Metropolitan area core: primary flow within an urbanized area of 50,000 and greater",US,Internal Medicine,S,7697,8929.3,310067.97,220033,769,,7608,8786.3,306017.92,215870,,747,"#",,,,6650,153681.27,*,,,,5939,232079.22,,1758,77988.75,,5020,223239.73,,2677,86828.24,384,16329.95,10605,122,4.9889567363908,56,6668.99,1660,13,14.583333333333,268,10337.83,145,,268,14170.8,,55,82.019505851756,22,159,249,339,582,187,697,36,,15,,13,255,514,1.6800780841546
1972846293,Johnson,Kyle,J,D.O.,I,240 Meeting House Ln,,Southampton,NY,36,11968,1,"Metropolitan area core: primary flow within an urbanized area of 50,000 and greater",US,Internal Medicine,S,3799,7040.9,289225.98,201170,459,,2803,5533.0333333333,195947,160259,,345,,568,215768.37,,3207,72031.42,,24,1426.19,,1629,113490.6,,2170,175735.38,,1992,167329.22,,1807,121896.76,199,3261.52,4644,30,5.2382205843643,25,816.72,701,,12.562814070352,75,889.82,53,*,,,*,,69.681917211329,114,181,111,53,195,264,355,27,51,13,0,13,175,284,1.281015898382
1982602652,Weisel,Thomas,,M.D.,I,10 Cranberry Dr,,Hopewell Junction,NY,36,12533,1,"Metropolitan area core: primary flow within an urbanized area of 50,000 and greater",US,Internal Medicine,S,8308,20494.866666667,598473.22,602550,784,,7869,19670.433333333,551150.95,578911,,733,,1193,425685.58,,7059,170130.84,,56,2656.8,,2039,157460.28,,6269,441012.94,,973,92016.63,,7335,506456.59,77,2535.69,1834,27,0.92681752527684,,,,,,192,2707.21,148,,15,307.08,*,,74.798469387755,51,327,284,122,388,396,700,11,23,23,0,27,66,718,1.1367915985841
1982619615,Cotugno,Steffani,L,D.O.,I,939 Route 146 Ste 700,,Clifton Park,NY,36,12065,1,"Metropolitan area core: primary flow within an urbanized area of 50,000 and greater",US,Family Practice,S,3064,6730,202426.99,198438,390,,2968,6615,182637.36,195198,"#",,"#",,,,2550,72210.67,*,,,,2335,123330.27,,729,79096.72,,367,43844.01,,2697,158582.98,12,52.73,295,,0.39164490861619,0,0,0,,0,53,1012.94,44,*,,,*,,73.194871794872,,,,,285,105,361,,,,0,,22,368,0.83834565280307
1982623146,Buch,Deepak,D,MD,I,175 W Main St,,Little Falls,NY,36,13365,7,"Small town core: primary flow within an urban cluster of 2,500 to 9,999",US,Internal Medicine,S,9229,13163.366666667,844268.49,302262,2391,,8193,11928.533333333,736603.09,272615,,2201,,3899,738241.38,,5286,103963.89,,44,2063.22,,4863,403852.16,,4366,440416.33,,3428,262271.77,,5801,581996.72,209,3804.08,5522,40,2.2646007151371,,,,,,90,841.35,54,,49,2575.67,*,,73.362191551652,190,1220,738,243,1327,1064,2222,31,23,,,91,474,1917,1.0202021963459
1982639670,Dragone,James,A,M.D.,I,9 Brooksite Dr,Suite 1,Smithtown,NY,36,11787,1,"Metropolitan area core: primary flow within an urbanized area of 50,000 and greater",US,Family Practice,S,7850,18346.133333333,649761.19,535380,629,,7183,17131.866666667,571950.96,500959,,583,,1074,448975.1,,6750,199686.75,,26,1099.34,,1401,61978.07,,6449,587783.12,,833,93973.41,,7017,555787.78,183,4012.95,3277,57,2.3312101910828,,,,,,164,29541.85,105,,14,182.65,*,,74.284578696343,46,290,202,91,301,328,582,,,12,0,23,46,583,1.1859855488986
1982644019,Dodds,George,M,M.D.,I,77 W. Barney St.,,Gouverneur,NY,36,13642,7,"Small town core: primary flow within an urban cluster of 2,500 to 9,999",US,Internal Medicine,S,7543,12474.933333333,533895.59,365825,256,,5636,9830.6333333333,376072.89,288665,,195,,977,388938.36,,6506,140935.49,,60,4021.74,,3678,243042.36,,3865,290853.23,,3970,330791.4,,3573,203104.19,220,6277.32,6487,31,2.9166114278139,44,2939.39,1320,,20,104,3440.86,64,,12,123.4,*,,69.8046875,61,115,53,27,130,126,244,,,,,,101,155,1.2073091929477
1982648572,Nurse,Sandra,,MD,I,20620 Linden Blvd,,Cambria Heights,NY,36,11411,1,"Metropolitan area core: primary flow within an urbanized area of 50,000 and greater",US,Internal Medicine,S,9376,17099.566666667,603425.78,507346,739,,8903,16415.133333333,581579.96,487244,,696,,1240,403709,,7951,191972.12,,185,7744.66,,7077,451662.13,,2299,151763.65,,2264,163314.15,,7112,440111.63,0,0,0,0,0,0,0,0,0,,67,2583.14,60,*,,,*,,75.571041948579,43,287,297,112,538,201,13,672,,23,,27,109,630,1.3649817839755
1982662458,Shan,Zihe,,M.D,I,1508 Avenue U,,Brooklyn,NY,36,11229,1,"Metropolitan area core: primary flow within an urbanized area of 50,000 and greater",US,Internal Medicine,S,27777,46443.8,4367028.26,1342676,1101,,27390,45781.8,4297644.59,1323903,,1071,,8368,3620063.46,,18905,731599.1,,504,15365.7,,18989,2886829.9,,8788,1480198.36,,26662,4224827.78,,1115,142200.48,29,131.41,180,19,0.10440292328185,0,0,0,0,0,738,5673.45,439,,46,4402.78,*,,75.066303360581,30,547,355,169,565,536,,,1059,11,0,19,1016,85,1.1461303688681
1982670634,Fung,Sandy,M,MD,I,17 Elizabeth St,Suite 509,New York,NY,36,10013,1,"Metropolitan area core: primary flow within an urbanized area of 50,000 and greater",US,Family Practice,S,20592,27367.166666667,1712195.99,778561,821,,19734,26451.033333333,1660266.89,753627,,782,,4339,1212453.05,,15961,490342.64,,292,9400.3,,15311,1281555.94,,5281,430640.05,,18644,1533657.11,,1948,178538.88,,,,,,,,,,,600,4972.28,352,,14,96.53,*,,72.993909866017,39,490,209,83,567,254,,,777,,0,29,635,186,0.98538175065424
1982671020,Childres,William,J,MD,I,77 Nelson St,3rd Floor,Auburn,NY,36,13021,4,"Micropolitan area core: primary flow within an urban cluster of 10,000 to 49,999",US,Internal Medicine,S,21210,36323.766666667,1266851.91,994498,1184,,19463,33510.1,1127893.09,916877,,1084,,3354,842414.14,,17736,418258.18,,120,6179.59,,9750,557961.24,,11460,708890.67,,10747,652138.92,,10463,614712.99,503,13020.33,10764,110,2.3715228665724,33,2105.65,990,,6.5606361829026,783,10317.91,312,,161,5763.4,,34,75.833614864865,100,445,398,241,549,635,1124,16,,,0,36,292,892,1.4004521901169
1982676060,Butt,Khalid,R,M.D.,I,12 E Main St,,Bainbridge,NY,36,13733,10,"Rural areas: primary flow to a tract outside a urbanized area of 50,000 and greater or UC",US,Family Practice,S,6798,13065.766666667,852454.27,380464,379,,6137,12142.966666667,754361.42,353780,,351,,1135,705929.63,,5634,145068.45,,29,1456.19,,3215,329631.67,,3583,522822.6,,1726,373171.05,,5072,479283.22,368,11179.42,10397,59,5.4133568696675,,,,,,249,10354.53,117,*,,,*,,73.799472295515,28,174,136,41,188,191,359,,,,0,14,56,323,0.9091380626849
1982683041,Fafalak,Robert,G,MD,I,4 Lexington Ave,1s,New York,NY,36,10010,1,"Metropolitan area core: primary flow within an urbanized area of 50,000 and greater",US,Rheumatology,S,8977,12948.466666667,1894647.49,370414,454,,7343,11005.933333333,1440789.66,314436,,410,,1994,1668216.07,,6960,225491.55,,23,939.87,,2204,442911.84,,6773,1451735.65,,2418,808181.01,,6559,1086466.48,504,54928.53,13010,75,5.614347777654,90,35378.59,2644,11,17.857142857143,290,3638.1,146,,47,1489.68,*,,73.237885462555,44,225,139,46,288,166,334,44,12,40,0,24,71,383,1.0787937798933
1982694121,Saluja,Ravinder,K,MD,I,6 Medical Park Dr,Suite 206,Malta,NY,36,12020,1.1,"Secondary flow 30% to <50% to a larger urbanized area of 50,000 and greater",US,Internal Medicine,S,3883,6569.7666666667,204248.44,191506,279,,3175,5475.4666666667,164732.61,159688,,234,,510,126651.16,,3358,77141.54,,15,455.74,,1976,102796.91,,1907,101451.53,,692,38944.35,,3191,165304.09,182,4272.13,5402,36,4.6870976049446,43,2567.74,1290,,23.626373626374,51,768.34,34,,11,160.83,*,,70.594982078853,45,145,62,27,200,79,259,,,,0,12,38,241,1.1010208657511
1982696506,Finnigan,Karen,,"MD, MBA",I,155 Crystal Run Rd,,Middletown,NY,36,10941,1,"Metropolitan area core: primary flow within an urbanized area of 50,000 and greater",US,Internal Medicine,S,2588,6723.2,160407.21,199134,224,,2325,6096.9666666667,133102.53,180629,,202,,358,101690.8,,2209,57939.48,,21,776.93,,490,21307.02,,2098,139100.19,,423,44963.99,,2165,115443.22,,,,,,,,,,,25,286.39,15,*,,,*,,72.486607142857,22,119,64,19,177,47,188,,,20,0,,34,190,1.1454568452381
1982719894,Zarlengo,Marco,D,M.D.,I,115 Maple St,,Croton On Hudson,NY,36,10520,1,"Metropolitan area core: primary flow within an urbanized area of 50,000 and greater",US,Internal Medicine,S,4409,7880.6333333333,258747.36,230744,401,,3805,7081.8,240488.26,207915,,364,,661,180327.47,,3726,77675.67,,22,744.22,,1231,53219.55,,3178,205527.81,,1157,56994.93,,3252,201752.43,22,275.12,560,11,0.49897936039918,0,0,0,0,0,130,2150.34,96,*,,,*,,74.127182044888,37,169,141,54,204,197,362,,,18,0,,66,335,1.0870839635209
1982742755,Schantz,Arthur,,M.D.,I,3541 Jerusalem Ave,,Wantagh,NY,36,11793,1,"Metropolitan area core: primary flow within an urbanized area of 50,000 and greater",US,General Practice,S,1772,4177.1333333333,424556.58,123649,80,,1469,3605.1333333333,340637.33,106824,,69,,448,312871.48,,1299,110536.59,,25,1148.51,,135,43177.19,,1637,381379.39,,343,98137.09,,1429,326419.49,17,76.1,385,,0.95936794582393,0,0,0,,0,23,435.94,14,*,,,*,,71.4,11,42,,,35,45,70,,0,,0,,,,1.120246616727
1982751533,Shives,Eric,R,MD,I,1991 Balsley Rd,,Seneca Falls,NY,36,13148,4,"Micropolitan area core: primary flow within an urban cluster of 10,000 to 49,999",US,Family Practice,S,8424,14345.866666667,701619.04,419132,589,,5446,9883.1333333333,392140.56,290101,,459,,1372,507377.1,,6994,191693.16,,58,2548.78,,4823,374411.5,,3601,327207.54,,3257,342678.55,,5167,358940.49,460,23568.44,12591,81,5.4605887939221,135,17501.5,3897,29,29.347826086957,99,2156.35,62,*,,,*,,69.555178268251,130,253,169,37,256,333,554,,,,,18,133,456,1.1570527895232
1982780078,Behm,Dutsi,,M.D.,I,421 Ocean Pkwy,2nd Floor,Brooklyn,NY,36,11218,1,"Metropolitan area core: primary flow within an urbanized area of 50,000 and greater",US,Internal Medicine,S,13789,23485.433333333,1157699.6,683651,656,,13310,22565.533333333,1119661.87,657035,,622,,2694,870197.52,,10766,276933.46,,329,10568.62,,3805,306940.76,,9984,850758.84,,8552,791853.19,,5237,365846.41,33,310.22,721,19,0.23932119805642,0,0,0,0,0,460,23148.23,250,,83,2790.25,,14,76.03506097561,34,286,213,123,495,161,374,203,,42,,25,243,413,1.5948273039586
1982903118,Gingras,Laura,F,M.D.,I,505 E 70th St,Weill Cornell Internal Medicine Associates,New York,NY,36,10021,1,"Metropolitan area core: primary flow within an urbanized area of 50,000 and greater",US,Internal Medicine,S,4623,6619.2,355265.28,192787,509,,3744,5552,249674.05,161984,,404,,833,280027.34,,3690,69300.93,,100,5937.01,,2127,144832.29,,2496,210432.99,,2915,261886.88,,1708,93378.4,41,1719.85,1026,15,0.8868699978369,15,1454.62,450,,36.585365853659,49,19108.88,32,*,,,*,,70.090373280943,105,226,138,40,357,152,173,143,,158,,17,302,207,1.7864883393286
1982929378,Liu,Judy,,M.D.,I,601 Elmwood Ave,Box Med,Rochester,NY,36,14642,1,"Metropolitan area core: primary flow within an urbanized area of 50,000 and greater",US,Internal Medicine,S,3523,9200.5666666667,158948.43,269658,473,,3457,9087.9666666667,157634.19,266534,,460,,609,95781.58,,2896,62745.65,,18,421.2,,3482,156372.88,,41,2575.55,,427,20576.85,,3096,138371.58,109,2323.33,2293,30,3.0939540164632,14,325.84,395,,12.844036697248,68,2272.83,49,*,,,*,,75.021141649049,13,232,161,67,290,183,197,29,116,111,,,37,436,1.1093648404928
1982978110,Cai,Hui,R,M.D.,I,4201 Buffalo Rd,,North Chili,NY,36,14514,1,"Metropolitan area core: primary flow within an urbanized area of 50,000 and greater",US,Family Practice,S,1992,4093.0666666667,97452.47,119061,222,,1651,3487.5,86109.64,101583,,194,,283,62277.05,,1695,34726.03,,14,449.39,,1549,78564.72,,443,18887.75,,296,13652.52,,1696,83799.95,53,1221.58,1463,17,2.6606425702811,0,0,0,0,0,53,506.14,33,*,,,*,,73.504504504505,28,89,74,31,154,68,208,,,,0,,25,197,1.0081067431067
1992039861,Zenoski,Christa,,NP,I,14 Center St,,Cuba,NY,36,14727,10,"Rural areas: primary flow to a tract outside a urbanized area of 50,000 and greater or UC",US,Nurse Practitioner,S,7068,11797.533333333,738286.87,340841,361,,5225,9343.3,496585.45,271567,,288,,1430,597126.61,,5544,136631.23,,94,4529.03,,4184,439244.16,,2884,299042.71,,3111,417754.13,,3957,320532.74,134,5194.75,3376,31,1.8958687040181,0,0,0,0,0,282,6072.84,129,,26,13027.33,*,,69.994459833795,73,160,100,28,217,144,350,,0,0,0,,110,251,1.1087060350611
1992701551,Nelson,Deena,J,M.D.,I,635 Madison Ave,Fl 8,New York,NY,36,10022,1,"Metropolitan area core: primary flow within an urbanized area of 50,000 and greater",US,Internal Medicine,S,3065,4913,159870.83,143507,185,,3040,4866,157777.87,142126,"#",,"#",,,,2553,58895.65,*,,,,305,15256.5,,2760,144614.33,,154,2877.73,,2911,156993.1,23,325,557,,0.75040783034258,0,0,0,,0,74,975.06,38,,15,352.18,*,,75.859459459459,,,,,146,39,156,14,,,0,,,,0.92409774774775
1992706485,Becker,Steven,B,M.D.,I,539 Cleveland Dr,,Buffalo,NY,36,14225,1,"Metropolitan area core: primary flow within an urbanized area of 50,000 and greater",US,Internal Medicine,S,8908,15976.466666667,372409.35,470322,519,,8088,14781.666666667,291605.28,435309,,468,,1122,256575.47,,7764,114976.75,,22,857.13,,7071,257787.25,,1837,114622.1,,1959,154692.57,,6949,217716.78,82,1351.76,1728,19,0.92052088010777,0,0,0,0,0,117,972.32,87,,0,0,,0,74.152215799615,51,222,154,92,279,240,445,49,,,0,19,81,438,1.1859744681364
1992711683,Grant,Stephen,A,M.D.,I,989 Route 146,Bldg.200,Clifton Park,NY,36,12065,1,"Metropolitan area core: primary flow within an urbanized area of 50,000 and greater",US,Family Practice,S,4399,9432.3333333333,244466.46,275838,429,,4277,9286.3333333333,242914.27,271799,"#",,,600,140339.2,,3785,103784.59,,14,342.67,,3027,164816.14,,1372,79650.32,,222,12942.43,,4177,231524.03,27,139.25,529,,0.61377585814958,0,0,0,,0,128,1566.54,93,,0,0,*,,73.890442890443,,,,,196,233,401,,,,0,20,12,417,0.81897324405849
1992719520,Rugge,John,K,MD,I,6223 State Route 9,,Chestertown,NY,36,12817,10,"Rural areas: primary flow to a tract outside a urbanized area of 50,000 and greater or UC",US,Family Practice,S,6654,13280.933333333,671667.06,385427,480,,5547,11578.633333333,573053.08,336746,,422,,1337,555153.62,,5296,114866.64,,21,1646.8,,3545,353555.32,,3109,318111.74,,2210,224406.77,,4444,447260.29,287,25991.6,7393,54,4.3131950706342,30,19024.93,841,,10.452961672474,93,2324.71,40,,27,1619.3,*,,72.5,58,225,149,48,214,266,466,,0,,0,,114,366,1.0139763888889
1992731475,Romanick,Dean,D,M.D.,I,4400 Lakeville Rd,,Geneseo,NY,36,14454,7,"Small town core: primary flow within an urban cluster of 2,500 to 9,999",US,Family Practice,S,12755,19717.1,686698.18,564431,583,,10108,16550.633333333,585421.13,474755,,507,,1509,407549.44,,11112,273503.64,,134,5645.1,,7355,391008.55,,5400,295689.63,,4315,226677.97,,8440,460020.21,482,17490.97,12472,76,3.7789102312819,76,8546.45,2128,,15.767634854772,308,5258.2,168,,119,4703.78,,20,72.506003430532,76,254,172,81,325,258,547,,0,,,25,107,476,0.98454635096788
1992734404,Berlingieri,Dominic,,M.D.,I,3 Saint Stephens Ln,Suite 3,Warwick,NY,36,10990,2,"Metropolitan area high commuting: primary flow 30% or more to a urbanized area of 50,000 and greater",US,Pediatric Medicine,S,73,73,11752.09,421,51,,73,73,11752.09,421,,51,,73,11752.09,,0,0,,0,0,,12,1953.26,,61,9798.83,*,,,"#",,,0,0,0,0,0,0,0,0,0,,0,0,0,,0,0,,0,74.392156862745,0,30,,,29,22,47,,0,0,0,,,,1.1896862745098
1992738355,Raizes,Gary,S,M.D.,I,600 Mamaroneck Ave,,Harrison,NY,36,10528,1,"Metropolitan area core: primary flow within an urbanized area of 50,000 and greater",US,Cardiology,S,7136,15382.3,480127.61,453066,631,,7054,15279.3,466356.99,450045,"#",,,1393,342353.17,,5743,137774.44,,0,0,,249,21098.27,,6887,459029.34,,314,44165.73,,6822,435961.88,,,,,,,,,,,167,1816.92,112,,0,0,*,,77.133122028526,,,,,299,332,563,11,,14,,35,17,614,1.0542786474286
1992741086,Koegel,Michael,,M.D.,I,1911 Avenue L,,Brooklyn,NY,36,11230,1,"Metropolitan area core: primary flow within an urbanized area of 50,000 and greater",US,Internal Medicine,S,8200,16651.133333333,721881.95,487963,466,,7298,15302.033333333,617310.41,448828,,430,,1715,521619.95,,6410,196521.45,,75,3740.55,,1638,143647.25,,6562,578234.7,,3102,305152.32,,5098,416729.63,62,836.49,1433,19,0.75609756097561,0,0,0,0,0,305,31927.47,153,,42,1048.66,*,,75.909871244635,36,180,152,98,279,187,393,44,,,0,18,108,358,1.3298805262434
1992745632,O'Bryan,John,J,M.D.,I,200 Northern Dr,,Troy,NY,36,12182,1,"Metropolitan area core: primary flow within an urbanized area of 50,000 and greater",US,Family Practice,S,4885,10232.333333333,358944.01,302685,331,,4690,9954.5333333333,349329.63,294720,,319,,790,286831.6,,4064,70794.72,,31,1317.69,,3727,249386.08,,1158,109557.93,,280,18809.36,,4605,340134.65,45,1026.73,949,15,0.92118730808598,,,,,,41,1062.73,28,*,,,*,,74.356495468278,12,182,89,48,162,169,318,,,0,0,,12,319,1.0279033216476
1992748826,Pappas,Steven,W,M.D.,I,266 White Plains Rd,Suite 1-A,Eastchester,NY,36,10709,1,"Metropolitan area core: primary flow within an urbanized area of 50,000 and greater",US,Internal Medicine,S,1795,3040.6,167138.22,80084,643,,1667,2868.6,147330.99,76774,,593,"#",,,,913,19488.27,*,,,,136,12906.36,,1659,154231.86,,204,31690.48,,1591,135447.74,,,,,,,,,,,56,800.08,35,,0,0,,0,74.097978227061,50,305,219,69,403,240,573,12,14,11,0,33,69,574,0.98692246270404
1992752885,Dutta,Timothy,C,M.D.,I,310 E 72nd St,,New York,NY,36,10021,1,"Metropolitan area core: primary flow within an urbanized area of 50,000 and greater",US,Internal Medicine,T,4499,9725.2666666667,574253.41,283160,342,"#",,,,,"#",,"#",,,,3469,125737.58,*,,,,161,6102.61,,4338,568150.8,,50,12876.34,,4449,561377.07,18,387.08,253,14,0.40008890864637,0,0,0,0,0,159,13080.75,86,*,,,*,,77.956140350877,,,,,168,174,316,,,,0,16,,,0.97999509274222
1992756969,Zimmerman,Kenneth,S,M.D.,I,6760 Main St,,Williamsville,NY,36,14221,1,"Metropolitan area core: primary flow within an urbanized area of 50,000 and greater",US,Internal Medicine,S,2218,6122.3333333333,139414,181169,409,,2202,6080.3333333333,138959.91,179979,"#",,"#",,,,1922,50444.83,*,,,,1642,101470.01,,576,37943.99,,101,6899.01,,2117,132514.99,0,0,0,0,0,0,0,0,0,,38,318.83,32,*,,,*,,74.298288508557,,,,,226,183,365,22,,,0,17,,,0.92240742783847
1992763916,Wu,Qiong,,MD,I,3808 Union St Apt 3j,,Flushing,NY,36,11354,1,"Metropolitan area core: primary flow within an urbanized area of 50,000 and greater",US,Internal Medicine,S,7946,11105.666666667,671362.66,323759,291,,7763,10837.466666667,657375.22,316195,,279,,1534,526307.58,,6283,138981.19,,129,6073.89,,6309,524522.97,,1637,146839.69,,7402,639830.64,,544,31532.02,,,,,,,,,,,172,879.08,113,,0,0,,0,72.116838487973,12,184,70,25,146,145,,0,284,,0,,245,46,1.1623260225214
1992771877,Leder,Michele,H,MD,I,169 N Middletown Rd,,Pearl River,NY,36,10965,1,"Metropolitan area core: primary flow within an urbanized area of 50,000 and greater",US,Internal Medicine,S,1583,3380.7333333333,154407.13,97507,102,,1479,3202.7333333333,148404.32,92422,"#",,,247,102254.81,,1321,42543.86,,15,9608.46,,183,10326.64,,1400,144080.49,,55,1859.71,,1528,152547.42,20,611.53,320,11,1.2634238787113,,,,,,61,3035.96,35,*,,,*,,76.519607843137,,,,,78,24,95,,0,,0,,,,1.381137254902
1992771935,Bartholomew,Anthony,O,MD,I,12 Center St,"Suite #1",Fredonia,NY,36,14063,4,"Micropolitan area core: primary flow within an urban cluster of 10,000 to 49,999",US,Internal Medicine,S,12746,27677.566666667,1378548.1,814792,809,,11792,25898.566666667,1274277.63,763166,,742,,2295,1010157.66,,10343,362538.37,,108,5852.07,,7592,727410.72,,5154,651137.38,,1807,231868.67,,10939,1146679.43,239,7309.95,6069,69,1.8750980699827,24,925.98,521,,10.041841004184,162,7230.53,81,,88,1180.22,,20,75.374536464771,67,322,266,154,461,348,767,,,16,0,19,106,703,1.4411674131121
1992776249,Sharpe,Arleen,,M.D.,I,18 Ashford Ave,,Dobbs Ferry,NY,36,10522,1,"Metropolitan area core: primary flow within an urbanized area of 50,000 and greater",US,Family Practice,S,2247,5381.9333333333,118234.14,157162,257,,2139,5178.9333333333,110990.1,151212,,243,,268,52172.3,,1967,65476.52,,12,585.32,,396,18506.03,,1851,99728.11,,151,8877.87,,2096,109356.27,14,268.86,244,,0.62305295950156,0,0,0,,0,51,695.08,39,*,,,*,,72.420233463035,14,146,79,18,187,70,203,23,,13,,14,15,242,0.82533941898436
1992784995,Sangani,Geeta,A,MD,I,191 Intrepid Ln,,Syracuse,NY,36,13205,1,"Metropolitan area core: primary flow within an urbanized area of 50,000 and greater",US,Endocrinology,S,10063,16669.2,1806262.42,398649,2977,,8868,14895,1605376.18,356314,,2653,,5403,1662668.67,,4359,123593.37,,301,20000.38,,4271,687911.33,,5792,1118351.09,,2518,423452.31,,7545,1382810.11,28,3006.11,921,16,0.27824704362516,,,,,,75,1515.71,62,,22,608,*,,72.532079274437,324,1485,915,253,1840,1137,2523,224,62,,,112,595,2382,1.1155683007464
1992786552,Rosen,Eli,,MD,I,358 Kingston Ave,,Brooklyn,NY,36,11213,1,"Metropolitan area core: primary flow within an urbanized area of 50,000 and greater",US,Family Practice,S,7720,10208.266666667,520207.14,299486,405,,7487,9956.6333333333,494805.84,292035,,392,,1451,385511.97,,6213,131679.1,,56,3016.07,,1289,85351.1,,6431,434856.04,,4344,292637.63,,3376,227569.51,40,609.2,848,20,0.51813471502591,,,,,,154,8807.81,80,,46,1003.06,*,,74.562962962963,13,210,120,62,200,205,367,,,0,0,28,153,252,1.2459293730752
1992790976,Kim,Andrew,S,M.D.,I,13710 Franklin Ave,"Suite #l-1",Flushing,NY,36,11355,1,"Metropolitan area core: primary flow within an urbanized area of 50,000 and greater",US,Family Practice,S,3894,6694.0333333333,473875.71,194674,237,,3724,6452.0333333333,458132.56,187623,,225,,939,400630.51,,2919,71481.91,,36,1763.29,,2559,280993.53,,1335,192882.18,,2567,340241.99,,1327,133633.72,15,103.72,165,,0.38520801232666,0,0,0,,0,86,974.33,57,*,,,*,,74.10970464135,12,123,69,33,131,106,19,27,144,27,0,20,125,112,1.0828820679881
1992791479,Giannone,John,,MD,I,53 Pine St,Deposit Family Care Center,Deposit,NY,36,13754,2,"Metropolitan area high commuting: primary flow 30% or more to a urbanized area of 50,000 and greater",US,Family Practice,S,4945,10648.9,346288.87,310187,437,,4157,9360.9,271647.06,273503,,367,,639,232099.55,,4284,113250.7,,22,938.62,,2177,139319.51,,2768,206969.36,,1670,132413.92,,3275,213874.95,254,8672,6417,52,5.1365015166835,16,1096.98,460,,6.2992125984252,162,7111.42,103,,13,4990.92,*,,72.173913043478,70,196,122,49,221,216,419,,0,,0,,114,323,1.1455895910763
1992802524,Herrmann,Rickey,,M.D.,I,2870 Buffalo Rd,,Rochester,NY,36,14624,1,"Metropolitan area core: primary flow within an urbanized area of 50,000 and greater",US,Family Practice,S,3657,7601.6,288859.7,223605,476,,3351,7168.2666666667,233202.7,211318,,446,,588,206844.06,,3044,80324.28,,25,1691.36,,3254,260604.52,,403,28255.18,,320,70109.75,,3337,218749.95,73,4707.38,2446,24,1.996171725458,11,2816.69,390,,15.068493150685,74,1010.2,53,*,,,*,,74.661764705882,30,217,150,79,243,233,453,,,,0,12,30,446,1.0063258518565
1992803340,Bondar,Ellen,,MD,I,349 Henry St,,Brooklyn,NY,36,11201,1,"Metropolitan area core: primary flow within an urbanized area of 50,000 and greater",US,Internal Medicine,S,4730,4756.8,744992.19999998,13700,3398,,4643,4668.8,732255.39999998,13525,,3332,,4556,729050.05999998,"#",,,*,,,,620,96379.16,,4110,648613.03999999,,322,45900.16,,4408,699092.03999999,,,,,,,,,,,,,,,0,0,,0,75.200706297822,66,1668,1271,393,2020,1378,2895,128,,107,,188,207,3191,0.898113292545
1992871933,Tam,Cynthia,,DO,I,139 Centre St Ste 709,,New York,NY,36,10013,1,"Metropolitan area core: primary flow within an urbanized area of 50,000 and greater",US,Internal Medicine,S,11470,15848.166666667,918153.79,458956,857,,10607,14841.833333333,809740.38,429875,,817,,2391,663001.22,,8941,251360.23,,138,3792.34,,8974,724794.46,,2496,193359.33,,10595,880272.25,,875,37881.54,,,,,,,,,,,258,1782.75,202,,30,644.57,*,,73.175029171529,40,496,242,79,479,378,,,828,,0,16,761,96,1.1650873276463
1992879951,Goldman,Barry,E,MD,I,66 Forest Glen Rd,,New Paltz,NY,36,12561,1,"Metropolitan area core: primary flow within an urbanized area of 50,000 and greater",US,Family Practice,S,5025,11662.5,553661.95,335987,426,,4600,10838.066666667,515532.62,312565,,401,,866,411862.71,,4103,140110.75,,56,1688.49,,991,96229.86,,4034,457432.09,,733,120286.27,,4292,433375.68,52,796.73,1040,20,1.0348258706468,,,,,,231,2743.19,161,*,,,*,,74.861502347418,25,203,130,68,233,193,385,,,16,,17,49,377,1.156712978137
1992891311,Om,Nam Hee,,M.D.,I,2532 Grand Concourse,,Bronx,NY,36,10458,1,"Metropolitan area core: primary flow within an urbanized area of 50,000 and greater",US,Internal Medicine,S,5167,6595.0666666667,461140.79,194074,195,,5033,6451.0666666667,437909.96,189860,"#",,,1134,356498.05,,3976,103031.76,,57,1610.98,,3344,299332.68,,1823,161808.11,,4074,421536.42,,1093,39604.37,,,,,,,,,,,24,194.59,19,,0,0,*,,71.661538461538,,,,,116,79,,,179,,0,12,127,68,0.94228179324871
1992891378,Fishel,Stephen,,M.D.,I,100 Saratoga Village Blvd,Suite 34,Malta,NY,36,12020,1.1,"Secondary flow 30% to <50% to a larger urbanized area of 50,000 and greater",US,Family Practice,S,5167,8040.0666666667,338246.72,225637,251,,3508,5923.3,250471.91,168332,,205,,700,194876.71,,4455,142879.65,,12,490.36,,2618,162355.22,,2549,175891.5,,1783,134530.12,,3384,203716.6,559,31766.6,13223,57,10.818656860848,84,15078.65,2439,,15.026833631485,175,1689.36,91,,14,382.32,*,,70.302788844622,46,118,57,30,146,105,241,,0,,0,,34,217,1.2465426411138
1992933998,Pang,Xin,,M.D.,I,860 58th St,Brooklyn,Brooklyn,NY,36,11220,1,"Metropolitan area core: primary flow within an urbanized area of 50,000 and greater",US,Internal Medicine,S,2111,2383.4666666667,134145.52,69711,60,,2074,2346.4666666667,133283.71,68635,"#",,,316,83483.37,,1784,50275.16,,11,386.99,,2094,133554.31,,17,591.21,,2009,130385.51,,102,3760.01,,,,,,,,,,,13,100.81,,,0,0,*,,71.683333333333,,,,,30,30,,,54,0,0,,49,11,1.05665
1477521409,Tan,Kathy,S,M.D.,I,5324 7th Ave,,Brooklyn,NY,36,11220,1,"Metropolitan area core: primary flow within an urbanized area of 50,000 and greater",US,Internal Medicine,S,14095,15960.966666667,1490982.41,468409,315,,13888,15727.966666667,1470835.95,461668,"#",,,4254,1276654.82,,9725,211347.6,,116,2979.99,,10260,1040113.75,,3835,450868.66,,13863,1484650.6,,232,6331.81,0,0,0,0,0,0,0,0,0,,158,2873.7,94,,0,0,*,,73.015873015873,,,,,176,139,0,0,309,,0,,296,19,1.1936063159576
1477525749,Dahake,Seema,G,MD,I,435 East Henrietta Rd,,Rochester,NY,36,14620,1,"Metropolitan area core: primary flow within an urbanized area of 50,000 and greater",US,Internal Medicine,S,4415,4421.4333333333,143852.3,91123,293,,4382,4388.4333333333,143129.02,90517,"#",,"#",,,,3588,75573.73,*,,,,3397,111521.98,,1018,32330.32,,3531,115509.83,,884,28342.47,42,251.4,122,35,0.95130237825595,,,,,,81,837.98,43,,67,1280.68,*,,87.686006825939,,,,,200,93,284,,,,0,,192,101,1.7120676302287
1477528537,Spillane,Eileen,M,D.O.,I,79 North St,Granville Family Health,Granville,NY,36,12832,7.1,"Secondary flow 30% to <50% to a urbanized area of 50,000 and greater",US,Family Practice,S,5033,8939.6333333333,360131.19,256592,406,,4002,7307.3,295462.97,210351,,330,,867,277585.07,,4132,79701.96,,34,2844.16,,2229,112963.03,,2804,247168.16,,1756,154425.3,,3277,205705.89,142,3495.59,3485,49,2.8213788992649,,,,,,162,1530.52,104,,51,2943.47,,11,71.293103448276,76,175,110,45,217,189,396,,0,,0,,117,289,1.1969488804239
1477530582,Lutsky,Eric,N,D.O.,I,20 E 46th St,200,New York,NY,36,10017,1,"Metropolitan area core: primary flow within an urbanized area of 50,000 and greater",US,Internal Medicine,S,1496,2595.3666666667,214424.84,75732,110,,1343,2324.3666666667,151814.35,67803,"#",,,323,174069.43,,1132,38361.94,,41,1993.47,,539,120678.5,,957,93746.34,,172,7493.59,,1324,206931.25,,,,,,,,,,,45,647.59,27,,0,0,*,,72.045454545455,,,,,50,60,71,14,,,0,13,,,0.81868851003599
1477533123,Vounas,Demetra,A,M.D.,I,37 W Garden St,Suite 201,Auburn,NY,36,13021,4,"Micropolitan area core: primary flow within an urban cluster of 10,000 to 49,999",US,Internal Medicine,S,9022,19003.233333333,532688.88,548270,805,,6960,15213.766666667,328321.74,438322,,632,,1238,356694.35,,7732,173198.29,,52,2796.24,,3301,178167.26,,5721,354521.62,,3584,306951.08,,5438,225737.8,378,9025.99,10413,88,4.1897583684327,45,3235.11,1251,,11.904761904762,282,6798.12,159,,21,1106.42,*,,71.660869565217,173,317,176,139,640,165,762,16,,,0,17,249,556,1.2054003928238
1477534667,Zmolek,Douglas,P,M.D.,I,4500 Pewter Ln,Buildling 1,Manlius,NY,36,13104,1,"Metropolitan area core: primary flow within an urbanized area of 50,000 and greater",US,Hospitalist,S,6707,14137.066666667,699744.33,414253,407,,6555,13925.733333333,658311.95,407994,"#",,,1100,478582.03,,5590,220224.89,,17,937.41,,3258,293231.63,,3449,406512.7,,407,95273.11,,6300,604471.22,127,9013.24,3907,27,1.8935440584464,28,6839.16,825,,22.047244094488,123,2016.53,72,,44,1652.86,*,,76.012285012285,,,,,192,215,380,,,0,0,17,11,396,1.0145041312352
1477563781,Penfield,Lorrie,,M.D.,I,200 Madison Avenue,3rd Floor,Elmira,NY,36,14901,1,"Metropolitan area core: primary flow within an urbanized area of 50,000 and greater",US,Internal Medicine,S,8977,18509.633333333,795039.5,543581,446,,7593,15967.4,632273.99,468982,,372,,1065,554203.29,,7874,238170.32,,38,2665.89,,4357,338744.77,,4620,456294.73,,3333,336850.52,,5644,458188.98,424,33920.71,12549,119,4.7231814637407,43,19323.17,1454,16,10.141509433962,213,4065.52,120,,60,3009.22,,11,72.076233183857,74,203,119,50,300,146,411,21,0,,0,,114,332,1.4098697242897
1477567428,Greeley,Norman,H,M.D.,I,140 Clinton St,,Brooklyn,NY,36,11201,1,"Metropolitan area core: primary flow within an urbanized area of 50,000 and greater",US,Internal Medicine,S,1176,2676.8666666667,122465.47,77669,120,,1094,2514.8666666667,118713.98,73176,"#",,,252,87796.61,,912,33910.65,,12,758.21,,541,45820.34,,635,76645.13,,139,16779.5,,1037,105685.97,,,,,,,,,,,42,440.81,29,,0,0,*,,73.266666666667,,,,,77,43,49,43,,21,0,,,,1.1337995563619
1477598308,Radzik,Andrew,,M.D.,I,59 Southern Blvd,,Nesconset,NY,36,11767,1,"Metropolitan area core: primary flow within an urbanized area of 50,000 and greater",US,Internal Medicine,S,10240,25557.166666667,976270.79,750579,935,,9822,24851.7,918326.07,730671,,889,,1766,712626.35,,8441,260795.14,,33,2849.3,,2112,232292.51,,8128,743978.28,,1171,181552.2,,9069,794718.59,253,31916.74,4354,93,2.470703125,21,27750.64,615,,8.300395256917,212,22528.46,158,,20,744.33,*,,74.961497326203,46,393,391,105,509,426,839,19,15,40,0,22,70,865,1.1369670355554
1477642858,Diaz,Miguel,,,I,1783 Route 9,Suite 204,Halfmoon,NY,36,12065,1,"Metropolitan area core: primary flow within an urbanized area of 50,000 and greater",US,Family Practice,S,3218,7306.5333333333,385539.13,213854,304,,2928,6763,354093.76,198026,,278,,537,314746.73,,2661,69718.85,,20,1073.55,,2111,251328.3,,1107,134210.83,,644,54035.34,,2574,331503.79,67,2363.83,1871,18,2.0820385332505,0,0,0,0,0,52,380.35,37,,16,339.4,*,,72.875,26,161,82,35,152,152,244,,,41,0,,58,246,1.0302968335721
1477644524,Cheema,Manjit,S,MD,I,10325 114th St,,South Richmond Hill,NY,36,11419,1,"Metropolitan area core: primary flow within an urbanized area of 50,000 and greater",US,Internal Medicine,S,10368,24338.466666667,932305.78,717870,429,,9856,23285.766666667,882977.85,687224,,407,,1491,709180.55,,8329,205514.47,,548,17610.76,,8496,727485.67,,1872,204820.11,,7404,677198.83,,2964,255106.95,15,79.21,365,,0.14467592592593,0,0,0,,0,153,1212.85,121,*,,,*,,72.867132867133,22,236,139,32,216,213,28,49,172,50,30,100,272,157,1.2030260487545
1477655892,Halprin,Jessica,,MD,I,3333 Henry Hudson Parkway,,Riverdale,NY,36,10463,1,"Metropolitan area core: primary flow within an urbanized area of 50,000 and greater",US,Internal Medicine,S,1530,3790.1333333333,61893.55,111051,202,,1482,3670.2666666667,60205.89,107495,"#",,,200,18169.46,,1330,43724.09,,0,0,,425,10522.11,,1105,51371.44,,184,7089.46,,1346,54804.09,,,,,,,,,,,35,473.21,29,,0,0,*,,74.376237623762,,,,,154,48,163,15,,16,0,,15,187,0.92358311761812
1477677979,Vaidian,Anil,,M.D.,I,50 Sanitorium Rd,Bldg D,Pomona,NY,36,10970,1,"Metropolitan area core: primary flow within an urbanized area of 50,000 and greater",US,Clinic/Center,T,44,55,6543.4,1534,26,"#",,,,,"#",,,44,6543.4,,0,0,,0,0,,11,1435.35,,33,5108.05,*,,,"#",,,0,0,0,0,0,0,0,0,0,,0,0,0,*,,,*,,74.807692307692,,,,,15,11,26,0,0,0,0,0,,,0.92661538461538
1477789667,Blacher,Eric,D,M.D.,I,350 S Broadway,,Hicksville,NY,36,11801,1,"Metropolitan area core: primary flow within an urbanized area of 50,000 and greater",US,Family Practice,S,1616,3394.7666666667,152456.23,97908,202,,1315,2818.7666666667,105415.16,81502,,163,"#",,,,1315,54927.64,*,,,,491,44452.71,,1125,108003.52,,456,67584.77,,1160,84871.46,30,350.08,616,12,1.8564356435644,0,0,0,0,0,51,540.42,48,*,,,*,,70.094059405941,39,97,44,22,120,82,159,14,,17,0,,49,153,1.107551980198
1487629515,Eggleston,Gary,E,MD,I,138 E Main St,,Westfield,NY,36,14787,7,"Small town core: primary flow within an urban cluster of 2,500 to 9,999",US,Family Practice,S,6516,13198.066666667,454886.03,383746,543,,5817,12169.633333333,419504.91,354935,,473,,984,342879.85,,5470,108507.29,,62,3498.89,,3402,264587.78,,3114,190298.25,,2250,151823.51,,4266,303062.52,193,6021.15,5382,55,2.9619398403929,30,2187.83,898,11,15.544041450777,131,1832.17,75,,20,1373.16,*,,72.622467771639,70,231,165,77,267,276,523,0,,,0,16,118,425,1.177215756794
1487636874,Petracca,Anthony,,M.D.,I,3 Irongate Center,,Glens Falls,NY,36,12801,1,"Metropolitan area core: primary flow within an urbanized area of 50,000 and greater",US,Family Practice,S,12172,21962.466666667,835969.07,640476,648,,10168,19400.5,695978.84,565890,,580,,1862,603198.8,,10225,229579.9,,85,3190.37,,7510,453344.91,,4662,382624.16,,2835,207393.41,,9337,628575.66,491,36070.95,13852,84,4.033848176142,63,24795.91,2130,,12.830957230143,185,3134.3,98,,33,3117.79,*,,73.146604938272,68,296,214,70,385,263,620,,,,,15,77,571,1.1037922751844
1487640900,Lam,Ching-Yin,,M.D.,I,8 Chatham Sq,Suite 206,New York,NY,36,10038,1,"Metropolitan area core: primary flow within an urbanized area of 50,000 and greater",US,Internal Medicine,S,34197,42444.5,2929754.95,1237397,834,,33959,42148.833333333,2920870.06,1228947,,823,,7684,2137533.45,,26198,781379.58,,315,10841.92,,20699,1786672.85,,13498,1143082.1,,31290,2667084.61,,2907,262670.34,,,,,,,,,,,735,5708.08,428,,246,2048.17,,40,80.580335731415,11,222,291,310,492,342,,,769,,0,55,663,171,1.4280599675936
1487646592,Sahler,Carl,P,M.D.,I,335 Parrish St,,Canandaigua,NY,36,14424,1,"Metropolitan area core: primary flow within an urbanized area of 50,000 and greater",US,Internal Medicine,S,9481,16596.733333333,475931.17,485599,575,,7907,14679.233333333,397989.98,430926,,527,,1173,285000.45,,8258,188453.94,,50,2476.78,,6620,323142.01,,2861,152789.16,,2147,120255.64,,7334,355675.53,488,24296.33,12399,75,5.1471363780192,71,9179.32,2122,,14.549180327869,142,2262.47,91,,15,183.13,*,,74.605217391304,48,247,192,88,304,271,545,0,,,0,27,56,519,0.98557823570215
1487655908,Schueler,William,C,D.O.,I,30 No. Union Rd,"#102",Williamsville,NY,36,14221,1,"Metropolitan area core: primary flow within an urbanized area of 50,000 and greater",US,Family Practice,S,5660,10057.233333333,263114.32,295064,394,,4800,8845.1333333333,203695.31,259980,,349,,726,150305.36,,4888,110478.81,,46,2330.15,,4421,187481.24,,1239,75633.08,,878,60186.54,,4782,202927.78,371,17548.32,9828,62,6.5547703180212,43,6083.18,1205,,11.590296495957,60,564.15,45,*,,,*,,72.97461928934,45,183,118,48,212,182,366,,,,0,,42,352,1.1706963157146
1487668968,Stratton,Jennifer,L,MD,I,161 Carey Rd,,Queensbury,NY,36,12804,1,"Metropolitan area core: primary flow within an urbanized area of 50,000 and greater",US,Family Practice,S,5891,11539.9,493525.87,332048,427,,3933,8649.0333333333,326939.64,250775,,310,,1002,348876.42,,4844,141677.15,,45,2972.3,,2882,182514.41,,3009,311011.46,,2638,220078.1,,3253,273447.77,158,7286.37,4007,41,2.6820573756578,17,4154.54,495,,10.759493670886,144,9565.77,78,,0,0,,0,68.381733021077,117,164,100,46,312,115,402,,,,0,11,139,288,1.2428059940571
1487673125,Edwards,Gerald,P,MD.,I,132 1/2 Albany Street,,Cazenoviz,NY,36,13035,2,"Metropolitan area high commuting: primary flow 30% or more to a urbanized area of 50,000 and greater",US,Family Practice,S,2743,6029.0333333333,213214.86,175170,268,,2303,5291.1,167645.26,154391,,235,,421,146940.46,,2278,64503.06,,44,1771.34,,1348,93532.23,,1395,119682.63,,416,48881.52,,2327,164333.34,66,14557.36,1531,15,2.4061246810062,19,13758.39,570,,28.787878787879,55,809.69,41,,14,391.32,*,,72.276119402985,33,121,88,26,128,140,245,,,,0,14,41,227,1.0617002083737
1487673281,Felstead,R,K,D.O.,I,30 N Union Rd,,Williamsville,NY,36,14221,1,"Metropolitan area core: primary flow within an urbanized area of 50,000 and greater",US,Family Practice,S,8120,15557.933333333,596011.97,455283,661,,6892,13551.966666667,505367.99,397357,,576,,1210,444450.96,,6777,145636.22,,133,5924.79,,5951,381398.38,,2169,214613.59,,1918,161216.39,,6202,434795.58,404,15215.51,10973,83,4.9753694581281,57,4750.2,1705,12,14.108910891089,96,972.98,69,,21,683.88,*,,71.78517397882,85,341,175,60,346,315,600,37,,,0,18,89,572,1.1160053748113
1487723375,Lipton,Mark,S,M.D.,I,635 Madison Ave,3rd Floor,New York,NY,36,10022,1,"Metropolitan area core: primary flow within an urbanized area of 50,000 and greater",US,Cardiology,S,3866,8539.9,387096.79,252107,294,"#",,,,,"#",,,829,275687.84,,3037,111408.95,,0,0,,196,31564.85,,3670,355531.94,,91,7627.27,,3775,379469.52,19,125.38,550,,0.49146404552509,0,0,0,,0,71,958.35,46,*,,,*,,78.102040816327,,,,,152,142,275,0,,,0,11,,,1.1546442176871
1487727475,Ng,Hung,F,M.D.,I,109 Lafayette Street,Suite 206,New York,NY,36,10013,1,"Metropolitan area core: primary flow within an urbanized area of 50,000 and greater",US,Internal Medicine,S,16710,27427.4,1660364.04,794702,670,,16634,27280.266666667,1653573.08,790359,,659,,3763,1273143.5,,12591,375742.21,,356,11478.33,,12983,1268256.68,,3727,392107.36,,15116,1544237.73,,1594,116126.31,136,1519.13,3776,79,0.81388390185518,,,,,,535,3149.16,317,,13,370.69,*,,76.217910447761,11,319,219,121,387,283,,,645,,0,22,546,124,1.0928893394765
1487795225,Distefano,Douglas,C,M.D.,I,1185 Park Ave Apt 1l,,New York,NY,36,10128,1,"Metropolitan area core: primary flow within an urbanized area of 50,000 and greater",US,Cardiology,S,5296,10337.366666667,362614.22,305602,500,,5093,10031.366666667,354199.04,296576,,467,"#",,,,4404,108222.39,*,,,,1496,94032.58,,3800,268581.64,,1090,76587.91,,4206,286026.31,22,300.05,324,,0.41540785498489,0,0,0,,0,68,468.73,39,,0,0,,0,74.742,33,222,177,68,294,206,270,92,25,89,0,24,117,383,1.3694556981387
1487802666,Tan,Shao Yue,,M.D.,I,5314 7th Ave,1fl,Brooklyn,NY,36,11220,1,"Metropolitan area core: primary flow within an urbanized area of 50,000 and greater",US,Family Practice,S,3483,3686.8,253449.91,105526,110,,3325,3513.1333333333,225920.09,100596,"#",,,647,183430.47,,2789,68819.77,,47,1199.67,,2778,186500.2,,705,66949.71,,3283,246255.76,,200,7194.15,0,0,0,0,0,0,0,0,0,,90,785.12,47,,0,0,*,,69.609090909091,,,,,51,59,,0,107,,0,0,,,1.1278527745037
1487811121,Collier,Trenton,,MD,I,156 William St Fl 7,,New York,NY,36,10038,1,"Metropolitan area core: primary flow within an urbanized area of 50,000 and greater",US,Internal Medicine,S,2956,5368.3,208492.31,158519,268,,2662,4950.0333333333,179803.63,146052,,251,,559,148839.8,,2368,58034.17,,29,1618.34,,1334,94879.49,,1622,113612.82,,1017,86719.91,,1939,121772.4,24,217.98,470,,0.81190798376184,0,0,0,,0,33,717.9,19,,0,0,,0,73.089552238806,17,149,75,27,134,134,174,36,,39,0,,60,208,1.11473824837
1487813275,Lessman,David,A,,I,177 Fort Washington Ave,,New York,NY,36,10032,1,"Metropolitan area core: primary flow within an urbanized area of 50,000 and greater",US,Nephrology,S,1260,2382.1666666667,116494.92,68464,124,"#",,,,,"#",,"#",,,,994,34261.14,*,,,,263,18886.61,,997,97608.31,,108,24615.07,,1152,91879.85,,,,,,,,,,,57,4538.59,26,*,,,*,,75.629032258065,,,,,60,64,90,,,11,0,,,,1.1751655690959
1487899118,Yu,Florence,,MD,I,535 E 70th St,,New York,NY,36,10021,1,"Metropolitan area core: primary flow within an urbanized area of 50,000 and greater",US,Internal Medicine,S,538,1044.7,34130.58,30289,104,,538,1044.7,34130.58,30289,,104,,103,24988.81,,435,9141.77,,0,0,*,,,"#",,,,11,508.1,,527,33622.48,,,,,,,,,,,13,103.02,12,,0,0,,0,76.769230769231,0,48,38,18,77,27,82,,,,0,,,,1.0147749338041
1487911715,Burnazi,Nadia,,D.O.,I,3245 Nostrand Ave,,Brooklyn,NY,36,11229,1,"Metropolitan area core: primary flow within an urbanized area of 50,000 and greater",US,Family Practice,S,3896,7644.6333333333,257086.87,220267,535,,3617,7181.1,244847.01,207280,,486,,645,172951.13,,3152,79702.19,,99,4433.55,,2810,181379.72,,1086,75707.15,,941,77012.22,,2955,180074.65,75,759.38,837,33,1.9250513347023,0,0,0,0,0,63,628.59,51,,0,0,,0,73.966355140187,49,244,168,74,372,163,180,297,,30,,26,106,429,1.2305018387568
1487972097,Hermos,Julia,E,MD,I,52 W 8th St,,New York,NY,36,10011,1,"Metropolitan area core: primary flow within an urbanized area of 50,000 and greater",US,Internal Medicine,S,1463,2598.6333333333,131807.89,74263,188,,1346,2411.6333333333,88460.25,69007,,174,,252,78843.23,,1198,52675.29,,13,289.37,,498,32338.78,,965,99469.11,,533,63693.05,,930,68114.84,28,193.25,514,14,1.9138755980861,,,,,,47,532.44,26,*,,,*,,72.829787234043,14,101,55,18,132,56,122,18,,34,0,,47,141,1.0965142891563
1497009252,Tsang,Cheong,,PHARM.D.,I,5535 Porter Rd,,Niagara Falls,NY,36,14304,1,"Metropolitan area core: primary flow within an urbanized area of 50,000 and greater",US,Pharmacist,T,40,40,6025.82,40,33,"#",,,,,"#",,,40,6025.82,,0,0,,0,0,,12,1875.81,,28,4150.01,,21,3041.42,,19,2984.4,0,0,0,0,0,0,0,0,0,,0,0,0,*,,,*,,70.424242424242,,,,,22,11,33,0,0,0,0,0,17,16,1.0889747474747
1497044895,Ringwala,Birju,H,D.O.,I,181 Belle Meade Rd,"Department Of Family Medicine, Suite 2",Setauket,NY,36,11733,1,"Metropolitan area core: primary flow within an urbanized area of 50,000 and greater",US,Family Practice,S,3889,9007.1,166576.88,263307,379,,3717,8671.5,158491.98,253830,,356,,776,98577.09,,3019,66530.49,,94,1469.3,"#",,,*,,,,309,14074.44,,3580,152502.44,155,3433.37,4156,37,3.9856004114168,19,385.74,540,,12.258064516129,62,866.13,42,,15,118.3,*,,73.065963060686,23,203,120,33,185,194,54,303,,,0,,24,355,1.1118596869236
1497702955,Judge,Stephen,R,M.D.,I,2400 S Clinton Ave,Building G,Rochester,NY,36,14618,1,"Metropolitan area core: primary flow within an urbanized area of 50,000 and greater",US,Internal Medicine,S,7101,13455.766666667,431336.96,391745,424,,6155,12162.433333333,367812.56,355495,,392,,873,284775.49,,6173,143105.62,,55,3455.85,,5506,348773.76,,1595,82563.2,,1123,85194.7,,5978,346142.26,233,10850.34,6118,37,3.2812279960569,55,7022.49,1845,,23.605150214592,98,2906.17,64,,13,138.3,*,,73.757075471698,32,206,140,46,207,217,370,21,,,0,24,32,392,0.98559625694625
1497709737,Curtin,Daniel,,M.D.,I,2870 State Route 21,,Wayland,NY,36,14572,10,"Rural areas: primary flow to a tract outside a urbanized area of 50,000 and greater or UC",US,Family Practice,S,9911,21115.433333333,941851.55,613244,460,,8540,18847.2,830097.02,548152,,409,,1635,707748.55,,8186,229626.01,,90,4476.99,,5445,474336.43,,4466,467515.12,,2174,191252.95,,7737,750598.6,375,38745.79,9777,53,3.7836747048734,113,31056.21,3390,11,30.133333333333,335,4256.54,179,,24,1208.3,*,,72.369565217391,51,213,158,38,251,209,443,,,,0,12,75,385,1.0678722826087
1497734743,Miarrostami,Rameen,,MD,I,7124 18th Ave,,Brooklyn,NY,36,11204,1,"Metropolitan area core: primary flow within an urbanized area of 50,000 and greater",US,Internal Medicine,S,14110,22463.733333333,1273665.34,658008,778,,12682,20477.266666667,1090330.28,600609,,696,,3159,1014895.73,,10734,250838.25,,217,7931.36,,7707,587809.29,,6403,685856.05,,6228,598899.03,,7882,674766.31,50,1666.2,1275,17,0.35435861091425,12,1380.28,360,,24,300,4615.86,200,,34,3786.42,*,,74.632390745501,82,303,254,139,483,295,546,90,12,113,0,17,197,581,1.3907223227537
1497749808,Gonzalez-Klayman,Noemi,,MD,I,155 Crystal Run Rd,,Middletown,NY,36,10941,1,"Metropolitan area core: primary flow within an urbanized area of 50,000 and greater",US,Internal Medicine,S,8449,15411.2,484257.36,439505,710,,7586,14031.666666667,445072.32,399442,,620,,1422,306830.16,,6947,173286.96,,80,4140.24,,1877,121167.61,,6572,363089.75,,5447,362270.24,,3002,121987.12,123,3887.76,2713,51,1.4557935850396,29,1619.98,534,,23.577235772358,127,2030.01,94,,93,3496.11,,19,74.905633802817,90,264,218,138,540,170,444,48,,204,0,,301,409,1.4784701050126
1497751523,Dechiario,Alan,A,M.D.,I,635 Madison Ave,Fl 8,New York,NY,36,10022,1,"Metropolitan area core: primary flow within an urbanized area of 50,000 and greater",US,Internal Medicine,S,5201,8667.0333333333,406081.46,249772,289,,5108,8476.3666666667,396789.77,244266,"#",,"#",,,,4287,110384.8,*,,,,175,18434.63,,5026,387646.83,,183,26399.84,,5018,379681.62,83,2766.48,1950,25,1.5958469525091,13,1029.4,390,,15.66265060241,219,24077.27,107,,0,0,*,,76.093425605536,,,,,140,149,245,,,,0,21,,,0.9734806805075
1497761407,Lustbader,Ian,J,MD,I,245 East 35th Street,,New York,NY,36,10016,1,"Metropolitan area core: primary flow within an urbanized area of 50,000 and greater",US,Internal Medicine,S,3843,8364.7666666667,528584.75,246030,326,,3718,8165.1,513837.77,240331,"#",,"#",,,,3191,105827.57,*,,,,733,62238.12,,3110,466346.63,,225,30777.77,,3618,497806.98,13,206.43,367,,0.33827738745772,0,0,0,,0,104,7121.46,59,*,,,*,,74.233128834356,,,,,174,152,272,17,,,0,20,19,307,1.1029382087749
1497773402,Fallick,Nina,,MD,I,70 E 90th St,,New York,NY,36,10128,1,"Metropolitan area core: primary flow within an urbanized area of 50,000 and greater",US,Internal Medicine,S,3802,8054.9333333333,264942.95,234867,487,,3773,7989.9333333333,262646.36,232970,"#",,"#",,,,2997,81535.36,*,,,,1357,85546.1,,2445,179396.85,,143,9950.54,,3659,254992.41,,,,,,,,,,,106,1158.07,87,,0,0,*,,75.422997946612,,,,,392,95,392,36,,27,,27,12,475,0.90599247091033
1497783054,Racco,Alex,,DO,I,1870 Richmond Rd,,Staten Island,NY,36,10306,1,"Metropolitan area core: primary flow within an urbanized area of 50,000 and greater",US,Internal Medicine,S,19462,44134.7,2091521.88,1295526,1424,,18145,41898.866666667,1862913.98,1230819,,1316,,3440,1586492,,15883,496671.92,,139,8357.96,,9059,706634.72,,10403,1384887.16,,3484,640713.43,,15978,1450808.45,213,7203.4,6079,99,1.0944404480526,11,1166.75,330,,5.1643192488263,590,20030.08,369,,64,4687.52,,15,74.945224719101,108,580,535,201,882,542,1303,11,18,70,0,22,148,1276,1.1913139689572
1497830269,Rogg,Gary,I,MD,I,19 Bradhurst Ave,Suite 3090n,Hawthorne,NY,36,10532,1,"Metropolitan area core: primary flow within an urbanized area of 50,000 and greater",US,Internal Medicine,S,5148,9674.0333333333,468274.06,279362,511,,4667,8937.8,425886.81,258906,,448,,897,336251.56,,4214,130497.63,,37,1524.87,,1374,107901.56,,3774,360372.5,,1051,103039.76,,4097,365234.3,114,3251.25,3004,24,2.2144522144522,18,437.42,540,,15.789473684211,186,2768.59,115,*,,,*,,73.86301369863,63,214,134,100,329,182,335,81,14,59,0,22,105,406,1.3965606673938
1497837090,Mui,Wingtat,,M.D.,I,81 Elizabeth St,Rm 601,New York,NY,36,10013,1,"Metropolitan area core: primary flow within an urbanized area of 50,000 and greater",US,Internal Medicine,S,21206,24787.633333333,2094876.54,717036,669,,20176,23672.2,1965641.62,686281,,633,,5259,1647940.53,,15596,433170.51,,351,13765.5,,15627,1602910.27,,5579,491966.27,,20047,2012977.99,,1159,81898.55,45,333.6,622,28,0.21220409318118,0,0,0,0,0,379,2332.94,242,,29,275.47,*,,73.60687593423,36,365,181,87,359,310,,,643,,0,13,575,94,1.164903836572
1497847578,Wong,Tina,,M.D.,I,762 59th St,,Brooklyn,NY,36,11220,1,"Metropolitan area core: primary flow within an urbanized area of 50,000 and greater",US,Family Practice,S,13185,14263,1440541.03,415230,594,,12601,13671.666666667,1394905.17,398022,,563,,3982,1157327.04,,8990,275971.63,,213,7242.36,,10033,1100765.69,,3152,339775.34,,12651,1399037.46,,534,41503.57,,,,,,,,,,,195,1414.92,150,,21,732.53,*,,73.939393939394,31,322,175,66,349,245,,,579,,0,,552,42,1.1737946257887
1497848600,Goldner,Eli,R,MD,I,Mmg - Cross County,1010 Central Park Avenue,Yonkers,NY,36,10704,1,"Metropolitan area core: primary flow within an urbanized area of 50,000 and greater",US,Internal Medicine,S,7135,14715.4,602105.19,431461,732,,6425,13559.1,559088.48,397990,,658,,1179,433925.97,,5877,165480.78,,79,2698.44,,4529,351612.77,,2606,250492.42,,1727,143157.66,,5408,458947.53,96,10939.41,2651,30,1.3454800280308,,,,,,110,1515.51,86,,12,288.62,*,,73.196721311475,74,343,221,94,420,312,302,236,,122,,48,157,575,1.1445519401188
1497852909,Dilorenzo,James,V,MD,I,407 Gidney Ave,,Newburgh,NY,36,12550,1,"Metropolitan area core: primary flow within an urbanized area of 50,000 and greater",US,Internal Medicine,S,5973,14604.533333333,449296.13,425099,540,,5651,13856.2,429760.17,403846,,510,,859,302536.85,,5088,145567.39,,26,1191.89,,1118,51681.01,,4855,397615.12,,490,40233.06,,5483,409063.07,44,890.16,812,17,0.73664825046041,,,,,,256,2884.44,172,,23,312.16,*,,75.474074074074,30,227,198,85,307,233,495,11,,21,0,,31,509,1.0022572322296
1497892160,Globus,David,L,M.D.,I,340 E 72nd St,,New York,NY,36,10021,1,"Metropolitan area core: primary flow within an urbanized area of 50,000 and greater",US,Internal Medicine,S,694,1396,41814.15,40302,74,,694,1396,41814.15,40302,,74,,138,29524.95,,556,12289.2,,0,0,,28,3092.84,,666,38721.31,,24,302,,670,41512.15,,,,,,,,,,,20,300.64,12,,0,0,,0,77.891891891892,0,25,31,18,38,36,64,,0,0,0,,,,0.98697297297297
1497937718,Sakach,Maria,T,PHARMD,I,4407 Military Rd,,Niagara Falls,NY,36,14305,1,"Metropolitan area core: primary flow within an urbanized area of 50,000 and greater",US,Pharmacist,T,47,47,7554.08,47,42,,47,47,7554.08,47,,42,,47,7554.08,,0,0,,0,0,*,,,"#",,,,0,0,,47,7554.08,0,0,0,0,0,0,0,0,0,,0,0,0,,0,0,,0,78.309523809524,0,,17,,27,15,40,0,,,0,0,0,42,0.81395238095238
1497993711,Zheng,Yan Hong,,P.A.,I,451 Clarkson Ave,"'D Bldg, 5th Fl",Brooklyn,NY,36,11203,1,"Metropolitan area core: primary flow within an urbanized area of 50,000 and greater",US,Physician Assistant,S,2568,3483.4333333333,180504.07,102090,214,,2535,3435.4333333333,175114.73,100666,"#",,,489,124488.12,,2040,54515,,39,1500.95,,2279,163471.41,,289,17032.66,,2465,175278.94,,103,5225.13,0,0,0,0,0,0,0,0,0,,23,142.01,19,*,,,*,,73.448598130841,,,,,123,91,,0,212,0,0,,198,16,1.1856818535826
1508088105,Murphy,Dana,,M.D.,I,90 S Bedford Rd,Care Mount Medical Pc,Mount Kisco,NY,36,10549,1,"Metropolitan area core: primary flow within an urbanized area of 50,000 and greater",US,Internal Medicine,S,3398,6926.4,175054.35,203049,389,,3134,6648.3666666667,161785.77,195139,,367,"#",,,,2891,70431.04,*,,,,869,39724.32,,2529,135330.03,,614,42779.03,,2784,132275.32,14,210.54,346,,0.41200706297822,0,0,0,,0,57,3921.71,47,,0,0,,0,74.766066838046,22,172,142,53,330,59,347,,,12,0,16,42,347,0.96424291237113
1508806712,Morales,Javier,,M.D.,I,2200 Northern Blvd,Suite 133,Greenvale,NY,36,11548,1,"Metropolitan area core: primary flow within an urbanized area of 50,000 and greater",US,Internal Medicine,S,7550,17354.133333333,1387464.4,509610,714,,7197,16683.533333333,1297400.47,490162,,682,,1824,1159635.21,,5606,218464.65,,120,9364.54,,541,98990.28,,7009,1288474.12,,2139,443354.21,,5411,944110.19,92,9338.43,2482,63,1.2185430463576,14,6008.91,395,,15.217391304348,208,3104.78,153,,59,3348.79,,24,79.049019607843,32,188,283,211,439,275,595,19,14,73,0,13,135,579,2.0384617854057
1508817974,Reed,John,,MD,I,575 Hudson Valley Ave,Suite 201,New Windsor,NY,36,12553,1,"Metropolitan area core: primary flow within an urbanized area of 50,000 and greater",US,Family Practice,S,7985,16398.666666667,549048.8,480947,596,,7420,15454.666666667,500151.92,453469,,560,,1133,386878.93,,6806,160584.92,,46,1584.95,,2165,120111.1,,5820,428937.7,,1648,104233.82,,6337,444814.98,227,14307.5,6136,41,2.8428303068253,29,6378.84,870,,12.775330396476,232,3767.38,147,,30,563.07,*,,73.872483221477,36,296,196,68,337,259,509,28,,38,,14,80,516,1.0798838877203
1508820242,Weingarten,Elizabeth,A,MD,I,112 Olean St,Suite 220,East Aurora,NY,36,14052,2,"Metropolitan area high commuting: primary flow 30% or more to a urbanized area of 50,000 and greater",US,Family Practice,S,5806,10993.266666667,359508.59,319435,382,,5255,10211.133333333,335009.01,297815,,345,,842,255275.2,,4951,103742.63,,13,490.76,,4281,251337.42,,1525,108171.17,,1095,80472.43,,4711,279036.16,72,9252.76,2477,22,1.2400964519463,17,7906.81,705,,23.611111111111,124,1218.55,90,*,,,*,,73.253926701571,37,178,112,55,264,118,370,,,0,0,11,53,329,1.1350764254946
1508820689,Montera,Mark,A,MD,I,1561 Rte 9w,,Lake Katrine,NY,36,12449,1,"Metropolitan area core: primary flow within an urbanized area of 50,000 and greater",US,Family Practice,S,5614,11942.466666667,388517.55,349910,455,,5089,11181.166666667,354896.47,327694,,408,,864,279954.38,,4727,107623.21,,23,939.96,,1670,93037.19,,3944,295480.36,,1104,70679.28,,4510,317838.27,91,11581.65,1943,35,1.6209476309227,26,10254.1,778,,28.571428571429,146,4731.95,99,*,,,*,,73.606593406593,47,192,150,66,225,230,412,12,,13,,12,68,387,1.1864303168152
1508833872,Kan,Sang,,M.D.,I,19 Bowery St,"2nd Floor, Suite 8",New York,NY,36,10002,1,"Metropolitan area core: primary flow within an urbanized area of 50,000 and greater",US,Internal Medicine,S,11912,15623.1,1100823.93,458983,761,,11640,15258.766666667,1063228.6,448358,,736,,2329,792400.78,,9380,300890.54,,203,7532.61,,9524,852892.88,,2388,247931.05,,10869,1026206.5,,1043,74617.43,,,,,,,,,,,79,362.68,71,,59,1590.64,,12,75.053876478318,25,391,224,121,403,358,,,739,,0,11,633,128,1.055761552821
1508857558,Smith,Marla,H,FNP,I,6 Hampden Pl,,Utica,NY,36,13502,1,"Metropolitan area core: primary flow within an urbanized area of 50,000 and greater",US,Nurse Practitioner,S,5627,8575.7333333333,339706.84,251096,344,,4138,6650.1,253205.63,195038,,273,,868,232220.62,,4700,105114.46,,59,2371.76,,2933,175128.98,,2694,164577.86,,2326,168243.27,,3301,171463.57,173,8840.53,5025,38,3.0744624133641,31,3647.75,930,,17.919075144509,92,1021.89,68,*,,,*,,69.877906976744,71,170,70,33,235,109,315,,,,0,,104,240,1.0452623422975
1508860446,Cox,George,R,M.D.,I,257 Lafayette Ave,Suite 285,Suffern,NY,36,10901,1,"Metropolitan area core: primary flow within an urbanized area of 50,000 and greater",US,Internal Medicine,S,6968,11588.766666667,544457.51,325947,370,,5998,10287,426244.25,288908,,335,,1225,312398.74,,5701,230619.66,,42,1439.11,,2376,182790.51,,4592,361667,,3317,278144.11,,3651,266313.4,434,38231.97,12002,67,6.2284730195178,116,21022.74,3465,11,26.728110599078,150,23650.98,80,,92,1716.32,,16,77.5,35,116,117,102,224,146,298,36,,17,,14,116,254,1.4104666941198
1508863275,Diminico,Carlo,,M.D.,I,30 Columbia St,,Poughkeepsie,NY,36,12601,1,"Metropolitan area core: primary flow within an urbanized area of 50,000 and greater",US,Internal Medicine,S,10820,20628.933333333,655939.47,596746,1033,,9905,19382.066666667,573025.53,562517,,944,,1443,464015.33,,9327,189260.84,,50,2663.3,,3655,209814.3,,7165,446125.17,,1733,100966.37,,9087,554973.1,162,5274.63,3955,45,1.4972273567468,,,,,,350,4149.87,223,,44,532.64,,11,74.812197483059,89,425,348,171,517,516,874,65,12,37,0,45,121,912,1.261029497353
1508864505,Komin,Maria,J,M.D.,I,7300 Porter Rd,,Niagara Falls,NY,36,14304,1,"Metropolitan area core: primary flow within an urbanized area of 50,000 and greater",US,Family Practice,S,7966,14518.866666667,371111.51,425364,524,,7451,13796.066666667,348865.99,404529,,497,,1088,240012.01,,6801,127421.07,,77,3678.43,,5952,271133.53,,2014,99977.98,,1108,54347.75,,6858,316763.76,137,2985.17,3820,26,1.7198091890535,,,,,,158,1570.5,102,,15,108.43,*,,75.421755725191,27,229,186,82,437,87,497,,,,,,42,482,1.0777659900532
1508886219,Tan,Catherine,C,M.D.,I,300 White Spruce Blvd,Suite 100,Rochester,NY,36,14623,1,"Metropolitan area core: primary flow within an urbanized area of 50,000 and greater",US,Internal Medicine,S,5163,10833.533333333,287271.39,317529,399,,4758,10237.9,243528.92,300420,,377,,643,173293.98,,4497,112883.3,,23,1094.11,,4401,242920.59,,762,44350.8,,610,57369.89,,4553,229901.5,119,3016.51,3344,33,2.3048615146233,,,,,,131,1394.05,76,,18,724.08,*,,73.759398496241,22,210,117,50,244,155,311,37,22,,,25,31,368,1.0301674354686
1508892258,Kerpen,Howard,O,M.D.,I,1575 Hillside Ave,Suite 102,New Hyde Park,NY,36,11040,1,"Metropolitan area core: primary flow within an urbanized area of 50,000 and greater",US,Internal Medicine,S,5229,12490.8,427325.29,369624,489,,5099,12196.8,415348.9,360877,,478,"#",,,,4309,123248.67,*,,,,759,31972.76,,4470,395352.53,,227,22424.51,,5002,404900.78,42,1198.39,1160,15,0.80321285140562,0,0,0,0,0,96,1096.92,73,,14,1124.74,*,,76.406952965235,11,230,145,103,271,218,440,,,,0,27,17,472,1.149216516769
1508927013,Caracta,Antonio,,MD,I,491 Bard Ave,,Staten Island,NY,36,10310,1,"Metropolitan area core: primary flow within an urbanized area of 50,000 and greater",US,Cardiology,S,6758,15734.5,736099.97,461361,398,,6276,14768.066666667,679246.21,433126,,378,,1276,563823.06,,5467,171191.49,,15,1085.42,,2586,225941.06,,4172,510158.91,,870,119834.89,,5888,616265.08,166,5696.74,4629,32,2.4563480319621,0,0,0,0,0,265,4349.02,134,,27,441.11,*,,77.402010050251,20,134,146,98,235,163,318,16,18,25,0,21,37,361,1.2995891389596
1508929563,Thomas,Nicole,,MD,I,96-10 Metropolitan Avenue,,Forest Hills,NY,36,11375,1,"Metropolitan area core: primary flow within an urbanized area of 50,000 and greater",US,Family Practice,S,6935,15963.966666667,666190.41,471161,790,,6217,14456.333333333,582371.58,426911,,715,,1347,502568.02,,5422,155308.37,,166,8314.02,,5232,465137.27,,1703,201053.14,,2498,287025.79,,4437,379164.62,16,236.27,362,,0.23071377072819,,,,,,86,810.83,69,,24,470.19,*,,74.150632911392,75,343,253,119,530,260,363,185,43,160,,,188,602,1.3429127060838
1508933581,Sirianni,Samuel,R,MD,I,1 Colomba Dr,"Ste #2",Niagara Falls,NY,36,14305,1,"Metropolitan area core: primary flow within an urbanized area of 50,000 and greater",US,Internal Medicine,S,17053,31601.9,1258808.6,920496,980,,15306,28786,1119252.8,839356,,884,,2706,943451.56,,14162,307432.73,,185,7924.31,,13210,902939.64,,3843,355868.96,,2295,206755.12,,14758,1052053.48,135,1527.99,3331,71,0.79164956312672,,,,,,582,5167.95,343,,16,204.08,*,,75.204081632653,96,384,296,204,572,408,919,25,,11,,22,109,871,1.2146017764862
1508939281,Caputo,Deborha,M,CS-FNP,I,974 Route 45,Suite 2000,Pomona,NY,36,10970,1,"Metropolitan area core: primary flow within an urbanized area of 50,000 and greater",US,Nurse Practitioner,S,2228,3135.9333333333,828703.69,76204,876,,1875,2721,531441.46,64967,,811,,973,772425.33,,1234,55553.31,,21,725.05,,280,26730.61,,1948,801973.08,,491,255477.88,,1737,573225.81,,,,,,,,,,,38,3859.26,22,,0,0,,0,73.926940639269,65,404,314,93,577,299,746,41,19,36,0,34,111,765,1.0692763798056
1508947540,Fucito,Christopher,D,D.O.,I,1243 Pennsylvania Ave,,Pine City,NY,36,14871,1,"Metropolitan area core: primary flow within an urbanized area of 50,000 and greater",US,Family Practice,S,8885,18593.666666667,680039.29,545582,776,,7872,16996.866666667,611728.08,499882,,678,,1233,475150.13,,7599,202374.75,,53,2514.41,,5164,356513.15,,3721,323526.14,,1315,114214.38,,7570,565824.91,172,7916.49,4184,55,1.9358469330332,25,5095.65,720,,14.53488372093,85,1697.6,56,,14,1700.28,*,,71.748711340206,98,394,213,71,415,361,750,,,,0,15,106,670,1.0512786778218
1508951179,Surman,Laura,,FNP,I,7980 State Rte 12,,Barneveld,NY,36,13304,2,"Metropolitan area high commuting: primary flow 30% or more to a urbanized area of 50,000 and greater",US,Nurse Practitioner,S,8125,14894.1,623357.38,435533,436,,6676,12847.766666667,512062.1,376113,,378,,1337,447188.04,,6722,173165.05,,66,3004.29,,4150,321898.15,,3975,301459.23,,3006,276974.06,,5119,346383.32,298,13444.77,7100,63,3.6676923076923,20,6191.49,584,,6.7114093959732,151,3966.98,98,,18,5956.52,*,,72.699541284404,58,189,136,53,265,171,422,,0,,0,,111,325,1.1104867825138
1508958141,Kolensky,Claire,D,M.D.,I,850 Fulton Street Ste. 2,"Premier Internal Medicine, Pllc",Farmingdale,NY,36,11735,1,"Metropolitan area core: primary flow within an urbanized area of 50,000 and greater",US,Internal Medicine,S,5874,14479.9,487139.93,424725,575,,5599,14014.4,479268.29,411400,,538,,910,320877.16,,4941,164999.68,,23,1263.09,,1015,70048.76,,4859,417091.17,,644,49377.94,,5230,437761.99,38,681.09,773,16,0.64691862444671,0,0,0,0,0,162,2177.95,116,*,,,*,,74.179130434783,37,260,196,82,353,222,533,,,16,0,15,46,529,1.133372317906
1508965484,Feldman,Robert,,MD,I,4101 Medical Center Dr,,Fayetteville,NY,36,13066,1,"Metropolitan area core: primary flow within an urbanized area of 50,000 and greater",US,Family Practice,S,9469,19044.066666667,840559.01,558952,628,,7841,16579.566666667,687789.59,488378,,537,,1890,675100.55,,7415,160018.36,,164,5440.1,,4738,349080.44,,4731,491478.57,,3161,265808.24,,6308,574750.77,362,16610.6,11040,55,3.823001372901,15,5823.88,690,,4.1436464088398,114,715.18,90,,14,453.66,*,,72.353503184713,91,260,208,69,287,341,556,36,13,,,18,124,504,1.0915080944013
1518011303,Ng,Vincent,,MD,I,156 William St Fl 7,,New York,NY,36,10038,1,"Metropolitan area core: primary flow within an urbanized area of 50,000 and greater",US,Internal Medicine,S,4883,7055.4666666667,284306.38,207198,277,,4614,6716.4666666667,268429.99,197475,,257,,936,210951.13,,3892,71211.52,,55,2143.73,,2786,167449.25,,2097,116857.13,,2867,192082.07,,2016,92224.31,41,678.12,706,16,0.83964775752611,,,,,,58,3618.21,45,,30,1841.9,*,,75.393501805054,20,116,83,58,146,131,101,56,48,60,0,12,105,172,1.3810900476585
1518037639,Pagan,Diane,E,NP,I,210 Westchester Ave,,West Harrison,NY,36,10604,1,"Metropolitan area core: primary flow within an urbanized area of 50,000 and greater",US,Nurse Practitioner,S,982,1570.2,52292.67,40921,305,,964,1552.2,49643.93,40529,"#",,,159,22804.2,,823,29488.47,,0,0,,218,11775.04,,764,40517.63,,92,5347.78,,890,46944.89,,,,,,,,,,,117,1599.33,103,,16,306.03,*,,76.081967213115,,,,,183,122,271,,,,0,15,20,285,0.92656415969851
1518058908,Weinberg,Marc,A,MD,I,200 West Carver Street,,Huntington,NY,36,11743,1,"Metropolitan area core: primary flow within an urbanized area of 50,000 and greater",US,Cardiology,S,3820,9093.5666666667,381987.31,269760,361,"#",,,,,"#",,,733,286167.71,,3076,95508.18,,11,311.42,,195,13978.59,,3625,368008.72,,113,12036.64,,3707,369950.67,37,924.14,1007,,0.96858638743456,0,0,0,,0,49,819.32,25,*,,,*,,78.163434903047,,,,,165,196,333,,,,0,18,11,350,1.123458910434
1518126655,Halper,Todd,A,M.D.,I,55 Maple Ave Ste 102,,Rockville Centre,NY,36,11570,1,"Metropolitan area core: primary flow within an urbanized area of 50,000 and greater",US,Family Practice,S,5642,10344.333333333,552677.91,288543,573,,4334,8548.9333333333,388675.93,241193,,473,,1070,409631.06,,4520,140608.12,,52,2438.73,,1750,184454.71,,3892,368223.2,,1263,163385.9,,4379,389292.01,65,767.01,1319,27,1.1520737327189,0,0,0,0,0,346,4588.39,217,,0,0,,0,69.061082024433,100,317,120,36,283,290,444,51,11,34,0,33,84,489,0.88895779638832
1518205020,Lang,Shenghua,,,I,234 E 149th St,,Bronx,NY,36,10451,1,"Metropolitan area core: primary flow within an urbanized area of 50,000 and greater",US,Internal Medicine,S,2444,5577.6,111775.73,161509,606,,2239,5210.3,91840.26,151356,,549,,495,67810.2,,1905,43296.36,,44,669.17,,2432,111047.23,,12,728.5,,760,41594.55,,1684,70181.18,163,2889.79,3835,79,6.6693944353519,,,,,,62,1505.18,51,*,,,*,,73.915841584158,57,285,188,76,409,197,356,58,35,144,,,98,508,1.2949945657106
1518258003,You,Lu,,MD,I,350 E 17th St,20 Baird Hall,New York,NY,36,10003,1,"Metropolitan area core: primary flow within an urbanized area of 50,000 and greater",US,Internal Medicine,S,7401,10822.633333333,773948.68,314952,802,,6983,10276.033333333,733200.68,299239,,757,,1810,560127.34,,5528,212027.87,,63,1793.47,,5676,612758.4,,1725,161190.28,,6914,742739.68,,487,31209,,,,,,,,,,,109,3206.91,91,*,,,*,,73.602244389027,45,438,228,91,439,363,,,771,,0,19,724,78,1.1486526118679
1518932441,Maggio,Russell,P,M.D.,I,125 Lattimore Rd,Suite 256,Rochester,NY,36,14620,1,"Metropolitan area core: primary flow within an urbanized area of 50,000 and greater",US,Internal Medicine,S,5896,10580.333333333,393003.98,306085,851,,5651,10220.666666667,376650.73,295843,,818,,936,276927.5,,4931,114698.39,,29,1378.09,,5001,314172.77,,895,78831.21,,471,31940.1,,5425,361063.88,146,6748.77,4435,47,2.4762550881954,16,4606.98,796,,10.958904109589,118,1298.51,87,,26,6365.69,*,,74.27732079906,33,446,281,91,455,396,758,42,,14,,33,46,805,1.0241073728472
1518949833,Varavenkataraman,Raghupathy,,MD,I,1026 Union Rd,,West Seneca,NY,36,14224,1,"Metropolitan area core: primary flow within an urbanized area of 50,000 and greater",US,Internal Medicine,S,12056,23556.733333333,918022.31,690947,774,,11091,21930,835725.86,643610,,708,,1905,698915.46,,10027,214633.68,,124,4473.17,,8354,616439.32,,3702,301582.99,,2249,201782.02,,9807,716240.29,180,5726.01,5217,34,1.4930325149303,31,2095.49,930,,17.222222222222,208,2749.41,145,*,,,*,,73.819121447028,66,371,224,113,443,331,728,12,,14,,19,98,676,1.2908419130741
1518954726,Locke,Mitchell,R,MD,I,410 Lakeville Rd,Suite 209,Lake Success,NY,36,11042,1,"Metropolitan area core: primary flow within an urbanized area of 50,000 and greater",US,Gastroenterology,S,3704,7822.9,262824.13,228151,354,,3523,7480.9,256801.38,218261,,332,"#",,,,3169,88154,*,,,,1072,71139.64,,2632,191684.49,,282,24423.84,,3422,238400.29,,,,,,,,,,,125,3871.5,70,,0,0,,0,73.19209039548,22,206,91,35,212,142,270,37,,22,,17,23,331,0.88424223163842
1518965052,Hauptman,Allen,S,MD,I,317 E 34th St,,New York,NY,36,10016,1,"Metropolitan area core: primary flow within an urbanized area of 50,000 and greater",US,Internal Medicine,S,6588,13964.733333333,331705.33,412727,656,,6555,13913.066666667,328137.99,411266,"#",,"#",,,,5662,142126,*,,,,241,8585.09,,6347,323120.24,,111,9627.16,,6477,322078.17,28,306.07,798,,0.42501517911354,0,0,0,,0,112,1537.7,85,*,,,*,,76.69512195122,,,,,355,301,561,12,22,14,0,47,11,645,0.98216001153586
1518975291,Landau,Steven,R,MD,I,15 N Broadway,2nd Floor,White Plains,NY,36,10601,1,"Metropolitan area core: primary flow within an urbanized area of 50,000 and greater",US,Gastroenterology,S,3694,8538.4,717596.72,247779,551,,3521,8265.4,592945.51,240266,,520,"#",,,,3156,127216.97,*,,,,753,98807.34,,2941,618789.38,,460,80658.74,,3234,636937.98,19,672.95,433,,0.5143475906876,0,0,0,,0,95,33534.94,50,*,,,*,,75.352087114338,31,238,201,81,313,238,399,85,,33,,21,57,494,1.3117650190487
1518982982,Klausner,Eric,G,M.D.,I,4104 State Highway 30,,Amsterdam,NY,36,12010,2,"Metropolitan area high commuting: primary flow 30% or more to a urbanized area of 50,000 and greater",US,Family Practice,S,6352,12057.3,469101.5,350087,489,,5710,11134,423026.33,324328,,437,,960,340337.31,,5342,125969.23,,50,2794.96,,3347,249568.64,,3005,219532.86,,1531,118640.65,,4821,350460.85,173,4129.01,4591,47,2.7235516372796,14,378.93,347,,8.0924855491329,167,4117.33,94,,23,343.14,*,,73.979550102249,52,217,147,73,285,204,452,,,11,0,19,97,392,1.2336362692752
1518985399,D'Abbracio,Carol,,N.P.,I,180 E Pulaski Rd,,Huntington Station,NY,36,11746,1,"Metropolitan area core: primary flow within an urbanized area of 50,000 and greater",US,Nurse Practitioner,S,4824,10292.2,439966.94,301397,734,,4013,9030.1,329293.47,264867,,645,,925,350992.76,,3853,86422.8,,46,2551.38,,1108,92433.42,,3716,347533.52,,1333,178598.97,,3491,261367.97,20,147.35,469,,0.41459369817579,0,0,0,,0,128,2208.25,108,,14,172.63,*,,73.280653950954,89,310,225,110,424,310,586,64,14,43,0,27,118,616,1.129360540883
1518989516,Cunningham-Rundles,Ward,F,M.D.,I,240 East 68th Street,,New York City,NY,36,10065,1,"Metropolitan area core: primary flow within an urbanized area of 50,000 and greater",US,Internal Medicine,S,3520,6393.0666666667,316555.36,185937,165,"#",,,,,"#",,"#",,,,3000,119746.94,*,,,,153,5133.42,,3367,311421.94,,190,7070.7,,3330,309484.66,54,3028.25,1373,14,1.5340909090909,,,,,,102,3638.17,61,*,,,*,,76.284848484848,,,,,104,61,147,,0,,0,13,,,1.0918906315714
1528003209,Vukman,Ronald,,M.D.,I,2135 Buffalo Rd,,Rochester,NY,36,14624,1,"Metropolitan area core: primary flow within an urbanized area of 50,000 and greater",US,Internal Medicine,S,9466,16288.666666667,639299.66,473153,707,,7658,13969.9,493609,407300,,621,,1143,399108.65,,8262,237416.35,,61,2774.66,,6979,438773.47,,2487,200526.19,,3134,247086.66,,6332,392213,586,60828.53,17171,101,6.1905768011832,32,5175.32,872,,5.4607508532423,167,19569.1,111,,46,2180.57,,15,72.659123055163,86,333,195,93,389,318,533,117,13,19,0,25,145,562,1.1289305801024
1528008596,Rodgers,Thomas,P,MD,I,455 Maple St,Suite 1,Big Flats,NY,36,14814,1,"Metropolitan area core: primary flow within an urbanized area of 50,000 and greater",US,Family Practice,S,5395,11435.533333333,411446.77,334287,278,,5047,10986.733333333,387471.76,321447,,254,,684,278239.28,,4674,131286.81,,37,1920.68,,2656,214214.46,,2739,197232.31,,1228,74300.24,,4167,337146.53,150,8082.63,4209,53,2.7803521779425,16,4599.75,600,,10.666666666667,86,3982.4,57,,60,2736.75,,14,76.345323741007,24,86,105,63,137,141,270,,0,,0,,48,230,1.5691848770031
1528013091,Kang,Hea-Shin,,M.D.,I,143-08 Roosevelt Ave,"#l-2",Flushing,NY,36,11354,1,"Metropolitan area core: primary flow within an urbanized area of 50,000 and greater",US,Internal Medicine,S,14758,17676.9,1738370.49,520295,351,,14346,17223.933333333,1708514.83,507173,"#",,,4480,1529395.72,,10041,202196.37,,237,6778.4,,6636,726185.44,,8122,1012185.05,,13559,1695033.33,,1199,43337.16,102,2249.64,2845,41,0.69115056240683,0,0,0,0,0,184,2084.15,113,*,,,*,,75.948717948718,,,,,219,132,,0,325,,0,21,295,56,1.1879535753933
1528020898,Cicilline,Michelle,S,M.D.,I,200 Red Creek Dr,Suite 100,Rochester,NY,36,14623,1,"Metropolitan area core: primary flow within an urbanized area of 50,000 and greater",US,Family Practice,S,3611,6052.6,261592.03,173590,319,,2931,5133.6666666667,221080.53,147734,,264,,536,185631.34,,3044,74562.03,,31,1398.66,,2574,175371.09,,1037,86220.94,,1159,80136.91,,2452,181455.12,87,1405.6,1690,30,2.4093049016893,,,,,,112,1813.23,69,,14,760.48,*,,70.670846394984,55,146,78,40,222,97,281,17,,,0,,66,253,1.2227369904765
1528024668,Snyder,Lily,J,MD,I,194 Washington Ave,,Batavia,NY,36,14020,4,"Micropolitan area core: primary flow within an urban cluster of 10,000 to 49,999",US,Family Practice,S,7595,14012.566666667,684964.5,402210,632,,5470,10707.6,483975.02,308146,,496,,1416,525623.63,,6087,153433.47,,92,5907.4,,4260,307447.67,,3335,377516.83,,3476,411429.56,,4119,273534.94,517,17213.4,12716,89,6.8071099407505,81,7606.74,2389,12,15.667311411992,113,1738.04,76,,15,248.44,*,,71.443037974684,136,241,162,93,410,222,599,,,,0,17,173,459,1.3275258170926
1528032695,Mcmahon,Kevin,C,M.D.,I,112 Olean St,Suite 220,East Aurora,NY,36,14052,2,"Metropolitan area high commuting: primary flow 30% or more to a urbanized area of 50,000 and greater",US,Family Practice,S,10135,17279.566666667,396855.3,505718,542,,9097,15830.766666667,350253.19,463263,,493,,1080,246986.08,,9032,148827.1,,23,1042.12,,8107,310609.69,,2028,86245.61,,1421,75763.8,,8714,321091.5,225,4202.52,5502,53,2.2200296003947,0,0,0,0,0,190,2865.26,122,*,,,*,,73.215867158672,49,261,172,60,273,269,522,,0,,0,19,51,491,1.0992493116673
1528045416,Schwalb,David,,MD,I,111 Sullivan Ave,Liberty Medical Group,Ferndale,NY,36,12734,10,"Rural areas: primary flow to a tract outside a urbanized area of 50,000 and greater or UC",US,Internal Medicine,S,14547,32313.566666667,1805363.82,951161,1116,,12080,27805.866666667,1517415.82,819308,,935,,2636,1459380.71,,11718,334171.4,,193,11811.71,,3862,352452.85,,10685,1452910.97,,4396,547334.32,,10151,1258029.5,446,15521.34,12021,104,3.0659242455489,26,2618.62,780,,5.8295964125561,354,4243.59,235,,19,2362.59,*,,72.225806451613,181,468,342,125,598,518,1009,34,,38,,24,277,839,1.1367933431976
1528047057,Bezdicek,Petr,,MD,I,70 Hatfield Ln,Suite 101,Goshen,NY,36,10924,1,"Metropolitan area core: primary flow within an urbanized area of 50,000 and greater",US,Pulmonary Disease,S,5801,9534.3333333333,1802834.37,263717,556,,4936,8346.3666666667,1603739.69,232372,,482,"#",,,,3381,127023.72,*,,,,897,246097.09,,4904,1556737.28,,1408,415612.4,,4393,1387221.97,88,4741.37,2022,33,1.5169798310636,15,3173.41,450,,17.045454545455,294,5574.85,149,,0,0,,0,73.077338129496,74,221,203,58,327,229,497,15,,21,,20,92,464,1.9042577619358
1528064961,Ratner,Sanford,M,M.D.,I,295 Community Dr,,Great Neck,NY,36,11021,1,"Metropolitan area core: primary flow within an urbanized area of 50,000 and greater",US,Pulmonary Disease,S,3507,7430.5333333333,551997.33,216440,451,,3367,7181.8666666667,535094.69,209280,,428,,959,466261.08,,2534,84714.42,,14,1021.83,,462,71917.28,,3045,480080.05,,346,102225,,3161,449772.33,59,9966.75,1335,16,1.6823495865412,20,8100.8,544,,33.898305084746,91,865.03,58,*,,,*,,75.647450110865,23,188,162,78,254,197,410,,,,0,18,40,411,1.4269407716241
1528072576,Hollander,Ira,J,MD,I,3060 Ocean Ave,Suite Lo,Brooklyn,NY,36,11235,1,"Metropolitan area core: primary flow within an urbanized area of 50,000 and greater",US,Internal Medicine,S,8938,17712.533333333,763847.9,517784,632,,8494,16834.633333333,705053.22,491815,,603,,1693,561539.29,,7103,194670.16,,142,7638.45,,1289,97356.29,,7649,666491.61,,2610,275916.5,,6328,487931.4,39,990.85,1039,13,0.43633922577758,0,0,0,0,0,293,8320.75,179,,0,0,,0,75.860759493671,29,283,189,131,385,247,573,13,,,0,31,96,536,1.1133821783467
1528077666,Dubey,Anil,K,M.D.,I,123 W 86th St,,New York,NY,36,10024,1,"Metropolitan area core: primary flow within an urbanized area of 50,000 and greater",US,Internal Medicine,S,2985,4663.1666666667,176259.01,131693,355,,2648,4200.1666666667,162271.06,118614,,331,,432,110831.19,,2541,64697.35,,12,730.47,,1585,95820.62,,1400,80438.39,,992,76633.44,,1993,99625.57,58,2521.01,1170,23,1.9430485762144,,,,,,145,5611.94,101,*,,,*,,72.614084507042,24,209,90,32,184,171,233,41,,47,,25,63,292,0.87103619488067
1528098647,Apostolakos,Michael,J,MD,I,601 Elmwood Ave,Box Med,Rochester,NY,36,14642,1,"Metropolitan area core: primary flow within an urbanized area of 50,000 and greater",US,Pulmonary Disease,S,71,72.8,10125.97,1051,37,"#",,,,,"#",,,59,10008.4,"#",,,*,,,,50,7195.97,,21,2930,,22,2959.49,,49,7166.48,0,0,0,0,0,0,0,0,0,,,,,*,,,*,,74.837837837838,,,,,17,20,24,,,,0,,,,1.4085472972973
1528128808,Ridge,Gerald,,MD,I,14 Studio Arc,,Bronxville,NY,36,10708,1,"Metropolitan area core: primary flow within an urbanized area of 50,000 and greater",US,Internal Medicine,S,2160,4878.0333333333,123987.25,143030,225,,2070,4723.3333333333,114870.81,138585,"#",,"#",,,,1850,44571.78,*,,,,844,43727.85,,1316,80259.4,,425,42282.79,,1735,81704.46,98,1741.2,1975,23,4.537037037037,,,,,,39,902.24,27,,27,634.83,*,,79.408888888889,,,,,126,99,183,15,,13,,11,29,196,1.3945882105534
1528140597,Jiang,Baoen,,M.D.,I,8 Chatham Sq,Suite 301,New York,NY,36,10038,1,"Metropolitan area core: primary flow within an urbanized area of 50,000 and greater",US,Internal Medicine,S,46001,51465.633333333,5746975.03,1499272,954,,44050,49412.566666667,5489227.86,1439417,,912,,14283,4801338.1,,30730,910753.89,,988,34883.04,,35851,4547699.81,,10150,1199275.22,,44227,5592093.19,,1774,154881.84,21,126.29,239,19,0.045651181496054,0,0,0,0,0,465,3305.19,293,,76,524.12,,12,75.200209643606,42,472,278,162,530,424,,,922,,0,18,840,114,1.3206283626911
1528142460,Gradner,Jill,,,I,1783 Route 9,Suite 102,Halfmoon,NY,36,12065,1,"Metropolitan area core: primary flow within an urbanized area of 50,000 and greater",US,Internal Medicine,S,7331,15985.933333333,628789.79,467153,681,,6837,15246.566666667,573614.11,446366,,653,,1189,448906.81,,6095,178226.53,,47,1656.45,,4116,306070.71,,3215,322719.08,,925,111245.37,,6406,517544.42,244,6750.01,5073,66,3.3283317419179,14,3019.44,660,,5.7377049180328,161,2541.51,104,,19,780.89,*,,74.678414096916,28,341,219,93,486,195,646,,,,,17,43,638,0.9929173872418
1528145034,Bendit,Ezra,,MD,I,1181 Old Country Rd,Ezra Bendit Md,Plainview,NY,36,11803,1,"Metropolitan area core: primary flow within an urbanized area of 50,000 and greater",US,Internal Medicine,S,6756,16272.4,485578.72,478263,698,,6429,15728.4,462553.82,462524,,672,,1013,291282.24,,5720,192883.33,,23,1413.15,,1017,61128.32,,5739,424450.4,,421,27157.13,,6335,458421.59,133,5033.66,2558,36,1.9686204854944,39,3022.98,1110,,29.323308270677,98,905.13,79,,0,0,,0,75.510028653295,26,329,239,104,376,322,633,13,11,,,33,27,671,1.0015686863813
1528151735,Gonzalez,Angel,,MD,I,101 Pennsylvania Avenue,,Brooklyn,NY,36,11207,1,"Metropolitan area core: primary flow within an urbanized area of 50,000 and greater",US,Internal Medicine,S,10420,18093.2,987678.16,529796,538,,9211,16440.866666667,867704.8,482637,,464,,1807,731745.8,,7937,220294.02,,676,35638.34,,8603,791890.43,,1817,195787.73,,9165,876670.05,,1255,111008.11,70,1260.87,1779,26,0.67178502879079,0,0,0,0,0,45,307.57,34,,18,477.25,*,,71.617100371747,74,256,165,43,351,187,25,45,14,448,,,414,124,1.2192179470448
1528155694,Pelzman,Fred,,MD,I,"505 E 70th St # Ht-4",,New York,NY,36,10021,1,"Metropolitan area core: primary flow within an urbanized area of 50,000 and greater",US,Internal Medicine,S,4136,6049.0333333333,269868.79,176896,432,,3518,5351.9666666667,228636.48,156858,,365,,683,210849.18,,3347,53431.77,,106,5587.84,,1648,94581.4,,2488,175287.39,,2693,166509.15,,1443,103359.64,59,725.98,1131,16,1.426499032882,0,0,0,0,0,23,289.67,21,*,,,*,,71.877314814815,67,189,136,40,265,167,151,121,,126,,21,228,204,1.4655914989204
1528177193,Foote,Michael,M,MD,I,3 Honeoye Commons,,Honeoye,NY,36,14471,2,"Metropolitan area high commuting: primary flow 30% or more to a urbanized area of 50,000 and greater",US,Family Practice,S,7255,12631.466666667,535154.7,365793,540,,5505,10043.4,368918.54,291986,,444,,1099,388316.79,,6071,143396.34,,85,3441.57,,4857,296778.93,,2398,238375.77,,1929,201810.87,,5326,333343.83,273,15963.96,7182,57,3.762922122674,39,8363.49,1290,,14.285714285714,163,13956.62,91,*,,,*,,71.175925925926,96,233,158,53,281,259,518,,0,,0,19,107,433,1.0325320455975
1528345394,Yang,Zhigang,,D.O,I,133-29 41rd,Suite 1a,Flushing,NY,36,11355,1,"Metropolitan area core: primary flow within an urbanized area of 50,000 and greater",US,General Practice,S,9829,11447.133333333,1029297.78,326589,267,,8926,10493.433333333,913591.41,299682,,251,,2089,767155.64,,7611,258804.39,,129,3337.75,,8208,906599.64,,1621,122698.14,,9731,1022298.63,,98,6999.15,47,792.13,805,20,0.47817682368501,0,0,0,0,0,188,6156.04,115,,33,432.39,,11,71.086142322097,16,186,48,17,139,128,0,0,262,,0,,,,1.0110255930087
1528401007,Thomashefski,Matthew,,MD,I,127 West Main Street,Leroy Medical Associates,Leroy,NY,36,14482,3,"Metropolitan area low commuting: primary flow 10% to <30% to a urbanized area of 50,000 and greater",US,Family Practice,S,7960,14428.4,453904.94,419777,465,,7000,13109.066666667,417271.71,381778,,407,,1186,309548.04,,6677,139025,,97,5331.9,,5617,309998.7,,2343,143906.24,,1631,106297.27,,6329,347607.67,379,22533.12,10275,65,4.7613065326633,47,12843.32,1177,,12.401055408971,202,2483.25,103,*,,,*,,72.320430107527,58,207,154,46,167,298,435,13,,,0,14,82,383,1.1879387415841
1528473287,Woods,Kelly,A,FNP,I,5000 Brittonfield Pkwy Ste A100,,East Syracuse,NY,36,13057,1,"Metropolitan area core: primary flow within an urbanized area of 50,000 and greater",US,Nurse Practitioner,S,2750,6308.5666666667,311600.75,184269,319,,2464,5755.7333333333,197952.55,168699,,298,,453,232221.5,,2264,78411.41,,33,967.84,,1195,152415.35,,1555,159185.4,,426,119922.41,,2324,191678.34,59,3789.45,1901,22,2.1454545454545,,,,,,73,1039.93,59,*,,,*,,73.968652037618,21,163,92,43,247,72,285,17,,,0,12,25,294,1.0518477413974
1528498284,Yakubov,Melekhem,,M.D,I,215 E 95th St,,New York,NY,36,10128,1,"Metropolitan area core: primary flow within an urbanized area of 50,000 and greater",US,Internal Medicine,S,11204,19638.633333333,696146.95,577678,704,,10271,18175.2,623013.61,535219,,623,,1571,472183.28,,9348,214519.59,,285,9444.08,,7273,451830.45,,3931,244316.5,,4598,291291.11,,6606,404855.84,,,,,,,,,,,49,345.28,44,,0,0,,0,73.705965909091,81,289,249,85,464,240,96,356,11,228,0,13,230,474,1.2634771004643
1528498649,Nguyen,Tram,,PHARMD,I,5564 Broadway,,Bronx,NY,36,10463,1,"Metropolitan area core: primary flow within an urbanized area of 50,000 and greater",US,Pharmacist,T,56,56,8650.61,56,46,"#",,,,,"#",,,56,8650.61,,0,0,,0,0,,30,4741.63,,26,3908.98,,14,2127.48,,42,6523.13,0,0,0,0,0,0,0,0,0,,0,0,0,*,,,*,,74.130434782609,,,,,21,25,39,0,,,0,0,,,1.1701739130435
1538128764,Mendonza,Lisa,M,M.D.,I,2914 Elmwood Ave,,Kenmore,NY,36,14217,1,"Metropolitan area core: primary flow within an urbanized area of 50,000 and greater",US,Family Practice,S,5621,11426.8,533063.69,330281,429,,5284,10838.6,509812.88,313854,,399,,1092,406375.23,,4489,124712.39,,40,1976.07,,3995,323763.54,,1626,209300.15,,682,69298.64,,4939,463765.05,297,10437.6,8044,67,5.2837573385519,22,5880.15,660,,7.4074074074074,213,3603.21,126,*,,,*,,74.771561771562,30,190,141,68,305,124,405,,,,,,39,390,1.1396332075087
1538141601,Coppens,Thomas,B,M.D.,I,3 Irongate Center,,Glens Falls,NY,36,12801,1,"Metropolitan area core: primary flow within an urbanized area of 50,000 and greater",US,Family Practice,S,4662,9070.9333333333,356389.35,262878,461,,4049,8234.3,313733.24,239026,,412,,747,240399.3,,3870,114527.67,,45,1462.38,,3147,246775.37,,1515,109613.98,,596,45372.86,,4066,311016.49,224,18611.5,5646,67,4.8048048048048,53,14510.63,1445,12,23.660714285714,78,12355.53,51,*,,,*,,73.811279826464,49,204,145,63,241,220,447,,0,,0,,44,417,1.1911265615651
1538156989,Raskin,Jonathan,M,M.D.,I,1000 Park Ave,,New York,NY,36,10028,1,"Metropolitan area core: primary flow within an urbanized area of 50,000 and greater",US,Pulmonary Disease,S,3179,4986.2666666667,551124.61,142700,198,,3142,4940.6,541474.37,141434,"#",,"#",,,,2178,65334.7,*,,,,83,6655.43,,3096,544469.18,,439,60103.2,,2740,491021.41,12,954.31,515,,0.37747719408619,,,,,,107,25590.3,53,*,,,*,,78.676767676768,,,,,133,65,169,,,11,0,,12,186,1.3834856902357
1538157011,Tyberg,Theodore,I,MD,I,425 E 61st St,6th Floor,New York,NY,36,10065,1,"Metropolitan area core: primary flow within an urbanized area of 50,000 and greater",US,Internal Medicine,S,5560,12125.6,739505.84,358908,597,,5546,12097.6,739325.46,358093,"#",,"#",,,,4418,154591.75,*,,,,113,16094.93,,5447,723410.91,,66,15277.46,,5494,724228.38,81,1329.68,2322,25,1.4568345323741,11,79.2,330,,13.58024691358,107,1306.76,75,*,,,*,,79.628140703518,,,,,312,285,561,,,,0,23,,,1.2191172378151
1538163191,Sun,Yin,,MD,I,185 Canal St Suite 506,,New York,NY,36,10013,1,"Metropolitan area core: primary flow within an urbanized area of 50,000 and greater",US,Internal Medicine,S,13976,19452.533333333,1557978.62,541079,528,,13374,18646,1509005.92,519232,,492,,3544,1275355.6,,10370,280299.98,,62,2323.04,,12084,1328885.58,,1892,229093.04,,13588,1543559.14,,388,14419.48,15,271.4,160,13,0.10732684602175,0,0,0,0,0,773,3463.71,315,,12,71.09,*,,70.882575757576,36,371,87,34,277,251,,0,509,,0,13,491,37,1.2316339975325
1538163944,Blanchfield,James,P,MD,I,739 Irving Ave,Ste 200,Syracuse,NY,36,13210,1,"Metropolitan area core: primary flow within an urbanized area of 50,000 and greater",US,Internal Medicine,S,7912,17486.7,613933.84,510395,673,,7615,16891.366666667,595775.26,492989,,641,,1124,429369.29,,6725,181356.35,,63,3208.2,,3140,233589.41,,4772,380344.43,,565,55266.85,,7347,558666.99,115,6697.1,2745,43,1.453488372093,,,,,,200,4039.65,125,*,,,*,,76.151560178306,32,280,228,133,320,353,602,28,,,,32,40,633,1.0218030446725
1538169404,Nakao,Michael,,MD,I,5 Palisades Dr,Ste 100,Albany,NY,36,12205,1,"Metropolitan area core: primary flow within an urbanized area of 50,000 and greater",US,Pulmonary Disease,S,3150,5071.4666666667,1271987.92,114814,1253,,2813,4456.7666666667,1106971.95,98547,,1144,,2580,1255169.32,,570,16818.6,,0,0,,1668,674212.05,,1482,597775.87,,688,300424.78,,2462,971563.14,,,,,,,,,,,99,1187.33,69,,0,0,,0,72.739026336792,109,679,365,100,710,543,1135,44,12,12,0,50,190,1063,1.233628316377
1538171160,Cowell-Kusak,Kristi,M,M.D.,I,3101 Ridge Rd W,Bldg C,Rochester,NY,36,14626,1,"Metropolitan area core: primary flow within an urbanized area of 50,000 and greater",US,Internal Medicine,S,1469,3198.8666666667,60113.77,93945,120,,1390,3038.8666666667,56762.67,89336,"#",,"#",,,,1325,29746.24,*,,,,1204,49464.86,,265,10648.91,,111,7433.04,,1358,52680.73,,,,,,,,,,,28,238.2,19,*,,,*,,71.641666666667,,,,,63,57,105,,0,,0,,,,0.89260416666667
1538198866,Clark,Nancy,S,M.D.,I,601 Elmwood Ave,Box Med,Rochester,NY,36,14642,1,"Metropolitan area core: primary flow within an urbanized area of 50,000 and greater",US,Internal Medicine,S,2721,5620,137962.65,164937,205,,2482,5288.8,122382.86,155413,,183,,330,85937.89,,2376,51395.72,,15,629.04,,1959,86261.09,,762,51701.56,,328,26828.53,,2393,111134.12,28,367.14,590,15,1.0290334435869,,,,,,37,351.97,26,,11,188.01,*,,73.131707317073,22,101,52,30,125,80,166,20,,,,11,32,173,1.1322615935565
1538201231,Leddy,Vincent,R,M.D.,I,160 4th St,,Brentwood,NY,36,11717,1,"Metropolitan area core: primary flow within an urbanized area of 50,000 and greater",US,Internal Medicine,S,5574,8423.0666666667,683577.68,240896,411,,3999,6288.2,484958.34,180265,,317,,1369,573844.1,,4109,102118.12,,96,7615.46,,2477,243419.43,,3097,440158.25,,3177,407397.02,,2397,276180.66,31,1144.58,915,18,0.55615357014711,,,,,,171,5636.22,120,,53,838.01,,18,69.776155717762,94,174,111,32,227,184,138,38,,222,0,,209,202,1.2936136700556
1538221015,Halloran,Owen,J,MD,I,1450 Western Ave Ste 102,"Anesthesia Group Of Albany, Pc",Albany,NY,36,12203,1,"Metropolitan area core: primary flow within an urbanized area of 50,000 and greater",US,Anesthesiology,S,1897,1929.1666666667,291716.72,14225,1323,,1804,1836,278921.21,13376,,1256,,1886,290669.44,,11,1047.28,,0,0,,714,108901.15,,1183,182815.57,,291,43440.48,,1606,248276.24,0,0,0,0,0,0,0,0,0,,0,0,0,,0,0,,0,73.802721088435,67,676,451,129,748,575,1251,,,,0,58,177,1146,0.9250700518196
1538227392,Sinha,Keisha,,M.D.,I,1509 Rockaway Pkwy,,Brooklyn,NY,36,11236,1,"Metropolitan area core: primary flow within an urbanized area of 50,000 and greater",US,Internal Medicine,S,3159,6870.5,366047.54,200557,240,,2753,6084.4333333333,319791.26,177594,,213,,613,279140.01,,2502,85379.28,,44,1528.25,,1937,240211.98,,1222,125835.56,,1717,237061.63,,1442,128985.91,76,2902.79,1812,29,2.4058246280469,0,0,0,0,0,83,2531.76,57,*,,,*,,72.308333333333,27,121,72,20,173,67,46,154,,18,,19,94,146,1.3273052175517
1538227905,Englard,Arthur,,"M.D., PH.D.",I,2 West 67th Street,,New York,NY,36,10023,1,"Metropolitan area core: primary flow within an urbanized area of 50,000 and greater",US,Internal Medicine,S,2711,3417.1333333333,1840262.57,99910,102,,2196,2833.3333333333,1186222.25,82961,"#",,"#",,,,1751,88735.82,*,,,,444,162880.59,,2267,1677381.98,,532,527151.95,,2179,1313110.62,23,786.09,626,,0.84839542604205,0,0,0,,0,60,2223.95,34,,0,0,*,,72.71568627451,,,,,41,61,69,,,12,0,,,,0.98312745098039
1538245626,Lerner,Gary,N,MD,I,6915 Yellowstone Blvd,,Forest Hills,NY,36,11375,1,"Metropolitan area core: primary flow within an urbanized area of 50,000 and greater",US,Internal Medicine,S,6643,14809.8,563761.24,436742,508,,6420,14412.8,530140.48,424978,,490,,1010,343597.74,,5612,219118.01,,21,1045.49,,3066,282582.23,,3577,281179.01,,1161,187280.15,,5482,376481.09,158,2239.29,3647,42,2.3784434743339,0,0,0,0,0,117,2796.12,79,,15,10150.38,*,,77.61811023622,18,205,148,137,308,200,412,17,28,40,0,11,59,449,1.2476643287402
1538262464,Lee,Kwok-Man,,M.D.,I,198 Canal St,Suite 404,New York,NY,36,10013,1,"Metropolitan area core: primary flow within an urbanized area of 50,000 and greater",US,Internal Medicine,S,12094,20987.566666667,1546141.93,616033,491,,11619,20324.833333333,1484085.48,596827,,468,,3366,1298073.31,,8655,245761.93,,73,2306.69,,10071,1198495.84,,2023,347646.09,,10586,1384418.92,,1508,161723.01,,,,,,,,,,,286,1481.45,200,,69,655.55,,11,74.12016293279,23,249,169,50,238,253,0,,463,,0,24,369,122,1.0968302174981
1538486576,Herbst,Brian,A,D.O.,I,3345 Southwestern Blvd,,Orchard Park,NY,36,14127,1,"Metropolitan area core: primary flow within an urbanized area of 50,000 and greater",US,Family Practice,S,8991,17140.5,760736.58,494583,988,,7778,15323.1,634711.67,442227,,906,,1560,566747.68,,7351,190831.91,,80,3156.99,,5868,441007.25,,3123,319729.33,,1535,164123.03,,7456,596613.55,484,32129.86,13628,148,5.3831609387165,90,20317.9,2671,20,18.595041322314,322,2396.51,227,*,,,*,,73.855263157895,82,454,320,132,532,456,934,13,0,11,0,30,88,900,1.2582070691509
1407801798,Clerk,Harnath,B,MD,I,2610 William St,,Newfane,NY,36,14108,2,"Metropolitan area high commuting: primary flow 30% or more to a urbanized area of 50,000 and greater",US,Internal Medicine,S,31517,44973.733333333,2138109.14,1234916,1106,,26397,37837.266666667,1688839.56,1035408,,948,,5555,1537518.76,,25687,587419.64,,275,13170.74,,17244,1027068.27,,14273,1111040.87,,16553,1174152.08,,14964,963957.06,773,24569.88,18366,206,2.4526446044992,89,10620.32,2519,20,11.513583441138,1016,24950.98,451,,265,18831.74,,41,74.563291139241,158,401,320,227,652,454,1062,11,,,0,17,354,752,1.6147238542216
1407821986,Brautigam,Donald,F,MD,I,138 E Main St,,Westfield,NY,36,14787,7,"Small town core: primary flow within an urban cluster of 2,500 to 9,999",US,Family Practice,S,4455,9382.3666666667,476021.48,273422,415,,4184,8889.4666666667,448812.89,259451,,376,,802,390568.49,,3575,81633.31,,78,3819.68,,2441,229028.09,,2014,246993.39,,964,94693.7,,3491,381327.78,279,20662.73,7603,64,6.2626262626263,65,15252.14,1950,17,23.297491039427,54,464.09,38,,27,354.77,*,,74,39,175,138,63,232,183,402,0,,,0,,89,326,1.1958041976774
1407841356,Rudloff,Mary,E,PA,I,33 North Main,,Cassadaga,NY,36,14718,6,"Micropolitan low commuting: primary flow 10% to <30% to a urban cluster of 10,000 to 49,999",US,Physician Assistant,S,9694,17134.466666667,954562.29,499216,476,,7521,14098.266666667,779506.15,411461,,393,,1949,774513.72,,7672,175922.17,,73,4126.4,,5662,531881.49,,4032,422680.8,,3579,375980.14,,6115,578582.15,381,10928.3,10712,61,3.9302661440066,22,1604.86,660,,5.7742782152231,279,6645.55,150,,25,560.14,*,,71.586134453782,83,210,130,53,274,202,446,,,16,0,11,120,356,1.1996038627359
1407844145,Murak,Daniel,J,M.D.,I,1026 Union Rd,,West Seneca,NY,36,14224,1,"Metropolitan area core: primary flow within an urbanized area of 50,000 and greater",US,Family Practice,S,6379,13508,431234.1,395838,517,,5822,12673,407135.16,371543,,484,,982,303514.62,,5346,125697.89,,51,2021.59,,4453,308912.56,,1926,122321.54,,852,69273.74,,5527,361960.36,314,10859.39,8410,50,4.9224016303496,50,2917.72,1485,,15.923566878981,61,472.8,46,,11,1476.6,*,,73.402321083172,33,270,160,54,285,232,510,,0,0,0,,40,477,1.0850325060032
1407879026,Chan,Cindy,H,M.D.,I,1201 Nott St,Suite 102,Schenectady,NY,36,12308,1,"Metropolitan area core: primary flow within an urbanized area of 50,000 and greater",US,Internal Medicine,S,8067,14875.6,603596.49,434323,423,,7400,13997.2,575838.61,409275,,398,,1498,425002.73,,6522,175155.18,,47,3438.58,,4936,356604.96,,3131,246991.53,,1075,58250.3,,6992,545346.19,177,5251.15,4592,31,2.1941242097434,18,880.76,765,,10.169491525424,183,7588.48,97,,21,643.44,*,,75.839243498818,25,171,150,77,295,128,401,,,,0,,30,393,1.2857607233716
1407883457,Plansky,Bernard,J,M.D.,I,61f Monroe Ave.,,Pittsford,NY,36,14534,1,"Metropolitan area core: primary flow within an urbanized area of 50,000 and greater",US,Family Practice,S,4134,7910.7666666667,348181.44,229367,231,,3781,7411.7666666667,314880.87,215031,,213,,476,233768.72,,3642,113908.07,,16,504.65,,3484,219123.73,,650,129057.71,,351,38509.04,,3783,309672.4,205,18512.83,5866,27,4.958877600387,39,13779.89,1276,,19.024390243902,125,1626,71,*,,,*,,71.519480519481,18,146,54,13,125,106,208,,,,0,12,13,218,1.0385024565326
1407885387,Wallerson,Donald,C,MD,I,2310 Eastchester Rd,,Bronx,NY,36,10469,1,"Metropolitan area core: primary flow within an urbanized area of 50,000 and greater",US,Cardiology,S,6641,10565.633333333,570328.97,311870,378,,5457,8767.8666666667,477540.62,258702,,322,,1230,441343.48,,5334,125283.67,,77,3701.82,,3701,322806.23,,2940,247522.74,,3646,359418.66,,2995,210910.31,81,932.39,2380,17,1.2196958289414,0,0,0,0,0,74,924.26,46,,18,210.31,*,,73.415343915344,56,162,96,64,243,135,83,176,13,97,,,142,236,1.6546862954743
1407896152,Dempsey,George,P,M.D.,I,200 Pantigo Pl,Suite I,East Hampton,NY,36,11937,4.1,"Secondary flow 30% to <50% to a urbanized area of 50,000 and greater",US,Family Practice,S,3933,6341.7,372312.18,176480,477,,3578,5876.6,343298.42,164539,,436,,806,298809.6,,3098,71365.9,,29,2136.68,,542,33160.36,,3391,339151.82,,1083,99252.13,,2850,273060.05,77,2110.83,1502,21,1.9577930333079,25,1562.35,477,,32.467532467532,157,1767.44,110,,40,1967.02,*,,73.511530398323,41,221,167,48,241,236,402,15,,39,,15,101,376,1.0798287716764
1407919145,Shen,Kuan,H,M.D.,I,139 Centre St,Suite 709,New York,NY,36,10013,1,"Metropolitan area core: primary flow within an urbanized area of 50,000 and greater",US,Internal Medicine,S,14619,19981.233333333,1154642.46,588905,934,,14095,19312.233333333,1088320.28,569231,,895,,2637,802122.6,,11793,344194.2,,189,8325.66,,11619,860459.68,,3000,294182.78,,13606,1113465.65,,1013,41176.81,,,,,,,,,,,84,729.51,72,*,,,*,,72.649892933619,39,599,208,88,508,426,,,905,,0,15,833,101,1.1021331945376
1407927593,Devoe,Craig,,MD,I,The Monter Cancer Center,450 Lakeville Road,Lake Success,NY,36,11042,1,"Metropolitan area core: primary flow within an urbanized area of 50,000 and greater",US,Hematology,S,595,697.86666666667,1027884.83,17232,101,,530,618.36666666667,947474.78,15268,,88,,189,1011835.07,,406,16049.76,,0,0,,187,169825.06,,408,858059.77,,82,304485.06,,513,723399.77,34,1255.34,556,21,5.7142857142857,,,,,,22,229.93,17,*,,,*,,74.019801980198,13,32,43,13,48,53,70,,,,0,,15,86,2.5592389446971
1407937485,Ambler,Kristin,,M.D.,I,128 Boynton Ave,,Plattsburgh,NY,36,12901,4,"Micropolitan area core: primary flow within an urban cluster of 10,000 to 49,999",US,Internal Medicine,S,4220,10075,589398.47,293374,494,,4053,9776.4333333333,566712.72,284963,,472,,1009,486538.21,,3163,99444.48,,48,3415.78,,935,99212.76,,3285,490185.71,,446,77394.31,,3774,512004.16,54,862.64,1348,25,1.2796208530806,0,0,0,0,0,52,1127.26,34,*,,,*,,75.63967611336,22,201,195,76,235,259,466,,,,0,16,30,464,1.1124022654007
1407962509,Charap,Peter,J,MD,I,234 Central Park West,Suite One,New York,NY,36,10024,1,"Metropolitan area core: primary flow within an urbanized area of 50,000 and greater",US,Internal Medicine,S,5443,9271.9,312416.68,270414,441,,5382,9158.9,311103.37,267268,"#",,"#",,,,4559,97633.53,*,,,,1498,84073.8,,3945,228342.88,,309,18666.81,,5134,293749.87,40,1286.76,1262,17,0.73488884806173,,,,,,144,1915.23,84,*,,,*,,75.791383219955,,,,,249,192,366,20,,18,,30,17,424,0.88393197278912
1407965510,Mcguire,John,F,MD,I,53 W Main St,,Victor,NY,36,14564,1,"Metropolitan area core: primary flow within an urbanized area of 50,000 and greater",US,Family Practice,S,4393,8386.8,211045.42,242775,421,,4030,7869.8,198136.43,228249,,387,,614,137591.07,,3765,73066.25,,14,388.1,,2992,131208.48,,1401,79836.94,,786,36314.69,,3607,174730.73,,,,,,,,,,,151,2263.39,98,*,,,*,,73.301662707838,34,206,138,43,217,204,402,,,,0,13,57,364,1.0362615276846
1407969959,Rupik,Aleksander,J,M.D.,I,600 Ivy St,Suite 205,Elmira,NY,36,14905,1,"Metropolitan area core: primary flow within an urbanized area of 50,000 and greater",US,Internal Medicine,S,12471,24576.733333333,1269917.39,724982,548,,10918,22311.533333333,1039668.89,658630,,501,,1970,894562.52,,10368,365716.93,,133,9637.94,,5762,552197.89,,6709,717719.5,,4090,447979.98,,8381,821937.41,167,3433.04,3882,60,1.3391067276081,,,,,,181,24197.76,93,,11,159.62,*,,74.578467153285,47,238,173,90,324,224,522,,,,0,12,101,447,1.0882727167864
1407999378,Fagelman,Andrew,,M.D.,I,155 Spring St,4th Floor,New York,NY,36,10012,1,"Metropolitan area core: primary flow within an urbanized area of 50,000 and greater",US,Internal Medicine,S,903,1969,86288.69,57242,110,,818,1771.5,71086.36,51505,,99,"#",,,,670,25650.05,*,,,,299,27945.66,,604,58343.03,,279,39037.27,,624,47251.42,,,,,,,,,,,16,160.51,14,*,,,*,,69.827272727273,11,70,,,52,58,80,,,14,0,,24,86,0.86137878787879
1417016221,Chen,Yuchun,,MD,I,13633 37th Ave,Suite 6a,Flushing,NY,36,11354,1,"Metropolitan area core: primary flow within an urbanized area of 50,000 and greater",US,Internal Medicine,S,4815,5074.3333333333,427864.4,148631,199,,4737,4982.3333333333,415435.69,145881,"#",,,1011,324465.96,,3702,99823.24,,102,3575.2,,4093,380345.27,,722,47519.13,,4488,398352.15,,327,29512.25,0,0,0,0,0,0,0,0,0,,42,231,25,,33,242.31,*,,76.437185929648,,,,,112,87,,,179,,0,,176,23,1.3935424125476
1417026675,Reddy,Dayakar,K,M.D.,I,602 Ivy St,,Elmira,NY,36,14905,1,"Metropolitan area core: primary flow within an urbanized area of 50,000 and greater",US,Internal Medicine,S,7528,15948.9,630521.27,469641,550,,6510,14511.733333333,543769.48,428045,,479,,1105,451779.37,,6351,175272.55,,72,3469.35,,4030,325576.66,,3498,304944.61,,1794,131866.46,,5734,498654.81,231,6871.43,6383,66,3.0685441020191,38,2817.87,1260,,16.450216450216,102,49141.15,59,,26,415.31,*,,73.854545454545,71,220,171,88,263,287,506,18,,,0,,108,442,1.3386212127684
1417032285,Giorgio,Dawn,,PA,I,3 Irongate Ctr,,Glens Falls,NY,36,12801,1,"Metropolitan area core: primary flow within an urbanized area of 50,000 and greater",US,Physician Assistant,S,3164,5020.8,237226.31,140859,332,,2304,3883.3,181961.29,109466,,263,,571,168414.86,,2561,66544.71,,32,2266.74,,1884,131354.41,,1280,105871.9,,1315,104463.56,,1849,132762.75,112,1645.29,1723,31,3.5398230088496,0,0,0,0,0,110,2389.87,72,*,,,*,,70.364457831325,69,136,87,40,234,98,313,,,,0,13,98,234,1.1562280905424
1417049727,Liakeas,George,P,M.D.,I,139 E 57th St,8th Floor,New York,NY,36,10022,1,"Metropolitan area core: primary flow within an urbanized area of 50,000 and greater",US,Family Practice,S,1981,3140,211535.05,89421,186,,1806,2897,199537.87,83048,"#",,"#",,,,1446,42928.23,*,,,,711,56844.87,,1270,154690.18,,175,22594.56,,1806,188940.49,50,567.48,664,18,2.5239777889955,0,0,0,0,0,78,6291.75,49,,17,397.61,*,,74.188172043011,,,,,104,82,152,,,13,,,16,170,1.0098380714774
1417098310,Zeiger,Douglas,J,,I,109 E.38th Street,,New York,NY,36,10016,1,"Metropolitan area core: primary flow within an urbanized area of 50,000 and greater",US,Infectious Disease,S,806,1134.7333333333,366280.82,30495,140,,673,971.73333333333,258341.3,25890,"#",,,249,297329.86,,557,68950.96,,0,0,,219,153719.53,,587,212561.29,,305,163647.17,,501,202633.65,0,0,0,0,0,0,0,0,0,,109,1907.88,84,,0,0,*,,72.264285714286,,,,,61,79,115,12,,,0,,14,126,0.90142261904762
1417102658,Daniel,Cary,,M.D,I,2035 Ralph Ave Ste A2,,Brooklyn,NY,36,11234,1,"Metropolitan area core: primary flow within an urbanized area of 50,000 and greater",US,Internal Medicine,S,6215,12003.366666667,546555.48,352046,565,,5310,10581.633333333,427747.16,310269,,496,,1119,434915.09,,4916,102033.85,,180,9606.54,,4809,407346.01,,1406,139209.47,,3833,381472.52,,2382,165082.96,27,416.04,725,16,0.43443282381335,,,,,,88,579.95,77,,12,159.91,*,,71.67610619469,69,297,163,36,368,197,17,483,,38,,26,245,320,1.3383505871978
1417102849,Ehtesham,Nadira,I,,I,115 Dreiser Loop,Area C,Bronx,NY,36,10475,1,"Metropolitan area core: primary flow within an urbanized area of 50,000 and greater",US,Internal Medicine,S,5835,13088.066666667,372972.53,389593,565,,5421,12282.6,323646.62,365703,,528,,727,263557.13,,4949,105020.39,,159,4395.01,,4175,257167.14,,1660,115805.39,,1210,77142.3,,4625,295830.23,,,,,,,,,,,30,258.01,29,*,,,*,,75.623008849558,37,226,215,87,409,156,60,357,13,122,0,13,91,474,1.2845729485723
1417203456,Yeung,Joyce,M,NP,I,5517 7th Ave,"#1",Brooklyn,NY,36,11220,1,"Metropolitan area core: primary flow within an urbanized area of 50,000 and greater",US,Nurse Practitioner,S,13265,15405.966666667,2413564.95,446599,658,,13017,15116.966666667,2358075.33,438587,,640,,4773,2185939.04,,8145,213486.87,,347,14139.04,,10330,2045406.1,,2935,368158.85,,13133,2407209.93,,132,6355.02,,,,,,,,,,,273,5899.28,201,,13,61.46,*,,73.062310030395,18,414,166,60,353,305,,,645,,0,,636,22,1.0952277124116
1417242413,Rizkalla,Jessica,E,PA-C,I,155 Crystal Run Rd,,Middletown,NY,36,10941,1,"Metropolitan area core: primary flow within an urbanized area of 50,000 and greater",US,Physician Assistant,S,196,198.06666666667,13657.58,2136,159,,167,169,12996.58,1882,,135,,91,11995.78,,105,1661.8,,0,0,,36,1253.58,,160,12404,,51,1554.25,,145,12103.33,,,,,,,,,,,63,749.54,61,,0,0,,0,70.716981132075,24,78,45,12,107,52,131,,,,0,,34,125,1.1448498247253
1417246521,Rodrigues,Natercia,,MD,I,454 E Broad St,Suite 100,Rochester,NY,36,14607,1,"Metropolitan area core: primary flow within an urbanized area of 50,000 and greater",US,Family Practice,S,2131,2899.1,124503.36,81450,202,,1182,1748.4666666667,66316.33,49898,,117,,294,82410.16,,1822,41623.2,,15,470,,1363,72640.57,,768,51862.79,,1502,90985.8,,629,33517.56,61,3273.92,1329,17,2.8625058657907,13,1769.9,374,,21.311475409836,40,266.14,33,,31,485.55,*,,63.554455445545,85,82,,,134,68,91,67,,37,,,124,78,1.5680103802961
1417903295,Margulis,Steven,M,MD,I,90 South Bedford Road,"Care Mount Medical, Pc",Mount Kisco,NY,36,10549,1,"Metropolitan area core: primary flow within an urbanized area of 50,000 and greater",US,Internal Medicine,S,8335,16183.866666667,452036.73,475289,778,,8155,15913.866666667,442744.91,467262,,765,,1171,280359.14,,7140,170608.95,,24,1068.64,,1881,96990.48,,6454,355046.25,,754,38289.94,,7581,413746.79,63,726.41,1082,23,0.75584883023395,0,0,0,0,0,152,3642.62,104,*,,,*,,76.089974293059,13,355,274,136,303,475,695,,18,22,,36,44,734,1.113479432076
1417908419,Bojedla,Rama,,M.D.,I,120 Lockport St,,Youngstown,NY,36,14174,1,"Metropolitan area core: primary flow within an urbanized area of 50,000 and greater",US,Internal Medicine,S,5982,10724.9,313861.87,313765,305,,5367,9703.7666666667,279789.13,283813,,283,,661,203643,,5278,107860.78,,43,2358.09,,4572,207200.93,,1410,106660.94,,1001,65609.17,,4981,248252.7,105,2388.17,2743,26,1.7552657973922,12,638.69,360,,11.428571428571,180,2165.02,108,*,,,*,,74.819672131148,22,134,96,53,220,85,291,,,,0,,30,275,1.1574159786832
1417909888,Ohri,Tarun,K,M.D.,I,165 Brooklyn St,,Warsaw,NY,36,14569,7,"Small town core: primary flow within an urban cluster of 2,500 to 9,999",US,Internal Medicine,S,2018,3325.7333333333,139935.67,96327,288,,1727,2958.6666666667,116264.1,85699,,255,,253,102643.51,,1740,36215.14,,25,1077.02,,1164,60850.55,,854,79085.12,,630,70301.9,,1388,69633.77,192,9303.89,5443,47,9.5143706640238,,,,,,70,703.4,46,*,,,*,,73.940972222222,33,123,87,45,143,145,267,,,,,,66,222,1.264209606791
1417912031,Chan,Melissa,M,M.D.,I,70-72 Bowery Street,Suite 505,New York,NY,36,10013,1,"Metropolitan area core: primary flow within an urbanized area of 50,000 and greater",US,Internal Medicine,S,13152,16899.433333333,1784474.3,499102,325,,12694,16407.633333333,1747354.92,484849,,314,,4433,1537911.15,,8462,237247.68,,257,9315.47,,9023,1277261.45,,4129,507212.85,,12056,1654037.29,,1096,130437.01,,,,,,,,,,,126,1045.64,97,,31,1253.36,*,,75.821538461538,11,154,96,64,225,100,,13,273,14,,15,242,83,1.2668919555992
1417914029,Cohen,Scott,A,M.D.,I,1 Atwell Rd,,Cooperstown,NY,36,13326,10,"Rural areas: primary flow to a tract outside a urbanized area of 50,000 and greater or UC",US,Family Practice,S,1937,3983.7333333333,143349.88,117042,189,,1622,3475.5,121300.58,102179,,171,"#",,,,1591,33227.79,*,,,,900,74619.49,,1037,68730.39,,394,38975.87,,1543,104374.01,46,629.22,1059,,2.374806401652,0,0,0,,0,35,750.83,21,,0,0,,0,73.179894179894,18,85,65,21,86,103,174,0,,,0,,35,154,0.98791571645133
1417918012,Buff,Christopher,,D.O.,I,112 Charlton Rd,,Ballston Lake,NY,36,12019,1,"Metropolitan area core: primary flow within an urbanized area of 50,000 and greater",US,Family Practice,S,4921,11340.1,597196.05,333341,439,,4419,10579.9,526114.89,311325,,415,,814,477617.47,,4060,116688.63,,47,2889.95,,3006,433786.72,,1915,163409.33,,430,50737.34,,4491,546458.71,187,3171.24,4230,36,3.8000406421459,31,1643.02,930,,16.577540106952,89,1458.53,70,,21,392.08,*,,73.861047835991,24,223,131,61,208,231,420,0,,,0,17,24,415,0.99490316357819
1417925215,Warner,Robert,C,M.D.,I,242 E State St Ext,,Gloversville,NY,36,12078,4,"Micropolitan area core: primary flow within an urban cluster of 10,000 to 49,999",US,Internal Medicine,S,3064,6069.3,258999.92,178505,167,,3024,6005.3,258173.59,176658,"#",,,539,207520.17,,2495,50340.93,,30,1138.82,,2438,213262.94,,626,45736.98,,283,19373.89,,2781,239626.03,,,,,,,,,,,62,863.04,34,,0,0,*,,72.892215568862,,,,,74,93,156,0,0,,0,,14,153,0.96587449799197
1417948191,Venci,Nicolas,A,MD,I,45 Webster Commons Blvd,Suite 200,Webster,NY,36,14580,1,"Metropolitan area core: primary flow within an urbanized area of 50,000 and greater",US,Family Practice,S,487,509,72497.73,4869,350,,468,490,69689.28,4792,,335,,465,72104.13,,22,393.6,,0,0,,332,49014.64,,155,23483.09,,56,8174.34,,431,64323.39,0,0,0,0,0,0,0,0,0,,,,,,0,0,,0,74.174285714286,15,182,119,34,217,133,309,13,,,0,18,28,322,0.93066744264548
1417949421,Dave,Hirendra,J,MD,I,110 Lockwood Ave,Suite 202,New Rochelle,NY,36,10801,1,"Metropolitan area core: primary flow within an urbanized area of 50,000 and greater",US,Family Practice,S,12550,16023.9,794024.86,335608,565,,11480,14652.4,706882.95,303726,,506,,2291,600652.82,,10198,188859.58,,61,4512.46,,4185,283322.64,,8365,510702.22,,9571,507153.16,,2979,286871.7,103,792.45,1762,48,0.8207171314741,,,,,,308,5283.81,165,,163,2142.35,,20,77.966371681416,59,147,174,185,367,198,260,181,27,80,0,17,246,319,2.2501101799712
1417954058,Aram,James,P,MD,I,785 Hoosick Rd,,Troy,NY,36,12180,1,"Metropolitan area core: primary flow within an urbanized area of 50,000 and greater",US,Family Practice,S,5775,9437.2666666667,374252.8,272128,339,,5385,8990.3333333333,352315.13,259356,,323,,838,277612.94,,4898,94080.97,,39,2558.89,,4265,243637.71,,1510,130615.09,,863,51130.48,,4912,323122.32,116,2603.23,2321,25,2.008658008658,11,212.79,328,,9.4827586206897,147,1838.3,85,,21,2624.17,*,,75.356932153392,16,160,93,70,175,164,315,11,,,0,12,23,316,1.1752157330037
1417958810,Papura,William,A,DO,I,1134 State Route 29,Greenwich Family Health Center,Greenwich,NY,36,12834,7,"Small town core: primary flow within an urban cluster of 2,500 to 9,999",US,Family Practice,S,4719,8283.2,282209.48,241702,316,,3841,7092.4666666667,244006.07,208050,,277,,624,183117.58,,4059,97455.7,,36,1636.2,,2689,143219.87,,2030,138989.61,,1602,116685.68,,3117,165523.8,210,9144.55,5154,33,4.4500953591863,31,4988.43,823,,14.761904761905,74,1489.94,59,*,,,*,,73.303797468354,39,130,102,45,166,150,301,,,,0,12,57,259,1.2214481216603
1417961814,Weg,Arnold,L,MD,I,71 36 110 St,Suite 1g,Forest Hills,NY,36,11375,1,"Metropolitan area core: primary flow within an urbanized area of 50,000 and greater",US,Internal Medicine,S,10460,21513.766666667,1185701.01,628039,807,,10238,21083.766666667,1175875.04,615560,,789,,2159,891419.71,,8286,293628.5,,15,652.8,,590,104708.12,,9870,1080992.89,,422,47107.68,,10038,1138593.33,61,488.28,1057,23,0.58317399617591,0,0,0,0,0,290,37636.62,162,,12,160.97,*,,76.156133828996,18,384,260,145,501,306,677,37,13,37,0,43,22,785,0.90910097721904
1417967670,Coyne,John,A,MD,I,409 E 14 St,,Ny,NY,36,10009,1,"Metropolitan area core: primary flow within an urbanized area of 50,000 and greater",US,Internal Medicine,S,5236,11709.633333333,399086.72,343286,539,,5079,11380.133333333,384897.48,333640,,524,,1025,285562.42,,4173,111141.04,,38,2383.26,,2028,162846.57,,3208,236240.15,,718,100718.15,,4518,298368.57,98,3312.9,2653,35,1.8716577540107,0,0,0,0,0,133,2891.13,82,,32,1142.65,*,,77.762523191095,15,193,212,119,364,175,432,27,17,38,0,25,42,497,1.0899166820406
1417983560,Seeger,Kim,,MD,I,6734 Route 9,,Rhinebeck,NY,36,12572,7,"Small town core: primary flow within an urban cluster of 2,500 to 9,999",US,Family Practice,S,5279,10399.833333333,298177.98,301859,460,,4476,9127.4333333333,261800.65,265206,,418,,735,196296.69,,4516,100666.45,,28,1214.84,,1965,92128.65,,3314,206049.33,,1173,65161.36,,4106,233016.62,203,6263.11,4279,50,3.8454252699375,18,1515.6,534,,8.8669950738916,57,1258,46,,23,746.83,*,,73.208695652174,42,233,135,50,206,254,424,,,,0,16,67,393,1.054416903796
1417987694,Tota-Thurn,Catherine,,D.O.,I,30 N Union Rd,,Williamsville,NY,36,14221,1,"Metropolitan area core: primary flow within an urbanized area of 50,000 and greater",US,Family Practice,S,5606,12616.5,422263.47,372736,443,,5259,11997,405276.29,354392,,405,,917,312569.39,,4629,107001.36,,60,2692.72,,4167,271812.05,,1439,150451.42,,730,60947.17,,4876,361316.3,63,4136.4,1490,21,1.123795932929,,,,,,76,878.94,56,,0,0,,0,72.10158013544,38,249,119,37,380,63,415,,0,,0,13,45,398,1.0167515048909
1417994922,Itzkovitz,Ina,,MD,I,215 W 125th St,,New York,NY,36,10027,1,"Metropolitan area core: primary flow within an urbanized area of 50,000 and greater",US,Internal Medicine,S,1326,2234.4666666667,103716.47,64813,148,,1196,2027.4666666667,98151.33,58603,,136,"#",,,,1078,33900.71,*,,,,736,59012.29,,590,44704.18,,297,25947.24,,1029,77769.23,,,,,,,,,,,40,466.07,35,*,,,*,,72.743243243243,12,79,43,14,101,47,106,16,,15,0,,28,120,0.91304673423423
1427004522,Neifeld,Gary,L,MD,I,241 North Rd,,Poughkeepsie,NY,36,12601,1,"Metropolitan area core: primary flow within an urbanized area of 50,000 and greater",US,Emergency Medicine,S,1499,1534.3,206169.63,6144,1111,,1405,1435.8,199075.2,5310,,1040,,1307,204491.42,,192,1678.21,,0,0,,302,40707.58,,1197,165462.05,,198,21014.45,,1301,185155.18,24,108.24,75,24,1.6010673782522,0,0,0,0,0,68,703.88,61,,0,0,,0,73.727272727273,71,533,411,96,617,494,961,38,19,40,0,53,134,977,1.0833545529368
1427009331,Ezratty,Monte,,M.D.,I,1545 Unionport Rd,Park South Medical,Bronx,NY,36,10462,1,"Metropolitan area core: primary flow within an urbanized area of 50,000 and greater",US,Internal Medicine,S,2638,6329.0666666667,223396.35,188420,270,,2591,6224.0666666667,205139.5,185325,"#",,,402,169730.83,,2205,52548,,31,1117.52,,1538,132639.1,,1100,90757.25,,505,58729.8,,2133,164666.55,,,,,,,,,,,26,946.62,14,*,,,*,,75.285185185185,,,,,168,102,35,123,,94,0,,41,229,0.97889600312827
1427014828,Apuzzo,Keith,C,MD,I,536 Mineola Ave,,Carle Place,NY,36,11514,1,"Metropolitan area core: primary flow within an urbanized area of 50,000 and greater",US,Family Practice,S,5646,12572.133333333,541100.51,368209,520,,5291,12019.233333333,523649.27,352610,,489,,832,375121.18,,4770,163094.65,,44,2884.68,,1154,70694.35,,4492,470406.16,,681,92735.86,,4965,448364.65,97,4404.87,2619,21,1.7180304640453,0,0,0,0,0,203,2797.3,127,,17,170.04,*,,75.284615384615,31,231,166,92,227,293,463,18,,,0,27,43,477,1.1306572315852
1427021005,Moucha-Hantar,Oana,,MD,I,77 Pondfield Rd,,Bronxville,NY,36,10708,1,"Metropolitan area core: primary flow within an urbanized area of 50,000 and greater",US,Internal Medicine,S,2074,4479.3666666667,148306.51,129359,223,,1841,4038.6,117368.88,116748,,200,,346,102331.94,,1715,45084.16,,13,890.41,,800,49460.72,,1274,98845.79,,526,49195.46,,1548,99111.05,71,1271.68,1937,29,3.4233365477338,0,0,0,0,0,102,2008.25,75,,15,272.86,*,,74.946188340807,23,84,75,41,170,53,161,31,,18,0,,46,177,1.1879652553545
1427030097,Sumner,Jonathan,H,M.D.,I,30 Hempstead Ave,Suite H 8,Rockville Centre,NY,36,11570,1,"Metropolitan area core: primary flow within an urbanized area of 50,000 and greater",US,Internal Medicine,S,404,677.33333333333,27120.25,17515,118,,387,628.33333333333,26514.5,16070,"#",,,143,20799.66,,261,6320.59,,0,0,,185,5565.53,,219,21554.72,,54,1604.06,,350,25516.19,0,0,0,0,0,0,0,0,0,,,,,,0,0,*,,75.050847457627,,,,,71,47,83,19,,,0,,,,0.99812922778279
1427046192,Koreff-Wolf,Bonnie,S,MD,I,1000 E Genesee St,Suite 500,Syracuse,NY,36,13210,1,"Metropolitan area core: primary flow within an urbanized area of 50,000 and greater",US,Internal Medicine,S,6858,14102.466666667,537193.63,412675,529,,6396,13315.7,506685.68,390275,,496,,1059,346469.57,,5773,189725.39,,26,998.67,,2970,172870.98,,3888,364322.65,,750,84224.07,,6108,452969.56,131,3026.54,3815,29,1.9101778944299,,,,,,191,3702.7,122,,29,224.38,*,,75.26843100189,33,236,173,87,427,102,432,78,,,0,14,47,482,1.0504352434511
1427046689,Laitman,Robert,S,MD,I,2510 Westchester Ave,Suite 106,Bronx,NY,36,10461,1,"Metropolitan area core: primary flow within an urbanized area of 50,000 and greater",US,Nephrology,S,6190,10594.033333333,845305.11,312151,221,,4260,8012.0666666667,517604.75,236854,,184,,1172,635395.07,,4973,207850.48,,45,2059.56,,1631,215862.99,,4559,629442.12,,3339,478963.58,,2851,366341.53,46,1360.92,1380,,0.74313408723748,0,0,0,,0,71,2523.66,38,,59,68381.35,*,,71.877828054299,37,83,70,31,117,104,113,60,,40,0,,57,164,1.5717025979097
1427051143,Alter,Sheldon,,M.D.,I,3030 Westchester Ave,,Purchase,NY,36,10577,1,"Metropolitan area core: primary flow within an urbanized area of 50,000 and greater",US,Internal Medicine,S,5552,10453.533333333,321316.96,307359,364,,5188,9983.6333333333,295961.95,293413,,349,,765,212168.81,,4745,107987.91,,42,1160.24,,1095,98052.6,,4457,223264.36,,740,85287.61,,4812,236029.35,93,1233.6,1401,19,1.6750720461095,,,,,,67,1389.09,41,*,,,*,,77.148351648352,15,128,142,79,211,153,274,35,,19,,22,33,331,1.1280607282393
1427078054,Roche,Sean,P,MD,I,391 Myrtle Avenue,Suite 4a,Albany,NY,36,12208,1,"Metropolitan area core: primary flow within an urbanized area of 50,000 and greater",US,Family Practice,S,2507,4414.1,198108.2,130013,201,,1886,3684.1,146388.96,108874,,156,,421,157189.65,,2056,39834.77,,30,1083.78,,1217,69763.52,,1290,128344.68,,859,61699.06,,1648,136409.14,51,1086.47,1248,17,2.034303948943,13,654.13,390,,25.490196078431,,,,*,,,*,,70.07960199005,45,87,51,18,114,87,148,37,,,0,,59,142,1.3184451809784
1427078500,Ianniello,Louis,C,M.D.,I,2125 River Rd,Suite 202,Schenectady,NY,36,12309,1,"Metropolitan area core: primary flow within an urbanized area of 50,000 and greater",US,Family Practice,S,8624,14542.766666667,604332.1,426793,560,,7936,13607.633333333,544809.07,400340,,520,,1409,439965.21,,7142,160987.98,,73,3378.91,,6254,392691.87,,2370,211640.23,,1260,99455.88,,7364,504876.22,236,6559.12,6714,45,2.7365491651206,23,1994.88,690,,9.7457627118644,163,4487.97,111,,29,649.8,*,,73.819642857143,40,279,161,80,317,243,513,21,,,0,13,47,513,1.2336003927018
1427087303,Blair,Edgar,A,MD,I,800 Ayrault Rd Ste 200,,Fairport,NY,36,14450,1,"Metropolitan area core: primary flow within an urbanized area of 50,000 and greater",US,Internal Medicine,S,10943,18649.733333333,601245.3,538568,576,,9952,17380,508548.56,504009,,541,,1149,385513.5,,9759,214511.39,,35,1220.41,,9246,451791.37,,1697,149453.93,,1238,124773.82,,9705,476471.48,272,5504.2,4157,65,2.4856072375034,30,1589.69,746,,11.029411764706,237,3605.39,127,,68,3070.98,,14,75.487847222222,35,227,216,98,321,255,534,15,,,,20,30,546,0.9897865165328
1427109826,Blumenthal,David,S,M.D.,I,407 E 70th St,,New York,NY,36,10021,1,"Metropolitan area core: primary flow within an urbanized area of 50,000 and greater",US,Cardiology,S,10254,21309.166666667,1129444.39,632488,623,"#",,,,,"#",,"#",,,,7925,314855.23,*,,,,400,32486.56,,9854,1096957.83,,30,5413.4,,10224,1124030.99,,,,,,,,,,,96,1026.16,66,*,,,*,,75.756019261637,,,,,249,374,550,,12,,0,49,,,1.000010012903
1427207786,Horn,Joshua,G,RPH,I,111 E Green St,Dan Horn Pharmacy,Olean,NY,36,14760,4,"Micropolitan area core: primary flow within an urban cluster of 10,000 to 49,999",US,Pharmacist,T,20,20,3137.84,542,14,,20,20,3137.84,542,,14,,20,3137.84,,0,0,,0,0,"#",,,*,,,*,,,"#",,,0,0,0,0,0,0,0,0,0,,0,0,0,,0,0,,0,73.857142857143,0,,,,,,14,0,0,0,0,0,,,1.3297857142857
1427217678,Mazurkiewicz,Rebecca,A,"M.D., M.P.H.",I,100 E 77th St,Department Of Medicine - 6 Black Hall,New York,NY,36,10075,1,"Metropolitan area core: primary flow within an urbanized area of 50,000 and greater",US,Internal Medicine,S,4114,6899.6666666667,251409.3,202027,406,,3699,6330,213872.88,185719,,365,,728,184314.37,,3305,64565.14,,81,2529.79,,3061,192239.58,,1053,59169.72,,1810,138004.1,,2304,113405.2,12,46.64,141,,0.29168692270297,0,0,0,,0,39,567.94,34,,20,405.07,*,,74.450738916256,41,167,133,65,278,128,150,116,32,90,,,135,271,1.359657259002
1427317957,Poupalos,Shannon,,M.D.,I,325 Essjay Rd,,Williamsville,NY,36,14221,1,"Metropolitan area core: primary flow within an urbanized area of 50,000 and greater",US,Internal Medicine,S,5500,9369.6,277762.12,274564,639,,4960,8687.3,240778.95,254646,,592,,723,191270.76,,4743,85207.77,,34,1283.59,,3826,169194.96,,1674,108567.16,,817,50178.01,,4683,227584.11,79,6869.04,2273,33,1.4363636363636,,,,,,86,691.34,70,,17,229.37,*,,74.954616588419,47,264,218,110,486,153,591,20,,,0,18,59,580,1.2243105386515
1427326065,Gao,Pei,,M.D.,I,13329 41st Rd,Suite 2d,Flushing,NY,36,11355,1,"Metropolitan area core: primary flow within an urbanized area of 50,000 and greater",US,Internal Medicine,S,8017,8894.9,751515.58,256901,170,,7572,8431.6333333333,726604.7,244067,"#",,,1629,581154.12,,6199,162413.76,,189,7947.7,,6659,642932.67,,1358,108582.91,,7607,717320.11,,410,34195.47,,,,,,,,,,,139,1231.84,73,,149,1207.58,*,,72.194117647059,,,,,92,78,,,156,,0,,144,26,1.2274329968325
1427347509,Venci,Nicholas,M,M.D.,I,140 Canal View Blvd Ste 102,,Rochester,NY,36,14623,1,"Metropolitan area core: primary flow within an urbanized area of 50,000 and greater",US,Cardiology,S,2792,5976.1333333333,260459.26,177670,722,,2443,5333.7333333333,244524.02,158623,,652,"#",,,,2292,54214.39,*,,,,1957,195367.02,,835,65092.24,,560,40229.27,,2232,220229.99,0,0,0,0,0,0,0,0,0,,,,,,0,0,,0,74.279778393352,70,312,245,95,289,433,617,47,,29,,25,99,623,1.4385769241932
1437125895,Wattoo,Muhammad,A,MD,I,2359 N Triphammer Rd,,Ithaca,NY,36,14850,1,"Metropolitan area core: primary flow within an urbanized area of 50,000 and greater",US,Internal Medicine,S,1633,2807.1,86880.26,82792,105,"#",,,,,"#",,"#",,,,1418,27832.98,*,,,,763,40968.66,,870,45911.6,,228,16337.96,,1405,70542.3,,,,,,,,,,,15,203.32,,*,,,*,,73.990476190476,,,,,58,47,99,,0,0,0,,,,0.76236428571429
1437140423,Redlecki,Stephanie,,P.A,I,95 E Chautauqua St,,Mayville,NY,36,14757,10,"Rural areas: primary flow to a tract outside a urbanized area of 50,000 and greater or UC",US,Physician Assistant,S,5177,9216.9666666667,520755.52,267842,497,,3660,6818.7,360743.55,198822,,372,,1021,425753.49,,4084,90763.63,,72,4238.4,,2983,299622.86,,2194,221132.66,,2382,257730.11,,2795,263025.41,291,8944.69,8865,60,5.6210160324512,51,3009.29,1437,11,17.525773195876,121,1696.42,87,,17,227.18,*,,68.269617706237,125,230,114,28,309,188,482,,0,,0,,166,331,1.156475638035
1437144359,Abis,Michelle,J,MD,I,7468 S Broadway,Suite 3,Red Hook,NY,36,12571,7,"Small town core: primary flow within an urban cluster of 2,500 to 9,999",US,Internal Medicine,S,8548,15182.066666667,700747.19,435658,531,,8062,14500.5,672011.37,416977,,502,,1614,523092.63,,6873,174759.14,,61,2895.42,,2732,207904.07,,5816,492843.12,,1099,104537.3,,7449,596209.89,335,23364.36,6715,67,3.9190453907347,81,18543.44,2188,,24.179104477612,322,5066.76,186,,13,631.22,*,,74.666666666667,29,249,178,75,365,166,495,,,11,0,13,48,483,1.0274798446774
1437174554,Cox,John,F,M.D.,I,2400 S Clinton Ave,Bldg G-2,Rochester,NY,36,14618,1,"Metropolitan area core: primary flow within an urbanized area of 50,000 and greater",US,Internal Medicine,S,5602,11406.566666667,355799.97,330402,476,,4655,9934.1333333333,310227.92,289373,,421,,764,228479.94,,4746,124221.45,,92,3098.58,,4149,264539.47,,1453,91260.5,,1355,93980.23,,4247,261819.74,337,15355.02,8466,56,6.015708675473,111,6089.24,2203,13,32.937685459941,113,1482.43,84,*,,,*,,72.432773109244,55,239,118,64,247,229,374,56,,14,,24,59,417,1.0860228957317
1437179157,Lascalea,Keith,,M.D.,I,201 E 80th St,,New York,NY,36,10021,1,"Metropolitan area core: primary flow within an urbanized area of 50,000 and greater",US,Internal Medicine,S,989,1920.8333333333,113530.98,55779,91,"#",,,,,"#",,"#",,,,813,22894.57,*,,,,137,34713.62,,852,78817.36,,52,1002.06,,937,112528.92,,,,,,,,,,,22,286.42,19,*,,,*,,73,,,,,48,43,75,,,,0,,,,1.0528757013877
1437220084,Rai,Jagraj,S,MD,I,1020 Vestal Pkwy E,,Vestal,NY,36,13850,1,"Metropolitan area core: primary flow within an urbanized area of 50,000 and greater",US,Internal Medicine,S,11315,27143.333333333,911492.44,802601,938,,10396,25440.766666667,739100.38,752888,,870,,1548,631153.08,,9710,276676.97,,57,3662.39,,4803,426973.31,,6512,484519.13,,1791,255921.24,,9524,655571.2,385,30186.02,10796,76,3.4025629695095,50,20755.65,1486,,12.987012987013,153,3232.83,99,,30,987.65,*,,74.96908315565,68,382,334,154,541,397,899,,,,0,23,90,848,1.0653557885716
1437221207,Amin,Hossam,H,MD,I,6903 4th Ave,,Brooklyn,NY,36,11209,1,"Metropolitan area core: primary flow within an urbanized area of 50,000 and greater",US,Pulmonary Disease,S,30385,36222.433333333,2877439.11,1040779,544,,23326,27746.833333333,2145744.85,799304,,415,,6485,2200131.56,,22511,610290.37,,1389,67017.18,,20339,1961335.9,,10046,916103.21,,27845,2723388.53,,2540,154050.58,171,845.41,3843,73,0.5627776863584,0,0,0,0,0,1060,14471.69,346,*,,,*,,68.266544117647,129,282,119,14,200,344,264,30,77,32,0,141,445,99,1.3402116016153
1437224755,Fazio,Shawn,E,MD,I,8100 Oswego Road,Suite 220,Liverpool,NY,36,13090,1,"Metropolitan area core: primary flow within an urbanized area of 50,000 and greater",US,Family Practice,S,7939,15387.333333333,592896.94,448328,513,,7081,14163.5,525691.49,412978,,474,,974,359769.12,,6904,231026.41,,61,2101.41,,4155,269581.19,,3784,323315.75,,1080,99356.89,,6859,493540.05,259,30650.28,7623,39,3.2623756140572,44,14791.84,1320,,16.988416988417,331,3165.69,180,*,,,*,,72.863547758285,39,273,151,50,281,232,478,,,,0,27,33,480,1.0425736149616
1437231107,Chang,Patrick,S,M.D.,I,560 Northern Blvd,Suite 203,Great Neck,NY,36,11021,1,"Metropolitan area core: primary flow within an urbanized area of 50,000 and greater",US,Internal Medicine,S,2583,6251.3333333333,158785.45,185330,323,,2554,6174.3333333333,157037.46,183022,"#",,"#",,,,2280,59150.28,*,,,,933,47660.03,,1650,111125.42,,426,38934.69,,2157,119850.76,,,,,,,,,,,68,1045.06,46,*,,,*,,73.108359133127,,,,,148,175,115,,166,,0,30,37,286,0.82775785548661
1437239621,Krauss,Erika,S,D.O.,I,4662 Boston Post Rd,,Pelham,NY,36,10803,1,"Metropolitan area core: primary flow within an urbanized area of 50,000 and greater",US,Internal Medicine,S,2943,6007,210522.43,176561,301,,2778,5697.3333333333,202928.73,167464,,277,,529,137176.22,,2388,72344.21,,26,1002,,791,32222.09,,2152,178300.34,,535,34694.3,,2408,175828.13,32,406.97,761,12,1.0873258579681,0,0,0,0,0,59,496.76,50,*,,,*,,73.365448504983,24,149,90,38,220,81,217,46,,24,,11,40,261,1.042965993393
1437243789,Naiditch,Jeffrey,A,MD,I,30 5th Ave,Suite1b,New York,NY,36,10011,1,"Metropolitan area core: primary flow within an urbanized area of 50,000 and greater",US,Internal Medicine,S,2069,2948.1,610635.13,83810,74,,1378,2206.4333333333,294238.59,62421,"#",,,531,542621.44,,1521,67178.95,,17,834.74,,181,7002.27,,1888,603632.86,,551,201396.63,,1518,409238.5,81,1880.13,2362,19,3.9149347510875,0,0,0,0,0,96,6318.95,39,,0,0,*,,72.027027027027,,,,,28,46,67,0,,,0,,,,1.3726764479654
1437315215,Wymer,Dana,L,D.O.,I,3560 N Buffalo St,,Orchard Park,NY,36,14127,1,"Metropolitan area core: primary flow within an urbanized area of 50,000 and greater",US,Internal Medicine,S,2544,4602.2666666667,225587.76,132538,345,,2155,3994.9,176438.32,115305,,310,,379,168695.51,,2131,55833.3,,34,1058.95,,1649,124106.94,,895,101480.82,,388,30183.61,,2156,195404.15,77,5815.37,2020,19,3.0267295597484,15,2478.86,396,,19.480519480519,88,939.03,60,*,,,*,,72.382608695652,35,178,94,38,224,121,325,,,,0,14,38,307,1.0608557971014
1437365657,Chesner,Michael,,DDS,I,18 E 50th St,Suite 11c,New York,NY,36,10022,1,"Metropolitan area core: primary flow within an urbanized area of 50,000 and greater",US,Dentist,T,61,73,4940.87,896,46,,61,73,4940.87,896,,46,,28,4596.89,,33,343.98,,0,0,*,,,"#",,,*,,,"#",,,,,,,,,,,,,23,134.89,18,,0,0,,0,76.739130434783,0,21,14,11,30,16,41,,,,0,,,,0.91639130434783
1437467123,Li,Yanlun,,"D,O",I,374 Stockholm St,,Brooklyn,NY,36,11237,1,"Metropolitan area core: primary flow within an urbanized area of 50,000 and greater",US,Family Practice,S,5696,6140.7333333333,758166.57,176571,330,,5667,6107.7333333333,753360.94,175616,"#",,,1269,654925.6,,4303,99222.28,,124,4018.69,,4311,585130.04,,1385,173036.53,,5421,745934.99,,275,12231.58,0,0,0,0,0,0,0,0,0,,99,795.87,76,,24,1605.13,*,,73.566666666667,,,,,172,158,,,316,,0,,310,20,1.1133498181462
1447214903,Herman,Steven,P,MD,I,5893 Camp Rd,Suite 4,Hamburg,NY,36,14075,1,"Metropolitan area core: primary flow within an urbanized area of 50,000 and greater",US,Family Practice,S,3135,5758.5666666667,303923.88,166991,135,,2746,5225.5333333333,276311.72,152299,,121,,573,211986.38,,2544,90974.3,,18,963.2,,1855,164794.43,,1280,139129.45,,537,71116.76,,2598,232807.12,198,20176.19,5194,27,6.3157894736842,38,11827.14,1140,,19.191919191919,53,592.31,36,*,,,*,,72.903703703704,14,65,36,20,68,67,128,,,0,0,,13,122,1.2185130380515
1447227228,Herbowy,Michael,T,MD,I,2081 W Ridge Rd,Suite 205,Rochester,NY,36,14626,1,"Metropolitan area core: primary flow within an urbanized area of 50,000 and greater",US,Internal Medicine,S,17667,33282,1322091.86,953710,1444,,15043,29438.066666667,1104924.17,846521,,1278,,2372,900941.61,,15150,415465.2,,145,5685.05,,14777,1037099.91,,2890,284991.95,,2748,269011.96,,14919,1053079.9,968,59462.79,24714,217,5.479141902983,113,31233.41,3268,21,11.673553719008,718,52152.7,439,,34,1100.49,*,,73.095567867036,166,645,463,170,780,664,1338,33,,19,,42,140,1304,1.1066515066124
1447252663,Enoch,Donald,C,M.D.,I,334 Underhill Ave,Ste 5a,Yorktown Heights,NY,36,10598,1,"Metropolitan area core: primary flow within an urbanized area of 50,000 and greater",US,Family Practice,S,5809,10171.666666667,444780.71,290494,340,,5402,9592.5333333333,413897.13,273866,,307,,1071,296663.29,,4720,147132.04,,18,985.38,,2076,166834.93,,3733,277945.78,,2142,130431.9,,3667,314348.81,87,2365.65,2142,27,1.497676019969,25,1379.57,750,,28.735632183908,173,1906.04,88,,66,657.74,*,,75.179411764706,33,139,91,77,210,130,285,15,,21,,12,65,275,1.3478446374754
1447253471,Lepine,Ann,M,"ANP, FNP",I,53-59 Public Sq,Ste 301,Watertown,NY,36,13601,1,"Metropolitan area core: primary flow within an urbanized area of 50,000 and greater",US,Nurse Practitioner,S,6016,10513.3,558565.73,294405,603,,5572,9817.7666666667,507393.02,274498,,555,,1289,424766.34,,4682,130970.63,,45,2828.76,,2856,214601.97,,3160,343963.76,,3217,299145.34,,2799,259420.39,94,3234.21,2329,44,1.5625,,,,,,123,2853.91,71,,31,831.67,*,,77.262023217247,48,207,189,159,400,203,583,,0,,,12,232,371,1.6980254726936
1447256383,Epstein,Robert,,M.D.,I,600 Westage Business Ctr Dr,,Fishkill,NY,36,12524,1,"Metropolitan area core: primary flow within an urbanized area of 50,000 and greater",US,Internal Medicine,S,7889,17725.466666667,513904.66,518250,707,,7139,16470.2,468768.03,482152,,652,"#",,,,6822,156979.9,*,,,,2253,121461.07,,5636,392443.59,,1131,85844.87,,6758,428059.79,285,9550.82,7437,63,3.6126251742933,12,402.92,360,,4.2105263157895,243,2732.91,159,*,,,*,,74.636492220651,55,304,240,108,327,380,624,26,14,22,0,21,52,655,1.0599329126954
1447264577,Benson,Peter,K,MD,I,601 Elmwood Ave,Box 604,Rochester,NY,36,14642,1,"Metropolitan area core: primary flow within an urbanized area of 50,000 and greater",US,Anesthesiology,S,22,22,3330.42,28,20,,22,22,3330.42,28,,20,,21,3328.61,*,,,"#",,,*,,,"#",,,*,,,"#",,,0,0,0,0,0,0,0,0,0,,,,,,0,0,,0,75.35,0,,11,,,,14,,,,0,,,,1.1586
1447273396,Popuri,Purnachandra,R,MD,I,225 Broad St,,Oneida,NY,36,13421,4,"Micropolitan area core: primary flow within an urban cluster of 10,000 to 49,999",US,Internal Medicine,S,6121,11440.7,447938.97,330279,235,,5188,10098.733333333,417927.14,291661,,199,,888,343765.92,,5161,100771.26,,72,3401.79,,2948,246074.77,,3173,201864.2,,2923,222522.11,,3198,225416.86,157,2583.31,3401,39,2.5649403692207,,,,,,233,12063.18,108,,16,564.52,*,,74.055319148936,36,72,85,42,137,98,226,,,,0,,75,160,1.1515634752294
1447274014,Ting,Henry,Y,MD,I,133-29 41st Road,Suite 2b,Flushing,NY,36,11355,1,"Metropolitan area core: primary flow within an urbanized area of 50,000 and greater",US,Internal Medicine,S,13782,22003.966666667,956708.77,648965,746,,13589,21752.966666667,941743.19,641620,,734,,1799,580801.75,,11875,371537.25,,108,4369.77,,10859,749493.54,,2923,207215.23,,8476,577846.58,,5306,378862.19,,,,,,,,,,,290,2417.62,216,,0,0,,0,75.747989276139,12,357,262,115,400,346,,,698,11,0,24,341,405,1.1575337297763
1447282199,Burstein,Gale,R,MD,I,219 Bryant Street,,Buffalo,NY,36,14222,1,"Metropolitan area core: primary flow within an urbanized area of 50,000 and greater",US,Pediatric Medicine,S,1598,1612,242625.84,10201,1191,,1542,1555,234275.13,9998,,1147,,1597,242615.24,*,,,"#",,,,1039,157112.05,,559,85513.79,,126,19558.4,,1472,223067.44,0,0,0,0,0,0,0,0,0,,0,0,0,,0,0,,0,74.269521410579,44,591,445,111,717,474,1131,,,,0,43,86,1105,1.0153175228482
1447311345,Pierce,Katherine,L,FNP,I,5290 Military Rd,"Ste #10",Lewiston,NY,36,14092,1,"Metropolitan area core: primary flow within an urbanized area of 50,000 and greater",US,Nurse Practitioner,S,4686,10763.633333333,472446.51,313805,782,,4252,9992.1333333333,406348.23,292326,,704,,882,379867.7,,3752,90422.57,,52,2156.24,,3655,364786.34,,1031,107660.17,,926,136764.68,,3760,335681.83,31,409.7,822,23,0.66154502774221,,,,,,167,1989.43,125,*,,,*,,74.803069053708,78,304,274,126,506,276,728,29,,,,14,111,671,1.5365482055519
1447321310,Levitt,Bruce,,DO,I,200 E Eckerson Rd,Ste 1 6,New City,NY,36,10956,1,"Metropolitan area core: primary flow within an urbanized area of 50,000 and greater",US,Internal Medicine,S,7560,16534.733333333,427695.43,477936,787,,6869,15567.833333333,401713.79,450660,,731,,927,247249.19,,6618,180185.51,,15,260.73,,1484,68027.68,,6076,359667.75,,1414,74087.85,,6146,353607.58,184,5154.02,3935,57,2.4338624338624,21,1805.86,839,,11.413043478261,358,4197.93,251,,18,323.27,*,,74.202033036849,56,372,263,96,494,293,637,75,22,27,0,26,78,709,1.0955799338522
1447331855,Bressler,David,J,M.D.,I,800 Ayrault Rd,Suite 200,Fairport,NY,36,14450,1,"Metropolitan area core: primary flow within an urbanized area of 50,000 and greater",US,Internal Medicine,S,8741,16680.933333333,508661.68,487793,560,,8222,15926.466666667,470458.67,465689,,528,,908,302061.49,,7804,205529.7,,29,1070.49,,7447,398749.82,,1294,109911.86,,758,52028.11,,7983,456633.57,295,20660.48,7862,64,3.374899897037,23,10719.4,810,,7.7966101694915,259,3048.38,146,,18,4190.64,*,,73.828571428571,32,282,179,67,309,251,514,,,12,,22,37,523,0.99549747290574
1447349766,Odierna,Elizabeth,A,MD,I,1 Theall Road,,Rye,NY,36,10580,1,"Metropolitan area core: primary flow within an urbanized area of 50,000 and greater",US,Internal Medicine,S,5159,8498.2,307059.97,245974,348,,4960,8256,291442.44,239011,,337,"#",,,,4195,91498.84,*,,,,1101,65738.33,,4058,241321.64,,865,86977.65,,4294,220082.32,39,2163.29,987,13,0.75596045745299,19,1848.83,546,,48.717948717949,59,889.17,44,,53,3287.89,,12,80.686781609195,11,99,98,140,300,48,306,14,,17,0,,41,307,1.235859599558
1447365135,Markakis,Kathryn,,M.D.,I,990 South Ave,Suite 207,Rochester,NY,36,14620,1,"Metropolitan area core: primary flow within an urbanized area of 50,000 and greater",US,Internal Medicine,S,2857,6425.5333333333,190396.73,189125,222,,2685,6174.3333333333,171009.44,181734,"#",,,386,122771.91,,2436,66147.04,,35,1477.78,,2091,134979.79,,766,55416.94,,489,35667.43,,2368,154729.3,116,5545.07,3502,27,4.0602030101505,36,4240.86,1080,,31.034482758621,45,1131.15,25,,0,0,*,,78.644144144144,,,,,178,44,195,13,,,0,,33,189,1.1643387576962
1447368568,Zarcone,Valerie,J,DO,I,11 Peekskill Hollow Road,,Putnam Valley,NY,36,10579,1,"Metropolitan area core: primary flow within an urbanized area of 50,000 and greater",US,Internal Medicine,S,5213,10091.9,497599.85,288511,427,,4427,8998.7,444729.64,259511,,390,,1084,347517.04,,4074,147883.55,,55,2199.26,,936,54658.68,,4277,442941.17,,1253,117976.19,,3960,379623.66,129,4279.61,2817,44,2.4745827738346,17,1232.79,475,,13.178294573643,155,8271.89,92,,31,841.55,*,,74.548009367682,37,191,136,63,310,117,384,18,,,0,13,55,372,1.4760371498354
1447419189,Hong,Jia,,MD,I,4235 Main Street Suite 3k,,Flushing,NY,36,11355,1,"Metropolitan area core: primary flow within an urbanized area of 50,000 and greater",US,Family Practice,S,2487,4053.1,215285.61,118519,129,,2383,3899.5,206996.01,114022,"#",,,476,159756.94,,1914,52535.27,,97,2993.4,,1955,161195.74,,532,54089.87,,2215,202317.33,,272,12968.28,0,0,0,0,0,0,0,0,0,,40,237.05,30,,0,0,*,,71.31007751938,,,,,69,60,,,119,,0,,103,26,1.0724422482045
1447492400,Newman,Marissa,D,M.D.,I,505 E 70th St,,New York,NY,36,10021,1,"Metropolitan area core: primary flow within an urbanized area of 50,000 and greater",US,Internal Medicine,S,1362,3236.8666666667,105841.11,95501,185,,1345,3197.8666666667,97403.17,94331,"#",,"#",,,,1176,26340.64,*,,,,624,50252.2,,738,55588.91,,213,25994.78,,1149,79846.33,25,401.08,604,13,1.8355359765051,0,0,0,0,0,17,106.16,14,,16,951.23,*,,75.378378378378,,,,,99,86,110,37,,21,0,,21,164,1.0471535408878
1447539507,Mack,Kristin,L,DO,I,102 Race Track Rd Ste 1,,Ticonderoga,NY,36,12883,7,"Small town core: primary flow within an urban cluster of 2,500 to 9,999",US,Family Practice,S,4294,8201.1333333333,475570,239708,354,,3928,7718.8666666667,453698.87,225865,,327,,782,369110.94,,3478,104471.84,,34,1987.22,,2805,308098.56,,1489,167471.44,,712,61609.07,,3582,413960.93,125,10142.39,3518,17,2.9110386585934,18,7252.38,615,,14.4,90,2420.02,52,,15,1158.23,*,,73.675141242938,27,181,94,52,180,174,337,,0,,0,16,47,307,1.0497354653351
1457309833,Santos,Minerva,,M.D.,I,3680 Hill Blvd,"Mount Kisco Medical Group, Pc",Jefferson Valley,NY,36,10535,1,"Metropolitan area core: primary flow within an urbanized area of 50,000 and greater",US,Internal Medicine,S,3937,8298.9666666667,290681.52,240885,650,,3716,7985.9666666667,249742.45,232304,,605,"#",,,,3206,105935.44,*,,,,962,52673.63,,2975,238007.89,,687,80802.66,,3250,209878.86,13,357.16,238,,0.33020066040132,,,,,,216,3603.03,196,,13,83.31,*,,74.273846153846,45,316,192,97,465,185,547,22,,57,,19,72,578,1.0881427999818
1457312910,Thomasch,Megan,,MD,I,200 W 57th St,Suite 1201,New York,NY,36,10019,1,"Metropolitan area core: primary flow within an urbanized area of 50,000 and greater",US,Internal Medicine,S,1299,2577.7,52117.8,75933,156,,1219,2495.7,50967.36,73502,"#",,,249,28861.27,,1050,23256.53,,0,0,,266,6515.5,,1033,45602.3,,153,3191.49,,1146,48926.31,0,0,0,0,0,0,0,0,0,,,,,,0,0,*,,72.698717948718,,,,,109,47,119,,,12,0,,16,140,0.88021842661475
1457318198,Blackburn,Robert,E,M.D.,I,279 East Ave,"Hilton Health Care, P.C.",Hilton,NY,36,14468,1,"Metropolitan area core: primary flow within an urbanized area of 50,000 and greater",US,Family Practice,S,8432,16402.833333333,568958.76,475245,850,,6866,14340.1,450420.26,416727,,738,,1110,385407.22,,7224,180663.41,,98,2888.13,,6645,434574.31,,1787,134384.45,,1636,123717.49,,6796,445241.27,508,53622.3,12899,123,6.0246679316888,132,38153.15,3960,28,25.984251968504,229,5497.4,135,,49,1902.81,,13,72.545882352941,112,371,274,93,415,435,809,,,,0,30,101,749,1.0852327232632
1457326845,Castiglia,Thomas,R,M.D.,I,198 Route 22,"The Atrium Building, Suite7",Pawling,NY,36,12564,1,"Metropolitan area core: primary flow within an urbanized area of 50,000 and greater",US,Family Practice,S,1914,4708.9333333333,150459.36,138003,191,,1747,4377.9333333333,140786.32,128702,,173,"#",,,,1655,53706.49,*,,,,292,20579.22,,1622,129880.14,,277,27531.3,,1637,122928.06,,,,,,,,,,,64,1235.5,47,,0,0,,0,74.287958115183,18,81,63,29,98,93,169,,,,0,,26,165,1.1634006482174
1457336208,Glassberg,Lawrence,,M.D.,I,180 E Hartsdale Ave,Suite 1e,Hartsdale,NY,36,10530,1,"Metropolitan area core: primary flow within an urbanized area of 50,000 and greater",US,Cardiology,S,5298,11639.333333333,395357.39,340851,444,,5189,11491.833333333,387187.11,336769,,433,,1002,269123.87,,4274,125567.51,,22,666.01,,762,34915.22,,4536,360442.17,,446,31901.52,,4852,363455.87,50,737.4,966,,0.9437523593809,0,0,0,,0,217,2448.12,125,*,,,*,,78.740990990991,11,142,165,126,258,186,394,22,,,,16,24,420,1.1811700230042
1457339756,Edinger,James,E,MD,I,57 State St,,Tully,NY,36,13159,2,"Metropolitan area high commuting: primary flow 30% or more to a urbanized area of 50,000 and greater",US,Family Practice,S,2919,4905.9666666667,229681.83,140148,294,,2452,4210.5666666667,192114.56,120021,,255,,449,127984.97,,2452,100855.14,,18,841.72,,1545,137588.72,,1374,92093.11,,866,98342.36,,2053,131339.47,80,2145.46,2177,26,2.7406646111682,18,681.2,540,,22.5,113,1895.28,77,*,,,*,,71.469387755102,39,142,84,29,137,157,273,,,,,11,46,248,1.2156005052212
1457340432,Constantine,Francis,R,MD,I,3946 Oneida St,,New Hartford,NY,36,13413,1,"Metropolitan area core: primary flow within an urbanized area of 50,000 and greater",US,Internal Medicine,S,10698,21418.033333333,815277.49,633085,583,,9026,18974.366666667,699920.91,562013,,515,,1650,595939.95,,8948,216695.17,,100,2642.37,,5412,368395.34,,5286,446882.15,,3427,256768.82,,7271,558508.67,188,11671.94,5072,28,1.7573378201533,40,5859.83,1016,,21.276595744681,101,2863.62,66,,13,275.31,*,,72.739279588336,68,282,159,74,303,280,548,,,,0,24,112,471,1.1300994724217
1457340762,Palatucci,Gary,B,MD,I,52 W 8th St,,New York,NY,36,10011,1,"Metropolitan area core: primary flow within an urbanized area of 50,000 and greater",US,Internal Medicine,S,3458,5439.4333333333,283823.54,158159,277,,3267,5121.9333333333,243155.84,148731,,264,,532,211021.13,,2911,72175.45,,15,626.96,,1344,113352.42,,2114,170471.12,,1250,141674.64,,2208,142148.9,37,381.77,680,13,1.06998264893,0,0,0,0,0,34,350.71,29,,31,2118.05,*,,73.909747292419,13,144,91,29,119,158,170,31,,56,,11,70,207,1.1232103599087
1457349375,Zhang,Zhiguang,,MD,I,5717 7th Ave Fl 1,,Brooklyn,NY,36,11220,1,"Metropolitan area core: primary flow within an urbanized area of 50,000 and greater",US,Internal Medicine,S,4916,5351.8,278381.63,150738,120,,4898,5313.8,278116.09,149705,"#",,"#",,,,4307,141645.28,*,,,,3588,201767.33,,1328,76614.3,,4642,276794.71,,274,1586.92,,,,,,,,,,,174,1120.86,69,,12,441.31,*,,72.45,,,,,52,68,,0,118,,0,0,108,12,1.2115832555323
1457352999,Weis,George,G,DO,I,119 Holland Circle Dr,,Amsterdam,NY,36,12010,2,"Metropolitan area high commuting: primary flow 30% or more to a urbanized area of 50,000 and greater",US,Family Practice,S,13221,23386.433333333,930560.54,679090,783,,11717,21591.133333333,843334.58,627703,,717,,1832,657740.52,,11308,267695.02,,81,5125,,7504,508404.26,,5717,422156.28,,2837,172815.77,,10384,757744.77,434,9542.21,10835,100,3.2826563800015,19,2046.69,540,,4.3778801843318,355,5124.47,227,,63,7992.26,*,,73.305236270754,66,399,217,101,413,370,715,,,22,0,40,94,689,1.1290413616461
1457358715,Busch,Robert,S,M.D.,I,1365 Washington Ave,Ste 300,Albany,NY,36,12206,1,"Metropolitan area core: primary flow within an urbanized area of 50,000 and greater",US,Endocrinology,S,11314,26231,4810319.64,774955,834,,10460,24539.8,4397066.67,725207,,772,,4551,4432910.81,,6446,357997.33,,317,19411.5,,5541,2253605.17,,5773,2556714.47,,1162,594439.88,,10152,4215879.76,100,609,2190,25,0.88386070355312,0,0,0,0,0,77,4814.73,47,*,,,*,,74.113908872902,62,389,277,106,464,370,732,29,21,,,42,60,774,1.2976620244454
1457367153,Schwartz,Lisa,C,MD,I,800 Ayrault Rd Ste 200,,Fairport,NY,36,14450,1,"Metropolitan area core: primary flow within an urbanized area of 50,000 and greater",US,Internal Medicine,S,2485,4989.7666666667,120531.7,145927,284,,2165,4471.1666666667,96077.91,130918,,262,,285,67059.56,,2187,52997.51,,13,474.63,,2148,104214.68,,337,16317.02,,354,21719.94,,2131,98811.76,29,571.82,716,15,1.1670020120724,0,0,0,0,0,76,1270.56,48,*,,,*,,72.471830985915,22,155,74,33,197,87,257,,,,0,14,18,266,0.86230012726877
1457394306,Lee,Jung,L,MD,I,143-25a Roosevelt Ave.,,Flushing,NY,36,11354,1,"Metropolitan area core: primary flow within an urbanized area of 50,000 and greater",US,General Surgery,S,37647,39682.6,4054336.78,1151980,644,,37573,39604.933333333,4046156.89,1149813,"#",,,10361,3342760.87,,26983,700535.46,,303,11040.45,,8650,933578.12,,28997,3120758.66,,37299,4019773.02,,348,34563.76,28,70.3,266,15,0.074375116211119,0,0,0,0,0,870,6205.13,414,,20,4021.54,*,,77.827639751553,,,,,422,222,,,608,,0,25,609,35,1.3293778660841
1457394413,Devlin,Albert,F,DO,I,200 Madison Ave,3rd Floor,Elmira,NY,36,14901,1,"Metropolitan area core: primary flow within an urbanized area of 50,000 and greater",US,Internal Medicine,S,13548,16446.2,715935.25,436602,474,,11472,13802.933333333,579094.03,362282,,380,,1832,495121.39,,11627,215896.06,,89,4917.8,,3239,184517.67,,10309,531417.58,,9733,533902.58,,3815,182032.67,584,21271.01,11091,148,4.3105993504576,167,14975.68,4037,39,28.595890410959,368,11289.63,141,,53,834.32,,14,75.274261603376,94,128,103,149,289,185,447,14,,,0,,247,227,1.7742667530215
1457396582,Zucker,Jane,R,MD MS,I,303 Ninth Avenue,3rd Floor,New York,NY,36,10001,1,"Metropolitan area core: primary flow within an urbanized area of 50,000 and greater",US,Internal Medicine,S,90,90,10640.49,989,71,"#",,,,,"#",,,90,10640.49,,0,0,,0,0,,50,5296.94,,40,5343.55,,20,2844.66,,70,7795.83,0,0,0,0,0,0,0,0,0,,0,0,0,*,,,*,,72.112676056338,,,,,42,29,37,,15,,0,,18,53,1.1274546358843
1457398778,Cohen,Barry,A,M.D.,I,151a W End Ave,,Brooklyn,NY,36,11235,1,"Metropolitan area core: primary flow within an urbanized area of 50,000 and greater",US,Internal Medicine,S,4900,10119.066666667,421254.09,297475,281,,4717,9926.5666666667,399318.12,291892,"#",,,866,308731.35,,3997,109521.16,,37,3001.58,,1099,38344.74,,3801,382909.35,,940,73360.53,,3960,347893.56,74,2474.76,1783,16,1.5102040816327,0,0,0,0,0,93,1466.06,61,,23,1005.09,*,,77.423487544484,,,,,175,106,240,12,,,0,16,42,239,1.0492692152363
1457421653,Lee-Rey,Elizabeth,T,MD,I,2426 Eastchester Rd,Suite 208,Bronx,NY,36,10469,1,"Metropolitan area core: primary flow within an urbanized area of 50,000 and greater",US,Family Practice,S,9773,15557.866666667,691759.59,452682,387,,8509,13664.633333333,619137.25,398913,,326,,1738,514525.82,,7535,149324.57,,500,27909.2,,8310,583745.68,,1463,108013.91,,8892,634403.79,,881,57355.8,15,98.52,264,,0.15348408881613,0,0,0,,0,59,504.04,45,,17,189.74,*,,70.798449612403,61,196,99,31,283,104,23,49,15,296,,,294,93,1.2666451950259
1457441750,Abrams,Robert,,M.D.,I,178 E 85th St,,New York,NY,36,10028,1,"Metropolitan area core: primary flow within an urbanized area of 50,000 and greater",US,Internal Medicine,S,3938,6691.8333333333,280212.21,193943,266,,3873,6623.1333333333,277264.71,191927,"#",,"#",,,,3165,76024.03,*,,,,159,2815.9,,3779,277396.31,,369,18530.55,,3569,261681.66,43,1015.94,1008,12,1.0919248349416,0,0,0,0,0,115,3449.6,72,,11,517.54,*,,75.59022556391,,,,,164,102,221,14,,,0,21,12,254,0.91293984962406
1457445660,Gitman,Michael,D,MD,I,100 Community Dr,,Great Neck,NY,36,11021,1,"Metropolitan area core: primary flow within an urbanized area of 50,000 and greater",US,Nephrology,S,431,831.4,72401.17,24051,54,,347,625.4,44590.3,18008,"#",,,86,62432.97,,345,9968.2,,0,0,,138,32016.51,,293,40384.66,,67,8226.87,,364,64174.3,0,0,0,0,0,0,0,0,0,,,,,,0,0,*,,71.518518518519,,,,,25,29,39,,,,0,0,,,2.2316664165657
1457454670,Gilmartin,William,A,MD,I,182 West Montauk Hwy,Bldg B Suite H,Hampton Bays,NY,36,11946,1,"Metropolitan area core: primary flow within an urbanized area of 50,000 and greater",US,Internal Medicine,S,4881,7740.2333333333,287687.72,225007,434,,4797,7632.1333333333,284054.98,222231,,420,,774,203694.61,,4076,83081.2,,31,911.91,,689,38447.86,,4192,249239.86,,570,32276.56,,4311,255411.16,15,66.83,335,,0.30731407498463,0,0,0,,0,99,4386.48,77,*,,,*,,75.594470046083,14,208,148,64,228,206,368,33,,,,19,30,404,1.1210942780338
1457483455,Meer,John,F,MD,I,154 W 71st St,,New York,NY,36,10023,1,"Metropolitan area core: primary flow within an urbanized area of 50,000 and greater",US,Internal Medicine,S,8973,14743.266666667,713168.68,424887,545,,8031,13510.2,620444.82,391249,,500,,1589,533808.44,,7190,170693.56,,194,8666.68,,6498,544171.69,,2475,168996.99,,3675,285261.44,,5298,427907.24,131,2478.3,1959,32,1.4599353616405,0,0,0,0,0,147,2091.05,100,,72,1108.2,,12,74.234862385321,45,253,163,84,336,209,177,214,,122,,22,146,399,1.3363498945556
1457524498,Murphy,Gretchen,D,PA,I,4893 Transit Rd,,Depew,NY,36,14043,1,"Metropolitan area core: primary flow within an urbanized area of 50,000 and greater",US,Physician Assistant,S,7900,14746.433333333,756286.38,425309,844,,6856,13148.666666667,648998.63,380105,,767,,1475,581711.23,,6300,169645.65,,125,4929.5,,5423,463619.05,,2477,292667.33,,1572,164751.73,,6328,591534.65,368,24895.15,10821,98,4.6582278481013,38,13406.78,1365,,10.326086956522,324,3349.95,188,,20,514.21,*,,74.718009478673,77,351,266,150,515,329,815,,,,0,16,97,747,1.2748689811471
1457580532,Day,Brian,D,D.O.,I,2350 Ridgeway Ave Ste A,,Rochester,NY,36,14626,1,"Metropolitan area core: primary flow within an urbanized area of 50,000 and greater",US,Geriatric Medicine,S,4886,4899.9,277048.64,114389,309,,4858,4871.9,276821.09,113701,"#",,,814,168731.61,,4072,108317.03,,0,0,,4178,208568.97,,708,68479.67,,4567,265807.4,,319,11241.24,635,26574.62,16943,98,12.996316004912,79,17302.52,2191,,12.44094488189,66,1165.17,22,,112,2193.01,*,,87.873786407767,,,,,229,80,271,27,,,0,0,277,32,2.4175712517216
1457640088,Persaud,Priscilla,,M.D.,I,125 Oakland Ave Ste 204,,Port Jefferson,NY,36,11777,1,"Metropolitan area core: primary flow within an urbanized area of 50,000 and greater",US,Internal Medicine,S,1436,3001.0333333333,97275.54,85557,277,,1153,2543.5,66232.22,72899,,233,"#",,,,1211,28978.42,*,,,,447,29634.79,,989,67640.75,,517,36843.73,,919,60431.81,,,,,,,,,,,83,985.8,66,,13,150.15,*,,72.581227436823,44,112,84,37,174,103,236,,,23,0,,60,217,1.41370278405
1457668147,Mahon,Hiromi,,M.D.,I,1444 Western Ave Ste C,,Albany,NY,36,12203,1,"Metropolitan area core: primary flow within an urbanized area of 50,000 and greater",US,Family Practice,S,4114,6711.3666666667,310761.26,194297,245,,2159,4031.8,182854.76,117319,,152,,749,240252.35,,3339,69784.33,,26,724.58,,1894,107785.28,,2220,202975.98,,2991,236275.54,,1123,74485.72,188,3822.84,5298,35,4.5697617890131,15,1867.69,442,,7.9787234042553,82,1981.18,53,,44,9406.92,*,,66.387755102041,93,94,38,20,152,93,156,39,,24,,17,135,110,1.4777424259111
1467408534,Clarick,Carolyn,J,MD,I,Mount Kisco Medical Group Pc,90 South Bedford Road,Mount Kisco,NY,36,10549,1,"Metropolitan area core: primary flow within an urbanized area of 50,000 and greater",US,Internal Medicine,S,3815,8305.9666666667,178387.66,240273,438,,3661,8046.9666666667,174366.6,233119,,422,,511,100433.34,,3304,77954.32,,0,0,,963,33167.99,,2852,145219.67,,426,13527.98,,3389,164859.68,19,456.95,378,,0.49803407601573,0,0,0,,0,129,1744.62,96,,0,0,,0,73.143835616438,16,260,124,38,353,85,383,,13,13,,20,37,401,0.82069178082192
1467431718,Wood,Virginia,,PA,I,115 Fairgrounds Dr,,Manlius,NY,36,13104,1,"Metropolitan area core: primary flow within an urbanized area of 50,000 and greater",US,Physician Assistant,S,3270,6643.9333333333,262010.86,191572,432,,3102,6377.9333333333,251519.47,184022,,416,,458,143997.16,,2781,116131.83,,31,1881.87,,1627,100835.46,,1643,161175.4,,559,47439.99,,2711,214570.87,23,286.12,578,12,0.70336391437309,0,0,0,0,0,137,1399.24,88,,0,0,,0,75.030092592593,16,210,145,61,280,152,405,,,,0,13,37,395,0.962242548503
1467439893,Bouchard,Martha,,M.D.,I,111 Clocktower Commons,,Brewster,NY,36,10509,1,"Metropolitan area core: primary flow within an urbanized area of 50,000 and greater",US,Internal Medicine,S,5835,10710.866666667,535829.84,312533,372,,5437,10122.233333333,513729.72,295680,,338,,1152,386697.11,,4637,146239.23,,46,2893.5,,1213,99989,,4622,435840.84,,958,70769.3,,4877,465060.54,52,1888.23,1740,24,0.89117395029991,,,,,,157,4656.74,96,,24,173.42,*,,73.336021505376,34,184,106,48,266,106,323,13,,25,0,,55,317,1.1341784399269
1467444554,Peregrim,Kimberly,A,D.O.,I,711 Troy Schenectady Rd Ste 104,,Latham,NY,36,12110,1,"Metropolitan area core: primary flow within an urbanized area of 50,000 and greater",US,Internal Medicine,S,2539,6327.0666666667,194682.31,184826,351,,2314,5891.0666666667,182789.66,172406,,320,"#",,,,2147,74023.4,*,,,,1282,87901.7,,1257,106780.61,,253,15807.76,,2286,178874.55,,,,,,,,,,,81,4355.3,51,*,,,*,,73.039886039886,31,179,95,46,260,91,315,16,,,0,11,30,321,0.96026457042177
1467452441,Abess,Gerard,F,M.D.,I,3 Irongate Center,,Glens Falls,NY,36,12801,1,"Metropolitan area core: primary flow within an urbanized area of 50,000 and greater",US,Family Practice,S,9671,16273.266666667,736076.76,473314,611,,8137,14439.5,626578.86,421281,,524,,1657,549922.35,,7946,183352.1,,68,2802.31,,6015,373727.36,,3656,362349.4,,2383,153213.49,,7288,582863.27,506,22034.22,13530,78,5.2321373177541,55,8565.06,1509,,10.869565217391,156,1811.44,126,,40,938.48,*,,72.070376432079,87,277,189,58,310,301,590,,0,,0,14,96,515,1.1844825131422
1467482703,Tam,Kenneth,C,M.D.,I,217 Grand St Fl 9,,New York,NY,36,10013,1,"Metropolitan area core: primary flow within an urbanized area of 50,000 and greater",US,Internal Medicine,S,10998,20973.6,903692.19,624581,640,,10911,20789.6,896526.09,619111,"#",,,2088,618255.92,,8887,284906.64,,23,529.63,,6835,539029.88,,4163,364662.31,,9220,763906.13,,1778,139786.06,,,,,,,,,,,68,508.37,64,,0,0,*,,78.9,,,,,352,288,,0,608,,0,24,493,147,1.6697252119932
1467483917,Song,Min,,MD,I,227 Madison St,"Medicine, 4th Floor, Gouverneur Healthcare Services",New York,NY,36,10002,1,"Metropolitan area core: primary flow within an urbanized area of 50,000 and greater",US,Internal Medicine,S,12665,18267.733333333,1135429.53,532714,594,,12380,17903.566666667,1103572.69,522212,,575,,2998,887381.42,,9409,240688.31,,258,7359.8,,10294,913820.35,,2371,221609.18,,12421,1126161.07,,244,9268.46,13,73.31,99,12,0.10264508487959,0,0,0,0,0,217,1033.49,155,,31,175.03,*,,73.612794612795,19,338,173,64,303,291,,,575,,0,,560,34,1.1200603118855
1467489237,Greenwood,Gaylinn,M,MD,I,2260 Lake Avenue,Suite 1000,Rochester,NY,36,14612,1,"Metropolitan area core: primary flow within an urbanized area of 50,000 and greater",US,Family Practice,S,5152,11685.166666667,350374.65,342758,361,,4489,10520.7,317830.69,309292,,328,,702,204430.87,,4438,145397.27,,12,546.51,,4136,287554.71,,1016,62819.94,,867,69032.41,,4285,281342.24,209,7669.79,5772,53,4.0566770186335,11,338.87,330,,5.2631578947368,117,2056.24,79,,15,342.39,*,,72.628808864266,33,183,107,38,285,76,343,,,,,11,34,327,0.92265466720637
1467527655,Obrien,John,G,MD,I,8100 Oswego Road,Suite 220,Liverpool,NY,36,13090,1,"Metropolitan area core: primary flow within an urbanized area of 50,000 and greater",US,Family Practice,S,5259,11405.733333333,350918.25,332161,573,,4971,10869.533333333,330861.02,316625,,534,,767,222627.64,,4480,127740.47,,12,550.14,,2697,204480.14,,2562,146438.11,,566,43126.79,,4693,307791.46,83,2801.64,2764,29,1.5782468149838,12,785.61,333,,14.457831325301,275,3166.29,206,,0,0,,0,74.006980802792,39,261,209,64,299,274,547,,,,0,14,48,525,1.0157537138617
1467534842,Mamtora,Pankaj,K,MD,I,11412 Beach Channel Dr,,Rockaway Park,NY,36,11694,1,"Metropolitan area core: primary flow within an urbanized area of 50,000 and greater",US,Internal Medicine,S,2991,6156.6333333333,431042.55,179048,137,,2631,5537.6333333333,365181.58,161244,,120,,649,351233.32,,2275,76738.72,,67,3070.51,,779,139064.26,,2212,291978.29,,1009,152736.07,,1982,278306.48,44,1260.15,1142,,1.4710799063858,11,251.35,330,,25,138,3213.1,64,,0,0,,0,75.153284671533,17,48,49,23,81,56,70,14,39,,0,,42,95,1.1348725060827
1467536755,Cao,Kent,B,M.D.,I,136-21 Roosevelt Ave.,Suite 205,Flushing,NY,36,11354,1,"Metropolitan area core: primary flow within an urbanized area of 50,000 and greater",US,Internal Medicine,S,16382,23209.133333333,1195796.55,662100,560,,15862,22587.5,1164469.02,645010,,537,,2540,767207.86,,13606,419535.49,,236,9053.2,,12052,833252.14,,4330,362544.41,,15559,1161497.43,,823,34299.12,28,403.78,235,,0.17091930167257,0,0,0,,0,512,3124.05,264,,51,1194.01,*,,73.489285714286,23,312,161,64,332,228,,,528,11,0,11,476,84,1.1292557651539
1467554014,Foster,Teresa,,D.O.,I,404 Zena Rd,,Woodstock,NY,36,12498,10,"Rural areas: primary flow to a tract outside a urbanized area of 50,000 and greater or UC",US,Family Practice,S,7965,12834.9,723908.4,369568,546,,6056,10468.4,556021.83,303150,,460,,1488,548838.76,,6398,171431.84,,79,3637.8,,2733,273015.08,,5232,450893.32,,3128,338096.77,,4837,385811.63,640,50079.46,17083,100,8.0351537978657,133,5828.31,3751,22,20.78125,168,2354.51,111,,26,760.88,*,,70.858974358974,86,274,145,41,387,159,512,,,,,12,142,404,1.0145643411842
1467555425,Ogrady,John,W,MD,I,112 E 74th St,,New York,NY,36,10021,1,"Metropolitan area core: primary flow within an urbanized area of 50,000 and greater",US,Internal Medicine,S,2139,5466.9,201807.39,159849,188,"#",,,,,"#",,,414,143912.78,,1711,57241,,14,653.61,,61,2355.07,,2078,199452.32,,175,11641.76,,1964,190165.63,,,,,,,,,,,67,785.82,49,*,,,*,,78.13829787234,,,,,100,88,160,,,,0,12,,,1.0229253546099
1467560656,Waseem,Faisal,,M.D,I,11903 101st Ave,,South Richmond Hill,NY,36,11419,1,"Metropolitan area core: primary flow within an urbanized area of 50,000 and greater",US,Internal Medicine,S,46067,52225.433333333,3058655.62,1371609,1125,,42021,47411.633333333,2623184.25,1238555,,1023,,8462,2134701.23,,36894,893370.53,,711,30583.86,,17922,1044676.09,,28145,2013979.53,,43367,2895658.8,,2700,162996.82,809,22910.82,15835,179,1.7561377992923,51,4346.01,1185,14,6.3040791100124,875,16740.25,394,,486,42712.54,,65,76.412444444444,102,419,337,267,633,492,401,203,188,209,15,109,897,228,2.0718000022939
1467599191,Travis,Jeanne,,MD,I,314 W 14th St,,New York,NY,36,10014,1,"Metropolitan area core: primary flow within an urbanized area of 50,000 and greater",US,Internal Medicine,S,2957,6055.0333333333,246689.09,177314,327,,2847,5821.6,221808.79,170534,,316,,573,184865.12,,2364,60971.7,,20,852.27,,999,65256.73,,1958,181432.36,,597,77066.83,,2360,169622.26,29,8174.51,953,18,0.98072370645925,,,,,,44,617.98,33,*,,,*,,73.902140672783,11,182,101,33,269,58,246,23,,39,,12,46,281,0.92204011917479
1467694703,Pal,Amandeep,,M.D.,I,6000 Brocton Drive,Suite 101,Lockport,NY,36,14094,2,"Metropolitan area high commuting: primary flow 30% or more to a urbanized area of 50,000 and greater",US,Family Practice,S,23604,40447.7,1952358.02,1141098,1396,,19149,33498.433333333,1602826.98,945663,,1185,,4106,1509366.73,,19147,424223.99,,351,18767.3,,13363,944464.43,,10241,1007893.59,,12504,934345.83,,11100,1018012.19,519,8557.89,13054,156,2.198779867819,,,,,,835,16703.19,454,,233,5393.93,,38,73.569484240688,211,546,386,253,834,562,1288,32,,22,,46,487,909,1.487107563812
1467698563,Ukowska,Renata,Z,MD,I,760 Broadway,Woodhull Medical & Mental Health Center,Brooklyn,NY,36,11206,1,"Metropolitan area core: primary flow within an urbanized area of 50,000 and greater",US,Internal Medicine,S,8587,11072.866666667,634042.41,323513,339,,7950,10382.733333333,589887,303875,,315,,1442,480285.33,,7042,147940.02,,103,5817.06,,5694,448963.48,,2893,185078.93,,6703,536970.01,,1884,97072.4,35,264.23,537,25,0.40759287294748,0,0,0,0,0,112,1044.62,73,,18,4197.73,*,,71.699115044248,24,205,96,14,231,108,288,,,20,0,26,215,124,0.97401583170701
1467711135,Kudel,Andrea,N,D.O.,I,8745 Lake Street Rd,,Le Roy,NY,36,14482,3,"Metropolitan area low commuting: primary flow 10% to <30% to a urbanized area of 50,000 and greater",US,Family Practice,S,4410,8066.9,313983.16,232038,311,,3584,7009.6333333333,251771.58,202634,,257,,624,225177.48,,3756,87499.59,,30,1306.09,,2922,209537.54,,1488,104445.62,,1429,125727.99,,2981,188255.17,178,14115.04,4561,38,4.0362811791383,31,2832.34,892,,17.415730337079,148,2089.9,78,*,,,*,,71.463022508039,54,135,87,35,226,85,295,,0,,,,70,241,1.142132335693
1467741686,Gavin,Michael,J,MD,I,167 Sullys Trl,Ste 100,Pittsford,NY,36,14534,1,"Metropolitan area core: primary flow within an urbanized area of 50,000 and greater",US,Internal Medicine,S,2414,4186.0666666667,113494.56,120991,213,,1999,3679.9333333333,99414.02,107420,,181,,223,68319.15,,2174,44498.58,,17,676.83,,1789,89542.2,,625,23952.36,,572,21058.27,,1842,92436.29,67,1223.49,1581,19,2.7754763877382,,,,,,37,420.39,29,,13,1110.06,*,,70.887323943662,32,103,55,23,96,117,196,,,,0,,33,180,0.97110086498896
1467782615,Zheng,Li,,M.D.,I,13640 39th Ave,Suite 401,Flushing,NY,36,11354,1,"Metropolitan area core: primary flow within an urbanized area of 50,000 and greater",US,Family Practice,S,3351,3646.6333333333,290727.54,104443,105,,3259,3554.6333333333,286238.7,101819,"#",,,634,229608.61,,2615,57422.13,,102,3696.8,,2703,256185.39,,648,34542.15,,3137,280828.16,,214,9899.38,0,0,0,0,0,0,0,0,0,,85,831.24,49,,0,0,*,,73.2,,,,,50,55,0,,102,,0,,84,21,1.0296030785274
1467793273,Hathaway,Andrew,P,M.D.,I,5000 Brittonfield Pkwy Ste A100,,East Syracuse,NY,36,13057,1,"Metropolitan area core: primary flow within an urbanized area of 50,000 and greater",US,Family Practice,S,16917,26321,1204307.6,765439,811,,11091,19055.5,805991.62,558155,,585,,2681,894545.21,,14122,305714.45,,114,4047.94,,10498,730846.92,,6419,473460.68,,8718,691876.63,,8199,512430.97,703,29836.59,21417,119,4.1555831412189,32,7521.61,960,,4.551920341394,178,1944.95,126,,32,3079.16,*,,68.183723797781,226,337,184,64,410,401,719,40,,15,,28,273,538,1.2653320759079
1467887299,Sharma,Sahil,,M.D.,I,234 E 149th St,,Bronx,NY,36,10451,1,"Metropolitan area core: primary flow within an urbanized area of 50,000 and greater",US,Internal Medicine,S,3568,6140.3,278196.16,179562,259,,2446,4292.9333333333,176499.81,125660,,179,,648,224982.13,,2895,52179.81,,25,1034.22,,2810,239614.24,,758,38581.92,,1564,148721.23,,2004,129474.93,25,154.92,501,12,0.70067264573991,0,0,0,0,0,33,7137.84,23,*,,,*,,66.980694980695,80,129,,,140,119,124,127,,,0,,95,164,1.3222717172102
1467963710,Dippolito,Alissa,M,FNP,I,77 Nelson St Ste 310,,Auburn,NY,36,13021,4,"Micropolitan area core: primary flow within an urban cluster of 10,000 to 49,999",US,Nurse Practitioner,S,1818,2852.7,106750.06,74159,542,,1511,2432.2,86993.9,63328,,474,"#",,,,1557,32456.93,*,,,,791,44205.66,,1027,62544.4,,540,39075.42,,1278,67674.64,147,7531.71,3534,60,8.0858085808581,23,4071.58,675,,15.646258503401,251,2685.42,196,*,,,*,,74.188191881919,68,206,186,82,289,253,519,,0,,0,12,105,437,1.376426342428
1477500395,Rescigno,Keri,,FNP,I,Mount Kisco Medical Group Pc,90 South Bedford Road,Mount Kisco,NY,36,10549,1,"Metropolitan area core: primary flow within an urbanized area of 50,000 and greater",US,Nurse Practitioner,S,240,344,7359.09,7953,118,,226,330,6762.29,7669,"#",,,57,4579.06,,183,2780.03,,0,0,,35,637.34,,205,6721.75,,23,1354.66,,217,6004.43,0,0,0,0,0,0,0,0,0,,54,820.97,53,,0,0,*,,72.737288135593,,,,,89,29,105,,,,0,,12,106,0.87821963276836
1477501609,Bennett,Brian,R,MD,I,77 Nelson St,Suite 310,Auburn,NY,36,13021,4,"Micropolitan area core: primary flow within an urban cluster of 10,000 to 49,999",US,Internal Medicine,S,24255,35332.9,1483722.62,959458,1116,,21215,31274.933333333,1264043.71,846472,,1001,,3376,973788.02,,20736,503313.43,,143,6621.17,,12056,694456.04,,12199,789266.58,,13020,814338.51,,11235,669384.11,743,57344.11,20420,143,3.0632859204288,77,43039.84,2304,14,10.363391655451,791,34456.53,287,,456,52286.03,,48,75.455197132616,115,422,334,245,611,505,1065,13,,,,25,286,830,1.4110108101664
1477501864,Sabados,Christine,,RPH,I,250 Page Ave,,Staten Island,NY,36,10307,1,"Metropolitan area core: primary flow within an urbanized area of 50,000 and greater",US,Pharmacist,T,37,37,4451.06,37,33,,37,37,4451.06,37,,33,,37,4451.06,,0,0,,0,0,*,,,"#",,,,0,0,,37,4451.06,0,0,0,0,0,0,0,0,0,,0,0,0,,0,0,,0,72.575757575758,0,21,,,17,16,31,0,0,,0,,0,33,0.78154545454545
1477508117,Robb,John,R,MD,I,99 Canal Landing Blvd,Suite 10,Rochester,NY,36,14626,1,"Metropolitan area core: primary flow within an urbanized area of 50,000 and greater",US,Internal Medicine,S,16230,31518.933333333,765706.27,922648,801,,15220,30043.166666667,713143.34,879851,,759,,1836,418458.36,,14324,344772.3,,70,2475.61,,13435,611395.83,,2795,154310.44,,1692,84210.4,,14538,681495.87,434,6406.96,11672,75,2.6740603820086,0,0,0,0,0,452,4770.98,265,,28,1262.12,*,,76.425717852684,42,322,266,171,463,338,762,,,,0,24,44,757,1.2803479060849
1477512259,Cange,Jean,M,M.D.,I,400 International Dr.,,Williamsville,NY,36,14221,1,"Metropolitan area core: primary flow within an urbanized area of 50,000 and greater",US,Family Practice,S,7512,12452.4,714234.26,363170,418,,5390,9861.4,470345.78,289977,,318,,1343,538170.02,,6098,169336.23,,71,6728.01,,4725,399001.21,,2787,315233.05,,1974,255317.78,,5538,458916.48,572,62071.72,15568,73,7.6144834930777,124,26014.58,2946,16,21.678321678322,96,2120.53,68,,26,438.04,*,,69.260765550239,100,196,92,30,236,182,368,26,,12,0,,79,339,1.1756917205738
1477514263,Murray,Keith,S,RPA,I,4101 Medical Center Dr,,Fayetteville,NY,36,13066,1,"Metropolitan area core: primary flow within an urbanized area of 50,000 and greater",US,Physician Assistant,S,7874,16216.4,464078.55,473469,604,,7293,15321.566666667,424558.16,448238,,542,,1131,321862.55,,6661,138807.53,,82,3408.47,,4282,216029.72,,3592,248048.83,,1354,77225.07,,6520,386853.48,18,656.44,341,12,0.22860045720091,0,0,0,0,0,246,3393.05,164,,12,292.2,*,,73.256622516556,62,288,168,86,325,279,559,20,,,0,17,89,515,0.985125592419
1477516078,Cincotta,Joseph,A,MD,I,4900 Broad Rd,Ste 3m,Syracuse,NY,36,13215,1,"Metropolitan area core: primary flow within an urbanized area of 50,000 and greater",US,Family Practice,S,7925,18361.166666667,544123.8,539815,767,,7508,17553.366666667,492222.8,516432,,713,,918,364084.75,,6971,177502.66,,36,2536.39,,3440,207543.02,,4485,336580.78,,490,41719.97,,7435,502403.83,133,3775.75,3972,44,1.6782334384858,12,1808.93,420,,9.0225563909774,134,3597.55,88,,18,138.62,*,,73.598435462842,54,370,267,76,412,355,717,20,,,0,20,51,716,0.99559649761497
1609851443,Jackson,Mary,J,MD,I,308 W Seneca St,,Manlius,NY,36,13104,1,"Metropolitan area core: primary flow within an urbanized area of 50,000 and greater",US,Family Practice,S,3837,6338.3666666667,262945.62,183693,426,,3449,5761.3666666667,227422.59,166808,,384,,649,181248.2,,3156,80004.38,,32,1693.04,,1592,92496.67,,2245,170448.95,,716,66097.29,,3121,196848.33,81,2777.21,2436,27,2.1110242376857,,,,,,99,1998.3,66,*,,,*,,73.194835680751,42,211,110,63,321,105,387,13,,,0,15,63,363,1.1152557967006
1609855394,Dillon,Stephen,M,MD,I,314 West 14th St,5th Floor,New York,NY,36,10014,1,"Metropolitan area core: primary flow within an urbanized area of 50,000 and greater",US,Internal Medicine,S,6114,8032.3333333333,3450279.35,237070,237,,3751,5476.9,1780007.98,161317,,187,"#",,,,4231,218721.83,*,,,,1785,846703.61,,4329,2603575.74,,1593,1137151.56,,4521,2313127.79,30,1308.52,695,,0.49067713444553,,,,,,96,2405.73,39,,0,0,,0,67.721518987342,50,153,,,27,210,188,,,19,0,21,28,209,0.97366807313643
1609947191,Batoon,Sherwin,,M.D,I,147-14 Delaware Ave,,Flushing,NY,36,11355,1,"Metropolitan area core: primary flow within an urbanized area of 50,000 and greater",US,Internal Medicine,S,13635,20011.4,946247.59,571148,523,,12513,18588.2,811053.3,531081,,488,,2428,686565.85,,10845,245890.48,,362,13791.26,,7188,492698.98,,6447,453548.61,,8269,644746.77,,5366,301500.82,29,1086.37,810,16,0.21268793546021,12,1051.42,360,,41.379310344828,598,7575.12,286,,172,1821.58,,33,77.225621414914,35,202,155,131,356,167,135,,174,103,,55,235,288,1.557355910537
1609955202,Herman,Lawrence,L,M.D.,I,121 E 60th St Apt 9b,,New York,NY,36,10022,1,"Metropolitan area core: primary flow within an urbanized area of 50,000 and greater",US,Internal Medicine,S,1480,2827.9333333333,72206.56,80462,230,,1439,2748.9333333333,70337.03,78131,"#",,,196,32207.36,,1284,39999.2,,0,0,,252,7248.09,,1228,64958.47,,94,8217.16,,1386,63989.4,,,,,,,,,,,75,1001.13,41,,0,0,*,,73.173913043478,,,,,130,100,174,14,,17,,18,,,0.80523093167702
1619014420,William,Christina,F,MD,I,156 West Ave,2nd Floor,Brockport,NY,36,14420,2,"Metropolitan area high commuting: primary flow 30% or more to a urbanized area of 50,000 and greater",US,Internal Medicine,S,10125,19307.4,835560.93,558616,776,,8817,17148.4,713765.93,497128,,702,,1691,602072.48,,8347,228784.88,,87,4703.57,,6832,531582.84,,3293,303978.09,,2451,239024.58,,7674,596536.35,103,5903.64,2479,28,1.0172839506173,39,2607.24,1142,,37.864077669903,348,5242.92,193,,21,3364.51,*,,73.880154639175,74,335,259,108,475,301,740,11,,,,14,94,682,1.1331080541784
1619052610,Van Der Hoeven,Annette,W,MD,I,537 N State Rd,,Briarcliff Manor,NY,36,10510,1,"Metropolitan area core: primary flow within an urbanized area of 50,000 and greater",US,Internal Medicine,S,1694,2781.8,119281.52,78688,238,,1566,2587.8,110126.88,73259,,218,"#",,,,1451,30885.61,*,,,,544,21873.64,,1150,97407.88,,392,21411.97,,1302,97869.55,,,,,,,,,,,71,681.06,50,*,,,*,,73.113445378151,20,116,75,27,178,60,203,,,,0,18,35,203,0.99035504201681
1619064789,Pecker,Mark,,MD,I,450 E 69th St,,New York,NY,36,10021,1,"Metropolitan area core: primary flow within an urbanized area of 50,000 and greater",US,Internal Medicine,S,3489,6985.1,270487.57,206512,348,,3450,6914.1,269521.28,204448,"#",,"#",,,,2943,104692,*,,,,267,20741.78,,3222,249745.79,,396,34659.34,,3093,235828.23,68,1549.75,1472,14,1.9489825164804,,,,,,55,3515.86,29,,17,689.81,*,,76.772988505747,,,,,201,147,284,20,15,,,20,30,318,1.4813208333333
1619066099,Greenblatt,Michael,,,I,250 Delaware Ave,,Delmar,NY,36,12054,1,"Metropolitan area core: primary flow within an urbanized area of 50,000 and greater",US,Internal Medicine,S,7583,14171.566666667,613884.15,416398,615,,7332,13730.066666667,591725.93,403731,,596,,1036,425610.79,,6494,184989.17,,53,3284.19,,4607,333283.67,,2976,280600.48,,576,41527.81,,7007,572356.34,181,9401.68,4734,33,2.3869181062904,22,4117.29,660,,12.154696132597,99,2032.78,65,,16,2310.51,*,,74.777235772358,19,303,219,74,287,328,568,,0,,0,27,35,580,1.0640040872709
1619088812,Ojugbeli,Diane,S,MD,I,304 Genesee St,,Chittenango,NY,36,13037,2,"Metropolitan area high commuting: primary flow 30% or more to a urbanized area of 50,000 and greater",US,Family Practice,S,195,217,11410.58,5571,94,,105,121,6748.55,2971,,63,"#",,,,164,5098.11,*,,,,120,4744.33,,75,6666.25,,114,6247.1,,81,5163.48,54,3322.93,1572,46,27.692307692308,,,,,,,,,,0,0,,0,67.095744680851,31,34,,,66,28,75,15,0,,0,,38,56,1.3932367021277
1619105053,Gagne,Amy,L,FNP,I,84 E State St,"St. Mary'S Hospital, Gloversville Family Health Center",Gloversville,NY,36,12078,4,"Micropolitan area core: primary flow within an urban cluster of 10,000 to 49,999",US,Nurse Practitioner,S,10250,13334.333333333,946435.05,378940,350,,3970,5383.5,355855.66,154455,,120,,1441,680781.46,,8790,265163.64,,19,489.95,,90,3950.53,,10160,942484.52,,10250,946435.05,,0,0,20,132.36,407,,0.19512195121951,,,,,,159,2064.73,79,,14,6590.66,*,,58.102857142857,230,67,33,20,163,187,311,20,,14,0,,350,0,1.8048719047619
1619174240,Ranin-Lay,Maria,T,M.D.,I,155 Crystal Run Rd,,Middletown,NY,36,10941,1,"Metropolitan area core: primary flow within an urbanized area of 50,000 and greater",US,Internal Medicine,S,10243,12691.066666667,602294.72,313873,480,,9492,11693.933333333,548827.37,286689,,436,,1933,343389.06,,8296,258402.25,,14,503.41,,742,26698.43,,9501,575596.29,,7134,414578.13,,3109,187716.59,266,7751.57,4102,74,2.5968954407888,75,4347.7,1101,12,28.195488721805,351,12128.78,144,,261,8744.69,,34,78.63125,44,134,127,175,355,125,386,32,,51,,,220,260,1.7221594530154
1619189735,Goldfarb,Andrew,,M.D.,I,1575 Hillside Ave,Suite 205,New Hyde Park,NY,36,11040,1,"Metropolitan area core: primary flow within an urbanized area of 50,000 and greater",US,Cardiology,S,3478,8236.7,248477.99,243878,252,,3448,8148.7,244646.09,241238,"#",,,539,152097.56,,2939,96380.43,,0,0,,647,47761.04,,2831,200716.95,,384,24924.31,,3094,223553.68,,,,,,,,,,,86,1910.16,48,,0,0,*,,78.928571428571,,,,,129,123,208,,,12,0,15,18,234,1.2677956349206
1619260809,Gritti,Jason,,M.D.,I,450 Clarkson Ave,Downstate University,Brooklyn,NY,36,11203,1,"Metropolitan area core: primary flow within an urbanized area of 50,000 and greater",US,Internal Medicine,S,5410,12869.9,259477.97,374705,529,,4558,11053.8,221203.67,322768,,459,,1117,157086.26,,4226,100477.37,,67,1914.34,,5257,252645.82,,153,6832.15,,1943,100328.99,,3467,159148.98,267,4444.06,6560,75,4.9353049907579,23,548.4,633,,8.6142322097378,150,2080.53,118,*,,,*,,71.765595463138,70,265,137,57,290,239,289,95,73,62,,,141,388,1.4752276766526
1619294279,Riccardi,Elizabeth,,MD,I,739 Irving Ave,Suite 200,Syracuse,NY,36,13210,1,"Metropolitan area core: primary flow within an urbanized area of 50,000 and greater",US,Internal Medicine,S,5336,10236.833333333,337319.9,300989,414,,4825,9473.8666666667,301351.53,278748,,376,,754,229217.82,,4534,105753.64,,48,2348.44,,2409,117862.84,,2927,219457.06,,574,39418.52,,4762,297901.38,73,2346.34,1884,20,1.3680659670165,14,1042.15,414,,19.178082191781,90,1180.09,64,,39,495.08,*,,73.123188405797,38,208,121,47,296,118,335,53,,,,16,42,372,1.1788794991307
1619901170,Vastola,Cary,F,D.O.,I,30 N Union Rd,,Williamsville,NY,36,14221,1,"Metropolitan area core: primary flow within an urbanized area of 50,000 and greater",US,Family Practice,S,2140,4069.3,134949.84,120438,226,,1987,3803.3,122211.78,112605,,208,,276,100581.19,,1834,33568.43,,30,800.22,,1569,79751.15,,571,55198.69,,382,19332.8,,1758,115617.04,25,729.65,735,14,1.1682242990654,0,0,0,0,0,,,,*,,,*,,74.061946902655,18,109,66,33,112,114,201,19,0,,0,,28,198,1.114296460177
1619907201,Bonenfant,Heather,M,M.D.,I,2400 S Clinton Ave,Bldg H Suite 110,Rochester,NY,36,14618,1,"Metropolitan area core: primary flow within an urbanized area of 50,000 and greater",US,Internal Medicine,S,4656,8944.4666666667,349386.18,259019,452,,4366,8560.4666666667,334875.99,248107,,429,,653,232203.78,,3972,116098.5,,31,1083.9,,3756,247109.01,,900,102277.17,,498,74103.46,,4158,275282.72,174,47202.74,4695,53,3.7371134020619,15,40245.76,450,,8.6206896551724,158,2429.16,97,*,,,*,,74.617256637168,23,216,144,69,303,149,406,,13,,0,17,24,428,1.0168207171153
1619924750,Sabra,Mona,,M.D.,I,1275 York Ave,,New York,NY,36,10065,1,"Metropolitan area core: primary flow within an urbanized area of 50,000 and greater",US,Endocrinology,S,895,2274.1666666667,86555.23,67661,248,,773,1996.8333333333,80925.69,59421,,223,,594,74101.39,,285,10692.78,,16,1761.06,,63,4008.32,,832,82546.91,,217,36856.6,,678,49698.63,0,0,0,0,0,0,0,0,0,,0,0,0,,0,0,,0,70.963709677419,25,151,,,157,91,181,17,14,20,0,16,41,207,1.7580332120589
1619950805,Purpura,Patti,L,MD,I,600 Roe Ave,,Elmira,NY,36,14905,1,"Metropolitan area core: primary flow within an urbanized area of 50,000 and greater",US,Emergency Medicine,S,68,72,3534.92,691,57,"#",,,,,"#",,,25,2935.46,,43,599.46,,0,0,"#",,,*,,,*,,,"#",,,,,,,,,,,,,20,195.72,19,*,,,*,,75.421052631579,,,,,37,20,51,,,,0,,,,1.3423822563701
1619978160,Floyd,Frank,D,M.D.,I,800 Hooper Road,,Endwell,NY,36,13760,1,"Metropolitan area core: primary flow within an urbanized area of 50,000 and greater",US,Internal Medicine,S,10372,23324.566666667,654859.32,687183,665,,9626,22042.566666667,605137.85,649532,,619,,1318,391932.9,,9004,260976.96,,50,1949.46,,3588,206422.98,,6784,448436.34,,1158,100083.17,,9214,554776.15,256,8688.23,6985,64,2.4681835711531,29,1736.77,870,,11.328125,181,6296.24,98,,31,4942.86,*,,75.837593984962,46,245,257,117,385,280,638,,,,0,11,58,607,1.0831369318209
1629026703,Hartrich,William,M,M.D.,I,1835 Maple Rd,,Williamsville,NY,36,14221,1,"Metropolitan area core: primary flow within an urbanized area of 50,000 and greater",US,Internal Medicine,S,4976,10430.4,327733.45,301049,437,,4714,10099,313584.44,292100,,409,,682,221271.25,,4274,105864.35,,20,597.85,,4022,229820.7,,954,97912.75,,334,19127.67,,4642,308605.78,230,9487.56,4642,42,4.6221864951768,21,5483.47,665,,9.1304347826087,117,1576.35,89,,16,467.17,*,,73.70938215103,28,227,122,60,221,216,412,,,,0,12,20,417,1.0950136132608
1629031208,Cheung,William,,M.D.,I,19 Bowery Fl 2,Suite 8,New York,NY,36,10002,1,"Metropolitan area core: primary flow within an urbanized area of 50,000 and greater",US,Internal Medicine,S,12748,18633.5,6786759.43,532890,1020,,12213,17947.833333333,6212470.46,513702,,967,,3759,6372650.98,,8757,406946.24,,232,7162.21,,9677,5123278.17,,3071,1663481.26,,11454,6194015.62,,1294,592743.81,69,3352.62,1908,20,0.54126137433323,,,,,,448,4860.98,286,,26,395.77,*,,74.898039215686,53,503,299,165,537,483,15,,956,20,,22,834,186,1.1877719675231
1629033709,Grzhibek,Mikhail,,M.D.,I,285 Sills Rd,Building 4 Suite D,East Patchogue,NY,36,11772,1,"Metropolitan area core: primary flow within an urbanized area of 50,000 and greater",US,Internal Medicine,S,8063,16516.233333333,560743.46,477332,508,,7692,15897.466666667,551052.62,459605,,491,,1318,357021.04,,6710,202143.18,,35,1579.24,,968,58909.34,,7095,501834.12,,1813,101332.4,,6250,459411.06,208,9812.59,5660,54,2.5796849807764,35,4535.48,1027,,16.826923076923,246,6651.13,141,,38,2177.96,*,,77.933070866142,17,162,199,130,284,224,466,11,,21,,,59,449,1.4806913607605
1629044987,Burke,Robert,P,MD,I,1 Oxford Rd Ste 200,,New Hartford,NY,36,13413,1,"Metropolitan area core: primary flow within an urbanized area of 50,000 and greater",US,Family Practice,S,7537,11486.566666667,659762.93,319855,751,,4670,7992.7666666667,398479.31,220667,,640,,1772,515488.08,,5729,143198.27,,36,1076.58,,4289,354521.78,,3248,305241.15,,4023,365793.82,,3514,293969.11,378,18084.77,11307,57,5.0152580602362,31,9396.83,930,,8.2010582010582,120,922.07,69,,24,134.3,*,,71.801597869507,111,343,223,74,416,335,695,13,,11,,27,154,597,0.95961946615639
1629046081,Garbarino,Kenneth,,MD,I,3 Gates Cir,,Buffalo,NY,36,14209,1,"Metropolitan area core: primary flow within an urbanized area of 50,000 and greater",US,Geriatric Medicine,S,4063,5467.9666666667,183486.84,156830,483,,4008,5412.9666666667,182433.2,155184,"#",,,541,103185.23,,3511,79843.55,,11,458.06,,2585,108524.14,,1478,74962.7,,931,42830.34,,3132,140656.5,13,184.73,352,12,0.31996062023136,,,,,,70,2798.04,46,,18,117.35,*,,84.962732919255,,,,,328,155,448,20,,,0,,73,410,1.5778401563167
1629060603,Boyle,Sean,P,M.D.,I,8 Hulbert St Ste A,,Auburn,NY,36,13021,4,"Micropolitan area core: primary flow within an urban cluster of 10,000 to 49,999",US,Family Practice,S,4062,7295.1666666667,441249.66,207610,249,,3595,6671.1666666667,398496.13,190495,,229,,874,309253.89,,3146,130752.38,,42,1243.39,,2237,203355.01,,1825,237894.65,,962,111076.25,,3100,330173.41,255,10555.2,6640,41,6.2776957163959,0,0,0,0,0,183,3905.94,94,,0,0,,0,72.935742971888,20,124,84,21,125,124,236,0,0,0,0,13,25,224,1.2423435473586
1629064787,Mandelbaum,Joel,,MD,I,211 Hurley Ave,,Kingston,NY,36,12401,1,"Metropolitan area core: primary flow within an urbanized area of 50,000 and greater",US,Family Practice,S,9741,14208.633333333,646801.42,393159,672,,8143,12255.733333333,540212.65,339712,,562,,1708,470703.77,,7977,173711.04,,56,2386.61,,3774,229902.04,,5967,416899.38,,4647,374286.92,,5094,272514.5,720,57127.95,17938,142,7.3914382506929,198,39983.03,5460,28,27.5,202,4284.28,124,,51,905.67,*,,74.306547619048,110,237,162,163,390,282,613,31,,11,,,249,423,1.5651763213662
1629067483,Kim,Yong,R,M.D.,I,8635 Queens Blvd,Suite1e,Elmhurst,NY,36,11373,1,"Metropolitan area core: primary flow within an urbanized area of 50,000 and greater",US,Family Practice,S,12681,20776.333333333,1348937.61,610396,499,,11513,19172.5,1216779.27,563435,,461,,2927,1069652.41,,9612,276256.72,,142,3028.48,,8389,864839,,4292,484098.61,,9630,1178540.99,,3051,170396.62,11,65.46,330,,0.086743947638199,0,0,0,,0,234,2606.67,157,,16,3169.33,*,,72.080160320641,38,286,144,31,293,206,79,,120,272,,19,306,193,0.96381768534512
1629092978,Telonis,James,D,MD,I,5586 Legionnaire Dr Ste 1,,Cicero,NY,36,13039,1,"Metropolitan area core: primary flow within an urbanized area of 50,000 and greater",US,Family Practice,S,12614,25533.666666667,1073311.02,752744,808,,11969,24417.766666667,1047439.34,720164,,760,,1896,748005.18,,10614,320038.41,,104,5267.43,,5247,333879.23,,7367,739431.79,,1197,88650.38,,11417,984660.64,76,1387.18,2134,19,0.6025051530046,0,0,0,0,0,252,3590.99,174,*,,,*,,74.553217821782,48,377,269,114,473,335,776,,,,0,18,51,757,1.1468553942301
1629098207,Yu,Shick,,MD,I,311 North St,Suite 207,White Plains,NY,36,10605,1,"Metropolitan area core: primary flow within an urbanized area of 50,000 and greater",US,Internal Medicine,S,5171,9676.8333333333,415366.32,281916,404,,4626,9002.3666666667,334857.79,263114,,363,,814,276063.39,,4312,137320.88,,45,1982.05,,1062,106126.67,,4109,309239.65,,1357,140854.07,,3814,274512.25,64,1356.02,1447,22,1.2376716302456,,,,,,115,1431.07,85,,12,99.28,*,,73.007425742574,41,194,122,47,186,218,241,75,28,35,0,25,61,343,1.4281549770599
1629139340,Wallach,Ilisa,D,M.D.,I,1421 3rd Ave Fl 5,,New York,NY,36,10028,1,"Metropolitan area core: primary flow within an urbanized area of 50,000 and greater",US,Internal Medicine,S,3827,7918.7,227602.98,232160,351,,3676,7687.4333333333,212824.4,225272,,340,"#",,,,3193,87632.05,*,,,,314,19362.16,,3513,208240.82,,421,30928.65,,3406,196674.33,20,457.23,289,11,0.52260256075255,0,0,0,0,0,96,1502.81,62,*,,,*,,75.903133903134,11,155,133,52,272,79,291,20,,20,,13,23,328,0.89975043711151
1629146196,Shum,Kee,Y,MD,I,136 25 Maple Avenue,Suite 205,Flushing,NY,36,11355,1,"Metropolitan area core: primary flow within an urbanized area of 50,000 and greater",US,Internal Medicine,S,11406,19334.7,3117549.06,561993,731,,11188,19060.033333333,2879961.93,554765,"#",,,1858,2770420.43,,9500,345533.05,,48,1595.58,,8523,2307604.52,,2883,809944.54,,7684,2563568.55,,3722,553980.51,59,3678.07,1530,16,0.51727161143258,,,,,,493,4765.16,312,,16,224.17,*,,76.313269493844,,,,,420,311,16,,667,,0,41,396,335,1.0363380298711
1629150388,Kugler,Jay,,M.D.,I,560 Northern Blvd,Suite 203,Great Neck,NY,36,11021,1,"Metropolitan area core: primary flow within an urbanized area of 50,000 and greater",US,Internal Medicine,S,6912,17685.3,602258.09,526400,449,,6770,17347.3,596534.28,516355,"#",,"#",,,,5973,221155.99,*,,,,757,51119.99,,6155,551138.1,,586,47334.11,,6326,554923.98,36,3203.49,916,11,0.52083333333333,,,,,,57,739.02,39,*,,,*,,76.879732739421,,,,,216,233,407,,14,,0,17,23,426,1.0858307907298
1629161849,Mathur,Manuja,C,MD,I,Mmg - Bronx East,2300 Westchester Avenue,Bronx,NY,36,10462,1,"Metropolitan area core: primary flow within an urbanized area of 50,000 and greater",US,Internal Medicine,S,7934,15508.6,637828.49,455866,597,,7419,14614.633333333,594692.48,430070,,553,,1609,501351.61,,6067,125859.92,,258,10616.96,,5835,487599.79,,2099,150228.7,,3217,316144.21,,4717,321684.28,90,1055.25,2070,20,1.1343584572725,0,0,0,0,0,71,422.88,61,,15,175.89,*,,75.417085427136,44,238,215,100,420,177,85,256,27,209,,,164,433,1.4326537402081
1629224159,Alfonso,Jillian,,MD,I,3400 Bainbridge Ave,,Bronx,NY,36,10467,1,"Metropolitan area core: primary flow within an urbanized area of 50,000 and greater",US,Family Practice,S,10048,20623.166666667,807646.09,602390,671,,8231,17496.9,618720.67,512337,,555,,1970,601605.04,,7558,174925.68,,520,31115.37,,7214,555844.54,,2834,251801.55,,6582,533617.28,,3466,274028.81,11,66.44,175,,0.10947452229299,0,0,0,,0,200,1413.76,144,,0,0,,0,70.684053651267,116,303,190,62,522,149,63,275,,300,,16,319,352,1.5095294087869
1629237235,Eiss,Brian,,M.D.,I,1484 1st Ave,Irving Sherwood Wright Center,New York,NY,36,10075,1,"Metropolitan area core: primary flow within an urbanized area of 50,000 and greater",US,Geriatric Medicine,S,8416,13807.233333333,642205.59,405190,761,,7226,12401.866666667,560172.28,364256,,658,,1537,430779.77,,6735,205286.07,,144,6139.75,,3225,247893.64,,5191,394311.95,,5199,408287.74,,3217,233917.85,215,15050.48,5560,54,2.5546577946768,28,8436.16,810,,13.023255813953,121,14692.22,73,,23,593.97,*,,73.576872536137,103,279,268,111,478,283,344,166,27,199,0,25,383,378,1.7574674185462
1629252663,Hsu,Angela,,M.D.,I,177 Fort Washington Ave,"6th Floor, Ctr 12",New York,NY,36,10032,1,"Metropolitan area core: primary flow within an urbanized area of 50,000 and greater",US,Internal Medicine,S,3297,7842.0333333333,166850.32,226714,350,,3065,7471.8333333333,137198.16,216747,,329,,643,88102.38,,2624,77374.41,,30,1373.53,,3264,164056.02,,33,2794.3,,392,19246.61,,2905,147603.71,209,25185.47,4657,38,6.3390961480133,47,3882.66,1232,,22.488038277512,68,1268.58,50,*,,,*,,73.151428571429,21,188,113,28,212,138,170,62,60,45,0,13,20,330,1.0579669397106
1629272810,Korni,Roopa,M,MD,I,2450 W Ridge Rd,Ste 202,Rochester,NY,36,14626,1,"Metropolitan area core: primary flow within an urbanized area of 50,000 and greater",US,Family Practice,S,7204,14357.433333333,643472.89,415963,444,,5627,12285.566666667,462341.79,357016,,381,,1161,481576.24,,5954,159623.78,,89,2272.87,,5710,529998.72,,1494,113474.17,,1756,221059.1,,5448,422413.79,295,52611.99,8546,66,4.0949472515269,12,41738.78,360,,4.0677966101695,262,2617.34,162,,21,508.45,*,,73.745495495495,63,162,157,62,249,195,372,45,,,,13,64,380,1.2039186410465
1629324843,Lee,Sylvia,,MD,I,5100 W Taft Rd,,Liverpool,NY,36,13088,1,"Metropolitan area core: primary flow within an urbanized area of 50,000 and greater",US,Family Practice,S,8906,15175.366666667,650334.89,437269,647,,5578,10256.233333333,424691.77,297189,,449,,1352,486262.8,,7458,158387.96,,96,5684.13,,5134,369792.78,,3772,280542.11,,4498,331874.29,,4408,318460.6,246,6589.4,5614,80,2.7621827981136,,,,,,155,3240.65,113,,23,1467.69,*,,66.758887171561,198,279,136,34,423,224,555,44,,17,,15,249,398,1.2037385606858
1629326970,Frederick,Murielle,,FNP,I,333 Lafayette Ave,,Brooklyn,NY,36,11238,1,"Metropolitan area core: primary flow within an urbanized area of 50,000 and greater",US,Nurse Practitioner,S,16033,22896.866666667,1561592.58,667437,415,,13802,20044.433333333,1286570.59,585380,,363,,3808,1229697.66,,11736,304988.75,,489,26906.17,,13406,1328506,,2627,233086.58,,13336,1396332.8,,2697,165259.78,113,4912.86,2506,49,0.70479635751263,,,,,,277,1001.08,155,,36,469.87,*,,74.493975903614,52,147,151,65,238,177,17,91,,296,0,,271,144,1.6180321360191
1629392485,Kwoka,Matthew,F,B.S.,I,14360 243rd St,,Rosedale,NY,36,11422,1,"Metropolitan area core: primary flow within an urbanized area of 50,000 and greater",US,Pharmacist,T,51,51,8025.88,109,45,"#",,,,,"#",,,51,8025.88,,0,0,,0,0,*,,,"#",,,*,,,"#",,,0,0,0,0,0,0,0,0,0,,0,0,0,*,,,*,,73.422222222222,,,,,24,21,40,0,0,,0,,,,0.80936666666667
1629401294,Gulkar,Inna,,M.D.,I,259 1st St,,Mineola,NY,36,11501,1,"Metropolitan area core: primary flow within an urbanized area of 50,000 and greater",US,Internal Medicine,S,4262,10764.833333333,196280.03,312624,707,,3953,10114.133333333,169218.14,293920,,667,,778,119129.8,,3430,76078.73,,54,1071.5,,4228,190704.8,,34,5575.23,,451,33261.22,,3811,163018.81,312,8985.22,7300,98,7.3205068043172,23,2290.84,636,,7.3717948717949,131,14217.36,102,,16,373.43,*,,74.63224893918,40,351,208,108,496,211,571,32,15,71,0,18,57,650,1.2690612634176
1629412416,Dockstader,Chantel,,M.D.,I,300 Linwood Ave,,Buffalo,NY,36,14209,1,"Metropolitan area core: primary flow within an urbanized area of 50,000 and greater",US,Internal Medicine,S,4022,4570.2666666667,241567.37,129150,350,,1718,2013.0333333333,113494.25,57510,,154,,616,163523.4,,3378,77236.07,,28,807.9,,991,61116.97,,3031,180450.4,,3641,227200.94,,381,14366.43,105,5948.34,2579,27,2.6106414719045,20,4174.14,568,,19.047619047619,45,4359.31,39,*,,,*,,59.702857142857,196,108,,,204,146,246,71,,21,,,287,63,1.3735237908484
1629465158,Guan,Dandan,,PAC,I,132 Bowery Frnt 1,,New York,NY,36,10013,1,"Metropolitan area core: primary flow within an urbanized area of 50,000 and greater",US,Physician Assistant,S,4048,4527.5666666667,428352.96,130741,513,,3917,4382.9666666667,420237.25,126645,,491,,993,369265.68,,2986,57134.09,,69,1953.19,,3353,378516.47,,695,49836.49,,3906,418411.28,,142,9941.68,0,0,0,0,0,0,0,0,0,,54,445.01,46,,0,0,,0,71.506822612086,22,371,83,37,233,280,,0,501,,0,,487,26,1.062808711393
1639119621,Grobman,Craig,R,D.O.,I,2200 Northern Blvd,Suite 133,Greenvale,NY,36,11548,1,"Metropolitan area core: primary flow within an urbanized area of 50,000 and greater",US,Internal Medicine,S,4707,10363.333333333,587493.87,302741,582,,4474,9984.3333333333,558738.17,291820,,549,,998,439956.57,,3683,145367.79,,26,2169.51,,189,22026.21,,4518,565467.66,,983,124216.88,,3724,463276.99,97,7003.66,2596,44,2.0607605693648,37,5798.44,1128,13,38.144329896907,142,2003.18,111,,34,1869.46,,16,78.42439862543,33,165,209,175,349,233,523,16,,17,,17,111,471,2.1613686840062
1639124605,Dipoala,Joseph,A,M.D.,I,1850 Ridge Rd E,,Rochester,NY,36,14622,1,"Metropolitan area core: primary flow within an urbanized area of 50,000 and greater",US,Internal Medicine,S,10244,20211.866666667,870925.64,590971,568,,8575,17713.6,740821.73,519135,,504,,1434,603181.03,,8749,264843.16,,61,2901.45,,8347,709868.32,,1897,161057.32,,2255,206172.05,,7989,664753.59,389,18187.67,9010,78,3.7973447871925,37,10345.15,1047,,9.5115681233933,149,3619.48,83,,65,8003.03,,16,73.718309859155,64,247,167,90,322,246,501,24,,19,,21,74,494,1.0850979695163
1639127814,O'Keeffe,David,A,MD,I,3900 N Buffalo St,,Orchard Park,NY,36,14127,1,"Metropolitan area core: primary flow within an urbanized area of 50,000 and greater",US,Family Practice,S,11003,21635.5,709320.47,632324,930,,10077,20242.3,660425.79,591774,,861,,1489,503469.2,,9436,202638.24,,78,3213.03,,7571,458719.4,,3432,250601.07,,1074,91360.35,,9929,617960.12,152,3499.87,4033,55,1.3814414250659,,,,,,193,2436.63,132,*,,,*,,73.810752688172,69,459,299,103,448,482,845,44,,,,31,71,859,1.2175955169318
1639134174,Roche,Bertrand,P,M.D.,I,61 Maple Rd,,Williamsville,NY,36,14221,1,"Metropolitan area core: primary flow within an urbanized area of 50,000 and greater",US,Family Practice,S,5245,10880.966666667,338226.24,316213,418,,5045,10519.466666667,326513.03,305685,,394,,860,221482.08,,4353,115163.09,,32,1581.07,,3472,205239.91,,1773,132986.33,,590,58984.44,,4655,279241.8,76,770.9,2178,24,1.4489990467112,0,0,0,0,0,77,621.2,48,,30,279.4,*,,75.377990430622,24,191,123,80,230,188,391,,,,,13,34,384,1.2821769076537
1639137706,Witte,Anthony,,MD,I,60 Red Jacket St,Suite 1,Dansville,NY,36,14437,7,"Small town core: primary flow within an urban cluster of 2,500 to 9,999",US,Family Practice,S,7069,11791.766666667,600121.83,338043,612,,3985,7717.2333333333,358102.57,225325,,419,,1023,419135.04,,5967,177978.59,,79,3008.2,,3351,262468.12,,3718,337653.71,,3983,380891.53,,3086,219230.3,429,21858.41,11457,91,6.068750884142,97,10948.01,2874,11,22.610722610723,253,24547.27,127,*,,,*,,67.779411764706,193,228,130,61,353,259,589,,0,,0,15,218,394,1.2977357349687
1639138282,Nudelman,Miroslav,,MD,I,329 White Plains Road,,Eastchester,NY,36,10709,1,"Metropolitan area core: primary flow within an urbanized area of 50,000 and greater",US,Pulmonary Disease,S,6265,9077.2666666667,1423988.62,251028,691,,5653,8264.7666666667,1285626.03,228897,,627,,3471,1350143.28,,2794,73845.34,,0,0,,1912,418658.87,,4353,1005329.75,,1703,386507.85,,4562,1037480.77,11,185.67,135,,0.1755786113328,0,0,0,,0,306,3556.05,188,*,,,*,,75.370477568741,64,263,236,128,422,269,522,78,,65,,17,130,561,1.7614730133911
1639140486,Rosenfeld,Howard,,MD,I,123 Grove Ave,Suite 102,Cedarhurst,NY,36,11516,1,"Metropolitan area core: primary flow within an urbanized area of 50,000 and greater",US,Internal Medicine,S,6321,11354.5,466331.22,328969,407,,6010,10922.4,440747.33,316870,,386,,1349,349745.6,,4937,114901.43,,35,1684.19,,1635,95961.59,,4686,370369.63,,1143,84202.54,,5178,382128.68,,,,,,,,,,,298,4818.3,200,,23,411.7,*,,75.77886977887,21,180,133,73,219,188,355,17,,18,,16,48,359,1.3121736368241
1639142714,Karter,Dennis,L,MD,I,31 Washington Sq West,,New York,NY,36,10011,1,"Metropolitan area core: primary flow within an urbanized area of 50,000 and greater",US,Infectious Disease,S,2026,2767.4666666667,1566761.97,81309,143,,1137,1777.9666666667,754572.67,52297,,116,,874,1499994.62,,1152,66767.35,,0,0,,827,667383.63,,1199,899378.34,,720,549230.68,,1306,1017531.29,,,,,,,,,,,24,1235.34,14,,0,0,,0,69.293706293706,27,85,,,30,113,105,22,,,0,11,30,113,1.338375441337
1639162365,Sheridan,Bernadette,L,M.D.,I,1222 E 96th St,,Brooklyn,NY,36,11236,1,"Metropolitan area core: primary flow within an urbanized area of 50,000 and greater",US,Family Practice,S,6861,14911,747209.64,440088,599,,6160,13845.933333333,672606.74,409521,,543,,1248,554019.52,,5413,182905.13,,200,10284.99,,5114,512655.67,,1747,234553.97,,2542,297204.24,,4319,450005.4,61,1433.67,1386,23,0.88908322401982,,,,,,43,363.26,36,,20,431.16,*,,74.116861435726,56,263,212,68,496,103,13,536,,24,,22,155,444,1.3748279979144
1639167679,Lee,Sophia,,MD,I,155 Crystal Run Rd,,Middletown,NY,36,10941,1,"Metropolitan area core: primary flow within an urbanized area of 50,000 and greater",US,Internal Medicine,S,9784,16768.366666667,550439.91,467156,816,,8706,15200.933333333,488988.33,421552,,714,,1506,325068.25,,8232,223030.89,,46,2340.77,,1372,45745.54,,8412,504694.37,,4821,305887.88,,4963,244552.03,139,6982.51,2545,67,1.42068683565,24,2121.74,493,15,17.26618705036,194,2415.86,130,,154,7004.4,,26,73.575980392157,102,355,231,128,611,205,642,62,16,73,0,23,243,573,1.4834510513622
1639171143,Hall,George,,MD,I,241 Canal St,Suite 402,New York,NY,36,10013,1,"Metropolitan area core: primary flow within an urbanized area of 50,000 and greater",US,Internal Medicine,S,56385,63994.433333333,4395037.86,1840858,1953,,55346,62864,4325268.5,1809358,,1881,,11385,3258649.1,,44441,1121248.03,,559,15140.73,,42224,3275760.11,,14161,1119277.75,,54366,4281510.07,,2019,113527.79,137,1104.43,1644,76,0.24297242174337,0,0,0,0,0,1334,13298.99,753,,210,3325.71,,53,74.4229390681,72,1025,594,262,1079,874,,,1898,12,0,29,1783,170,1.2878543823202
1639172968,Saarie,Elizabeth,,MD,I,4939 Brittonfield Pkwy,Suite 101,East Yracuse,NY,36,13057,1,"Metropolitan area core: primary flow within an urbanized area of 50,000 and greater",US,Family Practice,S,4361,8596,342455.21,250419,565,,3504,7221.5333333333,294578.8,210594,,468,,714,232734.45,,3619,108401.82,,28,1318.94,,2212,175853.92,,2149,166601.29,,1298,126658.22,,3063,215796.99,111,2401.67,3254,39,2.5452877780326,0,0,0,0,0,138,2905.68,107,*,,,*,,70.833628318584,97,266,146,56,462,103,526,18,,,,11,112,453,1.1971125168606
1639185416,Mclean Bennett,Jacquelyn,,DO,I,79 Vandenburgh Ave,,Troy,NY,36,12180,1,"Metropolitan area core: primary flow within an urbanized area of 50,000 and greater",US,Family Practice,S,5048,7961.7,444046.07,228653,400,,3741,6395.7666666667,332400.45,186543,,329,,919,325802.64,,4114,117622.99,,15,620.44,,3912,296876.48,,1136,147169.59,,1427,154658.06,,3621,289388.01,119,2025.11,3456,36,2.3573692551506,,,,,,191,2177.1,91,*,,,*,,69.9475,71,197,100,32,277,123,361,18,,,,12,68,332,1.1276306453518
1639195381,Johnson,Sabrina,,MD,I,550 Montauk Hwy,,Shirley,NY,36,11967,1,"Metropolitan area core: primary flow within an urbanized area of 50,000 and greater",US,Family Practice,S,5452,8930.7,433869.44,261267,348,,3257,5757.6333333333,223401.81,168958,,214,,979,342105.67,,4385,87988.98,,88,3774.79,,1561,102015.46,,3891,331853.98,,4188,366055.45,,1264,67813.99,11,36.68,138,,0.2017608217168,0,0,0,,0,100,1206.95,79,,24,1117.69,*,,65.23275862069,134,144,58,12,207,141,190,74,12,69,,,218,130,1.4528502611311
1639197197,Teerlinck,Cynthia,E,M.D.,I,35 Lyon St,,Naples,NY,36,14512,10.1,"Secondary flow 30% to <50% to a urbanized area of 50,000 and greater",US,Family Practice,S,5650,10725.666666667,395724,310729,369,,4643,9283.9666666667,320276.42,269811,,319,,945,267558.64,,4683,127164.58,,22,1000.78,,3308,224078.78,,2342,171645.22,,1696,136116.48,,3954,259607.52,168,7724.17,4344,46,2.9734513274336,17,2897.72,626,,10.119047619048,177,4062.98,105,,28,4006.03,*,,71.476964769648,50,181,106,32,249,120,350,,0,,,12,79,290,1.1006703632749
1639250772,Olichney,John,J,M.D.,I,350 W 58th St,,New York,NY,36,10019,1,"Metropolitan area core: primary flow within an urbanized area of 50,000 and greater",US,Internal Medicine,S,3191,5609.8333333333,359300.19,162268,212,,3098,5441.8333333333,344061.05,157431,"#",,,638,273331.16,,2538,84836.95,,15,1132.08,,284,32364.99,,2907,326935.2,,175,17625.71,,3016,341674.48,50,13190.52,1317,,1.5669069257286,,,,,,122,1909.42,61,,0,0,*,,77.11320754717,,,,,116,96,188,,,,0,,,,1.0361840186577
1639254832,Culmine,John,,MD,I,2300 Westchester Ave,,Bronx,NY,36,10462,1,"Metropolitan area core: primary flow within an urbanized area of 50,000 and greater",US,Internal Medicine,S,11363,22766.7,1019087.44,669004,908,,9855,20389.266666667,841405.12,600633,,819,,1921,781404.39,,9089,222340.54,,353,15342.51,,8665,776140.89,,2698,242946.55,,4961,459405.8,,6402,559681.64,24,125.12,340,20,0.21121182786236,0,0,0,0,0,82,3054.36,65,,23,1242.31,*,,72.961453744493,89,458,262,99,550,358,165,345,35,331,,,253,655,1.2565135954494
1639357882,Decker,Joseph,W,RPH.,I,40 Catherwood Rd,Pharmacy T-1508,Ithaca,NY,36,14850,1,"Metropolitan area core: primary flow within an urbanized area of 50,000 and greater",US,Pharmacist,T,15,15,2136.4,44,12,"#",,,,,*,,,15,2136.4,,0,0,,0,0,*,,,"#",,,*,,,*,,,0,0,0,0,0,0,0,0,0,,0,0,0,*,,,*,,72.583333333333,,,,,,,,0,,,0,0,,,0.82525
1639375645,Acinapura,Lauren,,MD,I,1470 Madison Ave,,Nyc,NY,36,10029,1,"Metropolitan area core: primary flow within an urbanized area of 50,000 and greater",US,Internal Medicine,S,3242,5402.6,260025.75,158621,344,,2719,4682.2333333333,210202.48,137532,,281,,553,214974.61,,2615,41208.12,,74,3843.02,,1036,100067.95,,2206,159957.8,,1954,180343.56,,1288,79682.19,,,,,,,,,,,29,23966.61,18,,13,105.93,*,,72.046511627907,63,140,89,52,237,107,151,82,15,76,0,20,170,174,1.4338284983138
1639379126,Benito,Maryellen,V,D.O,I,200 Pantigo Pl,Suite I,East Hampton,NY,36,11937,4.1,"Secondary flow 30% to <50% to a urbanized area of 50,000 and greater",US,Family Practice,S,837,1392.9333333333,83847.32,37912,223,,729,1266.9333333333,74448.68,34769,,199,"#",,,,649,17333.53,*,,,,196,16036.57,,641,67810.75,,299,43852.39,,538,39994.93,14,174.1,325,,1.6726403823178,,,,,,58,547.04,49,*,,,*,,72.349775784753,24,111,71,17,123,100,162,13,,33,0,,56,167,1.0631016442451
1639563570,Cohen,Sheri,,,I,750 Park Pl,,Long Beach,NY,36,11561,1,"Metropolitan area core: primary flow within an urbanized area of 50,000 and greater",US,Pharmacist,T,17,17,2247.45,17,13,,17,17,2247.45,17,,13,,17,2247.45,,0,0,,0,0,*,,,"#",,,,0,0,,17,2247.45,0,0,0,0,0,0,0,0,0,,0,0,0,,0,0,,0,71.461538461538,0,,,0,,,,0,0,0,0,,0,13,0.62130769230769
1639585987,Sawka,Renee,Y,RPA-C,I,3950 E Robinson Rd Ste 207,,West Amherst,NY,36,14228,1,"Metropolitan area core: primary flow within an urbanized area of 50,000 and greater",US,Physician Assistant,S,3009,5800.4666666667,299554.79,165182,614,,2381,4711.1333333333,210734.32,134258,,504,,611,249635.63,,2371,48591.41,,27,1327.75,,2145,204879.91,,864,94674.88,,836,123932.96,,2173,175621.83,63,1354.04,1389,35,2.0937188434696,0,0,0,0,0,157,2361.19,114,,11,102.34,*,,70.944625407166,110,292,147,65,393,221,570,18,,,0,15,137,477,1.334320999793
1649220252,Sprague,Curtis,D,MD,I,279 Main St,Suite 102,New Paltz,NY,36,12561,1,"Metropolitan area core: primary flow within an urbanized area of 50,000 and greater",US,Internal Medicine,S,11932,16604.066666667,769966.16,472318,620,,7853,11976.233333333,515824,343558,,458,,1546,545036.56,,10256,220164.91,,130,4764.69,,3218,232630.2,,8714,537335.96,,7355,483608.74,,4577,286357.42,682,24593.76,16025,89,5.7157224270868,11,720.44,330,,1.6129032258065,336,5554.2,206,,57,1825.34,,11,69.733870967742,162,244,140,74,338,282,520,30,,41,,24,260,360,1.1894856085054
1649230020,Silverstein,Bruce,N,MD,I,5100 W Taft Rd,,Liverpool,NY,36,13088,1,"Metropolitan area core: primary flow within an urbanized area of 50,000 and greater",US,Family Practice,S,5034,10757.166666667,498506.22,315969,446,,4083,8933.2333333333,399548.79,262272,,380,,893,385204.86,,4082,110310.57,,59,2990.79,,2823,256389.25,,2211,242116.97,,1128,137545.77,,3906,360960.45,28,354.05,370,12,0.55621771950735,0,0,0,0,0,104,3031.28,66,,37,784.28,*,,71.7466367713,66,219,123,38,204,242,421,,,,0,,72,374,1.148277758713
1649247511,Rolls,William,P,MD,I,1338 E Ridge Rd,Suite 101,Rochester,NY,36,14621,1,"Metropolitan area core: primary flow within an urbanized area of 50,000 and greater",US,Internal Medicine,S,12303,23706.033333333,899872.16,691148,745,,10805,21585.266666667,798530.52,631164,,674,,1481,613748.67,,10751,282667.38,,71,3456.11,,10155,717903.49,,2148,181968.67,,1955,129958.2,,10348,769913.96,701,34099.45,16832,121,5.697797285215,96,15725.01,3278,12,13.694721825963,238,4369.09,131,,32,1101.76,*,,74.497986577181,71,317,246,111,421,324,658,38,,18,,28,84,661,1.1597202937225
1649261066,Patel,Kartik,,MD,I,45 Webster Commons Blvd,Ste 200,Webster,NY,36,14580,1,"Metropolitan area core: primary flow within an urbanized area of 50,000 and greater",US,Internal Medicine,S,12746,26520.2,829218.04,772831,775,,10778,23862.1,744892.32,696381,,683,,1536,550442.18,,11147,274435.78,,63,4340.08,,9636,621666.69,,3110,207551.35,,3136,222547.63,,9610,606670.41,295,12665.79,7479,73,2.3144515926565,48,5656.94,1320,,16.271186440678,368,5608.84,222,,44,3957.48,*,,73.643870967742,92,316,249,118,436,339,688,18,36,,,21,132,643,1.0462912025464
1649315177,Chrispin,Carlo,S,,I,48 Lipton Ln,,Williston Park,NY,36,11596,1,"Metropolitan area core: primary flow within an urbanized area of 50,000 and greater",US,Specialist,T,240,416.93333333333,45567.25,11768,29,,200,339.33333333333,37725.23,9504,"#",,"#",,,,144,6632.48,*,,,,89,10942.12,,151,34625.13,,109,23282.58,,131,22284.67,0,0,0,0,0,0,0,0,0,,,,,,0,0,*,,72.931034482759,,,,,17,12,15,,0,0,0,,,,1.3452023959148
1649326901,Stein,Sidney,K,M.D.,I,55 E 34th St,6th Floor,New York,NY,36,10016,1,"Metropolitan area core: primary flow within an urbanized area of 50,000 and greater",US,Internal Medicine,S,8013,16992.433333333,889287.31,496959,519,,7813,16625.433333333,877318.32,486207,"#",,,1881,660891.86,,6096,226738.06,,36,1657.39,,1449,143905.14,,6564,745382.17,,802,71809.37,,7211,817477.94,141,5618.32,3720,39,1.7596405840509,14,2590.23,411,,9.9290780141844,245,4275.03,125,,17,613.2,*,,76.597302504817,,,,,289,230,412,38,24,16,0,29,33,486,1.015109695132
1649354499,Wolff,Michael,,,I,101 Jordan Rd,Suite 100,Troy,NY,36,12180,1,"Metropolitan area core: primary flow within an urbanized area of 50,000 and greater",US,Internal Medicine,S,7270,14495.133333333,642133.07,420813,596,,6975,13987.433333333,626671.85,405933,,574,,1286,472212.23,,5955,168639.72,,29,1281.12,,4262,343765.59,,3008,298367.48,,1233,90468.7,,6037,551664.37,156,7832.53,4534,34,2.1458046767538,12,2782.8,360,,7.6923076923077,177,3863.18,108,,66,1642.39,,13,77.991610738255,22,210,194,170,346,250,555,15,,,0,18,77,519,1.2798172314635
1649369026,Goldberg,Steven,,,I,2125 River Rd,Suite 103,Schenectady,NY,36,12309,1,"Metropolitan area core: primary flow within an urbanized area of 50,000 and greater",US,Internal Medicine,S,12483,24826.9,992273.71,720347,766,,11551,23555.533333333,918743.1,684120,,719,,2135,682593.66,,10264,304218.96,,84,5461.09,,5724,377754.6,,6759,614519.11,,1784,165137.46,,10699,827136.24999999,212,2649.02,4775,54,1.6983097011936,0,0,0,0,0,446,30240.27,222,,35,591.32,*,,76.588772845953,47,279,275,165,423,343,702,16,18,,,20,81,685,1.1596227544652
1649486861,Dent,Richard,S,M.D.,I,81 Lake Ave,,Rochester,NY,36,14608,1,"Metropolitan area core: primary flow within an urbanized area of 50,000 and greater",US,Family Practice,S,1748,3139.8666666667,128655.68,88490,176,,1381,2666.0666666667,92711.52,75977,,130,"#",,,,1395,39585.45,*,,,,1229,82784.8,,519,45870.88,,619,73625.84,,1129,55029.84,66,2388.33,1325,12,3.7757437070938,34,2042.23,690,,51.515151515152,26,474.3,15,,15,829.97,*,,67.255681818182,46,77,41,12,103,73,138,12,,14,,11,47,129,1.01720067346
1649517251,Jiang,Xiao-Hong,,M.D,I,139 Centre St,Suite 515,New York,NY,36,10013,1,"Metropolitan area core: primary flow within an urbanized area of 50,000 and greater",US,Internal Medicine,S,10960,15516.6,1240987.92,452558,704,,10367,14755.233333333,1176117.43,430806,,666,,2835,966538.46,,8054,272360.26,,71,2089.2,,7535,799220.59,,3425,441767.33,,9969,1177699.29,,991,63288.63,12,299.77,270,,0.10948905109489,0,0,0,,0,199,992.06,160,*,,,*,,76.426136363636,38,272,254,140,441,263,,,671,,0,21,561,143,1.3765566828184
1649553470,Bohunicky,Brian,A,,I,37 Pennsylvania Ave,,Binghamton,NY,36,13903,1,"Metropolitan area core: primary flow within an urbanized area of 50,000 and greater",US,Pharmacist,T,25,25,3618.17,25,19,"#",,,,,"#",,,25,3618.17,,0,0,,0,0,,11,1586.13,,14,2032.04,*,,,"#",,,0,0,0,0,0,0,0,0,0,,0,0,0,*,,,*,,73.263157894737,,,,,,,14,0,,,0,,,,0.88742105263158
1649563180,Wang,Linda,L,MD,I,10 Union Square East,"#5m",New York,NY,36,10003,1,"Metropolitan area core: primary flow within an urbanized area of 50,000 and greater",US,Internal Medicine,S,1018,2363.9333333333,68772.95,68827,174,,968,2253.9333333333,65499.26,65666,,163,,182,43565.17,,824,24806.21,,12,401.57,,563,39843.47,,455,28929.48,,214,22191.32,,804,46581.63,,,,,,,,,,,23,291.83,19,*,,,*,,72.16091954023,11,102,47,14,113,61,118,16,,26,0,,31,143,1.032275862069
1649565292,Khan,Bobby,,D.O.,I,2201 Hempstead Tpke,,East Meadow,NY,36,11554,1,"Metropolitan area core: primary flow within an urbanized area of 50,000 and greater",US,Family Practice,S,3765,7048.7666666667,259551.41,200757,356,,2477,5023.7,137532.84,143806,,258,,575,170716.02,,3162,88011.68,,28,823.71,,1851,139206.6,,1914,120344.81,,1888,175923.3,,1877,83628.11,273,9385.31,6880,36,7.2509960159363,53,3270.08,1590,,19.413919413919,130,1802.45,95,,21,8151.18,*,,68.898876404494,98,139,83,36,214,142,337,,,,0,,140,216,1.2699083908601
1649595471,Avashia,Kuntal,D,M.D.,I,535 Main St,,Olean,NY,36,14760,4,"Micropolitan area core: primary flow within an urban cluster of 10,000 to 49,999",US,Internal Medicine,S,7018,12403.8,426374.91,363438,463,,5824,10782.066666667,344161.17,316807,,395,,900,304081.95,,6078,120457.89,,40,1835.07,,3445,181025.61,,3573,245349.3,,2756,193662.3,,4262,232712.61,114,3273.44,2978,34,1.6243944143631,29,1850.24,870,,25.438596491228,135,1989.81,100,,24,566.16,*,,73.974082073434,68,167,142,86,248,215,439,,,,0,,128,335,1.4601741224249
1649596552,Hosaka,Mia,,D.O.,I,2 Clara Barton Dr,Suite 201,Albany,NY,36,12208,1,"Metropolitan area core: primary flow within an urbanized area of 50,000 and greater",US,Family Practice,S,2919,7318.8,105586.78,213327,307,,2625,6688.2,92803.81,195232,,283,,657,57089.49,,2210,47126.59,,52,1370.7,,2874,101876.47,,45,3710.31,,445,19833.92,,2474,85752.86,146,4238.57,3543,23,5.001712915382,45,2227.1,1258,,30.821917808219,51,1107.46,34,*,,,*,,73.42671009772,24,152,94,37,194,113,215,32,,35,,12,41,266,1.0416137517961
1649724386,Liao,Lucy,,NP,I,"19 Bowery, 2fl., Ste. 8",,New York,NY,36,10002,1,"Metropolitan area core: primary flow within an urbanized area of 50,000 and greater",US,Nurse Practitioner,S,5762,7824.7,640083.17,223216,669,,5635,7674.1,619101.63,218984,,650,,1437,520051.29,,4202,115009.64,,123,5022.24,,4696,520240.84,,1066,119842.33,,5318,603019.38,,444,37063.79,,,,,,,,,,,111,626.74,100,,17,1161.12,*,,75.144992526158,19,345,192,113,332,337,,,638,,0,17,573,96,1.1434218876987
1649790841,Brizuela Ducharne,Alberto,,MD,I,4422 3rd Ave Dept Of,,Bronx,NY,36,10457,1,"Metropolitan area core: primary flow within an urbanized area of 50,000 and greater",US,Student in an Organized Health Care Education/Training Program,T,1512,1960.7666666667,129488.83,57073,170,,1175,1539.1666666667,89208.53,44667,,132,,363,109051.7,,1076,16539.78,,73,3897.35,,1293,104612.38,,219,24876.45,,1460,126438.25,,52,3050.58,0,0,0,0,0,0,0,0,0,,19,153.14,15,*,,,*,,69.805882352941,38,75,45,12,100,70,,31,,134,0,0,144,26,2.0201720765981
1659300283,Murphy,Christine,M,M.D.,I,2546 Balltown Rd,Suite 200,Schenectady,NY,36,12309,1,"Metropolitan area core: primary flow within an urbanized area of 50,000 and greater",US,Internal Medicine,S,3245,6394.0666666667,118037.52,185972,274,,3115,6227.5666666667,113674.45,181480,"#",,"#",,,,2951,57834.68,*,,,,2078,67833.2,,1167,50204.32,,321,11067.06,,2924,106970.46,,,,,,,,,,,84,503.27,64,,0,0,*,,75.832116788321,,,,,235,39,258,,,0,0,,17,257,0.98365996338847
1659301232,Goodman,Richard,E,MD,I,340 W Park Ave,,Long Beach,NY,36,11561,1,"Metropolitan area core: primary flow within an urbanized area of 50,000 and greater",US,Internal Medicine,S,8723,17158.8,532141.02,506615,652,,8487,16757.8,526532.74,494932,,632,,1293,349253.89,,7399,181766.42,,31,1120.71,,2255,113394.87,,6468,418746.15,,1839,97374.55,,6884,434766.47,23,225.06,490,13,0.26367075547403,,,,,,150,3009.39,103,,45,2370.73,*,,78.101226993865,20,220,240,172,412,240,533,30,,63,,21,107,545,1.1299883850608
1659305217,Noteroglu,Emre,H,M.D.,I,600 Mamaroneck Ave,,Harrison,NY,36,10528,1,"Metropolitan area core: primary flow within an urbanized area of 50,000 and greater",US,Internal Medicine,S,6484,11943.833333333,498645.17,335459,885,,6336,11729.833333333,480662.61,330316,,858,,1043,333497.42,,5420,163599.35,,21,1548.4,,380,24259.65,,6104,474385.52,,910,97691.49,,5574,400953.68,86,1269.4,1901,46,1.326341764343,,,,,,582,8409.24,391,,114,3941.44,,26,78.952542372881,27,278,303,277,564,321,770,35,15,30,0,35,67,818,1.3110264946826
1659308443,Kane,Andrew,M,M.D.,I,995 Senator Keating Blvd,Suite 200 Bldg E,Rochester,NY,36,14618,1,"Metropolitan area core: primary flow within an urbanized area of 50,000 and greater",US,Internal Medicine,S,10492,21065.233333333,683732.07,621114,702,,9809,19912.9,626422.5,587145,,662,,1373,461667.85,,9027,218756.15,,92,3308.07,,8931,576407.68,,1561,107324.39,,1053,95656.84,,9439,588075.23,281,8336.77,7371,71,2.6782310331681,27,2271.79,810,,9.6085409252669,142,2665.44,83,,23,966.76,*,,74.27207977208,40,332,243,87,377,325,616,40,,,0,34,54,648,1.0798664615845
1659332575,Dyer-Martin,Mary Kyle,,DO,I,2 Empire Dr,Suite 100,Rensselaer,NY,36,12144,1,"Metropolitan area core: primary flow within an urbanized area of 50,000 and greater",US,Family Practice,S,6568,13057.033333333,606121.95,381297,575,,5296,10983.966666667,473145.32,321160,,502,,1085,415972.99,,5448,188520.7,,35,1628.26,,3888,265721.17,,2680,340400.78,,2027,237530.23,,4541,368591.72,275,8212.86,7999,56,4.1869671132765,13,2281.66,374,,4.7272727272727,154,3294.35,109,,12,2123.55,*,,72.154782608696,73,274,162,66,381,194,541,,0,,0,16,95,480,1.2049254065291
1659339513,Kozin,Arthur,M,M.D.,I,2 Crosfield Ave,,West Nyack,NY,36,10994,1,"Metropolitan area core: primary flow within an urbanized area of 50,000 and greater",US,Nephrology,S,6342,15359.933333333,862107.05,452000,663,,5859,14492.3,739386.96,426864,,619,"#",,,,5147,302558.55,*,,,,439,41220.4,,5903,820886.65,,814,192846.78,,5528,669260.27,64,11394.21,1436,25,1.0091453800063,0,0,0,0,0,136,7410.68,99,*,,,*,,76.487179487179,44,230,236,153,312,351,548,44,12,24,0,35,66,597,2.0785184372458
1659345049,Roman,Rolando,R,MD,I,8854 180th St,,Jamaica,NY,36,11432,1,"Metropolitan area core: primary flow within an urbanized area of 50,000 and greater",US,Internal Medicine,S,7962,19645.766666667,2104971.18,582879,299,,7276,18113,1877511.38,537328,,271,,2223,1880477.76,,5440,213213.81,,299,11279.61,,6263,1663804.01,,1699,441167.17,,4498,1283462.38,,3464,821508.8,81,814.04,1712,38,1.0173323285607,0,0,0,0,0,202,189867.55,80,,29,11702.7,*,,72.775919732441,28,138,109,24,178,121,,42,93,121,,32,140,159,1.1817204441553
1659353027,Cunningham,David,J,M.D.,I,3 Irongate Center,,Glens Falls,NY,36,12801,1,"Metropolitan area core: primary flow within an urbanized area of 50,000 and greater",US,Family Practice,S,8950,17053.633333333,732550.57,497727,665,,7890,15467.5,623206.28,452221,,610,,1464,545984.24,,7402,182662.95,,84,3903.38,,4968,361502.33,,3982,371048.24,,1434,155330,,7516,577220.57,245,8990.29,6044,60,2.7374301675978,46,3052.97,1342,,18.775510204082,192,6510.03,98,,32,954.64,*,,74.326315789474,55,288,230,92,364,301,638,0,,,0,21,75,590,1.0634060668934
1659353068,Shong,Dong-Hong,,M.D.,I,13347 Sanford Ave,"# 1d",Flushing,NY,36,11355,1,"Metropolitan area core: primary flow within an urbanized area of 50,000 and greater",US,Internal Medicine,S,41945,58502.4,3065686.72,1700181,1423,,41018,57367.133333333,2967268.58,1667907,,1380,,6601,2059000.15,,34810,985011.81,,534,21674.76,,29975,2226797.74,,11970,838888.98,,35485,2689156.05,,6460,376530.67,13,30.67,127,12,0.03099296698057,0,0,0,0,0,1089,7081.65,628,,98,2138.69,,13,74.179901616304,43,783,432,165,882,541,,,1375,,0,30,978,445,1.1307200828665
1659354942,Shore,Gary,J,M.D.,I,31 Merrick Ave,Suite 230,Merrick,NY,36,11566,1,"Metropolitan area core: primary flow within an urbanized area of 50,000 and greater",US,Internal Medicine,S,7267,14512,364415.84,421550,683,,6375,13297.733333333,311961.04,386702,,617,,900,207575.72,,6326,154765.65,,41,2074.47,,1809,73233.85,,5458,291181.99,,1369,74399.28,,5898,290016.56,83,1184.4,1937,35,1.1421494426861,15,768.07,450,,18.072289156627,278,4608.4,208,,29,1884.41,*,,73.445095168375,66,322,209,86,393,290,597,24,,17,,35,78,605,0.97059848880381
1659356715,Shah,Kaushal,,MD,I,475 State Route 17m,,Monroe,NY,36,10950,1,"Metropolitan area core: primary flow within an urbanized area of 50,000 and greater",US,Internal Medicine,S,2274,3747.4666666667,136725.19,98229,350,,1993,3456.4666666667,130080.68,90366,,331,,609,107065.81,,1647,28716.6,,18,942.78,,384,19737.65,,1890,116987.54,,973,27400.9,,1301,109324.29,,,,,,,,,,,43,324.98,25,,0,0,,0,73.462857142857,19,188,120,23,194,156,295,13,,14,,19,52,298,0.93603619047619
1659359578,Klein,William,M,MD,I,1000 Northern Blvd,Suite 230,Great Neck,NY,36,11021,1,"Metropolitan area core: primary flow within an urbanized area of 50,000 and greater",US,General Practice,S,2499,4995.7666666667,399613.21,144732,168,,2419,4838.4333333333,391955.98,140231,"#",,,602,317806.68,,1875,80630.84,,22,1175.69,,559,81004.63,,1940,318608.58,,123,9085.22,,2376,390527.99,53,4541.74,1727,,2.1208483393357,,,,,,105,7679.69,56,,32,2569.07,*,,76.125,,,,,93,75,130,16,,,0,12,,,1.0416041666667
1659360204,Soroka,Frank,,M.D.,I,180 Marble Ave,,Pleasantville,NY,36,10570,1,"Metropolitan area core: primary flow within an urbanized area of 50,000 and greater",US,Family Practice,S,5908,8417.3333333333,433721.22,237235,378,,5751,8215.8,417073.65,231352,"#",,,1141,318176.31,,4750,114344.12,,17,1200.79,,216,7929.35,,5692,425791.87,,1139,106455.54,,4769,327265.68,42,565.22,900,20,0.71090047393365,,,,,,138,2628.07,83,,73,3460.74,*,,79.984126984127,,,,,139,239,350,,,,0,16,45,333,1.4262373211875
1659364214,Oppenheimer,John,K,M.D.,I,60 Bay St,,Sag Harbor,NY,36,11963,1,"Metropolitan area core: primary flow within an urbanized area of 50,000 and greater",US,Internal Medicine,S,4238,7229.4666666667,549487.59,208226,215,,3492,6397.8666666667,288838.5,183608,"#",,,857,423739.65,,3333,124708.18,,48,1039.76,,115,8887.08,,4123,540600.51,,204,41212.39,,4034,508275.2,106,5007.33,2431,28,2.5011798017933,36,3679.3,1019,,33.962264150943,137,2054.51,90,,23,317.05,*,,79.716279069767,,,,,115,100,196,,0,,0,,,,1.233759635464
1659371078,Lam,Terry,,M.D.,I,80 Bowery,Suite 600,New York,NY,36,10013,1,"Metropolitan area core: primary flow within an urbanized area of 50,000 and greater",US,Internal Medicine,S,6015,7211.8,365836.08,203952,167,,5680,6874.8,337862.13,194342,"#",,,1073,242750.78,,4865,120061.8,,77,3023.5,,4863,292429.68,,1152,73406.4,,5286,309072.48,,729,56763.6,0,0,0,0,0,0,0,0,0,,258,2371.64,106,,0,0,*,,72.790419161677,,,,,76,91,,0,158,,0,,125,42,0.9924246506986
1659379014,Goldberg,Eric,R,MD,I,530 1st Ave Ste 7b,,New York,NY,36,10016,1,"Metropolitan area core: primary flow within an urbanized area of 50,000 and greater",US,Internal Medicine,S,3065,5852.2666666667,210259.17,171644,291,,2956,5664.2666666667,206022.08,166129,,279,,486,149681.63,,2542,58679.9,,37,1897.64,,719,44819.61,,2346,165439.56,,634,56669.04,,2431,153590.13,15,204.61,281,,0.48939641109299,,,,,,44,445.65,33,,15,549.06,*,,74.580756013746,12,151,88,40,136,155,213,25,12,25,0,16,41,250,1.1808959664487
1659380327,Rotoli,Dina,M,N.P.,I,1445 Portland Ave,Suite 108,Rochester,NY,36,14621,1,"Metropolitan area core: primary flow within an urbanized area of 50,000 and greater",US,Nurse Practitioner,S,309,326,29207.1,6199,153,,256,271,25880.59,5229,,135,,73,25897.28,,236,3309.82,,0,0,,222,25544.68,,87,3662.42,,120,13877.37,,189,15329.73,,,,,,,,,,,151,1510.41,83,,0,0,,0,73.294117647059,18,65,46,24,80,73,129,14,0,,0,,42,111,2.2737770631435
1659382364,He,Lan,,MD,I,81 Elizabeth St.,Suite 501,New York,NY,36,10013,1,"Metropolitan area core: primary flow within an urbanized area of 50,000 and greater",US,Internal Medicine,S,11719,17664.333333333,947514.27,518804,372,,10947,16644.533333333,873623.6,489277,,348,,2270,608906.44,,9279,332532.83,,170,6075,,9328,736589.42,,2391,210924.85,,11412,920674.44,,307,26839.83,,,,,,,,,,,182,1406.73,135,*,,,*,,72.010752688172,24,233,87,28,236,136,0,0,364,,0,,344,28,1.1463351436086
1659390185,Pronto,Sherrill,J,P.A.,I,3 Irongate Ctr,,Glens Falls,NY,36,12801,1,"Metropolitan area core: primary flow within an urbanized area of 50,000 and greater",US,Physician Assistant,S,6094,9493.2666666667,298427.86,272185,492,,4825,7804.7333333333,238529.85,224981,,413,,923,196940.56,,5115,99155.46,,56,2331.84,,3465,146176.84,,2629,152251.02,,2254,125272.9,,3840,173154.96,173,2679.88,4194,47,2.8388578930095,0,0,0,0,0,171,1668.43,122,*,,,*,,70.973577235772,79,249,115,49,351,141,478,,,,0,,105,387,1.0950809822572
1659398097,Viola,Theresa,M,M.D.,I,2125 River Rd,Suite 202,Schenectady,NY,36,12309,1,"Metropolitan area core: primary flow within an urbanized area of 50,000 and greater",US,Family Practice,S,8098,11608.133333333,576095.6,324235,492,,6927,9980.0333333333,495526.12,277870,,436,,1416,373096.74,,6608,198778.98,,74,4219.88,,5785,392532.34,,2313,183563.26,,3747,234629.07,,4351,341466.53,331,27384.37,8458,60,4.0874289948135,60,7469.58,1800,,18.126888217523,154,6028.75,86,,134,5213.76,,18,74.64837398374,56,199,127,110,388,104,439,30,11,,0,,151,341,1.347987214999
1659411353,Shah,Vikram,P,MD,I,7 South Madison Avenue,,Springvalley,NY,36,10977,1,"Metropolitan area core: primary flow within an urbanized area of 50,000 and greater",US,Internal Medicine,S,12482,14656.733333333,697242.74,361206,378,,10095,12203.5,591530.27,300992,,296,,2833,490590.81,,9586,203317.5,,63,3334.43,,1543,63966.91,,10939,633275.83,,10918,553553.43,,1564,143689.31,171,5683.67,2490,32,1.3699727607755,25,2611.51,708,,14.619883040936,377,15584.98,147,,161,6932.79,,22,72.978835978836,82,129,92,75,192,186,188,113,41,26,,,287,91,2.4895985775902
1659428803,Goldstein,Paul,H,MD,I,80 5th Ave,Room 1601,New York,NY,36,10011,1,"Metropolitan area core: primary flow within an urbanized area of 50,000 and greater",US,Internal Medicine,S,5017,8852.7,1601406.14,257379,321,,4411,8166.7,1098462.4,237538,,301,"#",,,,3941,159379.43,*,,,,206,58103.37,,4811,1543302.77,,805,551301.55,,4212,1050104.59,40,592.9,606,18,0.79728921666334,0,0,0,0,0,130,1844.23,74,,39,653.36,*,,75.283489096573,20,140,111,50,138,183,286,,,11,0,15,23,298,1.1142043094496
1659468742,Hall-Ross,Sandra,,MD,I,"505 E 70th St # Ht-4",,New York,NY,36,10021,1,"Metropolitan area core: primary flow within an urbanized area of 50,000 and greater",US,Internal Medicine,S,6749,10323.2,490852.28,301333,617,,5633,8873.9333333333,375460.46,259379,,503,,1385,395610.1,,5236,89248.26,,128,5993.92,,2845,197025,,3904,293827.28,,5062,399053.28,,1687,91799,22,808.28,429,15,0.32597421840273,,,,,,72,10410.45,44,,22,369.52,*,,70.640194489465,114,294,166,43,461,156,166,194,17,214,0,26,396,221,1.6906566134832
1659471845,Waldman,Justine,L,MD,I,101 Dates Dr,,Ithaca,NY,36,14850,1,"Metropolitan area core: primary flow within an urbanized area of 50,000 and greater",US,Emergency Medicine,S,493,495,146223.7,2192,292,,365,367,56419.53,509,,259,,452,144608.11,,41,1615.59,,0,0,,152,36334.98,,341,109888.72,,154,92264.21,,339,53959.49,,,,,,,,,,,,,,,0,0,,0,70.924657534247,33,148,97,14,154,138,262,,,,0,20,48,244,0.83953881278539
1659476711,Nakamura,Chester,,MD,I,4 Coulter Rd,,Clifton Springs,NY,36,14432,2,"Metropolitan area high commuting: primary flow 30% or more to a urbanized area of 50,000 and greater",US,Internal Medicine,S,18758,42884.366666667,1617744.01,1247544,1162,,17196,40095.966666667,1504125.76,1168045,,1087,,3102,1120664.72,,15459,488899.94,,197,8179.35,,13338,1079566.15,,5420,538177.86,,3333,315579.84,,15425,1302164.17,627,20192.15,14618,122,3.3425738351637,43,3637.86,1290,,6.8580542264753,867,17120.25,433,,79,7328.37,,16,74.244406196213,75,536,401,150,681,481,1091,,,13,,46,119,1043,1.090780836795
1659487064,Beyda,Allan,E,MD,I,141 23 59th Avenue,,Flushing,NY,36,11355,1,"Metropolitan area core: primary flow within an urbanized area of 50,000 and greater",US,Internal Medicine,S,9083,20413.6,720696.65,596275,692,,8720,19776.8,689872.73,578025,,670,,1525,484085.52,,7497,232978.35,,61,3632.78,,3963,329130.53,,5120,391566.12,,1082,136462.23,,8001,584234.42,88,3595.28,1853,24,0.96884289331719,0,0,0,0,0,286,2791.21,188,,21,421.84,*,,78.195086705202,22,238,243,189,435,257,543,48,31,41,0,29,64,628,1.1330830970526
1659506111,Francis,Desmond,,MD,I,1801 Black River Blvd N,,Rome,NY,36,13440,4,"Micropolitan area core: primary flow within an urban cluster of 10,000 to 49,999",US,Internal Medicine,S,7029,12617.4,557651.78,364386,535,,4533,8795.5333333333,331733.96,257784,,382,,1156,410323.69,,5809,145558.25,,64,1769.84,,3643,259715.97,,3386,297935.81,,3674,329930.46,,3355,227721.32,571,69470.71,14222,83,8.1234884051785,243,65664.24,7688,31,42.556917688266,110,2948.67,68,,35,2524.47,*,,67.871028037383,153,239,109,34,299,236,475,13,,25,,19,197,338,1.3015789691583
1659514990,Fakhraei,Pirouz,,M.D,I,12 Capen Hall Buffalo,,Buffalo,NY,36,14260,1,"Metropolitan area core: primary flow within an urbanized area of 50,000 and greater",US,Internal Medicine,S,7282,17741.466666667,319103.99,516703,1089,,6726,16562.366666667,290484.66,482583,,1031,,1366,177360.32,,5864,140640.17,,52,1103.5,,7157,314128.12,,125,4975.87,,763,33424.51,,6519,285679.48,325,6293.92,7021,104,4.4630595990113,28,1145.06,715,,8.6153846153846,162,4827.91,130,,43,1359.3,*,,75.463728191001,58,509,324,198,468,621,966,,22,54,,27,84,1005,1.2503646159296
1659536233,Zhang,Yuqing,,M.D.,I,136-68 Roosevelt Ave,Ste 2a2b,Flushing,NY,36,11354,1,"Metropolitan area core: primary flow within an urbanized area of 50,000 and greater",US,Family Practice,S,12341,13603.3,1920026.69,388829,305,,11781,12974.333333333,1834829.85,370898,,294,,3882,1316227.87,,7916,580527.95,,543,23270.87,,9550,1545059.15,,2791,374967.54,,11749,1861605.04,,592,58421.65,,,,,,,,,,,347,3488.44,146,,0,0,,0,75.977049180328,11,123,134,37,179,126,,0,288,,0,,287,18,1.4630274311432
1659637635,Gift,Laura,E,,I,1835 Nine Mile Point Rd,Suite 100,Penfield,NY,36,14526,1,"Metropolitan area core: primary flow within an urbanized area of 50,000 and greater",US,Family Practice,S,2118,3869.1333333333,145367.55,110421,159,,1455,2913.8333333333,74393.13,84708,,128,"#",,,,1774,49975.86,*,,,,1568,89900.06,,550,55467.49,,703,88554.29,,1415,56813.26,122,9865.75,2994,28,5.7601510859301,40,6279.35,1069,,32.786885245902,40,1049.74,23,,13,751.39,*,,69.100628930818,31,80,37,11,119,40,142,,,,0,,37,122,1.08543072932
1659660751,Eisenberg,Katherine,,,I,55 Barrett Dr,,Webster,NY,36,14580,1,"Metropolitan area core: primary flow within an urbanized area of 50,000 and greater",US,Family Practice,S,1545,3212.1666666667,109402.97,93304,154,,1327,2849.7,79838.53,83012,,130,"#",,,,1275,36850.77,*,,,,980,62612.86,,565,46790.11,,278,36623.83,,1267,72779.14,16,1038.8,642,,1.0355987055016,,,,,,39,3617.62,27,,11,737.4,*,,69.733766233766,24,84,35,11,103,51,137,,0,,0,,26,128,0.95439956049692
1659691491,Page,Marissa,,NP,I,711 Troy Schenectady Rd,Suite 104,Latham,NY,36,12110,1,"Metropolitan area core: primary flow within an urbanized area of 50,000 and greater",US,Nurse Practitioner,S,3819,6273.8,244273.29,178451,641,,2733,4861.8,166868.12,138633,,550,"#",,,,3255,72912.36,*,,,,2332,172926.1,,1487,71347.19,,1406,95016.53,,2413,149256.76,238,5897.94,6428,44,6.2319979052108,,,,,,130,1390.37,112,*,,,*,,71.232449297972,91,333,154,63,398,243,553,32,,12,,36,117,524,1.0021364082831
1659739936,Densmore,Crystal,A,,I,5196 Genesee St,,Bowmansville,NY,36,14026,1,"Metropolitan area core: primary flow within an urbanized area of 50,000 and greater",US,Physician Assistant,S,8373,15717.6,757878.02,458508,896,,7453,14350.5,717292.35,419096,,817,,1448,591645.81,,6830,162463.68,,95,3768.53,,6142,516843.97,,2231,241034.05,,1425,114416.89,,6948,643461.13,361,15110.02,10405,84,4.3114773677296,44,5327.72,1320,,12.18836565097,253,3449.74,184,,15,1098.49,*,,74.575892857143,79,380,286,151,534,362,865,,,,0,18,99,797,1.3057122927212
1669411120,Khan,Nasir,M,MD,I,3980 Sheridan Dr,Dent Tower Suit 601,Amherst,NY,36,14226,1,"Metropolitan area core: primary flow within an urbanized area of 50,000 and greater",US,Internal Medicine,S,4363,8389.5333333333,340511.66,246937,469,,3278,6705.3,228106.56,197731,,379,,591,233411.73,,3743,105657.98,,29,1441.95,,2155,144972.74,,2208,195538.92,,1315,117214.64,,3048,223297.02,287,22851.87,8396,49,6.5780426312171,107,19151.64,3204,19,37.282229965157,38,427.67,31,,12,247.15,*,,71.27078891258,90,204,131,44,277,192,320,112,18,,0,,102,367,1.3557294390287
1669415717,Rizzi,Michael,A,MD,I,"Mount Kisco Medical Group, Pc",1825 Commerce Street,Yorktown Heights,NY,36,10598,1,"Metropolitan area core: primary flow within an urbanized area of 50,000 and greater",US,Internal Medicine,S,6181,13349.933333333,347788.55,390349,610,,5832,12800.933333333,330513.47,374570,,575,"#",,,,5276,150311.42,*,,,,1747,97475.13,,4434,250313.42,,842,62947.31,,5339,284841.24,46,364.88,365,32,0.74421614625465,,,,,,176,6732.62,138,,0,0,,0,74.455737704918,35,295,196,84,304,306,546,,11,19,,27,51,559,1.0366985676782
1669421053,Bardack,Lisa,R,MD,I,90 S Bedford Rd,Care Mount Medical Pc,Mount Kisco,NY,36,10549,1,"Metropolitan area core: primary flow within an urbanized area of 50,000 and greater",US,Internal Medicine,S,2381,5071.2666666667,93136.03,147627,320,,2311,4949.2666666667,91637.6,144005,"#",,,381,55913.38,,2000,37222.65,,0,0,,618,15064.65,,1763,78071.38,,159,1902.27,,2222,91233.76,13,98.06,160,,0.5459890802184,,,,,,88,865.7,78,,0,0,*,,74.6,,,,,259,61,283,,11,,0,14,20,300,0.89705296922897
1669435103,Zambron,Mark,R,MD,I,2128 Elmwood Ave,,Buffalo,NY,36,14207,1,"Metropolitan area core: primary flow within an urbanized area of 50,000 and greater",US,Internal Medicine,S,9795,11661.9,710790.59,334091,565,,4294,5286.5333333333,258344.1,152526,,222,,1862,542764.22,,7825,164146.7,,108,3879.67,,2944,224528.9,,6851,486261.69,,8378,614453.76,,1417,96336.83,226,8052.51,6201,36,2.3072996426748,40,2513.75,1175,,17.699115044248,98,5873.78,53,,16,1373.32,*,,58.398230088496,343,163,42,17,271,294,417,87,,42,,11,478,87,1.2329480029734
1669439212,Mendizabal,Edgar,M,MD,I,975 Stewart Ave,,Garden City,NY,36,11530,1,"Metropolitan area core: primary flow within an urbanized area of 50,000 and greater",US,Endocrinology,S,2983,5019.0666666667,609767.29,107996,1166,,2719,4470.9333333333,536316.28,93124,,1108,,1986,564919.49,,918,38289.54,,79,6558.26,,543,88682.25,,2440,521085.04,,483,124863.41,,2500,484903.88,41,3515.86,1102,,1.3744552463962,0,0,0,,0,47,451.56,23,,0,0,,0,74.584905660377,58,547,432,129,683,483,1005,35,36,43,0,47,108,1058,1.0086581178044
1669440707,Ingerick,Brent,S,MD,I,1336 Cedar St,,Elmira,NY,36,14904,1,"Metropolitan area core: primary flow within an urbanized area of 50,000 and greater",US,Family Practice,S,8148,16404.333333333,639892.93,479465,716,,6737,14273.2,521653.65,418906,,608,,1220,445489.98,,6886,192486.96,,42,1915.99,,4546,369852.4,,3602,270040.53,,2113,170557.64,,6035,469335.29,223,10564.11,5616,64,2.7368679430535,52,8827.87,1521,,23.318385650224,150,5786.23,83,*,,,*,,70.772346368715,108,363,185,60,376,340,684,12,,,0,16,136,580,1.1095691139126
1669447108,Cilip,Michael,,M.D.,I,3300 Chambers Rd,Suite 5238,Horseheads,NY,36,14845,1,"Metropolitan area core: primary flow within an urbanized area of 50,000 and greater",US,Internal Medicine,S,9082,15372.566666667,521536.25,434160,617,,7588,13267.066666667,440592.34,376145,,544,,1177,311405.12,,7827,204916.86,,78,5214.27,,4397,237278.64,,4685,284257.61,,1594,109209.37,,7488,412326.88,230,9411.71,5568,75,2.5324818321956,28,1949.44,787,,12.173913043478,582,12372.32,237,,37,1588.37,*,,72.095623987034,73,317,165,62,304,313,580,,,,0,25,65,552,0.93875553754727
1669451696,Peluso,Isabella,R,MD,I,7124 18th Ave,,Brooklyn,NY,36,11204,1,"Metropolitan area core: primary flow within an urbanized area of 50,000 and greater",US,Internal Medicine,S,8710,14366,643710.59,405884,439,,8035,13284,573181.78,375442,,402,,1789,435158.73,,6873,206711.25,,48,1840.61,,5144,334764.05,,3566,308946.54,,4264,311365.79,,4446,332344.8,47,706.1,1168,19,0.53960964408726,,,,,,235,6967.11,124,,42,828.65,*,,76.186788154897,37,156,143,103,343,96,339,34,16,41,,,149,290,1.5524567094152
1669466363,Impellizeri,John,,D.O,I,13400 Main Rd,,Mattituck,NY,36,11952,1,"Metropolitan area core: primary flow within an urbanized area of 50,000 and greater",US,Internal Medicine,S,3121,8266.1333333333,138411.03,241224,433,,2996,8046.1666666666,133560.01,234815,,411,,618,85665.26,,2474,51489.36,,29,1256.41,"#",,,*,,,,334,10850.56,,2787,127560.47,120,2770.8,3167,43,3.8449214995194,20,366.2,560,,16.666666666667,93,1312.36,66,*,,,*,,73.427251732102,22,223,142,46,219,214,205,54,41,118,0,15,43,390,1.1777142539522
1669536496,Mancenido,Michael,D,D.O.,I,259 Monroe Avenue,,Rochester,NY,36,14607,1,"Metropolitan area core: primary flow within an urbanized area of 50,000 and greater",US,Internal Medicine,S,4144,4307.5666666667,3820310.71,124524,161,,1168,1273.5333333333,1146633.72,37170,,50,,1684,3740005.6,,2434,79885.35,,26,419.76,,1605,1575055.98,,2539,2245254.73,,3629,3199555.61,,515,620755.1,100,25524.95,2637,17,2.4131274131274,28,18958.48,772,,28,80,8601.7,30,,0,0,,0,58.335403726708,111,44,,,41,120,76,56,,27,0,,133,28,1.7316224216186
1669545166,Ding,Hua,,,I,13338 41st Rd,Suite 2q,Flushing,NY,36,11355,1,"Metropolitan area core: primary flow within an urbanized area of 50,000 and greater",US,Internal Medicine,S,16660,21967.466666667,1209173.3,643208,588,,16402,21637,1194663.54,633523,,568,,3817,929816.98,,12490,267243.97,,353,12112.35,,13090,964260.28,,3570,244913.02,,15514,1161297.33,,1146,47875.97,0,0,0,0,0,0,0,0,0,,311,1613.18,208,,20,274.94,*,,71.736394557823,20,394,146,28,352,236,,0,577,,0,,489,99,1.0802501815128
1669555629,Cohen,Barry,H,M.D.,I,560 Northern Blvd,Suite 203,Great Neck,NY,36,11021,1,"Metropolitan area core: primary flow within an urbanized area of 50,000 and greater",US,Internal Medicine,S,5652,14683.866666667,503056.63,437411,492,,5620,14599.866666667,501916.67,434947,"#",,"#",,,,4720,174437.07,*,,,,529,38011.65,,5123,465044.98,,384,22167.7,,5268,480888.93,30,263.52,877,,0.5307855626327,0,0,0,,0,35,292.43,25,*,,,*,,76.69512195122,,,,,231,261,441,,,,0,27,30,462,1.163331708617
1669583779,Smith,Robert,L,M.D.,I,23 North Street,Suite 5,Canandaigua,NY,36,14424,1,"Metropolitan area core: primary flow within an urbanized area of 50,000 and greater",US,Family Practice,S,9088,18552.233333333,737721.44,539614,674,,7815,16481.466666667,611530.22,480545,,595,,1373,529826.55,,7619,203674.37,,96,4220.52,,5999,439853.58,,3089,297867.86,,1746,182361.75,,7342,555359.69,270,16124.35,8601,45,2.9709507042254,44,5776.12,1292,,16.296296296296,205,3101.25,126,,32,728.87,*,,72.219584569733,79,317,198,80,334,340,637,,,,0,23,91,583,1.0320682743831
1669631529,Ang,Roderick,T,M.D.,I,40 Arch St,,Johnson City,NY,36,13790,1,"Metropolitan area core: primary flow within an urbanized area of 50,000 and greater",US,Family Practice,S,3340,9064.8,112783.43,264473,449,,3217,8763.4666666667,110138.23,255770,,432,,807,63283.84,,2470,48307.18,,63,1192.41,,3317,111719.6,,23,1063.83,,279,10122.5,,3061,102660.93,164,3140.87,3641,45,4.9101796407186,,,,,,104,1571.57,83,*,,,*,,75.144766146993,17,219,146,67,197,252,338,,23,61,,20,44,405,1.1051325375976
1679027684,Bowers,Courtney,,,I,3 Irongate Ctr,,Glens Falls,NY,36,12801,1,"Metropolitan area core: primary flow within an urbanized area of 50,000 and greater",US,Nurse Practitioner,S,3328,6034.1,178438.9,169658,486,,2768,5199.9666666667,140445.31,147189,,422,,436,107233.49,,2862,69915.18,,30,1290.23,,2202,109238.15,,1126,69200.75,,691,33696.21,,2637,144742.69,186,9235.64,4815,61,5.5889423076923,18,5882.15,540,,9.6774193548387,206,3091.94,154,,11,160.42,*,,73.004115226337,64,209,151,62,292,194,470,,,,0,,68,418,1.2402045603068
1679500086,Kessler,Frank,J,M.D.,I,3423 Danbury Rd,,Brewster,NY,36,10509,1,"Metropolitan area core: primary flow within an urbanized area of 50,000 and greater",US,Internal Medicine,S,7942,15982.8,571323.47,457563,704,,7330,14985.866666667,516228.32,429177,,651,"#",,,,6722,209047.04,*,,,,977,54574.08,,6965,516749.39,,712,43135.14,,7230,528188.33,307,7650.27,6207,77,3.8655250566608,0,0,0,0,0,397,6630.76,232,*,,,*,,73.568181818182,53,350,211,90,372,332,660,,,11,0,28,42,662,1.0269967373107
1679503288,Morris,Geoffrey,G,M.D.,I,2400 S Clinton Ave,Bldg H Suite 210,Rochester,NY,36,14618,1,"Metropolitan area core: primary flow within an urbanized area of 50,000 and greater",US,Internal Medicine,S,8011,17643.033333333,675746.3,517525,753,,7608,16930.9,646988.01,497041,,712,,987,469225.63,,6923,200656.94,,101,5863.73,,6637,520014.09,,1374,155732.21,,661,81381.93,,7350,594364.37,219,15023.37,5814,44,2.7337411059793,44,13028.54,1301,,20.091324200913,199,3385.8,124,,19,296.18,*,,75.231075697211,41,337,268,107,410,343,686,30,,,0,25,36,717,0.98342198487286
1679517619,Khan,Abdus,S,MD,I,350 S Broadway,,Hicksville,NY,36,11801,1,"Metropolitan area core: primary flow within an urbanized area of 50,000 and greater",US,Internal Medicine,S,14711,32544.9,1217679.9,962769,991,,14064,31242.6,1163508.39,924522,,936,,2626,885804.49,,11957,325944.24,,128,5931.17,,11731,970321.33,,2980,247358.57,,2611,213357.29,,12100,1004322.61,127,1666.56,3114,41,0.86329957174903,0,0,0,0,0,224,3279.09,179,,35,2584.26,*,,77.464177598385,55,316,373,247,474,517,748,75,85,53,0,30,137,854,1.2875154646555
1679519839,Herrmann,Diana,,M.D.,I,809 Ridge Rd E,,Rochester,NY,36,14621,1,"Metropolitan area core: primary flow within an urbanized area of 50,000 and greater",US,Family Practice,S,3668,5946.8,164250.08,171989,290,,2515,4573.4,106483.5,134001,,195,,516,94461.62,,3131,69142.63,,21,645.83,,2166,97019.67,,1502,67230.41,,2027,116287.19,,1641,47962.89,32,796.52,578,22,0.87241003271538,,,,,,80,8111.31,43,*,,,*,,66.958620689655,95,111,63,21,195,95,203,60,,19,0,,124,166,1.2510773836419
1679521132,Wetterhahn,Joseph,,M.D.,I,1575 Washington St,,Watertown,NY,36,13601,1,"Metropolitan area core: primary flow within an urbanized area of 50,000 and greater",US,Family Practice,S,9422,19353.1,826364.8,569736,729,,8327,17552.833333333,752238.19,517238,,626,,1377,608520.91,,7939,213666.47,,106,4177.42,,3531,304274.23,,5891,522090.57,,2973,266204.95,,6449,560159.85,241,22912.9,6915,60,2.5578433453619,17,12646.06,510,,7.0539419087137,196,24341.51,118,,59,2914.76,,11,73.341563786008,103,283,222,121,416,313,693,,0,,0,27,204,525,1.4589089355667
1679530208,Miller,Linda,M,FNP,I,5196 Genesee St,,Bowmansville,NY,36,14026,1,"Metropolitan area core: primary flow within an urbanized area of 50,000 and greater",US,Nurse Practitioner,S,7704,13935.333333333,723406.93,399821,357,,5309,10634.433333333,521314.83,306421,,282,,1365,537106.18,,6257,182465.58,,82,3835.17,,5447,473700.7,,2257,249706.23,,2628,311601.64,,5076,411805.29,477,15577.48,14093,69,6.1915887850467,41,2052.79,1230,,8.5953878406709,409,4810.49,174,,27,3809.68,*,,70.403361344538,75,159,85,38,247,110,327,17,,,,,80,277,1.2512449589775
1679550412,Hoffman,Lisa,B,M.D.,I,1026 Union Rd,,West Seneca,NY,36,14224,1,"Metropolitan area core: primary flow within an urbanized area of 50,000 and greater",US,Internal Medicine,S,3336,7829.6666666667,188136.41,229915,275,,3019,7215.2666666667,178347.75,211988,,245,,493,117290.65,,2823,69790.05,,20,1055.71,,2115,112470.48,,1221,75665.93,,643,40073.15,,2693,148063.26,46,889.31,1342,15,1.378896882494,,,,,,52,7027.32,38,*,,,*,,72.825454545455,30,130,88,27,232,43,265,,0,,,,33,242,1.3437335745157
1679552673,Springer,Sharon,S,MD,I,127 Seeley Rd,,Syracuse,NY,36,13224,1,"Metropolitan area core: primary flow within an urbanized area of 50,000 and greater",US,Internal Medicine,S,8925,17945.333333333,1005672.63,524260,583,,7911,16165.833333333,895864.44,473133,,538,,1718,784077.18,,7153,218347.4,,54,3248.05,,3411,442597.72,,5514,563074.91,,1364,121267.68,,7561,884404.95,171,4767.12,4774,45,1.9159663865546,,,,,,165,2344.43,91,,30,1601.55,*,,74.310463121784,45,269,182,87,436,147,517,39,,,,18,56,527,1.1881316248155
1679562664,Longbine,Debra,S,RPA C,I,6970 Erie Rd,,Derby,NY,36,14047,1,"Metropolitan area core: primary flow within an urbanized area of 50,000 and greater",US,Physician Assistant,S,6214,11402.066666667,722901.86,327239,322,,3633,7331.4666666667,367233.24,211238,,211,,1083,549195.52,,5077,171250.3,,54,2456.04,,3447,334082.35,,2767,388819.51,,2766,384025.65,,3448,338876.21,769,107319.97,24493,101,12.375281622144,119,70143.19,3733,23,15.474642392718,315,4345.89,139,,15,541.73,*,,66.475155279503,111,135,51,25,176,146,303,,,,0,,106,216,1.1705976813023
1679570246,Zhang,Jian Wei,,M.D.,I,139 Centre St Ste 709,,New York,NY,36,10013,1,"Metropolitan area core: primary flow within an urbanized area of 50,000 and greater",US,Internal Medicine,S,33315,57835.066666667,3604823.26,1708628,1589,,32592,56546.8,3536618.69,1670649,,1541,,7450,2607358.59,,25406,985420.58999999,,459,12044.08,,23753,2504032.01,,9562,1100791.25,,31412,3411380.17,,1903,193443.09,14,170.43,292,,0.042023112711992,0,0,0,,0,401,2272.52,318,,22,141.71,*,,75.119572057898,48,797,508,236,928,661,,0,1540,,0,36,1382,207,1.2287144008392
1679573646,Tolis,Arthur,,MD,I,95 Crystal Run Rd,,Middletown,NY,36,10941,1,"Metropolitan area core: primary flow within an urbanized area of 50,000 and greater",US,Internal Medicine,S,17687,26654.733333333,1229214.16,709652,939,,16290,24805.966666667,1075257.76,659634,,843,,3003,641123.79,,14603,582263.82,,81,5826.55,,1400,45239.36,,16287,1183974.8,,10754,817312.56,,6933,411901.6,426,15655.99,10057,107,2.408548651552,76,4696.23,1803,16,17.840375586854,481,10225.34,179,,150,11908.36,,23,74.539936102236,96,406,272,165,473,466,807,41,,61,,25,265,674,1.4488762399924
1679576383,Rie,Jonathan,T,M.D.,I,33 Davis Ave,,White Plains,NY,36,10605,1,"Metropolitan area core: primary flow within an urbanized area of 50,000 and greater",US,Internal Medicine,S,6767,14624.866666667,425702.73,433941,474,,6535,14246.6,413520.11,422666,,458,,987,251016.14,,5748,169246.72,,32,5439.87,,1234,63325.16,,5533,362377.57,,768,38993.93,,5999,386708.8,50,703.24,1239,18,0.73887985813507,,,,,,93,1413.98,64,,18,401.55,*,,77.126582278481,16,196,152,110,252,222,377,50,13,14,0,20,34,440,1.1375108111134
1073535449,Ruh,Richard,J,M. D.,I,3670 S Benzing Rd,,Orchard Park,NY,36,14127,1,"Metropolitan area core: primary flow within an urbanized area of 50,000 and greater",US,Family Practice,S,4704,8969.5666666667,337640.87,262826,592,,4082,8130.1333333333,304146.28,238662,,528,,714,245107.82,,3943,90624.99,,47,1908.06,,3478,239366.76,,1226,98274.11,,777,53399.53,,3927,284241.34,178,6251.26,5260,38,3.7840136054422,21,2076.24,630,,11.797752808989,72,797.32,57,,12,103.2,*,,73.347972972973,64,256,197,75,341,251,570,,0,,0,13,76,516,1.1736691965519
1073537361,Sherman,Eric,,MD,I,38 E 32nd St,9th Fl,New York,NY,36,10016,1,"Metropolitan area core: primary flow within an urbanized area of 50,000 and greater",US,Internal Medicine,S,4511,8084.6333333333,274233.82,235004,337,,4427,7994.6333333333,271992.9,232462,"#",,"#",,,,3868,114951.75,*,,,,854,50434.46,,3657,223799.36,,494,26141.91,,4017,248091.91,77,2679.57,1884,21,1.7069385945467,0,0,0,0,0,90,1244.49,63,,16,1084.35,*,,74.747774480712,,,,,170,167,288,16,,11,,14,15,322,0.96446031840384
1073538351,D Angelo,Christopher,,MD,I,2400 S Clinton Ave Ste 230,,Rochester,NY,36,14618,1,"Metropolitan area core: primary flow within an urbanized area of 50,000 and greater",US,Internal Medicine,S,10682,21032.466666667,652820.86,613816,772,,9750,19840.766666667,614603.47,579445,,725,,1283,430874.63,,9239,214103.02,,160,7843.21,,8917,563276.1,,1765,89544.76,,1508,104460.86,,9174,548360,270,11502.07,5922,62,2.5276165512076,25,2523.8,750,,9.2592592592593,179,3863.4,116,*,,,*,,74.014248704663,47,367,264,94,402,370,680,42,,,0,39,66,706,0.9514012036688
1073549341,Lindgren,Elaine,K,MD,I,70 Oneil St,,Kingston,NY,36,12401,1,"Metropolitan area core: primary flow within an urbanized area of 50,000 and greater",US,Family Practice,S,7295,10448.6,625155.55,243549,2019,,6732,9824.8333333333,570998.15,229770,,1884,,2896,519277.88,,4353,104037.82,,46,1839.85,,1760,142821.42,,5535,482334.13,,2097,185819.33,,5198,439336.22,133,6749.83,4027,34,1.8231665524332,29,4756.48,841,,21.804511278195,156,1901.3,97,,50,1259.66,*,,73.34224863794,135,1043,654,187,1184,835,1765,63,20,80,0,91,286,1733,0.97320368622171
1073562187,Borden,Eric,C,M.D.,I,3044 Route 50,,Saratoga Springs,NY,36,12866,1.1,"Secondary flow 30% to <50% to a larger urbanized area of 50,000 and greater",US,Family Practice,S,7791,15974.466666667,474615.26,464420,639,,6750,14527.366666667,398011.38,423654,,576,,948,282810.07,,6788,188526.97,,55,3278.22,,4725,271275.89,,3066,203339.37,,1447,98996.97,,6344,375618.29,314,11329.2,8100,54,4.0302913618278,29,5892.31,870,,9.2356687898089,214,12348.94,136,,63,1344.01,*,,73.220657276995,63,315,182,79,275,364,600,,,,0,26,79,560,1.1157854501711
1073573101,Cortes,Gabriel,,D.O.,I,760 Millersport Hwy,,Amherst,NY,36,14226,1,"Metropolitan area core: primary flow within an urbanized area of 50,000 and greater",US,Internal Medicine,S,11694,19941.6,902246.67,577289,434,,11268,19318.333333333,880773.89,559416,,416,,1702,659645.32,,9927,239291.61,,65,3309.74,,8342,577147.96,,3352,325098.71,,1908,130308.27,,9786,771938.4,341,15524.15,7458,64,2.9160253121259,29,4696.27,783,,8.5043988269795,281,3621.95,146,,30,2940.16,*,,76.785714285714,18,167,152,97,248,186,381,,,27,0,14,34,400,1.1222427607172
1073574273,Sanchez,Ruth,M,MD,I,2700 Westchester Ave,,Purchase,NY,36,10577,1,"Metropolitan area core: primary flow within an urbanized area of 50,000 and greater",US,Internal Medicine,S,4536,9550.9,407235.94,280602,350,,4047,8726.4333333333,361971.44,256678,,314,,685,299092.82,,3806,105867.05,,45,2276.07,,1709,118183.81,,2827,289052.13,,2999,281020.01,,1537,126215.93,43,1044.08,921,21,0.94797178130511,,,,,,51,823.75,41,*,,,*,,72.625714285714,36,182,96,36,248,102,95,24,,221,0,,174,176,1.152852322339
1073575429,Mcmullen,Michael,P,M.D.,I,505 Beahan Rd,,Rochester,NY,36,14624,1,"Metropolitan area core: primary flow within an urbanized area of 50,000 and greater",US,Family Practice,S,3823,7063.4333333333,297614.25,205509,207,,3442,6449.8333333333,272413.64,187851,,184,,517,198548.61,,3280,98120.78,,26,944.86,,3180,220367.61,,643,77246.64,,909,73805.79,,2914,223808.46,120,3378.78,3069,28,3.1388961548522,0,0,0,0,0,129,3399.27,65,,48,11069.53,*,,71.400966183575,23,113,55,16,98,109,160,33,,,0,11,28,179,0.97666368305881
1073583738,Mazzei -Klokiw,Renata,N,MD,I,103 Sitterly Road,Suite 2300,Clifton Park,NY,36,12065,1,"Metropolitan area core: primary flow within an urbanized area of 50,000 and greater",US,Family Practice,S,4489,8781.8,308010.35,256960,344,,4220,8391.1,287638.81,245741,,318,,746,213787.29,,3709,92664.88,,34,1558.18,,2723,151453.87,,1766,156556.48,,600,48827.3,,3889,259183.05,69,947.6,2121,16,1.5370906660726,,,,,,52,716.72,41,*,,,*,,73.787790697674,26,171,102,45,255,89,329,,,,0,,31,313,1.0018392464661
1073584017,Lilly,Sarah,C,MD,I,927 Park Ave,,New York,NY,36,10028,1,"Metropolitan area core: primary flow within an urbanized area of 50,000 and greater",US,Internal Medicine,S,1852,4141.1333333333,123913.69,118642,248,,1719,3878.1333333333,118134.82,111088,,236,,346,74396.69,,1493,48689.65,,13,827.35,,603,37470.71,,1249,86442.98,,210,10246.62,,1642,113667.07,11,100.37,71,,0.5939524838013,,,,,,99,1287.17,61,*,,,*,,73.512096774194,12,135,80,21,201,47,186,34,,,0,12,27,221,0.99150476845849
1073610531,Falk,George,A,MD,I,870 5th Ave,,New York,NY,36,10021,1,"Metropolitan area core: primary flow within an urbanized area of 50,000 and greater",US,Internal Medicine,S,4793,9157.0666666667,394103.38,266178,437,,4726,9066.0666666667,391866.56,263579,"#",,,842,296540.95,,3936,97229.21,,15,333.22,,791,39966.61,,4002,354136.77,,391,30725.68,,4402,363377.7,113,3533.49,3249,20,2.3576048403922,17,1012.3,460,,15.044247787611,209,2443.82,142,*,,,*,,77.185354691076,,,,,245,192,359,15,16,24,0,23,13,424,0.96900537290136
1073615225,Weinberg,Jed,J,MD,I,200 West Carver St,,Huntington,NY,36,11743,1,"Metropolitan area core: primary flow within an urbanized area of 50,000 and greater",US,Internal Medicine,S,3530,8580.1333333333,183920.06,252011,452,,3474,8497.1333333333,182134.73,249733,"#",,,479,108202.98,,3051,75717.08,,0,0,,283,13560.64,,3247,170359.42,,73,4758.48,,3457,179161.58,11,74.64,265,,0.31161473087819,0,0,0,,0,112,944.93,88,,0,0,*,,76.29203539823,,,,,247,205,409,,,,0,26,12,440,1.0127639118111
1073629622,Kancharla,Madhavi,R,M.D.,I,358 N Broadway,,Sleepy Hollow,NY,36,10591,1,"Metropolitan area core: primary flow within an urbanized area of 50,000 and greater",US,Internal Medicine,S,3379,7413.1666666667,288421.34,214852,348,,3276,7234.6666666667,281723.79,209613,,333,"#",,,,2733,71976.43,*,,,,726,59637.59,,2653,228783.75,,502,60491.71,,2877,227929.63,12,130.28,299,,0.35513465522344,0,0,0,,0,156,1786.59,99,,12,2000.77,*,,75.149425287356,15,160,119,54,224,124,259,13,32,26,0,18,35,313,1.01461229626
1073671400,Chung,Sea,H,M.D.,I,3925 Union St,,Flushing,NY,36,11354,1,"Metropolitan area core: primary flow within an urbanized area of 50,000 and greater",US,Internal Medicine,S,24706,26774.866666667,2017873.27,781833,590,,24451,26508.866666667,1999342.45,774062,,579,,5685,1679189.12,,18748,330291.22,,273,8392.93,,10759,797245.8,,13947,1220627.47,,23586,1979054.47,,1120,38818.8,0,0,0,0,0,0,0,0,0,,440,2209.45,249,,0,0,,0,75.061016949153,11,284,219,76,346,244,,,550,,0,29,524,66,1.2691169012303
1073693032,Parikh,Nita,,,I,Crhp-711 Troy-Schenectady Rd,Suite 104,Latham,NY,36,12110,1,"Metropolitan area core: primary flow within an urbanized area of 50,000 and greater",US,Internal Medicine,S,6532,15227.633333333,409072.66,448818,726,,5985,14171.8,378411.36,418404,,671,"#",,,,5591,149676.96,*,,,,3539,155507.11,,2993,253565.55,,1118,68752.87,,5414,340319.79,79,930.28,1862,21,1.2094304960196,,,,,,142,1317.18,103,,0,0,,0,73.780991735537,55,349,236,86,549,177,637,33,24,12,0,20,92,634,1.0654148496948
1073740122,King,Julie,P,MD.,I,8278 Willett Parkway,2nd Floor,Baldwinsville,NY,36,13027,1,"Metropolitan area core: primary flow within an urbanized area of 50,000 and greater",US,Family Practice,S,6418,13182.566666667,404110.76,385451,574,,4835,10477.533333333,286448.88,307689,,446,,745,254365.4,,5601,145627.02,,72,4118.34,,3352,218725.37,,3066,185385.39,,2623,178544.91,,3795,225565.85,32,484.42,853,,0.49859769398567,0,0,0,,0,109,3311.08,86,*,,,*,,70.975609756098,128,211,164,71,389,185,542,,,,,13,180,394,1.095779247615
1073772638,Kim,Taegyun,,M.D.,I,141-47 Northern Blvd.,"Suitee #2r",Flushing,NY,36,11354,1,"Metropolitan area core: primary flow within an urbanized area of 50,000 and greater",US,Internal Medicine,S,14120,15222.033333333,2079361.85,433280,286,,13723,14803.6,1967924.05,421173,"#",,,4871,1823356.85,,9146,252287.69,,103,3717.31,,1677,279599.07,,12443,1799762.78,,13861,2049610.4,,259,29751.45,151,524.33,2194,67,1.0694050991501,0,0,0,0,0,375,1930.4,149,,34,12119.01,*,,78.447552447552,,,,,184,102,,0,270,0,0,,274,12,1.4045528992238
1073830022,Robinson,Kristin,,,I,178 Washington Avenue Ext,,Albany,NY,36,12203,1,"Metropolitan area core: primary flow within an urbanized area of 50,000 and greater",US,Internal Medicine,S,1758,3438.3666666667,128154.55,100840,319,,1275,2762.6333333333,86497.18,81347,,231,"#",,,,1474,46344.32,*,,,,885,65840.34,,873,62314.21,,569,49246.33,,1189,78908.22,53,1496.43,1416,37,3.0147895335609,,,,,,39,865.68,22,,0,0,,0,69.510971786834,88,115,82,34,205,114,230,57,,12,,12,100,219,1.6968648747322
1073842381,Vona,Vincent,J,PHARM D,I,1768 Old Country Rd,,Riverhead,NY,36,11901,1,"Metropolitan area core: primary flow within an urbanized area of 50,000 and greater",US,Pharmacist,T,32,32,4582.9,32,25,,32,32,4582.9,32,,25,,32,4582.9,,0,0,,0,0,*,,,"#",,,,0,0,,32,4582.9,0,0,0,0,0,0,0,0,0,,0,0,0,,0,0,,0,73.24,0,15,,,11,14,25,0,0,0,0,0,0,25,0.6298
1073879862,Saadia,Meir,,M.D.,I,546 Eastern Pkwy,,Brooklyn,NY,36,11225,1,"Metropolitan area core: primary flow within an urbanized area of 50,000 and greater",US,Internal Medicine,S,11254,21050.066666667,778962.39999999,623545,818,,10694,20176.4,725462.42,597759,,775,,1799,566223.35,,9095,195197.26,,360,17541.79,,7960,546681.6,,3294,232280.8,,2672,217428.48,,8582,561533.92,0,0,0,0,0,0,0,0,0,,50,541.72,45,,11,812.15,*,,75.586797066015,43,335,316,124,519,299,12,732,,29,,41,147,671,1.2631801961806
1073890810,Stein,Scott,A,D.O.,I,1111 Amsterdam Ave,,New York,NY,36,10025,1,"Metropolitan area core: primary flow within an urbanized area of 50,000 and greater",US,Geriatric Medicine,S,6719,13489.8,516753.35,394629,475,,6073,12392.8,466869.2,363350,,428,,1054,348809.38,,5646,167323.65,,19,620.32,,913,75884.95,,5806,440868.4,,1425,93750.5,,5294,423002.85,119,3977.43,3189,44,1.7710968894181,13,2537.55,390,,10.924369747899,136,11174.94,78,,28,824.86,*,,74.932631578947,47,191,132,105,231,244,424,,,29,0,11,61,414,1.4198572980859
1073922316,Ponnam,Harikrishna Choudary,,MD,I,12 N 7th Ave,,Mount Vernon,NY,36,10550,1,"Metropolitan area core: primary flow within an urbanized area of 50,000 and greater",US,Internal Medicine,S,6548,10701.8,422787.18,310773,302,,5397,9257.5333333333,318220.7,269151,,230,,1011,302489.49,,5407,114046.62,,130,6251.07,,4227,308280.01,,2321,114507.17,,3787,255970.48,,2761,166816.7,103,1715.34,2553,37,1.5729993891265,,,,,,50,381.8,37,*,,,*,,71.384105960265,72,101,86,43,163,139,26,260,,,0,,137,165,1.4990715476451
1083608418,Wehr,Matthew,D,MD,I,138 E Main St,,Westfield,NY,36,14787,7,"Small town core: primary flow within an urban cluster of 2,500 to 9,999",US,Family Practice,S,3995,9008.6,278261.41,262192,417,,3433,8031.7333333333,250793.22,234507,,363,,595,199298.16,,3363,76797.02,,37,2166.23,,2436,179103.16,,1559,99158.25,,1278,95934.43,,2717,182326.98,92,2138.66,2335,39,2.3028785982478,,,,,,103,990.7,74,,17,461.6,*,,72.599520383693,54,186,129,48,203,214,393,,0,,0,14,96,321,1.2585590012955
1083630735,Trapasso,James,C,D.O.,I,1985 Crompond Rd,Suite 1,Cortlandt Manor,NY,36,10567,1,"Metropolitan area core: primary flow within an urbanized area of 50,000 and greater",US,Internal Medicine,S,7714,18321.6,1022597.66,535939,710,,7125,17177.3,887492.99,503564,,663,,1612,798130.6,,6029,219688.99,,73,4778.07,,2224,312307.47,,5490,710290.19,,1950,340491.03,,5764,682106.63,215,9258.88,5669,43,2.7871402644542,16,815.48,465,,7.4418604651163,219,20499.62,140,,47,597.21,*,,75.654929577465,47,295,232,136,382,328,602,41,,33,,22,100,610,1.2163868491996
1083638027,Martinke,David,J,D.O.,I,30 N Union Rd,,Williamsville,NY,36,14221,1,"Metropolitan area core: primary flow within an urbanized area of 50,000 and greater",US,Family Practice,S,5617,11377.766666667,317728.79,335868,384,,5013,10402.766666667,282858.03,307512,,354,,771,215190.42,,4785,100336.07,,61,2202.3,,4473,241724.71,,1144,76004.08,,766,47255.92,,4851,270472.87,99,9441.05,2848,17,1.7625066761617,,,,,,66,850.21,47,*,,,*,,74.703125,30,176,103,75,210,174,360,,,,0,15,36,348,1.1171107376698
1083649560,Ellement,Patricia,A,P.A.,I,3 Irongate Ctr,,Glens Falls,NY,36,12801,1,"Metropolitan area core: primary flow within an urbanized area of 50,000 and greater",US,Physician Assistant,S,3278,5211.9666666667,176989.47,147068,364,,2728,4581.9,130564.48,130182,,320,,517,122880.44,,2749,53116.73,,12,992.3,,2272,119321.25,,1006,57668.22,,781,57893.13,,2497,119096.34,63,1578.39,1131,29,1.9219035997559,,,,,,178,3125.15,116,,12,295.95,*,,72.041208791209,44,173,115,32,247,117,351,,,,0,,59,305,1.0404665378716
1083662977,Lai,Cindy,,MD,I,117 E 65th St,,New York,NY,36,10021,1,"Metropolitan area core: primary flow within an urbanized area of 50,000 and greater",US,Internal Medicine,S,1336,2164.7333333333,83183.83,62645,136,,1313,2126.7333333333,82594.26,61651,"#",,"#",,,,1086,25631.45,*,,,,232,13701.01,,1104,69482.82,,163,13767.54,,1173,69416.29,,,,,,,,,,,40,527.77,29,,0,0,*,,73.095588235294,,,,,97,39,98,15,,11,0,,,,0.87002122927491
1083667315,Shur,Irina,N,MD,I,140 Elgar Place,,Bronx,NY,36,10475,1,"Metropolitan area core: primary flow within an urbanized area of 50,000 and greater",US,Internal Medicine,S,3035,6999.3333333333,167617.16,205521,373,,2861,6665.8,159463.78,196003,,345,,491,106265.97,,2519,60318.65,,25,1032.54,,1334,70580.68,,1701,97036.48,,499,30991.66,,2536,136625.5,,,,,,,,,,,59,667.97,53,*,,,*,,74.485254691689,28,155,141,49,269,104,68,223,,67,,12,70,303,1.2224750244587
1083671325,Ziegler,Sharon,L,MD,I,209 W State St,Attn: Bob Bloom,Ithaca,NY,36,14850,1,"Metropolitan area core: primary flow within an urbanized area of 50,000 and greater",US,Family Practice,S,3290,5537.0666666667,220503.19,159764,270,,2879,5002.3,181206.43,145405,,239,,416,127058.66,,2863,93065.31,,11,379.22,,1221,65467.19,,2069,155036,,1054,97399.18,,2236,123104.01,111,4296.97,2773,36,3.3738601823708,,,,,,101,2522.72,58,,40,7203.11,*,,72.522222222222,31,139,65,35,225,45,248,,,,0,,60,210,1.0103401932278
1083692271,Simon,David,G,MD,I,4900 Broad Rd,Pob Ste 4k,Syracuse,NY,36,13215,1,"Metropolitan area core: primary flow within an urbanized area of 50,000 and greater",US,Internal Medicine,S,9738,20019.166666667,782992.04,588094,617,,8975,18772.3,720536.21,552087,,578,,1538,539535.76,,8126,238113.87,,74,5342.41,,4265,279160.78,,5473,503831.26,,1697,144138.18,,8041,638853.86,343,22715.14,9905,52,3.5222838365167,84,12860.91,2495,,24.489795918367,167,4682.9,84,,78,2931.09,*,,75.602917341977,39,251,219,108,378,239,531,49,,14,,15,59,558,1.2746284431864
1083707244,Ross,Randy,B,MD,I,Mmg - Bronx East,2300 Westchester Avenue,Bronx,NY,36,10462,1,"Metropolitan area core: primary flow within an urbanized area of 50,000 and greater",US,Internal Medicine,S,8440,18239.433333333,858061.42,537439,635,,7401,16288.466666667,750611.96,480375,,565,,1779,639149.4,,6506,211840.99,,155,7071.03,,5860,549862.05,,2580,308199.37,,3289,355448.58,,5151,502612.84,85,878.32,1478,40,1.0071090047393,0,0,0,0,0,65,445.77,54,*,,,*,,73.661417322835,70,287,189,89,449,186,61,358,,174,,24,172,463,1.5053776835026
1083712806,Rucker,Steve,W,MD,I,1999 Marcus Ave,Suite 216,New Hyde Park,NY,36,11042,1,"Metropolitan area core: primary flow within an urbanized area of 50,000 and greater",US,Nephrology,S,16785,36296.6,1959088.6,1066907,1379,,15968,34770.6,1795508.36,1022881,,1319,,3240,1402985.14,,13381,546195.42,,164,9908.04,,3275,307728.14,,13510,1651360.46,,2595,282029.62,,14190,1677058.98,273,11577.2,7965,62,1.6264521894549,39,3594.52,1166,,14.285714285714,389,12040.91,251,,58,4056.12,,14,75.550398839739,60,615,477,227,678,701,1114,96,55,47,0,67,126,1253,1.6977212120353
1083765531,Correa,Michael,,MD,I,1302 Amsterdam Ave,,New York,NY,36,10027,1,"Metropolitan area core: primary flow within an urbanized area of 50,000 and greater",US,Internal Medicine,S,36577,62070.733333333,3198843.98,1813590,1342,,29653,51423.433333333,2543011.44,1504461,,1099,,6844,2302085.73,,28299,824433.82,,1434,72324.43,,32312,2815605.4,,4265,383238.58,,32474,2938096.4,,4103,260747.58,265,3738.58,6895,92,0.72449900210515,0,0,0,0,0,736,24043.66,433,,239,12864.29,,42,71.77347242921,243,585,349,165,862,480,74,241,,996,,18,1025,317,1.4434010130136
1083766729,Rosenbluth,Adam,,MD,I,912 5th Ave,,New York,NY,36,10021,1,"Metropolitan area core: primary flow within an urbanized area of 50,000 and greater",US,Cardiology,S,8315,13223.8,994797.21,380570,455,,8053,12862.933333333,943870.45,370633,"#",,,2277,823699.98,,5963,167223.75,,75,3873.48,,197,15939.19,,8118,978858.02,,677,108861.45,,7638,885935.76,143,4192.71,3448,35,1.7197835237523,21,1189.59,630,,14.685314685315,209,2861.94,121,,23,588.42,*,,78.294505494506,,,,,269,186,414,,,,0,23,20,435,1.0698082863631
1083790430,Fares,Hassan,M,N.P.,I,3884 Broadway St,,Cheektowaga,NY,36,14227,1,"Metropolitan area core: primary flow within an urbanized area of 50,000 and greater",US,Nurse Practitioner,S,6379,11741.033333333,506875.62,342179,608,,5291,10034.033333333,392961.62,292876,,527,,955,375657.72,,5373,128837.41,,51,2380.49,,4562,305880.73,,1817,200994.89,,1727,208994.26,,4652,297881.36,200,17041.53,5318,70,3.135287662643,31,7919.93,900,,15.5,151,1290.98,126,,26,1082.32,,11,73.736842105263,81,240,191,96,334,274,547,30,11,,,13,109,499,1.2239458778746
1083900922,Kuhfta,Jeanne,,F.N.P.,I,77 Nelson St,Suite 310,Auburn,NY,36,13021,4,"Micropolitan area core: primary flow within an urban cluster of 10,000 to 49,999",US,Nurse Practitioner,S,5676,9242.8,287765.82,258007,753,,4696,7816.1666666667,243808.44,217671,,659,,838,184671.56,,4818,102179.86,,20,914.4,,2045,80877.1,,3631,206888.72,,1646,87054.26,,4030,200711.56,245,11548.95,6497,100,4.3164200140944,25,5656.72,744,12,10.204081632653,355,4430.36,209,,23,809.27,*,,73.626826029216,94,312,237,110,481,272,719,,,,0,15,134,619,1.3705983436094
1083928428,Chen,Xing Lian,,"DNP, FNP",I,8504 21 Avenue,,Brooklyn,NY,36,11214,1,"Metropolitan area core: primary flow within an urbanized area of 50,000 and greater",US,Nurse Practitioner,S,3605,5088.9666666667,319163.74,149203,199,,3346,4742.9333333333,303153.45,139038,,179,,686,246314.68,,2877,71620.92,,42,1228.14,,2549,188307.25,,1056,130856.49,,3286,300295.53,,319,18868.21,,,,,,,,,,,36,753.58,27,,30,255.99,*,,73.64824120603,20,95,56,28,108,91,24,13,149,,0,,150,49,1.2770091529026
1093065757,Pointon,Tracy,L,RPA-C,I,2081 W Ridge Rd,Suite 205,Rochester,NY,36,14626,1,"Metropolitan area core: primary flow within an urbanized area of 50,000 and greater",US,Physician Assistant,S,4796,9200.1333333333,297397.29,260888,911,,3949,7846.9,240771.23,223041,,788,,568,193303.29,,4217,103589.46,,11,504.54,,3998,232359.86,,798,65037.43,,859,68410.06,,3937,228987.23,238,8113.18,5323,91,4.9624687239366,16,1224.84,448,,6.7226890756303,285,3620.86,205,*,,,*,,72.475301866081,123,404,281,103,534,377,854,21,,,,23,93,818,1.1362169684954
1093119596,Kreuze,Jeanette,,FNP-BC,I,1211 White Plains Rd,,Bronx,NY,36,10472,1,"Metropolitan area core: primary flow within an urbanized area of 50,000 and greater",US,Nurse Practitioner,S,4286,6570.5666666667,335138,192792,211,,2921,4781.8,234226.97,140770,,148,,649,269779.36,,3515,60289.55,,122,5069.09,,3580,277869.47,,706,57268.53,,3808,313591.9,,478,21546.1,,,,,,,,,,,45,2651.75,32,*,,,*,,67.317535545024,63,104,32,12,120,91,,48,12,129,,12,175,36,1.1312391946982
1093703696,Ramirez,Alvaro,,MD,I,8818 37th Ave,,Jackson Heights,NY,36,11372,1,"Metropolitan area core: primary flow within an urbanized area of 50,000 and greater",US,Family Practice,S,8611,18147.633333333,782837.2,523851,575,,7971,16895.166666667,723300.26,488192,,527,,1432,617997.1,,6797,150740.49,,382,14099.61,,7529,678409.25,,1082,104427.95,,6119,613786.1,,2492,169051.1,56,183.05,1516,25,0.65033097201254,0,0,0,0,0,213,1729.66,146,,0,0,,0,72.441739130435,48,317,171,39,315,260,30,,,532,0,,358,217,1.0412017688382
1093711467,Lipton,Mitchell,E,M.D.,I,3515 Quentin Rd,,Brooklyn,NY,36,11234,1,"Metropolitan area core: primary flow within an urbanized area of 50,000 and greater",US,Cardiology,S,8620,16021.266666667,1188959.66,475586,461,,8203,15464.266666667,1151093.14,459005,,442,,2148,936222.96,,6409,249967.99,,63,2768.71,,2059,263055.56,,6561,925904.1,,1951,317678.18,,6669,871281.48,35,736.46,751,18,0.40603248259861,0,0,0,0,0,91,7684.08,57,,40,647.02,*,,75.370932754881,19,232,128,82,258,203,360,60,,24,,13,66,395,1.2930908154113
1093729964,Schynoll,Gerald,,M.D.,I,1 Pinnacle Pl,,Albany,NY,36,12203,1,"Metropolitan area core: primary flow within an urbanized area of 50,000 and greater",US,Internal Medicine,S,4901,7971.3333333333,423486.89,232489,585,,3131,5566.6333333333,313009.48,162906,,405,,754,319035.18,,4091,102169.21,,56,2282.5,,2042,129485.32,,2859,294001.57,,2772,281511.58,,2129,141975.31,322,32937.16,8920,86,6.5700877371965,57,25421.64,1663,14,17.701863354037,25,402.39,21,,28,955.06,*,,68.430769230769,180,216,135,54,306,279,419,111,,24,,24,226,359,1.6737322742921
1093749285,Cahn-Hidalgo,Diego,G,MD,I,300 White Spruce Blvd,Suite 100,Rochester,NY,36,14623,1,"Metropolitan area core: primary flow within an urbanized area of 50,000 and greater",US,Internal Medicine,S,10840,24434.966666667,724245.75,714983,746,,10533,23895.8,701486.56,699198,,721,,1463,477168.29,,9221,240594.7,,156,6482.76,,9054,565956.03,,1786,158289.72,,799,52755.52,,10041,671490.23,92,1353.52,2092,39,0.84870848708487,,,,,,179,2276.23,125,,60,983.42,*,,74.725201072386,25,364,269,88,416,330,626,74,,,0,31,41,705,1.1111583843152
1093769358,Mackellar,Bruce,W,MD,I,111 Loder St,Suite A,Hornell,NY,36,14843,4,"Micropolitan area core: primary flow within an urban cluster of 10,000 to 49,999",US,Family Practice,S,7194,13056.866666667,603782.71,377905,448,,5026,9854.7333333333,381443.26,285990,,367,,1198,420990.69,,5925,179783.14,,71,3008.88,,3202,235522.73,,3992,368259.98,,3103,329733.22,,4091,274049.49,564,27383.53,14414,104,7.8398665554629,61,5320.55,1798,11,10.815602836879,154,2205.52,75,,13,287.3,*,,70.25,81,218,113,36,257,191,420,,,,0,20,127,321,1.0761401224902
1093776445,Novelli,David,J,M.D.,I,256 Center Rd,,West Seneca,NY,36,14224,1,"Metropolitan area core: primary flow within an urbanized area of 50,000 and greater",US,Family Practice,S,5700,10645.833333333,435805.81,308662,559,,5392,10116.833333333,411611.68,293486,,524,,926,334728.76,,4730,99581.26,,44,1495.79,,4220,279573.44,,1480,156232.37,,464,31822.59,,5236,403983.22,104,2556.29,2839,40,1.8245614035088,,,,,,180,1665.8,117,,35,1032.06,*,,74.550983899821,35,265,179,80,317,242,542,,0,,0,16,30,529,1.0202177597576
1093777930,Wong,Min,A,MD,I,5423 7th Ave,,Brooklyn,NY,36,11220,1,"Metropolitan area core: primary flow within an urbanized area of 50,000 and greater",US,Internal Medicine,S,21558,27796.5,2729009.39,814000,456,,20796,26911.633333333,2660963.98,788758,,435,,6394,2139043.21,,14750,574130.36,,414,15835.82,,12782,1489078.51,,8776,1239930.88,,21090,2687172,,468,41837.39,26,427.54,307,19,0.12060487985899,,,,,,214,15067.61,126,,95,1319.51,,17,74.921052631579,21,229,128,78,253,203,,,443,,0,,440,16,1.2704565280499
1093780025,Pierce,Natalie,N,PA,I,115 East Main St,,Sherman,NY,36,14781,10,"Rural areas: primary flow to a tract outside a urbanized area of 50,000 and greater or UC",US,Physician Assistant,S,3073,5661.9666666667,188612.39,163063,336,,2335,4576.3333333333,148561.3,132347,,278,,486,127706.59,,2551,59493.37,,36,1412.43,,1492,97255.6,,1581,91356.79,,1327,85099.96,,1746,103512.43,121,3467.22,3163,34,3.9375203384315,,,,,,102,1770.66,76,,0,0,,0,71.369047619048,58,144,102,32,213,123,329,0,0,,0,,94,242,1.1577395833333
1093788374,Herzog,David,A,MD,I,1 Theall Rd,,Rye,NY,36,10580,1,"Metropolitan area core: primary flow within an urbanized area of 50,000 and greater",US,Internal Medicine,S,3904,7787.8666666667,190474.91,230223,277,,3578,7417.8666666667,177662.06,219528,,265,,512,88358.94,,3376,101307.15,,16,808.82,,704,24169.06,,3200,166305.85,,749,32222.68,,3155,158252.23,15,310.2,150,,0.38422131147541,,,,,,77,992.08,53,*,,,*,,74.682310469314,12,133,92,40,125,152,229,22,,13,0,,18,259,1.1080296906675
1093793101,Chen,Henry,S,M.D,I,757 60th St,First Floor,Brooklyn,NY,36,11220,1,"Metropolitan area core: primary flow within an urbanized area of 50,000 and greater",US,Internal Medicine,S,65470,72058.5,8288953.4399999,2107958,2045,,63767,70206.433333333,8032564.3399999,2053431,,1975,,18736,6809895.25,,45915,1456678.86,,819,22379.33,,40449,4974925.43,,25021,3314028.01,,63876,8089969.7599999,,1594,198983.68,54,696.2,549,37,0.082480525431495,,,,,,595,13111.11,390,,264,8003.26,,55,76.689975550122,70,861,693,421,1232,813,,,1978,22,0,26,1907,138,1.39689818475
1093794547,Saltzman-Gabelman,Lori,,MD,I,210 Westchester Ave,,White Plains,NY,36,10604,1,"Metropolitan area core: primary flow within an urbanized area of 50,000 and greater",US,Internal Medicine,S,7192,15709.3,375277.97,465244,589,,7019,15373.233333333,356643.83,455451,,568,,854,231222.05,,6312,142980.05,,26,1075.87,,3130,157886.2,,4062,217391.77,,1328,76612.23,,5864,298665.74,18,259,425,,0.25027808676307,0,0,0,,0,65,911.52,48,,88,1221.83,,19,74.887945670628,21,294,187,87,470,119,378,115,22,50,0,24,72,517,1.0399747755065
1093808255,Berk,Lee,A,MD,I,1010 Central Park Ave,,Yonkers,NY,36,10704,1,"Metropolitan area core: primary flow within an urbanized area of 50,000 and greater",US,Internal Medicine,S,9472,18276.1,768650.73,538964,724,,8639,16983.566666667,675997.69,501293,,655,,1645,571972.46,,7698,192244.7,,129,4433.57,,6334,562227.24,,3138,206423.49,,2445,293891.58,,7027,474759.15,50,873.6,1203,22,0.52787162162162,,,,,,157,2689.17,104,,13,123.98,*,,73.915745856354,69,337,213,105,400,324,285,278,28,104,0,29,129,595,1.2928919894248
1093873291,Pavels,Anita,V,MD,I,243 North Rd,Suite 103,Poughkeepsie,NY,36,12601,1,"Metropolitan area core: primary flow within an urbanized area of 50,000 and greater",US,Internal Medicine,S,5553,10439.133333333,448483.97,297595,339,,4744,9243,387559.68,264033,,311,,946,304127.36,,4576,141455.95,,31,2900.66,,1284,76553.33,,4269,371930.64,,488,22746.04,,5065,425737.93,374,37874.29,11381,49,6.7350981451468,137,30601.92,4615,12,36.631016042781,397,6963.41,178,,16,133.97,*,,72.94395280236,28,166,120,25,247,92,311,,,,0,11,19,320,1.0016353665478
1104036516,Cohen,Adam,,M.D.,I,1000 Northern Blvd,Ste 340,Great Neck,NY,36,11021,1,"Metropolitan area core: primary flow within an urbanized area of 50,000 and greater",US,Internal Medicine,S,4774,8737.3666666667,519550.29,254949,222,,4713,8603.3666666667,514887.84,250992,"#",,,934,378890.1,,3811,138734.07,,29,1926.12,,507,69111.46,,4267,450438.83,,1012,151004.88,,3762,368545.41,90,4220.27,2273,32,1.8852115626309,21,2717.3,630,,23.333333333333,160,1748.56,86,,74,8582.91,*,,82.342342342342,,,,,145,77,181,21,,,0,,32,190,1.6927134468814
1104060870,Lineman,Erin,M,MD,I,809 E Ridge Rd,,Rochester,NY,36,14621,1,"Metropolitan area core: primary flow within an urbanized area of 50,000 and greater",US,Family Practice,S,3417,4521.2333333333,171024.88,127043,234,,1930,2789.1,103580.82,79702,,141,,484,118202.23,,2908,51809.24,,25,1013.41,,1888,110245.21,,1529,60779.67,,2135,118526.86,,1282,52498.02,109,5475.2,2477,23,3.1899326894937,17,3866.62,510,,15.596330275229,58,2048.12,24,,38,392.53,*,,63.803418803419,93,101,,,167,67,167,42,,19,0,,126,108,1.2507877745468
1104173632,Davis,Jenny,,FNP,I,350 Grand St,,New York,NY,36,10002,1,"Metropolitan area core: primary flow within an urbanized area of 50,000 and greater",US,Nurse Practitioner,S,2125,4608.6333333333,756644.72,134441,242,,1693,3734.8333333333,621190.25,109482,,194,,767,688671.73,,1242,58882.83,,116,9090.16,,585,212724.11,,1540,543920.61,,1318,497666.1,,807,258978.62,66,1733.48,1821,17,3.1058823529412,,,,,,24,908.74,19,*,,,*,,69.859504132231,48,115,65,14,148,94,220,,0,12,0,,134,108,1.4697305707708
1104261601,Bir,Jasmin,K,M.D.,I,462 Grider St,,Buffalo,NY,36,14215,1,"Metropolitan area core: primary flow within an urbanized area of 50,000 and greater",US,Internal Medicine,S,3618,8728.9666666666,154559.63,252796,560,,3439,8344.6333333333,144625.16,241766,,533,,751,92059.44,,2839,61949.61,,28,550.58,,3604,154261.16,,14,298.47,,782,45411.17,,2836,109148.46,122,1852.12,3046,39,3.3720287451631,,,,,,186,2237.65,138,*,,,*,,75.032142857143,27,284,155,94,381,179,413,16,42,74,,,84,476,1.1881463981616
1104807981,Smith,Neil,,M.D.,I,215 Rockaway Tpke,,Lawrence,NY,36,11559,1,"Metropolitan area core: primary flow within an urbanized area of 50,000 and greater",US,Family Practice,S,13424,19859.633333333,1288502,552215,694,,11229,17180.8,949134.64,476521,,599,,2833,972637.41,,10390,300632.38,,201,15232.21,,4285,382116.83,,9139,906385.17,,9261,898796.91,,4163,389705.09,111,2047.58,2871,42,0.82687723480334,0,0,0,0,0,263,4399.63,156,,200,14833.13,,29,72.874639769452,95,319,176,104,383,311,424,162,,80,,22,345,349,1.7789313694573
1104818640,Choi,Alexander,K,M.D.,I,38-34 Parsons Blvd.,"Suite #1d",Flushing,NY,36,11354,1,"Metropolitan area core: primary flow within an urbanized area of 50,000 and greater",US,Internal Medicine,S,11688,12810.033333333,1043664.35,376824,247,,11555,12677.033333333,1032563.74,372849,"#",,,2991,870692.17,,8620,170989.39,,77,1982.79,,4211,278553.1,,7477,765111.25,,10949,1015047.01,,739,28617.34,137,908.02,3857,24,1.1721423682409,0,0,0,0,0,95,494.62,64,,12,46.53,*,,76.182186234818,,,,,138,109,,,216,12,0,13,199,48,1.2515308829975
1104819010,Zaltsman,Helen,,MD,I,2016 Bath Ave,,Brooklyn,NY,36,11214,1,"Metropolitan area core: primary flow within an urbanized area of 50,000 and greater",US,Internal Medicine,S,12990,14628.566666667,1469562.92,305349,3318,,12413,14012.833333333,1402030.26,293488,,3134,,6441,1312883.81,,6433,153449.51,,116,3229.6,,1851,268276.57,,11139,1201286.35,,9008,899571.61,,3982,569991.31,113,1351.95,1859,58,0.86989992301771,,,,,,188,32247,94,*,,,*,,73.666968053044,184,1833,958,343,1981,1337,2144,553,137,283,0,201,1006,2312,1.1845595465385
1104834324,Yeh,Qing,,M.D.,I,2 Mott St,Suite 801,New York,NY,36,10013,1,"Metropolitan area core: primary flow within an urbanized area of 50,000 and greater",US,Internal Medicine,S,12015,13489.266666667,1250849.53,396465,248,,11850,13314.266666667,1233315.64,391341,"#",,,3304,1008370.87,,8622,240144.77,,89,2333.89,,7679,804724.08,,4336,446125.45,,11366,1199035.33,,649,51814.2,,,,,,,,,,,66,344.84,46,,40,281.45,*,,76.322580645161,,,,,134,114,0,,239,,0,,199,49,1.0607920026882
1104840743,Lebeau,Dorothy,,MD,I,38 E 32nd St,9th Floor,New York,NY,36,10016,1,"Metropolitan area core: primary flow within an urbanized area of 50,000 and greater",US,Internal Medicine,S,3748,8184.7333333333,232608.45,237909,413,,3687,8071.7333333333,230109.26,234836,"#",,,592,132763.6,,3140,99213.06,,16,631.79,,570,26071.08,,3178,206537.37,,162,10257.83,,3586,222350.62,43,2332.1,702,13,1.1472785485592,0,0,0,0,0,86,3560.48,69,*,,,*,,75.162227602906,,,,,317,96,349,11,,18,,27,15,398,0.89661723163842
1104862986,Freeman,James,G,MD,I,200 Madison Ave,3rd Floor,Elmira,NY,36,14901,1,"Metropolitan area core: primary flow within an urbanized area of 50,000 and greater",US,Rheumatology,S,6281,10743.966666667,4002849.13,313067,722,,4424,7951.6666666667,2186599.18,232185,,544,,1415,3752188.54,,4837,250170.68,,29,489.91,,2440,1269151.88,,3841,2733697.25,,2021,2157600.22,,4260,1845248.91,406,13129.61,10864,99,6.4639388632383,54,4909.5,1559,16,13.300492610837,76,533.61,35,,0,0,,0,70.250692520776,178,281,207,56,515,207,680,22,,,0,12,191,531,1.5765272868778
1104880624,Huselton,John,K,M.D.,I,2000 Empire Blvd,Suite 120,Webster,NY,36,14580,1,"Metropolitan area core: primary flow within an urbanized area of 50,000 and greater",US,Internal Medicine,S,5806,11871.766666667,379871.13,345955,539,,5264,11126.866666667,352001.42,324691,,503,,678,243816.75,,5099,134273.69,,29,1780.69,,4908,310106.27,,898,69764.86,,906,61630.89,,4900,318240.24,224,6125.07,5587,58,3.8580778504995,,,,,,60,1197.91,45,,18,310.02,*,,74.404452690167,36,266,158,79,306,233,491,17,,,0,24,39,500,1.1126652975183
1104886860,Macenat,Jean,R,M.D,I,769 Concourse Vlg W,,Bronx,NY,36,10451,1,"Metropolitan area core: primary flow within an urbanized area of 50,000 and greater",US,Internal Medicine,S,9985,18255.5,1384211.93,539724,405,,8037,14875.2,1064307.99,440646,,333,,2384,1179255.7,,7156,184442.84,,445,20513.39,,8060,1121174.72,,1925,263037.21,,8260,1226646.37,,1725,157565.56,98,2055.19,2815,25,0.98147220831247,0,0,0,0,0,77,554.79,53,,46,1134.92,*,,71.683950617284,72,177,111,45,233,172,,128,,255,0,,281,124,1.3469586004644
1104903988,Melamed,Jakob,C,M.D.,I,2600 Netherland Ave,Suite 125,Bronx,NY,36,10463,1,"Metropolitan area core: primary flow within an urbanized area of 50,000 and greater",US,Internal Medicine,S,2660,4478.5666666667,156523.33,131768,207,,2519,4305.5666666667,150606.47,126617,"#",,,435,117572.1,,2208,38468.09,,17,483.14,,1046,53447.69,,1614,103075.64,,328,32618.34,,2332,123904.99,,,,,,,,,,,53,571.18,40,,15,499.7,*,,79.24154589372,,,,,115,92,170,16,,12,,,21,186,1.1703586956522
1104924570,Ryan,William,D,MD,I,37 Main St.,,Whitesboro,NY,36,13492,1,"Metropolitan area core: primary flow within an urbanized area of 50,000 and greater",US,Family Practice,S,7414,16142.133333333,689645.26,472773,406,,6846,15298.933333333,641321.53,449419,,378,,1375,521077.63,,5949,165192.98,,90,3374.65,,3642,300346.48,,3772,389298.78,,1286,121393.67,,6128,568251.59,25,763.73,484,11,0.33719989209603,,,,,,129,1320.1,90,,15,1670.66,*,,76.091133004926,28,160,124,94,203,203,388,,,,0,,46,360,1.224933578889
1104933886,Guize,Stephanie,,RPAC,I,3950 E Robinson Rd,Suite 207,West Amherst,NY,36,14228,1,"Metropolitan area core: primary flow within an urbanized area of 50,000 and greater",US,Physician Assistant,S,5655,10210.366666667,425383.74,294008,830,,4691,8768.8666666667,304783.28,253763,,698,,878,341893.63,,4700,79549.49,,77,3940.62,,4165,266597.32,,1490,158786.42,,1351,161593.21,,4304,263790.53,65,4298.02,1567,40,1.1494252873563,,,,,,153,5524.24,121,,18,14764.25,*,,70.857831325301,132,440,185,73,554,276,776,17,,14,,15,151,679,1.1902472657443
1104953777,Lin,Kevin,N,M.D,I,198 Canal St Ste 401,,New York,NY,36,10013,1,"Metropolitan area core: primary flow within an urbanized area of 50,000 and greater",US,Internal Medicine,S,14760,17869,1111669.24,516381,488,,14191,17216.166666667,1065673.26,497587,,462,,2746,785824.47,,11704,314619.31,,310,11225.46,,10191,743299.74,,4569,368369.5,,13430,1023987.49,,1330,87681.75,13,499.19,218,,0.088075880758808,0,0,0,,0,494,4230.2,255,,28,242.81,*,,72.286885245902,26,299,128,35,253,235,,,444,,0,23,382,106,1.2735271638396
1104971589,Alam,Tasbirul,M,MD,I,3728 77th St,,Jackson Heights,NY,36,11372,1,"Metropolitan area core: primary flow within an urbanized area of 50,000 and greater",US,Family Practice,S,15140,15731.933333333,2277151.2299999,67600,10761,,14305,14841.6,2165124.3299999,60457,,10249,,14601,2267344.6899999,,515,9156.83,,24,649.71,,5702,833379.17,,9438,1443772.06,,4257,609626.44,,10883,1667524.79,0,0,0,0,0,0,0,0,0,,37,402.66,29,,0,0,,0,73.804943778459,512,5792,3426,1031,6395,4366,6905,981,827,1400,18,630,2322,8439,1.0046130865871
1114000494,Liang,Ellen,W,MD,I,13633 37th Ave 7th Floor,,Flushing,NY,36,11354,1,"Metropolitan area core: primary flow within an urbanized area of 50,000 and greater",US,Internal Medicine,S,13224,18404.3,1514608.44,537013,670,,12523,17601.633333333,1440678.73,513947,,619,,2334,1096669.37,,10688,412432.79,,202,5506.28,,8574,991985.77,,4650,522622.67,,10451,1312248.37,,2773,202360.07,50,814.65,1009,22,0.37810042347247,0,0,0,0,0,254,4341.54,184,,43,644.49,*,,72.34328358209,51,384,162,73,396,274,66,40,479,65,,,424,246,1.1674466373405
1114006012,Zhao,Xiaoyuan,,M.D.,I,80 Bowery,"#401",New York,NY,36,10013,1,"Metropolitan area core: primary flow within an urbanized area of 50,000 and greater",US,Internal Medicine,S,7695,11615.766666667,719664.26,342103,277,,7500,11345.633333333,700219.82,334176,"#",,,1328,504055.19,,6245,211985.26,,122,3623.81,,6083,559568.69,,1612,160095.57,,7415,701422.92,,280,18241.34,0,0,0,0,0,0,0,0,0,,70,661.89,43,,0,0,*,,72.657039711191,,,,,167,110,0,,274,0,0,,254,23,1.0630823106578
1114010337,Feinstein,Gabriel,E,MD,I,Mmg - Bronx East,2300 Westchester Avenue,Bronx,NY,36,10462,1,"Metropolitan area core: primary flow within an urbanized area of 50,000 and greater",US,Internal Medicine,S,6486,12343.8,498775.8,360510,476,,5811,11188.166666667,383967.01,326773,,419,,1247,385717.08,,4997,99787.72,,242,13271,,4390,315786.54,,2096,182989.26,,2144,205100.04,,4342,293675.76,27,82.48,162,21,0.41628122109158,0,0,0,0,0,,,,*,,,*,,73.493697478992,57,198,162,59,259,217,63,207,,177,,18,131,345,1.2645396493274
1114014800,Huberfeld,Seymour,,MD,I,3003 New Hyde Park Rd,Suite 303,New Hyde Park,NY,36,11042,1,"Metropolitan area core: primary flow within an urbanized area of 50,000 and greater",US,Critical Care (Intensivists),S,4615,8169.2333333333,1001642.25,235751,606,,4391,7819.2333333333,933074.66,225755,,580,"#",,,,2651,74713.25,*,,,,942,207425.26,,3673,794216.99,,563,133857.1,,4052,867785.15,24,616.19,582,,0.52004333694475,0,0,0,,0,177,4824.35,118,*,,,*,,75.420792079208,26,271,223,86,339,267,499,40,25,,,29,53,553,1.6145819977747
1114020237,Parker,Keith,W,MD,I,200 Madison Ave,,Elmira,NY,36,14901,1,"Metropolitan area core: primary flow within an urbanized area of 50,000 and greater",US,Internal Medicine,S,9584,17585.366666667,585820.76,510582,561,,8945,16576.433333333,559663.13,481253,,503,,1186,383388.56,,8313,198696.45,,85,3735.75,,4918,269109.44,,4666,316711.32,,2652,133505.32,,6932,452315.44,259,9069.59,7666,105,2.7024207011686,12,2864.62,328,,4.6332046332046,179,5817.29,94,*,,,*,,75.172905525847,58,214,175,114,319,242,524,18,,,0,13,107,454,1.1846152542882
1114033057,Libby,Daniel,M,M.D.,I,407 E 70th St,,New York,NY,36,10021,1,"Metropolitan area core: primary flow within an urbanized area of 50,000 and greater",US,Pulmonary Disease,S,3610,5105.1,1290260.9,142680,518,"#",,,,,"#",,,1922,1233224.44,,1688,57036.46,,0,0,,94,21908.32,,3516,1268352.58,,66,16894.12,,3544,1273366.78,22,543.48,550,,0.60941828254848,0,0,0,,0,410,20811.86,208,*,,,*,,78.409266409266,,,,,333,185,473,,,,0,20,,,1.5687243435339
1114035193,Mejia,Manuel,E,MD,I,1650 Grand Concourse,,Bronx,NY,36,10457,1,"Metropolitan area core: primary flow within an urbanized area of 50,000 and greater",US,Internal Medicine,S,17261,22797.933333333,1296745.11,672551,759,,14680,19707.733333333,1081966.52,581061,,646,,3206,1057640.78,,13120,205572.94,,935,33531.39,,16549,1252648.29,,712,44096.82,,16636,1259594.81,,625,37150.3,77,471,2179,35,0.44609234690922,0,0,0,0,0,65,1483.07,56,*,,,*,,71.245059288538,113,401,185,60,409,350,,18,,727,0,,679,80,1.2341890642057
1114039799,El Khoury,Naji,S,MD,I,77 Genesee St,,New Hartford,NY,36,13413,1,"Metropolitan area core: primary flow within an urbanized area of 50,000 and greater",US,Internal Medicine,S,8866,15977.7,845165.76,464854,515,,8091,14912.833333333,808778.69,434294,,476,,1546,627859.33,,7215,212260.9,,105,5045.53,,4602,399196.68,,4264,445969.08,,1886,152102.38,,6980,693063.38,272,7160.91,7719,51,3.0678998420934,87,3935.29,2610,,31.985294117647,247,6070.3,153,,12,395.06,*,,76.18640776699,39,178,187,111,289,226,487,,,,0,,74,441,1.1036425046362
1114102381,Varghese,Giti,,,I,36 Ireland Dr,,Poughkeepsie,NY,36,12603,1,"Metropolitan area core: primary flow within an urbanized area of 50,000 and greater",US,Pharmacist,T,89,89,10358.13,147,70,,78,78,9097.54,136,"#",,,89,10358.13,,0,0,,0,0,,63,7295.65,,26,3062.48,,37,4522.29,,52,5835.84,0,0,0,0,0,0,0,0,0,,0,0,0,,0,0,*,,74.814285714286,,,,,42,28,46,,,20,0,,23,47,1.5188523809524
1114157013,Klein,Radoslava,,M.D.,I,2507 South Road,Mount Kisco Medical Group Pc,Poughkeepsie,NY,36,12601,1,"Metropolitan area core: primary flow within an urbanized area of 50,000 and greater",US,Internal Medicine,S,3404,6992.7,163378.5,203701,309,,3363,6938.7,160879.99,202307,"#",,"#",,,,2985,73459.94,*,,,,615,28274.87,,2789,135103.63,,159,7406.23,,3245,155972.27,72,2037.72,1771,21,2.1151586368978,,,,,,110,2315.36,78,*,,,*,,78.2071197411,,,,,251,58,297,0,0,,0,,15,294,1.1908612386523
1114162898,Wong,Jimmy,,M.D.,I,90 S Bedford Rd,,Mount Kisco,NY,36,10549,1,"Metropolitan area core: primary flow within an urbanized area of 50,000 and greater",US,Internal Medicine,S,3224,7333.9,259951.21,213081,343,,3151,7200.3,253566.87,209425,"#",,,608,185485.39,,2598,73926.62,,18,539.2,,881,92272.25,,2343,167678.96,,358,32466.42,,2866,227484.79,,,,,,,,,,,56,858.18,48,*,,,*,,76.661807580175,,,,,148,195,291,,,,0,23,26,317,1.1172143075626
1114168499,Thomas,Julie,A,D.O.,I,3670 S Benzing Rd,,Orchard Park,NY,36,14127,1,"Metropolitan area core: primary flow within an urbanized area of 50,000 and greater",US,Family Practice,S,5428,10690.233333333,452247.04,312250,478,,4802,9683.7333333333,391606.56,282899,,423,,821,341166.57,,4563,108768.82,,44,2311.65,,3944,283240.38,,1484,169006.66,,1069,117327.02,,4359,334920.02,142,2429.41,3618,36,2.6160648489315,0,0,0,0,0,93,948.38,72,*,,,*,,73.562761506276,55,204,140,79,366,112,467,,,,0,,65,413,1.1916137586371
1114244738,Ranaletta,Monica,,D.O.,I,2212 Penfield Rd,Suite 100,Penfield,NY,36,14526,1,"Metropolitan area core: primary flow within an urbanized area of 50,000 and greater",US,Family Practice,S,5657,10271.7,266408.97,297933,556,,4607,8921.8666666667,212790.73,260142,,472,,586,152642.12,,5044,112522.78,,27,1244.07,,4176,178066.49,,1481,88342.48,,1380,82022.92,,4277,184386.05,178,16057.51,4804,43,3.1465441046491,54,12286.58,1531,,30.337078651685,110,1481.61,79,,22,346.66,*,,70.938848920863,84,278,151,43,340,216,496,12,,,,29,93,463,0.96798950839328
1114285426,Wu,Lina,,FNP,I,69 W Utica St,Apt 3,Oswego,NY,36,13126,4,"Micropolitan area core: primary flow within an urban cluster of 10,000 to 49,999",US,Nurse Practitioner,S,12642,14564.8,1488765.83,417166,586,,11988,13881.033333333,1388896.12,398708,,550,,3298,1203319.28,,9177,280430.15,,167,5016.4,,10063,1158463.46,,2579,330302.37,,12365,1479593.91,,277,9171.92,36,1002,826,,0.28476506881822,,,,,,260,6442.05,172,,12,1047.48,*,,73.027303754266,36,339,154,57,285,301,,0,576,,0,,558,28,1.2286086760081
1114368610,Kolaj,Brunilda,,MD,I,301 Prospect Ave,Medical Education Department,Syracuse,NY,36,13203,1,"Metropolitan area core: primary flow within an urbanized area of 50,000 and greater",US,Family Practice,S,3446,4979.6,256198.15,142699,309,,2380,3672.0666666667,158325.65,106264,,213,,655,200254.29,,2746,54348.38,,45,1595.48,,1662,130763.92,,1784,125434.23,,1897,160586.73,,1549,95611.42,24,634.6,658,15,0.69645966337783,,,,,,77,921.08,63,,14,110.55,*,,67.576051779935,96,123,64,26,242,67,271,22,,,0,,132,177,1.221220394681
1114909066,Manning,Karen,W,FNP,I,230 S Cascade Dr,,Springville,NY,36,14141,7.1,"Secondary flow 30% to <50% to a urbanized area of 50,000 and greater",US,Nurse Practitioner,S,2207,3664.7666666667,110892.84,105095,297,,1755,3099.1,96548.91,89358,,242,,280,75313.03,,1913,34906.5,,14,673.31,,1477,64469.12,,730,46423.72,,690,39632.03,,1517,71260.81,140,4240.47,3796,34,6.343452650657,17,1207.66,510,,12.142857142857,105,1143.1,68,*,,,*,,71.545454545455,55,120,93,29,227,70,283,,,0,,,74,223,1.2188235129068
1114912367,Kalmuk,Eugene,J,MD,I,2625 Harlem Rd,Suite 180,Cheektowaga,NY,36,14225,1,"Metropolitan area core: primary flow within an urbanized area of 50,000 and greater",US,Internal Medicine,S,7739,15966.566666667,774262.67,462969,577,,7067,14744.633333333,699607.82,427605,,517,,1425,589370.47,,6248,180037.49,,66,4854.71,,5782,503311.29,,1957,270951.38,,1557,182410.28,,6182,591852.39,28,520.22,566,15,0.3618038506267,,,,,,233,7249.43,158,*,,,*,,74.698440207972,60,201,220,96,328,249,540,13,,,0,16,81,496,1.2822983749241
1114914090,Christiano,Peter,J,M.D.,I,4939 Brittonfield Pkwy,,East Syracuse,NY,36,13057,1,"Metropolitan area core: primary flow within an urbanized area of 50,000 and greater",US,Family Practice,S,11235,20175.733333333,862237.22,590064,873,,9319,17734.866666667,745737.62,520665,,761,,1511,610419.43,,9622,242677.22,,102,9140.57,,5822,333389.42,,5413,528847.8,,2662,225546.5,,8573,636690.72,263,12308.62,7195,85,2.340898976413,28,9078.14,825,,10.6463878327,248,5327.83,176,,34,555.97,*,,72.817869415808,112,398,246,117,474,399,808,28,,,,26,118,755,1.0299121231237
1114923315,Mitgang,Charles,A,M.D.,I,371 Merrick Rd,Ste 302,Rockville Centre,NY,36,11570,1,"Metropolitan area core: primary flow within an urbanized area of 50,000 and greater",US,Internal Medicine,S,11555,26225.5,1245663.12,764144,1315,,10868,24974.266666667,1100182.27,728283,,1240,,1890,819895.37,,9592,421397.33,,73,4370.42,,2317,192580.77,,9238,1053082.35,,1717,238057.85,,9838,1007605.27,245,21551.06,6367,96,2.1202942449156,30,15015.86,860,,12.244897959184,472,8357.18,337,,55,2814.22,,24,76.651711026616,75,503,445,292,838,477,1120,85,,56,,46,154,1161,1.2119074376321
1114925716,Daggett,Brian,G,MD,I,90 Broad St,,Kinderhook,NY,36,12106,2,"Metropolitan area high commuting: primary flow 30% or more to a urbanized area of 50,000 and greater",US,Internal Medicine,S,13187,23773.766666667,963089.45,692792,837,,11626,21858.333333333,837410.58,640112,,736,,2157,743326.93,,10918,214386.04,,112,5376.48,,5864,391422.21,,7323,571667.24,,3483,229418.77,,9704,733670.68,516,20598.12,13615,105,3.9129445666186,57,3820.92,1665,,11.046511627907,224,5572.83,143,,53,1609.86,,11,74.378733572282,101,314,272,150,430,407,783,19,,11,,21,147,690,1.2359321667142
1114934585,Novich,Robert,K,MD,I,2001 Palmer Ave,Suite 107,Larchmont,NY,36,10538,1,"Metropolitan area core: primary flow within an urbanized area of 50,000 and greater",US,Nephrology,S,5240,10130.766666667,405839.94,292821,303,,4902,9679.5,389732.87,279503,,290,,909,288824.07,,4291,115946.29,,40,1069.58,,873,39858.69,,4367,365981.25,,594,30926.44,,4646,374913.5,62,1422.68,1640,19,1.1832061068702,0,0,0,0,0,266,3508.73,124,*,,,*,,76.392739273927,13,120,109,61,157,146,255,21,,,0,16,16,287,0.9974779204918
1114941267,Harbison,Andrew,J,D.O.,I,30 N Union Rd,,Williamsville,NY,36,14221,1,"Metropolitan area core: primary flow within an urbanized area of 50,000 and greater",US,Family Practice,S,6609,13026.966666667,585983.89,376513,495,,6061,12187.5,493130.05,352085,,447,,1084,462845.15,,5447,119949.97,,78,3188.77,,4792,434635.93,,1817,151347.96,,1213,156268.97,,5396,429714.92,263,28913.07,8211,49,3.9794220003026,52,21971.04,1725,,19.771863117871,91,25797.23,60,,31,212.2,*,,73.09898989899,48,245,149,53,261,234,451,23,,,0,14,55,440,1.1758524420416
1114955069,Donahue,Kathleen,M,MD,I,200 Red Creek Drive,Suite 100,Rochester,NY,36,14623,1,"Metropolitan area core: primary flow within an urbanized area of 50,000 and greater",US,Family Practice,S,4477,7560.2333333333,278656.81,218020,353,,3524,6305.1666666667,204701.94,182335,,307,,665,183733.1,,3778,93044.73,,34,1878.98,,3122,186960.13,,1355,91696.68,,1426,117664.23,,3051,160992.58,163,9438.04,4127,37,3.6408309135582,11,5875.39,330,,6.7484662576687,125,1220.33,76,,15,582.96,*,,71.028328611898,46,188,89,30,232,121,299,22,,,0,16,62,291,1.0319552181555
1114968385,Chang,Jonathan,M,M.D.,I,5303 8th Ave,,Brooklyn,NY,36,11220,1,"Metropolitan area core: primary flow within an urbanized area of 50,000 and greater",US,Family Practice,S,42161,47801.833333333,6544467.39,1389201,727,,39753,45074.833333333,6162624.38,1311139,,678,,15028,5799494.19,,26072,713717.2,,1061,31256,,32562,5142619.77,,9599,1401847.62,,39880,6312378.25,,2281,232089.14,73,865.04,1750,36,0.17314579824957,,,,,,854,42611.82,391,,109,731.04,,22,73.88583218707,49,359,232,87,380,347,17,,663,29,,16,633,94,1.2992273272472
1124008347,Lentz,Todd,R,M.D.,I,739 Irving Ave,Suite 200,Syracuse,NY,36,13210,1,"Metropolitan area core: primary flow within an urbanized area of 50,000 and greater",US,Internal Medicine,S,9109,18130.566666667,902699.24,534077,626,,8191,16854.033333333,775911.46,496936,,588,,1385,680009.18,,7628,214830.47,,96,7859.59,,4021,379053.46,,5088,523645.78,,1227,186508.49,,7882,716190.75,300,34599.93,8735,49,3.2934460423757,60,21941.9,1784,,20,102,1631.19,63,,57,3321.46,*,,74.228434504792,38,314,187,87,236,390,528,46,,12,,32,47,579,1.1028999122311
1124017249,Kandiah,Vigneswaran,,MD,I,101 College St,,Clinton,NY,36,13323,1,"Metropolitan area core: primary flow within an urbanized area of 50,000 and greater",US,Internal Medicine,S,19191,26867.633333333,1219029.34,737954,823,,16497,23627.566666667,1058417.47,646958,,707,,3530,801777.76,,15483,408735.98,,178,8515.6,,8915,553217.76,,10276,665811.58,,11592,746817.1,,7599,472212.24,246,5891.14,6320,75,1.2818508675942,23,1709.77,662,,9.349593495935,364,18322.81,185,,332,24900.87,,42,75.246658566221,116,267,255,185,451,372,778,11,,,0,18,317,506,1.4367581173582
1124030549,Meaker,Philip,S,M.D.,I,6532 Anthony Dr,Suite A,Victor,NY,36,14564,1,"Metropolitan area core: primary flow within an urbanized area of 50,000 and greater",US,Internal Medicine,S,6272,11943.866666667,352356.25,347840,442,,5842,11245.1,326156.16,328001,,405,,875,229481.34,,5338,119875.12,,59,2999.79,,4895,266576.9,,1377,85779.35,,1035,59572.24,,5237,292784.01,165,3642.97,3029,45,2.6307397959184,13,1005.99,390,,7.8787878787879,97,1774.23,58,*,,,*,,73.703619909502,37,209,144,52,254,188,417,,,,0,,44,398,1.0974575732707
1124048707,Beylinson,Alexander,,D.O.,I,1870 Richmond Rd,,Staten Island,NY,36,10306,1,"Metropolitan area core: primary flow within an urbanized area of 50,000 and greater",US,Internal Medicine,S,11055,16444.6,1072625.82,479084,651,,8519,13145.833333333,706834.3,384334,,519,,2284,860282.19,,8680,207937.74,,91,4405.89,,5434,505662.62,,5621,566963.2,,4811,553813.96,,6244,518811.86,127,6446.43,3552,43,1.1488014473089,,,,,,320,3776.24,182,,65,1674.46,*,,70.122887864823,132,291,166,62,385,266,561,20,15,36,0,19,172,479,1.306523096103
1124048780,Behar,Caren,,MD,I,311 North St,Suite 207,White Plains,NY,36,10605,1,"Metropolitan area core: primary flow within an urbanized area of 50,000 and greater",US,Pediatric Medicine,S,2556,5382.9666666667,191275.52,156432,274,,2505,5283.9666666667,189079.6,153653,"#",,,440,119553.51,,2116,71722.01,,0,0,,427,22327.27,,2129,168948.25,,189,8000.5,,2367,183275.02,26,1003.87,584,12,1.0172143974961,,,,,,81,3279.32,51,*,,,*,,73.226277372263,,,,,262,12,238,11,,,0,16,,,0.84363381995134
1124054671,Wadhwani,Jai,G,M.D.,I,6460 Main St,,Williamsville,NY,36,14221,1,"Metropolitan area core: primary flow within an urbanized area of 50,000 and greater",US,Cardiology,S,12853,14939.266666667,1971851.31,128845,7724,,11660,13531.266666667,1775831.79,116193,,6995,,11628,1923371.94,,1225,48479.37,,0,0,,8172,1219585.07,,4681,752266.23999999,,2755,400415.02,,10098,1571436.29,0,0,0,0,0,0,0,0,0,,,,,,0,0,,0,72.803728638011,729,3869,2481,645,4478,3246,6734,502,,174,,248,1431,6293,1.0997832123496
1124062393,Scherpirro,Jodi,H,D.O.,I,986 Sunrise Highway,,North Babylon,NY,36,11703,1,"Metropolitan area core: primary flow within an urbanized area of 50,000 and greater",US,Family Practice,S,4116,8669.5,349901.4,253540,364,,3716,8097.5,336038.12,237193,,337,,738,244815.95,,3352,103997.87,,26,1087.58,,977,88406.67,,3139,261494.73,,623,44041.65,,3493,305859.75,104,6302.53,2678,22,2.5267249757046,22,2723.43,645,,21.153846153846,159,2212.65,102,*,,,*,,73.865384615385,27,188,100,49,230,134,327,12,,15,,,35,329,1.0976685435301
1124080056,Gullickson,Donald,E,D.O.,I,1783 Colvin Blvd,,Buffalo,NY,36,14223,1,"Metropolitan area core: primary flow within an urbanized area of 50,000 and greater",US,Internal Medicine,S,2562,4062.1333333333,171611.1,113746,551,,2224,3613.5333333333,146172.51,101362,,494,,348,103506.24,,2190,67165.6,,24,939.26,,2004,141118.35,,558,30492.75,,556,36411.55,,2006,135199.55,83,2340.73,1991,64,3.239656518345,,,,,,125,1534.83,92,*,,,*,,73.97277676951,57,248,154,92,318,233,516,,,,0,16,71,480,1.3036611732379
1124082011,Leung,Blanche,,M.D.,I,70 Bowery,Suite 404,New York,NY,36,10013,1,"Metropolitan area core: primary flow within an urbanized area of 50,000 and greater",US,Internal Medicine,S,6469,11090.9,591937.07,328159,296,,6357,10954.9,584362.55,324104,"#",,,1305,406418.29,,5114,183680.37,,50,1838.41,,3289,290192.91,,3180,301744.16,,4805,411452.55,,1664,180484.52,,,,,,,,,,,74,1867.07,57,,60,615.18,*,,77.773648648649,,,,,223,73,26,,244,,,22,158,138,1.0716860335916
1124089552,Tong,Michael,H,MD,I,5100 W Taft Rd,,Liverpool,NY,36,13088,1,"Metropolitan area core: primary flow within an urbanized area of 50,000 and greater",US,Family Practice,S,9435,17905.033333333,697933.24,521174,564,,8336,16440.166666667,640232.08,479529,,483,,1297,504488.54,,8072,189555.83,,66,3888.87,,4940,313124.73,,4495,384808.51,,4017,278959.9,,5418,418973.34,190,5323.81,4804,63,2.0137784843667,,,,,,243,3278.42,128,,15,189.25,*,,71.682624113475,81,256,173,54,301,263,400,14,127,,,14,185,379,1.1085444915666
1124123823,Chung,Bruce,K,M.D.,I,160 E 32nd St,"#102",New York,NY,36,10016,1,"Metropolitan area core: primary flow within an urbanized area of 50,000 and greater",US,Family Practice,S,1412,2701.2,101129.73,79096,138,,1380,2647.2,99048.16,77569,"#",,"#",,,,1190,25421.58,*,,,,897,75508.25,,515,25621.48,,324,36197.91,,1088,64931.82,,,,,,,,,,,20,225.88,16,,13,1921.39,*,,71.63768115942,,,,,66,72,60,18,27,22,0,11,21,117,0.82475301932367
1124125703,Wang,John,K,M.D.,I,426 W 58th St,,New York,NY,36,10019,1,"Metropolitan area core: primary flow within an urbanized area of 50,000 and greater",US,Internal Medicine,S,12328,21467.233333333,1274237.06,625947,748,,11403,20039.966666667,1194562.72,584676,,692,,2614,985404.29,,9569,283633.14,,145,5199.63,,3335,319342.32,,8993,954894.74,,6534,630683.39,,5794,643553.67,262,9352.89,7232,57,2.125243348475,28,3612.57,855,,10.687022900763,429,6182.25,227,,106,2024.77,,17,74.648395721925,56,334,240,118,479,269,317,114,161,113,,,226,522,1.2135783704669
1124190228,Stern,Leonard,,M.D.,I,51 W 51st St,Suite 365,New York,NY,36,10019,1,"Metropolitan area core: primary flow within an urbanized area of 50,000 and greater",US,Internal Medicine,T,3340,6507.6,564966.53,189917,197,,3038,6060.4333333333,524568.38,177019,"#",,,970,457227.76,,2349,106651.16,,21,1087.61,,293,60398.89,,3047,504567.64,,573,108733.29,,2767,456233.24,18,859.3,440,,0.53892215568862,0,0,0,,0,92,3235.44,44,*,,,*,,78.126903553299,,,,,102,95,170,,,,0,,12,185,1.3406174328129
1124198304,Katzenelenbogen,Moshe,,MD,I,3901 Nostrand Ave,Suite Ll1,Brooklyn,NY,36,11235,1,"Metropolitan area core: primary flow within an urbanized area of 50,000 and greater",US,Internal Medicine,S,6888,15282.466666667,513675.33,446691,559,,6747,14984.966666667,503956.08,438197,,540,,1282,354216.21,,5559,157436.83,,47,2022.29,,1747,150114.69,,5141,363560.64,,1060,79067.01,,5828,434608.32,41,699.24,1066,,0.5952380952381,0,0,0,,0,215,7197.73,150,,18,483.07,*,,76.871198568873,19,229,184,127,342,217,516,15,,,0,11,45,514,1.125987676223
1124248463,Hitzeman,Lawrence,G,M.D.,I,275 7th Ave,3rd Floor,New York,NY,36,10001,1,"Metropolitan area core: primary flow within an urbanized area of 50,000 and greater",US,Internal Medicine,S,6709,10177.166666667,3812709.43,298306,326,,3836,6593.6,1751689.43,193636,,244,,2291,3541758.94,,4393,270137.59,,25,812.9,,3090,1887433.16,,3619,1925276.27,,3680,2375272.02,,3029,1437437.41,191,21880.62,4661,34,2.8469220450142,27,16791.12,810,,14.13612565445,139,24705.12,63,,24,7651.97,*,,68.828220858896,82,154,65,25,112,214,181,71,,50,,18,122,204,1.0991083844581
1124311360,Sullivan,Mallory,,DO,I,117 W Main St,Suite 1,Waterville,NY,36,13480,2,"Metropolitan area high commuting: primary flow 30% or more to a urbanized area of 50,000 and greater",US,Family Practice,S,4262,8199.4666666667,253309.52,238758,313,,3407,6896.6666666667,208828.31,200800,,274,"#",,,,3562,83102.49,*,,,,2360,154358.88,,1902,98950.64,,1335,103185.24,,2927,150124.28,117,3617.06,2903,45,2.745190051619,13,1048.34,386,,11.111111111111,114,1050.55,66,*,,,*,,73.578274760383,39,125,109,40,233,80,302,,,0,0,,53,260,1.0252163831328
1124337365,Lemankiewicz,Colleen,M,PA-C,I,300 Linwood Ave,,Buffalo,NY,36,14209,1,"Metropolitan area core: primary flow within an urbanized area of 50,000 and greater",US,Physician Assistant,S,2002,3118.2,186776.76,88609,145,,1434,2263.9,129153.08,64609,,101,,386,148319.87,,1554,33153.26,,62,5303.63,,1512,140640.14,,490,46136.62,,1284,141397.93,,718,45378.83,,,,,,,,,,,28,381.71,23,,0,0,,0,65.972413793103,44,70,,,108,37,77,54,,11,0,,73,72,1.2268708222084
1134104979,Anderson,Lori,L,MD,I,308 W Seneca St,,Manlius,NY,36,13104,1,"Metropolitan area core: primary flow within an urbanized area of 50,000 and greater",US,Family Practice,S,3227,5555.7333333333,254475,158761,171,,2476,4449.2,207476.34,127517,,145,,560,164787.58,,2643,89038,,24,649.42,,1524,96673.9,,1703,157801.1,,920,76866.03,,2307,177608.97,108,19415.25,2576,21,3.3467616981717,19,15815.69,543,,17.592592592593,154,4961.43,72,,14,382.98,*,,70.298245614035,26,95,38,12,123,48,162,,,0,0,,23,148,0.9708971647211
1134118821,Bell,Michael,R,MD,I,3767 Main Street,,Warrensburg,NY,36,12885,2,"Metropolitan area high commuting: primary flow 30% or more to a urbanized area of 50,000 and greater",US,Family Practice,S,8197,14934.033333333,642597.84,434433,621,,6137,11825.333333333,499740.01,345044,,478,,1354,472766.73,,6749,158083.05,,94,11748.06,,4384,340389.79,,3813,302208.05,,3644,319181.2,,4553,323416.64,379,14968.78,10219,67,4.6236427961449,51,3828.68,1468,,13.456464379947,132,3030.02,98,,35,964.19,*,,69.51690821256,143,283,140,55,273,348,599,,0,,0,,198,423,1.2172181101099
1134127699,Wahba,Eman,,MD,I,501 Beahan Rd,,Rochester,NY,36,14624,1,"Metropolitan area core: primary flow within an urbanized area of 50,000 and greater",US,Internal Medicine,S,6618,13658.033333333,375407.71,397699,382,,6021,12570.3,333818.88,366852,,347,,632,237682.39,,5918,134675.78,,68,3049.54,,5527,318038.08,,1091,57369.63,,1381,87699.69,,5237,287708.02,145,3800.7,3760,27,2.190994258084,0,0,0,0,0,171,1724.56,114,,13,1947.4,*,,73.452879581152,35,191,108,48,252,130,294,62,,,0,15,47,335,1.0263644119563
1134175359,Wolfson,Robert,A,MD,I,90 S Bedford Rd,"Caremount Medical, Pc",Mount Kisco,NY,36,10549,1,"Metropolitan area core: primary flow within an urbanized area of 50,000 and greater",US,Internal Medicine,S,9521,17178.133333333,563098.55,495183,817,,9156,16743.133333333,551246.43,482808,,798,,1454,347547.87,,8041,214079.98,,26,1470.7,,1627,79716.66,,7894,483381.89,,1045,45130.76,,8476,517967.79,155,8474.85,3086,44,1.627980254175,18,5294.02,690,,11.612903225806,295,3987.43,165,,23,423.54,*,,76.198286413709,19,374,267,157,397,420,740,,,20,0,41,51,766,1.0846708708949
1134180052,Barbarotto,Paul,,DO,I,2 Empire Dr,,Rensselaer,NY,36,12144,1,"Metropolitan area core: primary flow within an urbanized area of 50,000 and greater",US,Family Practice,S,4718,10034.733333333,383178.73,294549,505,,4374,9516,358671.76,279557,,464,,745,262164.11,,3952,120143.24,,21,871.38,,2670,207052.23,,2048,176126.5,,612,64160.38,,4106,319018.35,42,490.51,1004,16,0.89020771513353,,,,,,86,1229.92,55,*,,,*,,73.308910891089,41,252,149,63,217,288,471,,,,0,19,62,443,1.1259583408341
1134187537,Degrave,Thomas,E,D.O.,I,3670 S Benzing Rd,,Orchard Park,NY,36,14127,1,"Metropolitan area core: primary flow within an urbanized area of 50,000 and greater",US,Family Practice,S,9501,19348.3,878750.68,569527,646,,8763,18062.2,788325.1,532141,,601,,1632,695108.33,,7781,180318.18,,88,3324.17,,7270,599228.27,,2231,279522.41,,1341,209206.36,,8160,669544.32,325,35042.45,7426,53,3.420692558678,47,29695.91,1390,,14.461538461538,66,927.36,57,*,,,*,,74.249226006192,45,291,220,90,274,372,610,,0,,,27,55,591,1.1176161045771
1134191026,Newberger,David,S,MD,I,850 Hopkins Rd,,Williamsville,NY,36,14221,1,"Metropolitan area core: primary flow within an urbanized area of 50,000 and greater",US,Family Practice,S,6471,10775.733333333,563354.91,312625,675,,4441,8075.1,370000.67,235121,,472,,1066,420600.18,,5353,140537.87,,52,2216.86,,3784,352368.4,,2687,210986.51,,3425,353335.18,,3046,210019.73,433,23554.91,12049,88,6.6913923659403,86,12031.94,2503,16,19.86143187067,113,1080.38,77,,19,271.35,*,,68.228148148148,203,275,138,59,413,262,599,30,18,,,20,258,417,1.2749605958923
1134195738,Lin,Tun,,M.D.,I,9024 Corona Ave,,Elmhurst,NY,36,11373,1,"Metropolitan area core: primary flow within an urbanized area of 50,000 and greater",US,Internal Medicine,S,15002,19333.6,1976692.43,564807,416,,12412,16229.9,1633381.6,476095,,349,,4081,1716018.19,,10582,244074.44,,339,16599.8,,9826,1306719.39,,5176,669973.04,,13667,1806213.55,,1335,170478.88,207,7839.3,5923,33,1.3798160245301,0,0,0,0,0,200,16634.29,129,,16,2241.24,*,,70.310096153846,67,231,82,36,250,166,25,49,147,178,0,17,303,113,1.1556172097149
1134196041,Darrow,Nicole,,D.O.,I,754 Deer Park Ave,,North Babylon,NY,36,11703,1,"Metropolitan area core: primary flow within an urbanized area of 50,000 and greater",US,Family Practice,S,7581,12264.533333333,754326.31,306721,1753,,6715,11049.266666667,690620.08,274175,,1635,,2923,634613.19,,4610,117271.13,,48,2441.99,,1694,153902.37,,5887,600423.94,,1427,159595.03,,6154,594731.28,,,,,,,,,,,339,5340.74,203,,0,0,,0,73.471192241871,118,890,592,153,1105,648,1583,27,17,68,0,58,189,1564,0.9986438178249
1134200058,Kastner,Ron,E,M.D.,I,789 Old Country Rd,,Plainview,NY,36,11803,1,"Metropolitan area core: primary flow within an urbanized area of 50,000 and greater",US,Internal Medicine,S,6179,14612.766666667,387073.83,428509,536,,5885,14139.566666667,369419.75,414999,,505,"#",,,,5212,137854.88,*,,,,1824,97434.17,,4355,289639.66,,710,57364.01,,5469,329709.82,78,736.57,1574,32,1.2623401844959,0,0,0,0,0,170,2680.54,122,*,,,*,,76.352611940299,31,222,145,138,277,259,492,,,,0,19,34,502,1.1221104850776
1134226665,Zabezhanskaya,Marina,,M.D.,I,2511 Ocean Ave,Suite 101,Brooklyn,NY,36,11229,1,"Metropolitan area core: primary flow within an urbanized area of 50,000 and greater",US,Dermatology,S,3091,3143.6333333333,546045.22,83838,744,,2905,2951.8333333333,458284.53,78502,,706,,498,425175.1,,2593,120870.12,,0,0,,284,84378.15,,2807,461667.07,,2815,522517.05,,276,23528.17,,,,,,,,,,,31,251.1,29,,0,0,,0,77.567204301075,38,246,290,170,450,294,639,,,,,84,638,106,2.0637419568453
1134235302,Noonan,Martin,T,MD,I,1101 Erie Blvd E,Suite 201,Syracuse,NY,36,13210,1,"Metropolitan area core: primary flow within an urbanized area of 50,000 and greater",US,Internal Medicine,S,12883,23511.3,952888.9,610811,696,,12482,22619.566666667,921603.07,585100,,668,,1930,615245.02,,10868,333057.88,,85,4586,,5197,410473.84,,7686,542415.06,,5975,371373.81,,6908,581515.09,224,6155.06,5191,68,1.7387254521462,20,788.8,600,,8.9285714285714,269,20873.21,147,,54,714.81,,14,78.306034482759,28,244,221,203,425,271,579,86,,,0,16,161,535,1.3408025516778
1134278823,Foote,Colleen,S,P.A.,I,35 Lyon St.,,Naples,NY,36,14512,10.1,"Secondary flow 30% to <50% to a urbanized area of 50,000 and greater",US,Physician Assistant,S,2125,3212.3333333333,120184.24,88170,337,,1595,2534.7,75835.76,69921,,277,"#",,,,1762,32857.46,*,,,,1410,77367.93,,715,42816.31,,844,68345.88,,1281,51838.36,108,3750.59,2106,36,5.0823529411765,16,1611.5,460,,14.814814814815,138,1831.25,108,,0,0,,0,70.724035608309,60,150,106,21,227,110,317,,,,0,14,75,262,1.070145743057
1740249937,Meloni,Stephen,J,M.D.,I,2400 Clinton Ave S Bldg F,,Rochester,NY,36,14618,1,"Metropolitan area core: primary flow within an urbanized area of 50,000 and greater",US,Internal Medicine,S,9929,19338.033333333,481853.3,566724,743,,9405,18623.9,459416.4,546094,,703,,1180,290906.61,,8670,188041.74,,79,2904.95,,8519,409281.64,,1410,72571.66,,1054,57781.12,,8875,424072.18,153,4513.63,3364,45,1.5409406788196,,,,,,189,2030.51,114,,24,562.67,*,,75.298788694482,40,334,259,110,380,363,660,36,,,,29,52,691,1.0316605439891
1740253954,George,Sandy,S,MD,I,1 Theall Rd,,Rye,NY,36,10580,1,"Metropolitan area core: primary flow within an urbanized area of 50,000 and greater",US,Internal Medicine,S,7369,13190.433333333,318150.7,387260,522,,7076,12795.533333333,290447.38,376203,,501,,930,190695.36,,6426,126334.77,,13,1120.57,,2076,83795.26,,5293,234355.44,,1070,64628.9,,6299,253521.8,20,169.07,155,,0.27140724657348,0,0,0,,0,123,1191.49,83,,16,169.88,*,,74.180076628352,21,266,174,61,401,121,403,50,15,34,0,20,47,475,0.8712472991034
1740256239,Zucker,Albert,H,MD,I,505 Route 208,Suite 27,Monroe,NY,36,10950,1,"Metropolitan area core: primary flow within an urbanized area of 50,000 and greater",US,Internal Medicine,S,9659,16873.533333333,808753.58,432961,591,,8598,15430.733333333,669462.1,407202,,563,,2247,516443.7,,7353,287955.85,,59,4354.03,,907,51690.3,,8752,757063.28,,4807,503273.64,,4852,305479.94,54,842.93,572,23,0.55906408530904,,,,,,709,65354.3,212,*,,,*,,74.348561759729,28,301,173,89,322,269,527,17,,27,,18,116,475,1.4162568812177
1740256908,Naarendorp,Michael,,M.D.,I,51 Saint Nicholas Ave,Apt Ph-3f,New York,NY,36,10026,1,"Metropolitan area core: primary flow within an urbanized area of 50,000 and greater",US,Rheumatology,S,3486,3794.8333333333,3295256.9,110110,353,,2350,2584.3666666667,2188382.37,74996,,253,"#",,,,2381,83729.12,*,,,,2797,2594260.71,,689,700996.19,,3175,3086299.67,,311,208957.23,25,393.01,677,13,0.71715433161216,0,0,0,0,0,12,91.16,,,0,0,,0,68.892351274788,100,154,76,23,301,52,11,100,,234,0,,294,59,1.6579986530391
1740269000,Karetnick,Gerald,D,D.O.,I,36 College Ave,,Nanuet,NY,36,10954,1,"Metropolitan area core: primary flow within an urbanized area of 50,000 and greater",US,Family Practice,S,10318,15516.833333333,660710.13,438254,799,,6300,11158.366666667,496314.75,320969,,600,,1576,470189.36,,8675,187492.85,,67,3027.92,,2635,212282.92,,7683,448427.21,,6225,323454.62,,4093,337255.51,270,9573,6054,42,2.6167861988758,19,712.49,517,,7.037037037037,309,4883.43,164,,33,860.59,*,,70.831038798498,199,250,215,135,453,346,619,71,23,66,0,20,305,494,1.12046585139
1740274604,Mitkoff,Nathan,B,M.D.,I,1 Pinnacle Pl,,Albany,NY,36,12203,1,"Metropolitan area core: primary flow within an urbanized area of 50,000 and greater",US,Internal Medicine,S,8567,14222.433333333,652155.4,416545,695,,5542,10284.7,404428.57,302076,,498,,1214,440600.88,,7301,208293.96,,52,3260.56,,3814,263932.99,,4753,388222.41,,4042,334925.17,,4525,317230.23,657,51738.7,18858,98,7.6689622971869,169,32510.41,4987,23,25.72298325723,134,4597.09,71,,35,510.05,*,,69.002877697842,197,266,177,55,360,335,529,111,,21,,26,235,460,1.6326836545447
1740280171,Chen,Yanfeng,,M.D.,I,5517 7th Ave,1f,Brooklyn,NY,36,11220,1,"Metropolitan area core: primary flow within an urbanized area of 50,000 and greater",US,Internal Medicine,S,25683,28178.066666667,2087093.72,803068,1219,,24790,27196,2013850.64,775406,,1163,,5412,1585485.84,,19990,494716.85,,281,6891.03,,18117,1535843.24,,7566,551250.48,,25006,2060259.25,,677,26834.47,36,631.6,704,18,0.14017054082467,,,,,,619,3315.96,423,,49,1745.73,*,,72.933552091879,56,736,304,123,658,561,14,,1181,,0,13,1136,83,1.1627380552028
1740286947,Noto,Rocco,,MD,I,2000 Maple Hill St,,Yorktown Heights,NY,36,10598,1,"Metropolitan area core: primary flow within an urbanized area of 50,000 and greater",US,Internal Medicine,S,4006,8190.9,314504.52,232724,362,,3586,7465.9,282309.25,212351,,336,"#",,,,3421,115456.58,*,,,,1247,75469.94,,2759,239034.58,,742,74757.3,,3264,239747.22,161,10010.61,4359,41,4.018971542686,,,,,,343,6408.93,171,*,,,*,,74.632596685083,26,159,118,59,203,159,338,,,11,0,,36,326,1.1167949235145
1740376615,Darlow,Lloyd,A,M.D.,I,209 W State St,,Ithaca,NY,36,14850,1,"Metropolitan area core: primary flow within an urbanized area of 50,000 and greater",US,Family Practice,S,5187,9622.3666666667,384577.37,282075,443,,4460,8586.9,330131.9,252376,,386,,803,244469.02,,4362,139126.71,,22,981.64,,2399,177395,,2788,207182.37,,1071,81615.75,,4116,302961.62,131,9193.72,3058,37,2.5255446308078,23,6922.09,670,,17.557251908397,94,1861.54,61,,17,560.39,*,,70.990970654628,57,248,103,35,202,241,392,,,,0,29,75,368,1.0368125860213
1740440155,Yiu,John,,MD,I,757 60th St,First Floor,Brooklyn,NY,36,11220,1,"Metropolitan area core: primary flow within an urbanized area of 50,000 and greater",US,Family Practice,S,18838,20596.033333333,1747377.03,583200,1247,,18305,20003.3,1684053.55,566648,,1197,,4044,1304361.01,,14656,438606.43,,138,4409.59,,14310,1330774.31,,4528,416602.72,,18386,1716425.45,,452,30951.58,35,395.66,562,24,0.18579467034717,,,,,,485,3220.33,351,,22,3167.03,*,,74.858861267041,50,631,392,174,701,546,,,1219,12,0,,1182,65,1.2341496438769
1740459106,Pekchi,Alan,E,,I,605 Rockaway Tpke,,Lawrence,NY,36,11559,1,"Metropolitan area core: primary flow within an urbanized area of 50,000 and greater",US,Pharmacist,T,11,11,1601.93,11,11,,11,11,1601.93,11,,11,,11,1601.93,,0,0,,0,0,*,,,*,,,,0,0,,11,1601.93,0,0,0,0,0,0,0,0,0,,0,0,0,,0,0,,0,75.636363636364,0,,,,,,,,0,0,0,,0,11,0.60109090909091
1740523216,Scotto,Kimberly,A,,I,200 W 57th St,15th And 16th Floors,New York,NY,36,10019,1,"Metropolitan area core: primary flow within an urbanized area of 50,000 and greater",US,Internal Medicine,S,1310,2725.6666666667,128274.68,80105,223,,1250,2605.1666666667,124016,76645,"#",,"#",,,,1045,24156.71,*,,,,466,66087.17,,844,62187.51,,176,27605.35,,1134,100669.33,,,,,,,,,,,16,143.19,12,,0,0,*,,73.143497757848,,,,,170,53,161,28,,15,,12,21,202,0.87010949177877
1740556661,Suter,Zachary,D,M.D.,I,2400 Clinton Ave S Bldg H,,Rochester,NY,36,14618,1,"Metropolitan area core: primary flow within an urbanized area of 50,000 and greater",US,Internal Medicine,S,6739,13380.566666667,477036.26,389354,550,,6365,12913.666666667,453900.24,376339,,526,,975,325677.16,,5719,149484.42,,45,1874.68,,5433,332147.28,,1306,144888.98,,711,117113.73,,6028,359922.53,201,5545.7,4534,37,2.9826383736459,35,3034.4,896,,17.412935323383,119,1825.1,85,,18,1456.27,*,,73.707272727273,24,286,187,53,365,185,501,17,,,0,24,30,520,0.91538204969164
1740627942,Campana,Paul,,,I,2914 Elmwood Ave,,Kenmore,NY,36,14217,1,"Metropolitan area core: primary flow within an urbanized area of 50,000 and greater",US,Family Practice,S,5309,8028.7,400680.24,228516,369,,4677,7129.8666666667,355858.09,202889,,323,,823,287039.51,,4406,109412.37,,80,4228.36,,3777,263858.95,,1532,136821.29,,1433,112295.89,,3876,288384.35,339,20314.76,8339,69,6.3853833113581,43,11747.04,1099,,12.684365781711,198,2921.26,106,,58,797.46,*,,74.490514905149,46,138,117,68,227,142,329,17,,,0,16,62,307,1.3502903804536
1740629112,Zhou,Zhigang,,MD,I,4422 3rd Ave,Dept Of Internal Med Mills 3rd Fl,Bronx,NY,36,10457,1,"Metropolitan area core: primary flow within an urbanized area of 50,000 and greater",US,Internal Medicine,S,6164,6931.7,627302.6,200040,391,,5668,6375.2333333333,553408.08,183931,,364,,1428,518137.01,,4632,105008.04,,104,4157.55,,5273,566228.94,,891,61073.66,,5736,613972.88,,428,13329.72,0,0,0,0,0,0,0,0,0,,86,414.25,70,*,,,*,,73.225063938619,27,215,104,45,197,194,,,381,,0,,344,47,1.3609421374522
1740680875,Snow,Wesley,,PHARMD,I,Usa Meddac,11050 Mt. Belvedere Blvd,Fort Drum,NY,36,13602,1,"Metropolitan area core: primary flow within an urbanized area of 50,000 and greater",US,Pharmacist,T,20,20,3003.6,252,15,"#",,,,,"#",,,20,3003.6,,0,0,,0,0,*,,,*,,,*,,,"#",,,0,0,0,0,0,0,0,0,0,,0,0,0,*,,,*,,70.066666666667,,,,,,,15,0,0,0,0,0,,,1.6251166666667
1750302576,Smirnov,Vladimir,K,M.D,I,135 Sea Breeze Ave,Suite 101,Brooklyn,NY,36,11224,1,"Metropolitan area core: primary flow within an urbanized area of 50,000 and greater",US,Internal Medicine,S,20029,21631.566666667,2160343.59,631814,337,,19825,21371,2140198.57,624229,"#",,,6032,1829606.75,,13681,321145.4,,316,9591.44,,1184,100239,,18845,2060104.59,,18636,2033756.98,,1393,126586.61,314,8644.88,6649,68,1.5677267961456,,,,,,157,10785.9,111,,39,543.33,*,,81.142433234421,,,,,219,118,307,,,0,0,26,269,68,2.3641637812671
1750323291,Tussing,Gordon,P,D.O.,I,4643 Main St,,Amherst,NY,36,14226,1,"Metropolitan area core: primary flow within an urbanized area of 50,000 and greater",US,Internal Medicine,S,11615,22777.033333333,673554.63,656404,720,,11187,22024.7,644632.38,634975,,692,,1646,463307.41,,9882,206815.36,,87,3431.86,,8369,388639.95,,3246,284914.68,,615,25336.11,,11000,648218.52,100,1082.47,2495,27,0.86095566078347,,,,,,461,3942.75,260,,20,338.93,*,,74.938888888889,28,347,243,102,450,270,672,27,,,,16,28,692,1.079757359834
1750325320,Love,Robert,F,M.D.,I,3 Irongate Center,,Glens Falls,NY,36,12801,1,"Metropolitan area core: primary flow within an urbanized area of 50,000 and greater",US,Family Practice,S,9458,16790.2,854787,487072,609,,7917,14778.366666667,663736.64,430113,,517,,1861,663899.54,,7525,186951.35,,72,3936.11,,5156,459408.47,,4302,395378.53,,3099,327797.23,,6359,526989.77,308,8274.47,7809,54,3.2565024318038,26,3019.42,757,,8.4415584415584,131,18794.83,88,,18,458.44,*,,71.922824302135,92,274,173,70,348,261,575,,,,0,25,128,481,1.1501149444924
1750332623,Corbalan,Francisco,J,MD,I,200 Madison Ave,3rd Floor,Elmira,NY,36,14901,1,"Metropolitan area core: primary flow within an urbanized area of 50,000 and greater",US,Internal Medicine,S,14880,19758,825193.16,509726,500,,13685,18220.9,756903.07,472087,,459,,1618,520365.19,,13200,301789.92,,62,3038.05,,3967,296568.11,,10913,528625.05,,11199,531607.52,,3681,293585.64,845,25100.55,18242,141,5.6787634408602,194,12806.98,3903,35,22.958579881657,355,5422.39,152,,160,3188.61,,24,80.096,41,118,144,197,331,169,464,22,,,0,,284,216,1.6929018660085
1750339404,Chagla,Dilshad,F,M.D.,I,585 Schenectady Ave,,Brooklyn,NY,36,11203,1,"Metropolitan area core: primary flow within an urbanized area of 50,000 and greater",US,Geriatric Medicine,S,13956,16266.766666667,985952.3,477425,559,,13956,16266.766666667,985952.3,477425,,559,,2854,824251.45,,10552,134741.08,,550,26959.77,,11955,834393.33,,2001,151558.97,,13069,946916.05,,887,39036.25,23,63.15,581,,0.16480366867297,0,0,0,,0,52,1545.89,39,,35,628.07,*,,81.973166368515,0,51,332,176,395,164,16,55,,475,0,,470,89,1.9003864111297
1750362984,Evanov,Frank,,MD,I,1300 Union Tpke,Suite 202,New Hyde Park,NY,36,11040,1,"Metropolitan area core: primary flow within an urbanized area of 50,000 and greater",US,Internal Medicine,S,7183,16755.366666667,518419.59,489362,607,,6832,16045.866666667,480203.34,468697,,591,"#",,,,6200,187278.87,*,,,,2129,139809.24,,5054,378610.35,,683,58371.35,,6500,460048.24,63,1697,1621,25,0.87707086175693,,,,,,254,16580.48,168,*,,,*,,78.347611202636,16,215,208,168,395,212,501,38,,24,,23,28,579,1.2823553252257
1750363446,Filion,Paul,R,M.D.,I,3 Irongate Center,,Glens Falls,NY,36,12801,1,"Metropolitan area core: primary flow within an urbanized area of 50,000 and greater",US,Family Practice,S,7092,13962.566666667,433594.48,409851,593,,6272,12683.066666667,377685.47,373201,,524,,884,243873.39,,6175,187208.97,,33,2512.12,,4290,215672.87,,2802,217921.61,,1455,82050.68,,5637,351543.8,229,28227.18,7929,61,3.2289904117315,27,20554.47,1110,,11.7903930131,165,4334.99,97,,46,984.3,*,,72.993254637437,69,273,180,71,332,261,573,,,,0,,97,496,1.1538413281495
1750374401,Lee,Josephine,M,M.D.,I,1 Pinnacle Pl,,Albany,NY,36,12203,1,"Metropolitan area core: primary flow within an urbanized area of 50,000 and greater",US,Internal Medicine,S,1350,2685.0333333333,64882.76,78193,332,,1089,2328.2666666667,48483.95,68070,,243,,184,42901.58,,1166,21981.18,,0,0,,614,33049.05,,736,31833.71,,381,29140.32,,969,35742.44,40,1484.02,744,30,2.962962962963,12,1051.49,261,,30,26,2872.28,22,*,,,*,,69.472891566265,89,118,91,34,205,127,235,67,,,,11,117,215,1.7578598605007
1750384020,Beckman,Karen,E,MD,I,4939 Brittonfield Parkway,,East Syracuse,NY,36,13057,1,"Metropolitan area core: primary flow within an urbanized area of 50,000 and greater",US,Family Practice,S,5302,10798.2,398128.56,314151,658,,4517,9433.9,346391.92,274873,,547,,772,282646.49,,4475,112970.46,,55,2511.61,,2805,189100.56,,2497,209028,,1577,180288.85,,3725,217839.71,72,876.52,1519,37,1.3579781214636,0,0,0,0,0,153,3015.56,124,,18,1149.62,*,,70.872340425532,111,322,161,64,515,143,609,17,,,,21,134,524,1.0862565420589
1750416913,Hart,Catherine,C,M.D.,I,310 E 72nd St,2nd Floor,New York,NY,36,10021,1,"Metropolitan area core: primary flow within an urbanized area of 50,000 and greater",US,Internal Medicine,S,3548,6517.5,262791.65,189721,294,"#",,,,,"#",,,634,194990.93,,2914,67800.72,,0,0,,106,2160.15,,3442,260631.5,*,,,"#",,,28,363.81,505,,0.7891770011274,0,0,0,,0,110,1411.81,62,*,,,*,,74.833333333333,,,,,239,55,257,,,,0,31,,,0.79970861678005
1750451845,Blye,Ellen,,M.D.,I,123 W 86th St,,New York,NY,36,10024,1,"Metropolitan area core: primary flow within an urbanized area of 50,000 and greater",US,Internal Medicine,S,4145,7417.8666666667,240164.72,214829,439,,3962,7103.6,227164.19,205774,,419,"#",,,,3394,92170.39,*,,,,1655,88662.26,,2490,151502.46,,584,32459.86,,3561,207704.86,30,256.6,486,15,0.72376357056695,0,0,0,0,0,66,1029.11,49,,11,147.87,*,,73.492027334852,20,236,146,37,386,53,333,40,14,21,0,31,45,394,0.77000579309252
1750510418,Noack,Annaliese,,DO,I,2741 Transit Rd,,Elma,NY,36,14059,1,"Metropolitan area core: primary flow within an urbanized area of 50,000 and greater",US,Internal Medicine,S,6913,12692.966666667,556772.57,371392,694,,5906,11304.466666667,475150.02,331441,,609,,1064,434210.32,,5795,120398.93,,54,2163.32,,4935,343569.08,,1978,213203.49,,1485,197902.38,,5428,358870.19,307,11683.41,8467,110,4.4409084333864,31,3439.02,924,11,10.097719869707,125,1929.88,102,*,,,*,,72.461095100865,85,339,189,81,530,164,663,,,,0,15,91,603,1.1890146493756
1750510848,Welch,John,C,D.O.,I,105 Ridgehaven Dr,,Vestal,NY,36,13850,1,"Metropolitan area core: primary flow within an urbanized area of 50,000 and greater",US,Family Practice,S,2505,5703.0666666667,265598.79,168100,318,,2189,5155.7666666667,245038.25,152255,,270,,439,202399.95,,2041,62071.29,,25,1127.55,,931,68603.3,,1574,196995.49,,566,83128.12,,1939,182470.67,77,2505.59,2121,29,3.0738522954092,0,0,0,0,0,21,132.61,16,*,,,*,,72.452830188679,48,130,102,38,152,166,298,,,,0,,53,265,1.1045609870579
1750533428,Yan,Henry,J,MD,I,41-40 Union Street,"#2",Flushing,NY,36,11355,1,"Metropolitan area core: primary flow within an urbanized area of 50,000 and greater",US,Internal Medicine,S,6572,8636.2333333333,380217.45,235046,206,,6293,8334.2333333333,368486.08,226848,"#",,,1034,273217.94,,5457,103789.05,,81,3210.46,,4303,228253.63,,2269,151963.82,,5481,310525.5,,1091,69691.95,21,227.79,211,,0.31953743152769,0,0,0,,0,322,3341.91,111,*,,,*,,76.257281553398,,,,,133,73,,,182,,0,,131,75,1.4654288939643
1750671301,Son,Brian,H,D.O.,I,105 Canal Landing Blvd,Suite 1,Rochester,NY,36,14626,1,"Metropolitan area core: primary flow within an urbanized area of 50,000 and greater",US,Internal Medicine,S,4849,6182.9666666667,218328.93,155332,497,,4434,5709.4,196952.06,144581,,470,"#",,,,4180,80863.9,*,,,,3276,143963.18,,1573,74365.75,,2410,106435.26,,2439,111893.67,326,11976.59,7820,89,6.7230356774593,39,3824.6,1065,,11.963190184049,155,2691.86,60,,82,8893.47,,21,79.84708249497,27,116,169,185,306,191,467,11,,,0,,134,363,1.5050070941132
1760415038,Zhu,Dening,,M.D.,I,185 Canal St Ste 305,,New York,NY,36,10013,1,"Metropolitan area core: primary flow within an urbanized area of 50,000 and greater",US,Internal Medicine,S,14220,17040.3,1519645.79,492241,456,,13786,16577.933333333,1459587.98,479232,,438,,3777,1235010.4,,10258,278565.31,,185,6070.08,,10541,1138538.87,,3679,381106.92,,13813,1494582.98,,407,25062.81,13,93.32,88,,0.091420534458509,0,0,0,,0,263,1233.84,159,,56,449.81,*,,72.938596491228,18,290,101,47,259,197,,,443,,0,,417,39,0.94103393862999
1760419188,Tepper,Linda,,MD,I,2 Pro Health Plz,,Lake Success,NY,36,11042,1,"Metropolitan area core: primary flow within an urbanized area of 50,000 and greater",US,Internal Medicine,S,3583,8750.5,282811.78,256938,509,,3479,8520.7,274572.74,250261,,481,"#",,,,3033,105112.28,*,,,,1267,99087.19,,2316,183724.59,,392,38017.05,,3191,244794.73,31,919.59,530,24,0.86519676248953,,,,,,102,1070.96,85,*,,,*,,74.512770137525,28,240,172,69,402,107,348,64,40,30,,,44,465,1.1168255830101
1760421127,Wenacur,Russell,,,I,200 Northern Dr,,Troy,NY,36,12182,1,"Metropolitan area core: primary flow within an urbanized area of 50,000 and greater",US,Family Practice,S,3247,6667.3666666667,275980.89,191827,281,,3040,6414,266269.87,184650,,269,,466,200379.04,,2753,74389.83,,28,1212.02,,2258,161377.87,,989,114603.02,,394,38260.03,,2853,237720.86,52,1123.85,905,26,1.6014782876501,,,,,,119,2018.81,84,*,,,*,,74.526690391459,12,145,83,41,146,135,270,,0,,0,,18,263,1.1726321977781
1760428833,Coughlan,Margaret,,M.D.,I,3712 Route 44,,Millbrook,NY,36,12545,2,"Metropolitan area high commuting: primary flow 30% or more to a urbanized area of 50,000 and greater",US,Family Practice,S,2695,5969.7,197810.99,171419,232,,2561,5696.2,191549.27,163598,,217,,511,141191.12,,2170,56004.42,,14,615.45,,372,16994.65,,2323,180816.34,,280,32364.94,,2415,165446.05,92,3883.57,1952,26,3.4137291280148,14,1995.72,660,,15.217391304348,140,2433.21,86,*,,,*,,75.228448275862,15,101,75,41,138,94,210,,,,0,13,14,218,0.99000179597701
1760443618,Katz,Michael,S,MD,I,2 Empire Dr,Suite 100,Rensselaer,NY,36,12144,1,"Metropolitan area core: primary flow within an urbanized area of 50,000 and greater",US,Family Practice,S,4326,9421.2,545805.38,273476,575,,3800,8594.9333333333,440804.52,250557,,507,,829,429440.53,,3451,114607.42,,46,1757.43,,2434,280323.09,,1892,265482.29,,795,130364.69,,3531,415440.69,43,1000.52,1025,31,0.99398982894129,,,,,,134,27868.66,94,*,,,*,,72.499130434783,68,268,172,67,284,291,539,,,,0,22,88,487,1.1516823333138
1760449615,Carlson,Cynthia,,M.D.,I,7905 Main Rd,,Mattituck,NY,36,11952,1,"Metropolitan area core: primary flow within an urbanized area of 50,000 and greater",US,Family Practice,S,5009,11314.033333333,442504.61,328754,898,,4758,10856.533333333,418950.15,315811,,837,"#",,,,4127,131516.04,*,,,,984,95041.06,,4025,347463.55,,642,70172.14,,4367,372332.47,130,15787.41,2498,48,2.595328408864,21,10870.11,630,,16.153846153846,129,1190.51,107,,12,607.75,*,,74.400890868597,61,429,284,124,632,266,827,23,,19,,27,82,816,1.0074521287525
1760459036,Maendel,Nathan,H,RPAC,I,10 Hellbrook Ln,,Ulster Park,NY,36,12487,2.1,"Secondary flow 30% to <50% to a larger urbanized area of 50,000 and greater",US,Physician Assistant,S,779,1626.5333333333,57841.32,45895,43,,755,1572.5333333333,57372.89,44327,"#",,,96,38575.68,,683,19265.64,,0,0,,80,9573.41,,699,48267.91,,779,57841.32,,0,0,13,82.51,346,,1.6688061617458,0,0,0,,0,33,300.78,19,*,,,*,,72.744186046512,,,,,28,15,40,,0,0,0,,43,0,0.91583914728682
1760461735,Jobes,Gregory,A,M.D.,I,3900 N. Buffalo Road,,Orchard Park,NY,36,14127,1,"Metropolitan area core: primary flow within an urbanized area of 50,000 and greater",US,Internal Medicine,S,6796,14675.433333333,516432.95,431619,826,,6465,14090,452982.57,414487,,779,,1074,362109.17,,5655,150769.06,,67,3554.72,,4831,309546.9,,1965,206886.05,,601,78762.91,,6195,437670.04,37,1006.1,655,29,0.54443790464979,,,,,,135,2371.71,103,*,,,*,,74.306295399516,47,369,330,80,443,383,788,,,,0,25,63,763,1.1339913866421
1760464473,Paolino,Charles,M,D.O.,I,314 W 14th St,,New York,NY,36,10014,1,"Metropolitan area core: primary flow within an urbanized area of 50,000 and greater",US,Internal Medicine,S,1937,3112.4333333333,635291.39,89829,143,,1534,2662.4333333333,327116.99,76742,,131,,495,590328.83,,1416,43900.28,,26,1062.28,,655,333540.24,,1282,301751.15,,239,49938.23,,1698,585353.16,0,0,0,0,0,0,0,0,0,,75,902.51,41,,0,0,,0,71.545454545455,12,91,,,58,85,113,,,12,0,,15,128,0.76261713286713
1760465595,Kubersky,Steven,M,MD,I,495 Central Park Ave,,Scarsdale,NY,36,10583,1,"Metropolitan area core: primary flow within an urbanized area of 50,000 and greater",US,Internal Medicine,S,6415,14289.833333333,423280.65,421570,539,,6310,14040.866666667,407581.29,414204,"#",,,945,271814.38,,5458,150885.02,,12,581.25,,1487,93881.45,,4928,329399.2,,468,42272.1,,5947,381008.55,71,2042.24,2058,25,1.1067809820733,0,0,0,0,0,121,2248.7,89,,0,0,*,,74.65306122449,,,,,269,270,444,25,21,15,0,34,22,517,0.95493630518864
1760484687,Kang,Byung,C,D.O.,I,38-34 Parsons Blvd.,"Suite # 1a",Flushing,NY,36,11354,1,"Metropolitan area core: primary flow within an urbanized area of 50,000 and greater",US,Family Practice,S,23027,36520.433333333,3704961.23,1079007,939,,22476,35687.7,3631949.41,1054661,,910,,6773,3212438.44,,15613,475407.33,,641,17115.46,,13633,2091459.77,,9394,1613501.46,,21643,3592182.2,,1384,112779.03,138,2981.65,3654,38,0.59929647804751,,,,,,115,902.49,89,,153,5337.9,,33,74.980830670927,29,463,319,128,606,333,12,,855,19,,49,799,140,1.1899170006409
1760489454,Garvey,Joseph,,M.D.,I,600 Westage Business Ctr Dr,,Fishkill,NY,36,12524,1,"Metropolitan area core: primary flow within an urbanized area of 50,000 and greater",US,Internal Medicine,S,4127,9735.9,267444.36,287944,397,,3873,9398.6666666667,236230.28,277974,,374,,604,184504.35,,3498,81600.76,,25,1339.25,,1032,52361.88,,3095,215082.48,,340,31779.03,,3787,235665.33,12,91.3,225,,0.29076811243034,0,0,0,,0,55,752.31,41,*,,,*,,76.267002518892,23,146,151,77,190,207,352,,,20,0,,29,368,1.1958137954467
1760492680,Barats,Lev,L,MD,I,14 Vista Blvd,,Slingerlands,NY,36,12159,1,"Metropolitan area core: primary flow within an urbanized area of 50,000 and greater",US,Internal Medicine,S,12126,23618.7,1210822.25,691571,1018,,11193,22159.033333333,1121156.3,649432,,922,,2140,905318.33,,9884,300813.4,,102,4690.52,,6408,561581.55,,5718,649240.7,,2173,270587.53,,9953,940234.72,487,16869.39,13472,109,4.0161636153719,56,2671.2,1691,,11.498973305955,215,3967.38,131,,40,1913.16,,11,73.12278978389,96,514,272,136,517,501,854,71,18,17,0,58,158,860,1.1410256200823
1760496335,Sherman,Iris,,MD,I,73 Market St,,Yonkers,NY,36,10710,1,"Metropolitan area core: primary flow within an urbanized area of 50,000 and greater",US,Internal Medicine,S,1553,2746.3333333333,66155.73,79783,189,,1481,2660.6666666667,59339.63,77323,,177,"#",,,,1345,25776.37,*,,,,601,23868.67,,952,42287.06,,226,9663.6,,1327,56492.13,,,,,,,,,,,47,386.5,45,*,,,*,,72.989417989418,12,102,59,16,135,54,137,18,,17,,12,17,172,0.88477679746782
1760525166,Ostrowski,Philip,M,RPA-C,I,1026 Union Rd,,West Seneca,NY,36,14224,1,"Metropolitan area core: primary flow within an urbanized area of 50,000 and greater",US,Physician Assistant,S,4210,7827.6333333333,235302.16,225816,957,,3501,6801.4333333333,203171.6,197156,,821,,475,151254.31,,3703,80856.01,,32,3191.84,,2617,140147.27,,1593,95154.89,,1320,75815.7,,2890,159486.46,112,3588,2853,64,2.6603325415677,11,1371.23,302,,9.8214285714286,168,1957.77,134,*,,,*,,72.386624869383,136,428,280,113,581,376,896,17,,15,,25,201,756,1.3491933637616
1760548010,Nadig,Rashmi,S,M.D.,I,450 Clarkson Ave,Box 42,Brooklyn,NY,36,11203,1,"Metropolitan area core: primary flow within an urbanized area of 50,000 and greater",US,Internal Medicine,S,2364,5304.3,946069.29,153249,486,,2140,4837.4333333333,823275.25,139800,,447,,633,853349.73,,1717,92013.09,,14,706.47,"#",,,*,,,,303,170485.75,,2061,775583.54,90,1564.14,2247,26,3.8071065989848,0,0,0,0,0,,,,,0,0,,0,74.637860082305,39,203,177,67,332,154,354,13,41,60,0,18,58,428,1.6163508163368
1760572747,Ingarra,Thomas,S,M.D.,I,40 Hurley Ave,Suite 12,Kingston,NY,36,12401,1,"Metropolitan area core: primary flow within an urbanized area of 50,000 and greater",US,Family Practice,S,5424,8201.1333333333,513895.84,213983,756,,4220,6826.9333333333,377999.5,177819,,687,,1436,420741.46,,3954,92053.54,,34,1100.84,,1641,102972.88,,3783,410922.96,,2017,223570.19,,3407,290325.65,503,56062.78,12925,66,9.273598820059,95,46052.67,2683,,18.886679920477,275,4284.75,104,,19,199.58,*,,72.013227513228,69,417,218,52,431,325,684,19,,16,,31,102,654,0.95527939510265
1760573299,Bernardini,Dennis,L,MD,I,175 East Main Street,,Huntington,NY,36,11743,1,"Metropolitan area core: primary flow within an urbanized area of 50,000 and greater",US,Internal Medicine,S,1022,2188.3333333333,108271.57,61448,296,,988,2118.8333333333,105352.56,59474,,283,"#",,,,804,24545.27,*,,,,61,6894.6,,961,101376.97,,49,6242.42,,973,102029.15,33,458.93,903,18,3.2289628180039,0,0,0,0,0,66,886.89,52,,0,0,,0,75.912162162162,13,120,116,47,189,107,278,0,,,0,,14,282,1.3309265804882
1760574891,Li-Hirashiki,Vivian,Y,M.D.,I,139 Centre St,Suite 724,New York,NY,36,10013,1,"Metropolitan area core: primary flow within an urbanized area of 50,000 and greater",US,Family Practice,S,3732,5182.3666666667,308215.35,151788,172,,3651,5065.3666666667,301730.6,148447,"#",,,754,202132.01,,2939,105701.96,,39,381.38,,2514,190060.41,,1218,118154.94,,3212,274165.81,,520,34049.54,0,0,0,0,0,0,0,0,0,,77,627.12,52,,0,0,*,,74.686046511628,,,,,100,72,,,151,,0,,117,55,1.4515277475536
1760578330,Spaulding,Stephen,A,MD,I,401 W. Main St.,Suite 130,Montour Falls,NY,36,14865,10,"Rural areas: primary flow to a tract outside a urbanized area of 50,000 and greater or UC",US,Family Practice,S,4794,9249.0333333333,362350.46,270072,215,,3653,7535.2666666667,300745.36,221341,,179,"#",,,,3960,95627.52,*,,,,2094,182693,,2700,179657.46,,2127,149268.15,,2667,213082.31,192,2315.5,3942,25,4.0050062578223,12,612.95,317,,6.25,80,976.59,43,,27,310.25,*,,73.06976744186,36,77,68,34,116,99,207,,0,0,,,60,155,1.0951749471459
1760671317,Ng,Stanley,,M.D.,I,191 Canal St,Suite 601,New York,NY,36,10013,1,"Metropolitan area core: primary flow within an urbanized area of 50,000 and greater",US,Internal Medicine,S,11513,20618.833333333,1882333,612621,439,,11334,20306.633333333,1867715.33,603317,"#",,,3645,1617425.14,,7741,260649.72,,127,4258.14,,8191,1378749.35,,3322,503583.65,,9889,1618934.14,,1624,263398.86,,,,,,,,,,,98,1046.79,62,,16,362.06,*,,78.48291571754,,,,,263,176,,0,406,,0,25,320,119,1.1644963662937
1760741771,Katsman,Lina,,M.D.,I,150 55th St,,Brooklyn,NY,36,11220,1,"Metropolitan area core: primary flow within an urbanized area of 50,000 and greater",US,Internal Medicine,S,2735,5174,194266.07,151244,328,,2504,4812.0333333333,179360.81,140922,,291,,460,132279.36,,2196,58928.69,,79,3058.02,,2192,151993.82,,543,42272.25,,837,57315.75,,1898,136950.32,,,,,,,,,,,42,513.62,40,*,,,*,,72.439024390244,37,156,101,34,237,91,,276,,27,0,13,84,244,1.3299068590188
1770503393,Sosa,Alain,A,M.D.,I,4008 Forley Street,,Elmhurst,NY,36,11373,1,"Metropolitan area core: primary flow within an urbanized area of 50,000 and greater",US,Internal Medicine,S,6171,11565.733333333,825324.98,336669,424,,5398,10240.033333333,733273.09,298335,,368,,1354,655344.48,,4555,157857.76,,262,12122.74,,4793,641606.65,,1378,183718.33,,4801,727633.01,,1370,97691.97,35,624.68,494,23,0.56716901636688,0,0,0,0,0,127,3910.99,81,*,,,*,,72.646226415094,56,202,114,52,262,162,18,,,393,0,,274,150,1.2171407283375
1770508079,Dempsey,Michael,W,M.D.,I,1190 Old Country Rd,,Riverhead,NY,36,11901,1,"Metropolitan area core: primary flow within an urbanized area of 50,000 and greater",US,Internal Medicine,S,7446,19107.666666667,679617.09,562954,720,,7267,18690,665974.64,550624,,695,,1220,469901.44,,6175,207121.18,,51,2594.47,,638,62293.95,,6808,617323.14,,738,60381.48,,6708,619235.61,117,5296.26,3021,33,1.5713134568896,16,3823.17,480,,13.675213675214,284,5312.78,179,*,,,*,,75.841666666667,25,325,253,117,380,340,662,26,,,0,25,47,673,1.1000525748407
1770533572,Samson,Israel,M,MD,I,545 Central Ave,,Cedarhurst,NY,36,11516,1,"Metropolitan area core: primary flow within an urbanized area of 50,000 and greater",US,Internal Medicine,S,12428,22329.166666667,920288.27,655369,786,,11618,21145.2,849865.63,621273,,732,,2541,646603.69,,9826,269956.64,,61,3727.94,,2759,223365.89,,9669,696922.38,,3124,264990.48,,9304,655297.79,19,595.11,388,,0.15288059221114,0,0,0,,0,273,3222.98,201,,28,621.22,*,,74.404580152672,54,358,238,136,450,336,656,66,,21,,31,136,650,1.1763337656498
1770535064,Ohri,Vipin,,MD,I,165 Brooklyn St,,Warsaw,NY,36,14569,7,"Small town core: primary flow within an urban cluster of 2,500 to 9,999",US,General Practice,S,7665,13948.9,527573.44,411835,365,,6750,12711.333333333,448258.1,375825,,321,,990,383767.99,,6615,141212.61,,60,2592.84,,4906,291837.69,,2759,235735.75,,2241,216880.94,,5424,310692.5,172,10263.69,4809,50,2.2439660795825,16,7683.21,480,,9.3023255813953,112,882.74,68,,19,2288.93,*,,73.671232876712,44,157,106,58,192,173,341,,,,,,83,282,1.1860723976533
1770540569,Weisenseel,Arthur,C,MD,I,12 E 86th St,,New York,NY,36,10028,1,"Metropolitan area core: primary flow within an urbanized area of 50,000 and greater",US,Cardiology,S,3918,8678.1666666667,393208.1,254977,282,"#",,,,,"#",,,867,288654.22,,3040,104044.87,,11,509.01,,133,11196.09,,3785,382012.01,,310,21148.15,,3608,372059.95,16,796.3,445,,0.40837161817254,,,,,,66,704.1,45,*,,,*,,81.09219858156,,,,,154,128,255,,,,0,,,,1.2774184257437
1770543068,Korpacz Fink,Mary,J,D.O.,I,152 Islip Ave,Ste 22,Islip,NY,36,11751,1,"Metropolitan area core: primary flow within an urbanized area of 50,000 and greater",US,Family Practice,S,3416,7517.2,264224.7,218575,261,,3277,7270.2,249240.18,211748,,245,,575,179250.32,,2813,83812.67,,28,1161.71,,810,76248.99,,2606,187975.71,,550,76022.58,,2866,188202.12,85,5281.61,1987,20,2.4882903981265,,,,,,125,1710.04,74,*,,,*,,74.724137931034,16,117,99,29,221,40,221,15,,17,0,,28,233,1.1620195115759
1770555088,Mandell,William,F,MD,I,31 Washington Sq West,,New York,NY,36,10011,1,"Metropolitan area core: primary flow within an urbanized area of 50,000 and greater",US,Infectious Disease,S,2571,4004,1461495.78,117251,239,,2055,3445,916174.47,100977,,201,,863,1316905.37,,1708,144590.41,,0,0,,1036,723336.37,,1535,738159.41,,522,315120.59,,2049,1146375.19,11,175.73,249,,0.42784908595877,0,0,0,,0,85,39476.73,33,,0,0,,0,71.117154811715,38,129,58,14,75,164,168,26,,16,,25,34,205,1.2259930670613
1770563538,Okin,Stuart,,MD,I,21406 16th Ave,,Bayside,NY,36,11360,1,"Metropolitan area core: primary flow within an urbanized area of 50,000 and greater",US,Internal Medicine,S,3799,6744.3,345808.04,196387,209,,3612,6518.6333333333,323506.06,190135,,198,,820,257764.02,,2964,86969.92,,15,1074.1,,1381,100691.44,,2418,245116.6,,959,93471.75,,2840,252336.29,72,2211.55,2099,17,1.8952355883127,0,0,0,0,0,123,12867.58,48,*,,,*,,76.483253588517,11,87,67,44,112,97,174,,,14,0,,37,172,1.6791129790384
1770566895,Friedman,Larry,J,MD,I,3051 Long Beach Rd,,Oceanside,NY,36,11572,1,"Metropolitan area core: primary flow within an urbanized area of 50,000 and greater",US,Internal Medicine,S,4079,9454.4,348250.89,278967,343,,3963,9253.4,339851.99,272963,,331,,652,225404.12,,3411,121951.8,,16,894.97,,122,9997.57,,3957,338253.32,,290,19519.96,,3789,328730.93,28,393.61,715,14,0.68644275557735,0,0,0,0,0,53,1550.39,43,*,,,*,,77.749271137026,12,123,115,93,171,172,324,,,,0,12,13,330,1.3938201208389
1770568719,Berger,Jack,J,MD,I,3030 Westchester Ave,,Purchase,NY,36,10577,1,"Metropolitan area core: primary flow within an urbanized area of 50,000 and greater",US,Rheumatology,S,4036,6273.5333333333,3648295.66,181361,529,,3685,5823.5666666667,2956125.31,168584,,491,,1076,3531858.5,,2901,115006.76,,59,1430.4,,1042,696990.89,,2994,2951304.77,,926,1465076.83,,3110,2183218.83,22,153.15,322,18,0.54509415262636,0,0,0,0,0,22,719.2,19,,0,0,,0,74.257088846881,38,251,172,68,407,122,360,71,,65,,23,78,451,1.2764431669056
1770574055,Babitz,Lisa,E,MD,I,457 W 57th St,Apt 106,New York,NY,36,10019,1,"Metropolitan area core: primary flow within an urbanized area of 50,000 and greater",US,Geriatric Medicine,S,1021,2210.5333333333,45605.67,65620,107,,1021,2210.5333333333,45605.67,65620,,107,,183,26629.13,,824,18524.81,,14,451.73,,86,5781.04,,935,39824.63,,70,3714.08,,951,41891.59,,,,,,,,,,,,,,,0,0,,0,79.411214953271,0,33,44,30,86,21,87,,,,0,,,,1.2326884735202
1770579062,Fuks,Mikhail,A,M.D.,I,150 Broadway,Suite 714,New York,NY,36,10038,1,"Metropolitan area core: primary flow within an urbanized area of 50,000 and greater",US,Family Practice,S,672,1001.9333333333,17048.94,29427,69,,599,901,15798.73,26455,"#",,"#",,,,585,8788.44,*,,,,178,2273.14,,494,14775.8,,315,8144.22,,357,8904.72,,,,,,,,,,,14,283.9,12,,0,0,*,,72.927536231884,,,,,44,25,44,16,,,0,,14,55,0.99444541809217
1770580235,Bruinings,Yeahseon,C,MD,I,3438 Bell Blvd,Ph Floor 5,Bayside,NY,36,11361,1,"Metropolitan area core: primary flow within an urbanized area of 50,000 and greater",US,Family Practice,S,5799,11643.433333333,686980.01,343341,423,,5519,11173.066666667,648967.63,329570,,406,,1126,581160.67,,4623,103776.73,,50,2042.61,,3957,415500.35,,1842,271479.66,,4162,554388.48,,1637,132591.53,,,,,,,,,,,71,580.82,55,,0,0,,0,71.45390070922,17,291,92,23,236,187,24,,358,11,,25,235,188,0.9044513747214
1770581993,Zorich,Daniel,W,M.D.,I,7300 Porter Rd,,Niagara Falls,NY,36,14304,1,"Metropolitan area core: primary flow within an urbanized area of 50,000 and greater",US,Family Practice,S,9360,15689.8,574728.51,456259,530,,8501,14276,528633.43,415064,,477,,1325,419400.23,,7976,152591.81,,59,2736.47,,7486,412655.42,,1874,162073.09,,1175,66800.27,,8185,507928.24,209,8624.34,5628,45,2.232905982906,51,3766.75,1530,,24.401913875598,164,1533.05,123,,30,15671.69,*,,74.2,53,220,182,75,299,231,501,11,0,,,,52,478,1.1567792077495
1770582256,Salmon,Randie,R,FNP,I,700 S Perry St,Johnstown Health Center,Johnstown,NY,36,12095,4,"Micropolitan area core: primary flow within an urban cluster of 10,000 to 49,999",US,Nurse Practitioner,S,6649,10579.8,601198.45,304183,532,,4257,7393.2333333333,365026.74,214369,,375,,1181,478213.21,,5381,117888.7,,87,5096.54,,3128,239641.22,,3521,361557.23,,3659,347234.77,,2990,253963.68,238,9327.71,5178,63,3.5794856369379,22,6569.11,665,,9.2436974789916,163,2373.58,126,,15,2228.72,*,,67.983082706767,157,214,111,50,323,209,503,,,,0,12,210,322,1.2384607410233
1770616864,Li,Xian Min,,D.O.,I,1508 Avenue U,,Brooklyn,NY,36,11229,1,"Metropolitan area core: primary flow within an urbanized area of 50,000 and greater",US,Internal Medicine,S,23915,33284.566666667,3314541.94,924600,764,,23089,32182.566666667,3166603.17,894259,,732,,6388,2700831.88,,17330,607971.27,,197,5738.79,,17232,2369062.78,,6683,945479.16,,23530,3276543.51,,385,37998.43,116,1745.97,1813,33,0.48505122308175,12,905.48,360,,10.344827586207,970,7737.43,471,,47,844.34,,11,73.174083769634,32,451,196,85,414,350,11,,743,,0,,722,42,1.129247752792
1770637175,Balon,Ellen,M,N.P.,I,5530 Sheridan Drive,Suite 1b,Williamsville,NY,36,14221,1,"Metropolitan area core: primary flow within an urbanized area of 50,000 and greater",US,Nurse Practitioner,S,1653,3621.9666666667,180567.03,106623,270,,1631,3573.9666666667,178505.07,105213,"#",,,390,146652.16,,1250,33205.47,,13,709.4,,1308,138318.75,,345,42248.28,,119,27223.84,,1534,153343.19,21,4543.18,810,,1.2704174228675,,,,,,35,438.81,29,*,,,*,,75.003703703704,,,,,226,44,251,11,0,,0,,12,258,1.0364024691358
1770700445,Lopez,Cesar,A,M.D.,I,234 E 149th St,,Bronx,NY,36,10451,1,"Metropolitan area core: primary flow within an urbanized area of 50,000 and greater",US,Internal Medicine,S,5867,15302.866666667,269025,447010,931,,5372,14235.1,249167.13,416842,,870,,1120,167621.04,,4621,99122.389999999,,126,2281.57,,5752,261268.29,,115,7756.71,,1893,101754.94,,3974,167270.06,347,7987.21,8338,97,5.9144366797341,15,455.93,440,,4.3227665706052,173,6797.9,124,,16,246.53,*,,73.996777658432,61,438,325,107,457,474,243,43,28,608,,,210,721,1.4752961716662
1770882441,Karaga,Richard,S,D.O,I,1026 Union Rd,,West Seneca,NY,36,14224,1,"Metropolitan area core: primary flow within an urbanized area of 50,000 and greater",US,Family Practice,S,4926,11228.266666667,469021.27,327828,398,,4122,9671.4333333333,393257.48,283350,,338,,803,334430.24,,4075,131453.56,,48,3137.47,,3160,265897.95,,1766,203123.32,,1104,150957.25,,3822,318064.02,189,4003.85,5380,42,3.836784409257,,,,,,84,9061.89,67,*,,,*,,72.14824120603,60,174,121,43,205,193,367,13,,,0,12,66,332,1.2078090929642
1770883787,Lu,Li,,M.D.,I,6402 8th Ave,Suite 301,Brooklyn,NY,36,11220,1,"Metropolitan area core: primary flow within an urbanized area of 50,000 and greater",US,Internal Medicine,S,7006,8377.1666666667,605777.35,239655,374,,6723,8057.1666666667,576169.15,230476,,352,,1187,410693.38,,5753,191901.31,,66,3182.66,,5392,503565.73,,1614,102211.62,,6818,571442.61,,188,34334.74,,,,,,,,,,,161,1607.69,116,,22,348.51,*,,71.379679144385,22,252,77,23,203,171,,,361,,0,,344,30,1.2966676341699
1780604868,Lee,Arthur,F,M.D.,I,2125 River Rd,Suite 202,Schenectady,NY,36,12309,1,"Metropolitan area core: primary flow within an urbanized area of 50,000 and greater",US,Family Practice,S,8467,12129.866666667,500498.44,338263,520,,7713,11232.533333333,457135.7,313651,,473,,1194,315706.46,,7256,183836.4,,17,955.58,,5866,361109.97,,2601,139388.47,,3330,230964.48,,5137,269533.96,262,16720.8,6985,69,3.094366363529,48,9315.7,1440,,18.320610687023,192,6691.53,112,,83,10752.46,,17,74.813461538462,47,221,142,110,318,202,468,28,,,0,12,142,378,1.3559106910624
1780608422,Tobias,Hillel,,MD,I,232 East 30th St,,New York,NY,36,10016,1,"Metropolitan area core: primary flow within an urbanized area of 50,000 and greater",US,Gastroenterology,S,3164,5811.6,893390.81,169924,295,,2947,5479.6666666667,867332.99,160417,,283,,682,676564.64,,2482,216826.17,,0,0,,244,69450.02,,2920,823940.79,,392,192630.79,,2772,700760.02,40,568.82,1091,22,1.2642225031606,,,,,,162,174212.81,58,*,,,*,,74.610169491525,12,138,112,33,165,130,246,,,19,0,,24,271,1.672422058891
1780613562,Gustin,Gabriel,,M.D,I,4036 82nd St 2nd Fl Ste 7,,Elmhurst,NY,36,11373,1,"Metropolitan area core: primary flow within an urbanized area of 50,000 and greater",US,Internal Medicine,S,15392,18917.266666667,1227646.6,535735,423,,12567,15743.2,982960.46,447046,,357,,2783,962407.15,,12194,245522.5,,415,19716.95,,12882,1015955.84,,2510,211690.76,,13746,1159821.47,,1646,67825.13,257,3496.33,6225,72,1.6696985446985,21,350.91,290,,8.1712062256809,292,2574.7,141,,55,679.05,,11,71.300236406619,66,203,131,23,251,172,34,,11,369,0,,318,105,1.0406286070169
1780617142,Felberg,Claudia,M,M.D.,I,259 Heathcote Rd,,Scarsdale,NY,36,10583,1,"Metropolitan area core: primary flow within an urbanized area of 50,000 and greater",US,Pulmonary Disease,S,4134,7028.1666666667,437893.62,199343,421,,3964,6712.3666666667,416242.56,190609,,407,,1068,362802.63,,3066,75090.99,,0,0,,96,5520.99,,4038,432372.63,,336,25417.02,,3798,412476.6,48,1445.41,934,14,1.1611030478955,0,0,0,0,0,228,3356.47,129,,12,427.42,*,,75.667458432304,14,183,157,67,344,77,361,19,,15,,20,17,404,1.1765347220202
1780617639,Jacobucci,Nicola,J,MD,I,418-420 5th Avenue,,Brooklyn,NY,36,11215,1,"Metropolitan area core: primary flow within an urbanized area of 50,000 and greater",US,Family Practice,S,4504,8694.8,353739.76,251432,408,,3161,6478.9333333333,239215.9,188555,,296,,834,272237.3,,3619,79576.42,,51,1926.04,,2790,242169.97,,1714,111569.79,,2150,202190.51,,2354,151549.25,55,932.35,1405,16,1.2211367673179,0,0,0,0,0,161,2076.87,105,*,,,*,,69.235294117647,112,159,104,33,229,179,360,36,0,,,,130,278,1.5422532936543
1780623868,Zhao,Faith,,MD,I,15 Elizabeth St,Suite 310,New York,NY,36,10013,1,"Metropolitan area core: primary flow within an urbanized area of 50,000 and greater",US,Internal Medicine,S,28366,35451.766666667,2101117.26,1036679,773,,27761,34802.666666667,2066974.79,1017977,,751,,6175,1509206.09,,21981,585473.7,,210,6437.47,,19943,1435120.64,,8423,665996.62,,27161,2042477.13,,1205,58640.13,,,,,,,,,,,285,2308.8,199,,87,1048.69,,19,75.605433376455,22,384,227,140,461,312,,,734,,0,29,674,99,1.1618905888775
1780649517,Guo,Michael,W,M.D.,I,2 Allen St,Unit 3c,New York,NY,36,10002,1,"Metropolitan area core: primary flow within an urbanized area of 50,000 and greater",US,Family Practice,S,3914,5617.3666666667,292157.86,160957,390,,3829,5502.7666666667,278359.68,157699,,377,,797,214253.9,,3065,76729.04,,52,1174.92,,3184,243097.82,,730,49060.04,,3849,288681.6,,65,3476.26,11,43.29,75,,0.28104241185488,0,0,0,,0,118,626.48,93,,20,240.54,,14,73.761538461538,13,222,112,43,199,191,,,376,,0,,374,16,1.1168727125061
1780654558,Huang,Yanhan,D,MD,I,757 60th St,First Floor,Brooklyn,NY,36,11220,1,"Metropolitan area core: primary flow within an urbanized area of 50,000 and greater",US,Internal Medicine,S,43519,47444.633333333,4274913.79,1366149,1591,,42181,45992.5,4104991.91,1325059,,1528,,10406,3140389.55,,32621,1119142.69,,492,15381.55,,34183,3406643.78,,9336,868270.01,,42322,4192778.5,,1197,82135.29,194,10057.2,3740,85,0.44578230198304,33,6153,990,,17.010309278351,792,5389.02,552,,67,1156.91,,19,74.708359522313,63,809,496,223,884,707,12,,1535,15,,24,1469,122,1.1921800286319
1780678169,Goddard,Bryan,L,MD,I,2524 Route 9w,,Ravena,NY,36,12143,2,"Metropolitan area high commuting: primary flow 30% or more to a urbanized area of 50,000 and greater",US,Family Practice,S,6097,10350.566666667,530887.11,301675,444,,4495,8245.7333333333,400642.13,241182,,349,,1218,409006.6,,4836,119927,,43,1953.51,,3605,322279.87,,2492,208607.24,,2349,222032.64,,3748,308854.47,302,12128.35,7978,59,4.9532556995244,37,5031.35,1028,,12.251655629139,92,24721.68,53,,32,699.03,*,,70.795045045045,95,184,113,52,231,213,415,,0,11,0,,120,324,1.3600220002582
1780682203,Trinh,Tuyen,T,D.O.,I,118 Baxter St,Suite 502,New York,NY,36,10013,1,"Metropolitan area core: primary flow within an urbanized area of 50,000 and greater",US,Family Practice,S,3183,4667.1333333333,357192.09,134905,102,,3115,4569.3333333333,356015.83,132164,"#",,,780,301356.41,,2366,54681.67,,37,1154.01,,1569,191815.68,,1614,165376.41,,2921,329521.09,,262,27671,0,0,0,0,0,0,0,0,0,,124,796.04,58,,0,0,*,,71.480392156863,,,,,52,50,,0,96,,0,,81,21,0.95367066862171
1780686568,Lesnewski,Ruth,,MD,I,113 E 13th St,,New York,NY,36,10003,1,"Metropolitan area core: primary flow within an urbanized area of 50,000 and greater",US,Family Practice,S,2284,3819.6333333333,216902.45,110883,241,,1766,3004.0666666667,177071.48,87334,,177,,437,173344.45,,1778,40905.96,,69,2652.04,,1300,123982.17,,984,92920.28,,1636,161862.21,,648,55040.24,34,1569.35,531,13,1.4886164623468,,,,,,26,6460.24,20,*,,,*,,68.365145228216,64,112,51,14,149,92,77,58,,90,0,,139,102,1.4138398868003
1780687236,Whitehead,Adam,P,M.D.,I,111 Clock Tower Cmns,,Brewster,NY,36,10509,1,"Metropolitan area core: primary flow within an urbanized area of 50,000 and greater",US,Internal Medicine,S,3532,6402.5333333333,262894.73,181828,366,,2450,5050.3,183035.85,144286,,308,,542,186043.86,,2972,75934.82,,18,916.05,,902,53024.32,,2630,209870.41,,1354,76059.63,,2178,186835.1,214,20290.54,5557,33,6.0588901472254,30,16465.48,791,,14.018691588785,223,2173.65,144,*,,,*,,70.827868852459,58,171,107,30,182,184,323,12,,19,0,,67,299,1.1842839324677
1780694489,Gellasch,Tara,L,MD,I,1250 Driving Park Ave,,Newark,NY,36,14513,4,"Micropolitan area core: primary flow within an urban cluster of 10,000 to 49,999",US,Obstetrics & Gynecology,S,184,227.3,22471.78,4540,85,,130,153,17796.25,2681,,59,,105,18699.55,,79,3772.23,,0,0,,116,16156.35,,68,6315.43,,51,4323.42,,133,18148.36,0,0,0,0,0,0,0,0,0,,,,,,0,0,,0,66.611764705882,26,32,,,65,20,82,,0,,0,,26,59,0.89027389354044
1780698639,Annes,Lawrence,B,MD FACC FCCP,I,One Stone Place,Suite 303,Bronxville,NY,36,10708,1,"Metropolitan area core: primary flow within an urbanized area of 50,000 and greater",US,Cardiology,S,5000,10365.7,394290.41,303289,307,,4908,10171.7,385378.75,297479,"#",,,917,282831.1,,4047,109484.11,,36,1975.2,,1743,119572.12,,3257,274718.29,,459,39093.47,,4541,355196.94,73,3753.36,1372,25,1.46,,,,,,105,2099.21,55,,45,773.08,*,,78.475570032573,,,,,182,125,267,24,,,0,,22,285,1.233815021943
1780753038,Krempa,David,J,M.D.,I,23 Ivy St,,Jamestown,NY,36,14701,4,"Micropolitan area core: primary flow within an urban cluster of 10,000 to 49,999",US,Internal Medicine,S,5551,9685.9333333333,520793.08,284693,284,,4573,8456.3333333333,431774.04,248498,,256,,867,366897.92,,4664,152732.4,,20,1162.76,,2680,243800.94,,2871,276992.14,,1727,210678.35,,3824,310114.73,400,29791.2,11688,52,7.2059088452531,159,24010.37,4765,17,39.75,125,2500.51,72,*,,,*,,72.957746478873,28,138,91,27,158,126,264,,0,,0,,43,241,1.0883116197183
1780768598,Tolentino,Rommel,,,I,35 Empire State Blvd,,Castleton,NY,36,12033,1,"Metropolitan area core: primary flow within an urbanized area of 50,000 and greater",US,Internal Medicine,S,6120,11111.566666667,482294.09,323862,540,,5273,10087,453054.96,294766,,477,,950,334402.47,,5117,145249.48,,53,2642.14,,3419,253512.7,,2701,228781.39,,1202,91500.15,,4918,390793.94,362,17938,10105,74,5.9150326797386,63,7158.85,1804,,17.403314917127,134,1945.45,95,*,,,*,,72.396296296296,63,261,157,59,305,235,498,,,,,24,74,466,1.1495276435745
1780771592,Zuo,Hailiu,,M.D.,I,83 18 Cornish Ave,,Elmhurst,NY,36,11373,1,"Metropolitan area core: primary flow within an urbanized area of 50,000 and greater",US,Internal Medicine,S,17600,24166.1,1212721.57,688330,739,,17124,23504.533333333,1186733.12,670632,,704,,2653,762762.15,,14783,445097.85,,164,4861.57,,12785,872392.57,,4815,340329,,15853,1121757.22,,1747,90964.35,,,,,,,,,,,669,4810.79,333,,14,810.7,*,,73.958051420839,35,397,205,102,389,350,23,,694,,0,15,579,160,0.9712562155262
1780772947,Lin,Yong,S,M.D.,I,217 Grand St,3rd Floor Room 301,New York,NY,36,10013,1,"Metropolitan area core: primary flow within an urbanized area of 50,000 and greater",US,Internal Medicine,S,29416,34035.233333333,2737973.38,1000121,765,,28761,33333.7,2695265.76,979612,,742,,7233,2180105.8,,21753,546900.89,,430,10966.69,,23352,2197809.71,,6064,540163.67,,29055,2718593.64,,361,19379.74,0,0,0,0,0,0,0,0,0,,321,2010.24,244,,26,192.6,*,,74.403921568627,23,403,243,96,399,366,,0,762,,0,,729,36,1.1482898159528
1780810697,Dyksterhouse,Robert,M,M.D.,I,226 W 14th St,,New York,NY,36,10011,1,"Metropolitan area core: primary flow within an urbanized area of 50,000 and greater",US,Internal Medicine,S,1177,1877.0333333333,116952.28,54777,147,,968,1632.7666666667,77515.71,47794,,127,"#",,,,911,18281.36,*,,,,479,45477.76,,698,71474.52,,444,61273.77,,733,55678.51,31,394.48,678,,2.6338147833475,0,0,0,,0,12,60.82,11,,0,0,,0,72.081632653061,20,70,42,15,68,79,90,14,,33,0,,40,107,1.0102664399093
1780837781,Hammond,Courtney,L,PA,I,15 S Main St,Suite 150,Jamestown,NY,36,14701,4,"Micropolitan area core: primary flow within an urban cluster of 10,000 to 49,999",US,Physician Assistant,S,4031,8201.9,221556.54,237740,597,,3754,7733.4333333333,198508.38,224695,,555,,497,138804.59,,3514,82039.74,,20,712.21,,1855,110064.44,,2176,111492.1,,1031,70171.19,,3000,151385.35,116,2616.68,2944,58,2.8776978417266,,,,,,112,1492.86,86,*,,,*,,75.767169179229,42,231,208,116,420,177,576,,,,0,13,117,480,1.2142075601841
1780843938,Lwin,Nyo,,M.D,I,186 Joralemon St,11th Floor,Brooklyn,NY,36,11201,1,"Metropolitan area core: primary flow within an urbanized area of 50,000 and greater",US,Internal Medicine,S,4679,8292.2,284169.52,244589,286,,3765,6901.7,226192.91,203868,,239,,774,204437.01,,3816,76925.97,,89,2806.54,,2827,165937.3,,1852,118232.22,,2715,181164.25,,1964,103005.27,27,344.87,727,14,0.57704637743108,,,,,,41,290.11,34,,13,358.22,*,,71.202797202797,47,143,69,27,207,79,43,164,,63,,11,112,174,1.4009417401086
1780862037,Nguyen,Catherine,T,M.D.,I,4 Palisades Dr Ste 150,,Albany,NY,36,12205,1,"Metropolitan area core: primary flow within an urbanized area of 50,000 and greater",US,Internal Medicine,S,6907,13249.1,664782,383286,473,,5903,11783.033333333,502303.2,342320,,436,,1250,499174.38,,5644,165035.34,,13,572.28,,3691,326229.16,,3216,338552.84,,1359,226245.86,,5548,438536.14,233,5813.41,5740,46,3.3733893151875,20,1743.47,600,,8.5836909871245,246,3723.9,137,,19,1358.98,*,,73.285412262156,37,250,117,69,383,90,425,16,,,0,18,48,425,1.0602146678361
1790070613,Schwartz,Carla,R,M.D.,I,200 Red Creek Dr,,Rochester,NY,36,14623,1,"Metropolitan area core: primary flow within an urbanized area of 50,000 and greater",US,Internal Medicine,S,3098,5095.3333333333,220609.37,145709,366,,2286,4004.1666666667,149229.82,115135,,301,,450,151942.88,,2613,66747.7,,35,1918.79,,2256,157354.56,,842,63254.81,,1235,94136.3,,1863,126473.07,105,5932.65,2794,33,3.3892834086507,21,3825.29,614,,20,71,1885.75,52,,18,864.89,*,,70.355191256831,65,180,87,34,261,105,302,40,,,0,11,80,286,1.1842451130272
1790714962,Goris,Jose,A,M.D.,I,435 Fort Washington Ave,Suite 1c,New York,NY,36,10033,1,"Metropolitan area core: primary flow within an urbanized area of 50,000 and greater",US,Family Practice,S,29305,52070.266666667,4289367.56,1540456,1289,,25508,45985.7,3696459.66,1361441,,1116,,7195,3487647.04,,20905,727258.83,,1205,74461.69,,26325,3717370.68,,2980,571996.88,,27660,4190538.36,,1645,98829.2,53,496.56,1486,30,0.18085650912814,0,0,0,0,0,331,24647.44,243,,94,6273.33,,24,73.170674941815,173,559,400,157,749,540,40,21,,1218,0,,1106,183,1.5305100327282
1790726818,Caplin,Nina,J,MD,I,7901 Broadway,Room A1-9,Elmhurst,NY,36,11373,1,"Metropolitan area core: primary flow within an urbanized area of 50,000 and greater",US,Internal Medicine,S,3542,7152.9333333333,696634.13,209337,292,,2824,5868.1,292478.35,171678,,253,,709,604088.45,,2800,91139.43,,33,1406.25,,1506,201821.22,,2036,494812.91,,1246,464739.44,,2296,231894.69,36,402.99,710,,1.0163749294184,0,0,0,,0,35,614.51,29,*,,,*,,71.27397260274,39,150,81,22,207,85,187,47,14,33,0,11,70,222,1.3789756103383
1790728004,Kane,Michael,P,MD,I,4855 Camp Rd,Suite 100,Hamburg,NY,36,14075,1,"Metropolitan area core: primary flow within an urbanized area of 50,000 and greater",US,Family Practice,S,10066,17785.833333333,735983.25,518724,753,,8522,15471,618689.11,451572,,654,,1460,529279.55,,8515,203417.98,,91,3285.72,,7037,504647.98,,3029,231335.27,,2073,169417.5,,7993,566565.75,334,11038.89,8399,83,3.3181005364594,13,3329.17,380,,3.8922155688623,207,4654.84,114,,36,1239.43,*,,72.140770252324,99,364,211,79,351,402,716,,0,,0,28,105,648,1.1697740857787
1790733681,Burke,Stephen,M,M.D.,I,213 Montauk Hwy,,West Sayville,NY,36,11796,1,"Metropolitan area core: primary flow within an urbanized area of 50,000 and greater",US,Family Practice,S,12297,20783.133333333,1081994.4,598889,668,,6840,14908.6,466108.5,437201,,549,,1939,697244.7,,10152,377022.38,,206,7727.32,,3713,291651.61,,8584,790342.79,,7134,764589.2,,5163,317405.2,75,3324.49,1654,28,0.60990485484264,21,2415.04,630,,28,231,4474.69,135,,49,2402.64,*,,72.070359281437,119,258,196,95,366,302,624,,,16,0,22,151,517,1.1948111786782
1790740637,Wisnoski,Jennifer,A,M.D.,I,295 Essjay Rd,,Williamsville,NY,36,14221,1,"Metropolitan area core: primary flow within an urbanized area of 50,000 and greater",US,Family Practice,S,6171,12688.266666667,393507.3,369176,486,,5493,11584.066666667,350550.77,338169,,455,,892,257651.87,,5214,134045.13,,65,1810.3,,4543,277573.55,,1628,115933.75,,724,78801.67,,5447,314705.63,242,7682.04,5936,50,3.921568627451,12,2200.31,325,,4.9586776859504,114,1569.44,83,,12,136.23,*,,73.779835390947,31,250,138,67,406,80,444,21,,,0,13,45,441,1.0883173868313
1790744043,Strouse,Wayne,S,MD,I,108 Kimball Ave,,Penn Yan,NY,36,14527,7,"Small town core: primary flow within an urban cluster of 2,500 to 9,999",US,Family Practice,S,6029,8931.3666666667,435288.49,257175,175,,4099,6476,274154.49,187138,,139,,887,300472.64,,5131,133625.1,,11,1190.75,,3963,243849.92,,2066,191438.57,,2444,208639.33,,3585,226649.16,277,44686.57,7639,36,4.5944601094709,104,37024.13,3209,,37.545126353791,131,2192.49,63,,15,177.76,*,,68.908571428571,36,94,,,85,90,163,0,0,,0,,42,133,1.0379486180502
1790762730,Collins,Megan,E,M.D.,I,530 1st Ave Ste 7b,,New York,NY,36,10016,1,"Metropolitan area core: primary flow within an urbanized area of 50,000 and greater",US,Internal Medicine,S,6829,11919.233333333,528821.3,352307,550,,5731,10205.866666667,404296.28,301735,,478,,1266,423955.87,,5309,93512.69,,254,11352.74,,4871,409175.05,,1958,119646.25,,4584,396227.69,,2245,132593.61,46,430.51,1028,18,0.67359789134573,,,,,,21,814.9,18,,18,159.69,*,,74.276363636364,72,214,182,82,406,144,169,194,21,155,0,11,256,294,1.4951662531371
1790776342,Samikkannu,Periasamy,,MD,I,45 Webster Commons Blvd,Ste 200,Webster,NY,36,14580,1,"Metropolitan area core: primary flow within an urbanized area of 50,000 and greater",US,Internal Medicine,S,9310,19874,520142.04,571349,709,,8123,18148.333333333,444989.69,522679,,640,,1033,312016.2,,8201,203419.78,,76,4706.06,,7731,427373.53,,1579,92768.51,,1320,88881.29,,7990,431260.75,385,21150.2,10671,75,4.1353383458647,56,9592.69,1721,12,14.545454545455,520,6288.47,319,,0,0,,0,72.655853314528,69,342,234,64,369,340,625,16,19,11,0,38,77,632,0.9569732319502
1790780724,Demaria,Michael,J,M.D.,I,10 Medical Plz,Suite 303,Glen Cove,NY,36,11542,1,"Metropolitan area core: primary flow within an urbanized area of 50,000 and greater",US,Gastroenterology,S,7513,15132.666666667,537283.54,435664,602,,7282,14661.166666667,507265.07,422281,,577,,1414,323704.51,,6081,211992.23,,18,1586.8,,865,54262.16,,6648,483021.38,,848,60975.93,,6665,476307.61,161,34497.84,4263,47,2.1429522161587,28,3794.12,840,,17.391304347826,281,4409.06,172,,58,773.14,,11,78.428571428571,25,190,220,167,336,266,537,,,22,0,28,38,564,1.2496083383671
1790783157,Friedman,Jeffrey,P,MD,I,317 E 34th St,,New York,NY,36,10016,1,"Metropolitan area core: primary flow within an urbanized area of 50,000 and greater",US,Internal Medicine,S,3787,6886.0666666667,190572.83,201347,321,,3719,6764.0333333333,186108.5,197734,"#",,"#",,,,3159,68495.37,*,,,,340,10500.15,,3447,180072.68,,125,2606.57,,3662,187966.26,,,,,,,,,,,68,1188.19,39,,0,0,*,,75.071651090343,,,,,170,151,276,,,,0,26,,,0.95839308710645
1790860492,Gair,Brian,H,MD,I,18 Ashford Avenue,Suite 3w,Dobbs Ferry,NY,36,10522,1,"Metropolitan area core: primary flow within an urbanized area of 50,000 and greater",US,Family Practice,S,3336,7377.9333333333,253411.75,214637,292,,3193,7178.9333333333,245381.49,209250,,281,,515,174362.46,,2809,78687.76,,12,361.53,,1069,73849.2,,2267,179562.55,,362,25461.09,,2974,227950.66,115,3669.27,2965,22,3.447242206235,15,1104.63,420,,13.04347826087,117,2436.69,79,*,,,*,,74.609589041096,11,144,92,45,153,139,253,12,,14,0,,22,270,0.99776606800851
1790867794,Kaffenbarger,Kimberly,P,M.D.,I,602 Ivy St,2nd Floor,Elmira,NY,36,14905,1,"Metropolitan area core: primary flow within an urbanized area of 50,000 and greater",US,Internal Medicine,S,4325,9599.6333333333,323820.59,280566,315,,3773,8777.5333333333,295839.09,256775,,289,,581,194955.59,,3718,126809.13,,26,2055.87,,2328,188706.96,,1997,135113.63,,826,73006.67,,3499,250813.92,116,2500.65,2779,42,2.6820809248555,,,,,,74,936.73,46,,19,1418.89,*,,74.412698412698,26,142,107,40,242,73,298,,,,0,,45,270,1.1540840635407
1790873073,Santini,Diana,L,MD,I,"505 E 70th St # Ht-4",,New York,NY,36,10021,1,"Metropolitan area core: primary flow within an urbanized area of 50,000 and greater",US,Internal Medicine,S,5363,10435.466666667,298214.26,306943,608,,4572,9341.9333333333,237092.11,275259,,531,,927,203686.81,,4392,93097.73,,44,1429.72,,2338,127696.57,,3025,170517.69,,2484,154298.33,,2879,143915.93,,,,,,,,,,,39,650.74,35,*,,,*,,72.741776315789,77,280,192,59,499,109,305,107,39,132,,,202,406,1.1811737516545
1790884344,Buffa,Peter,,M.D.,I,4277 Hempstead Tpke,Suite 209,Bethpage,NY,36,11714,1,"Metropolitan area core: primary flow within an urbanized area of 50,000 and greater",US,Internal Medicine,S,8310,18496.733333333,558714.95,541939,709,,7550,17398.866666667,498729.67,510401,,654,,1168,369838.07,,7100,186057.46,,42,2819.42,,2675,152341.82,,5635,406373.13,,1280,99872.53,,7030,458842.42,190,39024.92,5446,39,2.2864019253911,30,32529.12,900,,15.789473684211,218,3821.17,138,,16,460.32,*,,76.201692524683,55,264,222,168,419,290,639,,14,25,,24,71,638,1.2241242708111
1801050117,Shnaidman,Clara,,M.D.,I,4104 State Highway 30,,Amsterdam,NY,36,12010,2,"Metropolitan area high commuting: primary flow 30% or more to a urbanized area of 50,000 and greater",US,Internal Medicine,S,3788,5456.9,304641.06,155823,243,,2546,3828.4,207700.57,109735,,171,,696,243213.78,,3044,59188.78,,48,2238.5,,2151,184214.49,,1637,120426.57,,1884,183385.2,,1904,121255.86,112,1839.71,3026,27,2.9567053854277,,,,,,92,1789.58,57,*,,,*,,68.19341563786,72,98,44,29,177,66,225,,,,0,,91,152,1.2871676624208
1801067707,Son,Mi Na,,M.D,I,4500 Parsons Blvd,,Flushing,NY,36,11355,1,"Metropolitan area core: primary flow within an urbanized area of 50,000 and greater",US,Internal Medicine,S,6484,14776.833333333,458140.37,426414,583,,5800,13545.233333333,381193.29,391823,,521,,1309,336094.05,,5130,120907.26,,45,1139.06,,6318,447736.35,,166,10404.02,,1050,96072.08,,5434,362068.29,324,13856.59,7647,72,4.996915484269,39,7017.84,1036,,12.037037037037,231,4169.24,139,,15,11023.04,*,,72.080617495712,62,290,192,39,326,257,388,68,83,27,0,17,52,531,1.0648740870896
1801072954,Martin,Olga,,FNP,I,736 Irving Ave,,Syracuse,NY,36,13210,1,"Metropolitan area core: primary flow within an urbanized area of 50,000 and greater",US,Nurse Practitioner,S,1258,2382.2333333333,243329.89,68342,304,,1051,2064.4,223809.6,59272,,261,,401,212331.34,,827,29131.38,,30,1867.17,,530,108485.67,,728,134844.22,,382,42347.06,,876,200982.83,,,,,,,,,,,40,362.88,34,*,,,*,,71.3125,43,151,87,23,217,87,257,24,,,0,12,59,245,1.2885587536552
1801107818,Wong,Kaitlyn,L,M.D,I,100 W Kingsbridge Rd,,Bronx,NY,36,10468,1,"Metropolitan area core: primary flow within an urbanized area of 50,000 and greater",US,Internal Medicine,S,11397,12885.333333333,1108683.86,369182,667,,10873,12321.7,1064956.42,353523,,626,,2710,893854.66,,8531,210052.24,,156,4776.96,,9520,927966.04,,1877,180717.82,,11079,1073445.62,,318,35238.24,16,205.14,133,13,0.1403878213565,0,0,0,0,0,304,5248.82,214,*,,,*,,72.829085457271,41,398,158,70,330,337,,,649,,0,,613,54,1.2265253992585
1801155494,Ethier,Gloria,,D.O.,I,11 Hampstead Pl N Ste 103,,Saratoga Springs,NY,36,12866,1.1,"Secondary flow 30% to <50% to a larger urbanized area of 50,000 and greater",US,Family Practice,S,4498,6792.7,310780.65,189793,464,,3450,5562.1333333333,258996.01,157468,,382,,718,232340.33,,3750,76967.19,,30,1473.13,,2311,169224.82,,2187,141555.83,,1453,75831.14,,3045,234949.51,162,2179.09,3507,53,3.6016007114273,,,,,,148,1428.56,113,,26,177.41,*,,71.443965517241,82,181,129,72,291,173,444,,,,0,12,104,360,1.2463640411267
1801191663,Thu,Aye,M,M.D,I,374 Stockholm St,,Brooklyn,NY,36,11237,1,"Metropolitan area core: primary flow within an urbanized area of 50,000 and greater",US,Internal Medicine,S,2114,5418.4,90236.36,157581,418,,2051,5271.5,89000.98,153503,,402,,461,56214.34,,1627,33467.51,,26,554.51,,2088,89968.68,,26,267.68,,438,21414.02,,1676,68822.34,56,792.28,820,37,2.6490066225166,,,,,,39,370.87,34,*,,,*,,73.636363636364,16,242,112,48,261,157,147,41,123,78,0,29,58,360,0.95808528562102
1801822333,Momot,Christopher,D,M.D.,I,2212 Penfield Rd,Suite 100,Penfield,NY,36,14526,1,"Metropolitan area core: primary flow within an urbanized area of 50,000 and greater",US,Family Practice,S,10660,21750.366666667,597655.54,638153,771,,9543,20127.666666667,548597.07,591030,,707,,1116,368210.91,,9460,226096.72,,84,3347.91,,9225,514617.52,,1435,83038.02,,1476,103292.46,,9184,494363.08,280,9551.34,7051,75,2.6266416510319,31,4119.99,912,,11.071428571429,227,3180.32,145,,18,1155.27,*,,73.684824902724,64,359,259,89,369,402,710,16,,,0,28,70,701,0.98013572228184
1801840467,Phillips,Leroy,J,MD,I,600 Westage Business Ctr Dr,,Fishkill,NY,36,12524,1,"Metropolitan area core: primary flow within an urbanized area of 50,000 and greater",US,Family Practice,S,1024,1027,66018.42,9479,590,,859,862,61015.6,7644,,501,,409,59113.63,,615,6904.79,,0,0,,212,15349.6,,812,50668.82,,183,9225.55,,841,56792.87,21,95.83,141,21,2.05078125,0,0,0,0,0,302,3145.66,257,,0,0,,0,70.733898305085,89,304,155,42,375,215,503,19,,36,,26,85,505,1.0436763509892
1801857222,Ricker,Kerry,,D.O.,I,112 Charlton Rd,,Ballston Lake,NY,36,12019,1,"Metropolitan area core: primary flow within an urbanized area of 50,000 and greater",US,Family Practice,S,4219,7582.4666666667,360708.3,216557,366,,3649,6801,319855.99,194755,,335,,630,244400.95,,3561,114838.94,,28,1468.41,,2647,259345.71,,1572,101362.59,,837,57248.82,,3382,303459.48,223,10109.11,5269,47,5.2856127044323,34,3780.81,1020,,15.2466367713,176,2381.38,114,,13,276.87,*,,72.628415300546,31,198,97,40,258,108,344,,,,0,15,31,335,1.0708770138391
1801893318,Demuro,Rob,L,M.D.,I,66 Park St,,Elizabethtown,NY,36,12932,10,"Rural areas: primary flow to a tract outside a urbanized area of 50,000 and greater or UC",US,Internal Medicine,S,7929,15210.633333333,842978.04,443621,536,,5833,12139.466666667,589605.3,355180,,438,,1575,676016.04,,6271,163685.57,,83,3276.43,,1806,171194.03,,6123,671784.01,,3657,439865.58,,4272,403112.46,269,8538.99,7260,64,3.3926094085004,32,5191.8,1330,,11.895910780669,182,30288.81,105,,40,2531.92,*,,71.783582089552,98,210,168,60,252,284,508,,,,0,18,164,372,1.0631212376378
1801893755,Melgar,Michael,J,MD,I,107 Northern Blvd,Suite 206,Great Neck,NY,36,11021,1,"Metropolitan area core: primary flow within an urbanized area of 50,000 and greater",US,Internal Medicine,S,2962,5895.6666666667,199717.14,172694,272,,2914,5835.8333333333,198179.37,171119,"#",,"#",,,,2494,65191.45,*,,,,460,20417.96,,2502,179299.18,,210,11667.91,,2752,188049.23,,,,,,,,,,,65,820.95,51,*,,,*,,74.845588235294,,,,,162,110,237,,,11,0,14,17,255,0.89819944852941
1134316938,Zhang,Xiaoxia,,M.D.,I,3907 Prince St Ste 6h,,Flushing,NY,36,11354,1,"Metropolitan area core: primary flow within an urbanized area of 50,000 and greater",US,Family Practice,S,12951,18328.033333333,829044.67,533515,471,,12825,18176.033333333,826540.46,529276,"#",,,1877,543774.81,,10693,273001.96,,381,12267.9,,10618,685372.13,,2333,143672.54,,12151,801911.02,,800,27133.65,0,0,0,0,0,0,0,0,0,,372,2409.71,224,,0,0,*,,72.386411889597,,,,,257,214,,,452,,0,,398,73,1.0344582887124
1134356249,Rotella,Anthony,D,D.O.,I,510 S 4th St,Suite 600,Fulton,NY,36,13069,2,"Metropolitan area high commuting: primary flow 30% or more to a urbanized area of 50,000 and greater",US,Family Practice,S,4459,8164.4,340987.63,237329,390,,3602,6893.0666666667,266620.77,201324,,305,,654,250949.21,,3758,87808.04,,47,2230.38,,1836,142560.85,,2623,198426.78,,1104,98643.21,,3355,242344.42,119,9661.91,3127,33,2.668759811617,22,8018.03,660,,18.487394957983,127,2149.61,84,*,,,*,,70.812820512821,85,142,115,48,181,209,340,29,,,,12,98,292,1.3238759295016
1134485352,Desain,Mary,C,MD,I,601 Elmwood Ave,Box Med,Rochester,NY,36,14642,1,"Metropolitan area core: primary flow within an urbanized area of 50,000 and greater",US,Internal Medicine,S,964,1558.3,91970.39,44835,96,,676,1189.5666666667,55929.87,34114,,66,"#",,,,728,12954.66,*,,,,664,53466.78,,300,38503.61,,397,46374.3,,567,45596.09,64,3234.59,1617,17,6.6390041493776,16,2577.9,480,,25,11,256.27,,,0,0,,0,67.729166666667,30,37,,,56,40,59,20,,12,,,38,58,1.9707876940936
1134569502,Cellino,Alexandra,M,P.A.,I,3345 Southwestern Blvd,,Orchard Park,NY,36,14127,1,"Metropolitan area core: primary flow within an urbanized area of 50,000 and greater",US,Physician Assistant,S,14730,27454,1063479.73,796005,1278,,13552,25760.166666667,994570.04,748072,,1191,,2257,788962.52,,12366,270740.78,,107,3776.43,,10548,694441.36,,4182,369038.37,,1830,138799.95,,12900,924679.78,546,34843.28,14346,158,3.7067209775967,77,24677.97,2234,16,14.102564102564,445,3575.85,308,,17,1387.07,*,,74.175273865415,87,603,421,167,681,597,1216,11,0,11,0,40,89,1189,1.1584442450263
1134597339,Snider,Andrew,,PA-C,I,5000 Brittonfield Pkwy Ste A100,,East Syracuse,NY,36,13057,1,"Metropolitan area core: primary flow within an urbanized area of 50,000 and greater",US,Physician Assistant,S,3546,7391.9666666667,285853.54,216626,423,,3118,6740.9666666667,260764.71,197824,,384,,524,197677.5,,3006,87548.7,,16,627.34,,1783,128336.8,,1763,157516.74,,526,33656.68,,3020,252196.86,48,972.4,1045,22,1.3536379018613,,,,,,83,1286.72,69,,12,266.26,*,,74.302600472813,39,191,125,68,223,200,377,25,,,0,18,42,381,1.1574666359699
1144202482,Goltz,Hayden,R,DO,I,1130 Crosspointe Ln,Suite 8,Webster,NY,36,14580,1,"Metropolitan area core: primary flow within an urbanized area of 50,000 and greater",US,Internal Medicine,S,4503,9493.2333333333,217700.29,279213,295,,4277,9208.3333333333,210964.22,270901,,283,,476,127367.59,,3993,88823.4,,34,1509.3,,3899,167828.51,,604,49871.78,,207,9673.98,,4296,208026.31,41,469.43,1170,,0.9105041083722,0,0,0,,0,111,1362.1,73,*,,,*,,75.406779661017,12,134,98,51,164,131,272,,,,0,15,17,278,0.99785426439193
1144221110,Lotsvin,Liliya,,M.D.,I,3533 Riverdale Ave,,Bronx,NY,36,10463,1,"Metropolitan area core: primary flow within an urbanized area of 50,000 and greater",US,Internal Medicine,S,10051,13970.066666667,513715.43,407866,467,,9916,13819.066666667,510479.52,403402,"#",,,1677,320573.46,,8329,191712.29,,45,1429.68,,1968,113487.02,,8083,400228.41,,4871,280649.3,,5180,233066.13,70,893.93,1896,18,0.69644811461546,0,0,0,0,0,121,1433.45,91,,39,242.27,*,,79.563169164882,,,,,346,121,331,38,,59,,32,136,331,1.4335820948518
1144224551,Stone,Eileen,D,MD,I,739 Irving Ave,Ste 200,Syracuse,NY,36,13210,1,"Metropolitan area core: primary flow within an urbanized area of 50,000 and greater",US,Internal Medicine,S,3759,8194.0666666667,278455.45,240935,367,,3648,7998.4333333333,264536.94,235318,,351,,671,197690.08,,3071,80156.82,,17,608.55,,1269,77743.26,,2490,200712.19,,295,26734.1,,3464,251721.35,47,577.06,1151,19,1.2503325352487,0,0,0,0,0,70,822.06,45,*,,,*,,74.506811989101,16,194,96,61,306,61,337,15,0,,0,,27,340,0.99490291832836
1144256405,Koon,Wong,L,M.D.,I,13347 Sanford Ave,No. 2a,Flushing,NY,36,11355,1,"Metropolitan area core: primary flow within an urbanized area of 50,000 and greater",US,Internal Medicine,S,9046,15343.333333333,819856.33,449002,402,,9006,15302.166666667,818544.36,448064,"#",,,1690,618737.86,,7249,197700.01,,107,3418.46,,5213,477042.07,,3833,342814.26,,6212,576656.46,,2834,243199.87,0,0,0,0,0,0,0,0,0,,302,5203.71,190,,22,2747.04,*,,77.02736318408,,,,,222,180,,0,376,,0,21,177,225,1.055284455445
1144258476,Kaul,Vanita,S,MD,I,350 South Broadway,,Hicksville,NY,36,11801,1,"Metropolitan area core: primary flow within an urbanized area of 50,000 and greater",US,Internal Medicine,S,8575,19935.2,520611.69,590366,758,,8404,19568.2,515268.54,579570,,726,,1235,343715.57,,7304,175171.66,,36,1724.46,,6106,362055.45,,2469,158556.24,,2049,159352.42,,6526,361259.27,19,184.06,495,13,0.22157434402332,0,0,0,0,0,94,836.86,82,,12,158.23,*,,76.823218997361,32,295,273,158,488,270,479,74,117,56,,,140,618,1.1631531165566
1144262379,Wesley,Kimberly,M,ANP,I,2 Coulter Rd,,Clifton Springs,NY,36,14432,2,"Metropolitan area high commuting: primary flow 30% or more to a urbanized area of 50,000 and greater",US,Nurse Practitioner,S,1056,1056,39612.67,25955,29,,595,595,20110.41,13856,,13,,137,27505.21,,919,12107.46,,0,0,,114,7198.83,,942,32413.84,"#",,,*,,,0,0,0,0,0,0,0,0,0,,,,,,0,0,,0,63.034482758621,16,11,,,16,13,27,,,0,0,0,,,1.6268793103448
1144271917,Brum,Seth,U,M.D.,I,2315 Victory Blvd,,Staten Island,NY,36,10314,1,"Metropolitan area core: primary flow within an urbanized area of 50,000 and greater",US,Internal Medicine,S,18425,29940.333333333,2260311.4,864336,1432,,13164,23476.966666667,1523987.78,679306,,1156,,3933,1845346.77,,14208,398305.54,,284,16659.09,,7288,848445.86,,11137,1411865.54,,10679,1519565.62,,7746,740745.78,105,1673.59,3056,42,0.56987788331072,,,,,,719,277508.91,407,,120,18441.28,,25,70.439944134078,276,686,365,105,752,680,1121,74,52,136,,,459,973,1.3761624005052
1144274150,Berk,Charles,,MD,I,794 Union St,,Brooklyn,NY,36,11215,1,"Metropolitan area core: primary flow within an urbanized area of 50,000 and greater",US,Family Practice,S,1238,2573.9,83400.03,75162,116,,1144,2430.9,77009.66,71079,"#",,,225,56948.83,,994,25835.13,,19,616.07,,606,31181.69,,632,52218.34,,177,15294.98,,1061,68105.05,17,411.92,446,,1.373182552504,0,0,0,,0,25,325.18,14,*,,,*,,72.379310344828,,,,,55,61,63,41,,,0,,,,0.90415353354901
1144278474,Ashdown,Adrian,,M.D.,I,6279 South Hornell Rd,Ste B,Hornell,NY,36,14843,4,"Micropolitan area core: primary flow within an urban cluster of 10,000 to 49,999",US,Family Practice,S,9951,18550,1039255.71,539800,608,,7091,14461.233333333,706538.99,422627,,456,,1516,799150.83,,8278,232783.49,,157,7321.39,,3530,343837.7,,6421,695418.01,,4801,606393.6,,5150,432862.11,429,42218.6,10749,86,4.3111245100995,74,33059.28,1878,,17.249417249417,176,1899.5,103,,35,4854.03,*,,69.518092105263,152,255,150,51,326,282,566,,,,,19,220,388,1.2261435414529
1144286485,Corigliano,Joseph,F,DO,I,325 Essjay Rd,Suite 110,Williamsville,NY,36,14221,1,"Metropolitan area core: primary flow within an urbanized area of 50,000 and greater",US,Family Practice,S,10687,24167.433333333,1182706.82,710853,766,,10129,23151.6,1130309.71,681299,,721,,1689,952404.73,,8909,225656.21,,89,4645.88,,7709,546097.63,,2978,636609.19,,785,54316.97,,9902,1128389.85,256,7614.18,6813,79,2.3954337045008,,,,,,229,2736.62,138,*,,,*,,74.466057441253,45,370,250,101,439,327,723,20,,,,16,44,722,1.085516746256
1144287467,Orbon,Paul,G,DO,I,975 Stewart Ave,,Garden City,NY,36,11530,1,"Metropolitan area core: primary flow within an urbanized area of 50,000 and greater",US,Allergy/ Immunology,S,6179,14029.433333333,381068.18,414190,560,,5718,13270.966666667,345560.91,391972,,527,,847,229411.43,,5307,149998.07,,25,1658.68,,1681,113520.22,,4498,267547.96,,879,87213.97,,5300,293854.21,116,3215.55,2991,33,1.8773264282246,,,,,,144,2456.48,117,,26,1150.7,*,,75.742857142857,33,221,212,94,301,259,456,59,,29,,15,60,500,1.2247530024253
1144288143,Guida,Charles,V,MD,I,325 Meeting House Ln,"Bldg #2 Suite 403",Southampton,NY,36,11968,1,"Metropolitan area core: primary flow within an urbanized area of 50,000 and greater",US,Internal Medicine,S,5355,9704.7,429396.85,279307,359,,4886,9154.7,326068.83,266229,,333,,885,315527.29,,4446,113118.79,,24,750.77,,902,63793.53,,4453,365603.32,,1493,151996.21,,3862,277400.64,68,3249.29,964,26,1.2698412698413,15,2551.29,375,,22.058823529412,45,786.75,39,,31,1825.86,,11,76.974930362117,26,113,143,77,211,148,294,41,0,,,17,66,293,1.3523764290713
1144298175,Rodriguez,Rafael,,MD,I,9001a Roosevelt Ave,2nd Floor,Jackson Heights,NY,36,11372,1,"Metropolitan area core: primary flow within an urbanized area of 50,000 and greater",US,Internal Medicine,S,15668,29441.2,2122560.07,867944,1001,,13333,25637.766666667,1768298.82,756130,,876,,3874,1798507.14,,11241,301117.72,,553,22935.21,,13713,1834641.34,,1955,287918.73,,12436,1900127.07,,3232,222433,152,1733.01,4241,58,0.97013020168496,,,,,,229,1811.09,178,,46,425.76,,15,71.578421578422,125,534,267,75,558,443,48,,,921,0,13,667,334,1.1338862465432
1144302886,Enzien,Ernest,M,MD,I,5 Elm Ave,,Delmar,NY,36,12054,1,"Metropolitan area core: primary flow within an urbanized area of 50,000 and greater",US,Family Practice,S,4874,9585.9333333333,358574.83,275987,606,,4226,8657.7,313551.41,250272,,548,,597,259199.91,,4248,97991.98,,29,1382.94,,2886,181584.78,,1988,176990.05,,956,86783.73,,3918,271791.1,277,10634.49,7120,70,5.6832170701682,24,6153.38,832,,8.6642599277978,85,1084.6,63,,13,324.85,*,,72.443894389439,58,302,176,70,212,394,551,17,,,0,24,74,532,1.0686153369398
1144304908,Seaman,Tami,,,I,713 Troy Schenectady Rd,Suite 224,Latham,NY,36,12110,1,"Metropolitan area core: primary flow within an urbanized area of 50,000 and greater",US,Family Practice,S,7687,13663.6,621276.62,396934,531,,6205,11707.833333333,506115.22,341245,,464,,1067,444163.44,,6556,174762.49,,64,2350.69,,4068,277191.83,,3619,344084.79,,2022,142274.19,,5665,479002.43,326,42191.53,8386,66,4.240926239105,36,36395.56,1080,,11.042944785276,170,3008.7,101,*,,,*,,70.879472693032,67,276,152,36,388,143,499,,,,0,17,85,446,1.0365283571303
1144315367,Taneja,Sanjay,,M.D.,I,294 Grand Ave,,Saratoga Springs,NY,36,12866,1.1,"Secondary flow 30% to <50% to a larger urbanized area of 50,000 and greater",US,Family Practice,S,10732,16464.133333333,992197.35000001,368119,3255,,10120,15563.8,935968.91000001,348586,,3052,,4898,859808.61000001,,5766,129172.78,,68,3215.96,,5778,520700.53999999,,4954,471496.81,,1972,166883.81,,8760,825313.54,108,1050.01,2666,29,1.0063361908312,0,0,0,0,0,194,2411.05,111,*,,,*,,73.011059907834,203,1795,1016,241,1813,1442,2997,,48,40,,134,354,2901,0.91218135754455
1144337122,Marcelo,Janette,,M.D.,I,8452 63rd Ave,,Middle Village,NY,36,11379,1,"Metropolitan area core: primary flow within an urbanized area of 50,000 and greater",US,Internal Medicine,S,8009,17922.333333333,686554.57,517862,616,,7661,17274.166666667,654214.92,499271,,590,,1394,491744.33,,6531,189267.89,,84,5542.35,,3215,270375.42,,4794,416179.15,,1247,149095.83,,6762,537458.74,156,3892.83,2959,40,1.9478087151954,15,601.21,420,,9.6153846153846,469,5991.26,234,,55,15192.36,,11,75.965909090909,26,264,218,108,456,160,489,14,39,44,0,30,65,551,1.1150268953498
1144340225,Jung,Anthony,H,M.D,I,40-18murray Street,,Flushing,NY,36,11354,1,"Metropolitan area core: primary flow within an urbanized area of 50,000 and greater",US,Internal Medicine,S,40248,48578.533333333,4392863.74,1428987,1293,,39083,47314.966666667,4236043.21,1391673,,1253,,10756,3795273.72,,27499,525580.99,,1993,72009.03,,18057,1780720.85,,22191,2612142.89,,33156,3935697.64,,7092,457166.1,77,571.04,1529,34,0.19131385410455,0,0,0,0,0,509,4261.8,346,,65,1179,*,,74.009280742459,40,657,512,84,765,528,19,,1167,16,,86,824,469,1.1317615793707
1144374380,Kogan,Faina,,MD,I,280 Quentin Rd,,Brooklyn,NY,36,11223,1,"Metropolitan area core: primary flow within an urbanized area of 50,000 and greater",US,Internal Medicine,S,9739,14255.2,1110186.46,416812,548,,9232,13541.7,1054996.13,396190,,510,,2579,904090.17,,6970,197039.69,,190,9056.6,,3727,355776.32,,6012,754410.14,,7354,933791.83,,2385,176394.63,39,305.97,771,26,0.40045179176507,0,0,0,0,0,117,1574.13,83,,38,661.25,,11,75.875912408759,38,212,199,99,380,168,333,46,31,96,0,42,326,222,1.6615926713019
1144378837,Burke,Robert,E,M.D.,I,100 John Roemmelt Dr,Suite 301,Horseheads,NY,36,14845,1,"Metropolitan area core: primary flow within an urbanized area of 50,000 and greater",US,Internal Medicine,S,9664,18730.333333333,758567.13,544655,481,,8003,16191.2,620806.21,471333,,409,,1400,537837.98,,8197,217309.12,,67,3420.03,,4416,288384.5,,5248,470182.63,,2903,262460.27,,6761,496106.86,181,4069.44,4664,39,1.8729304635762,17,1250.23,483,,9.3922651933702,284,6728.28,164,,15,261.93,*,,72.775467775468,72,201,147,61,244,237,450,16,,,0,,95,386,1.397219018042
1144394966,Lee,Edward,E,M.D.,I,164-10 Northern Blvd,Suite 210,Flushing,NY,36,11358,1,"Metropolitan area core: primary flow within an urbanized area of 50,000 and greater",US,Internal Medicine,S,11983,13095.6,2143522.06,383899,315,,9986,11017,1784980.14,322987,,283,,4398,1952995.22,,7253,181572.2,,332,8954.64,,5102,830126.02,,6881,1313396.04,,11071,2081876.78,,912,61645.28,,,,,,,,,,,106,1349.83,64,*,,,*,,74.139682539683,32,131,114,38,169,146,11,,259,20,,15,250,65,2.2767568067751
1154305266,Baker,Karen,M,NP,I,401 Main St,,Arcade,NY,36,14009,7,"Small town core: primary flow within an urban cluster of 2,500 to 9,999",US,Nurse Practitioner,S,3778,7749.2333333333,357190.97,225752,281,,3248,7007.5666666667,331855.66,204354,,251,,617,282243.77,,3124,73201.71,,37,1745.49,,2831,270139.12,,947,87051.85,,939,98128.32,,2839,259062.65,38,569.27,793,12,1.0058231868714,0,0,0,0,0,140,1727.83,83,,13,1343.66,*,,72.900355871886,30,140,82,29,182,99,268,,0,,,,54,227,1.3243190941809
1154316503,Shah,Parag,J,MD,I,2 Crosfield Ave,Suite 318,West Nyack,NY,36,10994,1,"Metropolitan area core: primary flow within an urbanized area of 50,000 and greater",US,Internal Medicine,S,11192,19582.166666667,826880.08,544284,810,,10449,18237,760714.57,506821,,753,,1953,543974.35,,9213,278920.74,,26,3984.99,,2608,153708.5,,8584,673171.58,,5170,388352.77,,6022,438527.31,251,7531.34,4651,94,2.2426733380986,32,2770.5,831,,12.749003984064,328,5797.07,143,,163,21653.46,,26,77.181481481481,57,266,280,207,401,409,657,57,41,29,0,26,188,622,1.6986596362859
1154322584,Mosse,Christine,,MD,I,2336 2nd Ave,Second Avenue Physician Practice,New York,NY,36,10035,1,"Metropolitan area core: primary flow within an urbanized area of 50,000 and greater",US,Internal Medicine,S,7642,12168.566666667,677657.29,351319,236,,6435,10389.933333333,567968.26,300675,,201,,1584,531298.57,,5788,133711.27,,270,12647.45,,6522,574891.96,,1120,102765.33,,6744,634190.14,,898,43467.15,213,3198.54,5263,39,2.7872284742214,11,605.09,320,,5.1643192488263,234,2063.94,111,,43,952.19,*,,73.648305084746,35,84,96,21,137,99,,73,,154,0,0,179,57,1.6699387354
1154323780,Bariletti,Valerio,F,MD,I,156 Rt 59,Unit B2,Suffern,NY,36,10901,1,"Metropolitan area core: primary flow within an urbanized area of 50,000 and greater",US,Internal Medicine,S,4980,12268.866666667,408166.11,363449,424,,4686,11740.866666667,386739.37,347989,,398,,574,250327.85,,4383,156777.94,,23,1060.32,,1532,119041,,3448,289125.11,,637,40948.08,,4343,367218.03,69,1154.48,1701,15,1.3855421686747,0,0,0,0,0,68,811.06,55,*,,,*,,75.419811320755,26,173,155,70,223,201,353,24,,17,,22,35,389,1.0648248716254
1154335222,Friedman,Sanford,J,MD,I,941 Park Ave,,New York,NY,36,10028,1,"Metropolitan area core: primary flow within an urbanized area of 50,000 and greater",US,Cardiology,S,6037,13238.4,805736.08,388929,430,,5932,13007.4,788535.99,382049,"#",,"#",,,,4514,195860.66,*,,,,583,60449.59,,5454,745286.49,,104,6681.71,,5933,799054.37,27,1231.86,665,22,0.44724200761968,,,,,,173,1796.02,91,,13,703.76,*,,77.183720930233,,,,,186,244,387,11,,,0,22,,,1.0777125087546
1154345437,Huang,Amy Pang Fu,,MD,I,135 East 37 Th,,New York,NY,36,10016,1,"Metropolitan area core: primary flow within an urbanized area of 50,000 and greater",US,Internal Medicine,S,2487,5052.7,161680.65,148040,279,,2469,5024.7,161435.02,147305,"#",,"#",,,,2033,54087.02,*,,,,501,30152.12,,1986,131528.53,,184,16110.41,,2303,145570.24,,,,,,,,,,,81,1401.5,58,*,,,*,,75.279569892473,,,,,222,57,230,,13,,0,18,14,265,0.93139545997611
1154365559,Antfleck,Alan,M,M.D.,I,3800 Delaware Ave,Suite 102,Kenmore,NY,36,14217,1,"Metropolitan area core: primary flow within an urbanized area of 50,000 and greater",US,Internal Medicine,S,2418,4075.7666666667,162089.58,120320,142,,1989,3585.7666666667,141035.97,105871,,121,"#",,,,2027,35459.08,*,,,,1562,94648.98,,856,67440.6,,557,41593.15,,1861,120496.43,67,2964.62,1982,12,2.7708850289495,0,0,0,0,0,30,233.86,23,*,,,*,,72.943661971831,21,57,42,22,75,67,123,17,,0,0,,31,111,1.1166144366197
1154376432,Shedd,Nancy,G,M.D.,I,1850 Ridge Rd E,,Rochester,NY,36,14622,1,"Metropolitan area core: primary flow within an urbanized area of 50,000 and greater",US,Internal Medicine,S,4962,9059.5666666667,338470.04,262288,387,,4330,8187.9666666667,298198.87,238043,,349,,693,220166.69,,4218,116971.58,,51,1331.77,,4075,280888.29,,887,57581.75,,1238,107389.27,,3724,231080.77,210,8757.9,5810,40,4.2321644498186,32,1991.89,922,,15.238095238095,120,1689.36,75,,0,0,,0,73.674418604651,38,180,115,54,291,96,332,27,,,0,17,55,332,1.0202384608971
1154377380,Childs,Marc,E,MD,I,185 Route 312,,Brewster,NY,36,10509,1,"Metropolitan area core: primary flow within an urbanized area of 50,000 and greater",US,Pediatric Medicine,S,120,123,18411.17,587,103,"#",,,,,"#",,,120,18411.17,,0,0,,0,0,,11,1831.34,,109,16579.83,*,,,"#",,,0,0,0,0,0,0,0,0,0,,0,0,0,*,,,*,,73.640776699029,,,,,51,52,92,,,,0,,,,0.80083495145631
1154388049,Ross,Lynne,S,MD,I,43 Niagara St,,North Tonawanda,NY,36,14120,1,"Metropolitan area core: primary flow within an urbanized area of 50,000 and greater",US,Family Practice,S,11634,19572.266666667,1040666.21,563725,569,,8452,14993.333333333,737618.39,432058,,452,,2109,790623.13,,9401,244221.38,,124,5821.7,,7834,701741.73,,3800,338924.48,,4932,502431.1,,6702,538235.11,625,62438.52,17956,98,5.3721849750731,114,44844.79,3376,14,18.24,331,24757.33,151,,66,1319.01,,15,70.07381370826,117,285,117,50,354,215,548,,,,,,163,406,1.127739733203
1154402808,Ward,Anna Marie,,MD,I,179 N Broad St,,Norwich,NY,36,13815,7,"Small town core: primary flow within an urban cluster of 2,500 to 9,999",US,Family Practice,S,6960,13163.566666667,531330.87,382975,528,,5266,10745.166666667,392191.2,313266,,419,,1286,412680.7,,5603,114192.26,,71,4457.91,,3033,239614.22,,3927,291716.65,,3157,272989.62,,3803,258341.25,173,5765.53,4116,40,2.485632183908,,,,,,200,2211.62,114,*,,,*,,70.778409090909,109,221,144,54,344,184,493,,,,0,20,193,335,1.2095840064032
1154403855,Wein,Michael,S,MD,I,111 Bedford Rd,Caremount Medical Pc,Katonah,NY,36,10536,1,"Metropolitan area core: primary flow within an urbanized area of 50,000 and greater",US,Internal Medicine,S,6301,13179.066666667,281377.25,386691,645,,6196,13018.066666667,277187.49,382041,"#",,"#",,,,5498,118786.66,*,,,,1286,48689.76,,5015,232687.49,,269,8247.9,,6032,273129.35,63,1305.07,1396,19,0.99984129503253,0,0,0,0,0,182,2489.02,137,,14,166.25,*,,76.403100775194,,,,,299,346,591,,,,0,28,29,616,1.0498568429396
1154417871,Lee,Chang,S,M.D.,I,38-05 Bowne St.,,Flushing,NY,36,11354,1,"Metropolitan area core: primary flow within an urbanized area of 50,000 and greater",US,Internal Medicine,S,59734,67817,5271266.68,1987480,1598,,58781,66789.2,5171696.1,1957452,,1573,,13975,4246575.24,,45222,1011303.42,,537,13388.02,,31614,2398445.12,,28120,2872821.56,,53330,5076724.29,,6404,194542.39,256,2739.04,6688,80,0.42856664546155,0,0,0,0,0,1319,20535.19,640,,128,4702.64,,13,74.283479349186,25,896,508,169,922,676,24,,1475,14,,78,1194,404,1.0193077404992
1154418234,Etingin,Orli,R,MD,I,"1315 York Ave # 1",,New York,NY,36,10021,1,"Metropolitan area core: primary flow within an urbanized area of 50,000 and greater",US,Internal Medicine,S,2688,4688.9666666667,184050.41,133430,293,,2688,4688.9666666667,184050.41,133430,,293,,632,117502.18,,2056,66548.23,,0,0,,235,8251.47,,2453,175798.94,,0,0,,2688,184050.41,15,848.27,235,,0.55803571428571,,,,,,168,2153.22,100,,30,263.08,*,,73.716723549488,0,171,101,21,262,31,275,,,0,0,15,0,293,0.74778875106622
1154429215,Adebayo,Adegboyega,T,MD,I,40 West I35th Street,Suite 1d,New York,NY,36,10037,1,"Metropolitan area core: primary flow within an urbanized area of 50,000 and greater",US,Internal Medicine,S,8176,14441.233333333,1015984.56,422386,412,,6720,11973.966666667,796279.26,350253,,347,,1712,858135.61,,6314,149891.18,,150,7957.77,,6287,684248.67,,1889,331735.89,,6086,733372.96,,2090,282611.6,188,2735.49,3708,49,2.2994129158513,0,0,0,0,0,139,15231.97,94,,71,3041.23,,20,71.98786407767,65,187,113,47,242,170,,201,0,200,0,,258,154,1.2810349412193
1154490530,Horowitz,Mark,D,MD,I,21 East 90th St,,New York,NY,36,10128,1,"Metropolitan area core: primary flow within an urbanized area of 50,000 and greater",US,Internal Medicine,S,2421,4918.1,348204.19,139034,284,,2362,4787.1,344926.88,135252,"#",,"#",,,,1981,62978.99,*,,,,111,25901.23,,2310,322302.96,,230,64587.32,,2191,283616.87,48,1774.27,1131,19,1.9826517967782,0,0,0,0,0,206,2798.66,88,,0,0,*,,75.989436619718,,,,,168,116,228,20,,18,,16,13,271,1.2720884032469
1154497642,Zheng,Hanbin,,M.D.,I,86 Bowery,4th Floor,New York,NY,36,10013,1,"Metropolitan area core: primary flow within an urbanized area of 50,000 and greater",US,Internal Medicine,S,19236,22757.066666667,1831808.79,658727,621,,18491,21866.2,1726707.34,632920,,583,,4787,1494345.6,,13969,316184.7,,480,21278.49,,12721,1245196.07,,6515,586612.72,,17889,1706618.86,,1347,125189.93,,,,,,,,,,,275,2008.17,191,,43,441.77,,11,74.066022544283,38,315,185,83,326,295,,,606,0,0,,523,98,1.3511918670522
1154534410,Pablos-Mendez,Ariel,,M.D.,I,622 W 168th St,,New York,NY,36,10032,1,"Metropolitan area core: primary flow within an urbanized area of 50,000 and greater",US,Internal Medicine,S,2494,3228.7333333333,206906.61,94530,141,,2379,3091.7333333333,202343.8,90640,,130,,434,179142.6,,2030,26760.77,,30,1003.24,,1597,160210.23,,897,46696.38,,2337,200964.47,,157,5942.14,,,,,,,,,,,,,,*,,,*,,74.673758865248,11,64,42,24,97,44,,17,,120,0,0,122,19,1.6936982391814
1154550523,Kessel,Lisa,M,N.P.,I,77 Nelson St,Suite 240,Auburn,NY,36,13021,4,"Micropolitan area core: primary flow within an urban cluster of 10,000 to 49,999",US,Nurse Practitioner,S,3767,7402.7666666667,215558.48,213661,590,,3538,7055.2,200080.77,203951,,560,"#",,,,3318,76679.8,*,,,,3113,169934.12,,654,45624.36,,395,28326.71,,3372,187231.77,81,3506.27,2370,33,2.1502521900717,,,,,,154,1861.61,115,*,,,*,,74.250847457627,30,305,188,67,339,251,527,30,,,0,22,42,548,1.0813087595954
1154581692,Brilliant,Rachelle,,DO,I,101 Jordan Rd,Suite 104,Troy,NY,36,12180,1,"Metropolitan area core: primary flow within an urbanized area of 50,000 and greater",US,Family Practice,S,8295,13195.6,596168.08,383412,542,,6634,11191.8,487318.6,326915,,445,,1318,450972.34,,6910,142195.54,,67,3000.2,,4914,326987.9,,3381,269180.18,,2884,201983.21,,5411,394184.87,269,16397.86,7548,52,3.2429174201326,34,6896.73,1260,,12.639405204461,137,2766.01,80,,0,0,,0,70.651291512915,97,262,125,58,368,174,489,37,,,0,,139,403,1.2112063802344
1154588713,Kyaw,Soe,P,MD,I,16 W Bridge St,"Suite # 1",Saugerties,NY,36,12477,1,"Metropolitan area core: primary flow within an urbanized area of 50,000 and greater",US,Family Practice,S,7949,13903.4,481113.49,407811,483,,6726,12003.166666667,392097.16,352824,,424,,1206,330001.21,,6697,148891.46,,46,2220.82,,3037,174913.65,,4912,306199.84,,2636,172943.93,,5313,308169.56,164,3173.85,4293,43,2.063152597811,,,,,,126,2246.58,90,,37,1163.07,*,,73.913043478261,59,192,151,81,250,233,449,,,,0,12,95,388,1.1968102823993
1154661619,Allen,Bradley,,PHARM. D,I,506 S Franklin St,,Watkins Glen,NY,36,14891,7,"Small town core: primary flow within an urban cluster of 2,500 to 9,999",US,Pharmacist,T,33,33,4827.18,91,22,"#",,,,,"#",,,33,4827.18,,0,0,,0,0,,13,1738.27,,20,3088.91,,11,1514.03,,22,3313.15,0,0,0,0,0,0,0,0,0,,0,0,0,*,,,*,,69.045454545455,,,,,,,19,,0,,0,,,,1.6368636363636
1154865210,Adams,Brooke,E,ANP,I,3320 N. Benzing Road,,Amherst,NY,36,14226,1,"Metropolitan area core: primary flow within an urbanized area of 50,000 and greater",US,Nurse Practitioner,S,4454,8085.7333333333,329179.52,232020,626,,3698,6880.7,272875.52,197376,,550,,665,240779.17,,3772,87643.38,,17,756.97,,3104,187087.14,,1350,142092.38,,608,89722.34,,3846,239457.18,174,13063.39,4317,65,3.9066008082622,25,7601.54,707,,14.367816091954,163,2164.25,118,*,,,*,,72.816293929712,76,288,197,65,373,253,608,,,,0,,66,560,1.0549313733025
1164420378,Reubens,Harold,V,M.D.,I,7300 Porter Rd,,Niagara Falls,NY,36,14304,1,"Metropolitan area core: primary flow within an urbanized area of 50,000 and greater",US,Family Practice,S,14407,23865.366666667,837219.27,619891,719,,13363,22249.466666667,766795.67,573165,,648,,1991,611970.05,,12289,218556.32,,127,6692.9,,10579,655253.59,,3828,181965.68,,5373,209474.86,,9034,627744.41,405,9564.51,11133,95,2.8111334767821,32,2417.08,1125,,7.9012345679012,328,7000.14,198,,46,318.5,*,,74.045897079277,71,336,198,114,418,301,676,21,,,0,14,107,612,1.2419241658903
1164436515,Berkowitz,Harry,W,MD,I,1319 Avenue P,,Brooklyn,NY,36,11229,1,"Metropolitan area core: primary flow within an urbanized area of 50,000 and greater",US,Internal Medicine,S,9495,17534.966666667,761884.63,497405,563,,8758,16052.733333333,699198.86,455018,,514,,1931,571450.23,,7456,184410.15,,108,6024.25,,3989,261921.64,,5506,499962.99,,3896,294070.27,,5599,467814.36,96,612.78,1908,43,1.0110584518167,,,,,,197,4469,127,,54,2493,,17,75.721136767318,49,220,177,117,347,216,392,100,14,32,0,25,170,393,1.5232867006959
1164447629,Jing,Wuhua,,MD,I,8 Chatham Sq,Suite 800,New York,NY,36,10038,1,"Metropolitan area core: primary flow within an urbanized area of 50,000 and greater",US,Internal Medicine,S,25702,45714.166666667,5490362.96,1358708,593,,24502,44207,5301382.66,1313894,,575,,8959,4742635.03,,16201,732346.36,,542,15381.57,,21845,4629111.34,,3857,861251.62,,24574,5362848.97,,1128,127513.99,,,,,,,,,,,167,35012.98,106,,80,1977.49,,15,73.993254637437,18,337,171,67,258,335,,,569,,0,15,516,77,1.2122805542684
1164457297,Esposito,Riccardo,J,M.D.,I,462 Broadway,,Kingston,NY,36,12401,1,"Metropolitan area core: primary flow within an urbanized area of 50,000 and greater",US,Family Practice,S,7994,16951.633333333,675224.45,480069,881,,7179,15736.466666667,613090.62,446044,,800,,1478,471293.64,,6431,199701.17,,85,4229.64,,2585,226141.27,,5409,449083.18,,2038,204620.97,,5956,470603.48,333,13604.92,9826,56,4.1656242181636,50,8168.76,1480,,15.015015015015,369,5302.58,195,*,,,*,,73.005675368899,81,435,267,98,463,418,807,23,,19,,25,112,769,1.0187303213749
1164459897,Buckley,John,R,M.D.,I,2135 Buffalo Rd,,Rochester,NY,36,14624,1,"Metropolitan area core: primary flow within an urbanized area of 50,000 and greater",US,Internal Medicine,S,14733,27333.566666667,886298.33,779748,1281,,12099,23466.566666667,728799.81,672992,,1112,,1688,599464.64,,12900,282071.39,,145,4762.3,,11439,647898.94,,3294,238399.39,,4063,337480.51,,10670,548817.82,0,0,0,0,0,0,0,0,0,,737,12305.81,377,,12,3431.78,*,,72.312256049961,169,574,396,142,726,555,988,180,28,35,0,50,267,1014,1.1137991867626
1164467312,Churchill,Laura,H,FNP,I,411 Main St,3rd Floor,Catskill,NY,36,12414,7,"Small town core: primary flow within an urban cluster of 2,500 to 9,999",US,Nurse Practitioner,S,55,67,6452.6,806,36,,37,37,5131.57,122,"#",,,48,6416.24,*,,,"#",,,,20,2153.09,,35,4299.51,,16,959.8,,39,5492.8,0,0,0,0,0,0,0,0,0,,,,,,0,0,*,,65.944444444444,,,,,22,14,32,0,0,,0,,,,0.77977314814815
1164467932,Budd,James,L,M.D.,I,2400 South Clinton Avenue,,Rochester,NY,36,14618,1,"Metropolitan area core: primary flow within an urbanized area of 50,000 and greater",US,Internal Medicine,S,7476,14520.266666667,443358.49,423668,555,,6930,13840.2,404366.42,403776,,525,,1035,292771.59,,6399,148926.18,,42,1660.72,,5941,322896.7,,1535,120461.79,,735,59972.71,,6741,383385.78,106,10441.28,2492,36,1.4178705189941,,,,,,140,3303.85,87,,15,411.24,*,,74.104504504505,30,292,164,69,297,258,499,28,,,0,21,39,516,0.97743506053404
1164477238,Gordon,Emily,L,M.D.,I,"450 East Main St #4",,Middletown,NY,36,10940,1,"Metropolitan area core: primary flow within an urbanized area of 50,000 and greater",US,Internal Medicine,S,5376,10455.7,477963.4,303790,380,,4524,9282.9,350058.98,270458,,339,,1030,337095.86,,4325,140050.33,,21,817.21,,1119,86323.65,,4257,391639.75,,1589,201632.71,,3787,276330.69,180,13872.46,5181,35,3.3482142857143,,,,,,212,4616.44,108,,45,674.14,*,,71.984210526316,41,185,117,37,294,86,330,14,,18,,13,63,317,1.0258831140351
1164489803,Zoghlin,Benson,L,M.D.,I,279 East Ave,"Hilton Health Care, P.C.",Hilton,NY,36,14468,1,"Metropolitan area core: primary flow within an urbanized area of 50,000 and greater",US,Family Practice,S,14132,25192.1,974333.19,731528,1079,,11206,21302.666666667,730145.13,620311,,936,,1918,633905.33,,12079,333311.18,,135,7116.68,,11232,682054.61,,2900,292278.58,,2864,239268,,11268,735065.19,1207,105620.24,31090,189,8.5409000849137,301,67003.52,9469,51,24.937862468931,292,27658.86,169,,92,2627.15,,14,72.574606116775,143,511,296,129,584,495,1009,,,,0,48,134,945,1.0493970635417
1164492054,Boykin,Roger,,MD,I,120-31 Guy R Brewer Blvd,,Jamaica,NY,36,11434,1,"Metropolitan area core: primary flow within an urbanized area of 50,000 and greater",US,Internal Medicine,S,4377,10410.866666667,330037.28,306279,362,,4142,9887.2,310961.12,291097,,336,,592,227458.25,,3701,99239.5,,84,3339.53,,3527,244494.73,,850,85542.55,,1615,115067.23,,2762,214970.05,162,2160.82,2997,74,3.7011651816313,0,0,0,0,0,45,294.72,38,*,,,*,,76.646408839779,26,131,127,78,247,115,,324,,20,,14,95,267,1.1895110407573
1164499448,Buzzeo,Louis,A,MD,I,777 N Broadway,Suite 203,Sleepy Hollow,NY,36,10591,1,"Metropolitan area core: primary flow within an urbanized area of 50,000 and greater",US,Nephrology,S,3162,6704.1,560284.22,194107,236,,3050,6440.9,527626.8,186348,,224,"#",,,,2554,97499.54,*,,,,314,17078.16,,2848,543206.06,,584,61587.17,,2578,498697.05,28,201.38,234,,0.88551549652119,0,0,0,,0,61,696.48,38,,23,1627.08,*,,78.199152542373,12,57,105,62,133,103,187,22,,11,,12,26,210,1.8988097329618
1164501219,Grant,Dov,Z,M.D.,I,121 E 60th St Apt 9b,,New York,NY,36,10022,1,"Metropolitan area core: primary flow within an urbanized area of 50,000 and greater",US,Internal Medicine,S,1730,4060.2333333333,140151.94,118461,182,"#",,,,,"#",,,313,93030.89,,1417,47121.05,,0,0,,129,12488.22,,1601,127663.72,,55,10408.56,,1675,129743.38,0,0,0,0,0,0,0,0,0,,64,766.79,44,*,,,*,,73.769230769231,,,,,112,70,140,26,,,0,,,,0.91232417582418
1164515375,Weiner,Arthur,,MD,I,Mmg - Grand Concourse,2532 Grand Concourse,Bronx,NY,36,10458,1,"Metropolitan area core: primary flow within an urbanized area of 50,000 and greater",US,Internal Medicine,S,7878,14386.9,588966.02,423298,525,,6890,12909.333333333,505310.09,380503,,450,,1512,461334.14,,6081,113775.81,,285,13856.07,,5237,420489.21,,2641,168476.81,,3286,311172.66,,4592,277793.36,68,1746.88,1696,28,0.86316323940086,,,,,,75,627.48,61,*,,,*,,72.462857142857,75,235,172,43,344,181,29,301,,178,,,169,356,1.4958762796808
1164588554,Filipova,Olga,,M.D.,I,150 55th St,Station 12,Brooklyn,NY,36,11220,1,"Metropolitan area core: primary flow within an urbanized area of 50,000 and greater",US,Internal Medicine,S,6867,8511.5,487178.02,251072,223,,5263,6591.8,332499.92,194841,,176,,1349,396915.74,,5233,81412.75,,285,8849.53,,4731,333561.37,,2136,153616.65,,6235,436560.95,,632,50617.07,40,14308.9,1129,,0.58249599534003,11,13456.3,330,,27.5,13,249.71,,,17,595,*,,69.578475336323,47,117,42,17,119,104,41,20,,153,,,185,38,1.7215182948686
1164597498,Fairbanks Doane,Lauri,A,DO,I,8100 Oswego Road,Suite 220,Liverpool,NY,36,13090,1,"Metropolitan area core: primary flow within an urbanized area of 50,000 and greater",US,Family Practice,S,5315,10589.933333333,296697.37,308334,369,,4862,9938.6666666667,280852.28,289531,,345,,639,175916.97,,4658,120061.99,,18,718.41,,2851,137246.78,,2464,159450.59,,650,25138.76,,4665,271558.61,220,9025.59,6370,44,4.1392285983067,14,1469.38,404,,6.3636363636364,201,2276.47,121,*,,,*,,73.579945799458,24,194,114,37,297,72,356,,,,0,,28,341,1.0670098535444
1164685699,Wu,Duchu,,M.D,I,268 Canal St,,New York,NY,36,10013,1,"Metropolitan area core: primary flow within an urbanized area of 50,000 and greater",US,Internal Medicine,S,6103,9753.6666666667,376382.47,287980,583,,5741,9282.6666666667,353748.13,274376,,544,,965,228035.61,,4968,142304.09,,170,6042.77,,4425,255848.29,,1678,120534.18,,5753,347876.57,,350,28505.9,0,0,0,0,0,0,0,0,0,,56,404.32,53,*,,,*,,72.075471698113,39,352,140,52,297,286,,,558,,0,14,525,58,1.075056417612
1164746970,Jose,Neetu,O,M.D.,I,215 E 95th St,,New York,NY,36,10128,1,"Metropolitan area core: primary flow within an urbanized area of 50,000 and greater",US,Family Practice,S,8889,16704.9,648429.87,492843,719,,8086,15491.8,581503.76,457389,,647,,1563,466376.45,,7151,175598.46,,175,6454.96,,6416,497612.76,,2473,150817.11,,2758,203191.33,,6131,445238.54,19,194.78,430,15,0.2137473281584,0,0,0,0,0,49,452.72,45,*,,,*,,74.820584144645,72,283,245,119,546,173,101,370,16,220,0,12,178,541,1.2994492207515
1174075824,Mcpartland,Patricia,G,FNP-BC,I,90 S Bedford Rd,Caremount Medical Pc,Mount Kisco,NY,36,10549,1,"Metropolitan area core: primary flow within an urbanized area of 50,000 and greater",US,Nurse Practitioner,S,208,278.36666666667,39314.85,6496,95,,192,254.36666666667,37100.6,5891,"#",,,49,29885.16,,159,9429.69,,0,0,,35,13867.02,,173,25447.83,,32,4392.89,,176,34921.96,0,0,0,0,0,0,0,0,0,,25,7167.61,14,,0,0,*,,75.052631578947,,,,,58,37,81,,,,0,,,,1.1021300232792
1174501498,Brodey,Mitchell,V,MD,I,4900 Broad Rd,Pob Ste 4k,Syracuse,NY,36,13215,1,"Metropolitan area core: primary flow within an urbanized area of 50,000 and greater",US,Infectious Disease,S,7041,13035.666666667,1698167.02,378374,561,,5446,10805.2,851319.25,313557,,484,,1469,1456205.92,,5516,240167.48,,56,1793.62,,2786,638896.56,,4255,1059270.46,,1862,861663.1,,5179,836503.92,215,20586.07,5963,34,3.0535435307485,24,13310.61,720,,11.162790697674,333,61765.01,142,*,,,*,,71.693404634581,77,291,139,54,252,309,459,72,,,,23,76,485,1.2527217248582
1174502504,Liu-Chen,Xinyue,,M. D.,I,85 High St,,Buffalo,NY,36,14203,1,"Metropolitan area core: primary flow within an urbanized area of 50,000 and greater",US,Family Practice,S,9735,19293.5,671043.67,560442,748,,9442,18802.633333333,646943.82,546521,,720,,1354,470644.97,,8305,197136.42,,76,3262.28,,6386,477494.76,,3349,193548.91,,1668,120770.22,,8067,550273.45,225,3198.24,4554,73,2.3112480739599,,,,,,169,3026.93,126,,36,1880.95,*,,76.561497326203,28,312,262,146,526,222,431,274,,19,,23,83,665,1.4219929034019
1174502850,Pastore,Paolo,S,MD,I,8393 Elta Drive,,Cicero,NY,36,13039,1,"Metropolitan area core: primary flow within an urbanized area of 50,000 and greater",US,Family Practice,S,8124,16200.966666667,803885.78,474738,533,,7232,14765.8,711762.84,433036,,475,,1443,598656.78,,6591,200520.14,,90,4708.86,,3951,380294.14,,4173,423591.64,,1624,191848.99,,6500,612036.79,284,20686.76,8320,51,3.4958148695224,36,10523.17,1068,,12.676056338028,111,1896.7,80,*,,,*,,74.941838649156,58,191,187,97,306,227,501,16,,0,,13,71,462,1.3397120341231
1174502918,Johnson,Jenifer,M,MD,I,1 Theall Rd,,Rye,NY,36,10580,1,"Metropolitan area core: primary flow within an urbanized area of 50,000 and greater",US,Family Practice,S,1889,4107.8333333333,154080.98,119271,192,,1800,3987.3333333333,152604.65,115960,"#",,"#",,,,1531,42056.35,*,,,,534,53031.16,,1355,101049.82,,333,21049.21,,1556,133031.77,17,399.96,308,11,0.89994706193753,,,,,,68,1148.18,47,,33,843.57,*,,75.1875,,,,,162,30,160,,,14,0,,11,181,1.1097443576389
1174511000,Tan,Wei,Y,MD,I,5618 7th Ave,,Brooklyn,NY,36,11220,1,"Metropolitan area core: primary flow within an urbanized area of 50,000 and greater",US,Internal Medicine,S,3061,3331.1666666667,420239.78,95530,68,,2853,3099.5,386881.64,89003,"#",,,983,385646.48,,2031,33050.94,,47,1542.36,,2775,393100.82,,286,27138.96,,3003,417896.04,,58,2343.74,0,0,0,0,0,0,0,0,0,,58,1474.74,31,*,,,*,,69.985294117647,,,,,33,35,0,0,68,0,0,0,,,1.0481834948643
1174550891,Hamilton,David,L,M.D.,I,2400 S Clinton Ave,Bldg H Suite 230,Rochester,NY,36,14618,1,"Metropolitan area core: primary flow within an urbanized area of 50,000 and greater",US,Internal Medicine,S,3274,5744.3,242871.27,166031,416,,2876,5302.5,213600.8,155068,,374,,485,176982.53,,2748,59548.69,,41,6340.05,,2307,169775.29,,967,73095.98,,778,48422.94,,2496,194448.33,83,8094.67,2034,26,2.5351252290776,,,,,,85,2210.43,44,,19,2424.01,*,,73.675480769231,42,185,136,53,234,182,348,38,,,0,21,55,361,1.1107603554909
1174555486,He,Yong,K,,I,81 Elizabeth St Rm 301,,New York,NY,36,10013,1,"Metropolitan area core: primary flow within an urbanized area of 50,000 and greater",US,Internal Medicine,S,4200,4428.3,441861.46,127080,422,,4085,4297.5,427070.93,123392,,406,,1011,330334.29,,3156,110840.26,,33,686.91,,3233,319307.67,,967,122553.79,,4110,437309.29,,90,4552.17,,,,,,,,,,,117,958.85,92,*,,,*,,71.725118483412,16,298,79,29,196,226,0,0,416,,0,,404,18,1.0339377948636
1174567101,Friedman,Steven,J,MD,I,30 Hempstead Ave,Suite 148,Rockville Centre,NY,36,11570,1,"Metropolitan area core: primary flow within an urbanized area of 50,000 and greater",US,Gastroenterology,S,2996,6435.9333333333,265927.31,186841,403,,2856,6201.9333333333,256832.02,180052,,386,,536,177922.85,,2460,88004.46,,0,0,,596,42417.62,,2400,223509.69,,298,15096.7,,2698,250830.61,,,,,,,,,,,64,1707.92,43,,42,255.51,*,,74.312655086849,17,212,139,35,215,188,310,55,,15,,19,33,370,1.0909569909918
1174576391,Klares,Scott,M,MD,I,90 S Bedford Rd,Care Mount Medical Pc,Mount Kisco,NY,36,10549,1,"Metropolitan area core: primary flow within an urbanized area of 50,000 and greater",US,Pulmonary Disease,S,6035,10725.566666667,1071846.01,308744,666,,5847,10498.566666667,1048767.55,302480,,652,"#",,,,3908,96707.41,*,,,,1182,223082.34,,4853,848763.67,,478,80037.34,,5557,991808.67,37,480.28,998,,0.61309030654515,0,0,0,,0,225,4429.25,125,,0,0,,0,75.843843843844,14,285,262,105,344,322,586,,16,24,,32,38,628,1.2771132980385
1174598999,Charnetski,Carl,M,M.D.,I,602 Ivy St,2nd Floor,Elmira,NY,36,14905,1,"Metropolitan area core: primary flow within an urbanized area of 50,000 and greater",US,Internal Medicine,S,7352,14436.3,595286.46,419592,424,,5657,11643.4,435052.39,339148,,352,,1077,431525.57,,6210,159374.41,,65,4386.48,,3821,293524.82,,3531,301761.64,,2385,224314.65,,4967,370971.81,249,9878.66,5841,62,3.3868335146899,44,5648.41,1320,,17.670682730924,198,2625.93,102,,30,460.53,*,,71.936320754717,72,180,114,58,236,188,393,16,,,0,11,96,328,1.2244822254182
1174623136,Romano,Paval,,M.D.,I,175 E Main St,Suite 200,Huntington,NY,36,11743,1,"Metropolitan area core: primary flow within an urbanized area of 50,000 and greater",US,Cardiology,S,9068,20714.2,983738.07,613357,746,,8440,19325.2,922401.27,572385,,694,,1777,752960.3,,7271,229845.32,,20,932.45,,1428,139956.93,,7640,843781.14,,1154,154083.75,,7914,829654.32,89,1693.62,2276,26,0.98147331274813,0,0,0,0,0,160,2418.6,102,,13,261.72,*,,74.777479892761,52,314,274,106,403,343,669,,13,28,,22,57,689,1.1679062788042
1174641682,Guzman,Pedro,J,PAC,I,21 Audubon Ave,,New York,NY,36,10032,1,"Metropolitan area core: primary flow within an urbanized area of 50,000 and greater",US,Physician Assistant,S,13068,19588.166666667,3196308.61,571040,525,,10445,16173.233333333,2444762.82,472750,,442,,2839,1926123.1,,9734,1246160.25,,495,24025.26,,10422,2772293.68,,2646,424014.93,,12249,3122578.61,,819,73730,17,128.1,427,,0.1300887664524,0,0,0,,0,268,6829.96,169,,51,443.36,,14,72.647619047619,83,233,146,63,351,174,,24,,481,0,,436,89,1.3329666000597
1174690101,Decoo,Ydelfonso,A,MD,I,330 Wadsworth Ave,"#1a",New York,NY,36,10040,1,"Metropolitan area core: primary flow within an urbanized area of 50,000 and greater",US,General Practice,S,7579,12112.433333333,517822.67,358694,279,,6658,10828.933333333,432335.55,320666,,246,,1352,416596.52,,6124,98425.11,,103,2801.04,,6776,474113.75,,803,43708.92,,7332,513474.57,,247,4348.1,0,0,0,0,0,0,0,0,0,,94,564.58,68,,17,178.56,*,,73.720430107527,33,115,95,36,167,112,,,,271,0,0,256,23,1.2446054272474
1174757249,Roseme-Frederic,Nathalie,,,I,3508 Flatlands Ave,,Brooklyn,NY,36,11234,1,"Metropolitan area core: primary flow within an urbanized area of 50,000 and greater",US,Family Practice,S,2239,3503.7333333333,90632.84,101484,187,,1910,3079.2666666667,79726.7,89602,,163,,350,61769.43,,1851,27594.95,,38,1268.46,,1626,61387.32,,613,29245.52,,1387,54381.82,,852,36251.02,0,0,0,0,0,0,0,0,0,,35,347.71,26,*,,,*,,71.438502673797,24,93,57,13,110,77,45,32,13,93,,,85,102,1.1993160080337
1174810808,Evellis,Shannon,T,RPA-C,I,6223 State Route 9,,Chestertown,NY,36,12817,10,"Rural areas: primary flow to a tract outside a urbanized area of 50,000 and greater or UC",US,Physician Assistant,S,8039,13431.566666667,748617.15,378955,637,,4826,8751.5,468043.69,250770,,441,,1704,625304.62,,6246,118686.86,,89,4625.67,,3974,357978.32,,4065,390638.83,,5079,496751.18,,2960,251865.97,397,13296.25,9936,77,4.9384251772609,44,5419.02,1212,,11.083123425693,216,4946.63,155,,16,285.5,*,,67.737833594976,196,232,152,57,419,218,607,,,,0,12,278,359,1.2284092933563
1174830863,Mondelo,Doreen,,M.D.,I,2125 River Rd,202,Schenectady,NY,36,12309,1,"Metropolitan area core: primary flow within an urbanized area of 50,000 and greater",US,Family Practice,S,5797,8553.7333333333,427082.34,232152,413,,4732,7242.1,317795.85,200012,,351,,1082,331345.56,,4649,92239.76,,66,3497.02,,3354,250806.76,,2443,176275.58,,2918,232587.38,,2879,194494.96,220,8661.54,5314,64,3.7950664136622,18,3266.16,419,11,8.1818181818182,125,1271.58,85,,54,6596.55,,20,72.082324455206,62,186,116,49,258,155,340,38,11,11,0,13,188,225,1.9277055318176
1174855456,Mushiyev,Aleksey,,PHARMD,I,8432 Jamaica Ave,,Woodhaven,NY,36,11421,1,"Metropolitan area core: primary flow within an urbanized area of 50,000 and greater",US,Pharmacist,T,93,93,13264.16,122,74,"#",,,,,"#",,,93,13264.16,,0,0,,0,0,,70,9930.22,,23,3333.94,,11,1453.69,,82,11810.47,0,0,0,0,0,0,0,0,0,,0,0,0,*,,,*,,73.905405405405,,,,,38,36,66,0,,,0,,,,1.1141334496209
1174921688,Niazova,Irina,,,I,9610 Metropolitan Ave,,Forest Hills,NY,36,11375,1,"Metropolitan area core: primary flow within an urbanized area of 50,000 and greater",US,Nurse Practitioner,S,2130,4528.7333333333,197076.14,130581,529,,1873,4074.5333333333,159637.72,117746,,475,,429,134579.12,,1662,61488.57,,39,1008.45,,1580,154313.59,,550,42762.55,,730,84969.61,,1400,112106.53,,,,,,,,,,,77,485.75,68,,0,0,,0,74.689981096408,54,218,173,84,361,168,243,130,25,108,,,127,402,1.3709167254506
1174936132,Jagadish,Abanthi,,,I,1425 Portland Ave,,Rochester,NY,36,14621,1,"Metropolitan area core: primary flow within an urbanized area of 50,000 and greater",US,Internal Medicine,S,2653,6276.3666666667,114178.65,179714,574,,2439,5862.8,101666.39,168108,,527,,584,73064.76,,2021,39968.71,,48,1145.18,,2637,113840.85,,16,337.8,,715,33803.88,,1938,80374.77,146,3783.82,2975,49,5.5032039200905,,,,,,89,1944.25,67,*,,,*,,73.452961672474,47,268,190,69,324,250,175,95,29,262,,,137,437,1.4073315870072
1184621153,Junke,Richard,M,M.D.,I,438 High St,,Lockport,NY,36,14094,2,"Metropolitan area high commuting: primary flow 30% or more to a urbanized area of 50,000 and greater",US,Family Practice,S,4022,8148.6333333333,301165.67,240781,398,,3830,7799.6666666667,293477.38,230411,,369,,656,232917.04,,3330,66498.09,,36,1750.54,,2430,148022.08,,1592,153143.59,,227,19727.4,,3795,281438.27,29,803.85,795,11,0.72103431128792,,,,,,50,834.95,34,*,,,*,,74.163316582915,29,189,130,50,212,186,380,,0,,0,13,17,381,1.0215841821032
1184623134,Emert,Roger,I,M.D.,I,80 5th Ave,Suite 1601,New York,NY,36,10011,1,"Metropolitan area core: primary flow within an urbanized area of 50,000 and greater",US,Internal Medicine,S,1592,2863.5666666667,618892.39,83201,167,,1369,2523.4,388301.22,73409,,148,"#",,,,1239,43929.38,*,,,,566,295558.7,,1026,323333.69,,92,38198.83,,1500,580693.56,11,266.89,289,,0.69095477386935,,,,,,37,885.75,28,*,,,*,,71.730538922156,19,93,41,14,37,130,134,,,15,0,,15,152,1.0457326885451
1184627358,Bergin,Margaret,M,MD,I,400 White Spruce Blvd,Suite 400a,Rochester,NY,36,14623,1,"Metropolitan area core: primary flow within an urbanized area of 50,000 and greater",US,Internal Medicine,S,9118,17220.5,467039.36,507691,643,,8564,16417.1,432528.38,484025,,610,,1219,282174.87,,7806,180050.11,,93,4814.38,,7810,384794.84,,1308,82244.52,,661,36813.14,,8457,430226.22,131,1876.62,3748,39,1.4367185786357,0,0,0,0,0,119,1002.8,98,*,,,*,,74.587869362364,33,312,214,84,416,227,551,55,15,,,17,46,597,1.0570343512228
1184645095,Athyal,Vidush,P,"MD, MPH",I,777 S Clinton Ave,Suite 500,Rochester,NY,36,14620,1,"Metropolitan area core: primary flow within an urbanized area of 50,000 and greater",US,Family Practice,S,5905,11531.1,239362.92,289892,1479,,5606,10990.966666667,220404.64,275446,,1436,,1488,136459.25,,4360,100706.22,,57,2197.45,,5867,238424.89,,38,938.03,,671,35007.09,,5234,204355.83,375,11307.77,9308,56,6.350550381033,107,3015.83,2930,16,28.533333333333,1107,13545.04,1020,,18,219.03,*,,72.062880324544,43,1000,368,68,803,676,845,97,275,167,,,95,1384,0.82056687960489
1184651770,Robertson,John,S,M.D.,I,3946 Oneida St,,New Hartford,NY,36,13413,1,"Metropolitan area core: primary flow within an urbanized area of 50,000 and greater",US,Family Practice,S,9899,18164.366666667,855321.34,531191,530,,7465,14684.2,623090.86,430995,,429,,1579,608657.93,,8229,243789.9,,91,2873.51,,5224,469320.74,,4675,386000.6,,4294,384794.75,,5605,470526.59,278,5607.33,7151,60,2.8083644812607,26,1042.45,780,,9.3525179856115,119,2854.12,63,,13,5709.2,*,,72.311320754717,101,212,136,81,276,254,495,,,,,13,148,382,1.2091921696773
1184652067,Wildfeuer,Olga,,MD,I,55 Greene Ave,,Brooklyn,NY,36,11238,1,"Metropolitan area core: primary flow within an urbanized area of 50,000 and greater",US,Internal Medicine,S,8752,8834.6,1736918.51,254908,116,,4645,4697,1027718.01,135630,,63,,2518,1578557.54,,5907,140496.63,,327,17864.34,,6363,1172098.57,,2389,564819.94,,8539,1667726.27,,213,69192.24,534,21803.36,13702,58,6.1014625228519,66,11532.91,1922,,12.359550561798,86,2113.37,32,,13,2239.81,*,,64.560344827586,53,37,,,47,69,13,60,,41,,0,104,12,1.6502135789401
1184660847,Schorr,Jeffrey,H,M.D.,I,1207 Route 9,Suite 11,Wappingers Falls,NY,36,12590,1,"Metropolitan area core: primary flow within an urbanized area of 50,000 and greater",US,General Practice,T,972,1048.7,25583.51,17016,385,,846,917.7,20503.14,15120,,329,"#",,,,871,8446.78,*,,,,535,16115.55,,437,9467.96,,465,12803.08,,507,12780.43,0,0,0,0,0,0,0,0,0,,311,2051.43,246,,0,0,,0,71.942857142857,56,172,110,47,268,117,149,23,26,180,,,179,206,1.0268521347788
1184700478,Shetty,Sharmilee,V,M.D,I,9 Brooksite Dr,,Smithtown,NY,36,11787,1,"Metropolitan area core: primary flow within an urbanized area of 50,000 and greater",US,Family Practice,S,3752,9159.0333333333,340887.11,267273,384,,3562,8759.9666666667,330510.72,256095,,361,,655,232366.25,,3069,107060.06,,28,1460.8,,932,83007.38,,2820,257879.73,,407,66527.54,,3345,274359.57,47,1082.59,1428,13,1.2526652452026,0,0,0,0,0,148,2817.25,90,*,,,*,,75.322916666667,23,161,133,67,270,114,354,,,,0,11,32,352,1.0939908658066
1184727653,Sparks,Cheryl,,ANP,I,4988 State Highway 30,Amsterdam Memorial Health Center,Amsterdam,NY,36,12010,2,"Metropolitan area high commuting: primary flow 30% or more to a urbanized area of 50,000 and greater",US,Nurse Practitioner,S,4758,8097.6,294408.26,227182,478,,4268,7460.1666666667,260377.6,209346,,434,,720,187611.03,,4005,105543.98,,33,1253.25,,2829,188179.01,,1929,106229.25,,1046,77204.2,,3712,217204.06,92,4267.81,2319,43,1.9335855401429,,,,,,351,3276.59,173,*,,,*,,73.876569037657,44,223,128,83,325,153,444,0,,,0,22,75,403,1.2838648700004
1184794356,Baccellieri,Angelo,,MD,I,Mmc - Emergency Medicine,111 East 210th Street,Bronx,NY,36,10467,1,"Metropolitan area core: primary flow within an urbanized area of 50,000 and greater",US,Emergency Medicine,S,273,316,37194.34,6529,206,,257,300,36087.11,6313,,193,,226,36266.3,"#",,,*,,,,42,2719.85,,231,34474.49,,47,2351.65,,226,34842.69,14,63.98,52,14,5.1282051282051,,,,,,,,,,0,0,,0,75.538834951456,13,85,74,34,134,72,156,,,24,0,12,30,176,1.0460548088998
1184795981,Syvinluan,Maria,,MD,I,105 Ridgehaven Dr,,Vestal,NY,36,13850,1,"Metropolitan area core: primary flow within an urbanized area of 50,000 and greater",US,Family Practice,S,4198,9033.2333333333,383635.77,265117,420,,3850,8534.4666666667,360297.5,250788,,371,,748,294284.1,,3417,87309.75,,33,2041.92,,1758,148497.46,,2440,235138.31,,1045,99537.36,,3153,284098.41,55,2427.31,1577,20,1.3101476893759,12,1294.39,360,,21.818181818182,95,898.03,65,*,,,*,,73.002380952381,49,189,121,61,306,114,399,,,,0,,76,344,1.1027638679681
1184912578,Raghavan,Sreekala,,MD,I,25611 Union Tpke,,Glen Oaks,NY,36,11004,1,"Metropolitan area core: primary flow within an urbanized area of 50,000 and greater",US,Internal Medicine,S,2429,4282.6666666667,319887.82,125525,180,,2009,3588.2666666667,239390.88,105282,,141,,639,257085.18,,1668,54045.52,,122,8757.12,,1706,250709.44,,723,69178.38,,2098,268947.21,,331,50940.61,39,153.4,875,13,1.6055990119391,,,,,,,,,*,,,*,,70.544444444444,39,76,52,13,114,66,18,59,,88,,,140,40,1.5555137244507
1194039941,Nekvapil,Edward,J,FNP,I,42 Rykowski Ln,Suite 2,Middletown,NY,36,10941,1,"Metropolitan area core: primary flow within an urbanized area of 50,000 and greater",US,Nurse Practitioner,S,2403,2465.8333333333,150129.22,67029,51,,1674,1706.8333333333,90192.46,46700,,36,,430,113429.16,,1937,36090.92,,36,609.14,,0,0,,2403,150129.22,,2403,150129.22,,0,0,,,,,,,,,,,41,1201.68,21,*,,,*,,68.176470588235,15,23,,,30,21,44,,0,0,0,,51,0,2.6413137254902
1194700161,Dursztman,Mark,,M.D.,I,799 Park Ave,,New York,NY,36,10021,1,"Metropolitan area core: primary flow within an urbanized area of 50,000 and greater",US,Internal Medicine,S,1745,3292.5,131800.55,94328,140,"#",,,,,"#",,"#",,,,1451,43807.3,*,,,,133,4292.14,,1612,127508.41,,37,1181.64,,1708,130618.91,24,1207.96,804,,1.3753581661891,0,0,0,,0,87,1509.78,47,*,,,*,,76.257142857143,,,,,79,61,118,,,,0,,0,140,0.85145714285714
1194708818,Lozah,Mamdouh,,MD,I,1050 Clove Rd,,Staten Island,NY,36,10301,1,"Metropolitan area core: primary flow within an urbanized area of 50,000 and greater",US,Internal Medicine,S,12223,20192.566666667,800383.09,594451,687,,10356,17692.433333333,676394.59,521837,,583,,1781,569984.35,,10173,220257.66,,269,10141.08,,8058,494191.55,,4165,306191.54,,4994,305137.95,,7229,495245.14,44,466.72,927,28,0.35997709236685,,,,,,137,3107.74,99,,27,5813.1,*,,73.112081513828,104,253,234,96,371,316,316,210,30,95,0,36,206,481,1.3331301668558
1194737361,Nagendra,Thambirajah,,M.D.,I,6254 Lawville Rd,,Wolcott,NY,36,14590,10,"Rural areas: primary flow to a tract outside a urbanized area of 50,000 and greater or UC",US,Internal Medicine,S,5501,10573.733333333,316251.32,302080,433,,4806,9550.1666666667,268193.31,273592,,381,,679,216138.53,,4786,97685.37,,36,2427.42,,4721,254881.15,,780,61370.17,,847,69614.96,,4654,246636.36,163,5455.28,4566,38,2.9630976186148,11,2421.54,303,,6.7484662576687,238,2068.52,158,*,,,*,,72.632794457275,52,202,117,62,234,199,397,,,,0,14,55,378,1.0048819247118
1194737486,Wang,Vincent,Y,D.O.,I,4373 Union St,Suite C-B,Flushing,NY,36,11355,1,"Metropolitan area core: primary flow within an urbanized area of 50,000 and greater",US,Internal Medicine,S,10481,14571.733333333,1187717.58,425796,443,,9384,13057.233333333,1016088.7,381664,,402,,2199,944738.78,,8111,234489.15,,171,8489.65,,6544,735059.68,,3937,452657.9,,8092,984386.15,,2389,203331.43,133,5066.69,3675,31,1.2689628852209,13,1330.75,390,,9.7744360902256,231,4328.2,130,,55,796.81,*,,74.738148984199,41,183,131,88,247,196,79,31,277,43,0,13,271,172,1.5730696987832
1194748822,Weiss,Philip,M,MD,I,1 Family Practice Dr,,Kingston,NY,36,12401,1,"Metropolitan area core: primary flow within an urbanized area of 50,000 and greater",US,Family Practice,S,13782,14095.666666667,515247.7,242442,499,,9898,10088.966666667,361381,135352,,266,,2215,303778.4,,11459,205010.88,,108,6458.42,,956,19859.04,,12826,495388.66,,12761,496302.08,,1021,18945.62,45,666.2,671,13,0.32651284283848,0,0,0,0,0,61,1660.57,22,,436,8694.53,,20,65.334669338677,233,94,78,94,239,260,395,57,,33,,,444,55,1.5273130864091
1194752352,Mintz,Evan,,MD,I,310 E Shore Rd,Suite 104,Great Neck,NY,36,11023,1,"Metropolitan area core: primary flow within an urbanized area of 50,000 and greater",US,Internal Medicine,S,11308,23130,892994.02,681067,849,,11019,22692,854966.15,668411,,832,,1931,614956.81,,9345,276842.04,,32,1195.17,,1271,89748.18,,10037,803245.84,,1220,134004.83,,10088,758989.19,115,23988.52,3034,36,1.0169791298196,13,20197.78,442,,11.304347826087,279,24678.18,188,,44,1015.09,,13,78.001177856302,17,334,267,231,496,353,775,14,,14,,39,47,802,1.2527669624941
1194775536,Alpert,Barabara,,MD,I,90 S Bedford Rd,Care Mount Medical Pc,Mount Kisco,NY,36,10549,1,"Metropolitan area core: primary flow within an urbanized area of 50,000 and greater",US,Internal Medicine,S,3963,8303.5333333333,241966.64,240421,459,,3879,8202.5333333333,240028.82,237583,"#",,"#",,,,3292,88514.41,*,,,,726,40819.86,,3237,201146.78,,308,13003.07,,3655,228963.57,,,,,,,,,,,98,1377.02,72,,14,364.08,*,,74.226579520697,,,,,360,99,390,13,13,15,0,28,20,439,0.81476833696442
1194783415,Cole,Robert,E,MD,I,1425 Portland Ave,Wilson Bldg,Rochester,NY,36,14621,1,"Metropolitan area core: primary flow within an urbanized area of 50,000 and greater",US,Family Practice,S,3132,5762.6666666667,178347.52,167790,498,,2731,5216.7,152525.01,152340,,435,,398,105748.88,,2709,71625.93,,25,972.71,,2602,141157.31,,530,37190.21,,653,39940.42,,2479,138407.1,154,6973.44,4017,70,4.9169859514687,12,676.22,360,,7.7922077922078,68,1220.87,54,*,,,*,,72.753012048193,63,234,139,62,244,254,381,54,,38,,19,88,410,1.1442932332004
1194783852,Gross,Eric,,MD,I,101 Jordan Rd,Suite 100,Troy,NY,36,12180,1,"Metropolitan area core: primary flow within an urbanized area of 50,000 and greater",US,Internal Medicine,S,6149,13544.4,433167.37,390250,534,,5653,12727.5,393329.79,367112,,500,,879,289235.19,,5224,141238.61,,46,2693.57,,3758,231791.17,,2391,201376.2,,930,49152.86,,5219,384014.51,237,10957.43,6287,68,3.8542852496341,,,,,,155,2106.09,120,,33,1003.36,*,,75.552434456929,34,236,149,115,302,232,505,13,,,0,,61,473,1.2508853341256
1194797837,Bekhor,David,,MD,I,31 Washington Square West,,New York,NY,36,10011,1,"Metropolitan area core: primary flow within an urbanized area of 50,000 and greater",US,Internal Medicine,S,643,906.66666666667,355708.44,25951,84,,494,743.66666666667,234573.93,21331,,66,"#",,,,420,31255.67,*,,,,349,101365.28,,294,254343.16,,148,114679.11,,495,241029.33,0,0,0,0,0,0,0,0,0,,43,25947.15,19,,0,0,,0,68.488095238095,18,49,17,0,18,66,59,,,12,0,,16,68,1.2004464285714
1194799494,Lawton,David,,M.D.,I,112 Olean St,Suite 220,East Aurora,NY,36,14052,2,"Metropolitan area high commuting: primary flow 30% or more to a urbanized area of 50,000 and greater",US,Family Practice,S,10855,16521.8,474777.21,478836,538,,9789,15150.9,415188.15,439880,,486,,1236,301134.98,,9520,168742.09,,99,4900.14,,8653,355875.82,,2202,118901.39,,2150,110816.6,,8705,363960.61,282,10120.35,9138,65,2.5978811607554,,,,,,263,6723.43,145,,82,9437.53,,13,73.210037174721,52,262,148,76,281,257,510,,0,,0,23,59,479,1.0635029429988
1194809293,Nagler,Jerry,,MD,I,407 East 70th Street,,New York,NY,36,10021,1,"Metropolitan area core: primary flow within an urbanized area of 50,000 and greater",US,Gastroenterology,S,2694,4504.8,358620.67,128592,254,,2663,4425.8,357043.01,126249,"#",,"#",,,,2001,80035.98,*,,,,148,18593.69,,2546,340026.98,,337,83337.22,,2357,275283.45,55,1827.04,1225,14,2.0415738678545,,,,,,135,27505.09,78,,0,0,*,,78.909448818898,,,,,171,83,230,,,12,0,,13,241,1.2633494729908
1194810820,Denzien,Darlene,,D.O.,I,303 Main St,,Binghamton,NY,36,13905,1,"Metropolitan area core: primary flow within an urbanized area of 50,000 and greater",US,Family Practice,S,8523,14686.1,1162996.33,426141,436,,3675,7341.7666666667,597989.18,215269,,213,,1687,890771.7,,6774,268784.93,,62,3439.7,,4638,695382.53,,3885,467613.8,,6926,937236.95,,1597,225759.38,902,102740.96,25827,119,10.58312800657,236,75028.63,7044,23,26.164079822616,138,2654.63,73,,27,21664.34,*,,62.674311926606,223,136,48,29,287,149,343,55,15,17,,,300,136,1.3915952613903
1194831610,Castellanos,Robert,,M.D.,I,14 Kennedy Pkwy,,Cortland,NY,36,13045,4,"Micropolitan area core: primary flow within an urban cluster of 10,000 to 49,999",US,Family Practice,S,4993,8706.0666666667,465281.86,253727,292,,4215,7638.7,414242,222736,,256,,878,377236.51,,4036,85139.85,,79,2905.5,,1806,188923.45,,3187,276358.41,,1542,157417.3,,3451,307864.56,134,1842.45,2718,33,2.6837572601642,,,,,,95,1298.54,56,*,,,*,,73.068493150685,36,127,90,39,120,172,272,,,,0,,69,223,1.1679916534891
1194833129,Comninellis,Aris,,M.D.,I,210 Westchester Ave,,White Plains,NY,36,10604,1,"Metropolitan area core: primary flow within an urbanized area of 50,000 and greater",US,Internal Medicine,S,5629,11801.7,253774.53,347646,441,,5475,11579.7,248307.46,341299,,428,,789,150568.26,,4822,102438.55,,18,767.72,,1886,77675.27,,3743,176099.26,,1110,70620.77,,4519,183153.76,32,588.98,514,14,0.56848463314976,,,,,,95,1635.73,70,*,,,*,,75.619047619048,13,208,158,62,372,69,343,58,,21,,14,52,389,1.0080072870213
1194883991,Lee,Stephen,S,MD,I,2704 Parsons Blvd,,Flushing,NY,36,11354,1,"Metropolitan area core: primary flow within an urbanized area of 50,000 and greater",US,Internal Medicine,S,7235,12178.133333333,351920.86,362076,615,,7201,12130.133333333,351263.5,360659,"#",,,761,209769.53,,6458,141556.32,,16,595.01,,4493,201586.82,,2742,150334.04,,3324,187284.76,,3911,164636.1,17,246.47,322,11,0.23496890117484,0,0,0,0,0,60,621.38,46,,13,307.91,*,,75.271544715447,,,,,310,305,108,37,411,13,0,46,246,369,1.0124094725509
1194909697,Stephenson,Lisa,M,"MS, FNP",I,1783 Route 9,Suite 202,Halfmoon,NY,36,12065,1,"Metropolitan area core: primary flow within an urbanized area of 50,000 and greater",US,Nurse Practitioner,S,2512,4698.8333333333,161041.85,131607,354,,2054,3997.8333333333,124529.65,112177,,306,"#",,,,2168,58523.89,*,,,,1610,110478.06,,902,50563.79,,628,45471.45,,1884,115570.4,98,3507.06,2428,34,3.9012738853503,13,1285.89,390,,13.265306122449,144,1709.16,111,*,,,*,,72.302259887006,48,165,97,44,246,108,325,,,,,,55,299,0.98944058329513
1194910992,Chen,Mei-Hui,,MD,I,4202 Kissena Blvd,Suite 1 A,Flushing,NY,36,11355,1,"Metropolitan area core: primary flow within an urbanized area of 50,000 and greater",US,Internal Medicine,S,5666,8563.9666666667,366519.03,251771,315,,5559,8429.1666666667,363269.15,248144,,303,,960,282289.57,,4471,76173.14,,235,8056.32,,4418,283678.26,,1248,82840.77,,5006,336837.57,,660,29681.46,,,,,,,,,,,113,678.62,88,,0,0,,0,72.606349206349,12,187,93,23,189,126,,,292,,0,,240,75,1.1643349136537
1194943969,Bufton,Jeffrey,J,RPH,I,1200 Marketplace Dr,,Rochester,NY,36,14623,1,"Metropolitan area core: primary flow within an urbanized area of 50,000 and greater",US,Pharmacist,T,33,33,5246.4,35,29,"#",,,,,"#",,,33,5246.4,,0,0,,0,0,*,,,"#",,,*,,,"#",,,0,0,0,0,0,0,0,0,0,,0,0,0,*,,,*,,74.310344827586,,,,,18,11,28,,0,0,0,,,,1.2542298850575
1205133204,Tran,Tony,T,D.O.,I,101 Hospital Rd,,Patchogue,NY,36,11772,1,"Metropolitan area core: primary flow within an urbanized area of 50,000 and greater",US,Family Practice,S,8350,17862.5,462548.85,508607,908,,7594,16600.833333333,401296.68,474476,,818,,1510,296695.59,,6775,160415.79,,65,5437.47,,8279,460735.55,,71,1813.3,,1230,87593.67,,7120,374955.18,635,22972.87,12764,153,7.6047904191617,75,14224.72,2172,14,11.811023622047,277,10165.64,191,,56,14550.18,,15,73.272026431718,90,440,250,128,490,418,761,18,47,62,,,105,803,1.1813382539724
1679622302,Healy,Deborah,N,CNM,I,600 Westage Business Ctr Dr,,Fishkill,NY,36,12524,1,"Metropolitan area core: primary flow within an urbanized area of 50,000 and greater",US,Certified Nurse Midwife,S,81,87,10999.62,511,63,"#",,,,,"#",,,70,10451.49,,11,548.13,,0,0,,46,7205.42,,35,3794.2,,20,2029.41,,61,8970.21,0,0,0,0,0,0,0,0,0,,,,,*,,,*,,71.809523809524,,,,,40,23,57,,0,,0,,,,1.0429206349206
1679624811,O'Connor,Kevin,P,M.D.,I,600 Roe Ave,,Elmira,NY,36,14905,1,"Metropolitan area core: primary flow within an urbanized area of 50,000 and greater",US,Emergency Medicine,S,554,585.23333333333,85626.53,2697,409,,502,531.23333333333,77986.55,2480,,367,,549,85570,*,,,"#",,,,223,34470.06,,331,51156.47,,93,13780.84,,461,71845.69,,,,,,,,,,,,,,,0,0,,0,72.469437652812,42,217,132,18,242,167,386,,,,0,13,71,338,0.9731691327627
1679641617,Vanhusen,Mark,J,MD,I,8100 Oswego Road,Suite 220,Liverpool,NY,36,13090,1,"Metropolitan area core: primary flow within an urbanized area of 50,000 and greater",US,Family Practice,S,4652,8958.7666666667,242904.13,261294,457,,4404,8604.9333333333,235597.6,251524,,422,,490,147182.8,,4117,94088.93,,45,1632.4,,2243,111295.24,,2409,131608.89,,445,20906.66,,4207,221997.47,45,514.92,1280,16,0.96732588134136,0,0,0,0,0,197,2374.94,155,*,,,*,,72.647702407002,35,250,137,35,230,227,428,,,,0,17,23,434,1.0559226854389
1679642938,Andersen,Margaret,M,MD,I,465 Columbus Ave Ste 370,,Valhalla,NY,36,10595,1,"Metropolitan area core: primary flow within an urbanized area of 50,000 and greater",US,Internal Medicine,S,2427,4837.7666666667,145384.28,140624,245,,2349,4681.7666666667,127923.78,136098,"#",,"#",,,,2019,66565.23,*,,,,458,34118.84,,1969,111265.44,,215,18677.26,,2212,126707.02,,,,,,,,,,,80,1125.15,62,*,,,*,,75.036734693878,,,,,232,13,221,,,,0,11,18,227,0.91491544217687
1679646624,Smolow,Craig,R,M.D.,I,2001 Marcus Ave,Stn204,New Hyde Park,NY,36,11042,1,"Metropolitan area core: primary flow within an urbanized area of 50,000 and greater",US,Internal Medicine,S,9878,21239.333333333,766965.18,620386,732,,9388,20492.266666667,734901.72,598882,,702,,1544,505010.22,,8288,259878.86,,46,2076.1,,1842,115289.62,,8036,651675.56,,1207,109489.31,,8671,657475.87,172,5607.52,4519,38,1.7412431666329,,,,,,365,14921.75,194,,77,1529.2,,12,75.717213114754,30,346,221,135,415,317,583,39,27,,,59,58,674,1.0377936890253
1679670400,Dichter,Robert,H,MD,I,2100 Bartow Ave,,Bronx,NY,36,10475,1,"Metropolitan area core: primary flow within an urbanized area of 50,000 and greater",US,Internal Medicine,S,5995,12903.5,413781.1,381075,606,,5069,11399.833333333,331115.3,337073,,527,,793,287364.82,,5119,123347.49,,83,3068.79,,4238,280977.88,,1757,132803.22,,2111,153631.59,,3884,260149.51,81,1340.6,1955,33,1.3511259382819,0,0,0,0,0,74,766.26,63,,21,638.79,*,,73.452145214521,79,252,198,77,363,243,67,370,,143,,18,150,456,1.2644393113896
1003155730,Yang,Yanjin,,,I,506 6th St,,Brooklyn,NY,36,11215,1,"Metropolitan area core: primary flow within an urbanized area of 50,000 and greater",US,Internal Medicine,S,7662,10575.833333333,678095.9,309279,332,,7179,9868.6666666667,657793.17,288988,,307,,1517,491724.8,,5989,180452.47,,156,5918.63,,4676,411617.4,,2986,266478.5,,6251,575359.25,,1411,102736.65,22,408.2,393,,0.28713129731141,,,,,,93,1503.58,74,,51,924.02,*,,74.777108433735,25,137,121,49,189,143,46,32,234,,0,,226,106,1.3163675947911
1003182486,Frassino,Dominic,,RPH,I,20 Stew Leonard Drive,,Yonkers,NY,36,10710,1,"Metropolitan area core: primary flow within an urbanized area of 50,000 and greater",US,Pharmacist,T,29,29,4183.88,29,27,,29,29,4183.88,29,,27,,29,4183.88,,0,0,,0,0,*,,,"#",,,*,,,"#",,,0,0,0,0,0,0,0,0,0,,0,0,0,,0,0,,0,75.703703703704,0,14,,,13,14,23,,0,,0,,,,0.84645987654321
1003192790,Norey,Edward,J,PHARM.D,I,4 Columbus Cir,,New York,NY,36,10019,1,"Metropolitan area core: primary flow within an urbanized area of 50,000 and greater",US,Pharmacist,T,36,36,5247.43,36,30,"#",,,,,"#",,,36,5247.43,,0,0,,0,0,,24,3472.88,,12,1774.55,*,,,"#",,,0,0,0,0,0,0,0,0,0,,0,0,0,*,,,*,,76.266666666667,,,,,16,14,27,0,,,0,,,,1.012525
1003199670,Heinrichs,Phillip,A,PHARM D.,I,4999 State Highway 30,,Amsterdam,NY,36,12010,2,"Metropolitan area high commuting: primary flow 30% or more to a urbanized area of 50,000 and greater",US,Pharmacist,T,17,17,2325.7,17,17,,17,17,2325.7,17,,17,,17,2325.7,,0,0,,0,0,*,,,*,,,,0,0,,17,2325.7,0,0,0,0,0,0,0,0,0,,0,0,0,,0,0,,0,74.117647058824,0,,,0,,,17,0,0,0,0,0,0,17,1.1085882352941
1003251976,Brockway,Matthew,M,MD,I,2212 Penfield Rd Ste 200,,Penfield,NY,36,14526,1,"Metropolitan area core: primary flow within an urbanized area of 50,000 and greater",US,Internal Medicine,S,6638,12468.233333333,393206.55,363840,588,,5741,11280.066666667,324652.72,330223,,532,,741,254897.28,,5849,135812.46,,48,2496.81,,5015,269003.14,,1623,124203.41,,1192,93396.17,,5446,299810.38,200,14846.78,4898,44,3.0129557095511,18,8828.31,512,,9,144,1608.24,88,,0,0,,0,73.993197278912,56,270,176,86,332,256,542,,12,,0,25,72,516,0.96066993057316
1003809393,Kowalski,Peter,F,MD,I,850 Hopkins Rd,,Williamsville,NY,36,14221,1,"Metropolitan area core: primary flow within an urbanized area of 50,000 and greater",US,Family Practice,S,6188,10059.1,429791.5,291397,613,,4627,7791.1,302245.1,226392,,450,,792,281858.78,,5324,145494.45,,72,2438.27,,3797,191244.33,,2391,238547.17,,2598,209381.21,,3590,220410.29,275,12359.05,7538,63,4.4440853264383,23,6161.99,690,,8.3636363636364,138,1628.72,100,*,,,*,,69.339314845024,163,236,154,60,375,238,544,26,16,,,13,219,394,1.2921254731299
1003813676,Cai,Min,,M.D.,I,4105 College Point Blvd,Suite 1c,Flushing,NY,36,11355,1,"Metropolitan area core: primary flow within an urbanized area of 50,000 and greater",US,Internal Medicine,S,21569,29428.666666667,2680951.06,849779,751,,20678,28391.733333333,2560068.38,820795,,721,,4246,1946142.29,,16568,696479.37,,755,38329.4,,17334,2133263.67,,4235,547687.39,,19355,2445000.04,,2214,235951.02,42,214.69,292,36,0.19472390931429,0,0,0,0,0,445,7254.96,274,,61,3018.65,,13,73.430093209055,30,433,217,71,411,340,,,730,,0,,570,181,1.0582415140587
1003815952,Bearnot,Harris,R,MD,I,245 East 35th Street,,New York,NY,36,10016,1,"Metropolitan area core: primary flow within an urbanized area of 50,000 and greater",US,Internal Medicine,S,3048,5987.0333333333,270402.38,174067,328,,2939,5860.7,255138.53,170323,"#",,"#",,,,2495,81838.41,*,,,,387,71332.1,,2661,199070.28,,259,62743.51,,2789,207658.87,16,202.93,202,,0.5249343832021,0,0,0,,0,87,6673.68,48,,0,0,*,,74.262195121951,,,,,183,145,276,11,,14,,24,18,310,0.92864331213932
1003819053,Laclair,Thomas,J,MD,I,436 Hinsdale Rd,,Camillus,NY,36,13031,1,"Metropolitan area core: primary flow within an urbanized area of 50,000 and greater",US,Family Practice,S,5570,11232.633333333,418798.73,327774,516,,4969,10286.466666667,373154.84,300805,,470,,788,294062.01,,4760,123270.56,,22,1466.16,,2510,145565.17,,3060,273233.56,,771,69324.07,,4799,349474.66,206,11335.56,4739,39,3.6983842010772,24,8087.36,720,,11.650485436893,85,1257.22,54,,17,317.48,*,,73.740310077519,46,238,145,87,289,227,478,,,,0,23,47,469,1.0653707429021
1003822172,Keil,Lynn,M,RPA-C,I,161 Carey Rd,,Queensbury,NY,36,12804,1,"Metropolitan area core: primary flow within an urbanized area of 50,000 and greater",US,Physician Assistant,S,5106,8963.4666666667,330688.76,253707,383,,3542,6742.1333333333,202297.06,192503,,291,,919,244662.06,,4142,84273.81,,45,1752.89,,3060,212215.79,,2046,118472.97,,2450,165377.24,,2656,165311.52,249,11498.18,5735,61,4.876615746181,18,8454.63,513,,7.2289156626506,219,4557.35,143,,33,635.74,*,,69.266318537859,92,158,94,39,287,96,368,,,,0,,121,262,1.153514211162
1003860438,Bose,Reena,,M.D.,I,899 Main St,,Buffalo,NY,36,14203,1,"Metropolitan area core: primary flow within an urbanized area of 50,000 and greater",US,Internal Medicine,S,3985,9267.5,191782.01,271836,398,,3651,8541.4333333333,177108.55,250530,,362,,473,102707.84,,3489,87554.3,,23,1519.87,,1775,69378.96,,2210,122403.05,,409,24379.68,,3576,167402.33,79,793.2,2071,34,1.9824341279799,0,0,0,0,0,53,551.81,43,*,,,*,,72.937185929648,36,208,109,45,320,78,351,,14,12,,11,36,362,0.94070804020101
1003879115,Rieger,Jill,,MD,I,535 E 70th St,,New York,NY,36,10021,1,"Metropolitan area core: primary flow within an urbanized area of 50,000 and greater",US,Internal Medicine,S,679,1304.1,34060.95,37432,128,,679,1304.1,34060.95,37432,,128,,107,21989.2,,572,12071.75,,0,0,,12,645.8,,667,33415.15,,24,431.98,,655,33628.97,0,0,0,0,0,0,0,0,0,,15,236.89,13,*,,,*,,74.0390625,0,74,42,12,103,25,109,,,,0,,,,0.9311796875
1003880055,Choi,Susan,W,MD,I,3 Tioga Blvd,,Apalachin,NY,36,13732,1,"Metropolitan area core: primary flow within an urbanized area of 50,000 and greater",US,Internal Medicine,S,23369,47178.8,1899008.69,1368947,1204,,20617,42815,1697896.31,1243205,,1120,,3495,1278893.41,,19686,611124.13,,188,8991.15,,8582,610202.3,,14787,1288806.39,,4777,450357.27,,18592,1448651.42,623,23470.65,14284,149,2.665924943301,50,12628,1736,12,8.0256821829856,784,23221.46,427,,155,2919.01,,25,74.987541528239,84,516,405,199,818,386,1155,,,,,27,127,1077,0.99234066142704
1003880113,Cotton,Shawn,,M.D.,I,112 Olean St,Suite 220,East Aurora,NY,36,14052,2,"Metropolitan area high commuting: primary flow 30% or more to a urbanized area of 50,000 and greater",US,Family Practice,S,10254,18745.266666667,806231.45,545080,528,,8594,16497.7,628509.18,479902,,469,,1284,554789.05,,8889,247585.65,,81,3856.75,,7511,484159.35,,2743,322072.1,,1590,177339.08,,8664,628892.37,362,94311.12,10243,64,3.5303296274625,84,81612.03,2940,13,23.204419889503,335,8360.22,166,,65,3153.14,,12,72.975378787879,59,248,151,70,303,225,509,,,,0,13,56,472,1.0541014835859
1003881400,Lashbrook,Lorie,A,MD,I,138 E Main St,,Westfield,NY,36,14787,7,"Small town core: primary flow within an urban cluster of 2,500 to 9,999",US,Family Practice,S,5110,10049.833333333,566382.04,289852,422,,3852,7714,409973.35,223113,,351,,775,447901.81,,4222,111873.02,,113,6607.21,,2655,379692.51,,2455,186689.53,,2837,409357.4,,2273,157024.64,138,3046.17,3642,47,2.7005870841487,27,926.69,810,,19.565217391304,121,1395.09,85,,27,938.69,*,,70.5,71,198,109,44,273,149,399,,,14,0,,133,289,1.2122795498816
1003882382,Hinman,Michael,D,PA,I,3 Bridge Street,Suite 3,Carthage,NY,36,13619,1,"Metropolitan area core: primary flow within an urbanized area of 50,000 and greater",US,Physician Assistant,S,6292,11134.9,604941.36,321201,335,,5216,9642.3666666667,440351.28,278605,,294,,959,472083.34,,5290,131187.89,,43,1670.13,,2561,163207.53,,3731,441733.83,,1764,230149.29,,4528,374792.07,122,2034.35,3043,24,1.9389701207883,0,0,0,0,0,251,2913.57,121,,26,1398.12,*,,70.761194029851,41,191,77,26,179,156,322,0,,0,,11,69,266,1.1236725624526
1003884289,Kitchen,Timothy,M,MD,I,138 E Main St,,Westfield,NY,36,14787,7,"Small town core: primary flow within an urban cluster of 2,500 to 9,999",US,Family Practice,S,5028,10465.5,512919.36,302846,467,,4563,9677.9,448498.3,280456,,414,,936,405655.87,,4019,102743.56,,73,4519.93,,2946,357791.26,,2082,155128.1,,1657,200407.99,,3371,312511.37,226,6829.35,5816,46,4.4948289578361,37,2239.52,1095,,16.371681415929,73,2449.84,52,*,,,*,,73.361884368308,53,199,153,62,257,210,454,,0,,0,,111,356,1.1896877790422
1003917980,Kadet,Alan,B,MD,I,65 Central Park West,Suite 1g,New York,NY,36,10023,1,"Metropolitan area core: primary flow within an urbanized area of 50,000 and greater",US,Internal Medicine,S,2839,4977.7,141263.62,142571,295,,2701,4784.8333333333,136520.78,136924,"#",,,452,76173.53,,2387,65090.09,,0,0,,657,31185.45,,2182,110078.17,,235,11738.05,,2604,129525.57,104,2765.95,2851,24,3.6632617118704,13,766.74,360,,12.5,158,3353.53,69,,18,75.45,*,,74.542372881356,,,,,165,130,244,13,,18,,14,18,277,0.76432738095238
1003918905,Mark,Richard,,M.D.,I,235 E 38th St,,New York,NY,36,10016,1,"Metropolitan area core: primary flow within an urbanized area of 50,000 and greater",US,Internal Medicine,S,4276,8388.7333333333,342610.83,246471,342,,4118,8184.6333333333,325775.95,240676,,331,,906,242049.24,,3370,100561.59,,0,0,,472,58148.65,,3804,284462.18,,219,58037.78,,4057,284573.05,53,2498.36,1428,,1.2394761459308,12,1792.92,360,,22.641509433962,96,990.98,73,*,,,*,,74.061403508772,11,195,99,37,186,156,297,12,,,0,16,14,328,0.96392757454782
1003928953,Ram,Padma,,MD,I,300 State Route 104,Suite 1,Oswego,NY,36,13126,4,"Micropolitan area core: primary flow within an urban cluster of 10,000 to 49,999",US,Internal Medicine,S,14066,29624.7,1450230,861998,1027,,12606,27008.066666667,1271031.26,786637,,894,,2401,1053152.67,,11530,390357.14,,135,6720.19,,3927,360094.83,,10139,1090135.17,,2958,341332.63,,11108,1108897.37,670,27466.9,18370,156,4.7632589222238,86,12598.76,2545,16,12.835820895522,469,12545.05,286,,65,1219.07,,11,72.586173320351,133,469,293,132,750,277,993,,,,0,18,170,857,1.1639924522878
1003945080,Faust,Michael,J,M.D.,I,274 Madison Ave Rm 804,,New York,NY,36,10016,1,"Metropolitan area core: primary flow within an urbanized area of 50,000 and greater",US,Internal Medicine,S,4670,9286.5,265170.23,271140,542,,4653,9251.5,264977.01,270222,"#",,,558,156320.1,,4112,108850.13,,0,0,,738,49765.36,,3932,215404.87,,156,6674.2,,4514,258496.03,,,,,,,,,,,142,3012.79,93,,0,0,*,,76.232472324723,,,,,303,239,479,12,13,14,0,24,12,530,0.92547088716899
1003970948,Ozuna Mendez,Janny,A,M.D.,I,1259 Saint Nicholas Ave,,New York,NY,36,10032,1,"Metropolitan area core: primary flow within an urbanized area of 50,000 and greater",US,Internal Medicine,S,6049,13097.4,1340086.48,387912,363,,4756,10599.066666667,1019332.63,314125,,297,,1578,1182764.42,,4177,139185.86,,294,18136.2,,5467,1228208.75,,582,111877.73,,5822,1319404.3,,227,20682.18,104,1055.64,2992,36,1.7192924450322,0,0,0,0,0,102,2638.74,79,*,,,*,,70.628099173554,66,191,82,24,233,130,,,0,348,0,,323,40,1.054639546721
1003976077,Lee,Kevin,S,MD,I,1649 Deer Park Avenue,,Deer Park,NY,36,11729,1,"Metropolitan area core: primary flow within an urbanized area of 50,000 and greater",US,Internal Medicine,S,8102,14315.5,513809.44,422384,648,,7930,14053.5,503423.14,414627,,635,"#",,,,7001,170958.36,*,,,,4397,244145.67,,3705,269663.77,,3526,248986.01,,4576,264823.43,111,1003.86,2239,60,1.3700320908418,0,0,0,0,0,77,1828.78,60,,0,0,,0,74.743827160494,13,324,250,61,321,327,122,25,438,19,0,44,234,414,1.0344242346357
1013001759,Klapowitz,Julian,M,M.D.,I,178 E 85th St,,New York,NY,36,10028,1,"Metropolitan area core: primary flow within an urbanized area of 50,000 and greater",US,Internal Medicine,S,3802,5797.7333333333,190894.19,164966,272,,3732,5649.7333333333,188429.48,160750,"#",,"#",,,,3059,57448.97,*,,,,161,13786.86,,3641,177107.33,,463,17040.94,,3339,173853.25,12,110.14,160,,0.31562335612835,0,0,0,,0,189,3085.21,102,*,,,*,,74.625,,,,,169,103,224,,11,11,,16,,,0.91194362745098
1013010107,Zaso,John,R,DO,I,611 Merrick Ave,,East Meadow,NY,36,11554,1,"Metropolitan area core: primary flow within an urbanized area of 50,000 and greater",US,Pediatric Medicine,S,24,24,3935.34,24,18,,24,24,3935.34,24,,18,,24,3935.34,,0,0,,0,0,*,,,"#",,,,0,0,,24,3935.34,0,0,0,0,0,0,0,0,0,,0,0,0,,0,0,,0,76.166666666667,0,,,,,,18,0,0,0,0,0,0,18,0.88611111111111
1013011006,Racine,Maurice,A,MD,I,481 Route 11,,Champlain,NY,36,12919,10,"Rural areas: primary flow to a tract outside a urbanized area of 50,000 and greater or UC",US,Family Practice,S,10512,20165.233333333,1449130.72,584360,644,,7620,15369.733333333,1065004.29,447483,,456,,2313,1210508.5,,8132,234767.77,,67,3854.45,,3049,335152.56,,7463,1113978.16,,4475,678336.61,,6037,770794.11,411,19715.61,10175,98,3.9098173515982,43,12428.7,1167,,10.462287104623,235,2612.75,142,*,,,*,,68.517080745342,188,234,167,55,287,357,626,,0,,0,,247,397,1.1518974165776
1013018068,Mattes,Leonard,M,M.D.,I,1199 Park Ave,Suite 1f,New York,NY,36,10128,1,"Metropolitan area core: primary flow within an urbanized area of 50,000 and greater",US,Internal Medicine,S,6283,11225.133333333,356908.6,325340,397,,6244,11145.133333333,355199.79,323003,"#",,,1259,226161.19,,5011,130080.07,,13,667.34,,362,23864.96,,5921,333043.64,,376,18912.98,,5907,337995.62,83,2166.87,2007,25,1.321024988063,12,1315.09,360,,14.457831325301,195,2550.35,95,,37,501.9,*,,81.113350125945,,,,,272,125,357,16,,,0,11,18,379,1.2843478169605
1013019454,Bhagat,Anjni,,MD,I,5 Clay St,,Malone,NY,36,12953,4,"Micropolitan area core: primary flow within an urban cluster of 10,000 to 49,999",US,Internal Medicine,S,17985,37703.233333333,1944364.59,1107529,852,,15505,34276.5,1741329.09,1008526,,774,,2841,1393445.1,,14952,543269.43,,192,7650.06,,4531,454729.97,,13454,1489634.62,,7252,714016.89,,10733,1230347.7,320,23171.09,8882,59,1.7792604948568,55,11065.76,1530,,17.1875,467,52197.23,232,,244,19820.08,,27,74.295774647887,78,377,291,106,511,341,814,11,,,,20,183,669,1.3146037903212
1013026665,Yoon,Julie,E,MD,I,300 White Spruce Blvd,Suite 100,Rochester,NY,36,14623,1,"Metropolitan area core: primary flow within an urbanized area of 50,000 and greater",US,Internal Medicine,S,3976,9031.6333333333,222448.26,263617,325,,3480,8009.5,188450.24,233827,,296,,503,112650.13,,3449,108603.03,,24,1195.1,,3103,157554.77,,873,64893.49,,625,46688.27,,3351,175759.99,175,8345.9,4942,33,4.4014084507042,37,3749.91,1110,,21.142857142857,129,2022.9,90,,38,1966.94,*,,73.455384615385,29,161,82,53,231,94,285,17,,,0,11,32,293,1.0428762916091
1013057991,Sykes,Gerard,F,MD,I,3510 Johnson Ave,,Bronx,NY,36,10463,1,"Metropolitan area core: primary flow within an urbanized area of 50,000 and greater",US,Internal Medicine,S,6092,13780.666666667,512439.79,405746,499,,5751,13108.533333333,451629.32,386165,,461,,1124,374679.3,,4893,132984.31,,75,4776.18,,2780,216594.46,,3312,295845.33,,1890,212227.91,,4202,300211.88,104,1292.28,2632,28,1.7071569271175,0,0,0,0,0,81,781.47,69,,15,309.27,*,,75.841683366733,38,202,151,108,268,231,321,82,,74,,16,102,397,1.1909818539065
1013071620,Goikhberg,Marina,,MD,I,1039 Richmond Rd,,Staten Island,NY,36,10304,1,"Metropolitan area core: primary flow within an urbanized area of 50,000 and greater",US,Internal Medicine,S,5646,7702.4333333333,423100.75,221923,247,,4984,6792.5333333333,361149.7,195785,,211,,1092,300024.56,,4432,118611.03,,122,4465.16,,2534,194681.49,,3112,228419.26,,4159,334038.32,,1487,89062.43,120,2258.06,3254,35,2.125398512221,,,,,,112,1228.74,83,*,,,*,,70.287449392713,36,139,58,14,144,103,174,,,16,0,37,147,100,1.3487244514758
1013077486,Mathew,Bindu,N,MD,I,14 Church St,Suite 200,Ossining,NY,36,10562,1,"Metropolitan area core: primary flow within an urbanized area of 50,000 and greater",US,Family Practice,S,4706,7605.5333333333,343348.69,213731,316,,4518,7359.2,330682.55,206861,,302,,1051,257704.12,,3616,83625.68,,39,2018.89,,1663,117105.37,,3043,226243.32,,2280,159620.89,,2426,183727.8,63,982.41,1159,25,1.3387165320867,,,,,,95,3396.13,65,,24,479.12,*,,77.563291139241,14,122,94,86,243,73,258,31,11,,0,,74,242,1.4385715852199
1013079011,Khanderia,Vikrant,,MD,I,154 W 71st St,,New York,NY,36,10023,1,"Metropolitan area core: primary flow within an urbanized area of 50,000 and greater",US,Family Practice,S,6501,11168.266666667,377339.88,328165,483,,6113,10725.6,354718.08,315582,,458,,877,257823.75,,5524,114581.44,,100,4934.69,,4847,280987.47,,1654,96352.41,,1652,94393.65,,4849,282946.23,87,4528.56,1905,19,1.3382556529765,11,1591.61,320,,12.64367816092,52,698.94,42,*,,,*,,74.995859213251,25,222,163,73,288,195,130,218,13,104,0,18,101,382,1.148707241087
1013082254,Grabowski,Dariusz,,M.D.,I,934 Manhattan Ave,,Brooklyn,NY,36,11222,1,"Metropolitan area core: primary flow within an urbanized area of 50,000 and greater",US,Internal Medicine,S,14489,17670.133333333,1219842.2,506492,420,,13354,16410,1122590.32,469972,,384,,3157,951855.05,,11304,266632.61,,28,1354.54,,6082,429672.1,,8407,790170.1,,11461,1008918.12,,3028,210924.08,22,49.54,152,20,0.15183932638553,0,0,0,0,0,480,10014.19,191,,92,1056.94,,16,72.928571428571,36,219,136,29,228,192,356,,,36,0,23,256,164,1.2034054999622
1013091941,Nicholson,Timothy,,,I,1184 State Route 50,,Burnt Hills,NY,36,12019,1,"Metropolitan area core: primary flow within an urbanized area of 50,000 and greater",US,Pediatric Medicine,S,2382,3763.0666666667,121012.23,105849,160,,1713,2913.0666666667,92389.9,82782,,132,,258,74736.99,,2099,45232.22,,25,1043.02,,1633,84072.69,,749,36939.54,,801,44966.52,,1581,76045.71,221,5461.27,4054,30,9.2779177162049,,,,,,75,2034.51,34,*,,,*,,70.65,28,72,39,21,89,71,151,,0,,0,,31,129,1.2000599047255
1013105949,Boggs,Laura,E,DO,I,53-59 Public Square,Suite 301,Watertown,NY,36,13601,1,"Metropolitan area core: primary flow within an urbanized area of 50,000 and greater",US,Internal Medicine,S,10586,16416.933333333,784251.65,463069,606,,9627,15012.5,699720.75,423101,,552,,1922,604208.77,,8608,176986.4,,56,3056.48,,3896,266508.23,,6690,517743.42,,4967,347433.91,,5619,436817.74,83,1857.32,1403,42,0.78405441148687,,,,,,164,1867.69,100,,60,1814.13,,14,77.140264026403,54,200,190,162,390,216,575,,,,0,20,257,349,1.7424536987201
1013109354,Martin,Jill,M,FNP,I,7 Culligan Rd,,Scotia,NY,36,12302,1,"Metropolitan area core: primary flow within an urbanized area of 50,000 and greater",US,Nurse Practitioner,S,2025,3977.6333333333,229912.25,115316,271,,1864,3770.8333333333,225966.61,109330,,246,,331,172304.29,,1683,57185.98,,11,421.98,,1442,154415.9,,583,75496.35,,369,47159.85,,1656,182752.4,18,2097.66,467,12,0.88888888888889,,,,,,79,1940.31,55,*,,,*,,72.955719557196,25,138,75,33,161,110,257,,0,,0,13,40,231,1.0434208750056
1013123579,O'Brien,John,P,MD.,I,132 1/2 Albany Street,,Cazenoviz,NY,36,13035,2,"Metropolitan area high commuting: primary flow 30% or more to a urbanized area of 50,000 and greater",US,Family Practice,S,1947,4230.4,141796.68,122353,299,,1641,3721.0333333333,115400.03,108453,,255,,309,94384.43,,1624,46499.98,,14,912.27,,1014,69748.06,,933,72048.62,,323,29431.55,,1624,112365.13,76,1399.45,1769,22,3.9034411915768,,,,,,56,1283.21,36,*,,,*,,71.832775919732,44,120,98,37,156,143,274,,,,0,20,56,243,1.0594261821289
1013160589,Bleier,Ava,,,I,341 Commack Rd,,Commack,NY,36,11725,1,"Metropolitan area core: primary flow within an urbanized area of 50,000 and greater",US,Pharmacist,T,54,54,7251.86,54,44,,54,54,7251.86,54,,44,,54,7251.86,,0,0,,0,0,*,,,"#",,,,0,0,,54,7251.86,0,0,0,0,0,0,0,0,0,,0,0,0,,0,0,,0,74.386363636364,0,24,,,24,20,38,,0,0,0,,0,44,0.95322727272727
1013181072,Mroz,Melissa,A,M.D.,I,601 Elmwood Ave,Box Med,Rochester,NY,36,14642,1,"Metropolitan area core: primary flow within an urbanized area of 50,000 and greater",US,Internal Medicine,S,1847,3193.2,97671.49,92938,141,,1238,2371,73115.79,69875,,88,,189,56390.04,,1639,40598.67,,19,682.78,,1345,71939.55,,502,25731.94,,549,39648.27,,1298,58023.22,78,2692.93,1756,27,4.2230644288035,,,,,,14,253.79,11,,0,0,,0,65.333333333333,53,61,,,97,44,91,34,,,0,,50,91,1.2515205317904
1013198886,Hashmi,Imaduddin,S,MD,I,427 Coney Island Ave,,Brooklyn,NY,36,11218,1,"Metropolitan area core: primary flow within an urbanized area of 50,000 and greater",US,Family Practice,S,6369,7760.8,538523.85,222008,217,,4443,5696,367560.1,164520,,146,,1239,412800.77,,4705,108223.68,,425,17499.4,,4524,380544.82,,1845,157979.03,,5234,479620.57,,1135,58903.28,482,28631.23,13625,47,7.5679070497723,92,3490.03,2760,12,19.087136929461,63,1318.08,44,*,,,*,,65.944700460829,71,98,,,109,108,33,94,41,28,,,139,78,1.3940588712237
1013230077,Landi,Philip,G,RPH,I,2474 Bailey Ave,,Buffalo,NY,36,14215,1,"Metropolitan area core: primary flow within an urbanized area of 50,000 and greater",US,Pharmacist,T,30,30,4179.41,30,23,,30,30,4179.41,30,,23,,30,4179.41,,0,0,,0,0,*,,,"#",,,,0,0,,30,4179.41,0,0,0,0,0,0,0,0,0,,0,0,0,,0,0,,0,73.173913043478,0,15,,,12,11,22,,,0,0,0,0,23,0.77360869565217
1013272939,Kelley,Kristen,,D.O.,I,1134 State Route 29,Greenwich Family Health Center,Greenwich,NY,36,12834,7,"Small town core: primary flow within an urban cluster of 2,500 to 9,999",US,Family Practice,S,4817,9168.6666666667,312621.2,267182,400,,4021,7905.6666666667,280247.94,230996,,338,,683,219212.39,,4105,91752.69,,29,1656.12,,2957,180743.72,,1860,131877.48,,1388,101348.96,,3429,211272.24,193,5806.8,5376,47,4.0066431388831,25,2742.41,726,,12.953367875648,139,2354.08,92,*,,,*,,71.475,62,182,114,42,253,147,389,0,0,0,0,11,75,325,1.2283325547669
1013274638,Nichols,Kellyrose,M,D.O.,I,8745 Lake Street Rd,,Le Roy,NY,36,14482,3,"Metropolitan area low commuting: primary flow 10% to <30% to a urbanized area of 50,000 and greater",US,Family Practice,S,7545,13282.366666667,451553.6,382060,480,,6143,11345.9,358291.58,327401,,415,,962,299118.45,,6537,150790.26,,46,1644.89,,4943,274105.61,,2602,177447.99,,2195,177022.22,,5350,274531.38,361,26936.08,9938,88,4.7846255798542,71,20149.46,2060,13,19.667590027701,275,4752.08,140,,22,552.68,*,,72.916666666667,65,202,150,63,318,162,463,,,,,,89,391,1.1224288532535
1013902444,Lebwohl,Mark,,,I,5 E 98th St,5th Floor Box 1048,New York,NY,36,10029,1,"Metropolitan area core: primary flow within an urbanized area of 50,000 and greater",US,Dermatology,S,1790,2074.7666666667,2303926.14,50882,483,,1685,1960.4333333333,2085982.11,47949,,468,,660,2194661.39,,1130,109264.75,,0,0,,76,75539.68,,1714,2228386.46,,194,291653.1,,1596,2012273.04,0,0,0,0,0,0,0,0,0,,32,1099.52,22,,0,0,,0,77.198757763975,15,172,196,100,258,225,446,,,,0,24,30,453,1.2219424609611
1013936798,Kernan,Michael,T,MD.,I,4104 Medical Center Dr,Suite 104,Fayetteville,NY,36,13066,1,"Metropolitan area core: primary flow within an urbanized area of 50,000 and greater",US,Family Practice,S,1783,3626.5333333333,151233.44,105237,160,,1460,3180.6,131117.46,92533,,129,,290,112740.23,,1482,38095.52,,11,397.69,,859,55958.52,,924,95274.92,,433,35638.69,,1350,115594.75,27,535.93,475,,1.5143017386427,0,0,0,,0,46,488.5,36,,22,1592.05,*,,70.86875,31,67,46,16,83,77,123,24,,,0,,33,127,0.97723779036123
1013955475,Patel-Pannullo,Julie,,MD,I,180-05 Hillside Ave,,Jamaica,NY,36,11432,1,"Metropolitan area core: primary flow within an urbanized area of 50,000 and greater",US,Internal Medicine,S,4786,10608.6,420634.89,315488,459,,4462,9977.5666666667,390837.89,296895,,420,,925,320550.02,,3796,97023.32,,65,3061.55,,3234,295680.97,,1552,124953.92,,1943,209991.68,,2843,210643.21,,,,,,,,,,,28,192.16,26,*,,,*,,74.58605664488,39,183,165,72,324,135,39,260,,76,,39,148,311,1.4389968251983
1013984392,Burack,Jedidiah,,MD,I,55 Greene Ave,,Brooklyn,NY,36,11238,1,"Metropolitan area core: primary flow within an urbanized area of 50,000 and greater",US,Internal Medicine,S,5997,7499.2333333333,1659471.95,214455,303,,3758,5073.9333333333,630082.03,146208,,223,,1526,1468953.57,,4388,188399.93,,83,2118.45,,3134,852704.61,,2863,806767.34,,3873,1301638.14,,2124,357833.81,155,2911.84,2854,24,2.5846256461564,18,1230.77,453,,11.612903225806,72,905.26,48,*,,,*,,68.587458745875,80,144,62,17,161,142,82,162,,44,,,148,155,1.6228283211749
1013986256,Carreras-Suchanick,Helen,,D.O.,I,19 Lake Shore Dr W,,Dunkirk,NY,36,14048,4,"Micropolitan area core: primary flow within an urban cluster of 10,000 to 49,999",US,Family Practice,S,5794,11076.133333333,661879.64,322978,271,,4736,9420.1333333333,531465.61,274566,,234,,1173,547809.63,,4574,110025.28,,47,4044.73,,3835,416293.07,,1959,245586.57,,1587,231766.17,,4207,430113.47,53,980.1,1160,22,0.91473938557128,,,,,,162,2497,99,,0,0,,0,72.627306273063,37,127,72,35,210,61,244,,0,22,0,,55,216,1.089409901599
1023003027,Morelli,Daniel,J,MD,I,850 Hopkins Rd,,Williamsville,NY,36,14221,1,"Metropolitan area core: primary flow within an urbanized area of 50,000 and greater",US,Family Practice,S,4674,9850.8666666667,250468.72,284488,381,,4589,9696.0666666667,246053.68,280029,,367,,578,159773.46,,4076,89788.32,,20,906.94,,3005,132668.06,,1669,117800.66,,735,42735.2,,3939,207733.52,127,3480.15,3665,25,2.7171587505349,,,,,,57,976.65,37,,48,4092.31,*,,78.335958005249,14,122,137,108,238,143,345,12,,,0,11,49,332,1.2584330264679
1023013059,Andin,Perla,J,M.D.,I,905 Little Britain Rd,,New Windsor,NY,36,12553,1,"Metropolitan area core: primary flow within an urbanized area of 50,000 and greater",US,Internal Medicine,S,3754,8315.1,291351.03,243777,392,,3412,7720.5666666667,264330.69,226898,,361,,602,199122.31,,3129,91076.81,,23,1151.91,,1261,87729.68,,2493,203621.35,,744,70515.59,,3010,220835.44,13,314.24,460,,0.34629728289824,0,0,0,,0,118,1959.89,87,,25,622.13,*,,73.704081632653,31,183,128,50,265,127,299,31,15,40,,,54,338,1.0298280178363
1023036613,Grunseid,Fred,,M.D.,I,1687 Ralph Ave,,Brooklyn,NY,36,11236,1,"Metropolitan area core: primary flow within an urbanized area of 50,000 and greater",US,Internal Medicine,S,12291,22575.433333333,1348986.65,655799,663,,11274,21103.8,1205733.18,614021,,623,,2645,1021130.57,,9464,319753.38,,182,8102.7,,4458,582221.5,,7833,766765.15,,4614,542350.2,,7677,806636.45,111,1659.97,2759,37,0.90309982914328,,,,,,427,12019.07,224,,49,1474.78,,11,75.484162895928,40,297,199,127,404,259,459,148,,18,,32,166,497,1.4233723484242
1023052065,Ferris,Lori,,M.D.,I,3350 Brown Rd,,Caledonia,NY,36,14423,2,"Metropolitan area high commuting: primary flow 30% or more to a urbanized area of 50,000 and greater",US,Family Practice,S,8298,14045.366666667,418204.66,411152,336,,7710,13145.433333333,378094.91,385460,,312,,863,254767.32,,7412,162568.71,,23,868.63,,6482,305204.08,,1816,113000.58,,1134,85898.59,,7164,332306.07,173,3138.54,4373,35,2.0848397204146,,,,,,163,1843.46,79,,45,1757.92,*,,73.169642857143,24,177,93,42,211,125,329,,,0,0,,33,303,0.97116866847298
1023092723,Taylor,Robert,J,MD,I,10 Gagnon Dr,,Stone Ridge,NY,36,12484,2,"Metropolitan area high commuting: primary flow 30% or more to a urbanized area of 50,000 and greater",US,Family Practice,S,218,434.36666666667,28470.92,11758,126,,196,406.36666666667,24556.21,10991,"#",,"#",,,,143,4068.85,*,,,,61,3586.38,,157,24884.54,,39,7462.1,,179,21008.82,0,0,0,0,0,0,0,0,0,,,,,,0,0,*,,73.944444444444,,,,,68,58,114,,,,0,,15,111,1.0899879707191
1023101243,Lee,Jeffrey,J,MD,I,Mmg - Bronx East,2300 Westchester Avenue,Bronx,NY,36,10462,1,"Metropolitan area core: primary flow within an urbanized area of 50,000 and greater",US,Internal Medicine,S,9669,20359.333333333,923564.93,603662,762,,8502,18834.466666667,798494.75,558968,,679,,1726,710992.5,,7602,199366.74,,341,13205.69,,6911,643662.66,,2758,279902.27,,3305,306128.27,,6364,617436.66,60,1024.28,1853,14,0.62053986968663,,,,,,60,460.8,50,*,,,*,,73.074803149606,83,360,246,73,414,348,136,339,35,228,,,193,569,1.3376528181023
1023113610,Chen,Haifan,,"M.D., D.O.",I,3907 Prince St,2d,Flushing,NY,36,11354,1,"Metropolitan area core: primary flow within an urbanized area of 50,000 and greater",US,Family Practice,S,6998,9224.7333333333,892213.91,266690,465,,6590,8716.1,830925.54,252282,,423,,1472,731135.38,,5428,157280.68,,98,3797.85,,4761,552798.26,,2237,339415.65,,6524,838912.66,,474,53301.25,18,502.88,343,11,0.25721634752787,,,,,,172,28902.22,94,,61,406.22,*,,72.905376344086,42,248,121,54,267,198,,,429,15,0,,386,79,1.2383192004884
1023119039,Mazurov,Boris,,M.D.,I,3048 Brighton 1st St,,Brooklyn,NY,36,11235,1,"Metropolitan area core: primary flow within an urbanized area of 50,000 and greater",US,Internal Medicine,S,20223,21910.233333333,1805708.82,638874,503,,19860,21546.233333333,1770874.19,629006,,487,,5263,1492472.5,,14480,296526.85,,480,16709.47,,2317,169630.61,,17906,1636078.21,,19065,1714151.5,,1158,91557.32,78,756.12,1289,28,0.38569945112001,0,0,0,0,0,154,9986.46,110,*,,,*,,77.051689860835,16,203,181,103,304,199,422,,,,0,61,413,90,1.9408307778828
1023133550,Rishe,Eric,M,MD,I,161 Fort Washington Ave,,New York,NY,36,10032,1,"Metropolitan area core: primary flow within an urbanized area of 50,000 and greater",US,Internal Medicine,T,5189,5718.4666666667,827251.98,87365,2392,,4332,4822.3,677830.89,68992,,2147,,3798,781376.67,,1341,44701.45,,50,1173.86,,3872,631129.35,,1317,196122.63,,3356,557769.27,,1833,269482.71,0,0,0,0,0,0,0,0,0,,13,96.88,,*,,,*,,72.512123745819,245,1256,702,189,1520,872,635,620,,993,,82,1091,1301,1.2136498517777
1023158268,Lewis,Stuart,,M.D.,I,38 E 32nd St,9th Fl,New York,NY,36,10016,1,"Metropolitan area core: primary flow within an urbanized area of 50,000 and greater",US,General Practice,S,1855,3871.7666666667,104667.93,113293,189,,1824,3840.7666666667,102984.01,112450,"#",,,307,71836.56,,1530,31819.63,,18,1011.74,,471,20717.32,,1384,83950.61,,65,5701.57,,1790,98966.36,,,,,,,,,,,48,788.65,38,,12,107.12,*,,74.10582010582,,,,,95,94,154,,,,0,13,,,0.92536360964139
1023161056,Ibeabuchi,Onuora,C,M.D,I,545 E 142nd St,,Bronx,NY,36,10454,1,"Metropolitan area core: primary flow within an urbanized area of 50,000 and greater",US,Internal Medicine,S,3568,5759.1333333333,261185.29,169955,171,,3207,5156.4666666667,216735.08,152230,,146,,665,214411.14,,2520,35996.79,,383,10777.36,,3065,222827.61,,503,38357.68,,3209,244659.54,,359,16525.75,0,0,0,0,0,0,0,0,0,,24,143.59,21,,0,0,,0,70.374269005848,25,95,,,88,83,,16,,150,0,0,139,32,1.057593079922
1023171949,Dalton,Patrick,F,MD PC,I,230 W 17th St,7th Floor,New York,NY,36,10011,1,"Metropolitan area core: primary flow within an urbanized area of 50,000 and greater",US,Internal Medicine,S,4399,4589.1333333333,300037.46,130604,276,,1082,1131.7666666667,109008.77,32769,,54,,764,227053.83,,3612,71875.41,,23,1108.22,,402,41927.47,,3997,258109.99,,4363,270539.75,,36,29497.71,,,,,,,,,,,22,152.75,21,*,,,*,,50.496376811594,222,37,,,105,171,69,90,,102,,,,,0.97407153184162
1023186061,Smith,Brian,K,MD,I,8324 Oswego Rd,Ste D,Liverpool,NY,36,13090,1,"Metropolitan area core: primary flow within an urbanized area of 50,000 and greater",US,Family Practice,S,7389,14515.9,523090.72,421587,585,,6595,13352.333333333,483616.13,387763,,539,,941,352507.56,,6363,167646.26,,85,2936.9,,4140,253448.79,,3249,269641.93,,705,43293.21,,6684,479797.51,251,6558.68,7040,58,3.3969413993775,,,,,,278,6012.23,206,,26,465.3,*,,72.738461538462,46,309,175,55,318,267,542,13,,,0,19,42,543,1.0694992319449
1023191533,Kineke,Stephen,F,MD,I,1783 Route 9,Suite 202,Halfmoon,NY,36,12065,1,"Metropolitan area core: primary flow within an urbanized area of 50,000 and greater",US,Family Practice,S,7286,17206.633333333,698133.88,506310,608,,6653,16097.033333333,611870.41,474238,,541,,1109,497364.85,,6130,197506.5,,47,3262.53,,4583,427639.12,,2703,270494.76,,955,155338.97,,6331,542794.91,227,21728.76,5914,65,3.1155640955257,65,17877.47,1904,11,28.63436123348,139,2427.99,103,,11,289.11,*,,73.758223684211,67,266,171,104,273,335,563,,11,,,20,71,537,1.1837331975181
1023228996,Hassan,Humaira,,M.D.,I,16 Brentwood Dr,,Ithaca,NY,36,14850,1,"Metropolitan area core: primary flow within an urbanized area of 50,000 and greater",US,Internal Medicine,S,3059,6181.7,231138.41,180323,279,,2380,4961.4666666667,183395.31,145220,,224,,593,173598.36,,2429,55619.95,,37,1920.1,,885,48967.28,,2174,182171.13,,1470,139982.5,,1589,91155.91,46,536.97,1044,15,1.5037593984962,,,,,,53,6223.82,36,,0,0,,0,70.985663082437,55,122,77,25,201,78,242,11,,,0,13,93,186,1.2213465207011
1023229242,Harris,Elizabeth,E,M.D.,I,1621 Eastchester Rd,,Bronx,NY,36,10461,1,"Metropolitan area core: primary flow within an urbanized area of 50,000 and greater",US,Internal Medicine,S,3315,5154.4,432281.76,152022,257,,2376,3813.1333333333,270932.86,112484,,184,,744,384667.82,,2475,42135.99,,96,5477.95,,2583,332968.43,,732,99313.33,,2761,397426.88,,554,34854.88,30,149.55,735,12,0.90497737556561,,,,,,,,,*,,,*,,68.291828793774,73,110,60,14,173,84,34,75,12,128,,,177,80,1.9296424199777
1023253572,Levine-Tanco,Karen,L,M.D.,I,1 Gustave L Levy Pl,,New York,NY,36,10029,1,"Metropolitan area core: primary flow within an urbanized area of 50,000 and greater",US,Internal Medicine,S,5965,7885.5333333333,365362.64,227088,374,,5952,7871.7333333333,348856.98,226674,"#",,,1099,255681.64,,4814,108155.46,,52,1525.54,,2338,147736.77,,3627,217625.87,,3849,264809.1,,2116,100553.54,146,11925.72,3841,25,2.4476110645432,37,9800.41,1139,,25.342465753425,89,2798.12,63,,83,2278.63,*,,82.911764705882,,,,,284,90,238,29,,92,0,,170,204,1.7692406925057
1023356623,Kosakyan,Tina,,,I,234 E 149th St,,Bronx,NY,36,10451,1,"Metropolitan area core: primary flow within an urbanized area of 50,000 and greater",US,Internal Medicine,S,4295,9593.0333333333,190808.37,273476,695,,3939,8922.0666666667,171916.14,254960,,650,,816,103658.1,,3462,86966.53,,17,183.74,,4271,190200.15,,24,608.22,,543,21269.26,,3752,169539.11,302,6196.95,7568,104,7.0314318975553,17,1050.43,484,,5.6291390728477,197,2453.22,152,,25,415.43,*,,73.541007194245,45,385,186,79,458,237,529,,25,104,,20,56,639,1.0637180782724
1023369394,Kim,Richard,,,I,447 Atlantic Ave,,Brooklyn,NY,36,11217,1,"Metropolitan area core: primary flow within an urbanized area of 50,000 and greater",US,Internal Medicine,S,7293,12513.9,586445.53,368379,510,,6646,11601.3,525688.09,342437,,457,,1354,447061.93,,5737,129321.99,,202,10061.61,,5301,444244.09,,1992,142201.44,,1993,181623.85,,5300,404821.68,34,379.17,501,17,0.46620046620047,0,0,0,0,0,38,365.28,31,,12,1656.83,*,,74.047058823529,53,203,186,68,343,167,28,403,,61,,15,119,391,1.2512684450314
1023446432,Lacayo Allen,Dorcas,I,MD,I,15 S Main St,Suite 150,Jamestown,NY,36,14701,4,"Micropolitan area core: primary flow within an urban cluster of 10,000 to 49,999",US,Family Practice,S,5827,13084.433333333,498761.8,383320,486,,5223,11921.733333333,426774.4,349899,,439,,1003,368443.87,,4758,126953.39,,66,3364.54,,3190,235634.47,,2637,263127.33,,2441,269489.75,,3386,229272.05,102,1929.83,2585,31,1.7504719409645,0,0,0,0,0,87,5394.75,70,,11,61,*,,74.944444444444,47,191,153,95,327,159,451,,,17,0,11,135,351,1.4259867728035
1023488327,Mastrogiacomo,Veronica,,N.P.,I,1610 Williamsbridge Rd,,Bronx,NY,36,10461,1,"Metropolitan area core: primary flow within an urbanized area of 50,000 and greater",US,Nurse Practitioner,S,3694,7545.0666666667,288025.63,219382,574,,3597,7375.0666666667,286459.76,214565,,560,,652,204667.94,,3021,82450.3,,21,907.39,,1337,94149.86,,2357,193875.77,,362,30203.15,,3332,257822.48,52,988.7,1303,20,1.4076881429345,,,,,,152,2102.67,126,,18,654.03,*,,77.557491289199,14,216,210,134,366,208,479,35,,41,,16,42,532,1.2328920802989
1033101720,Zerbe,Daniel,L,MD,I,3 Handley St,,Perry,NY,36,14530,7,"Small town core: primary flow within an urban cluster of 2,500 to 9,999",US,Family Practice,S,9627,18940.633333333,744741.47,553152,719,,7601,15731.7,594793.5,460067,,590,,1463,533111.62,,8085,207699.04,,79,3930.81,,6151,427354.79,,3476,317386.68,,2956,248192.61,,6671,496548.86,329,15978.78,9081,68,3.4174716941934,,,,,,211,3325.88,130,,23,1014.53,*,,71.216968011127,129,309,193,88,403,316,691,,,0,,21,157,562,1.0134429080361
1033104419,Loy,Martin,,MD,I,11 Ralph Pl,Suite 213,Staten Island,NY,36,10304,1,"Metropolitan area core: primary flow within an urbanized area of 50,000 and greater",US,Internal Medicine,S,3034,6473.2,263752.64,187621,305,,2622,5745.1,221585.42,167228,,255,,554,192256.23,,2413,67573.2,,67,3923.21,,1721,156985.9,,1313,106766.74,,1514,164172.03,,1520,99580.61,,,,,,,,,,,153,1582.93,99,,0,0,,0,71.809836065574,50,135,91,29,170,135,165,35,46,47,0,12,102,203,1.3190853157261
1033107529,Chen,Douglas,Y,D.O.,I,268 Canal St,,New York,NY,36,10013,1,"Metropolitan area core: primary flow within an urbanized area of 50,000 and greater",US,Internal Medicine,S,2691,4398.2,184027.94,130297,172,,2613,4242.2,181167.22,125784,"#",,"#",,,,2273,62836.63,*,,,,1648,115626.64,,1043,68401.3,,2588,163942,,103,20085.94,0,0,0,0,0,0,0,0,0,,,,,,0,0,*,,73.127906976744,,,,,83,89,,0,170,0,0,,159,13,1.1513230346645
1033111265,"Grimshaw, Jr.",Robert,S,"M.D., F.A.C.P.",I,3535 Hill Blvd Ste R,Care Mount Medical Pc,Yorktown Hts,NY,36,10598,1,"Metropolitan area core: primary flow within an urbanized area of 50,000 and greater",US,Internal Medicine,S,6666,14131.533333333,566969.95,409710,428,,6178,13359.933333333,526442.51,387917,,407,"#",,,,5332,179737.05,*,,,,1166,87237.01,,5500,479732.94,,965,67944.91,,5701,499025.04,167,8763.67,3998,24,2.5052505250525,17,1310.64,490,,10.179640718563,154,2249.23,94,,24,944.35,*,,78.289719626168,21,134,148,125,256,172,398,,,,0,,39,389,1.3269534968683
1033131388,Pohlman,Amy,R,P. A.,I,3670 S Benzing Rd,,Orchard Park,NY,36,14127,1,"Metropolitan area core: primary flow within an urbanized area of 50,000 and greater",US,Physician Assistant,S,4819,9581.9333333333,359430.75,279094,478,,4131,8548.1666666667,333936.99,249752,,429,,808,275260.84,,3979,82488.55,,32,1681.36,,3446,198129.49,,1373,161301.26,,646,39776.98,,4173,319653.77,166,4833.94,4348,45,3.444698070139,22,2475.84,660,,13.253012048193,151,1421.17,111,,13,126.46,*,,72.956066945607,49,229,147,53,317,161,458,,,,0,,41,437,0.97644509953087
1033138755,Hunter,Philip,R,D.O.,I,286 Stage Rd,,Charlton,NY,36,12019,1,"Metropolitan area core: primary flow within an urbanized area of 50,000 and greater",US,Family Practice,S,8227,15082.466666667,521738.31,434844,709,,7880,14578.966666667,502777.3,421366,,681,,1224,382103.27,,6959,137676.55,,44,1958.49,,5515,333831.3,,2712,187907.01,,693,63557.62,,7534,458180.69,257,2563.52,4125,49,3.1238604594627,,,,,,248,3578.14,168,,11,66.61,*,,74.80394922426,28,345,231,105,303,406,669,,,,0,29,36,673,1.0583429677608
1033154315,Weisbrod,Leslie,S,M.D.,I,1900 Empire Blvd,Ste 100,Webster,NY,36,14580,1,"Metropolitan area core: primary flow within an urbanized area of 50,000 and greater",US,Family Practice,S,11159,20357.7,593907.07,588647,689,,9741,18436.433333333,496454.59,533489,,621,,1327,376706.43,,9723,213387.47,,109,3813.17,,9197,456917.85,,1962,136989.22,,1769,132850.91,,9390,461056.16,334,24476.6,7380,72,2.9930997401201,28,15313.81,802,,8.3832335329341,322,5501.4,171,,29,4923.3,*,,73.313497822932,68,306,232,83,369,320,637,,,,0,26,73,616,0.94975428509185
1033165345,Lau,On,H,M.D.,I,139 Centre Street,"#604",New York,NY,36,10013,1,"Metropolitan area core: primary flow within an urbanized area of 50,000 and greater",US,Internal Medicine,S,19149,25433.2,1377297.96,743972,461,,18521,24724.6,1334851.61,723839,,443,,4219,1000495.98,,14629,367956.51,,301,8845.47,,14277,1009633.84,,4872,367664.12,,17837,1299950.84,,1312,77347.12,,,,,,,,,,,336,4053.25,189,,142,1054.33,,32,74.084598698482,18,265,116,62,253,208,,0,444,,0,11,369,92,1.3515406724512
1033172143,Huang,Huajun,,M.D.,I,13338 41st Rd Ste C02,,Flushing,NY,36,11355,1,"Metropolitan area core: primary flow within an urbanized area of 50,000 and greater",US,Internal Medicine,S,11654,16610.6,934985.49,490845,419,,10999,15628.9,867693.64,461988,,391,,2079,733879.06,,9215,185280.52,,360,15825.91,,9435,761566.5,,2219,173418.99,,10527,834915.12,,1127,100070.37,,,,,,,,,,,104,558.99,79,*,,,*,,72.355608591885,28,241,125,25,212,207,15,25,279,84,0,16,330,89,1.1796195872113
1033174958,Pawlowski,David,A,MD,I,1150 Youngs Rd,Suite 104,Williamsville,NY,36,14221,1,"Metropolitan area core: primary flow within an urbanized area of 50,000 and greater",US,Family Practice,S,20035,23960.6,1345084.09,574077,1106,,18648,22173.566666667,1244541.62,526315,,994,,4881,932861.28,,14913,402227.25,,241,9995.56,,13299,822475.27,,6736,522608.82,,14228,856940.03,,5807,488144.06,316,19743.2,8294,97,1.577239830297,45,9495.24,966,,14.240506329114,333,7649.55,168,,329,74617.53,,67,76.867992766727,112,371,303,320,675,431,1044,25,,16,,16,399,707,1.5661619780198
1033181649,Bowen,Kim,M,NP,I,3 Gates Cir,,Buffalo,NY,36,14209,1,"Metropolitan area core: primary flow within an urbanized area of 50,000 and greater",US,Nurse Practitioner,S,10356,15224.566666667,562987.81,436412,923,,10249,15109.4,559019.17,433058,"#",,,1612,379125.26,,8668,180579.66,,76,3282.89,,6634,324697.68,,3722,238290.13,,2544,142665.23,,7812,420322.58,299,6837.81,9152,105,2.8872151409811,26,1193.72,780,,8.695652173913,209,6725.82,147,,134,3399.06,*,,85.209100758397,,,,,662,261,844,56,,11,0,,162,761,1.7467151502859
1033184205,Bolon,David,,M.D,I,90 E End Ave,,New York,NY,36,10028,1,"Metropolitan area core: primary flow within an urbanized area of 50,000 and greater",US,Cardiology,S,3746,8293.9666666667,326501.33,245110,435,,3503,7741.3,298564.45,228811,,411,,715,250019.96,,3015,75396.1,,16,1085.27,,1581,122880.83,,2165,203620.5,,821,93380.13,,2925,233121.2,20,279.21,475,,0.533902829685,0,0,0,,0,61,974.15,44,,0,0,,0,74.418390804598,24,216,144,51,256,179,282,68,,50,,27,64,371,1.1996767650705
1033201959,Schierer,Calvin,L,DO,I,9734 Route 19,,Houghton,NY,36,14744,10,"Rural areas: primary flow to a tract outside a urbanized area of 50,000 and greater or UC",US,Family Practice,S,10242,16048.4,590748.86,445285,423,,9298,14951.4,547276.01,417454,,393,,1513,378687.6,,8669,208969.32,,60,3091.94,,3866,240837.6,,6376,349911.26,,5940,365474.63,,4302,225274.23,289,17303.97,7181,55,2.821714508885,37,10017.14,1087,,12.80276816609,333,34570.34,134,,199,4401.75,,24,75.543735224586,30,165,144,84,227,196,405,,,0,,15,131,292,1.3637568946243
1033224738,Kaplan,Philip,,MD,I,115 Fairgrounds Drive,,Manlius,NY,36,13104,1,"Metropolitan area core: primary flow within an urbanized area of 50,000 and greater",US,Family Practice,S,4278,7925.2333333333,250295.27,223244,599,,4109,7698.2333333333,241940.89,217404,,572,,701,172863.61,,3539,75655.24,,38,1776.42,,2218,123700.11,,2060,126595.16,,583,46572.96,,3695,203722.31,16,173.09,420,,0.37400654511454,0,0,0,,0,214,2637.88,136,*,,,*,,74.524207011686,27,285,219,68,329,270,563,,,,0,23,51,548,0.95281563173667
1033265244,Esposito,Teresa,,DO,I,848 Hicksville Rd,,Massapequa,NY,36,11758,1,"Metropolitan area core: primary flow within an urbanized area of 50,000 and greater",US,Family Practice,S,4902,10253.366666667,326056.97,299030,465,,4124,8970.9666666667,270211.66,261906,,415,,729,210677.28,,4152,114503.03,,21,876.66,,1827,122002.88,,3075,204054.09,,1178,91155.22,,3724,234901.75,117,6820.36,2937,34,2.3867809057528,19,4788.3,570,,16.239316239316,189,2911.66,113,,31,2378.93,*,,75.604301075269,50,170,134,111,351,114,410,,,24,0,17,66,399,1.190151302595
1033318449,Napolitano,Blaise,C,M.D.,I,34 Commerce Ave,,Riverhead,NY,36,11901,1,"Metropolitan area core: primary flow within an urbanized area of 50,000 and greater",US,Family Practice,S,5207,8216.8333333333,336363.42,236474,364,,4070,6866.0333333333,262444.93,198612,,301,,771,229902.15,,4420,105635.88,,16,825.39,,1403,93760.26,,3804,242603.16,,2743,202653.2,,2464,133710.22,53,4997.65,916,12,1.0178605723065,11,4433.5,330,,20.754716981132,140,3981.65,92,,20,2128.62,*,,71.673076923077,63,151,108,42,207,157,295,24,,38,0,,114,250,1.4214461144145
1033397187,Nguyen,Y-Uyen,L,M.D.,I,268 Canal St,,New York,NY,36,10013,1,"Metropolitan area core: primary flow within an urbanized area of 50,000 and greater",US,Internal Medicine,S,3769,5812.2333333333,290779.26,169018,214,,3350,5277.1666666667,259727.01,154337,,192,,810,212001.99,,2858,76061.33,,101,2715.94,,2248,163824.79,,1521,126954.47,,3295,268651.06,,474,22128.2,35,691.33,660,11,0.92862828336429,,,,,,44,297.86,34,,0,0,,0,71.845794392523,22,115,53,24,131,83,20,,172,11,0,,170,44,1.1761707570782
1043204084,Shapiro,Deborah,A,MD,I,2 Crosfield Ave,Ste 318,West Nyack,NY,36,10994,1,"Metropolitan area core: primary flow within an urbanized area of 50,000 and greater",US,Pulmonary Disease,S,3789,7775.8333333333,418907.45,228125,357,,3601,7458.8333333333,398376.95,218988,,344,"#",,,,2924,81316.36,*,,,,941,78430.64,,2848,340476.81,,527,97932.53,,3262,320974.92,37,555.06,625,,0.97651095275798,0,0,0,,0,58,832.57,40,*,,,*,,75.501400560224,13,166,121,57,277,80,315,,,11,,14,38,319,1.108281512605
1043204258,Hunsiker,Celesta,M,M.D.,I,1729 Burrstone Rd,,New Hartford,NY,36,13413,1,"Metropolitan area core: primary flow within an urbanized area of 50,000 and greater",US,Internal Medicine,S,8930,16455.933333333,823267.89,483501,591,,7640,14580.333333333,696479.15,429239,,507,,1651,616085.37,,7216,204730.53,,63,2451.99,,4599,391706.15,,4331,431561.74,,3337,351341.34,,5593,471926.55,44,692.26,825,17,0.49272116461366,0,0,0,0,0,111,1620.54,61,,39,1695.28,*,,72.724196277496,84,273,148,86,481,110,534,11,,17,,22,140,451,1.0959463854731
1043218951,Pisaniello,Martha,L,M.D.,I,3926 State Route 12,South Lewis Health Center,Lyons Falls,NY,36,13368,10,"Rural areas: primary flow to a tract outside a urbanized area of 50,000 and greater or UC",US,Family Practice,S,4373,8152.0666666667,458635.59,232083,243,,3600,6981.0333333333,350148.73,200240,,196,,840,320857.92,,3503,136778.02,,30,999.65,,1408,118299.39,,2965,340336.2,,2523,268100.11,,1850,190535.48,36,1203.01,698,16,0.82323347816145,0,0,0,0,0,72,2192.39,35,,62,4939.14,*,,71.786008230453,47,90,72,34,144,99,230,,,,0,,97,146,1.4272052693477
1043231848,Hoffmann,John,L,MD,I,300 West Ave,,Brockport,NY,36,14420,2,"Metropolitan area high commuting: primary flow 30% or more to a urbanized area of 50,000 and greater",US,Emergency Medicine,S,7489,10700.266666667,571524.47,313741,410,,4064,6359.9666666667,290506.83,188376,,230,,1389,452632.09,,5952,114339.25,,148,4553.13,,4210,283232.58,,3279,288291.89,,4830,409794.57,,2659,161729.9,286,58101.88,8706,63,3.8189344371745,204,56450.14,6646,36,71.328671328671,65,1452.98,42,,23,211.23,*,,64.029268292683,180,141,62,27,226,184,362,17,,19,,,222,188,1.1976825669067
1043249378,Ryan,Gregory,J,M.D.,I,1900 Empire Blvd,Suite 100,Webster,NY,36,14580,1,"Metropolitan area core: primary flow within an urbanized area of 50,000 and greater",US,Family Practice,S,7004,14893.3,502967.76,429240,470,,6215,13720.566666667,462815.11,396167,,424,,978,338201.4,,5960,162010.54,,66,2755.82,,4769,288146.11,,2235,214821.65,,1475,84769.7,,5529,418198.06,170,15984.96,4076,40,2.4271844660194,27,11035.28,810,,15.882352941176,177,2466.2,102,*,,,*,,73.002127659574,46,225,137,62,253,217,420,13,,12,,18,64,406,0.95031389783506
1043256290,Carron,Cathy,A,MD,I,111 Broadway,Suite 402,New York,NY,36,10006,1,"Metropolitan area core: primary flow within an urbanized area of 50,000 and greater",US,Internal Medicine,S,1881,3280.5,117573.09,94390,132,,1758,3082,109604.78,88685,"#",,"#",,,,1654,60205.51,*,,,,566,32372.83,,1315,85200.26,,110,10236.32,,1771,107336.77,,,,,,,,,,,48,788.77,34,,0,0,*,,70.795454545455,,,,,89,43,100,19,,,0,,,,0.83545328282828
1043269335,Garg,Pankaj,,M.D.,I,80 West Ave,Suite 109,Brockport,NY,36,14420,2,"Metropolitan area high commuting: primary flow 30% or more to a urbanized area of 50,000 and greater",US,Internal Medicine,S,11570,22088.733333333,766988.07,640314,930,,10851,20954.566666667,722663.34,608068,,882,,1536,488611.79,,9896,272538.95,,138,5837.33,,8404,539055.69,,3166,227932.38,,1407,104993.34,,10163,661994.73,259,5743.22,6733,81,2.238547968885,17,1542.91,510,,6.5637065637066,504,8735.46,232,,42,1035.64,*,,75.24623655914,48,410,341,131,508,422,847,23,,14,,31,66,864,1.1592450639522
1043272719,Maddela,Elizabeth,,MD,I,476 Klondike Ave,,Staten Island,NY,36,10314,1,"Metropolitan area core: primary flow within an urbanized area of 50,000 and greater",US,Internal Medicine,S,3988,9287.5333333333,368194.94,271306,381,,3803,8901.1333333333,331447.49,260242,,363,,664,263587.97,,3304,103631.52,,20,975.45,,1666,156089.07,,2322,212105.87,,521,73918.77,,3467,294276.17,23,655.37,444,14,0.57673019057172,,,,,,170,1968.54,120,*,,,*,,73.627296587927,18,221,96,46,295,86,322,14,11,19,0,15,38,343,1.0711723558337
1043278849,Terwilliger,Megan,M,MD,I,2400 S Clinton Ave,"Building H, Suite 210",Rochester,NY,36,14618,1,"Metropolitan area core: primary flow within an urbanized area of 50,000 and greater",US,Internal Medicine,S,6832,15951.966666667,379719.83,466355,715,,6664,15632.5,372226.43,457052,,691,,711,219449.03,,6066,157887.27,,55,2383.53,,5558,271514.64,,1274,108205.19,,582,55450.14,,6250,324269.69,162,4897.06,3811,40,2.3711943793911,21,2432.26,603,,12.962962962963,154,1611.43,96,*,,,*,,75.01958041958,24,333,284,74,454,261,660,19,,,0,25,41,674,0.95763646469754
1043290208,Ramsaroop,Sharda,,MD,I,528 E 79th St,Apartment 1 H,New York,NY,36,10075,1,"Metropolitan area core: primary flow within an urbanized area of 50,000 and greater",US,Internal Medicine,S,3275,5419.2333333333,268342.33,156219,384,,3275,5419.2333333333,268342.33,156219,,384,,645,185091.23,,2618,82118.76,,12,1132.34,,509,30070.44,,2766,238271.89,,1168,91291.13,,2107,177051.2,141,10061.19,3556,55,4.3053435114504,16,3501.58,457,,11.347517730496,123,1332.71,77,,101,3395.64,,24,82.927083333333,0,64,147,173,296,88,283,38,15,36,0,12,91,293,1.7245102070315
1043303233,Klepper,James,I,M.D.,I,175 E Main St,Suite 200,Huntington,NY,36,11743,1,"Metropolitan area core: primary flow within an urbanized area of 50,000 and greater",US,Cardiology,S,10415,24344.066666667,1136490.46,723469,785,,10008,23680.833333333,1111134.49,704066,,759,,1739,776133.58,,8647,357834.81,,29,2522.07,,1448,153119.88,,8967,983370.58,,732,64404.63,,9683,1072085.83,130,2799.01,3402,38,1.2481997119539,,,,,,107,1265.54,75,,19,3684.29,*,,76.333757961783,26,315,299,145,441,344,718,15,,17,,30,41,744,1.138452084673
1043306632,Gorczynski,Julie,,PA,I,3946 Oneida St.,,New Hartford,NY,36,13413,1,"Metropolitan area core: primary flow within an urbanized area of 50,000 and greater",US,Physician Assistant,S,5816,10098,420652.13,291752,323,,4404,8170.5,312986.07,236660,,267,,893,287337.74,,4892,131493.71,,31,1820.68,,2782,207158.67,,3034,213493.46,,2097,169968.09,,3719,250684.04,241,13046.46,5715,37,4.1437414030261,53,10023.5,1565,,21.991701244813,85,866.48,60,*,,,*,,71.40866873065,56,141,92,34,204,119,304,,,,0,,61,262,1.0796449943434
1043308695,Elfenbein,Jeffrey,N,D.O.,I,3921 Merrick Rd,,Seaford,NY,36,11783,1,"Metropolitan area core: primary flow within an urbanized area of 50,000 and greater",US,Internal Medicine,S,9202,21952.833333333,796308.23,641153,842,,8463,20439.5,737863.32,597905,,763,,1361,551190.87,,7775,241548.67,,66,3568.69,,2046,150660.22,,7156,645648.01,,1071,119510.3,,8131,676797.93,177,6244.7,4133,43,1.9234948924147,31,1865.16,930,,17.514124293785,373,4471.37,254,,27,3673.71,*,,73.953681710214,79,372,267,124,480,362,774,,,29,0,26,76,766,1.0031639270011
1043309453,Lau,Amy,K,MD,I,Mmg - Cfcc,1621 Eastchester Road,Bronx,NY,36,10461,1,"Metropolitan area core: primary flow within an urbanized area of 50,000 and greater",US,Internal Medicine,S,2988,5672.8,157736.53,165684,286,,2651,5196.8,145644.68,151825,,264,"#",,,,2460,55898.04,*,,,,1169,71539.24,,1819,86197.29,,887,45227.15,,2101,112509.38,70,783.49,1942,17,2.3427041499331,,,,,,57,834.09,42,*,,,*,,74.325174825175,22,127,97,40,205,81,174,34,33,30,0,15,55,231,1.2681414945501
1043319973,Kuo,Tina,M,,I,42-02 Kissena Blvd.,"#1a",Flushing,NY,36,11355,1,"Metropolitan area core: primary flow within an urbanized area of 50,000 and greater",US,Internal Medicine,S,6056,8360.3333333333,377924.84,244151,334,,5881,8149.8,373913.84,238053,,323,,901,282319.67,,4985,88491.74,,170,7113.43,,4924,310291.79,,1132,67633.05,,5139,336639.11,,917,41285.73,15,100.94,170,12,0.24768824306473,0,0,0,0,0,106,521.52,87,,0,0,,0,72.637724550898,11,202,95,26,199,135,,,307,,0,11,242,92,1.1429610712602
1043347784,Doolin,Thomas,M,PA-C,I,4988 State Highway 30,,Amsterdam,NY,36,12010,2,"Metropolitan area high commuting: primary flow 30% or more to a urbanized area of 50,000 and greater",US,Physician Assistant,S,1738,3209.4,187453.03,91222,260,,1500,2880.5333333333,147501.27,82036,,238,"#",,,,1398,45269.82,*,,,,1164,103727.49,,574,83725.54,,388,52195.91,,1350,135257.12,46,1824.39,1217,,2.6467203682394,0,0,0,,0,98,5676.81,73,,18,227.85,*,,73.276923076923,22,127,79,32,111,149,243,,0,,0,16,30,230,1.0336312759005
1043349012,Agarwal,Parag,P,RPH,I,1155-A Blake Ave,Bgh Rx Inc.( D/B/A Cypress Hills Pharmacy ),Brooklyn,NY,36,11208,1,"Metropolitan area core: primary flow within an urbanized area of 50,000 and greater",US,Pharmacist,T,73,73,10409.94,218,45,"#",,,,,"#",,,73,10409.94,,0,0,,0,0,*,,,"#",,,*,,,"#",,,0,0,0,0,0,0,0,0,0,,0,0,0,*,,,*,,72.911111111111,,,,,25,20,40,0,,,0,,,,0.97690123336093
1043367204,Liguori,Michael,A,MD,I,80 5th Ave,Room 1601,New York,NY,36,10011,1,"Metropolitan area core: primary flow within an urbanized area of 50,000 and greater",US,Internal Medicine,S,3773,7298.9,1035258.54,213111,247,,3255,6679.2,634856.49,195124,,235,"#",,,,2890,121331.79,*,,,,139,25083.9,,3634,1010174.64,,367,226241.07,,3406,809017.47,19,589.25,371,,0.50357805459846,0,0,0,,0,83,952.37,61,*,,,*,,75.562753036437,12,106,88,41,104,143,214,,,,0,19,12,235,1.0521791497976
1043392616,Hodes,Leon,,M.D.,I,474 Atlantic Ave,,East Rockaway,NY,36,11518,1,"Metropolitan area core: primary flow within an urbanized area of 50,000 and greater",US,Internal Medicine,S,4409,10084.833333333,358126.47,295062,430,,4306,9857.8333333333,347285.21,288434,,410,,810,254317.7,,3599,103808.77,,0,0,,433,29099.46,,3976,329027.01,,448,14775.07,,3961,343351.4,,,,,,,,,,,179,4231.83,121,*,,,*,,75.437209302326,20,204,132,74,248,182,402,0,,,0,22,31,399,1.1384850641953
1043410897,Chow,Desiree,,MD,I,10 Union Sq E,Suite 3g,New York,NY,36,10003,1,"Metropolitan area core: primary flow within an urbanized area of 50,000 and greater",US,Internal Medicine,S,8502,13785,722750.38,403164,772,,6658,11242.5,545805.58,330003,,614,,1923,569114.21,,6404,146099.52,,175,7536.65,,6106,510291.46,,2396,212458.92,,6980,604690.19,,1522,118060.19,110,28698.06,2989,33,1.2938132204187,,,,,,50,336.3,31,*,,,*,,70.282383419689,158,359,210,45,535,237,134,109,31,485,,,578,194,1.4206554553787
1043416365,Kodial,Sukhwinder,S,M.D.,I,325 Essjay Rd,,Williamsville,NY,36,14221,1,"Metropolitan area core: primary flow within an urbanized area of 50,000 and greater",US,Family Practice,S,3797,8089,273021.87,234651,396,,3307,7232.9,241870.35,210448,,334,,599,202559.6,,3134,67847.96,,64,2614.31,,2476,151988.53,,1321,121033.34,,938,76554.29,,2859,196467.58,62,919.42,1614,26,1.6328680537266,0,0,0,0,0,98,1110.37,76,,0,0,,0,71.64898989899,62,194,88,52,191,205,311,32,34,,,14,88,308,1.1090556543782
1043425937,Mcphee,Catherine,C,M.D.,I,167 Sullys Trl,Ste 100,Pittsford,NY,36,14534,1,"Metropolitan area core: primary flow within an urbanized area of 50,000 and greater",US,Family Practice,S,3247,6422.1,243712.26,186667,336,,2821,5846.8666666667,184718.11,170288,,306,"#",,,,2747,67745.55,*,,,,2395,183237.82,,852,60474.44,,669,66653.8,,2578,177058.46,78,18891.6,2139,18,2.4022174314752,28,17278.69,840,,35.897435897436,99,1559.23,55,,15,175.31,*,,72.166666666667,30,187,81,38,234,102,311,,,,0,12,46,290,0.88321148837069
1043466709,Locke,Elizabeth,A,MD,I,713 Troy Schenectady Rd,Suite 224,Latham,NY,36,12110,1,"Metropolitan area core: primary flow within an urbanized area of 50,000 and greater",US,Family Practice,S,5069,9428.4666666667,372505.82,277584,367,,4653,8896.5333333333,339077.63,262117,,334,,765,285576.35,,4280,86124.34,,24,805.13,,3349,199741.47,,1720,172764.35,,851,61776.1,,4218,310729.72,41,647.81,924,11,0.80883803511541,,,,,,52,4555.89,38,,17,130.7,*,,72.929155313352,33,188,97,49,277,90,336,,,,0,18,50,317,1.0257177331454
1043501646,Kotchev,Nicola,P,MD,I,3400 Bainbridge Ave,Map8,Bronx,NY,36,10467,1,"Metropolitan area core: primary flow within an urbanized area of 50,000 and greater",US,Internal Medicine,S,9507,19130.433333333,1107172.7,563021,540,,7554,15505.6,728075.37,457312,,437,,2129,881647.13,,6532,181036.85,,846,44488.72,,6981,806535.27,,2526,300637.43,,6422,854373.96,,3085,252798.74,77,2554.66,2109,25,0.80992952561271,,,,,,65,19426.6,48,,18,290.07,*,,71.362962962963,103,234,152,51,387,153,75,203,,234,,20,277,263,1.678303151644
1043503246,Kessler,Jonathan,D,M.D.,I,2914 Elmwood Ave,,Kenmore,NY,36,14217,1,"Metropolitan area core: primary flow within an urbanized area of 50,000 and greater",US,Family Practice,S,7130,15704.933333333,530193.71,439990,541,,6513,14629,448621.35,411366,,493,,1142,392535.52,,5923,134071.8,,65,3586.39,,5210,354063.27,,1920,176130.44,,1319,80754.88,,5811,449438.83,144,1386.9,2418,54,2.0196353436185,,,,,,271,19973.62,150,,44,426.19,,11,74.295748613678,48,233,171,89,280,261,508,,,,0,16,55,486,1.2228377809023
1043543069,Ren,Lili,,M.D.,I,13421 Maple Ave Fl 1,,Flushing,NY,36,11355,1,"Metropolitan area core: primary flow within an urbanized area of 50,000 and greater",US,Internal Medicine,S,6495,7164.6,398728.4,208816,164,,6339,6960.1,374595.77,202873,"#",,,1009,309470.95,,5418,85480.08,,68,3777.37,,5164,325225.13,,1331,73503.27,,5970,360590.48,,525,38137.92,,,,,,,,,,,52,1581.15,36,,22,185.31,*,,70.292682926829,,,,,77,87,,,150,,0,,133,31,0.94268241869919
1043647688,Przybelinski,Krista,M,NP,I,138 E Main St,,Westfield,NY,36,14787,7,"Small town core: primary flow within an urban cluster of 2,500 to 9,999",US,Nurse Practitioner,S,1483,2923.1,86105.64,82512,237,,1227,2502.1666666667,73552.34,70958,,196,"#",,,,1223,24273.16,*,,,,738,37921.98,,745,48183.66,,415,25782.24,,1068,60323.4,35,2086.19,816,18,2.36008091706,15,1763.9,350,,42.857142857143,72,920,63,*,,,*,,70.637130801688,41,120,56,20,166,71,223,,,,0,,52,185,1.1285492186721
1053313940,Hartman,Barry,J,MD,I,407 E 70th St,,New York,NY,36,10021,1,"Metropolitan area core: primary flow within an urbanized area of 50,000 and greater",US,Infectious Disease,S,1250,2789.7666666667,281023.79,79964,161,,1214,2734.7666666667,274638.03,78625,"#",,"#",,,,994,58873.74,*,,,,61,6608.09,,1189,274415.7,,35,6502.59,,1215,274521.2,,,,,,,,,,,248,32716.58,75,*,,,*,,78.409937888199,,,,,74,87,144,,,,0,,,,1.8635706293223
1053319509,Emy,John,K,MD,I,317 E 34th St,,New York,NY,36,10016,1,"Metropolitan area core: primary flow within an urbanized area of 50,000 and greater",US,Internal Medicine,S,3979,7452.1666666667,270690.19,216488,342,,3918,7331.1666666667,268632.82,213163,"#",,,759,184845.36,,3220,85844.83,,0,0,,427,22570.71,,3552,248119.48,,522,35103.01,,3457,235587.18,68,1257.94,1329,12,1.7089721035436,0,0,0,0,0,98,1392.62,71,*,,,*,,74.681286549708,,,,,193,149,263,12,22,22,0,23,26,316,0.99944062285525
1053325407,Li,Paul,X,MD,I,13336 41st Rd Ste 1,,Flushing,NY,36,11355,1,"Metropolitan area core: primary flow within an urbanized area of 50,000 and greater",US,Family Practice,S,19448,21900.566666667,2200032.88,623935,500,,18987,21405,2155930.99,610261,,480,,4891,1830669.39,,14096,352826.48,,461,16537.01,,14874,1695515.22,,4574,504517.66,,18379,2143880.74,,1069,56152.14,125,889.95,1650,82,0.64273961332785,,,,,,700,8686.92,278,,84,1092.74,,15,75.024,20,232,185,63,257,243,,,478,11,0,,412,88,1.2417436035645
1053343053,Gad,Dina,,MD,I,123 W 86th St,,New York,NY,36,10024,1,"Metropolitan area core: primary flow within an urbanized area of 50,000 and greater",US,Internal Medicine,S,3721,5302.3666666667,252130.15,154926,282,,3416,4854.7,216252.21,141710,,261,,755,205140.24,,2924,46022.63,,42,967.28,,2028,127674.68,,1693,124455.47,,2154,173657.54,,1567,78472.61,46,353.67,739,18,1.2362268207471,0,0,0,0,0,37,353.11,26,,0,0,,0,75.031914893617,21,119,92,50,211,71,146,34,,91,0,,95,187,1.3938518676648
1053347401,Treihaft,Leonard,A,MD,I,2035 Lakeville Road,,New Hyde Park,NY,36,11040,1,"Metropolitan area core: primary flow within an urbanized area of 50,000 and greater",US,Internal Medicine,S,3710,9103.7333333333,187238.02,267260,463,,3623,8926.2333333333,184795.92,262070,,450,"#",,,,3174,82440.9,*,,,,771,41048.57,,2939,146189.45,,317,9626.18,,3393,177611.84,0,0,0,0,0,0,0,0,0,,184,2369.5,137,,0,0,,0,75.645788336933,13,215,159,76,265,198,357,44,21,21,0,20,33,430,1.2445092675942
1053371484,Pretto,Zorayda,,MD,I,33 Davis Ave,,White Plains,NY,36,10605,1,"Metropolitan area core: primary flow within an urbanized area of 50,000 and greater",US,Internal Medicine,S,3443,7900.5666666667,601507.88,234602,354,,3300,7676.6333333333,561736.68,228108,,340,,972,540084.71,,2270,46693.13,,201,14730.04,,839,165897.03,,2604,435610.85,,802,186448.77,,2641,415059.11,,,,,,,,,,,19,139.35,17,*,,,*,,74.841807909605,14,171,117,52,254,100,207,56,,67,,14,73,281,1.3107449026425
1053379420,Obrien,Edward,P,MD,I,300 Center Rd,,West Seneca,NY,36,14224,1,"Metropolitan area core: primary flow within an urbanized area of 50,000 and greater",US,Internal Medicine,S,9541,17100.433333333,783797.43,488306,561,,7278,14039.7,566746.9,403747,,467,,1519,551594.17,,7988,231284.06,,34,919.2,,6394,481207.82,,3147,302589.61,,2694,258339.5,,6847,525457.93,682,40621.79,19169,89,7.148097683681,91,21726.76,2680,12,13.343108504399,424,14253.38,229,,13,300.3,*,,73.486631016043,94,176,195,96,301,260,524,,,12,,14,103,458,1.223757919501
1053382283,Moorjani,Harish,,M.D.,I,127 Woodside Ave,Suite 204,Briarcliff Manor,NY,36,10510,1,"Metropolitan area core: primary flow within an urbanized area of 50,000 and greater",US,Infectious Disease,S,2651,2849.5,2781854.82,82179,151,,913,1034.4333333333,1116643.74,29870,,74,"#",,,,1336,58464.92,*,,,,306,479164.87,,2345,2302689.95,,2070,2066944.82,,581,714910,19,2306.45,405,,0.7167106752169,16,2299.96,340,,84.210526315789,151,60297.39,38,,0,0,,0,62.072847682119,77,53,,,67,84,55,67,,24,,,93,58,1.8790587104941
1053393207,Ludwig,Samantha,,MD,I,713 Troy Schenectady Rd,Suite 224,Latham,NY,36,12110,1,"Metropolitan area core: primary flow within an urbanized area of 50,000 and greater",US,Family Practice,S,5632,11425.933333333,443239.29,337081,478,,5435,11112.933333333,428633.01,327835,,455,,950,324310.55,,4639,117034.68,,43,1894.06,,3335,219919.47,,2297,223319.82,,539,43831.24,,5093,399408.05,49,1408.73,1380,,0.87002840909091,,,,,,39,442.34,33,*,,,*,,74.924686192469,23,221,159,75,371,107,446,,,,0,,50,428,0.93157984658298
1053394106,Li,Jim,,D.O.,I,14355 37th Ave Fl 1,,Flushing,NY,36,11354,1,"Metropolitan area core: primary flow within an urbanized area of 50,000 and greater",US,Family Practice,S,16542,17767.166666667,2582870.9299999,141426,9943,,15991,17186.1,2499792.2399999,131349,,9739,,14606,2533180.2299999,,1788,44514.69,,148,5176.01,,4410,701278.65,,12132,1881592.2799999,,3497,533641.63,,13045,2049229.2999999,,,,,,,,,,,79,874.56,47,*,,,*,,74.689228603037,204,5103,3695,941,5911,4032,7846,432,,690,,617,1021,8922,0.90228914335219
1053417501,Patel,Madhu,S,M.D.,I,1300 Union Tpke,Suite 301,New Hyde Park,NY,36,11040,1,"Metropolitan area core: primary flow within an urbanized area of 50,000 and greater",US,Internal Medicine,S,3724,8630.5333333333,301020.96,254706,358,,3522,8238.2,283317.99,243370,,337,,623,189235.53,,3077,110807.79,,24,977.64,,516,27828,,3208,273192.96,,458,48814.8,,3266,252206.16,13,401.6,273,,0.34908700322234,,,,,,41,344.35,36,*,,,*,,76.041899441341,21,157,106,74,254,104,282,16,35,,,18,30,328,0.98288814367494
1053467886,Jacobson,Elizabeth,,MD,I,425 E 61st St,11th Floor,New York,NY,36,10065,1,"Metropolitan area core: primary flow within an urbanized area of 50,000 and greater",US,Internal Medicine,S,3355,5967.6666666667,183061.55,170892,329,,3168,5736.6666666667,175345.26,164662,"#",,"#",,,,2812,65852.2,*,,,,102,3329.24,,3253,179732.31,,516,30921.68,,2839,152139.87,44,1238.83,835,,1.3114754098361,0,0,0,,0,188,3407.87,108,,15,539.02,*,,76.0273556231,,,,,294,35,282,16,,12,,16,19,310,0.91112887998526
1053495390,Khodosh,Zinaida,,M.D.,I,8415 4th Ave,"Apt.#a2",Brooklyn,NY,36,11209,1,"Metropolitan area core: primary flow within an urbanized area of 50,000 and greater",US,Internal Medicine,S,6988,7080.7666666667,658967.45,206048,62,,6884,6970.7666666667,646162.33,202904,"#",,,2035,513482.19,,4831,141271.65,,122,4213.61,*,,,"#",,,,6700,619232.83,,288,39734.62,,,,,,,,,,,104,17266.94,38,,0,0,*,,81.258064516129,,,,,39,23,52,0,,0,0,,,,1.7430188172043
1063410066,Singh,Sonjoy,,M.D.,I,7300 Porter Rd,,Niagara Falls,NY,36,14304,1,"Metropolitan area core: primary flow within an urbanized area of 50,000 and greater",US,Family Practice,S,12170,18663.833333333,635885.3,487081,501,,11409,17583.233333333,586102.6,457222,,458,,1602,404789.66,,10520,229059.81,,48,2035.83,,9651,452941.4,,2519,182943.9,,4163,213230.05,,8007,422655.25,242,5885.12,4763,55,1.9884963023829,25,3540.29,934,,10.330578512397,376,4426.71,204,,54,254.83,*,,75.325349301397,43,198,176,84,313,188,458,25,,,,,71,430,1.3218288783771
1063410108,Andres,Jerome,C,M.D.,I,7300 Porter Rd,,Niagara Falls,NY,36,14304,1,"Metropolitan area core: primary flow within an urbanized area of 50,000 and greater",US,Family Practice,S,7839,16398.966666667,568005.7,483518,615,,7301,15373.6,520081.92,453224,,572,,1027,430716.01,,6736,133518.01,,76,3771.68,,5703,425480.11,,2136,142525.59,,1067,100478.93,,6772,467526.77,22,145.84,330,12,0.28064804184207,0,0,0,0,0,105,850.96,70,*,,,*,,74.315447154472,43,289,201,82,301,314,565,15,,13,,21,49,566,1.0709188585778
1063436210,Borghi-Cavallaro,Christine,C,M.D.,I,945 E Henrietta Rd,,Rochester,NY,36,14623,1,"Metropolitan area core: primary flow within an urbanized area of 50,000 and greater",US,Family Practice,S,5248,10453.7,327767.16,306105,293,,4873,9776,286196.36,286209,,272,,611,206171.03,,4590,119456.35,,47,2139.78,,4656,276347.09,,592,51420.07,,742,58136.89,,4506,269630.27,140,27727.43,3778,37,2.6676829268293,15,24447.4,450,,10.714285714286,116,1192.07,68,,0,0,,0,72.505119453925,21,168,85,19,238,55,243,20,,,0,15,27,266,0.95698793554564
1063442689,Krasner,Michael,S,M.D.,I,2400 S Clinton Ave,Bldg H Suite 230,Rochester,NY,36,14618,1,"Metropolitan area core: primary flow within an urbanized area of 50,000 and greater",US,Internal Medicine,S,7015,14521.5,428407.69,424324,793,,6277,13408.266666667,388181.94,392221,,738,,715,263910.03,,6258,163109.03,,42,1388.63,,5916,350056.44,,1099,78351.25,,943,65086.2,,6072,363321.49,190,25799.89,4929,37,2.7084818246614,69,23764.57,2059,11,36.315789473684,185,2722.24,112,,0,0,,0,74.155107187894,55,379,242,117,405,388,695,37,,16,,39,63,730,0.97943546794964
1063459394,Roche,Robert,R,D.O.,I,1026 Union Rd,,West Seneca,NY,36,14224,1,"Metropolitan area core: primary flow within an urbanized area of 50,000 and greater",US,Family Practice,S,3949,8264.2333333333,248457.05,242073,311,,3403,7265.7333333333,225212.33,212936,,276,,504,154109.98,,3434,93956.45,,11,390.62,,2464,167778.76,,1485,80678.29,,1248,100455.66,,2701,148001.39,117,2688.18,3540,23,2.9627753861737,0,0,0,0,0,74,790.89,60,*,,,*,,73.987138263666,35,135,85,56,160,151,284,,0,12,0,,74,237,1.2563446715015
1063464519,Kutler,Charles,,MD,I,360 Washington Avr,,Kingston,NY,36,12401,1,"Metropolitan area core: primary flow within an urbanized area of 50,000 and greater",US,Infectious Disease,S,2116,3036.9333333333,687193.74,82403,234,,1681,2580.9333333333,444393.1,70012,,189,,538,627411.42,,1560,58977.01,,18,805.31,,370,137446.6,,1746,549747.14,,732,391469.65,,1384,295724.09,21,873.27,540,,0.99243856332703,,,,,,316,123779.76,118,*,,,*,,71.615384615385,45,93,65,31,130,104,203,11,,,,,61,173,1.6427140547881
1063468627,Shamekh,Shahram,D,MD,I,935 Northern Blvd Ste 105,,Great Neck,NY,36,11021,1,"Metropolitan area core: primary flow within an urbanized area of 50,000 and greater",US,Internal Medicine,S,4240,5369.4666666667,312322.19,149169,188,,3854,4879.6666666667,287841.81,135462,,170,"#",,,,3361,69620.92,*,,,,1442,91667.32,,2798,220654.87,,3012,236990.19,,1228,75332,49,686.04,989,13,1.1556603773585,0,0,0,0,0,112,3661.87,50,*,,,*,,73.914893617021,18,81,61,28,112,76,106,11,35,,,25,105,83,1.6728418692555
1063483311,Gong,Lin,,M.D.,I,763 56th St Fl 1,,Brooklyn,NY,36,11220,1,"Metropolitan area core: primary flow within an urbanized area of 50,000 and greater",US,Internal Medicine,S,12841,14607.433333333,1006719.95,427840,555,,12605,14346.333333333,998080.84,420262,,533,,2382,762215.51,,10324,238103.32,,135,6401.12,,11230,845619.1,,1611,161100.85,,12431,989800.14,,410,16919.81,,,,,,,,,,,165,10506.48,128,,15,94.39,*,,72.032432432432,22,372,130,31,267,288,,,543,,0,,518,37,1.099854816458
1063502870,Koo,Jimmy,L,MD,I,48 Route 6 Ste 102,Care Mount Medcical Pc,Yorktown Heights,NY,36,10598,1,"Metropolitan area core: primary flow within an urbanized area of 50,000 and greater",US,Internal Medicine,S,7021,14866.333333333,628855.41,430180,609,,6684,14218.833333333,603503.7,411843,,568,,1226,456252.4,,5777,171697.88,,18,905.13,,1102,46728.36,,5919,582127.05,,475,30151.74,,6546,598703.67,172,7226.79,2913,42,2.4497934767127,19,1074.59,570,,11.046511627907,244,5279.3,155,,56,438.13,*,,73.395730706076,41,317,186,65,352,257,570,,11,15,0,,43,566,1.0471111859843
1063512002,Bergman,Mark,J,M.D.,I,175 E Main St,Suite 200,Huntington,NY,36,11743,1,"Metropolitan area core: primary flow within an urbanized area of 50,000 and greater",US,Cardiology,S,9934,24192.633333333,948305.02,717054,845,,9589,23584.066666667,901675.76,699702,,825,,1929,664912.82,,7993,281534.7,,12,1857.5,,1026,87822.32,,8908,860482.7,,673,78410.7,,9261,869894.32,69,1861.02,1753,36,0.6945842560902,,,,,,228,3786.36,131,,42,3383.27,*,,77.007100591716,20,321,338,166,470,375,799,,,14,0,18,32,813,1.0554916971492
1063524155,Jackson,Christopher,H,RPA-C,I,6356 Nys Route 30,,Indian Lake,NY,36,12842,10,"Rural areas: primary flow to a tract outside a urbanized area of 50,000 and greater or UC",US,Physician Assistant,S,3094,5417.8666666667,271660.24,153444,330,,2070,4014.1666666667,186662.38,114558,,269,,376,170661.65,,2695,100018.88,,23,979.71,,742,44051.31,,2352,227608.93,,1620,121646.94,,1474,150013.3,157,6489.56,4241,32,5.0743374272786,,,,,,99,2403.66,79,,57,3096,*,,71.415151515152,61,151,87,31,165,165,305,,,,0,,89,241,0.9415073120839
1063524536,Rettagliata,George,J,MD,I,11 Ralph Pl,Ste 308,Staten Island,NY,36,10304,1,"Metropolitan area core: primary flow within an urbanized area of 50,000 and greater",US,Internal Medicine,S,3606,8836.0333333333,424423.23,260717,255,,3007,7472.9666666667,313963.12,220812,,213,,621,330871.7,,2925,89466.46,,60,4085.07,,2867,339616.16,,739,84807.07,,1953,316698.35,,1653,107724.88,,,,,,,,,,,60,13060.3,39,,0,0,,0,71.639215686275,42,110,76,27,143,112,144,50,16,32,0,13,100,155,1.2465310263116
1063532034,Shah,Rupal,S,MD,I,500 Front St,,Hempstead,NY,36,11550,1,"Metropolitan area core: primary flow within an urbanized area of 50,000 and greater",US,Geriatric Medicine,S,4336,7355.5333333333,220050.15,215817,491,,4313,7328.5333333333,218468.88,215012,"#",,"#",,,,3811,99399.67,*,,,,843,44438.78,,3493,175611.37,,1649,93440.93,,2687,126609.22,48,1214.84,1124,23,1.1070110701107,,,,,,72,683.25,60,,230,4119.57,*,,85.201629327902,,,,,381,110,360,43,,42,,24,130,361,1.6758341196777
1063559797,Keil,Katherine,,MD,I,38 Est 32nd Street,8th Floor,New York,NY,36,10016,1,"Metropolitan area core: primary flow within an urbanized area of 50,000 and greater",US,Internal Medicine,S,2689,5058,125705.93,145010,312,,2678,5039,125446.6,144476,"#",,,408,74041.46,,2281,51664.47,,0,0,,719,26450.24,,1970,99255.69,,127,3573.95,,2562,122131.98,32,362.08,642,13,1.1900334696913,0,0,0,0,0,109,1949.13,79,,0,0,*,,73.294871794872,,,,,268,44,260,,,13,0,24,,,0.85045555421609
1063591832,Hsuih,Chun Hung,,M.D,I,775 57th St,,Brooklyn,NY,36,11220,1,"Metropolitan area core: primary flow within an urbanized area of 50,000 and greater",US,Internal Medicine,S,15998,19800.066666667,1523785.92,566896,379,,14880,18529.133333333,1400481.52,531429,,352,,3385,1138023.28,,12292,375940.26,,321,9822.38,,11550,1055587.13,,4448,468198.79,,14964,1419711.65,,1034,104074.27,16,979.7,190,,0.1000125015627,0,0,0,,0,416,7667.91,204,,26,163.98,*,,72.039577836412,27,226,97,29,199,180,,0,368,,0,,333,46,1.1036874954101
1063596823,Doucet,Christine,M,M.D.,I,130 Medford Ave,,Patchogue,NY,36,11772,1,"Metropolitan area core: primary flow within an urbanized area of 50,000 and greater",US,Family Practice,S,3857,9459.4,328322.05,278183,553,,3647,9048.4666666667,296496.18,266103,,526,"#",,,,3149,106932.48,*,,,,732,32568.1,,3125,295753.95,,229,20760.12,,3628,307561.93,,,,,,,,,,,101,1303.72,84,*,,,*,,74.544303797468,27,276,178,72,403,150,495,16,,21,,19,29,524,0.99418762181019
1275511560,Porter,Russell,,MD,I,2000 North Villiage Ave,Ste 307,Rockville Centre,NY,36,11570,1,"Metropolitan area core: primary flow within an urbanized area of 50,000 and greater",US,Family Practice,S,2134,4935.3333333333,137777.99,144633,228,,2077,4808.3333333333,134281.48,140853,,216,,326,93376.47,,1797,43635.85,,11,765.67,,746,36926.43,,1388,100851.56,,429,36097.36,,1705,101680.63,,,,,,,,,,,51,551.4,37,,16,207.31,*,,75.271929824561,12,101,75,40,134,94,151,37,,19,,14,41,187,1.130548245614
1275523672,Varnum,Corliss,A,M.D.,I,33 E Schuyler St,,Oswego,NY,36,13126,4,"Micropolitan area core: primary flow within an urban cluster of 10,000 to 49,999",US,Family Practice,S,9453,19613.4,773496.2,575072,529,,8804,18412.033333333,722900.73,540206,,484,,1439,552975.27,,7937,217618.08,,77,2902.85,,3534,236390.92,,5919,537105.28,,1217,69662.5,,8236,703833.7,135,2193.53,2804,35,1.4281180577594,11,496.97,330,,8.1481481481481,152,3138.6,98,,29,2611.59,*,,73.771266540643,45,248,175,61,273,256,509,,,,0,15,48,481,1.2158153633362
1275534000,Gulati,Rajan,,M.D,I,111 Maltese Dr,,Middletown,NY,36,10940,1,"Metropolitan area core: primary flow within an urbanized area of 50,000 and greater",US,General Practice,S,12739,20729.433333333,1043988.56,597688,865,,9397,15773.733333333,738983.44,456807,,651,,2024,738033.28,,10635,301102.36,,80,4852.92,,4718,299642.86,,8021,744345.7,,5577,536892.23,,7162,507096.33,850,57170.83,24295,195,6.6724232671324,75,11900.77,2196,18,8.8235294117647,459,8758.54,273,,49,1596.52,*,,70.087861271676,214,365,201,85,498,367,595,121,,114,,23,244,621,1.5872758029856
1275537250,Baldwin,Todd,E,DO,I,1561 Route 9w,,Lake Katrine,NY,36,12449,1,"Metropolitan area core: primary flow within an urbanized area of 50,000 and greater",US,Family Practice,S,5828,10877.2,396240.97,315647,409,,4909,9765.8,333944.72,284706,,356,,931,289874.21,,4874,105329.65,,23,1037.11,,2736,158162.86,,3092,238078.11,,1462,107988.28,,4366,288252.69,188,10209.8,4205,43,3.2258064516129,28,7858.78,777,,14.893617021277,110,2459.23,71,*,,,*,,71.870415647922,53,196,121,39,211,198,373,13,,,0,13,75,334,1.1493839467784
1275566747,Bolic,Martin,A,M.D.,I,2 Lincoln Ave,Suite 201,Rockville Centre,NY,36,11570,1,"Metropolitan area core: primary flow within an urbanized area of 50,000 and greater",US,Internal Medicine,S,5083,10867.033333333,293275.39,319788,558,,4939,10595.033333333,284035.9,311903,,534,"#",,,,4387,126666.92,*,,,,725,43964.83,,4358,249310.56,,477,44871.25,,4606,248404.14,33,1286.08,745,13,0.64922289986229,0,0,0,0,0,85,1096.93,69,*,,,*,,75.532258064516,24,262,173,99,304,254,458,32,,37,,28,40,518,1.0611191038393
1275575466,Attia,A. Lawrence,,MD,I,350 W 58th St,,New York,NY,36,10019,1,"Metropolitan area core: primary flow within an urbanized area of 50,000 and greater",US,Gastroenterology,S,3268,6207.7333333333,272555.12,180587,287,,3232,6149.7333333333,271550.63,178900,"#",,"#",,,,2646,64021.12,*,,,,817,110439.56,,2451,162115.56,,494,24262.32,,2774,248292.8,30,694.67,885,,0.91799265605875,0,0,0,,0,94,2892.99,59,,15,482.22,*,,76.11149825784,,,,,166,121,197,32,,38,,15,23,264,0.97604732868757
1275584138,Wortman,Shye,S,M.D.,I,2315 Victory Blvd,,Staten Island,NY,36,10314,1,"Metropolitan area core: primary flow within an urbanized area of 50,000 and greater",US,Internal Medicine,S,8693,17444.533333333,907040.47,506730,965,,7443,15618.433333333,722848.21,455371,,835,,1611,711232.1,,6999,185873.09,,83,9935.28,,3781,341140.98,,4912,565899.49,,2755,391832.53,,5938,515207.94,198,6646.03,5632,52,2.2776946968825,16,2082.72,465,,8.0808080808081,321,4833.02,214,,52,1551.69,,14,71.39896373057,130,505,250,80,581,384,778,44,23,66,0,54,214,751,1.2148008974222
1275586687,Inzlicht-Sprei,Eli,,M.D.,I,620 Foster Ave,Suite 200,Brooklyn,NY,36,11230,1,"Metropolitan area core: primary flow within an urbanized area of 50,000 and greater",US,Internal Medicine,S,13228,15909.733333333,1003946.87,458378,583,,10902,13496.333333333,817365.83,389817,,489,,2418,716761.72,,10626,278567.23,,184,8617.92,,1568,84954.3,,11660,918992.57,,9989,781062.56,,3239,222884.31,280,12573.65,7685,61,2.1167221046265,49,5740.48,1439,12,17.5,252,5055.07,134,,135,17423.39,,46,72.557461406518,94,263,138,88,281,302,431,62,34,37,,,359,224,1.8454001719152
1275588022,Kirtane,Yashodhara,,,I,114-12 Beach Channel Dr,,Rockaway Park,NY,36,11694,1,"Metropolitan area core: primary flow within an urbanized area of 50,000 and greater",US,Allergy/ Immunology,S,1410,2803.2666666667,128852.65,82380,211,,1275,2599.7666666667,115387.74,76550,,197,"#",,,,1062,27002.45,*,,,,420,41447.93,,990,87404.72,,157,19379.47,,1253,109473.18,23,395.18,578,12,1.6312056737589,,,,,,16,270.52,12,,0,0,,0,73.739336492891,14,111,64,22,163,48,174,13,,12,,,17,194,1.0587302527646
1275595787,Lyo,Thomas,Z,M.D,I,13987 35th Ave Apt L1,,Flushing,NY,36,11354,1,"Metropolitan area core: primary flow within an urbanized area of 50,000 and greater",US,Internal Medicine,S,6956,11124.1,540738.45,325442,354,,5548,9409.9666666667,412630.06,275514,,301,,1165,400878.86,,5719,136557.3,,72,3302.29,,3528,268346.64,,3428,272391.81,,3877,316128.42,,3079,224610.03,251,12043.93,6937,41,3.6083956296722,36,7851.64,997,,14.342629482072,148,1556.32,87,*,,,*,,72.898305084746,53,155,104,42,187,167,134,111,47,44,0,18,148,206,1.3598921005379
1275612467,Yarima,Shannon,,MD,I,10201 66th Rd,,Forest Hills,NY,36,11375,1,"Metropolitan area core: primary flow within an urbanized area of 50,000 and greater",US,Physician Assistant,S,2433,4940.1666666667,200543.11,136580,458,,2033,4119.4333333333,155399.41,113618,,397,,467,154315.06,,1936,44299.32,,30,1928.73,,2025,175235.55,,408,25307.56,,767,81265.17,,1666,119277.94,87,371.38,1747,49,3.5758323057953,0,0,0,0,0,132,2033.64,109,*,,,*,,72.181222707424,61,218,130,49,270,188,222,173,,54,,,82,376,1.308353701089
1275639502,Wu,Benjamin,,,I,730 60th St Fl 1,,Brooklyn,NY,36,11220,1,"Metropolitan area core: primary flow within an urbanized area of 50,000 and greater",US,Family Practice,S,32359,36023.633333333,4017717.98,1056481,666,,31517,35138.933333333,3899180.03,1030430,,641,,10675,3444276.93,,21301,564130.62,,383,9310.43,,17855,2294999.14,,14504,1722718.84,,31600,3956833.5,,759,60884.48,66,1198.77,1364,33,0.2039618035168,15,682.05,450,,22.727272727273,276,5574.53,193,,75,3224.97,,17,74.752252252252,25,335,196,110,381,285,,0,645,,0,,627,39,1.3193198469636
1275646010,Choi,Song Ja,,FNP,I,3834 Parsons Blvd,1d,Flushing,NY,36,11354,1,"Metropolitan area core: primary flow within an urbanized area of 50,000 and greater",US,Family Practice,S,9895,11969.7,1285835.58,350026,214,,9833,11906.7,1284085.8,348251,"#",,,3467,1119921.67,,6406,165307.41,,22,606.5,,3885,340615.55,,6010,945220.03,,8579,1249752.58,,1316,36083,106,1154.83,2381,34,1.0712481051036,0,0,0,0,0,128,989.72,69,,25,2092.95,*,,73.570093457944,,,,,129,85,,,196,,0,11,146,68,1.0676613840383
1275699852,Corzo,Pedro,A,M.D.,I,10401 Roosevelt Ave,,Corona,NY,36,11368,1,"Metropolitan area core: primary flow within an urbanized area of 50,000 and greater",US,Internal Medicine,S,9233,14788.266666667,805506.7,426179,396,,8086,13188.066666667,705390.4,380755,,351,,1498,621287.74,,7439,169936.2,,296,14282.76,,8222,708344.08,,1011,97162.62,,8439,769994.61,,794,35512.09,84,473.7,1495,49,0.90978013646702,,,,,,131,862.42,87,,13,893.29,*,,71.343434343434,45,233,91,27,187,209,,,,384,0,0,326,70,1.0608026937831
1275712580,Sullivan,Brenda,L,M.D.,I,955 Yonkers Ave,Suite 110,Yonkers,NY,36,10704,1,"Metropolitan area core: primary flow within an urbanized area of 50,000 and greater",US,Internal Medicine,S,5978,12268.366666667,545469.56,360718,394,,5784,11833.6,518616.66,347912,,378,,1227,408230.09,,4699,134869.47,,52,2370,,2100,183006.88,,3878,362462.68,,1156,95063.4,,4822,450406.16,23,901.81,570,,0.38474406155905,0,0,0,,0,115,1386.86,83,*,,,*,,76.02538071066,16,170,135,73,320,74,307,32,15,28,0,12,63,331,1.147429657397
1275886764,Ling,Lisa,,MD,I,217 Grand St Ste 802,,New York,NY,36,10013,1,"Metropolitan area core: primary flow within an urbanized area of 50,000 and greater",US,Student in an Organized Health Care Education/Training Program,T,5791,6295.3,504832.9,182610,381,,5483,5946.8,476610.28,172557,,364,,1072,369119.29,,4648,133599.15,,71,2114.46,,4910,427511.26,,881,77321.64,,5637,495814.84,,154,9018.06,0,0,0,0,0,0,0,0,0,,56,285.87,49,*,,,*,,70.713910761155,17,283,66,15,179,202,0,0,374,,0,,359,22,1.0472825649422
1275891129,Jerome-Roberts,Jenifer,D,MD,I,2212 Penfield Rd,"Ste. #100",Penfield,NY,36,14526,1,"Metropolitan area core: primary flow within an urbanized area of 50,000 and greater",US,Internal Medicine,S,7481,13201.866666667,371590.39,383344,572,,6765,12268.666666667,316947.01,356865,,522,,677,228253.74,,6759,141565.61,,45,1771.04,,6094,285671.67,,1387,85918.72,,728,62486.89,,6753,309103.5,235,19680.55,5491,63,3.1412912712204,22,14557.78,610,,9.3617021276596,203,1863.52,123,,31,1570.32,*,,72.333916083916,50,293,177,52,377,195,525,,,,,24,55,517,0.8364765457914
1285605394,Tam,Steve,C,MD,I,77 Bowery,"5th Floor, Suite 502",New York,NY,36,10002,1,"Metropolitan area core: primary flow within an urbanized area of 50,000 and greater",US,Internal Medicine,S,23793,42057.033333333,3178792.24,1247144,855,,23547,41685.366666667,3160016.66,1236176,,844,,6665,2526039.61,,16877,643843.98,,251,8908.65,,17181,2420016.67,,6612,758775.57,,20209,2788699.78,,3584,390092.46,56,1957.74,839,34,0.23536334215946,,,,,,173,993.7,141,,70,6758.62,,19,79.571929824561,11,235,362,247,472,383,14,,776,,0,52,607,248,1.5039150822377
1285629030,Alcasabas,Aurene,D,MD,I,45 Rose Ave,,Patchogue,NY,36,11772,1,"Metropolitan area core: primary flow within an urbanized area of 50,000 and greater",US,Family Practice,S,6297,13530.233333333,402698.05,385623,606,,6062,13083.233333333,387556.61,373152,,583,"#",,,,5560,173661.49,*,,,,1607,100182.15,,4690,302515.9,,677,57275.41,,5620,345422.64,53,1389.98,995,22,0.84167063681118,,,,,,462,5746.18,274,*,,,*,,75.470297029703,23,281,211,91,418,188,535,11,,28,,24,35,571,1.1427948201343
1285655696,Cheng,Jenny,,M.D.,I,84 Bowery,5th Fl,New York,NY,36,10013,1,"Metropolitan area core: primary flow within an urbanized area of 50,000 and greater",US,Internal Medicine,S,8401,13924.533333333,965376.83,404647,374,,8189,13591.333333333,941596.19,394947,,358,,1807,768507.49,,6476,193032.81,,118,3836.53,,6951,782012.13,,1450,183364.7,,7706,900440.81,,695,64936.02,14,219.79,180,,0.1666468277586,0,0,0,,0,89,842.85,73,,0,0,,0,72.417112299465,16,228,98,32,239,135,,,355,,0,,301,73,1.0125734893657
1285664045,Lum,George,,M.D.,I,13630 Maple Ave,Suite 1j,Flushing,NY,36,11355,1,"Metropolitan area core: primary flow within an urbanized area of 50,000 and greater",US,Internal Medicine,S,12690,19235.366666667,1261477.98,535765,399,,11616,17707,1105256.62,492585,,364,,2487,871312.36,,10057,383390.57,,146,6775.05,,6391,546332.46,,6299,715145.52,,7861,754561.08,,4829,506916.9,106,12704.27,2918,39,0.83530338849488,12,1570.55,324,,11.320754716981,331,20243.16,152,,177,6936.19,,21,74.947368421053,35,173,120,71,240,159,110,77,122,53,,,149,250,1.6198224324237
1285681643,Serje,Jorge,,M.D.,I,362 9th St,,Brooklyn,NY,36,11215,1,"Metropolitan area core: primary flow within an urbanized area of 50,000 and greater",US,Internal Medicine,S,17283,23314.8,1964790.06,683586,691,,15310,20758.066666667,1665871.39,610216,,610,,4645,1494001.78,,12106,451895.15,,532,18893.13,,10464,1150577.09,,6819,814212.97,,13347,1670206.82,,3936,294583.24,232,16660.99,6894,61,1.3423595440606,29,9712.99,870,,12.5,310,22527.9,207,,83,669.5,,16,74.070911722142,81,260,250,100,413,278,59,38,,583,,,435,256,1.4929552942195
1285690008,Jupudy,Venkata,R,M.D.,I,12845 Broadway,,Alden,NY,36,14004,1,"Metropolitan area core: primary flow within an urbanized area of 50,000 and greater",US,Internal Medicine,S,10653,22299.033333333,913590.9,649437,739,,9296,19817.366666667,800378.61,577618,,648,,1782,706424.81,,8778,203056.13,,93,4109.96,,7874,589257.54,,2779,324333.36,,1624,156384.76,,9029,757206.14,71,780.73,1432,32,0.6664789261241,,,,,,345,4952.7,239,*,,,*,,72.917456021651,91,313,255,80,387,352,695,12,,,0,21,94,645,1.2767151826801
1285696260,Kimble,Christine,,MD,I,300 Cadman Plz W,17th & 18th Floors,Brooklyn,NY,36,11201,1,"Metropolitan area core: primary flow within an urbanized area of 50,000 and greater",US,Internal Medicine,S,3207,5950.1,205408.17,174423,259,,2741,5227.9333333333,177437.48,153566,,227,,571,142047.06,,2550,58795.13,,86,4565.98,,1590,92928.02,,1617,112480.15,,1384,103686.41,,1823,101721.76,25,133.52,431,18,0.77954474586841,0,0,0,0,0,34,255.81,24,,11,29.42,*,,71.84555984556,32,136,67,24,215,44,71,138,,34,,,61,198,1.2268030789404
1285714469,Midura,Alan,T,M.D.,I,209 W State St,,Ithaca,NY,36,14850,1,"Metropolitan area core: primary flow within an urbanized area of 50,000 and greater",US,Family Practice,S,10890,14879.766666667,647546.56,427401,487,,7385,10774.6,451030.18,310578,,393,,1617,445471.1,,9179,197950.38,,94,4125.08,,3632,180730.68,,7258,466815.88,,5102,330843.88,,5788,316702.68,740,75871.59,19948,87,6.7952249770432,134,46263.37,4020,19,18.108108108108,425,11722.51,134,,34,954.62,*,,70.195071868583,94,245,108,40,259,228,441,18,,,,18,120,367,0.98995694362893
1285721662,Clements,Jerry,E,MD,I,30 5th Ave,1e,New York,NY,36,10011,1,"Metropolitan area core: primary flow within an urbanized area of 50,000 and greater",US,Family Practice,S,888,1389.9333333333,64132.73,38714,99,,874,1371.2333333333,62624.05,38153,"#",,"#",,,,688,19104.3,*,,,,128,11472.36,,760,52660.37,,68,2641.32,,820,61491.41,11,47.73,265,,1.2387387387387,0,0,0,,0,62,791.07,37,,11,324.59,*,,72.828282828283,,,,,48,51,80,,,,0,,12,87,0.75734090909091
1285876466,Alhajjoumaa,Mamoun,,PA,I,40-35 95 Street,,Elmhurst,NY,36,11368,1,"Metropolitan area core: primary flow within an urbanized area of 50,000 and greater",US,Physician Assistant,S,9638,13731.866666667,1071588.21,397301,380,,8508,12341.333333333,933190.65,357544,,341,,2390,826806.44,,7030,236681.75,,218,8100.02,,7983,807783.03,,1655,263805.18,,8585,1016484.25,,1053,55103.96,0,0,0,0,0,0,0,0,0,,233,1890.06,134,,0,0,,0,72.657894736842,39,195,113,33,202,178,,,,358,,,292,88,1.3539514417915
1285877050,Fu,Philip,,MD,I,6636 Main St Ste 1,,Williamsville,NY,36,14221,1,"Metropolitan area core: primary flow within an urbanized area of 50,000 and greater",US,Internal Medicine,S,3573,8227.3666666667,276839.12,241771,293,,3362,7830.1666666667,265627.49,230209,,273,,515,207608.91,,3013,67830.48,,45,1399.73,,2448,176923.75,,1125,99915.37,,1244,97675.39,,2329,179163.73,68,492.23,1528,25,1.9031626084523,0,0,0,0,0,20,309.25,16,*,,,*,,74.860068259386,20,135,88,50,174,119,180,44,58,,0,,75,218,1.1246281284544
1285917252,Mann,Peggy,A,PHARM.D.,I,40 S Erie St,,Mayville,NY,36,14757,10,"Rural areas: primary flow to a tract outside a urbanized area of 50,000 and greater or UC",US,Pharmacist,T,107,107,14085.71,107,80,"#",,,,,"#",,,107,14085.71,,0,0,,0,0,*,,,"#",,,*,,,"#",,,0,0,0,0,0,0,0,0,0,,0,0,0,*,,,*,,74.025,,,,,45,35,75,0,0,,0,,,,0.88920625
1285919068,Yin,Xiaoqin,S,D.O.,I,13620 38th Ave Ste 6f,,Flushing,NY,36,11354,1,"Metropolitan area core: primary flow within an urbanized area of 50,000 and greater",US,Family Practice,S,14214,15245.133333333,1188499.5,432530,251,,13415,14438.733333333,1059919.22,409365,,240,,2435,677964.35,,11422,495381.02,,357,15154.13,,11520,1024201.81,,2694,164297.69,,14037,1182703.33,,177,5796.17,,,,,,,,,,,398,3789.48,150,*,,,*,,71.07171314741,11,181,45,14,136,115,0,0,240,,0,,235,16,1.1926459631109
1285960443,Sarris,John,,RPH,I,4234 Bronx Blvd,,Bronx,NY,36,10466,1,"Metropolitan area core: primary flow within an urbanized area of 50,000 and greater",US,Pharmacist,T,27,27,3685.76,143,20,"#",,,,,"#",,,23,3675.24,*,,,"#",,,*,,,"#",,,,0,0,,27,3685.76,0,0,0,0,0,0,0,0,0,,0,0,0,*,,,*,,74.15,,,,,,,18,,0,,0,0,0,20,0.61665
1295142610,Mottl,Dan,J,PHARMD,I,43 New Scotland Ave,Mail Code 85,Albany,NY,36,12208,1,"Metropolitan area core: primary flow within an urbanized area of 50,000 and greater",US,Pharmacist,T,19,19,2981.43,19,14,,19,19,2981.43,19,,14,,19,2981.43,,0,0,,0,0,*,,,"#",,,,0,0,,19,2981.43,0,0,0,0,0,0,0,0,0,,0,0,0,,0,0,,0,72.357142857143,0,11,,,,,13,,0,0,0,,0,14,0.68628571428571
1295705085,Gates-Maby,Tiffany,J,PA,I,53 Pine St,,Deposit,NY,36,13754,2,"Metropolitan area high commuting: primary flow 30% or more to a urbanized area of 50,000 and greater",US,Physician Assistant,S,2637,5400,122440.62,155552,410,,1994,4302.7,99536.08,124724,,325,"#",,,,2323,43633.66,*,,,,1340,63648.94,,1297,58791.68,,939,35576.27,,1698,86864.35,106,2804.52,2400,30,4.0197193780812,,,,,,100,1469.6,63,,0,0,,0,69.973170731707,85,190,99,36,240,170,394,,0,,,,111,299,1.1366251211879
1295720647,Hodes,David,L,MD,I,2 Medical Park Drive,Suite 3,W. Nyack,NY,36,10994,1,"Metropolitan area core: primary flow within an urbanized area of 50,000 and greater",US,Pulmonary Disease,S,5862,12347.933333333,1131191.95,349580,769,,5674,12064.1,1103454.97,342346,,737,"#",,,,4580,172177.6,*,,,,895,120445.31,,4967,1010746.64,,563,134064.64,,5299,997127.31,33,431.86,322,21,0.56294779938588,,,,,,403,8772.32,194,*,,,*,,75.641092327698,32,314,312,111,419,350,684,15,,30,,34,61,708,1.2840426328345
1295732964,Gerringer,Michael,,M.D.,I,10 Cranberry Dr,,Hopewell Junction,NY,36,12533,1,"Metropolitan area core: primary flow within an urbanized area of 50,000 and greater",US,Internal Medicine,S,12411,25739.3,825285.95,753450,1053,,11436,24085.833333333,775967.09,705356,,978,,1544,542211.95,,10810,278536.37,,57,4537.63,,3720,202439.41,,8691,622846.54,,1638,142838.32,,10773,682447.63,256,15208.59,5326,78,2.0626863266457,15,5812.48,450,,5.859375,342,3600.51,233,,40,1034.21,*,,74.83950617284,75,432,392,154,532,521,942,12,21,33,0,45,82,971,1.2287636150606
1295735553,Alonso,Reynaldo,H,MD,I,2426 Eastchester Rd,204,Bronx,NY,36,10469,1,"Metropolitan area core: primary flow within an urbanized area of 50,000 and greater",US,Internal Medicine,S,3565,7751.4666666666,216206.29,224816,920,,3334,7314.2333333333,200815.9,212168,,867,,680,151131.5,,2819,61544.39,,66,3530.4,,3086,176724.16,,479,39482.13,,1814,120124.95,,1751,96081.34,62,752.4,990,42,1.7391304347826,0,0,0,0,0,102,14351.96,81,,12,122.18,*,,74.879347826087,53,436,301,130,497,423,202,78,66,548,,,368,552,1.297305852411
1295738276,Goh,Kipling,B,M.D.,I,335 Parrish St,,Canandaigua,NY,36,14424,1,"Metropolitan area core: primary flow within an urbanized area of 50,000 and greater",US,Internal Medicine,S,14453,25237.333333333,836086,733095,1045,,12756,23076.7,737018.9,671268,,965,,1962,548955.35,,12388,281980.67,,103,5149.98,,10906,602792.34,,3547,233293.66,,3035,198146.65,,11418,637939.35,556,16753.66,14318,118,3.8469521898568,118,8764.98,3780,20,21.223021582734,352,6183.57,254,,76,3816.37,,11,74.277511961722,80,481,347,137,621,424,970,,,11,,49,124,921,1.0081021953746
1295751246,Goldberg,David,M,M.D.,I,259 Heathcote Rd,,Scarsdale,NY,36,10583,1,"Metropolitan area core: primary flow within an urbanized area of 50,000 and greater",US,Internal Medicine,S,7850,14586.566666667,769042.16,419083,681,,7734,14406.566666667,756406.31,414382,,668,,1283,596199.44,,6542,172168,,25,674.72,,295,29244.08,,7555,739798.08,,315,220159.47,,7535,548882.69,144,4088.51,2933,44,1.8343949044586,13,1594.02,630,,9.0277777777778,350,5827.45,201,,29,1185.02,*,,75.46402349486,13,347,217,104,344,337,601,18,,,0,47,22,659,0.95074983693623
1295752624,Gharpure,Anil,,MD,I,1000 Church Ave,Flatbush Center,Brooklyn,NY,36,11218,1,"Metropolitan area core: primary flow within an urbanized area of 50,000 and greater",US,Internal Medicine,S,10809,19014.266666667,775500.99,561394,863,,10136,18028.833333333,708840.56,532608,,811,,1598,541735.5,,8814,215444.59,,397,18320.9,,8149,568215.68,,2660,207285.31,,3311,273182.73,,7498,502318.26,0,0,0,0,0,0,0,0,0,,83,613.13,75,*,,,*,,74.122827346466,52,411,312,88,512,351,78,660,18,51,0,56,189,674,1.1431960265769
1295752863,Capulla,Eric,M,M.D,I,110 W 97th St,,New York,NY,36,10025,1,"Metropolitan area core: primary flow within an urbanized area of 50,000 and greater",US,Internal Medicine,S,4544,10774.633333333,1156737.66,316126,412,,4044,9975.9,773216.1,293418,,378,,1101,1029162.13,,3384,125758.78,,59,1816.75,,4377,1082174.76,,167,74562.9,,1141,492479.94,,3403,664257.72,172,4100.17,3744,69,3.7852112676056,,,,,,74,9424.74,56,,19,925.12,*,,73.81067961165,34,211,112,55,147,265,180,49,82,73,0,28,75,337,1.2563244673897
1295765378,Bae,Kunil,,MD,I,15408 Northern Blvd,Ste 2i,Flushing,NY,36,11354,1,"Metropolitan area core: primary flow within an urbanized area of 50,000 and greater",US,Internal Medicine,S,17471,24582.133333333,1150690.31,730599,829,,17101,24115.133333333,1129271.99,716675,,810,,2490,845514.45,,14752,298638.05,,229,6537.81,,11424,712488.64,,6047,438201.67,,14386,1009238.6,,3085,141451.71,54,829.48,1345,19,0.30908362429168,0,0,0,0,0,75,647.75,60,,29,298.99,*,,72.002412545235,19,570,192,48,411,418,,,760,,0,55,565,264,0.8893134847952
1295772077,Kot,Mark,R,M.D.,I,609 Hampton Rd,,Southampton,NY,36,11968,1,"Metropolitan area core: primary flow within an urbanized area of 50,000 and greater",US,Emergency Medicine,S,1347,1365.2,52890.88,15072,734,,1306,1324.2,51246.07,14674,,707,,309,28643.46,,1038,24247.42,,0,0,,51,2225.47,,1296,50665.41,,25,982.39,,1322,51908.49,,,,,,,,,,,841,14262.55,617,,0,0,,0,74.032697547684,27,382,270,55,429,305,685,,,,0,32,13,721,0.94718830436576
1295792133,Ring,Elyn,L,M.D.,I,6 Euclid Ave,,Cortland,NY,36,13045,4,"Micropolitan area core: primary flow within an urban cluster of 10,000 to 49,999",US,Internal Medicine,S,4587,11034.366666667,386923.84,320895,413,,4335,10520.766666667,358315.78,306405,,375,,686,263162.83,,3881,123099.74,,20,661.27,,1206,100527.44,,3381,286396.4,,954,94343.05,,3633,292580.79,,,,,,,,,,,223,22403.02,147,*,,,*,,75.786924939467,38,148,135,92,286,127,383,18,,,0,,75,338,1.7716706141945
1295793933,Altstein,Samuel,,"D.O,",I,202 W 23rd St,,New York,NY,36,10011,1,"Metropolitan area core: primary flow within an urbanized area of 50,000 and greater",US,Family Practice,S,1673,3996.1333333333,205290.11,117444,216,,1560,3750.8,196201.04,110259,,199,,262,163816.97,,1385,40377.66,,26,1095.48,,841,102458.88,,832,102831.23,,163,18000.6,,1510,187289.51,,,,,,,,,,,39,391.34,34,,0,0,,0,72.324074074074,17,128,53,18,81,135,142,30,,25,,16,21,195,0.88765046296296
1295794287,Marino,Joseph,M,MD,I,220 Linden Oaks,Suite 100,Rochester,NY,36,14625,1,"Metropolitan area core: primary flow within an urbanized area of 50,000 and greater",US,Internal Medicine,S,4022,8203.3,240076.2,242759,391,,3838,7875.3,230744.57,233083,,372,,476,142900.66,,3524,93121.11,,22,4054.43,,3710,221895.88,,312,18180.32,,408,16591.01,,3614,223485.19,82,4552.1,2460,13,2.0387866732969,,,,,,68,750.74,50,,0,0,,0,74.859335038363,19,178,144,50,179,212,329,33,,,0,18,23,368,1.1954034738111
1295797462,Wiedeman,Beth,T,MD.,I,4104 Medical Center Dr,Suite 104,Fayetteville,NY,36,13066,1,"Metropolitan area core: primary flow within an urbanized area of 50,000 and greater",US,Family Practice,S,6492,10872.533333333,362203.01,313673,372,,4553,8544.7,247662.74,246881,,307,,841,223262.14,,5606,137826.52,,45,1114.35,,3324,193754.94,,3168,168448.07,,2505,158578.14,,3987,203624.87,194,4000.48,4869,52,2.9882932840419,,,,,,189,3402.89,110,,44,1637.67,*,,71.086021505376,65,169,91,47,287,85,324,19,,,,16,94,278,0.96690585965358
1295822906,Orshan,Steven,,MD,I,3003 New Hyde Park Rd,Suite 303,New Hyde Park,NY,36,11042,1,"Metropolitan area core: primary flow within an urbanized area of 50,000 and greater",US,Pulmonary Disease,S,5996,10109.966666667,1159923.2,283217,743,,5795,9789.0333333333,1134338.31,274152,,704,"#",,,,4041,115770.4,*,,,,1297,261157.36,,4699,898765.84,,294,45922.31,,5702,1114000.89,14,337.19,313,,0.23348899266177,0,0,0,,0,452,6928.38,282,,0,0,,0,75.543741588156,39,313,271,120,442,301,629,46,,21,,30,31,712,1.358903726815
1295888709,Reyes,John,A,M.D.,I,10 Medical Plz,Suite 205,Glen Cove,NY,36,11542,1,"Metropolitan area core: primary flow within an urbanized area of 50,000 and greater",US,Internal Medicine,S,18369,29389.6,1290274.96,786554,948,,16399,26757.933333333,1076693.77,718235,,880,,3588,831934.69,,14650,450228.98,,131,8111.29,,3007,169646.43,,15362,1120628.53,,10102,630536.97,,8267,659737.99,698,120422.9,17697,126,3.7998802330013,140,95614.45,4068,32,20.057306590258,508,22841.56,230,,383,12121.61,,55,78.050632911392,68,280,331,269,561,387,781,57,31,53,0,26,281,667,1.6456054363071
1295981181,Kanaley,Anna,C,DO,I,3560 N Buffalo Rd,,Orchard Park,NY,36,14127,1,"Metropolitan area core: primary flow within an urbanized area of 50,000 and greater",US,Internal Medicine,S,2201,4250.9,128545.23,121089,358,,1949,3873.6,115235.76,110797,,324,,332,88720.6,,1856,39301.78,,13,522.85,,1487,91619.84,,714,36925.39,,250,14240.19,,1951,114305.04,44,671.99,872,20,1.9990913221263,0,0,0,0,0,77,1285.71,68,,16,1062.71,*,,72.284916201117,34,190,90,44,231,127,345,,,,0,,27,331,1.0333819832402
1295994002,Guptill,Gloria,G,M.D.,I,250 Delaware Ave,,Delmar,NY,36,12054,1,"Metropolitan area core: primary flow within an urbanized area of 50,000 and greater",US,Internal Medicine,S,7649,14906.4,539047.58,437690,663,,6813,13544.066666667,409300.35,397830,,613,,1079,387631.72,,6535,149362.3,,35,2053.56,,4493,221570.95,,3156,317476.63,,1045,153563.48,,6604,385484.1,146,4212.73,3975,30,1.9087462413387,13,2086.52,390,,8.9041095890411,147,2200.86,95,,35,5622.31,*,,73.941176470588,50,311,226,76,503,160,611,15,,,0,26,54,609,1.0508490220498
1306095468,Blymire,William,W,MD,I,2128 Elmwood Ave,,Buffalo,NY,36,14207,1,"Metropolitan area core: primary flow within an urbanized area of 50,000 and greater",US,Internal Medicine,S,10480,12962.6,801031.37,373224,559,,3043,4123.6,211765.53,120667,,189,,1885,586453.62,,8393,207155,,202,7422.75,,3228,287809.43,,7252,513221.94,,9452,749595.96,,1028,51435.41,382,31184.35,10918,49,3.6450381679389,104,21922.17,3100,12,27.225130890052,59,2427.81,40,*,,,*,,57.350626118068,370,141,35,13,268,291,408,107,,28,0,,481,78,1.2882792632058
1306142351,Ribaudo,Meredith,,FNP,I,90 S Bedford Rd,,Mount Kisco,NY,36,10549,1,"Metropolitan area core: primary flow within an urbanized area of 50,000 and greater",US,Nurse Practitioner,S,199,248.36666666667,7496.86,4546,114,"#",,,,,"#",,,48,5378.29,,151,2118.57,,0,0,,58,1969.18,,141,5527.68,*,,,"#",,,0,0,0,0,0,0,0,0,0,,61,694.56,53,*,,,*,,73.885964912281,,,,,91,23,97,,,,0,,,,0.87663523391813
1306164967,Jerome,Michael,,DO,I,4337 Broadway,,New York,NY,36,10033,1,"Metropolitan area core: primary flow within an urbanized area of 50,000 and greater",US,Internal Medicine,S,4871,8891.1,341837.46,259568,379,,4509,8266.9333333333,311583.84,241293,,353,,679,238288.35,,4071,98431.39,,121,5117.72,,3820,287819.56,,1051,54017.9,,1473,90552.51,,3398,251284.95,27,160.82,357,18,0.55430096489427,0,0,0,0,0,72,1471.46,58,*,,,*,,74.77308707124,26,161,142,50,255,124,64,115,,190,0,,77,302,1.126960978534
1306179833,Yia,Mary Christine,T,M.D.,I,101 Pennsylvania Avenue,,Brooklyn,NY,36,11207,1,"Metropolitan area core: primary flow within an urbanized area of 50,000 and greater",US,Family Practice,S,11252,23198.266666667,1010320.4,685068,915,,10398,21737.633333333,913829.67,642825,,848,,1946,737386.86,,8843,257433.2,,463,15500.34,,8500,806435.78,,2752,203884.62,,2497,241212.31,,8755,769108.09,36,608.34,696,17,0.31994312122289,0,0,0,0,0,97,999.88,81,,17,645.59,*,,74.782513661202,67,396,332,120,669,246,22,776,,94,,15,166,749,1.271281103925
1306278320,Haugland,Joanne,,ANP,I,145 W Montauk Hwy,,Hampton Bays,NY,36,11946,1,"Metropolitan area core: primary flow within an urbanized area of 50,000 and greater",US,Nurse Practitioner,S,1869,3638.2666666667,201997.41,102202,263,,1775,3478.9333333333,195132.43,97882,,247,"#",,,,1507,44014.16,*,,,,296,28821.32,,1573,173176.09,,325,23641.75,,1544,178355.66,91,2435,2356,24,4.8689138576779,11,478.95,300,,12.087912087912,122,2023.01,78,*,,,*,,74.532319391635,16,127,81,39,142,121,228,13,,,0,11,26,237,1.1256988471614
1306807144,Crenesse,Anne,J,MD,I,175 Remsen St,Suite 1101,Brooklyn,NY,36,11201,1,"Metropolitan area core: primary flow within an urbanized area of 50,000 and greater",US,Family Practice,S,2568,4855.0333333333,192793.56,140903,298,,2131,4143.0666666667,160386.36,120714,,259,,422,117317.89,,2107,73152.28,,39,2323.39,,1566,139645.26,,1002,53148.3,,997,79815.77,,1571,112977.79,,,,,,,,,,,61,999.59,49,*,,,*,,71.721476510067,39,156,72,31,239,59,99,142,,36,,18,75,223,1.1095668089263
1306807227,Velez,Wilfredo,,MD,I,4771 Hylan Blvd,,Staten Island,NY,36,10312,1,"Metropolitan area core: primary flow within an urbanized area of 50,000 and greater",US,Internal Medicine,S,11772,28034.6,1014801.2,831762,878,,10707,25872.133333333,926142.66,768059,,795,,1915,731392.38,,9745,277783.04,,112,5625.78,,7067,602154.77,,4705,412646.43,,2436,248989.17,,9336,765812.03,104,1971.92,2077,36,0.88345225959905,,,,,,145,34265.8,91,,19,478.81,*,,74.862186788155,83,343,296,156,466,412,673,42,41,88,0,34,123,755,1.2128993420525
1306811351,Navarro,Victor,,MD,I,530 1st Ave,Hcc 13,New York,NY,36,10016,1,"Metropolitan area core: primary flow within an urbanized area of 50,000 and greater",US,Cardiology,S,4524,7147.9666666667,280485.64,212357,256,,4302,6823.2,274307.44,202827,,241,,794,209964.72,,3700,69166.99,,30,1353.93,,1871,123827.22,,2653,156658.42,,1822,116133.64,,2702,164352,,,,,,,,,,,19,205.95,15,,0,0,,0,75.515625,15,103,101,37,154,102,115,49,,76,0,,91,165,1.4202000127419
1306821095,Hashmi,Kabeeruddin,,MD,I,475 Seaview Ave,,Staten Island,NY,36,10305,1,"Metropolitan area core: primary flow within an urbanized area of 50,000 and greater",US,Emergency Medicine,S,1277,1373,187148.63,8788,926,,1196,1288,176599.31,8310,,869,,1235,186474.07,,42,674.56,,0,0,,365,51507.92,,912,135640.71,,165,22424.78,,1112,164723.85,,,,,,,,,,,11,368.73,,,0,0,,0,72.164146868251,57,553,285,31,535,391,794,,29,38,,42,102,824,0.98348402824636
1306825153,Southard,Eric,R,M.D.,I,6000 N Bailey Ave,,Amherst,NY,36,14226,1,"Metropolitan area core: primary flow within an urbanized area of 50,000 and greater",US,Internal Medicine,S,9443,18768.266666667,533358.44,549845,620,,8409,17307.566666667,466193.2,508281,,572,,1230,375795.02,,8098,151976,,115,5587.42,,6747,373654.87,,2696,159703.57,,1130,83316.17,,8313,450042.27,154,6171.89,4158,38,1.6308376575241,27,2241,780,,17.532467532468,198,1517.73,138,*,,,*,,73.690322580645,48,296,193,83,354,266,557,29,,,,20,48,572,1.1475195750168
1306825328,Kraftowitz,Lawrence,S,MD,I,210 Westchester Ave,,White Plains,NY,36,10604,1,"Metropolitan area core: primary flow within an urbanized area of 50,000 and greater",US,Internal Medicine,S,4140,10032.166666667,274878.64,298277,326,,3972,9762.2666666667,262654.93,290353,,313,,582,179393.61,,3539,94497.48,,19,987.55,,1535,79219.48,,2605,195659.16,,581,39371.17,,3559,235507.47,,,,,,,,,,,27,366.72,24,*,,,*,,74.671779141104,13,162,110,41,128,198,236,54,,14,,12,30,296,1.0484275885812
1306825559,Wolfe,Mary,J,M.D.,I,14 Church St,Suite 208,Ossining,NY,36,10562,1,"Metropolitan area core: primary flow within an urbanized area of 50,000 and greater",US,Internal Medicine,S,5233,11034.2,290933.99,318239,529,,4966,10549.5,273886.04,304493,,505,"#",,,,4497,121467.85,*,,,,1154,60141.08,,4079,230792.91,,648,51699.07,,4585,239234.92,60,1467.42,1447,21,1.1465698452131,,,,,,239,2489.37,171,,0,0,,0,74.661625708885,24,263,171,71,426,103,423,67,11,11,0,17,40,489,1.0593156139839
1306830732,Breite,Ira,D,M.D.,I,228 W 82nd St,,New York,NY,36,10024,1,"Metropolitan area core: primary flow within an urbanized area of 50,000 and greater",US,Gastroenterology,S,1448,2235.0666666667,102268.88,63771,180,,1304,2045.0666666667,97457.23,58480,"#",,,269,69434.2,,1179,32834.68,,0,0,,349,11671.29,,1099,90597.59,*,,,"#",,,,,,,,,,,,,61,1001.14,38,,0,0,*,,72.538888888889,,,,,101,79,151,,,,0,12,,,0.84353888888889
1306839592,Ennis,David,T,MD,I,1838 Commerce St,,Yorktown Heights,NY,36,10598,1,"Metropolitan area core: primary flow within an urbanized area of 50,000 and greater",US,Internal Medicine,S,6686,13551.566666667,439823.74,396737,611,,6450,13231.066666667,421151.13,387494,,591,"#",,,,5676,145454.94,*,,,,1110,89502.9,,5576,350320.84,,413,21182.84,,6273,418640.9,99,2311.75,2064,25,1.4807059527371,0,0,0,0,0,155,4180.4,115,*,,,*,,76.471358428805,20,245,240,106,315,296,558,14,,11,,23,31,580,1.0360729684264
1306871595,Donohue,Robert,J,M.D.,I,1201 Nott St,Suite 102,Schenectady,NY,36,12308,1,"Metropolitan area core: primary flow within an urbanized area of 50,000 and greater",US,Internal Medicine,S,17058,28064.166666667,1532816.16,784830,1046,,16721,27589.166666667,1502711.77,771653,,1018,,2960,1151471.87,,13980,375231.08,,118,6113.21,,10478,775102.48,,6580,757713.68,,3188,251112.96,,13870,1281703.2,361,17012.37,7765,86,2.1163090631962,59,11421.18,1409,14,16.343490304709,366,9110.53,183,,124,7033.91,,20,78.435946462715,28,395,302,321,570,476,1000,13,,,,24,121,925,1.1146849755736
1306904370,Steinmetz,Ira,,,I,1975 E 13th St,,Brooklyn,NY,36,11229,1,"Metropolitan area core: primary flow within an urbanized area of 50,000 and greater",US,Internal Medicine,S,7226,12243.9,356212.07,349692,477,,6622,11463.733333333,309106.78,328642,,446,,1098,221566.35,,6083,132724.85,,45,1920.87,,1902,87307.59,,5324,268904.48,,2194,144900.35,,5032,211311.72,152,3927.85,4569,36,2.1035150844174,0,0,0,0,0,520,6698.68,214,,23,636.52,*,,74.916142557652,31,227,131,88,294,183,402,17,13,21,0,24,79,398,1.4461172258823
1306911136,Ingrassia,Joseph,T,MD,I,36 College Ave,,Nanuet,NY,36,10954,1,"Metropolitan area core: primary flow within an urbanized area of 50,000 and greater",US,Family Practice,S,8171,16830.366666667,515561.03,477330,1005,,7560,16016.933333333,481617.19,455826,,891,,1156,306220.03,,6984,208081.21,,31,1259.79,,2491,139003.44,,5680,376557.59,,1293,71991.28,,6878,443569.75,145,3024.01,2562,48,1.774568596255,,,,,,426,4145.53,278,,46,725.74,,12,74.873631840796,114,371,320,200,571,434,861,51,,46,,25,165,840,1.1093622018591
1306934021,Lukoschek,Petra,,M.D.,I,50 W 77th St,,New York,NY,36,10024,1,"Metropolitan area core: primary flow within an urbanized area of 50,000 and greater",US,Internal Medicine,S,2684,5792.2333333333,212143.7,169536,243,,2577,5569.2333333333,207888.65,163026,"#",,"#",,,,2171,63922.28,*,,,,1164,81738.22,,1520,130405.48,,382,32389.5,,2302,179754.2,57,2614.42,1791,12,2.123695976155,11,482.22,330,,19.298245614035,50,4312.11,35,,0,0,*,,74.975308641975,,,,,156,87,153,52,,20,0,,24,219,0.86239128943759
1306984810,Liu,Zova,,,I,4500 Parsons Blvd,,Flushing,NY,36,11355,1,"Metropolitan area core: primary flow within an urbanized area of 50,000 and greater",US,Internal Medicine,S,15817,17749.033333333,2081711.86,501341,338,,14829,16718.033333333,1911882.78,473108,,317,,4416,1559563.99,,11055,509269.76,,346,12878.11,,13305,1686792.85,,2512,394919.01,,14119,1874609.73,,1698,207102.13,11,31.22,262,,0.069545425807675,0,0,0,,0,488,2716.02,207,,63,808.27,*,,72.704142011834,21,187,104,26,194,144,,,304,14,0,,261,77,1.1284715334311
1306986351,Siu,Singmay,,M.D.,I,5613 7th Ave,,Brooklyn,NY,36,11220,1,"Metropolitan area core: primary flow within an urbanized area of 50,000 and greater",US,Internal Medicine,S,23802,25704.6,1770563.34,740900,496,,22910,24763.133333333,1686867.63,713721,,473,,4352,1266129.36,,19175,496131.26,,275,8302.72,,17772,1372227.91,,6030,398335.43,,23103,1731331.17,,699,39232.17,23,376.02,317,,0.096630535249139,0,0,0,,0,634,4411.06,258,,29,181.62,*,,73.493951612903,23,285,121,67,253,243,,,479,,0,,463,33,1.2011709090519
1316012560,Odonnell,Patricia,A,DO,I,100 College Pkwy Ste 260,,Williamsville,NY,36,14221,1,"Metropolitan area core: primary flow within an urbanized area of 50,000 and greater",US,Family Practice,S,2517,5843.7666666667,337137.7,169709,186,,2263,5317.7,314178.83,154429,,167,,590,278879.76,,1899,56694.93,,28,1563.01,,1782,202768.95,,735,134368.75,,337,43446.32,,2180,293691.38,26,384.39,576,,1.0329757647994,0,0,0,,0,58,865.94,45,,0,0,,0,71.725806451613,19,98,56,13,145,41,164,13,0,,0,,21,165,1.1522879444734
1316030547,Fried,Robert,E,MD,I,Mmg - Map,3400 Bainbridge Avenue,Bronx,NY,36,10467,1,"Metropolitan area core: primary flow within an urbanized area of 50,000 and greater",US,Internal Medicine,S,7856,15644.766666667,725133.19,460056,571,,6092,12726.833333333,518722.75,376398,,459,,1593,566437.61,,6002,140753.82,,261,17941.76,,5466,453514.78,,2390,271618.41,,4703,449442.76,,3153,275690.43,192,6024.09,4286,38,2.4439918533605,,,,,,65,1000.02,47,*,,,*,,70.894921190893,112,260,145,54,351,220,70,241,,227,,19,250,321,1.492949820729
1316044563,Jacobson,Michael,,MD,I,1421 3rd Ave,Ph,New York,NY,36,10028,1,"Metropolitan area core: primary flow within an urbanized area of 50,000 and greater",US,Cardiology,S,3267,5678.6333333333,208538.27,166699,186,,3246,5657.6333333333,208193.73,166069,"#",,"#",,,,2682,67973.27,*,,,,91,4945.57,,3176,203592.7,,327,19038.06,,2940,189500.21,23,245.12,401,11,0.70400979491889,0,0,0,0,0,71,1199.24,45,*,,,*,,81.016129032258,,,,,106,80,163,,,,0,,12,174,1.3256963009415
1316047434,Johnson Stuber,Genevieve,,DO,I,470 Long Pond Rd,,Rochester,NY,36,14612,1,"Metropolitan area core: primary flow within an urbanized area of 50,000 and greater",US,Family Practice,S,6753,12198.8,442795.67,357354,555,,4550,9342.4666666667,303067.67,275290,,423,,855,319102.08,,5811,121869.73,,87,1823.86,,5150,300374.9,,1603,142420.77,,2745,199100.2,,4008,243695.47,106,3802.99,2934,22,1.5696727380424,,,,,,72,591.34,40,,18,1320.89,*,,68.718918918919,132,253,122,48,331,224,467,27,13,26,0,22,144,411,0.98489833504058
1316087190,Carstens,Jan,,MD,I,4104 State Highway 30,,Amsterdam,NY,36,12010,2,"Metropolitan area high commuting: primary flow 30% or more to a urbanized area of 50,000 and greater",US,Family Practice,S,6576,9995.2333333333,546125.78,289046,380,,4413,7409.1333333333,369127.77,215155,,278,,1026,407795.24,,5468,131586.4,,82,6744.14,,2632,240910.02,,3944,305215.76,,3728,334916.47,,2848,211209.31,243,7493.35,6508,52,3.6952554744526,,,,,,155,2401.95,84,,21,333.53,*,,67.773684210526,102,169,84,25,267,113,340,13,,18,0,,144,236,1.2143754362761
1316108533,Enschede,Elizabeth,B,MD,I,202 W 23rd St,1st Floor,New York,NY,36,10011,1,"Metropolitan area core: primary flow within an urbanized area of 50,000 and greater",US,Family Practice,S,756,1246.4,40569.47,34977,56,"#",,,,,"#",,,132,28025.72,,611,11818.15,,13,725.6,,252,8247.17,,504,32322.3,,155,13684.22,,601,26885.25,14,71.04,211,,1.8518518518519,0,0,0,,0,24,281.45,16,*,,,*,,74.553571428571,,,,,37,19,26,,,21,0,,,,1.1798334703342
1316109002,Win,Yin,Y,MD,I,118 Baxter St,"#301",New York,NY,36,10013,1,"Metropolitan area core: primary flow within an urbanized area of 50,000 and greater",US,Internal Medicine,S,15024,16284.9,1705326.36,431542,394,,13795,15006.7,1566406.2,397861,,368,,4097,1410289.82,,10619,285454.57,,308,9581.97,,13561,1479301.95,,1463,226024.41,,14068,1661012.04,,956,44314.32,,,,,,,,,,,786,6867.1,280,*,,,*,,72.139593908629,26,239,90,39,223,171,,,360,14,0,,339,55,1.183139538908
1316191687,Baxter,Daniel,J,MD,I,110 W 97th St,,New York,NY,36,10025,1,"Metropolitan area core: primary flow within an urbanized area of 50,000 and greater",US,Internal Medicine,S,9206,17693.966666667,1157273.66,523313,554,,7844,15282,829089.38,451973,,455,,1826,968278.92,,7046,174287.63,,334,14707.11,,6545,697519.69,,2661,459753.97,,8021,1065347.31,,1185,91926.35,102,2356.85,2657,42,1.1079730610471,,,,,,50,555.05,34,,26,3794.58,*,,71.117328519856,99,240,166,49,321,233,77,174,16,275,,,429,125,1.3857813560138
1316196520,Green,Debra,,MD,I,927 Park Avenue,,Ny,NY,36,10028,1,"Metropolitan area core: primary flow within an urbanized area of 50,000 and greater",US,Internal Medicine,S,1980,3486.8333333333,80019.71,101343,235,,1763,3173.3666666667,71608.59,92232,,215,"#",,,,1746,33846.35,*,,,,838,20760.44,,1142,59259.27,,362,11659.44,,1618,68360.27,23,2617.84,553,,1.1616161616162,,,,,,46,610.74,35,,17,118.7,*,,73.68085106383,20,116,75,24,177,58,157,42,,15,,14,37,198,1.0614055764197
1316462286,Sarrel,Lindsay,,NP,I,215 E 95th St,,New York,NY,36,10128,1,"Metropolitan area core: primary flow within an urbanized area of 50,000 and greater",US,Nurse Practitioner,S,1497,2605.8666666667,114301.64,74725,313,,1308,2281.7333333333,99052.78,65351,,281,,291,84271.12,,1167,28375.98,,39,1654.54,,972,80028.86,,525,34272.78,,500,28785.93,,997,85515.71,,,,,,,,,,,35,394.44,29,,0,0,,0,73.945686900958,32,135,102,44,235,78,36,162,,97,0,,73,240,1.1405899334952
1316910623,Kuwama,Yuichiro,,MD,I,55 E 34th St,2nd Fl,New York,NY,36,10016,1,"Metropolitan area core: primary flow within an urbanized area of 50,000 and greater",US,Internal Medicine,S,1799,3575.4666666667,84325.7,105066,171,"#",,,,,"#",,"#",,,,1587,27879.03,*,,,,1052,37393.96,,747,46931.74,,116,6891.2,,1683,77434.5,,,,,,,,,,,32,432.9,25,*,,,*,,73.87134502924,,,,,94,77,,0,143,,0,18,,,0.67742397660819
1316913593,Scofield,Steven,,MD,I,913 Culver Rd,Culver Medical Group,Rochester,NY,36,14609,1,"Metropolitan area core: primary flow within an urbanized area of 50,000 and greater",US,Internal Medicine,S,5307,7183.2666666667,1365660.85,204745,232,,2211,3613.2666666667,135241.84,104659,,113,,824,1232370.43,,4438,131870.09,,45,1420.33,,1796,307789.35,,3511,1057871.5,,4382,1301823.41,,925,63837.44,442,23716.01,11409,55,8.3286225739589,105,8839.97,3164,16,23.755656108597,157,13717.01,42,*,,,*,,58.870689655172,119,72,29,12,132,100,125,57,,41,0,,154,78,1.6057240785059
1316932130,Klein,David,T,MD,I,50 Hempstead Ave,,Lynbrook,NY,36,11563,1,"Metropolitan area core: primary flow within an urbanized area of 50,000 and greater",US,Internal Medicine,S,2180,5040,99591.11,147670,223,,2105,4861,96320.42,142511,"#",,"#",,,,1916,54941.08,*,,,,464,24202.86,,1716,75388.25,,122,5753.92,,2058,93837.19,14,419.42,354,,0.64220183486239,0,0,0,,0,93,1498.88,61,,15,390.91,*,,76.946188340807,,,,,130,93,192,12,,,0,11,,,0.97161285500747
1316939333,Thomas,David,M,MD,I,850 Hopkins Rd,,Williamsville,NY,36,14221,1,"Metropolitan area core: primary flow within an urbanized area of 50,000 and greater",US,Family Practice,S,7768,12570.633333333,516521.25,364834,723,,5983,10243.966666667,384869.77,298038,,572,,1072,377389.6,,6640,137163.04,,56,1968.61,,5036,325883.52,,2732,190637.73,,2642,181644.01,,5126,334877.24,255,11142.6,7086,66,3.2826982492276,26,3425.36,760,,10.196078431373,136,3177.55,102,,55,3962.14,*,,70.589211618257,151,312,183,77,432,291,649,32,14,,,21,206,517,1.2600808163111
1316946916,Eliach,Pamela,G,M.D.,I,77 Quaker Ridge Rd,Suite 200a,New Rochelle,NY,36,10804,1,"Metropolitan area core: primary flow within an urbanized area of 50,000 and greater",US,Internal Medicine,S,5560,8532.1666666667,372191,248597,541,,4785,7475.6666666667,316749.96,218398,,453,,948,290741.05,,4529,75724.95,,83,5725,,2454,129605.01,,3106,242585.99,,3164,250485.38,,2396,121705.62,34,708.38,574,17,0.61151079136691,,,,,,63,2966,46,*,,,*,,71.024029574861,88,247,165,41,391,150,204,133,23,153,0,28,301,240,1.5254831897393
1316964943,Rufai,Olusanya,A,MD,I,598 New York Avenue,,Brooklyn,NY,36,11203,1,"Metropolitan area core: primary flow within an urbanized area of 50,000 and greater",US,Internal Medicine,S,8195,13210.833333333,588215.66,387150,449,,7303,11899.8,497203.34,349462,,392,,1190,422163.64,,6723,152869.15,,282,13182.87,,5115,407887.09,,3080,180328.57,,4694,305281.38,,3501,282934.28,25,251.63,525,15,0.30506406345333,0,0,0,0,0,226,1745.27,142,,45,526.14,*,,72.483296213808,57,228,122,42,291,158,,405,,14,0,28,172,277,1.3598255852218
1316973506,Stark,Garry,H,MD,I,2035 Lakeville Rd,Suite 101,New Hyde Park,NY,36,11040,1,"Metropolitan area core: primary flow within an urbanized area of 50,000 and greater",US,Family Practice,S,3219,8066.7,218637.7,238542,295,,3101,7823.0333333333,207913.29,231427,,278,"#",,,,2717,78197.66,*,,,,1085,64619.06,,2134,154018.64,,427,25370.08,,2792,193267.62,21,619.11,541,11,0.65237651444548,0,0,0,0,0,44,666.72,39,,11,42.45,*,,73.959322033898,17,147,95,36,155,140,197,32,35,14,0,17,31,264,0.9782943400881
1316977952,Connors,Patrick,M,M.D.,I,2400 S Clinton Ave,Bldg H Ste 230,Rochester,NY,36,14618,1,"Metropolitan area core: primary flow within an urbanized area of 50,000 and greater",US,Internal Medicine,S,4056,7653,159333.89,225552,295,,4006,7561,157825.68,222934,,281,,432,88892.29,,3610,69805.85,,14,635.75,,3572,142691.98,,484,16641.91,,254,9985.06,,3802,149348.83,17,1516.91,735,,0.41913214990138,15,1381.48,690,,88.235294117647,73,1331.14,50,*,,,*,,75.898305084746,14,120,107,54,147,148,253,22,,,0,14,17,278,1.0754217941306
1316979651,Wang,Kuocheng,,MD,I,141 Division St,Fl 2,New York,NY,36,10002,1,"Metropolitan area core: primary flow within an urbanized area of 50,000 and greater",US,Internal Medicine,S,25257,27948.6,2491616.28,819681,590,,24775,27434.333333333,2440605.78,804690,,573,,6558,1998214.3,,18215,480696.7,,484,12705.28,,16952,1711280.01,,8305,780336.27,,24250,2431889.68,,1007,59726.6,95,22192.39,2503,13,0.37613334917053,27,20838.21,785,,28.421052631579,256,1802.32,149,,410,19177.88,,62,77.006779661017,17,237,215,121,340,250,,,573,,0,,534,56,1.2199530102009
1316985773,Zilberman,Alla,,MD,I,570 Grand St,,New York,NY,36,10002,1,"Metropolitan area core: primary flow within an urbanized area of 50,000 and greater",US,Family Practice,S,4582,7900.5,300963.33,230337,361,,3589,6498.1,243030.33,189785,,300,,834,214778.07,,3666,82350.07,,82,3835.19,,3156,217579.93,,1426,83383.4,,2163,147454.63,,2419,153508.7,52,1439.63,776,21,1.1348756001746,,,,,,93,2407.03,66,*,,,*,,73.443213296399,61,140,102,58,242,119,109,77,13,150,,,106,255,1.3016061275906
1316988504,Huang,Yiling,,MD,I,9418 57th Ave,,Elmhurst,NY,36,11373,1,"Metropolitan area core: primary flow within an urbanized area of 50,000 and greater",US,Internal Medicine,S,9544,12364.233333333,817964.83,358764,356,,9219,11972.133333333,794113.92,347784,,334,,2073,593466.34,,7259,216882.19,,212,7616.3,,7519,681174.82,,2025,136790.01,,7612,678950.97,,1932,139013.86,35,554.14,533,15,0.36672254819782,,,,,,201,1332.09,124,,26,326.82,*,,73.205056179775,22,208,87,39,205,151,26,15,284,19,,,205,151,1.0481956762828
1326000498,Ushyarov,Mani,,M.D.,I,9785 Queens Blvd,,Rego Park,NY,36,11374,1,"Metropolitan area core: primary flow within an urbanized area of 50,000 and greater",US,Diagnostic Radiology,S,20643,23915.633333333,3336902.16,707108,472,,20028,23176.633333333,3193871.26,685686,,441,,7334,2879351,,12932,443720.96,,377,13830.2,,3854,477257.13,,16789,2859645.03,,18365,3084221.57,,2278,252680.59,100,3142.75,2611,31,0.48442571331686,0,0,0,0,0,116,1088.67,84,,76,2574.57,*,,75.677966101695,31,176,187,78,254,218,285,38,,79,,35,301,171,1.5748329624474
1326001967,Abraham,Susan,P,MD,I,3080 Atlantic Ave,,Brooklyn,NY,36,11208,1,"Metropolitan area core: primary flow within an urbanized area of 50,000 and greater",US,Internal Medicine,S,1127,2335.3666666667,69691.64,67767,184,,1047,2201.4,65575.24,64042,,171,"#",,,,912,21300.29,*,,,,391,29028.12,,736,40663.52,,321,24264.16,,806,45427.48,,,,,,,,,,,34,373.13,27,,0,0,,0,73.320652173913,13,100,48,23,112,72,129,13,21,,,13,32,152,1.1797905723701
1326001991,Yu,Yong,M,M.D.,I,41 60 Main Street,Suite 204,Flushing,NY,36,11355,1,"Metropolitan area core: primary flow within an urbanized area of 50,000 and greater",US,Internal Medicine,S,13618,23213.2,1679838.37,678564,406,,13319,22718.8,1644994.06,664172,,393,,3102,1323525.84,,10258,348305.59,,258,8006.94,,11930,1508043.43,,1688,171794.94,,11611,1494765.82,,2007,185072.55,,,,,,,,,,,444,3808.79,220,,20,236.52,*,,74.209359605911,13,232,117,44,204,202,,,386,,0,,283,123,1.0726005640945
1326004649,Kumar,Yellamraju,R,M.D.,I,12845 Broadway,,Alden,NY,36,14004,1,"Metropolitan area core: primary flow within an urbanized area of 50,000 and greater",US,Internal Medicine,S,14979,30740.6,1356014.58,896214,886,,13706,28384.566666667,1242678.01,828142,,793,,2283,1022888.94,,12571,327625.52,,125,5500.12,,10738,883803.03,,4241,472211.55,,2074,167623.95,,12905,1188390.63,217,3879.2,5053,74,1.4486948394419,11,1196.03,330,,5.0691244239631,479,13521.89,279,,52,4737.95,*,,73.853273137698,93,364,318,111,475,411,855,,,,0,22,92,794,1.2086429482273
1326005430,Zohur,Jamal,B,MD,I,10175 Niagara Falls Blvd Ste 1,,Niagara Falls,NY,36,14304,1,"Metropolitan area core: primary flow within an urbanized area of 50,000 and greater",US,Internal Medicine,S,8485,16966.166666667,832327.93,494580,589,,6174,13473.966666667,629217.28,394015,,454,,1632,636773.2,,6715,188575.25,,138,6979.48,,5562,580991.39,,2923,251336.54,,3638,320903.54,,4847,511424.39,166,5903.68,4177,34,1.9563936358279,23,2384.77,675,,13.855421686747,177,7280.83,122,*,,,*,,71.113752122241,135,241,134,79,321,268,514,41,,,,16,168,421,1.4993854922123
1326008749,Zitwer,Seth,,DO,I,2 Empire Dr,Suite 100,Rensselaer,NY,36,12144,1,"Metropolitan area core: primary flow within an urbanized area of 50,000 and greater",US,Family Practice,S,4910,10181.333333333,440543.16,297251,561,,4333,9292,413120.45,272422,,501,,798,315390.86,,4091,124018.42,,21,1133.88,,2546,215441.84,,2364,225101.32,,1116,96386.8,,3794,344156.36,73,1514.69,1556,14,1.4867617107943,0,0,0,0,0,111,3206.58,95,*,,,*,,72.761140819964,60,271,167,63,243,318,523,,,,0,21,78,483,1.1353964208398
1326019118,Kennish,Arthur,J,M.D.,I,108 E 96th St,,New York,NY,36,10128,1,"Metropolitan area core: primary flow within an urbanized area of 50,000 and greater",US,Cardiology,S,15119,28229.766666667,1305214.13,827859,984,,14886,27892.766666667,1265530.4,818265,,971,,3163,984316.03,,11907,317197.46,,49,3700.64,,2234,147040.41,,12885,1158173.72,,1483,185760.71,,13636,1119453.42,23,171.26,200,12,0.15212646339044,0,0,0,0,0,351,4374.51,220,,34,1492.38,*,,77.02743902439,13,374,444,153,555,429,783,75,32,45,0,49,60,924,1.203913178987
1326028259,Qudsi,Viqar,A,MD,I,87 Plaza Blvd,,Plattsburgh,NY,36,12901,4,"Micropolitan area core: primary flow within an urban cluster of 10,000 to 49,999",US,Internal Medicine,S,6137,11363.433333333,680579.67,306612,881,,4689,8968.0333333333,527375.3,239556,,776,,1988,581138.62,,4078,93665.98,,71,5775.07,,1201,125917.62,,4936,554662.05,,2881,315770.45,,3256,364809.22,146,3692.75,3888,23,2.379012546847,18,1821.84,540,,12.328767123288,123,7806.9,63,,17,592.64,*,,71.6685584563,105,482,235,59,465,416,837,,,,0,29,188,693,1.0505948840819
1326035205,Nachamie,Mark,,M.D.,I,345 E 37th St,Suite 308,New York,NY,36,10016,1,"Metropolitan area core: primary flow within an urbanized area of 50,000 and greater",US,Cardiology,S,5014,10957.066666667,482539.72,324841,449,,4902,10775.066666667,477968.88,319408,"#",,"#",,,,4071,126777.6,*,,,,917,50913.44,,4097,431626.28,,430,64842.35,,4584,417697.37,31,1378.09,750,13,0.61826884722776,0,0,0,0,0,104,1823.6,54,*,,,*,,77.008908685969,,,,,220,229,375,20,11,21,0,22,34,415,1.1883272996555
1326039058,Hallinan,Kathleen,A,M.D.,I,144 E 1st St,,Corning,NY,36,14830,4,"Micropolitan area core: primary flow within an urban cluster of 10,000 to 49,999",US,Internal Medicine,S,5501,9052.0666666667,388496.19,255279,601,,4765,8120.0666666667,324311.37,230217,,511,,842,278485.72,,4596,108214.7,,63,1795.77,,2148,140423.87,,3353,248072.32,,1441,127398.07,,4060,261098.12,166,9144.73,3661,60,3.0176331576077,21,5719.44,607,,12.650602409639,243,5410.34,159,,19,2312.48,*,,72.524126455907,90,262,170,79,398,203,582,,,,0,,129,472,1.1679373636033
1326046343,Singh,Ashok,,M.D.,I,7300 Porter Rd,,Niagara Falls,NY,36,14304,1,"Metropolitan area core: primary flow within an urbanized area of 50,000 and greater",US,Family Practice,S,17423,23547.133333333,808698.33,484384,653,,16371,21984.733333333,724360.47,444542,,599,,2861,603426.52,,14435,199303.25,,127,5968.56,,12589,596742.36,,4834,211955.97,,9413,348217.06,,8010,460481.27,576,16264.32,12830,99,3.3059748608162,100,7984.55,2784,15,17.361111111111,286,9787.87,136,,309,30564.07,,21,76.860643185299,54,229,205,165,411,242,599,32,,,,,146,507,1.4945765484566
1326048265,Rooney,Ellen,M,M.D.,I,111 E 80th St,,New York,NY,36,10021,1,"Metropolitan area core: primary flow within an urbanized area of 50,000 and greater",US,Internal Medicine,S,1252,2266.5333333333,43414.47,65994,146,,1252,2266.5333333333,43414.47,65994,,146,,216,19169.3,,1036,24245.17,,0,0,,483,16185.86,,769,27228.61,,31,897.33,,1221,42517.14,0,0,0,0,0,0,0,0,0,,29,391.97,22,,0,0,,0,73.164383561644,0,96,,,126,20,119,11,,,0,,,,0.7213904109589
1326066424,Haber,Eugene,C,M.D.,I,976 Balltown Rd,,Schenectady,NY,36,12309,1,"Metropolitan area core: primary flow within an urbanized area of 50,000 and greater",US,Family Practice,S,10604,19695.466666667,545096.34,579111,688,,9320,17980.766666667,479115.91,529712,,626,,1308,366890.23,,9181,173760.98,,115,4445.13,,7139,357683.08,,3465,187413.26,,1826,119012.6,,8778,426083.74,298,5401.76,8141,49,2.8102602791399,,,,,,123,2342.66,69,,19,437.24,*,,72.656976744186,62,352,199,75,273,415,624,21,,,0,26,73,615,1.019210405464
1326073552,Singh,Pushpinder,,M.D.,I,970 N Broadway,Suite 310,Yonkers,NY,36,10701,1,"Metropolitan area core: primary flow within an urbanized area of 50,000 and greater",US,Internal Medicine,S,10432,14547,697638.84,396316,572,,8217,11863.533333333,561014.85,325173,,455,,2026,494412.96,,8307,198537.68,,99,4688.2,,4174,270002.81,,6258,427636.03,,7384,484393.23,,3048,213245.61,80,952.22,1408,35,0.76687116564417,11,97.43,330,,13.75,257,9542.83,139,,163,9439.87,,43,72.241258741259,117,229,129,97,342,230,264,142,27,119,,,320,252,2.0326643415636
1326076613,Yee,Walter,,MD,I,8615 Queens Blvd,,Elmhurst,NY,36,11373,1,"Metropolitan area core: primary flow within an urbanized area of 50,000 and greater",US,Family Practice,S,8615,17262.433333333,791694.05,509971,636,,8174,16400.833333333,730283.94,484691,,605,,1352,574426.01,,7108,212675.96,,155,4592.08,,6701,621973.55,,1914,169720.5,,1896,217591.01,,6719,574103.04,143,8027.12,3043,37,1.6598955310505,0,0,0,0,0,50,891.2,43,,20,766.64,*,,74.150943396226,31,328,204,73,342,294,221,154,65,148,0,48,118,518,1.1339285384024
1326080045,Henson,Elliot,,MD,I,26 Firemans Memorial Dr,,Pomona,NY,36,10970,1,"Metropolitan area core: primary flow within an urbanized area of 50,000 and greater",US,Internal Medicine,S,4784,10888.366666667,543104.57,320606,387,,4693,10757.366666667,538686.47,317153,"#",,,871,371026.91,,3883,170638.78,,30,1438.88,,733,65753.27,,4051,477351.3,,259,23394.69,,4525,519709.88,65,2582.16,1328,20,1.3586956521739,,,,,,89,1777.24,59,,14,1866.55,*,,75.206718346253,,,,,217,170,330,14,,20,,18,15,372,1.0541221595402
1326084757,Blau,William,,MD,I,310 E Shore Rd,Suite 104,Great Neck,NY,36,11023,1,"Metropolitan area core: primary flow within an urbanized area of 50,000 and greater",US,Cardiology,S,13818,26953.033333333,1316153.07,800263,846,,13474,26465.366666667,1295725.96,786017,,822,,3094,999678.75,,10709,316170.55,,15,303.77,,2160,189238.05,,11658,1126915.02,,1341,139585.54,,12477,1176567.53,107,1827.19,2294,41,0.77435229410913,0,0,0,0,0,141,1695.69,104,,21,1048.63,*,,77.277777777778,24,312,327,183,478,368,739,18,28,23,0,38,53,793,1.3791449503438
1326115304,Laurri,Frank,R,MD,I,10175 Niagara Falls Blvd Ste 1,,Niagara Falls,NY,36,14304,1,"Metropolitan area core: primary flow within an urbanized area of 50,000 and greater",US,Internal Medicine,S,11083,22543.566666667,935023.76,654227,955,,9836,20380.566666667,827899.77,591771,,847,,1949,728016.35,,9019,201965.33,,115,5042.08,,8160,635593.85,,2923,299429.91,,2035,221404.67,,9048,713619.09,398,7544.79,10870,105,3.5910854461788,52,1606.11,1492,,13.065326633166,340,12264.74,213,,23,882.57,*,,74.131937172775,108,378,323,146,546,409,893,33,,,,16,131,824,1.4786524887317
1326131616,Chan,Tricia,,MD,I,1650 Grand Concourse,Acn Medical Clinic 2nd Floor,Bronx,NY,36,10457,1,"Metropolitan area core: primary flow within an urbanized area of 50,000 and greater",US,Internal Medicine,S,15940,23759.366666667,1164304.37,705634,610,,13585,20950.733333333,970249.11,622649,,512,,3099,935239.61,,11599,173888.11,,1242,55176.65,,14927,1067942.56,,1013,96361.81,,14825,1090543.45,,1115,73760.92,,,,,,,,,,,24,378.74,20,*,,,*,,71.747540983607,98,273,193,46,412,198,,136,,449,,,533,77,1.5337752937015
1326148990,Meltzer,Marc,J,M.D.,I,70 Glen Cove Rd,"Suite # 306",Roslyn Heights,NY,36,11577,1,"Metropolitan area core: primary flow within an urbanized area of 50,000 and greater",US,Internal Medicine,S,4860,9589.1666666667,263885.42,281213,590,,4767,9444.1666666667,260571.37,277059,,579,,759,154434.89,,4089,108934.27,,12,516.26,,317,18901.12,,4543,244984.3,,165,3728.53,,4695,260156.89,15,724.53,450,,0.30864197530864,0,0,0,,0,182,2324.16,134,,0,0,,0,74.586440677966,11,317,195,67,325,265,526,,,,0,40,11,579,0.88783446057554
1326159054,Spindler,John,B,RPA-C,I,1667 Elizabeth St,,Schenectady,NY,36,12303,1,"Metropolitan area core: primary flow within an urbanized area of 50,000 and greater",US,Physician Assistant,S,4372,8159.5666666667,407854.9,236718,411,,3520,6967.7333333333,337374.45,202469,,350,,662,309423.25,,3651,95959.64,,59,2472.01,,3001,294108.22,,1371,113746.68,,1081,105940,,3291,301914.9,69,1210.14,1918,18,1.5782250686185,12,747.56,360,,17.391304347826,161,2231.18,107,*,,,*,,71.250608272506,61,217,94,39,135,276,371,,,,,17,69,342,1.0930691433496
1326159526,Baskin,Martin,I,MD,I,185 W End Ave,Suite 1m,New York,NY,36,10023,1,"Metropolitan area core: primary flow within an urbanized area of 50,000 and greater",US,Internal Medicine,S,9535,16856.1,1043363.91,479305,867,,9025,16207.066666667,1003812.37,460996,,844,,2259,828429.09,,7265,214646.09,,11,288.73,,1736,210951.35,,7799,832412.56,,1200,99755.91,,8335,943608,150,7812.69,3875,33,1.5731515469324,31,3856.13,931,,20.666666666667,480,8788.77,273,,45,239.75,*,,76.536332179931,23,359,329,156,520,347,731,46,,45,,35,59,808,1.1341353713082
1326308040,Whittaker,Sarah,E,MD,I,1783 Colvin Blvd,,Buffalo,NY,36,14223,1,"Metropolitan area core: primary flow within an urbanized area of 50,000 and greater",US,Family Practice,S,982,1808.4,68114.87,50214,396,,833,1551.9,58095.43,43194,,340,"#",,,,786,17922.39,*,,,,795,58395.78,,187,9719.09,,182,12685.23,,800,55429.64,16,2290.16,425,15,1.6293279022403,,,,,,63,716.35,59,,0,0,,0,72.487373737374,56,188,97,55,272,124,362,17,,,0,12,64,332,1.1134703743369
1326361015,Tourangeau,Richard,P,,I,153 Central Ave,Cvs Pharmacy,Albany,NY,36,12206,1,"Metropolitan area core: primary flow within an urbanized area of 50,000 and greater",US,Pharmacist,T,26,26,3829.95,26,26,,26,26,3829.95,26,,26,,26,3829.95,,0,0,,0,0,*,,,"#",,,*,,,"#",,,0,0,0,0,0,0,0,0,0,,0,0,0,,0,0,,0,72.269230769231,0,18,,,11,15,22,,,0,0,,,,0.61057692307692
1336119866,Peterson,Keri,L,MD,I,115 E 57th St Ste 510,,New York,NY,36,10022,1,"Metropolitan area core: primary flow within an urbanized area of 50,000 and greater",US,Internal Medicine,S,1157,1910.1,75339.26,55700,94,,1093,1828.1,74044.05,53384,"#",,"#",,,,955,18276.16,*,,,,272,13074.68,,885,62264.58,,138,4534.61,,1019,70804.65,,,,,,,,,,,18,150.47,13,,0,0,*,,73.946808510638,,,,,79,15,75,,,,0,,,,0.78945390070922
1336128198,Martimucci,William,,MD,I,1 Theall Rd,,Rye,NY,36,10580,1,"Metropolitan area core: primary flow within an urbanized area of 50,000 and greater",US,Internal Medicine,S,9746,18930.1,634335.16,550821,693,,9552,18560.966666667,598389.48,540197,,682,,1440,395536.3,,8263,235721.54,,43,3077.32,,2902,210588.93,,6844,423746.23,,1805,164577.73,,7941,469757.43,108,5692.34,3044,26,1.1081469320747,38,4837.81,1109,,35.185185185185,382,32453.28,215,,101,1352.63,,23,82.427128427128,11,136,233,313,454,239,604,30,13,30,0,16,86,607,1.3675996339106
1336130442,Go,Arsenio,N,MD,I,210 E 201st St,1a,Bronx,NY,36,10458,1,"Metropolitan area core: primary flow within an urbanized area of 50,000 and greater",US,Family Practice,S,900,1496.4333333333,81521.71,41177,89,,776,1298.1333333333,72923.49,35876,,73,"#",,,,658,28356.28,*,,,,100,19770.04,,800,61751.67,,115,22559.79,,785,58961.92,64,1596.03,1336,,7.1111111111111,0,0,0,,0,94,599.87,33,,0,0,,0,72.595505617978,16,34,,,54,35,56,,,17,0,,27,62,1.1618082126564
1336136274,Connor,Erika,,M.D.,I,111 Main St,,Randolph,NY,36,14772,5,"Micropolitan high commuting: primary flow 30% or more to a urban cluster of 10,000 to 49,999",US,Family Practice,S,16108,22216.566666667,1137924.49,639734,506,,10585,15394.9,727015.35,446097,,395,,2263,788326.04,,13675,341954.57,,170,7643.88,,8580,629398.85,,7528,508525.64,,8394,736749.96,,7714,401174.53,1038,69089.05,30085,88,6.4440029798858,274,33175.45,8141,22,26.396917148362,389,14088.02,166,,30,696.89,*,,69.877470355731,111,222,125,48,302,204,483,,,,0,15,155,351,1.0806101069497
1336146364,Feeney,William,J,MD,I,582 New Loudon Rd,,Latham,NY,36,12110,1,"Metropolitan area core: primary flow within an urbanized area of 50,000 and greater",US,Internal Medicine,S,5380,11115.833333333,500877.68,325949,365,,4411,9665.1666666667,446259.62,284260,,336,,847,345378.18,,4494,153938.92,,39,1560.58,,3066,290391.74,,2314,210485.94,,1075,129703.41,,4305,371174.27,172,9760.53,4419,37,3.1970260223048,32,8548.31,884,,18.604651162791,112,1823.42,75,,21,1391.57,*,,72.86301369863,29,179,111,46,153,212,332,,,,0,15,32,333,0.98792549968648
1336148709,Szymanski,Chad,E,DO,I,3799 Commerce Ct,Suite 100,N Tonawanda,NY,36,14120,1,"Metropolitan area core: primary flow within an urbanized area of 50,000 and greater",US,Family Practice,S,7368,14113.366666667,514640.36,412679,495,,6545,12937.433333333,482095.97,378852,,440,,1179,372863.36,,6144,139854.82,,45,1922.18,,5565,356026.68,,1803,158613.68,,1105,103211.52,,6263,411428.84,185,7004.17,5496,50,2.5108577633008,23,3773.32,1110,,12.432432432432,100,3073.62,69,,31,1361.08,*,,73.070707070707,55,229,144,67,302,193,468,,,,0,13,57,438,1.1059843970399
1336158609,Lakhani,Nisha,,M.D.,I,445 Route 304,,Bardonia,NY,36,10954,1,"Metropolitan area core: primary flow within an urbanized area of 50,000 and greater",US,Internal Medicine,S,4051,8059.6666666667,364255.69,236040,294,,3645,7521.6666666667,325715.98,220586,,268,,710,285710.24,,3322,77348.5,,19,1196.95,,1689,122304.57,,2362,241951.12,,1886,165559.17,,2165,198696.52,37,827.2,988,16,0.91335472722785,0,0,0,0,0,124,2769.99,81,,51,3511.57,*,,73.170068027211,26,140,89,39,206,88,165,25,50,24,0,30,89,205,1.0455314803797
1336174457,Lorenzetti,Joseph,A,M.D.,I,28 Cayuga St,,Seneca Falls,NY,36,13148,4,"Micropolitan area core: primary flow within an urban cluster of 10,000 to 49,999",US,Family Practice,S,17162,24117.266666667,951425.2,697331,594,,13355,19609.5,655819.52,568534,,479,,2411,620311.38,,14680,328964.1,,71,2149.72,,7947,383057.78,,9215,568367.42,,7061,517669.96,,10101,433755.24,324,16021.68,8933,58,1.8878918540963,28,5966.29,840,,8.641975308642,492,9501.99,219,,39,3674.11,*,,71.323232323232,115,241,164,74,305,289,565,,,,0,16,166,428,1.096674989087
1336177823,Rienzi,Peter,A,M.D.,I,2546 Balltown Rd,Suite 200,Schenectady,NY,36,12309,1,"Metropolitan area core: primary flow within an urbanized area of 50,000 and greater",US,Internal Medicine,S,11235,22061.233333333,873415.9,645874,718,,9916,20236.266666667,774594.5,595365,,668,,1670,623717.34,,9497,246175.65,,68,3522.91,,6988,539632.97,,4247,333782.93,,1656,117982.98,,9579,755432.92,410,23033.27,9341,74,3.6493101913663,71,12962.72,2043,,17.317073170732,168,2217.41,120,,51,3979.61,,13,76.160167130919,50,248,264,156,365,353,666,19,,,0,17,60,658,1.1908432469726
1336184290,Innabi,Khalil,,M.D.,I,45 Ludlow St,Suite 700,Yonkers,NY,36,10705,1,"Metropolitan area core: primary flow within an urbanized area of 50,000 and greater",US,Family Practice,S,20626,37978.766666667,4153819.01,1118346,450,,17623,32918.766666667,3608957.77,970078,,384,,7340,3513330.91,,12742,605135.67,,544,35352.43,,11488,2134395.15,,9138,2019423.86,,18890,3966042.04,,1736,187776.97,631,22167.52,17318,99,3.0592456123339,22,1730.35,660,,3.486529318542,507,48413.22,235,,60,8176.25,,18,73.168888888889,66,180,150,54,281,169,50,36,12,335,0,17,346,104,1.6185224162896
1336214220,Yu,Shin,,,I,1 S Lawn Ave,,Elmsford,NY,36,10523,1,"Metropolitan area core: primary flow within an urbanized area of 50,000 and greater",US,Internal Medicine,S,9579,13257.2,826359.29,376491,400,,7231,10741,586164.18,310309,,346,,2223,630279.84,,7286,192714.05,,70,3365.4,,2807,184786.15,,6772,641573.14,,6713,598529.05,,2866,227830.24,271,16636.46,7430,33,2.8291053345861,24,9663.24,720,,8.8560885608856,172,2689.27,116,,67,4439.88,*,,73.145,54,163,134,49,224,176,131,55,161,21,0,32,154,246,1.0835672383897
1336252816,Dailey,Ron,,M.D.,I,196a Flatbush Ave,,Brooklyn,NY,36,11217,1,"Metropolitan area core: primary flow within an urbanized area of 50,000 and greater",US,Internal Medicine,S,4050,7029.3,1016965.06,205016,305,,3314,5976.9333333333,694764.87,174650,,242,,1088,946735.99,,2864,66149.3,,98,4079.77,,2558,530434.24,,1492,486530.82,,2663,686562.68,,1387,330402.38,12,295.41,221,,0.2962962962963,,,,,,55,880.16,37,*,,,*,,70.452459016393,63,131,81,30,157,148,75,143,,72,,11,146,159,1.5598026734532
1336298835,Bang,Eunsook,,M.D.,I,14703 41st Ave,1st Floor,Flushing,NY,36,11355,1,"Metropolitan area core: primary flow within an urbanized area of 50,000 and greater",US,Pediatric Medicine,S,2599,2654.6333333333,109936.46,71338,685,,2580,2635.6333333333,109163.88,70839,"#",,,141,18503.31,,2458,91433.15,,0,0,,1336,63870.7,,1263,46065.76,,2105,86851.67,,494,23084.79,,,,,,,,,,,52,920.46,46,,0,0,*,,75.791240875912,,,,,402,283,,0,640,,0,37,504,181,1.1234106374157
1336346576,Feher,Cynthia,R,M.D.,I,1111 Amsterdam Ave,Dept Of Medicine,New York,NY,36,10025,1,"Metropolitan area core: primary flow within an urbanized area of 50,000 and greater",US,Internal Medicine,S,1478,2586,173459.98,74234,228,,1050,1846.7,103483.63,53005,,173,,322,150021.23,,1117,21836.15,,39,1602.6,,438,47703.47,,1040,125756.51,,1422,170141.96,,56,3318.02,35,763.49,770,,2.3680649526387,19,710.08,538,,54.285714285714,,,,,0,0,,0,68.578947368421,55,123,38,12,122,106,57,73,11,78,,,208,20,1.2901305439139
1205239571,Vladimirskiy,Igor,,RPH,I,6308 23rd Ave Apt B1,,Brooklyn,NY,36,11204,1,"Metropolitan area core: primary flow within an urbanized area of 50,000 and greater",US,Pharmacist,T,26,26,3958.95,26,25,,26,26,3958.95,26,,25,,26,3958.95,,0,0,,0,0,"#",,,*,,,*,,,"#",,,0,0,0,0,0,0,0,0,0,,0,0,0,,0,0,,0,75.36,0,12,,,12,13,19,,0,,0,,,,1.29309
1205366267,Chan,Sandy,,,I,757 60th St Fl 1,,Brooklyn,NY,36,11220,1,"Metropolitan area core: primary flow within an urbanized area of 50,000 and greater",US,Nurse Practitioner,S,12034,13782.966666667,1241133.06,399373,1139,,11590,13283.866666667,1164034.5,385265,,1085,,2838,927071.31,,9050,309702.33,,146,4359.42,,9359,940124.3,,2675,301008.76,,11761,1227734.81,,273,13398.25,21,706.31,498,,0.17450556755858,,,,,,196,1277.32,169,,49,488.68,,16,75.289727831431,54,561,319,205,670,469,,,1118,12,0,,1087,52,1.3295911161973
1205815131,Levat,Jay,M,MD,I,3020 Westchester Ave,2nd Floor,Purchase,NY,36,10577,1,"Metropolitan area core: primary flow within an urbanized area of 50,000 and greater",US,Internal Medicine,S,7051,15867.233333333,339446.02,465697,578,,6699,15281.733333333,329022.53,448852,,553,,763,182591.03,,6229,153441.79,,59,3413.2,,2321,121404.83,,4730,218041.19,,793,35724.46,,6258,303721.56,79,2621.69,1137,21,1.1204084527017,,,,,,158,1521.44,118,,15,281.9,*,,75.416955017301,25,246,216,91,308,270,495,20,,29,,27,40,538,1.034396706508
1205820313,Chapman,Jay,W,MD,I,61 Delano St,,Pulaski,NY,36,13142,10,"Rural areas: primary flow to a tract outside a urbanized area of 50,000 and greater or UC",US,Family Practice,S,4270,7938.0333333333,317556.05,232740,314,,2979,5921.7666666667,215624.82,173554,,234,,635,217434.9,,3574,97726.86,,61,2394.29,,1989,133597.65,,2281,183958.4,,2339,171800.37,,1931,145755.68,335,30138.68,9936,44,7.8454332552693,99,21524.4,2970,,29.55223880597,92,2712.96,47,,0,0,,0,68.773885350318,80,123,93,18,133,181,304,,,,0,,116,198,1.329150484168
1205834736,Jacobs,Steven,,D.O.,I,30 Columbia St,,Poughkeepsie,NY,36,12601,1,"Metropolitan area core: primary flow within an urbanized area of 50,000 and greater",US,Geriatric Medicine,S,13402,27131.4,923784.69,787620,1175,,11837,24727.933333333,766849.49,720279,,1064,,1802,642164.4,,11516,275341.16,,84,6279.13,,3911,210144.6,,9491,713640.09,,3359,325184.09,,10043,598600.6,536,17939.78,14050,104,3.999403074168,31,2941.85,896,,5.7835820895522,497,18523.83,325,,46,470.83,,13,75.925957446809,111,429,367,268,690,485,1002,79,15,48,0,31,185,990,1.3972040714845
1205836772,Liberman,Jeffrey,A,DO,I,485 Titus Ave,Ste H,Rochester,NY,36,14617,1,"Metropolitan area core: primary flow within an urbanized area of 50,000 and greater",US,Internal Medicine,S,9273,15472,551435.38,453151,428,,8276,14249.733333333,471980.92,418195,,396,,1224,394793.48,,7986,153709.03,,63,2932.87,,7938,449587.52,,1335,101847.86,,1877,139722.66,,7396,411712.72,219,5425.57,4567,56,2.3616952442575,0,0,0,0,0,152,1500.41,111,,15,194.74,*,,75.060747663551,32,176,139,81,222,206,380,19,,11,,14,54,374,1.0439390576324
1205837515,Wiley,Jennifer,M,M.D.,I,101 Jordan Rd,Suite 104,Troy,NY,36,12180,1,"Metropolitan area core: primary flow within an urbanized area of 50,000 and greater",US,Family Practice,S,4432,7222.6333333333,283017.29,208251,429,,3451,5969.5333333333,223025.38,173265,,353,,683,200879.73,,3723,81112.68,,26,1024.88,,2560,174171.49,,1872,108845.8,,1883,105295.05,,2549,177722.24,160,6611.91,4315,39,3.6101083032491,16,3055.79,480,,10,92,960.69,60,,0,0,,0,70.668997668998,76,211,105,37,279,150,383,26,,,0,14,113,316,1.1294788998287
1205839255,Goldberg,Steven,M,M.D.,I,1010 Northern Blvd,Ste 110,Great Neck,NY,36,11021,1,"Metropolitan area core: primary flow within an urbanized area of 50,000 and greater",US,Internal Medicine,S,10264,23583.7,809765.71,694620,1148,,10143,23334.9,807573.55,687432,,1127,,1789,534992.72,,8450,273107.9,,25,1665.09,,875,86766.49,,9389,722999.22,,416,29422.68,,9848,780343.03,99,8842.43,2226,28,0.96453624318005,0,0,0,0,0,155,1488.71,104,,17,258.87,*,,76.267421602787,21,533,367,227,570,578,1007,23,30,35,0,53,35,1113,1.1065099307876
1205842184,Oconnor,Terence,,M.D.,I,3075 Southwestern Blvd,Suite 100,Orchard Park,NY,36,14127,1,"Metropolitan area core: primary flow within an urbanized area of 50,000 and greater",US,Internal Medicine,S,5095,9375.1666666667,424385,273608,454,,4641,8808.1666666667,387169.77,257193,,429,,764,309331.7,,4275,110405.23,,56,4648.07,,3525,253451.16,,1570,170933.84,,614,31246.87,,4481,393138.13,121,6398.04,3081,38,2.3748773307164,14,3304.65,420,,11.570247933884,167,2426.31,88,,13,1411.77,*,,74.68281938326,25,209,159,61,239,215,435,,,,0,,29,425,1.1641934938078
1205851516,Vogel,Brian,L,M.D.,I,1035 Park Blvd Ste 1b,,Massapequa Park,NY,36,11762,1,"Metropolitan area core: primary flow within an urbanized area of 50,000 and greater",US,Internal Medicine,S,5117,12050.966666667,468632.17,351192,375,,4926,11647.966666667,431560.54,339715,,360,,729,349964.23,,4361,116961.94,,27,1706,,1009,54066.21,,4108,414565.96,,255,22396.64,,4862,446235.53,115,2254.16,2680,43,2.2474105921438,,,,,,215,3146.36,125,,20,281.53,*,,76.266666666667,15,154,136,70,224,151,337,,,12,0,14,17,358,1.1187611111111
1205853926,Loehr,James,C,MD,I,302 W Seneca St,,Ithaca,NY,36,14850,1,"Metropolitan area core: primary flow within an urbanized area of 50,000 and greater",US,Family Practice,S,1202,1844.7666666667,94155.73,50803,205,,877,1332.4666666667,70127.09,36251,,186,"#",,,,860,25039.79,*,,,,354,23594.03,,848,70561.7,,603,44695.77,,599,49459.96,63,1834.69,1594,12,5.2412645590682,,,,,,18,234.19,11,,0,0,,0,71.873170731707,19,116,50,20,119,86,191,0,,,0,,29,176,0.85428239626638
1205863008,Evans,Lara,B,M.D.,I,995 Senator Keating Blvd,Bldg E Suite 200,Rochester,NY,36,14618,1,"Metropolitan area core: primary flow within an urbanized area of 50,000 and greater",US,Internal Medicine,S,5024,9684.5333333333,317203.74,281351,471,,4482,8945.8666666667,284882.84,260955,,426,,653,195907.04,,4356,120765.75,,15,530.95,,4376,282218.97,,648,34984.77,,718,49604.47,,4306,267599.27,105,7959.35,2541,33,2.0899681528662,24,6569.22,690,,22.857142857143,158,2487.21,118,,17,218.91,*,,72.019108280255,45,248,142,36,367,104,412,22,,,0,23,51,420,0.92740313998525
1205876380,Cohen,Donald,N,M.D.,I,16 Orchard Dr,,Armonk,NY,36,10504,1,"Metropolitan area core: primary flow within an urbanized area of 50,000 and greater",US,Emergency Medicine,S,6379,13732.2,436713.53,401271,494,,6318,13610.7,434206.49,397947,"#",,"#",,,,5403,146175.99,*,,,,696,48813.17,,5683,387900.36,,317,24964.18,,6062,411749.35,117,1816.02,2082,32,1.8341432826462,,,,,,148,6471.96,94,,12,165.48,*,,75.165991902834,,,,,242,252,444,,,13,0,25,14,480,0.82412434901212
1205893591,Dombrowski,Jacqueline,A,MD,I,3560 North Buffalo,,Orchard Park,NY,36,14127,1,"Metropolitan area core: primary flow within an urbanized area of 50,000 and greater",US,Internal Medicine,S,5550,9763.5,319155.97,282324,408,,4992,8999.3666666667,293039.64,260379,,372,,887,220562.45,,4618,96374.96,,45,2218.56,,4097,217270.71,,1453,101885.26,,731,42449.85,,4819,276706.12,111,2316.31,2499,27,2,11,753.7,310,,9.9099099099099,164,3127.67,102,,0,0,,0,72.90931372549,36,196,132,44,303,105,390,,,0,0,11,34,374,1.0576846405229
1205910999,Bae,Stewart,,M.D.,I,3122 Union St Apt 1b,,Flushing,NY,36,11354,1,"Metropolitan area core: primary flow within an urbanized area of 50,000 and greater",US,Internal Medicine,S,7932,15944.833333333,1288626.91,470250,472,,7523,15105.433333333,1188488.04,445809,,441,,1576,1048859.67,,6225,232371.91,,131,7395.33,,3918,684653.04,,4014,603973.87,,4777,704641.56,,3155,583985.35,,,,,,,,,,,66,606.88,49,,14,1136.67,*,,74.584745762712,31,200,193,48,251,221,64,,307,40,,34,220,252,1.9395131820321
1205914348,Park,Christina,H,M.D.,I,560 Northern Blvd,Suite 203,Great Neck,NY,36,11021,1,"Metropolitan area core: primary flow within an urbanized area of 50,000 and greater",US,Internal Medicine,S,2879,6295.1333333333,193086.22,184165,307,,2766,6108.1333333333,186683.39,178893,,296,"#",,,,2501,85249.89,*,,,,414,22523,,2465,170563.22,,219,23684.5,,2660,169401.72,25,667.04,519,16,0.86835706842654,0,0,0,0,0,68,719.54,44,*,,,*,,73.319218241042,11,184,78,34,243,64,248,,19,12,,19,23,284,0.85537492808909
1205916335,Saponara,Eduardo,,MD,I,77 Pondfield Rd,,Bronxville,NY,36,10708,1,"Metropolitan area core: primary flow within an urbanized area of 50,000 and greater",US,Hematology-Oncology,S,967,2126.7666666667,1136849.59,62386,126,,935,2092.1666666667,967170.99,61396,"#",,,187,893757.78,,780,243091.81,,0,0,,230,360460.01,,737,776389.58,,57,174990.95,,910,961858.64,0,0,0,0,0,0,0,0,0,,16,700.58,,,0,0,*,,76.515873015873,,,,,83,43,103,,,12,0,,,,1.6028802910053
1205919115,Seodat,Vishnudat,,M.D.,I,31 Main Rd,Suite 1,Riverhead,NY,36,11901,1,"Metropolitan area core: primary flow within an urbanized area of 50,000 and greater",US,Family Practice,S,17009,34703.3,1726806.71,1017883,1076,,14698,31038.166666667,1467539.19,912659,,967,,2980,1252677.72,,13935,469551.47,,94,4577.52,,3119,249856.65,,13890,1476950.06,,4266,541218.76,,12743,1185587.95,369,21945.95,9255,82,2.1694397083897,65,8723.42,1920,,17.615176151762,432,19320.63,264,,119,11213.31,,32,73.937732342007,109,472,333,162,648,428,872,129,,26,,40,177,899,1.2396082713476
1205928694,Guo,Kevin,J,M.D.,I,70 Bowery,Suite 308,New York,NY,36,10013,1,"Metropolitan area core: primary flow within an urbanized area of 50,000 and greater",US,Internal Medicine,S,14026,15132.266666667,784922.81,436641,545,,13491,14577.8,761462.96,420772,,516,,2216,532430.98,,11751,250753.44,,59,1738.39,,12042,674587.4,,1984,110335.41,,13628,780738.36,,398,4184.45,15,46.81,107,14,0.10694424639954,0,0,0,0,0,360,2284.38,226,,36,890.57,,11,71.146788990826,29,380,114,22,253,292,0,0,542,,0,,512,33,0.95357295161287
1205929221,Cohen,Richard,P,MD,I,235 East 67th Street,,New York,NY,36,10021,1,"Metropolitan area core: primary flow within an urbanized area of 50,000 and greater",US,Internal Medicine,S,6627,13914.133333333,475030.9,401895,578,,6581,13822.133333333,470232.56,399325,"#",,,1015,305241.48,,5594,169154.8,,18,634.62,,273,11793.61,,6354,463237.29,,73,5414.41,,6554,469616.49,142,5221.52,2726,38,2.1427493586842,13,669.06,390,,9.1549295774648,245,16119.35,156,,12,143.25,*,,76.688581314879,,,,,287,291,531,,,,0,32,11,567,0.91308866782007
1205932290,Feher,Laszlo,A,DO,I,148 E 38th St,,New York,NY,36,10016,1,"Metropolitan area core: primary flow within an urbanized area of 50,000 and greater",US,Internal Medicine,S,8024,14885.433333333,767652.69,429767,504,,7041,13538.233333333,677638.39,391175,,479,,1434,519723.54,,6495,242399.09,,95,5530.06,,1287,164724.99,,6737,602927.7,,3869,412802.79,,4155,354849.9,129,5824.93,3551,37,1.6076769690927,19,2291.68,786,,14.728682170543,321,6797.76,147,,51,8056.49,,13,78.03373015873,25,172,166,141,334,170,376,27,21,59,0,21,104,400,1.4274254816481
1205944006,Landgraf,Susan,M,MD,I,15 Canandaigua St,,Shortsville,NY,36,14548,2,"Metropolitan area high commuting: primary flow 30% or more to a urbanized area of 50,000 and greater",US,Family Practice,S,4617,8265.5333333333,334055.17,234379,248,,3443,6608.1,247498.87,188766,,205,,724,222601.96,,3856,109280.01,,37,2173.2,,2763,212982.18,,1854,121072.99,,1598,109124.55,,3019,224930.62,197,8259,5327,34,4.2668399393546,11,1806.87,305,,5.5837563451777,115,1427.99,59,*,,,*,,70.745967741935,43,119,63,23,194,54,236,,,,0,,59,189,0.99198353494624
1205948668,Chung,Yun Hee,,MD,I,142 18 38 Ave,"#1b",Flushing,NY,36,11354,1,"Metropolitan area core: primary flow within an urbanized area of 50,000 and greater",US,Internal Medicine,S,20732,31355.633333333,6812138.8,902434,892,,20526,31050.466666667,6780496.76,893497,,880,,6470,6233323.02,,14145,574795.51,,117,4020.27,,9197,3216993.22,,11535,3595145.58,,17127,5336389.22,,3605,1475749.58,188,14848.1,5429,46,0.90681072737797,17,1365.8,495,,9.0425531914894,881,14236.04,418,*,,,*,,76.69730941704,12,368,365,147,587,305,29,,800,11,,45,582,310,1.2492490143712
1205961935,Kosta,Eva,,M.D.,I,345 E 37th St,Suite 308,New York,NY,36,10016,1,"Metropolitan area core: primary flow within an urbanized area of 50,000 and greater",US,Cardiology,S,4546,9623.2,404025.32,285322,438,,4484,9518.2,400611.24,282209,"#",,,786,276350.19,,3760,127675.13,,0,0,,920,85111.45,,3626,318913.87,,574,82429.2,,3972,321596.12,,,,,,,,,,,54,719.82,37,,12,639.8,*,,75.310502283105,,,,,360,78,347,36,,25,,25,32,406,1.0987590986581
1205975091,Tong,Xuezhu,S,MD,I,2 Mott St Rm 203,,New York,NY,36,10013,1,"Metropolitan area core: primary flow within an urbanized area of 50,000 and greater",US,General Practice,S,8234,13150.8,1005053.55,386180,345,,7963,12852.8,977149.42,377444,,333,,2180,828777.41,,5938,173003.88,,116,3272.26,,6395,776656.28,,1839,228397.27,,6795,856165.73,,1439,148887.82,11,127.45,151,,0.13359242166626,0,0,0,,0,188,1292.3,122,,37,950.54,*,,75.675362318841,12,160,117,56,215,130,,0,312,,0,21,221,124,1.0584266749706
1215017231,Dorfman,Stuart,L,M.D.,I,6199 Transit Rd,,Depew,NY,36,14043,1,"Metropolitan area core: primary flow within an urbanized area of 50,000 and greater",US,Preventive Medicine,S,1646,1647,250576.29,6899,971,,1620,1621,246873.4,6757,,955,,1646,250576.29,,0,0,,0,0,,1134,172274.86,,512,78301.43,,118,18197.35,,1528,232378.94,0,0,0,0,0,0,0,0,0,,0,0,0,,0,0,,0,75.279093717817,16,462,377,116,606,365,910,12,,13,,29,59,912,0.96380617554871
1215075197,Silverman,David,A,M.D.,I,239 Central Park W,1a-N,New York,NY,36,10024,1,"Metropolitan area core: primary flow within an urbanized area of 50,000 and greater",US,Internal Medicine,S,4587,7498.7333333333,418597.13,214200,268,"#",,,,,"#",,"#",,,,3615,152031.04,*,,,,332,25334.86,,4255,393262.27,*,,,"#",,,,,,,,,,,,,198,2391.75,108,*,,,*,,73.985074626866,,,,,139,129,234,,,,0,25,,,0.82507089552239
1215085469,Jain,Jaswant,S,M.D.,I,118 West Ave,,East Rochester,NY,36,14445,1,"Metropolitan area core: primary flow within an urbanized area of 50,000 and greater",US,Internal Medicine,S,3995,8293.0666666667,269115.11,242599,246,,3544,7565.7333333333,230989.95,221750,,221,,518,176890.64,,3452,90940.7,,25,1283.77,,3376,214663.41,,619,54451.7,,1063,95101.9,,2932,174013.21,147,2931.97,4452,22,3.6795994993742,11,501.67,330,,7.4829931972789,143,2660.39,84,*,,,*,,73.158536585366,25,115,74,32,123,123,203,15,13,,0,,46,200,0.95391479269599
1215125588,Massih,Shawkat,G,MD,I,155 Crystal Run Rd,,Middletown,NY,36,10941,1,"Metropolitan area core: primary flow within an urbanized area of 50,000 and greater",US,Family Practice,S,4472,8199.6666666667,248392.05,237209,426,,3413,6583.2333333333,186984.37,191628,,325,,548,165553.19,,3898,82142.33,,26,696.53,,924,34764.17,,3548,213627.88,,2011,93411.52,,2461,154980.53,52,660.96,1471,19,1.1627906976744,0,0,0,0,0,110,1125.01,89,,18,277.84,*,,69.091549295775,101,195,95,35,231,195,297,54,,57,,,145,281,1.3267405593405
1215929187,Martinez,Nilsa,M,MD,I,279 East Ave,,Hilton,NY,36,14468,1,"Metropolitan area core: primary flow within an urbanized area of 50,000 and greater",US,Family Practice,S,6933,12789.466666667,436457.19,366679,738,,5931,11405.833333333,377710.57,328323,,648,,793,282007.91,,6104,152216.93,,36,2232.35,,5297,289038.23,,1636,147418.96,,1171,74580.94,,5762,361876.25,455,25928.51,11090,109,6.5628155199769,95,13424.22,2806,27,20.879120879121,239,2381.02,137,,11,204.2,*,,72.592140921409,90,360,215,73,461,277,689,,,18,0,26,81,657,1.0353664960699
1215947239,Sinha,Sanjai,,M.D.,I,130 W Kingsbridge Rd,First Floor - Suite D,Bronx,NY,36,10468,1,"Metropolitan area core: primary flow within an urbanized area of 50,000 and greater",US,Internal Medicine,S,4208,6774.8333333333,297695.16,197389,389,,3211,5444.3666666667,209992.42,158957,,302,,838,213442.48,,3255,79022,,115,5230.68,,1906,138337.97,,2302,159357.19,,2783,218031.8,,1425,79663.36,26,464.29,432,13,0.61787072243346,0,0,0,0,0,34,3208.04,27,*,,,*,,71.349614395887,87,150,107,45,250,139,154,101,21,92,,,207,182,1.5379737358446
1215947429,Gao,Ling Min,,M.D.,I,4231 Colden St Ste 205,,Flushing,NY,36,11355,1,"Metropolitan area core: primary flow within an urbanized area of 50,000 and greater",US,Internal Medicine,S,7346,8714.4,891904.14,253209,216,,7333,8699.4,891855.42,252923,"#",,,2199,753633.15,,5033,134950.04,,114,3320.95,,5757,723576.02,,1589,168328.12,,7007,870956.76,,339,20947.38,0,0,0,0,0,0,0,0,0,,120,712.78,72,,0,0,*,,74.976851851852,,,,,105,111,0,,207,0,0,,192,24,1.3509650882378
1215964648,Williams,Gail,S,M.D.,I,180 Fort Washington Ave,Room 236,New York,NY,36,10032,1,"Metropolitan area core: primary flow within an urbanized area of 50,000 and greater",US,Nephrology,S,2269,5266.9,266336.39,155999,193,,2195,5102.7333333333,252648.5,151074,"#",,,403,181430.72,,1849,83477.78,,17,1427.89,,87,2073.39,,2182,264263,,330,74560.25,,1939,191776.14,29,816.97,797,,1.2780960775672,,,,,,31,535.25,23,*,,,*,,78.683937823834,,,,,127,66,156,20,,11,0,,,,1.262335333902
1215967880,Warner,Andrew,W,MD,I,1616 Kensington Ave,,Buffalo,NY,36,14215,1,"Metropolitan area core: primary flow within an urbanized area of 50,000 and greater",US,Internal Medicine,S,14946,30970.033333333,1127967.85,907646,971,,13593,28541.666666667,1016978.99,837325,,896,,2366,836900.18,,12463,286017.59,,117,5050.08,,10981,728097.31,,3965,399870.54,,2602,227516.89,,12344,900450.96,521,12719.32,13890,143,3.4858825103707,20,1159.02,600,,3.8387715930902,329,3131.41,222,,50,311.58,*,,75.51596292482,75,375,338,183,555,416,857,87,,,,21,116,855,1.1666983313468
1215971262,Rahman,Mohammed,M,M.D.,I,7035 113th St,,Forest Hills,NY,36,11375,1,"Metropolitan area core: primary flow within an urbanized area of 50,000 and greater",US,Internal Medicine,S,26257,30911.7,2183680.6,891620,449,,20295,23955.6,1650386.35,688510,,364,,4520,1677023.38,,20407,457818.83,,1330,48838.39,,20316,1707333.49,,5941,476347.11,,25955,2167705.21,,302,15975.39,84,440.03,2192,34,0.31991468941616,0,0,0,0,0,331,31216.73,161,,45,2842.46,*,,69.432071269488,85,245,95,24,199,250,21,,341,22,,48,418,31,1.2978951249723
1215977301,Gestri,Brandi,D,MD,I,185 Route 312,,Brewster,NY,36,10509,1,"Metropolitan area core: primary flow within an urbanized area of 50,000 and greater",US,Internal Medicine,S,4714,9174.6333333333,260508.32,267692,406,,4364,8665.5,246026.28,253460,,375,,748,159205.24,,3949,101052.55,,17,250.53,,839,36292.44,,3875,224215.88,,1014,69486.56,,3700,191021.76,87,1005.26,2051,23,1.8455663979635,0,0,0,0,0,136,1739.32,88,,0,0,,0,73.330049261084,31,211,114,50,331,75,375,,,11,0,11,40,366,0.98662715252363
1225004476,"Phillis, Md, Pllc",Nanette,D,MD,I,1815 S Clinton Ave,Suite 340,Rochester,NY,36,14618,1,"Metropolitan area core: primary flow within an urbanized area of 50,000 and greater",US,Internal Medicine,S,7346,14026.3,432592.19,403561,382,,6843,13342.633333333,412109.23,384142,,364,,1035,293890.98,,6283,136918.36,,28,1782.85,,5688,337907.6,,1658,94684.59,,713,35630.04,,6633,396962.15,204,20450.59,5732,26,2.7770215083038,25,16228.07,726,,12.254901960784,325,4921.27,175,,32,723.8,*,,76.704188481675,18,144,140,80,258,124,347,,,,0,20,16,366,0.97865937024997
1225005937,Peterson,Kimberly,A,MD,I,2350 Ridgeway Ave,,Rochester,NY,36,14626,1,"Metropolitan area core: primary flow within an urbanized area of 50,000 and greater",US,Internal Medicine,S,13802,25913.1,678563.71,749366,952,,12401,23942.933333333,631550.42,693232,,848,,1658,429180.78,,11998,244781.26,,146,4601.67,,11439,569112.8,,2363,109450.91,,2177,104867.89,,11625,573695.82,434,17844.47,10355,106,3.1444718156789,45,3736.22,1275,,10.36866359447,423,4642.62,252,,62,3283.44,,12,72.65756302521,104,457,292,99,699,253,831,60,,31,,21,135,817,1.0744160678835
1225009095,Malavet,Angel,L,M.D.,I,130 Center Way,,Corning,NY,36,14830,4,"Micropolitan area core: primary flow within an urban cluster of 10,000 to 49,999",US,Internal Medicine,S,14522,24344.233333333,1125849.93,713479,809,,9950,18065.466666667,736276.12,531179,,627,,2274,823299.05,,12056,289930.86,,192,12620.02,,5466,388477.73,,9056,737372.2,,7409,549284.05,,7113,576565.88,484,35355.45,12722,83,3.3328742597438,51,22791,1520,,10.537190082645,123,2038.66,81,,72,2584.62,*,,70.674907292954,182,317,212,98,407,402,747,11,18,,,24,270,539,1.2827241655622
1225025109,Bonavita,Louis,,M.D.,I,4939 Brittonfield Pkwy,Suite 101,East Syracuse,NY,36,13057,1,"Metropolitan area core: primary flow within an urbanized area of 50,000 and greater",US,Family Practice,S,21443,38671.133333333,2525345.53,1134417,1082,,18393,34313.5,2137390.13,1007107,,947,,3457,1882594.87,,17813,624101.33,,173,18649.33,,11735,1143199.91,,9708,1382145.62,,4506,746343.25,,16937,1779002.28,813,86595.4,23462,167,3.7914470922912,105,50762.89,3182,18,12.915129151292,384,19081.88,250,,308,66090.95,,66,72.251386321627,135,520,306,121,635,447,1031,16,,,,28,137,945,1.0586974991399
1225031065,Lowenthal,Michael,R,M.D.,I,1010 Northern Blvd,Ste 126,Great Neck,NY,36,11021,1,"Metropolitan area core: primary flow within an urbanized area of 50,000 and greater",US,Internal Medicine,S,4893,10953.666666667,272322.82,323016,553,,4786,10770.333333333,264844.12,317719,,539,,737,159363.12,,4156,112959.7,,0,0,,718,44632.16,,4175,227690.66,,311,11691.06,,4582,260631.76,36,413.37,950,13,0.73574494175353,0,0,0,0,0,105,1448.17,91,*,,,*,,75.641952983725,14,266,184,89,314,239,479,18,13,,,33,22,531,1.0157000977593
1225031255,Kellogg,Collins,F,MD,I,53-59 Public Sq,Ste 301,Watertown,NY,36,13601,1,"Metropolitan area core: primary flow within an urbanized area of 50,000 and greater",US,Internal Medicine,S,15153,28997.566666667,1373560.37,840118,1039,,14273,27558.766666667,1290629.16,798601,,990,,2855,1030981.77,,12165,334986.37,,133,7592.23,,5285,472454.65,,9868,901105.72,,4324,354720.22,,10829,1018840.15,280,18633.71,7882,57,1.8478189137465,29,10644.53,840,,10.357142857143,156,33377.01,93,,80,1323.18,,17,77.145332050048,49,388,364,238,543,496,1003,,,,,29,245,794,1.3986433443606
1225038581,Shafik,Ihab,M,MD,I,18 Limestone Dr,Suite 5,Williamsville,NY,36,14221,1,"Metropolitan area core: primary flow within an urbanized area of 50,000 and greater",US,Internal Medicine,S,6715,13100.6,437232.43,388692,557,,6368,12585.6,427075.29,373460,,525,,896,317376.88,,5727,114864.99,,92,4990.56,,5355,324476.36,,1360,112756.07,,765,87243.13,,5950,349989.3,21,196.05,531,,0.31273268801191,0,0,0,,0,60,433.56,50,*,,,*,,73.777378815081,32,289,163,73,316,241,521,14,,,0,16,49,508,1.1055585205738
1225043029,Dinh,Linh,T,M.D.,I,325 Park Ave,,Huntington,NY,36,11743,1,"Metropolitan area core: primary flow within an urbanized area of 50,000 and greater",US,Internal Medicine,S,3550,6711.7,413477.04,195702,319,,2648,5272.5666666667,249040.04,154291,,257,,681,334618.48,,2844,77114.16,,25,1744.4,,1654,264476.26,,1896,149000.78,,1908,310104.43,,1642,103372.61,118,2427.22,2678,21,3.3239436619718,13,784.6,390,,11.016949152542,93,20247.6,44,,0,0,,0,71.313479623824,62,136,91,30,241,78,169,64,25,52,,,103,216,1.4766739364531
1225057037,Lane,Darla,M,D.O.,I,30 N Union Rd,,Williamsville,NY,36,14221,1,"Metropolitan area core: primary flow within an urbanized area of 50,000 and greater",US,Family Practice,S,7307,13645.533333333,486705.7,398669,617,,6371,12243.666666667,425200.45,358234,,548,,1223,345993.69,,6021,137187.74,,63,3524.27,,5352,297025.18,,1955,189680.52,,1645,123893.37,,5662,362812.33,267,16610.7,6580,74,3.6540303818256,21,9723.76,630,,7.8651685393258,55,451.76,39,*,,,*,,72.982171799028,69,301,156,91,491,126,555,32,,,0,18,90,527,1.1335832475326
1225067572,Wegman,Susan,J,M.D.,I,2212 Penfield Rd,Suite 200,Penfield,NY,36,14526,1,"Metropolitan area core: primary flow within an urbanized area of 50,000 and greater",US,Internal Medicine,S,5831,12152.6,279906.06,355365,478,,5487,11554.766666667,242365.18,338390,,442,,617,166547.04,,5200,112450.27,,14,908.75,,4507,192262.43,,1324,87643.63,,1066,75920.82,,4765,203985.24,69,2570.68,2077,26,1.1833304750472,,,,,,176,1483.4,109,*,,,*,,73.267782426778,36,247,148,47,333,145,436,,,,0,20,67,411,0.94019351583839
1225074909,Balaji,Karai,P,M.D.,I,470 Collins St,,Avon,NY,36,14414,2,"Metropolitan area high commuting: primary flow 30% or more to a urbanized area of 50,000 and greater",US,Internal Medicine,S,7262,15497.966666667,566849.62,449471,543,,6668,14506.733333333,524338.33,421664,,499,,1161,403670.62,,6011,159683.31,,90,3495.69,,5239,377272.64,,2023,189576.98,,1158,120153.57,,6104,446696.05,219,12841.46,5158,44,3.0156981547783,30,8340.11,900,,13.698630136986,242,5810.68,133,,19,3322.68,*,,74.51197053407,44,229,182,88,295,248,507,,,,0,18,66,477,1.0402195102142
1225077357,Rao,Jhansi,L,MD,I,300 Bay Shore Rd,,North Babylon,NY,36,11703,1,"Metropolitan area core: primary flow within an urbanized area of 50,000 and greater",US,Internal Medicine,S,10644,23793.333333333,885469.15,699300,856,,9797,22143.433333333,817914.25,651048,,777,,1757,598070.1,,8691,280013.1,,196,7385.95,,6882,617494.16,,3762,267974.99,,2443,216262.26,,8201,669206.89,76,2211.36,2035,20,0.71401728673431,,,,,,279,4301.38,192,*,,,*,,74.5,79,338,314,125,587,269,457,259,34,79,,,149,707,1.4200119996801
1225078314,Schwechter,Leon,E,D.O.,I,2200 Northern Blvd,Suite 133,Greenvale,NY,36,11548,1,"Metropolitan area core: primary flow within an urbanized area of 50,000 and greater",US,Internal Medicine,S,5509,12058.466666667,706048.41,353321,580,,5377,11852.466666667,679645.9,347506,,563,,1110,543415.55,,4354,160173.59,,45,2459.27,,151,14269.64,,5358,691778.77,,725,135031.53,,4784,571016.88,129,14886.98,3406,64,2.3416227990561,28,7408.46,928,16,21.705426356589,83,1290.6,67,,46,3312.77,,20,79.587931034483,17,165,211,187,342,238,525,,,18,0,19,87,493,1.9563231915081
1225090640,Osher,Annette,,MD,I,941 Park Ave,,New York,NY,36,10028,1,"Metropolitan area core: primary flow within an urbanized area of 50,000 and greater",US,Cardiology,S,1977,3775.5,92766.38,110793,186,,1926,3680.5,90736.69,107990,"#",,"#",,,,1651,42640.9,*,,,,336,10499.27,,1641,82267.11,,139,5345.22,,1838,87421.16,,,,,,,,,,,50,433.08,36,,0,0,*,,73.41935483871,,,,,138,48,146,15,,,0,14,16,170,0.98468369175627
1225095946,Unger,Allen,H,MD,I,12 E 86th St,,New York,NY,36,10028,1,"Metropolitan area core: primary flow within an urbanized area of 50,000 and greater",US,Cardiology,S,7927,17551.7,591235.21,516291,577,,7864,17408.7,589209.44,512047,"#",,"#",,,,6677,210710.46,*,,,,209,10865.9,,7718,580369.31,,409,35311.33,,7518,555923.88,69,700.38,1305,32,0.87044279046297,0,0,0,0,0,244,3033.46,131,,16,1133.19,*,,80.324090121317,,,,,332,245,529,13,,,0,20,24,553,1.1744214615829
1225095979,Crowther,Brie Anne,,RPA-C,I,1150 Youngs Rd,Suite 104,Williamsville,NY,36,14221,1,"Metropolitan area core: primary flow within an urbanized area of 50,000 and greater",US,Physician Assistant,S,4634,7957.7,318064.53,230073,689,,3732,6692.8333333333,244325.01,194453,,570,,651,230873.78,,3957,86284.97,,26,905.78,,3177,229528.21,,1457,88536.32,,1179,92935.2,,3455,225129.33,86,4773.95,2206,45,1.855848079413,,,,,,142,1426.48,105,*,,,*,,70.539912917271,119,347,171,52,466,223,636,16,,13,,15,125,564,1.1709573585383
1225099070,Nautiyal,Preeti,,MD,I,300 Cadman Plz W,,Brooklyn,NY,36,11201,1,"Metropolitan area core: primary flow within an urbanized area of 50,000 and greater",US,Infectious Disease,S,2966,4192.4666666667,779280.59,119471,215,,1799,2765.2333333333,450113.34,79641,,162,,711,717444.93,,2196,58740.66,,59,3095,,1336,403427.14,,1630,375853.45,,1653,439183.37,,1313,340097.22,41,615.73,722,21,1.3823331085637,0,0,0,0,0,61,1182.5,42,,11,382.03,*,,69.674418604651,53,96,46,20,151,64,63,101,,31,,13,75,140,1.5205354776019
1225099989,Nemetz,Sarah,B,MD,I,625 Panorama Trail,"Bldg 3, Ste 100",Rochester,NY,36,14625,1,"Metropolitan area core: primary flow within an urbanized area of 50,000 and greater",US,Internal Medicine,S,7135,12492.433333333,449205.56,366754,407,,5577,10479.2,383559.96,308612,,349,,913,308741.42,,6176,138237.46,,46,2226.68,,5372,350197.25,,1763,99008.31,,1898,122608.94,,5237,326596.62,212,4876.78,5423,40,2.9712683952348,17,1055.7,669,,8.0188679245283,133,42270.92,67,,20,144.4,*,,71.275184275184,58,209,106,34,265,142,366,18,,,0,,50,357,1.0366812624598
1225121452,Holmes,Richard,,MD,I,Mmg - Marble Hill,5525 Broadway,Bronx,NY,36,10463,1,"Metropolitan area core: primary flow within an urbanized area of 50,000 and greater",US,Internal Medicine,S,8694,15013.933333333,835017.99,440208,435,,6378,11543.5,580738.9,338163,,333,,1708,605433.28,,6487,193177.42,,499,36407.29,,7520,706801.77,,1174,128216.22,,8075,810169.97,,619,24848.02,95,1755.15,2574,27,1.0927076144467,0,0,0,0,0,31,221.05,26,,11,60.81,*,,68.689655172414,102,204,107,22,282,153,39,95,11,280,,,326,109,1.3491851024347
1225125321,Demopoulos,Byron,P,MD,I,"505 E 70th St # Ht-4",,New York,NY,36,10021,1,"Metropolitan area core: primary flow within an urbanized area of 50,000 and greater",US,Internal Medicine,S,8025,11936.7,680320.53,347932,769,,6445,9934.8,502464.98,291219,,612,,1503,545572.94,,6334,126071.55,,188,8676.04,,4024,306518.97,,4001,373801.56,,5607,488969.58,,2418,191350.95,127,4735.72,3218,50,1.582554517134,,,,,,92,1571.79,64,,16,138.14,*,,70.498049414824,157,333,208,71,499,270,233,215,,262,,28,496,273,1.6002828843886
1225137094,Zarfes,Marc,S,D.O.,I,350 Parrish St,Ff Thompson Health,Canandaigua,NY,36,14424,1,"Metropolitan area core: primary flow within an urbanized area of 50,000 and greater",US,Family Practice,S,2391,5599.9333333333,83795.87,164599,230,,2284,5408,80228.48,159040,"#",,,276,36468.37,,2098,46765.05,,17,562.45,,1990,72178.05,,401,11617.82,,325,20302.1,,2066,63493.77,,,,,,,,,,,84,1021.35,49,*,,,*,,73.191304347826,,,,,119,111,215,,0,,0,12,20,210,1.0533408815238
1225174188,Edwards,Maureen,E,M.D.,I,335 Old Tarrytown Rd,,White Plains,NY,36,10603,1,"Metropolitan area core: primary flow within an urbanized area of 50,000 and greater",US,Internal Medicine,S,5389,5602.8666666667,296111.21,163369,105,,5140,5352.5333333333,270991.39,156217,"#",,,758,205636.25,,4505,83408.06,,126,7066.9,,5366,291952.53,,23,4158.68,,5361,291939.57,,28,4171.64,43,1036.79,1163,14,0.79792169233624,,,,,,44,764.12,27,,70,585.44,*,,80.838095238095,,,,,80,25,11,33,20,39,,,,,1.989949552688
1225249436,Zysman Cromwell,Alicia,,MD,I,23 Ontario St,,Honeoye Falls,NY,36,14472,2,"Metropolitan area high commuting: primary flow 30% or more to a urbanized area of 50,000 and greater",US,Family Practice,S,2956,6394.4666666667,190588.75,187326,298,,2818,6166.6,180967.54,180944,,273,,454,124716.11,,2474,62253.45,,28,3619.19,,2199,149970.44,,757,40618.31,,313,22722.06,,2643,167866.69,98,2909.38,2913,37,3.3152909336942,11,141.52,330,,11.224489795918,68,801.63,55,,0,0,,0,72.298657718121,25,171,75,27,232,66,285,,0,,0,,30,268,0.93478479751347
1225347735,Odina,Moromoke,O,M.D.,I,11050 Mount Belvedere Blvd,,Fort Drum,NY,36,13602,1,"Metropolitan area core: primary flow within an urbanized area of 50,000 and greater",US,Internal Medicine,S,2433,2522.9,271866.95,54840,82,,382,399.1,45791.09,9174,,16,,579,203873.08,,1833,65743.84,,21,2250.03,,0,0,,2433,271866.95,,2433,271866.95,,0,0,,,,,,,,,,,130,6469.31,42,,0,0,,0,56.414634146341,66,13,,,50,32,58,14,,,0,0,82,0,1.7255518292683
1235101908,Thierman,Eric,J,MD,I,1835 Maple Rd,,Williamsville,NY,36,14221,1,"Metropolitan area core: primary flow within an urbanized area of 50,000 and greater",US,Internal Medicine,S,4573,10844.133333333,287077.24,308800,396,,4219,10062.466666667,252843.56,286614,,358,,516,180967.52,,4031,105044.57,,26,1065.15,,3343,184437.06,,1230,102640.18,,288,42652,,4285,244425.24,157,3070.31,3619,41,3.433194839274,,,,,,275,3203.86,148,*,,,*,,72.871212121212,38,191,113,54,243,153,363,,,,,16,30,366,1.1575192945411
1235113044,Henoch,Avraham,Y,M.D.,I,564 W 160th St,,New York,NY,36,10032,1,"Metropolitan area core: primary flow within an urbanized area of 50,000 and greater",US,Family Practice,S,34718,39238.533333333,3346736.76,1152180,788,,24998,28762.633333333,2413799.25,846076,,534,,5668,2694037.16,,27455,583574.94,,1595,69124.66,,29334,2941029.59,,5384,405707.17,,30502,3131583.87,,4216,215152.89,473,7360.39,13960,137,1.3624056685293,,,,,,438,33965.66,246,,181,1795.12,,17,68.843908629442,254,312,145,77,453,335,39,122,,609,,14,594,194,1.2275088861238
1235125626,Costello,Ann,R,MD,I,217 N Aurora St,,Ithaca,NY,36,14850,1,"Metropolitan area core: primary flow within an urbanized area of 50,000 and greater",US,Internal Medicine,S,6238,11279.733333333,479322.19,318910,330,,5913,10820.733333333,466149.65,306078,,315,,1067,303362.76,,5129,174830.74,,42,1128.69,,2178,135804.12,,4060,343518.07,,854,53988.52,,5384,425333.67,317,47141.58,8171,57,5.0817569733889,89,36795.8,2636,15,28.07570977918,156,1880.96,82,*,,,*,,75.518181818182,15,153,102,60,260,70,307,,,,0,14,31,299,1.0361137591651
1235154303,Goodman,Karl,R,M.D.,I,2 W 86th St,"Suite # 6",New York,NY,36,10024,1,"Metropolitan area core: primary flow within an urbanized area of 50,000 and greater",US,Internal Medicine,S,5125,12105.066666667,350860.73,352758,512,,5043,11963.066666667,347446.47,348601,"#",,,846,225358.59,,4255,124604.26,,24,897.88,,953,57688.65,,4172,293172.08,,748,50250.9,,4377,300609.83,,,,,,,,,,,231,3314.56,152,*,,,*,,74.88671875,,,,,310,202,282,140,,61,,19,56,456,0.87217560785388
1235154964,Gaden,James,F,D.O.,I,16815 Roosevelt Hwy,,Kendall,NY,36,14476,2,"Metropolitan area high commuting: primary flow 30% or more to a urbanized area of 50,000 and greater",US,Family Practice,S,8021,14204.433333333,550019.64,409550,438,,6748,12448.466666667,470221.59,359222,,386,,1283,373405.83,,6671,174229.23,,67,2384.58,,6041,397344.54,,1980,152675.1,,1446,77459.38,,6575,472560.26,71,829.12,1474,13,0.88517641191871,0,0,0,0,0,398,7586.6,179,,16,374.05,*,,72.216894977169,52,212,132,42,216,222,408,,0,,0,22,52,386,1.0403799115613
1235155508,Perlmutter,Robert,A,M.D.,I,2 Lincoln Ave,Suite 201,Rockville Centre,NY,36,11570,1,"Metropolitan area core: primary flow within an urbanized area of 50,000 and greater",US,Cardiology,S,6994,16455.533333333,520101.48,486579,683,,6923,16271.4,517981.49,481080,,668,"#",,,,5947,189427.87,*,,,,365,33262.26,,6629,486839.22,,193,7693.03,,6801,512408.45,31,724.05,577,13,0.44323706033743,,,,,,143,1950.86,98,*,,,*,,76.081991215227,15,309,242,117,353,330,623,18,,12,,25,25,658,1.0802858518979
1235164955,Haber,Stuart,W,M.D.,I,12a Sheridan Sq,,New York,NY,36,10014,1,"Metropolitan area core: primary flow within an urbanized area of 50,000 and greater",US,Internal Medicine,S,2793,3994.6,1421163.58,117489,144,,2306,3426.8,833974.22,100611,,125,,871,1326794.78,,1896,93339.71,,26,1029.09,,783,254284.73,,2010,1166878.85,,600,432437.59,,2193,988725.99,13,397.87,214,,0.46544933762979,0,0,0,,0,36,928.14,25,,12,93.84,*,,70.902777777778,19,80,,,17,127,116,11,,,0,,21,123,0.97569162688398
1235166414,Mahoney,Thomas,L,M.D.,I,3875 E Henrietta Rd,,Henrietta,NY,36,14467,1,"Metropolitan area core: primary flow within an urbanized area of 50,000 and greater",US,Internal Medicine,S,7724,8140.0666666667,1135258.05,142344,4146,,7362,7766.0666666667,1106752.32,134150,,4042,,7126,1119554.19,,581,10526.69,,17,5177.17,,6358,953815.04999999,,1366,181443,,664,75821.26,,7060,1059436.79,20,597.3,545,,0.25893319523563,0,0,0,,0,16,449.21,11,,0,0,,0,74.490593342981,104,2138,1502,402,2424,1722,3792,60,,44,,209,217,3929,0.84163225501943
1235195645,Cowen,Edwin,A,MD,I,600 Northern Blvd,,Albany,NY,36,12204,1,"Metropolitan area core: primary flow within an urbanized area of 50,000 and greater",US,Internal Medicine,S,4311,4341,667679.98,7414,3005,,3937,3961,612069.91,6676,,2755,,4289,667146.81,,22,533.17,,0,0,,2317,355099.97999999,,1994,312580,,785,118024.81,,3526,549655.16999999,0,0,0,0,0,0,0,0,0,,,,,,0,0,,0,72.587021630616,250,1636,906,213,1709,1296,2619,154,,62,,129,451,2554,0.9758622145863
1235206665,Matta,Raymond,J,MD,I,1120 Park Avenue,,New York,NY,36,10128,1,"Metropolitan area core: primary flow within an urbanized area of 50,000 and greater",US,Cardiology,S,6134,10933.133333333,774545.39,314608,295,,6066,10838.133333333,771799.68,311919,"#",,"#",,,,4789,200677.38,*,,,,267,33056.18,,5867,741489.21,,192,49582.79,,5942,724962.6,105,7913.78,2370,29,1.7117704597326,,,,,,268,3248.24,117,,20,378.72,*,,78.274576271186,,,,,131,164,265,,,,0,14,,,1.0540456777344
1235227018,Agustin,Maria Lourdes,S,M.D.,I,240 Willoughby St,Suite No. 19c,Brooklyn,NY,36,11201,1,"Metropolitan area core: primary flow within an urbanized area of 50,000 and greater",US,Internal Medicine,S,7140,17999.233333333,309110.85,521817,639,,6810,17311.9,295903.2,502287,,609,,1307,167670.28,,5709,137690.52,,124,3750.05,,7083,303627.02,,57,5483.83,,844,33701.1,,6296,275409.75,459,10616.74,11002,143,6.4285714285714,40,1322.26,1155,12,8.7145969498911,272,6117.25,160,*,,,*,,74.400625978091,30,317,221,71,405,234,367,65,48,137,,,59,580,1.3336573488274
1235234956,Burdick,Robert,W,MD,I,803 Sherrill Rd,,Sherrill,NY,36,13461,4,"Micropolitan area core: primary flow within an urban cluster of 10,000 to 49,999",US,General Practice,S,3546,8510.2,229368.13,249080,265,,3426,8298.2,226191.02,242823,"#",,,520,142389,,3003,85605.91,,23,1373.22,,1818,107994.14,,1728,121373.99,,433,39057.08,,3113,190311.05,73,2268.43,2024,19,2.058657642414,0,0,0,0,0,86,1374.68,60,*,,,*,,74.675471698113,,,,,137,128,250,0,,,0,12,19,246,1.1070737253199
1235459066,King,Kathleen,P,MD,I,230 S Cascade Dr,,Springville,NY,36,14141,7.1,"Secondary flow 30% to <50% to a urbanized area of 50,000 and greater",US,Family Practice,S,10444,20432.933333333,715796.31,599256,645,,9220,18475.733333333,636627.1,542506,,563,,1499,521458.42,,8835,189920.18,,110,4417.71,,7801,492685.44,,2643,223110.87,,2553,205518.92,,7891,510277.39,419,11581.89,12205,92,4.011872845653,12,2135.27,360,,2.8639618138425,251,9946.46,119,,71,1909.26,,16,73.426356589147,82,258,221,84,440,205,617,,,,,17,120,525,1.2295410260506
1235465089,Mesbah,Reza,,M.D,I,82-11 37th Ave,4 Th Floor,Jackson Heights,NY,36,11372,1,"Metropolitan area core: primary flow within an urbanized area of 50,000 and greater",US,Family Practice,S,9083,13820.033333333,1213904.55,405842,345,,6690,10722.1,827758.24,315168,,271,,2079,962187.95,,6741,238119.46,,263,13597.14,,8352,1092913.75,,731,120990.8,,8157,1140120.09,,926,73784.46,61,360.94,1444,29,0.67158427832214,0,0,0,0,0,57,320.11,48,,0,0,,0,69.182608695652,74,166,83,22,183,162,20,86,19,210,,,272,73,1.2751049033728
1235505264,Ortman,Caitlin,,PA,I,1783 Colvin Blvd,,Buffalo,NY,36,14223,1,"Metropolitan area core: primary flow within an urbanized area of 50,000 and greater",US,Physician Assistant,S,17630,31000.566666667,1128255.42,906739,1446,,15679,28210.366666667,1034931.45,826478,,1321,,2582,845125.97,,14873,274697.31,,175,8432.14,,13607,858238.84,,4023,270016.58,,3270,192455.22,,14360,935800.2,699,34786.65,18782,148,3.9648326715825,67,15455.11,1939,11,9.585121602289,192,1709.43,118,,23,1107.12,*,,74.409405255878,125,660,407,254,817,629,1343,31,,21,,49,154,1292,1.1889251595058
1235533266,Zhou,Chen,,D.O.,I,3907 Prince St,,Flushing,NY,36,11354,1,"Metropolitan area core: primary flow within an urbanized area of 50,000 and greater",US,Family Practice,S,3842,5111.9333333333,244768.23,146338,249,,3790,5012.8666666667,243720.84,143549,"#",,,525,146484.77,,3221,94807.65,,96,3475.81,,3251,212189.41,,591,32578.82,,3649,239863.39,,193,4904.84,0,0,0,0,0,0,0,0,0,,163,794.1,100,,0,0,*,,71.305220883534,,,,,132,117,,,238,,0,,211,38,1.065079646855
1235572454,Norman,Adam,J,M.D.,I,1825 Maple Rd,Suite 100,Williamsville,NY,36,14221,1,"Metropolitan area core: primary flow within an urbanized area of 50,000 and greater",US,Internal Medicine,S,2117,4126.0666666667,102535.77,119728,238,,1993,3914.0666666667,95839.97,113647,,225,,302,70983.35,,1803,31266.96,,12,285.46,,1591,84945.43,,526,17590.34,,207,11819.77,,1910,90716,39,691.31,1155,11,1.8422295701464,0,0,0,0,0,35,656.93,27,,0,0,,0,74.72268907563,13,114,72,39,157,81,207,16,0,,0,,15,223,1.1824202126531
1245219229,Hua,Shuman,,M.D.,I,325 Essjay Rd,,Williamsville,NY,36,14221,1,"Metropolitan area core: primary flow within an urbanized area of 50,000 and greater",US,Internal Medicine,S,10285,19528.4,627877.95,566571,1044,,10028,19195.6,618634.67,556965,,1020,,1426,444194.95,,8783,180430.25,,76,3252.75,,7167,323225.34,,3118,304652.61,,947,51159.15,,9338,576718.8,162,3341.67,3780,56,1.575109382596,30,1989.77,874,,18.518518518519,349,5207.39,237,,16,198.07,*,,77.221264367816,24,389,408,223,736,308,928,52,20,,,38,68,976,1.1477841253634
1245223049,Lee,Catherine,,MD,I,268 Canal St,,New York,NY,36,10013,1,"Metropolitan area core: primary flow within an urbanized area of 50,000 and greater",US,Internal Medicine,S,9153,12914.4,631553.13,380122,316,,8656,12330.733333333,601128.8,363046,,292,,1471,388937.68,,7525,237326.09,,157,5289.36,,6028,424131.82,,3125,207421.31,,8810,606610.89,,343,24942.24,,,,,,,,,,,46,341.05,27,,0,0,,0,73.661392405063,24,158,91,43,199,117,,,289,,0,11,276,40,1.2476968012922
1245229905,Pender,Matthew,C,MD,I,35 Gilbert St,Cambridge Family Health Center,Cambridge,NY,36,12816,10,"Rural areas: primary flow to a tract outside a urbanized area of 50,000 and greater or UC",US,Internal Medicine,S,18460,26358.1,1436808.88,741783,888,,16009,23054.266666667,1229594.58,648087,,757,,3563,1041304.96,,14701,387273.64,,196,8230.28,,8669,742488.5,,9791,694320.38,,9300,687060.37,,9160,749748.51,816,58193.89,19571,158,4.4203683640303,225,39191.22,6885,37,27.573529411765,333,16405.84,158,,225,17444.72,,16,74.167792792793,131,294,294,169,465,423,857,,0,,0,17,281,607,1.3877012224814
1245233295,Potts,Jill,K,M.D.,I,335 Parrish St,,Canandaigua,NY,36,14424,1,"Metropolitan area core: primary flow within an urbanized area of 50,000 and greater",US,Internal Medicine,S,12627,24715.433333333,740756.27,725523,1116,,11571,23210.4,668696.71,682182,,1025,,2043,502551.69,,10472,231655.9,,112,6548.68,,10188,610245,,2439,130511.27,,2128,152167.91,,10499,588588.36,403,15078.72,12111,89,3.1915736121011,53,4989.85,1830,12,13.151364764268,286,3032.97,227,,24,443.54,*,,73.769713261649,91,513,378,134,739,377,1046,,,,0,52,135,981,0.98123303416528
1245263318,Chockalingam,Mirabai,,M.D.,I,2828 Baird Rd,,Fairport,NY,36,14450,1,"Metropolitan area core: primary flow within an urbanized area of 50,000 and greater",US,Internal Medicine,S,4347,10129.266666667,307129.63,297816,307,,3766,9069.4333333333,247956.36,266901,,284,,602,185790.96,,3718,120107.67,,27,1231,,3040,202916.92,,1307,104212.71,,1158,117431.92,,3189,189697.71,201,12463.58,6526,31,4.623878536922,31,5117.29,1155,,15.422885572139,106,2882.89,63,,14,554.44,*,,74.478827361564,23,133,96,55,191,116,228,19,39,,,12,50,257,0.94850888898553
1245269364,Elwell,Russell,S,M.D.,I,158 E Main St,,Westfield,NY,36,14787,7,"Small town core: primary flow within an urban cluster of 2,500 to 9,999",US,General Practice,S,5784,13343.1,430634.25,392219,323,,5701,13226.1,418722.27,388875,"#",,"#",,,,4922,109958.49,*,,,,2937,184033.43,,2847,246600.82,,882,44693.14,,4902,385941.11,85,1652.8,2141,22,1.469571230982,0,0,0,0,0,134,994.17,85,*,,,*,,76.758513931889,,,,,160,163,309,0,,,0,12,32,291,1.0322233023366
1245270388,Baldassari,Susan,,M.D.,I,3673 Delaware Ave,,Kenmore,NY,36,14217,1,"Metropolitan area core: primary flow within an urbanized area of 50,000 and greater",US,Internal Medicine,S,5762,11564.2,509419.48,338038,415,,5632,11362.2,500092.98,332272,,403,,1301,394147,,4438,113983.55,,23,1288.93,,4140,362379.57,,1622,147039.91,,349,65718.56,,5413,443700.92,100,7281.32,2909,33,1.7355085039917,,,,,,189,1743.01,129,*,,,*,,74.293975903614,12,240,99,64,333,82,385,17,,,0,,19,396,0.96253172690763
1245290626,Cicchino,Dennis,B,PA,I,2 Empire Dr,,Rensselaer,NY,36,12144,1,"Metropolitan area core: primary flow within an urbanized area of 50,000 and greater",US,Physician Assistant,S,3368,6602.6333333333,277335.82,193012,516,,2732,5697.5666666667,232890.1,167086,,432,,505,187709.24,,2843,88178.35,,20,1448.23,,2026,170876.36,,1342,106459.46,,1011,76090.05,,2357,201245.77,136,2188.12,3923,46,4.0380047505938,,,,,,95,1781.12,77,,22,185.3,*,,70.763565891473,84,256,136,40,248,268,481,,0,,0,15,108,408,1.0550758976134
1245292192,Stehlik,Edward,A,"M.D., F.A.C.P.",I,1783 Colvin Blvd,,Buffalo,NY,36,14223,1,"Metropolitan area core: primary flow within an urbanized area of 50,000 and greater",US,Internal Medicine,S,1702,2143,85196.09,59351,364,,1592,2017,82427.83,55936,,336,"#",,,,1442,16784.11,*,,,,1361,70317.63,,341,14878.46,,189,5387.15,,1513,79808.94,,,,,,,,,,,55,1067.55,49,,13,591.92,*,,75.651098901099,28,152,104,80,189,175,341,,0,,0,12,33,331,1.3752060609548
1245295492,Wani,Rozy,N,MD,I,34 Swan St,Suite 3,Batavia,NY,36,14020,4,"Micropolitan area core: primary flow within an urban cluster of 10,000 to 49,999",US,Internal Medicine,S,7968,17849.033333333,723859.96,522226,474,,7475,17006.7,671366,497922,,444,,1281,532560.51,,6562,186059.71,,125,5239.74,,5448,463417.43,,2520,260442.53,,1526,185224.66,,6442,538635.3,223,5210.02,5736,62,2.7986947791165,11,417,315,,4.932735426009,256,4327.72,163,,39,2538.34,*,,75.964135021097,30,179,172,93,339,135,448,,,,0,,72,402,1.1784414880613
1245298033,Chuey,John,N,"M.D.,",I,202-204 East 23rd Street,,New York,NY,36,10011,1,"Metropolitan area core: primary flow within an urbanized area of 50,000 and greater",US,Internal Medicine,S,3248,5955.9666666667,389574.68,174906,264,,2999,5541.2333333333,348647.26,162807,,243,,686,322507.06,,2528,65268.84,,34,1798.78,,1533,172121.69,,1715,217452.99,,624,83341.04,,2624,306233.64,18,259.83,293,,0.55418719211823,,,,,,71,2029.26,53,,13,117.93,*,,72.007575757576,21,153,73,17,117,147,168,38,,38,,11,38,226,0.94667708333333
1245321462,Lee,Junho,,MD,I,"38-25 Parsons Blvd. #1g",,Flushing,NY,36,11354,1,"Metropolitan area core: primary flow within an urbanized area of 50,000 and greater",US,Internal Medicine,S,8251,14804,894687.07,434009,574,,8144,14606.666666667,881986.54,428154,"#",,,1553,716307.38,,6595,176192.01,,103,2187.68,,5254,557194.57,,2997,337492.5,,6969,834704.68,,1282,59982.39,0,0,0,0,0,0,0,0,0,,125,837.2,100,,13,329.67,*,,74.756097560976,,,,,331,243,,,513,,0,42,355,219,1.0110020724817
1245327311,Raik,Barrie,,MD,I,1484 1st Ave,,New York,NY,36,10075,1,"Metropolitan area core: primary flow within an urbanized area of 50,000 and greater",US,Internal Medicine,S,3186,6222.1333333333,202697.37,181700,312,,3077,6071.1333333333,190388.29,177255,"#",,"#",,,,2656,74341.06,*,,,,488,26267.5,,2698,176429.87,,944,48810.16,,2242,153887.21,91,2154.98,2093,24,2.8562460765851,,,,,,63,1392.25,51,,46,7052.44,*,,81.717948717949,,,,,250,62,242,20,,32,,11,45,267,1.3555809738868
1245358274,Bailey,Susan,L,M.D.,I,700 Commons Way,"#227",Rochester,NY,36,14623,1,"Metropolitan area core: primary flow within an urbanized area of 50,000 and greater",US,Internal Medicine,S,5048,5056,779172.8,10270,3564,,4610,4618,712177.91,9587,,3253,,5044,779140.77,*,,,"#",,,,3862,595343.28999999,,1186,183829.51,,1008,158812.04,,4040,620360.75999999,0,0,0,0,0,0,0,0,0,,,,,,0,0,,0,72.880471380471,311,1841,1142,270,2043,1521,2916,232,,201,,155,636,2928,0.97637814250447
1245378215,Picca,Joseph,A,MD,I,23 Ontario St,,Honeoye Falls,NY,36,14472,2,"Metropolitan area high commuting: primary flow 30% or more to a urbanized area of 50,000 and greater",US,Family Practice,S,7151,13579.133333333,464919.33,393757,496,,6122,12126.733333333,367312.91,352726,,451,,870,296282.98,,6242,166679.29,,39,1957.06,,5424,321088.18,,1727,143831.15,,1225,122381.87,,5926,342537.46,319,12154.07,7168,69,4.4609145574046,25,1392.58,920,,7.8369905956113,160,2550.98,115,,19,466.99,*,,72.306451612903,45,265,129,57,184,312,471,,,,0,21,50,446,0.94630714299967
1245405158,Hailey,Sean,P,NP,I,5290 Military Road Suite 10 A & B,,Lewiston,NY,36,14092,1,"Metropolitan area core: primary flow within an urbanized area of 50,000 and greater",US,Nurse Practitioner,S,5325,10573.666666667,534605.91,305782,902,,4235,8770.2333333333,414221.27,253387,,761,,941,438527.64,,4284,92019.01,,100,4059.26,,3970,399780.37,,1355,134825.54,,1542,166743.67,,3783,367862.24,94,2289.36,2431,46,1.7652582159624,,,,,,203,14904.74,173,,12,1264.8,*,,72.945676274945,141,352,286,123,520,382,834,41,,12,0,,176,726,1.5935838755308
1245463983,Capparelli,Maria,F,MD,I,19 Bradhurst Ave,Suite 3090,Hawthorne,NY,36,10532,1,"Metropolitan area core: primary flow within an urbanized area of 50,000 and greater",US,Internal Medicine,S,4089,8084.3333333333,430846.74,235603,466,,3638,7312.0666666667,383259.61,213426,,416,,723,293366.46,,3355,136923.62,,11,556.66,,1013,106531.49,,3076,324315.25,,1567,189576.94,,2522,241269.8,23,177.12,570,,0.56248471508926,0,0,0,,0,139,1856.51,98,*,,,*,,74,50,195,142,79,317,149,308,78,17,42,0,21,117,349,1.4756683588443
1245492156,Wang,Emily,,M.D.,I,17 E 102nd St,5th Floor,New York,NY,36,10029,1,"Metropolitan area core: primary flow within an urbanized area of 50,000 and greater",US,Internal Medicine,S,957,2057.1,31972.28,59865,121,,937,2025.1,31377.84,58943,"#",,,129,12870.8,,828,19101.48,,0,0,,11,178.08,,946,31794.2,,44,704.51,,913,31267.77,12,86.01,156,,1.2539184952978,0,0,0,,0,23,254.12,18,,0,0,*,,74.545454545455,,,,,100,21,93,12,,,0,,,,0.82308114600484
1245590231,Genereux,Michael,,D.O.,I,679 Montauk Hwy,,Montauk,NY,36,11954,2,"Metropolitan area high commuting: primary flow 30% or more to a urbanized area of 50,000 and greater",US,Family Practice,S,2942,6068.1333333333,244677.28,173927,341,,2836,5926.1333333333,241965.88,170445,,328,,494,168503.67,,2437,75424.23,,11,749.38,,210,5896.77,,2732,238780.51,,501,38821.37,,2441,205855.91,142,7525.51,3600,35,4.8266485384092,16,4748.61,480,,11.267605633803,115,3059.59,83,,18,1783.4,*,,75.683284457478,13,157,113,58,183,158,314,,,17,0,,31,310,1.1108737377951
1255305066,Ritchie,Craig,A,NP,I,1205 Troy Schenectady Rd Ste 101,,Latham,NY,36,12110,1,"Metropolitan area core: primary flow within an urbanized area of 50,000 and greater",US,Specialist,T,7987,8071.7666666667,779451.74,207092,188,,7012,7089.7666666667,633409.22,182130,,164,,1473,504096.48,,6414,268721.81,,100,6633.45,,7789,747562.45,,198,31889.29,,7842,770734.09,,145,8717.65,123,3367.78,2536,37,1.5400025040691,12,757.26,346,,9.7560975609756,159,10453.97,73,,169,53096.98,,20,75.63829787234,24,67,56,41,128,60,124,25,,23,,,,,2.9418395707091
1255306973,Sayegh,Nadem,J,M.D.,I,"226 W 238th St # A",,Bronx,NY,36,10463,1,"Metropolitan area core: primary flow within an urbanized area of 50,000 and greater",US,Internal Medicine,S,7840,9300.4333333333,2272046.79,272146,391,,5639,6915.3666666667,1452933.87,202582,,286,,3236,1825953.39,,3912,409131.88,,692,36961.52,,4117,1265589.36,,3723,1006457.43,,5640,1648445.92,,2200,623600.87,0,0,0,0,0,0,0,0,0,,69,10557.04,44,,26,1384.06,*,,68.253196930946,105,174,94,18,243,148,104,78,,173,,28,268,123,1.6728234051961
1255318101,Chow,Raymond,T,M.D.,I,700 White Plains Rd,,Scarsdale,NY,36,10583,1,"Metropolitan area core: primary flow within an urbanized area of 50,000 and greater",US,Internal Medicine,S,1899,4298.2,146465.7,123967,260,,1878,4265.2,145223.36,123045,"#",,,312,73234.49,,1587,73231.21,,0,0,,50,2255.01,,1849,144210.69,,99,3427.4,,1800,143038.3,22,8003.14,554,,1.15850447604,,,,,,63,748.16,41,*,,,*,,78.207692307692,,,,,149,111,231,,11,,0,,,,1.0190409849691
1255337705,Kuehnling,William,R,MD,I,4893 Transit Rd,,Depew,NY,36,14043,1,"Metropolitan area core: primary flow within an urbanized area of 50,000 and greater",US,Family Practice,S,12575,23987.7,805435.98,705278,1064,,11721,22710.033333333,756455.74,667831,,997,,1646,545717.53,,10844,255099.48,,85,4618.97,,9608,572018.75,,2967,233417.23,,956,86608.94,,11619,718827.04,189,12370.97,5099,59,1.5029821073559,13,7077.16,390,,6.8783068783069,220,3548.18,133,*,,,*,,74.318609022556,67,520,348,129,573,491,1004,12,,12,,31,57,1007,1.1155215960623
1255386710,Krieger,Sharon,,MD,I,90 S Bedford Rd,Care Mount Medical Pc,Mount Kisco,NY,36,10549,1,"Metropolitan area core: primary flow within an urbanized area of 50,000 and greater",US,Internal Medicine,S,6712,12928.333333333,381656.83,372648,603,,6633,12833.333333333,370710.14,369831,"#",,,1069,235113.24,,5628,145905.06,,15,638.53,,1419,72482.36,,5293,309174.47,,256,21491.62,,6456,360165.21,58,546.44,1173,21,0.86412395709178,0,0,0,0,0,197,3343.58,134,,30,1113.01,*,,74.95688225539,,,,,476,127,537,,13,12,,38,19,584,0.92736963043501
1255397279,Baccash,Emil,G,M.D.,I,20 8th Avenue,,Brooklyn,NY,36,11217,1,"Metropolitan area core: primary flow within an urbanized area of 50,000 and greater",US,Internal Medicine,S,11179,19941.433333333,709115.94,571038,823,,10817,19481.1,687436.26,558701,,796,,1829,464713.13,,9304,242547.29,,46,1855.52,,3526,174638.13,,7653,534477.81,,2477,151656.87,,8702,557459.07,106,2835.38,2416,41,0.94820645853833,,,,,,499,7089.77,267,,72,4098.91,,20,77.846901579587,27,301,282,213,523,300,589,145,,39,,34,137,686,1.3075867156705
1255440111,Daniels,Michael,E,MD,I,1940 Commerce St Ste 201,Care Mount Medical Pc,Yorktown Heights,NY,36,10598,1,"Metropolitan area core: primary flow within an urbanized area of 50,000 and greater",US,Internal Medicine,S,3767,8616.5333333333,189375.98,253493,423,,3614,8290.5333333333,182638.54,244060,,408,,472,100677.06,,3295,88698.92,,0,0,,714,28973.89,,3053,160402.09,,401,18545.36,,3366,170830.62,30,356.14,624,15,0.79638970002655,0,0,0,0,0,75,1034.15,60,,26,1661.63,*,,75.763593380615,15,185,152,71,211,212,384,,,16,0,15,33,390,1.1593627723273
1255478376,Karaszewski,Brian,M,M.D.,I,400 International Dr.,,Williamsville,NY,36,14221,1,"Metropolitan area core: primary flow within an urbanized area of 50,000 and greater",US,Internal Medicine,S,14951,28931.3,1164468.39,847195,1106,,14123,27575.433333333,1098597.81,808386,,1028,,2375,852188.14,,12488,306705.68,,88,5574.57,,11103,833258.23,,3848,331210.16,,1551,163385.88,,13400,1001082.51,466,24600.7,12780,132,3.1168483713464,16,6922.58,720,,3.4334763948498,313,3992.76,210,*,,,*,,74.835443037975,78,479,394,155,630,476,1030,27,,,,32,111,995,1.1547903952181
1255520946,Eldredge,Daniel,J,DO,I,3044 Route 50,,Saratoga Springs,NY,36,12866,1.1,"Secondary flow 30% to <50% to a larger urbanized area of 50,000 and greater",US,Family Practice,S,5168,10382.433333333,456407.75,305094,371,,4507,9463.5,392483.74,278701,,342,,791,340670.08,,4337,114362.49,,40,1375.18,,2549,184111.98,,2619,272295.77,,1200,127761.84,,3968,328645.91,69,751.15,2155,22,1.3351393188854,,,,,,79,1048.68,64,*,,,*,,72.512129380054,29,204,101,37,176,195,350,,0,,0,14,47,324,1.0483142667405
1255540456,Rios,Carlos,,MD,I,234 E 85th St,,New York,NY,36,10028,1,"Metropolitan area core: primary flow within an urbanized area of 50,000 and greater",US,Internal Medicine,S,7975,15509.766666667,598529.62,456191,691,,7161,14149.9,515782.26,416709,,612,,1219,448100.1,,6585,143193.59,,171,7235.93,,3244,246597.58,,4731,351932.04,,4288,369458.89,,3687,229070.73,22,270.27,507,,0.27586206896552,0,0,0,,0,53,18565.57,41,*,,,*,,72.512301013025,79,344,209,59,324,367,256,105,,283,,31,237,454,1.4992363384125
1255573689,Abraham,Jiji,,FNP,I,622 W 168th St,Room 205,New York,NY,36,10032,1,"Metropolitan area core: primary flow within an urbanized area of 50,000 and greater",US,Nurse Practitioner,S,1822,3926.8,159269.22,114835,390,,1736,3795.9333333333,146116.38,111095,,361,,363,117358.69,,1446,41046.19,,13,864.34,,492,48151.32,,1330,111117.9,,387,52238.28,,1435,107030.94,16,285.43,452,,0.8781558726674,,,,,,38,478.79,32,*,,,*,,74.453846153846,29,174,129,58,210,180,298,,,67,0,11,89,301,1.2826299021459
1255574000,Yang,Min,,MD,I,325 Essjay Rd,,Williamsville,NY,36,14221,1,"Metropolitan area core: primary flow within an urbanized area of 50,000 and greater",US,Family Practice,S,9760,18768.1,805865.52,549532,661,,8894,17415.633333333,703504.6,510552,,611,,1461,614416.94,,8193,186027.25,,106,5421.33,,5698,416780.14,,4062,389085.38,,2215,215281.72,,7545,590583.8,145,2661.08,3848,45,1.4856557377049,,,,,,163,7078.37,115,,12,59.39,*,,75.192133131619,50,278,201,132,450,211,520,95,,12,,24,120,541,1.3594389116887
1255575379,Downing-Forget,Lisa,J,MD,I,105 Canal Landing Blvd,Suite 1,Rochester,NY,36,14626,1,"Metropolitan area core: primary flow within an urbanized area of 50,000 and greater",US,Family Practice,S,6758,8516.2,384012.56,215392,685,,6661,8375.2,371597.56,211515,,665,,1070,241879.02,,5671,141500.92,,17,632.62,,4968,274655.87,,1790,109356.69,,3814,241252.79,,2944,142759.77,347,18012.58,9674,128,5.1346552234389,74,11826.56,2700,18,21.325648414986,316,8122.79,105,,129,3828.39,,27,81.478832116788,20,172,199,294,534,151,648,16,,,,,222,463,1.5363941776075
1255586400,Anderson,Robert,,MD,I,1930 Pre Emption Rd,,Penn Yan,NY,36,14527,7,"Small town core: primary flow within an urban cluster of 2,500 to 9,999",US,Family Practice,S,9991,19063.933333333,1219357.16,558247,595,,9071,17557.666666667,1085939.52,514836,,536,,2074,1023654.77,,7829,192060.61,,88,3641.78,,6704,815512.38,,3287,403844.78,,1897,277289.49,,8094,942067.67,136,3073.48,3624,27,1.3612251025923,24,956.5,696,,17.647058823529,132,24137.54,81,*,,,*,,73.534453781513,59,256,198,82,259,336,564,,0,,0,23,95,500,1.0127752502979
1255595641,Huestis,Kathleen,P,MD,I,102 Race Track Rd,,Ticonderoga,NY,36,12883,7,"Small town core: primary flow within an urban cluster of 2,500 to 9,999",US,Family Practice,S,7422,11531.033333333,662466.16,323192,591,,5057,8096.2666666667,394776.22,226447,,433,,1440,483413.79,,5888,175117.88,,94,3934.49,,3351,276469.21,,4071,385996.95,,5584,514727.2,,1838,147738.96,235,6214.18,5080,95,3.166262462948,28,1991.37,768,13,11.914893617021,139,1554.37,93,,173,13327.52,,30,70.309644670051,158,195,150,88,367,224,578,,,,0,,301,290,1.3634949597616
1255598868,Pike,Sandra,A,NP,I,144 W 5th St,,Oswego,NY,36,13126,4,"Micropolitan area core: primary flow within an urban cluster of 10,000 to 49,999",US,Nurse Practitioner,S,7608,13957.4,483954.95,406984,548,,7041,13117.2,453199.26,382643,,511,,993,349186.43,,6568,132610,,47,2158.52,,2613,105291.25,,4995,378663.7,,1466,83837.46,,6142,400117.49,156,2845.7,4085,50,2.0504731861199,,,,,,223,3170.06,153,*,,,*,,73.503649635036,37,281,174,56,330,218,523,0,,,0,14,52,496,1.0763101079841
1255678702,Ernst,Cheryl,E,FNP,I,319 S Manning Blvd Ste 304,,Albany,NY,36,12208,1,"Metropolitan area core: primary flow within an urbanized area of 50,000 and greater",US,Nurse Practitioner,S,3062,4932.0666666667,223724.74,138769,607,,2465,4179.7333333333,175243.95,118457,,532,"#",,,,2560,64582.05,*,,,,1832,118288.76,,1230,105435.98,,907,62246.87,,2155,161477.87,61,3070.53,1147,33,1.9921619856303,13,2685.06,317,,21.311475409836,145,1950.94,116,,18,237.43,*,,71.602965403624,75,324,147,61,370,237,529,32,13,14,0,19,110,497,1.0820092235525
1255686481,Burman,Adam,M,PHARM D,I,350 Northern Boulevard,,Albany,NY,36,12204,1,"Metropolitan area core: primary flow within an urbanized area of 50,000 and greater",US,Pharmacist,T,51,51,8257.83,109,38,,51,51,8257.83,109,,38,,51,8257.83,,0,0,,0,0,*,,,"#",,,,0,0,,51,8257.83,0,0,0,0,0,0,0,0,0,,0,0,0,,0,0,,0,74.394736842105,0,21,,,24,14,37,,0,0,0,,0,38,0.86568421052632
1255693651,Albanese,Natalie,N,M.D.,I,550 1st Ave,Nyu Langone Medical Center,New York,NY,36,10016,1,"Metropolitan area core: primary flow within an urbanized area of 50,000 and greater",US,Internal Medicine,S,6023,15326.4,322810.66,452829,642,,5802,14870.4,314256.79,439663,,621,,1529,226816.02,,4392,93555.08,,102,2439.56,,5983,314578.17,,40,8232.49,,488,27315.5,,5535,295495.16,90,2975.45,1821,33,1.4942719574963,,,,,,100,1954.13,78,*,,,*,,75.985981308411,21,291,227,103,396,246,142,,334,54,,103,42,600,1.0990599142165
1255740742,Jaffarji,Moiz,,,I,605 Rockaway Tpke,,Lawrence,NY,36,11559,1,"Metropolitan area core: primary flow within an urbanized area of 50,000 and greater",US,Pharmacist,T,26,26,3313.76,26,22,,26,26,3313.76,26,,22,,26,3313.76,,0,0,,0,0,*,,,"#",,,*,,,"#",,,0,0,0,0,0,0,0,0,0,,0,0,0,,0,0,,0,74.954545454545,0,13,,,,,21,,,0,0,0,,,0.7535
1255749453,Iula,Doreen,,GNP,I,715 Falconer St,,Jamestown,NY,36,14701,4,"Micropolitan area core: primary flow within an urban cluster of 10,000 to 49,999",US,Nurse Practitioner,S,3796,3811.3333333333,137953.2,47284,219,,3654,3669.3333333333,135781.03,45452,"#",,,505,86112.95,,3268,50427.95,,23,1412.3,,1752,86629.59,,2044,51323.61,,3056,114175.67,,740,23777.53,533,15114.79,7247,109,14.041095890411,72,7401.03,1814,12,13.508442776735,39,1799.04,29,,58,413.03,*,,84.538812785388,,,,,159,60,218,,0,,0,0,139,80,2.3212121401227
1265411052,Macadam,Heather,M,MD,I,18 Wells Road,,Aurora,NY,36,13026,10,"Rural areas: primary flow to a tract outside a urbanized area of 50,000 and greater or UC",US,Internal Medicine,S,5617,11382.566666667,449241.06,331116,345,,5138,10678.9,416563.98,311176,,304,,914,299441.21,,4668,149046.03,,35,753.82,,2387,147761.59,,3230,301479.47,,1088,80611.33,,4529,368629.73,149,5001.92,4323,29,2.652661563112,57,3204.17,1866,,38.255033557047,157,9221.08,95,*,,,*,,73.078260869565,41,155,103,46,208,137,333,0,,,0,,49,296,1.2201324094107
1265426480,Tomy,George,K,M.D.,I,1729 Burrstone Rd,,New Hartford,NY,36,13413,1,"Metropolitan area core: primary flow within an urbanized area of 50,000 and greater",US,Internal Medicine,S,12103,18299.9,1320502.27,530341,689,,8265,14035.533333333,952282.02,409340,,528,,2075,977931.9,,9809,332807.63,,219,9762.74,,3935,465556.47,,8168,854945.8,,7392,744614.57,,4711,575887.7,111,16248.34,2655,34,0.91712798479716,35,14993.27,1040,,31.531531531532,167,33260.25,113,,48,4775.17,,11,70.422351233672,161,260,185,83,361,328,609,42,,18,,16,257,432,1.4267149555892
1265430714,Greaney,Edward,J,MD,I,317 E 34th St,,New York,NY,36,10016,1,"Metropolitan area core: primary flow within an urbanized area of 50,000 and greater",US,Internal Medicine,S,5629,11114.966666667,457010.11,319251,514,,5290,10675.966666667,428112.54,306955,,494,,989,295925.04,,4626,160003.02,,14,1082.05,,404,34988.6,,5225,422021.51,,694,80020.98,,4935,376989.13,182,54402.63,4018,40,3.2332563510393,15,32064.05,570,,8.2417582417582,296,3494.4,172,*,,,*,,75.568093385214,20,227,200,67,283,231,449,11,14,19,0,21,32,482,1.0756880674449
1265435234,Lapointe,Julie,M,MD,I,53-59 Public Sq,Ste 301,Watertown,NY,36,13601,1,"Metropolitan area core: primary flow within an urbanized area of 50,000 and greater",US,Internal Medicine,S,6814,14657.366666667,596826.47,430290,420,,6162,13567.766666667,495104.17,398916,,389,,1175,425293.08,,5563,167123.77,,76,4409.62,,2382,246379.98,,4432,350446.49,,1822,232098.76,,4992,364727.71,155,3011.94,4217,44,2.2747285001468,,,,,,109,1342.81,76,*,,,*,,74.771428571429,31,198,112,79,347,73,404,0,,,0,11,68,352,1.093501059567
1265444780,Kindel,Susan,E,M.D.,I,3101 Ridge Rd W Bldg C,,Rochester,NY,36,14626,1,"Metropolitan area core: primary flow within an urbanized area of 50,000 and greater",US,Pediatric Medicine,S,2044,4179.4,195421.15,121912,162,,1764,3664.7,147473.22,107200,,144,,259,142466.32,,1753,51332.09,,32,1622.74,,1697,168343.64,,347,27077.51,,532,65969.4,,1512,129451.75,63,2361.84,1549,,3.0821917808219,11,1295.65,330,,17.460317460317,25,1727.17,24,*,,,*,,70.438271604938,18,95,32,17,102,60,150,,,,0,,20,142,1.0661597021583
1265446066,Smead,Bryan,,MD,I,11 Cross St,,Bolton Landing,NY,36,12814,10.1,"Secondary flow 30% to <50% to a urbanized area of 50,000 and greater",US,Family Practice,S,9445,18010.666666667,857873.88,521331,467,,8202,16178.1,711291.17,470283,,427,,1650,622547.26,,7737,232206.12,,58,3120.5,,4829,427051.27,,4616,430822.61,,3361,336528.94,,6084,521344.94,276,10699.53,7105,48,2.9221810481736,19,3587.8,535,,6.8840579710145,178,3480.81,101,,69,3616.82,*,,74.477516059957,40,197,161,69,234,233,453,0,,,0,11,89,378,1.1505809204838
1265452262,Nathan,Sathia,V,MD,I,6934 Williams Road,Suite 200,Niagara Falls,NY,36,14304,1,"Metropolitan area core: primary flow within an urbanized area of 50,000 and greater",US,Family Practice,S,3631,8441,260755.51,246843,440,,3302,7789.7,238243.77,228138,,385,,538,192871.2,,3022,65558.17,,71,2326.14,,2699,156577.06,,932,104178.45,,832,74197.93,,2799,186557.58,44,1524.96,1194,14,1.2117873863949,0,0,0,0,0,108,1039.49,68,,0,0,,0,73.679545454545,55,168,150,67,250,190,373,30,19,,,11,86,354,1.0716184601583
1265461859,Dobrzynski,David,M,M.D.,I,2400 S Clinton Ave,Bldg H Suite 210,Rochester,NY,36,14618,1,"Metropolitan area core: primary flow within an urbanized area of 50,000 and greater",US,Internal Medicine,S,10255,19635.3,672041.53,573658,882,,9504,18563.466666667,624185.53,542567,,832,,1258,446130.61,,8935,222902.06,,62,3008.86,,8519,495819.64,,1736,176221.89,,878,89430.4,,9377,582611.13,170,7038.74,4034,59,1.6577279375914,14,3175.18,420,,8.2352941176471,217,5214.8,134,,51,2888.44,*,,73.951247165533,50,455,277,100,458,424,809,19,,,0,42,48,834,0.95254556528526
1265476261,Cohen,Kenneth,H,M.D.,I,1983 Marcus Avenue,Suite E 124,Lake Success,NY,36,11042,1,"Metropolitan area core: primary flow within an urbanized area of 50,000 and greater",US,Cardiology,S,9262,22386.066666667,852587.32,664877,628,,8865,21664.066666667,812317.53,643516,,603,,1434,580247.62,,7802,271132.25,,26,1207.45,,2433,244556.46,,6829,608030.86,,1165,149045.5,,8097,703541.82,109,2548.28,2519,44,1.176851651911,0,0,0,0,0,114,1316.75,87,*,,,*,,76.031847133758,25,272,223,108,355,273,521,40,23,13,0,31,40,588,1.1635844344317
1265499008,Penepent,Philip,A,M.D.,I,5196 Genesee St,,Bowmansville,NY,36,14026,1,"Metropolitan area core: primary flow within an urbanized area of 50,000 and greater",US,Internal Medicine,S,5782,11225.666666667,510170.11,322563,743,,5396,10535.7,478184.21,302868,,688,,908,392837.35,,4810,114792.92,,64,2539.84,,4277,349985.89,,1505,160184.22,,695,70773.57,,5087,439396.54,125,4714.2,3461,51,2.1618817018333,,,,,,287,2671.74,183,*,,,*,,75.815612382234,55,275,265,148,385,358,711,,,,0,17,62,681,1.307284956288
1265516017,Arnold,Hendrick,,,I,Crhp-711 Troy-Schenectady Rd,Suite 104,Latham,NY,36,12110,1,"Metropolitan area core: primary flow within an urbanized area of 50,000 and greater",US,Internal Medicine,S,11739,21583.866666667,1035329.67,631386,808,,9284,18484.4,818792.49,544614,,714,,2019,805611.25,,9682,227726.71,,38,1991.71,,7003,596608.44,,4736,438721.23,,3432,383152.9,,8307,652176.77,751,69401.64,20882,97,6.3974784905017,62,45722.28,1786,11,8.2556591211718,126,3688.15,93,,17,1296.45,*,,73.014851485149,94,365,237,112,295,513,709,37,14,,,38,113,695,1.081263067181
1265522031,Berk,Steven,I,MD,I,Montefiore Medical Park,"1575 Blondell Avenue, Ste. 200",Bronx,NY,36,10461,1,"Metropolitan area core: primary flow within an urbanized area of 50,000 and greater",US,Internal Medicine,S,5637,11160.133333333,396730.29,329803,382,,5247,10493.966666667,372053.87,310394,,352,,829,297815.62,,4735,96459.2,,73,2455.47,,3835,243306.23,,1802,153424.06,,1480,85294.89,,4157,311435.4,26,510.38,592,,0.46123824729466,,,,,,37,450.07,26,,15,1390.68,*,,75.068062827225,30,146,143,63,204,178,162,119,,87,0,,83,299,1.5346049328679
1265525489,Sejdiu,Mentor,,MD,I,3011 Boston Rd,,Bronx,NY,36,10469,1,"Metropolitan area core: primary flow within an urbanized area of 50,000 and greater",US,Internal Medicine,S,13134,17643.033333333,855347.79,516758,476,,11205,15105.7,691747.91,442495,,404,,2007,675115.61,,10834,170921.74,,293,9310.44,,10293,657498.02,,2841,197849.77,,9250,658569.98,,3884,196777.81,126,1495.64,3286,38,0.95934216537232,,,,,,62,767.34,51,,67,2316.29,*,,72.09243697479,72,209,144,51,282,194,147,115,12,168,0,34,258,218,1.2904683319038
1265538458,Lown,Jonathan,S,MD,I,2171 Jericho Tpke,Suite 100,Commack,NY,36,11725,1,"Metropolitan area core: primary flow within an urbanized area of 50,000 and greater",US,Internal Medicine,S,7202,13722.7,1259596.7,400367,238,,6857,13187.2,1180390.64,385244,,225,,1570,952300.05,,5599,305653.74,,33,1642.91,,1009,134204.61,,6193,1125392.09,,405,165245.03,,6797,1094351.67,83,3362.89,2310,30,1.1524576506526,0,0,0,0,0,232,13946.35,106,,65,1886.68,,15,74.86974789916,13,107,84,34,110,128,214,0,,,0,14,,,1.3998847846845
1265541015,Zilberman,Nina,,MD,I,336 E 86th St,,New York,NY,36,10028,1,"Metropolitan area core: primary flow within an urbanized area of 50,000 and greater",US,Family Practice,S,5751,6229.4333333333,705728.31,179981,189,,5401,5870.6,681535.68,169930,,167,,1978,621479.6,,3652,78728.89,,121,5519.82,,714,102236.75,,5037,603491.56,,4946,582860.41,,805,122867.9,,,,,,,,,,,92,1314.36,79,*,,,*,,73.375661375661,22,82,61,24,116,73,152,,,11,,11,115,74,1.5784054971791
1265579197,Hickey,Lynn,L,MD,I,1184 State Rt 50,,Ballston Lake,NY,36,12018,1,"Metropolitan area core: primary flow within an urbanized area of 50,000 and greater",US,Internal Medicine,S,2885,5193.2333333333,179916.66,150364,215,,2198,4361.8333333333,144314.18,127263,,181,,443,115188.13,,2442,64728.53,,0,0,,1595,118135.94,,1290,61780.72,,733,48317.05,,2152,131599.61,156,5677.49,3591,34,5.4072790294627,25,2221.52,750,,16.025641025641,61,731.95,49,,0,0,,0,70.246511627907,34,102,55,24,165,50,202,,,,0,,37,178,1.0645337209302
1265607303,Han,Jung A,,M.D.,I,16 West 32nd St.,"Suite #907",New York,NY,36,10001,1,"Metropolitan area core: primary flow within an urbanized area of 50,000 and greater",US,Internal Medicine,S,1039,2188.1333333333,97105.08,63952,75,"#",,,,,"#",,"#",,,,880,30158.93,*,,,,862,86970.75,,177,10134.33,,507,60902.47,,532,36202.61,,,,,,,,,,,22,359.3,16,*,,,*,,73.72,,,,,39,36,,,57,,0,,31,44,0.95586611111111
1265629992,Pascasio,Joey,L,M.D.,I,22 Wilson St,,Port Jefferson Station,NY,36,11776,1,"Metropolitan area core: primary flow within an urbanized area of 50,000 and greater",US,Geriatric Medicine,S,1097,2884.2333333333,33559.03,85421,462,"#",,,,,"#",,,32,1262.73,,1065,32296.3,,0,0,,1081,33227.64,,16,331.39,,307,8509.37,,790,25049.66,0,0,0,0,0,0,0,0,0,,,,,*,,,*,,82.638528138528,,,,,295,167,214,23,51,164,,,125,337,1.5736589735997
1265687347,Wu,Jianlin,,M.D.,I,"839 58th Street, 5th Floor",,Brooklyn,NY,36,11220,1,"Metropolitan area core: primary flow within an urbanized area of 50,000 and greater",US,Internal Medicine,S,21416,24643.366666667,1789950.65,708433,831,,21147,24313.366666667,1679650.08,699147,,809,,4285,1395242.49,,16789,384589.22,,342,10118.94,,15418,1295642.85,,5998,494307.8,,21013,1743605.81,,403,46344.84,24,129.6,192,13,0.11206574523721,0,0,0,0,0,385,2208.81,272,,74,1653.61,,14,74.263537906137,22,454,259,96,468,363,,,823,,0,,790,41,1.3123420880115
1265693410,Hom,Stacy,N,MD,I,1900 Empire Blvd,Ste 100,Webster,NY,36,14580,1,"Metropolitan area core: primary flow within an urbanized area of 50,000 and greater",US,Family Practice,S,4712,9524.5666666667,279983.44,275903,362,,3726,7952.9,212528.01,231099,,302,,591,159281.38,,4089,119258.16,,32,1443.9,,3309,168257.56,,1403,111725.88,,1460,95477.14,,3252,184506.3,217,4844.43,5517,52,4.6052631578947,18,992.65,508,,8.294930875576,146,2899.54,66,,27,6027.11,*,,70.400552486188,60,179,89,34,252,110,326,13,,,0,,77,285,0.93690779907516
1265751002,Li,Simon,,MD,I,8510 19th Ave,,Brooklyn,NY,36,11214,1,"Metropolitan area core: primary flow within an urbanized area of 50,000 and greater",US,Family Practice,S,7173,7736.9333333333,602141.42,224005,432,,6943,7467.5333333333,578326.32,216047,,412,,1362,449073.37,,5627,146943.88,,184,6124.17,,5919,483470.89,,1254,118670.53,,7060,593877.16,,113,8264.26,0,0,0,0,0,0,0,0,0,,109,479.07,81,*,,,*,,73.208333333333,20,262,104,46,208,224,,,423,,0,,410,22,1.1450733868751
1679808885,Sopchak,Mason,M,DO,I,5 Evergreen St,,Dryden,NY,36,13053,2,"Metropolitan area high commuting: primary flow 30% or more to a urbanized area of 50,000 and greater",US,Family Practice,S,5082,10361.1,457774.38,298389,379,,3826,8279.5,317030.98,239331,,304,,718,292609.41,,4331,162899.69,,33,2265.28,,1697,155786.79,,3385,301987.59,,2003,215797.75,,3079,241976.63,361,16885.57,9078,66,7.103502558048,64,7962.58,1858,,17.728531855956,171,3339.21,99,,21,3745.97,*,,71.100263852243,75,160,97,47,222,157,353,,,,,14,101,278,1.0744829203739
1679902241,Nunez,Cristian,D,M.D.,I,374 Stockholm St,,Brooklyn,NY,36,11237,1,"Metropolitan area core: primary flow within an urbanized area of 50,000 and greater",US,Pediatric Medicine,S,3983,6180.5666666667,99599.69,169222,838,,3763,5867.4,92748.68,160682,,785,,457,81686.06,,3493,17590.65,,33,322.98,"#",,,*,,,,2919,85214.88,,1064,14384.81,35,64.52,361,25,0.87873462214411,0,0,0,0,0,92,194.31,75,,20,30.15,,12,75.63723150358,53,324,326,135,452,386,32,,,793,0,,520,318,1.8038182545389
1679976682,Rodriguez,Idelka,G,,I,2300 Westchester Ave,,Bronx,NY,36,10462,1,"Metropolitan area core: primary flow within an urbanized area of 50,000 and greater",US,Family Practice,S,10441,15283.533333333,723338.17,450649,572,,8926,13190.966666667,575605.96,389630,,487,,1741,570541.54,,8276,131235.1,,424,21561.53,,8702,612416.1,,1739,110922.07,,8381,592144.38,,2060,131193.79,36,323.66,924,19,0.34479455990805,0,0,0,0,0,20,156.39,14,,17,143.07,*,,72.896853146853,85,232,190,65,408,164,23,80,,450,,,356,216,1.6279101124634
1689006355,Boire,Kenneth,G,PHARMD,I,1060 Hemmingford Rd,,Mooers,NY,36,12958,5,"Micropolitan high commuting: primary flow 30% or more to a urban cluster of 10,000 to 49,999",US,Pharmacist,T,25,25,4104.23,25,20,"#",,,,,"#",,,25,4104.23,,0,0,,0,0,*,,,"#",,,*,,,"#",,,0,0,0,0,0,0,0,0,0,,0,0,0,*,,,*,,71.8,,,,,,,17,0,,0,,,,,0.77836666666667
1689091274,Shats,Almira,,NP,I,506 6th St,,Brooklyn,NY,36,11215,1,"Metropolitan area core: primary flow within an urbanized area of 50,000 and greater",US,Nurse Practitioner,S,1461,1468.2666666667,68766,40872,87,,319,320.13333333333,14396.02,8665,,24,,160,36498.09,,1282,31449.41,,19,818.5,,518,26174.53,,943,42591.47,,1461,68766,,0,0,,,,,,,,,,,18,174.85,12,*,,,*,,57.48275862069,63,17,,,43,44,37,29,,16,0,,87,0,1.3694310344828
1689601601,Howe,Paul,Q,M.D.,I,809 Ridge Rd E,,Rochester,NY,36,14621,1,"Metropolitan area core: primary flow within an urbanized area of 50,000 and greater",US,Family Practice,S,4383,8407.2666666667,306619.13,244371,393,,3417,7018.2,230403.72,205311,,272,,620,210952.11,,3730,93637.34,,33,2029.68,,2605,217871.27,,1778,88747.86,,2280,175649.56,,2103,130969.57,108,4697.56,2885,21,2.4640657084189,21,3268.81,630,,19.444444444444,51,8260.7,30,*,,,*,,66.610687022901,121,170,77,25,226,167,266,70,,40,,13,166,227,1.1860123689437
1689601817,Bernstein,Scott,A,MD,I,26 Firemans Memorial Dr,,Pomona,NY,36,10970,1,"Metropolitan area core: primary flow within an urbanized area of 50,000 and greater",US,Internal Medicine,S,16671,30844.666666667,1420941.45,854647,1836,,15850,29665.8,1332353.91,822123,,1774,,3526,978171.71999999,,13102,441000.7,,43,1769.03,,3824,279793.42,,12847,1141148.03,,4153,277971.97,,12518,1142969.48,438,23183.96,11218,77,2.6273168976066,83,11590.66,2642,12,18.949771689498,263,12448.58,132,,144,4835.19,,17,75.683551198257,62,820,663,291,1025,811,1558,70,46,81,0,81,170,1666,1.1157692788035
1689618498,Buchan,Debra,A,MD,I,4500 Pewter Ln Bldg 1,,Manlius,NY,36,13104,1,"Metropolitan area core: primary flow within an urbanized area of 50,000 and greater",US,Internal Medicine,S,4604,9514.7333333333,310665.18,276051,434,,4217,8851.9,290462.45,257114,,406,,728,213060.51,,3832,95547.7,,44,2056.97,,2082,128597.12,,2522,182068.06,,534,27325.22,,4070,283339.96,31,220.45,757,,0.67332754126846,0,0,0,,0,138,2508.88,97,,0,0,,0,75.838709677419,28,170,144,92,304,130,395,18,,,0,16,30,404,1.0616247440941
1689654840,Mcgowan,Joseph,P,MD,I,300 Community Dr,,Manhasset,NY,36,11030,1,"Metropolitan area core: primary flow within an urbanized area of 50,000 and greater",US,Infectious Disease,S,5157,5426.9,4279903.88,156570,180,,1664,1773.0666666667,1366819.96,51248,,73,,2761,4116902.24,,2381,162670.15,,15,331.49,,2040,1610744.42,,3117,2669159.46,,3328,2467808.96,,1829,1812094.92,238,21771.41,6602,21,4.615086290479,68,17156.87,2040,,28.571428571429,74,856.54,23,*,,,*,,61.4,107,55,,,66,114,87,55,,23,0,,101,79,1.7716638472034
1689655854,Goe,Eric,A,MD,I,65 Elm St,,Glens Falls,NY,36,12801,1,"Metropolitan area core: primary flow within an urbanized area of 50,000 and greater",US,Family Practice,S,2780,6337.2333333333,331281.28,186505,324,,2684,6167.1666666667,316163.88,181439,"#",,,685,255359.11,,2064,74102.3,,31,1819.87,,1900,220339.78,,880,110941.5,,326,56466.18,,2454,274815.1,37,9634.77,1715,15,1.3309352517986,,,,,,31,1795.71,26,*,,,*,,76.777777777778,,,,,191,133,312,,0,,0,,66,258,1.1769797785905
1689665515,Dinapoli,Arthur,A,MD,I,9 Elwyn Ln,,Woodstock,NY,36,12498,10,"Rural areas: primary flow to a tract outside a urbanized area of 50,000 and greater or UC",US,Internal Medicine,S,5562,8327.6333333333,343552.26,224675,427,,5376,8045.5333333333,333421.07,217041,,395,,989,223304.52,,4547,118826.11,,26,1421.63,,948,56841.52,,4614,286710.74,,1055,74746.37,,4507,268805.89,249,6353.22,5368,70,4.4768069039914,18,2129.67,448,,7.2289156626506,146,3595.77,87,,90,7656.95,,18,77.571428571429,32,145,121,129,221,206,404,,,,0,,85,342,1.2933266741346
1689674855,Zhou,Eric,Y,MD,I,39 East Broadway,Suite 307,New York,NY,36,10002,1,"Metropolitan area core: primary flow within an urbanized area of 50,000 and greater",US,Internal Medicine,S,8630,9881.8333333333,635902.45,283831,397,,8300,9536.4333333333,611757.11,274225,,382,,1533,481669.28,,7005,151398.73,,92,2834.44,,4907,361889.31,,3723,274013.14,,8552,632571.82,,78,3330.63,,,,,,,,,,,138,2182.22,83,*,,,*,,71.335012594458,15,280,83,19,194,203,,,392,0,0,,382,15,1.0227466235238
1689687857,Koleini,Jahangir,,MD,I,2339 Uniun Road,Suite 1,West Seneca,NY,36,14224,1,"Metropolitan area core: primary flow within an urbanized area of 50,000 and greater",US,Family Practice,S,10368,22629.833333333,763733.5,664429,621,,10034,22064.166666667,753718.12,647824,,596,,1493,541441.8,,8753,215876.3,,122,6415.4,,7958,542828.58,,2410,220904.92,,1074,85379.91,,9294,678353.59,80,1048.67,2053,31,0.7716049382716,0,0,0,0,0,326,7492.12,204,*,,,*,,75.818035426731,25,268,218,110,369,252,596,,,,0,17,46,575,1.1550334570428
1689688541,Sawyer,John,A,MD,I,161 Carey Rd,,Queensbury,NY,36,12804,1,"Metropolitan area core: primary flow within an urbanized area of 50,000 and greater",US,Internal Medicine,S,5966,13757.966666667,556277.36,401775,616,,5295,12562.433333333,451344.76,367376,,531,,1041,424304.24,,4875,128722.27,,50,3250.85,,3455,276576.31,,2511,279701.05,,1243,160383.37,,4723,395893.99,282,9669.94,8120,84,4.7267851156554,41,5137.31,1468,13,14.539007092199,117,2763.66,62,,26,402.24,*,,73.707792207792,85,240,192,99,328,288,597,,,,0,11,107,509,1.168119338857
1689747248,Fader,Andrew,M,M.D.,I,128 Ashford Ave,,Dobbs Ferry,NY,36,10522,1,"Metropolitan area core: primary flow within an urbanized area of 50,000 and greater",US,Internal Medicine,S,12197,24297.466666667,951530.49,710843,833,,11098,22556.666666667,890325.88,661254,,783,,2033,641309.58,,10124,308175.7,,40,2045.21,,2618,187016.93,,9579,764513.56,,3008,204726.95,,9189,746803.54,456,35637.36,13206,95,3.7386242518652,39,21417.99,1133,,8.5526315789474,363,7670.75,213,,95,9575.28,,19,77.564225690276,50,273,296,214,519,314,725,30,30,27,0,21,98,735,1.1542855817883
1689754582,Robinson,Timothy,T,DO,I,32-45 Bell Blvd,,Bayside,NY,36,11361,1,"Metropolitan area core: primary flow within an urbanized area of 50,000 and greater",US,Family Practice,S,1864,2924.9333333333,139597.22,81540,398,,1662,2650.8,125621.97,74009,,356,,344,91986.38,,1474,43294.19,,46,4316.65,,1009,69480.88,,855,70116.34,,681,54945.74,,1183,84651.48,17,413.58,382,12,0.91201716738197,,,,,,114,2102.63,87,,13,514.69,*,,72.306532663317,42,208,101,47,242,156,262,31,22,72,0,11,108,290,1.1949066771862
1689757643,Cohen,Michael,L,M.D.,I,560 Northern Blvd,Suite 203,Great Neck,NY,36,11021,1,"Metropolitan area core: primary flow within an urbanized area of 50,000 and greater",US,Internal Medicine,S,4967,10390.333333333,414747.19,306773,450,,4863,10219.666666667,396280.03,301809,,439,,898,303274.21,,4055,111007.45,,14,465.53,,641,40569.26,,4326,374177.93,,401,67463.1,,4566,347284.09,48,1267.86,1157,18,0.96637809542984,0,0,0,0,0,103,1540.54,68,,28,785.01,*,,75.617777777778,11,217,152,70,248,202,399,,12,,0,26,32,418,1.0991456668046
1689768996,Phillips,Arnold,M,MD,I,110 East 55th Street,17th Floor,New York,NY,36,10022,1,"Metropolitan area core: primary flow within an urbanized area of 50,000 and greater",US,Pulmonary Disease,S,3179,5634.7333333333,199358.64,165190,274,,3152,5607.7333333333,198689.91,164532,"#",,,520,145940.06,,2659,53418.58,,0,0,,994,61197.95,,2185,138160.69,,299,26830.48,,2880,172528.16,,,,,,,,,,,68,923.56,52,*,,,*,,75.167883211679,,,,,152,122,195,29,11,16,0,23,18,256,0.9784048053528
1689815961,David,Monica,D,M.D.,I,226 Clinton St,,Hempstead,NY,36,11550,1,"Metropolitan area core: primary flow within an urbanized area of 50,000 and greater",US,Internal Medicine,S,13704,26033.4,997624.88,772623,918,,12619,24305.7,918103.71,722025,,831,,2244,675481.54,,11257,314897.15,,203,7246.19,,10520,791287.47,,3184,206337.41,,4147,300072.2,,9557,697552.68,,,,,,,,,,,63,480.34,51,*,,,*,,74.842047930283,87,350,328,153,594,324,195,594,,80,,34,222,696,1.5593466303747
1689921934,Chen,Hong,,,I,356 Bay Ridge Ave Fl 1,,Brooklyn,NY,36,11220,1,"Metropolitan area core: primary flow within an urbanized area of 50,000 and greater",US,Physician Assistant,S,8685,9235.1666666667,1245336.58,266076,418,,8307,8844.5,1169768.95,254939,,401,,2706,1068571.89,,5753,170406.62,,226,6358.07,,7700,1121449.29,,985,123887.29,,8564,1240674.11,,121,4662.47,0,0,0,0,0,0,0,0,0,,143,10303.96,104,*,,,*,,71.344497607655,17,299,81,21,193,225,,,410,,0,,405,13,1.1044138316207
1689923948,Yang,Jeff Fu-Lin,,M.D.,I,Springsea Physician P.C,839 58th Street 5fl,Brooklyn,NY,36,11220,1,"Metropolitan area core: primary flow within an urbanized area of 50,000 and greater",US,Internal Medicine,S,11321,12485.166666667,856076.37,354499,627,,10866,12015.366666667,811843.14,341462,,609,,2111,598913.93,,9023,252143.91,,187,5018.53,,9068,688932.18,,2253,167144.19,,11111,819569.63,,210,36506.74,13,81.26,90,,0.11483084533168,0,0,0,,0,352,2036.17,226,,52,1342.21,,13,73.856459330144,18,364,174,71,333,294,,,621,0,0,,601,26,1.2913782108025
1689946691,Singh,Sakshi,M,M.D.,I,8201 37th Ave,4th Floor,Jackson Heights,NY,36,11372,1,"Metropolitan area core: primary flow within an urbanized area of 50,000 and greater",US,Internal Medicine,S,6589,15752.5,291994.65,458962,872,,5823,14154.1,264417.09,413438,,778,,1289,176832.09,,5175,112226.89,,125,2935.67,,6557,291418.46,,32,576.19,,1119,48607.57,,5470,243387.08,653,14331.02,17971,194,9.910456821976,69,2048.03,2021,16,10.566615620214,125,1581.73,103,*,,,*,,71.90252293578,94,479,231,68,559,313,530,141,25,154,,,119,753,1.2167589095289
1699723353,Pusatier,Michael,F,DO,I,295 Essjay Rd,,Williamsville,NY,36,14221,1,"Metropolitan area core: primary flow within an urbanized area of 50,000 and greater",US,Family Practice,S,9431,19804.966666667,836531.34,576934,541,,7468,16562.666666667,599985.1,484606,,471,,1430,592736.46,,7908,238933.32,,93,4861.56,,5708,391171.19,,3723,445360.15,,2127,245812.91,,7304,590718.43,466,46036.36,11415,64,4.9411515215778,27,1631.14,850,,5.793991416309,243,2118.62,152,,23,861.76,*,,71.768946395564,70,274,149,48,304,237,509,,,,,16,72,469,1.2776241377181
1699731588,Caparaso,Darren,M,MD,I,3900 N Buffalo St,,Orchard Park,NY,36,14127,1,"Metropolitan area core: primary flow within an urbanized area of 50,000 and greater",US,Family Practice,S,7072,14915.2,593512.53,434951,661,,6384,13766,498499.05,402083,,600,,1108,459471.76,,5910,130194.56,,54,3846.21,,5213,393764.81,,1859,199747.72,,1037,148673.61,,6035,444838.92,66,612.88,1425,18,0.93325791855204,,,,,,196,6668.86,137,,12,68.18,*,,73.400907715582,61,293,245,62,347,314,630,,0,,0,16,58,603,1.1648410668529
1699731646,Seaford,John,W,MD,I,45 North Ave,,Webster,NY,36,14580,1,"Metropolitan area core: primary flow within an urbanized area of 50,000 and greater",US,Internal Medicine,S,6695,15126.633333333,391214.13,444552,533,,6475,14713.833333333,381187.09,432343,,516,,741,234530.24,,5900,154712.82,,54,1971.07,,5850,330262.51,,845,60951.62,,416,15390.32,,6279,375823.81,54,446.29,1240,13,0.80657206870799,0,0,0,0,0,145,1284.95,93,,0,0,,0,75.542213883677,17,238,197,81,285,248,502,,,,0,25,28,505,0.96017373357637
1699736983,Cavanaugh,Patrick,J,MD,I,1 Hollow Lane,Ste 312 North Shore Medical Specialties Group Pc,Lake Success,NY,36,11042,1,"Metropolitan area core: primary flow within an urbanized area of 50,000 and greater",US,Internal Medicine,S,6104,11426.1,347504.51,336909,531,,5721,10944.433333333,328915.45,322735,,502,,932,218834.21,,5141,127146.62,,31,1523.68,,1788,120281.19,,4316,227223.32,,741,49350.92,,5363,298153.59,78,2118.98,1973,22,1.2778505897772,,,,,,99,1676.85,73,,20,432.86,*,,74.962335216572,29,255,158,89,266,265,437,34,13,20,0,27,48,483,1.1030932127219
1699749879,Schreiber,William,D,MD,I,792 N Main St,Ste 200a,N Syracuse,NY,36,13212,1,"Metropolitan area core: primary flow within an urbanized area of 50,000 and greater",US,Family Practice,S,9834,16409.466666667,922436.47,462431,695,,7582,13307.2,710991.65,376053,,582,,1526,683306.4,,8221,236122.79,,87,3007.28,,5315,435394.94,,4519,487041.53,,3321,351033.48,,6513,571402.99,628,33587.78,16312,106,6.3860077282896,128,17380.38,3849,20,20.382165605096,478,46909.91,223,,68,5072.51,,11,71.351079136691,113,347,163,72,410,285,654,,,,,21,142,553,1.0558594887869
1699775312,Burns,Patrick,B,M.D.,I,210 E Main St,,Huntington,NY,36,11743,1,"Metropolitan area core: primary flow within an urbanized area of 50,000 and greater",US,Family Practice,S,3690,8793.6,268894.51,259009,470,,3548,8483.1333333333,255539.13,249914,,449,,564,169099.8,,3104,98646.63,,22,1148.08,,740,42637.33,,2950,226257.18,,309,40789.45,,3381,228105.06,16,188.74,255,11,0.43360433604336,0,0,0,0,0,78,908.48,60,,20,1291.78,*,,75.08085106383,21,220,161,68,214,256,432,,,,0,23,25,445,1.0129133869289
1699886465,Nyer,Kenneth,L,M.D.,I,1610 Williamsbridge Rd,,Bronx,NY,36,10461,1,"Metropolitan area core: primary flow within an urbanized area of 50,000 and greater",US,Internal Medicine,S,7332,15114.366666667,579359.55,440990,700,,7132,14752.033333333,557951.61,430654,,681,,1394,420957.34,,5893,156184.92,,45,2217.29,,2557,188767.12,,4775,390592.43,,637,49328.15,,6695,530031.4,57,1007.46,1463,18,0.77741407528642,,,,,,214,3431.43,156,,25,955.11,*,,76.942857142857,19,284,250,147,434,266,575,44,,54,,21,47,653,1.1665678694814
1699971358,Aranda,Christina,,MD,I,4401 Middle Settlement Rd,,New Hartford,NY,36,13413,1,"Metropolitan area core: primary flow within an urbanized area of 50,000 and greater",US,Family Practice,S,4978,8257.4333333333,333144.47,240350,414,,4217,7124.5333333333,266791.05,207592,,364,,637,222360.24,,4320,110000.91,,21,783.32,,2334,158883.16,,2644,174261.31,,1486,109557.73,,3492,223586.74,261,15050.71,7122,47,5.2430695058256,102,11932.84,2926,14,39.080459770115,99,1123.97,68,,16,107.24,*,,72.615942028986,50,192,116,56,258,156,385,,,13,0,12,62,352,1.1290808177662
1700019320,Holtzman,Dvorah,,MD,I,158 E 84th St,,New York,NY,36,10028,1,"Metropolitan area core: primary flow within an urbanized area of 50,000 and greater",US,Cardiology,S,2021,5136.0333333333,293637.24,153172,363,,1884,4844.0333333333,264935.88,144457,,338,"#",,,,1492,47381.77,*,,,,760,102426.01,,1261,191211.23,,532,95080.81,,1489,198556.43,,,,,,,,,,,,,,,0,0,,0,76.099173553719,25,132,135,71,192,171,225,64,,52,,12,84,279,1.6995072876922
1700107554,Schepker,Elizabeth,E,M.D.,I,165 Smith St,,Brooklyn,NY,36,11201,1,"Metropolitan area core: primary flow within an urbanized area of 50,000 and greater",US,Family Practice,S,1673,3745.5666666667,102478.52,109625,214,,1562,3524.5666666667,90649.76,103056,,203,"#",,,,1381,37348.14,*,,,,241,7757.3,,1432,94721.22,,140,16590.3,,1533,85888.22,15,289.95,387,,0.89659294680215,0,0,0,,0,31,495.97,21,,0,0,,0,73.724299065421,11,121,64,18,170,44,161,19,11,,,13,14,200,0.90304361370717
1700284841,Aye,Yin Yin,,,I,121 Dekalb Ave Apt 19c,,Brooklyn,NY,36,11201,1,"Metropolitan area core: primary flow within an urbanized area of 50,000 and greater",US,Internal Medicine,S,2981,7688.5999999999,117940.84,223331,743,,2792,7255.6333333333,110768.96,210786,,703,,488,61416.87,,2454,55849.74,,39,674.23,"#",,,*,,,,283,12470.57,,2698,105470.27,138,2970.9,3821,58,4.6293190204629,22,905.55,660,,15.942028985507,141,1617.6,117,*,,,*,,73.349932705249,40,420,214,69,458,285,486,70,30,137,,,68,675,1.1628530827647
1700286424,Abalos,Kevin Alfred,,PA-C,I,206-20 Linden Blvd,,Cambria Heights,NY,36,11411,1,"Metropolitan area core: primary flow within an urbanized area of 50,000 and greater",US,Physician Assistant,S,4108,7466.7666666667,261503.56,216336,708,,3927,7147.7666666667,245175.14,207138,,672,,552,176727.65,,3455,81588.55,,101,3187.36,,3218,194973.02,,890,66530.54,,799,61030.5,,3309,200473.06,0,0,0,0,0,0,0,0,0,,126,2287.4,106,*,,,*,,75.652542372881,36,289,271,112,487,221,15,644,,22,,20,90,618,1.3237209079859
1700818945,Iacobucci,James,J,MD,I,2400 Clinton Ave S Bldg F,,Rochester,NY,36,14618,1,"Metropolitan area core: primary flow within an urbanized area of 50,000 and greater",US,Internal Medicine,S,8815,17109.933333333,528286.55,504696,589,,8444,16495.9,486824,486956,,562,,975,323820.7,,7742,200659.84,,98,3806.01,,7481,441776.57,,1334,86509.98,,832,78354.73,,7983,449931.82,177,5922.66,4743,53,2.0079410096427,22,1653.37,660,,12.429378531073,157,1975.91,102,,15,5092.4,*,,75.258064516129,27,253,229,80,287,302,517,27,,,,35,43,546,1.1010219168278
1700820818,Curran,Robert,G,M.D.,I,306 Hempstead Ave,,Malverne,NY,36,11565,1,"Metropolitan area core: primary flow within an urbanized area of 50,000 and greater",US,Internal Medicine,S,13129,23488.7,851629.30999999,650707,748,,13026,23296.7,846307.50999999,645244,,731,,2713,567010.61,,10370,282956.3,,46,1662.4,,568,31907.15,,12561,819722.16,,5926,306402.99,,7203,545226.32,188,6905.37,4175,50,1.4319445502323,11,1204.22,307,,5.8510638297872,252,4872.44,150,,41,1873.71,*,,80.208556149733,17,196,270,265,483,265,676,28,,14,,21,139,609,1.4205422778331
1700821766,Bernstein,Jeffrey,,M.D.,I,2035 Lakeville Rd,Suite 101,New Hyde Park,NY,36,11040,1,"Metropolitan area core: primary flow within an urbanized area of 50,000 and greater",US,Cardiology,S,5422,11061.966666667,360161.1,328689,382,,5145,10626.966666667,344819.51,315926,,364,"#",,,,4591,125295.29,*,,,,1415,104846.41,,4007,255314.69,,583,52062.87,,4839,308098.23,42,1306.29,1219,13,0.77462191073405,,,,,,48,535.7,44,*,,,*,,75.130890052356,18,186,124,54,208,174,304,26,15,13,0,24,37,345,1.197863799509
1700828092,Martinez De Pimentel,Nadia,A,M.D.,I,3744 75th St,,Jackson Heights,NY,36,11372,1,"Metropolitan area core: primary flow within an urbanized area of 50,000 and greater",US,Internal Medicine,S,6869,14258.066666667,924762.15,420664,683,,6408,13362.433333333,849480.92,394240,,623,,1666,783107.64,,4998,130851.74,,205,10802.77,,5684,757845.06,,1185,166917.09,,5379,795703.66,,1490,129058.49,12,476.96,299,,0.17469791818314,0,0,0,,0,86,1211.69,71,,15,503.36,*,,74.306002928258,60,296,233,94,474,209,55,,14,597,,,448,235,1.5242045559377
1700832250,Cervantes,Jocelyn,M,M.D.,I,2035 Lakeville Rd,,New Hyde Park,NY,36,11040,1,"Metropolitan area core: primary flow within an urbanized area of 50,000 and greater",US,Internal Medicine,S,4878,11514.4,424042.21,337911,357,,4627,10922.466666667,410603.91,320643,,334,,725,284363.41,,4102,137309.77,,51,2369.03,,1722,135810.79,,3156,288231.42,,1682,127682.58,,3196,296359.63,72,3144.76,1862,19,1.4760147601476,,,,,,132,1397.2,93,*,,,*,,73.621848739496,23,182,115,37,250,107,158,49,54,62,,,81,276,1.0589738592806
1700841756,Palumbo,Vito,D,D.O.,I,61 Maple Rd,,Williamsville,NY,36,14221,1,"Metropolitan area core: primary flow within an urbanized area of 50,000 and greater",US,Family Practice,S,3003,5654.6,177187.93,164982,386,,2778,5294.5,170091.74,154463,,356,"#",,,,2501,48969.21,*,,,,2338,138018.14,,665,39169.79,,424,34027.73,,2579,143160.2,,,,,,,,,,,55,577.03,43,,14,105.36,*,,73.945595854922,30,190,116,50,197,189,354,,,,0,,46,340,1.2206784073144
1700852647,Hellman,Gerard,C,MD,I,184 East 70th St,,New York,NY,36,10021,1,"Metropolitan area core: primary flow within an urbanized area of 50,000 and greater",US,Internal Medicine,S,654,1150,276004.77,33382,70,"#",,,,,"#",,,154,260449.3,,500,15555.47,,0,0,,29,1075.65,,625,274929.12,,65,3167.37,,589,272837.4,0,0,0,0,0,0,0,0,0,,,,,*,,,*,,76.042857142857,,,,,32,38,65,,0,,0,,,,0.98403146332601
1700854643,Amendola-Sekinski,Paula,L,DO,I,470 E Fordham Rd,,Bronx,NY,36,10458,1,"Metropolitan area core: primary flow within an urbanized area of 50,000 and greater",US,Family Practice,S,11457,13295.833333333,870407.46,387154,301,,9167,10775.733333333,669352.92,313868,,231,,2680,734608.16,,8422,119393.38,,355,16405.92,,9808,743572.44,,1649,126835.02,,10060,788686.62,,1397,81720.84,156,4211.82,3943,37,1.3616129876931,12,417.05,360,,7.6923076923077,119,1887.68,83,*,,,*,,70.053156146179,70,126,79,26,218,83,41,56,,191,0,,232,69,1.279474963027
1700879368,Voelker,Frank,J,DO,I,325 Essjay Rd,,Williamsville,NY,36,14221,1,"Metropolitan area core: primary flow within an urbanized area of 50,000 and greater",US,Internal Medicine,S,11572,23977.166666667,803337.74,702687,860,,11130,23205.066666667,763295.15,680742,,823,,1627,597844.89,,9824,201107.67,,121,4385.18,,8111,524028.19,,3461,279309.55,,954,87981,,10618,715356.74,201,4162.53,4854,58,1.7369512616661,16,1305.98,457,,7.9601990049751,144,1810.72,118,,12,200.88,*,,76.154651162791,37,346,320,157,461,399,796,30,,11,,20,47,813,1.3018884182676
1700882883,Rahman,Jahangir,,M.D.,I,635 Madison Ave,Fl 7,New York,NY,36,10022,1,"Metropolitan area core: primary flow within an urbanized area of 50,000 and greater",US,Internal Medicine,S,3751,6232.2333333333,276874.09,179083,264,,3683,6156.2333333333,273201.76,176888,"#",,"#",,,,3061,83690.06,*,,,,96,8253.77,,3655,268620.32,,212,12839.53,,3539,264034.56,53,1158.44,722,18,1.4129565449214,,,,,,157,2507.65,91,,12,366.91,*,,74.958333333333,,,,,134,130,233,,,,0,19,,,0.90932638888889
1700883899,Baltus,Michele,,MD,I,180 E Pulaski Rd,,Huntington Station,NY,36,11746,1,"Metropolitan area core: primary flow within an urbanized area of 50,000 and greater",US,Family Practice,S,1298,2610.7666666667,77732.58,71595,376,,1205,2449.2666666667,69595.42,67268,,346,,182,49023.95,,1102,28111.65,,14,596.98,,254,8335.26,,1044,69397.32,,203,14899.21,,1095,62833.37,,,,,,,,,,,139,1436.42,108,,0,0,,0,74.848404255319,30,162,117,67,300,76,302,39,11,14,,,56,320,1.153720531744
1700884434,Mohrer,Jonathan,W,M.D.,I,11406 Queens Blvd,Suite A-8,Forest Hills,NY,36,11375,1,"Metropolitan area core: primary flow within an urbanized area of 50,000 and greater",US,Internal Medicine,S,6288,14027.666666667,425555.95,409782,515,,6075,13742.233333333,400387.42,401947,"#",,,1119,291170.47,,5121,132711.52,,48,1673.96,,2499,153274.59,,3789,272281.36,,729,85749.33,,5559,339806.62,75,2946,1633,27,1.1927480916031,0,0,0,0,0,188,2085.11,121,,40,2107.21,*,,78.382524271845,,,,,310,205,420,29,19,23,0,24,40,475,1.0682058230965
1700890605,Priven,Nina,,MD,I,620 Columbus Ave Fl 2,,New York,NY,36,10024,1,"Metropolitan area core: primary flow within an urbanized area of 50,000 and greater",US,Internal Medicine,S,1195,2118.2333333333,89108.26,61474,134,,1106,1974.7333333333,78424.1,57480,"#",,"#",,,,820,22120.53,*,,,,70,8068.51,,1125,81039.75,,134,18484.41,,1061,70623.85,0,0,0,0,0,0,0,0,0,,28,332.73,18,,0,0,*,,72.873134328358,,,,,106,28,104,,,,0,12,16,118,0.91873009950249
1700892635,Bloomgarden,Zachary,T,MD,I,35 E 85th St,,New York,NY,36,10028,1,"Metropolitan area core: primary flow within an urbanized area of 50,000 and greater",US,Internal Medicine,S,8709,19356.633333333,2690478.6,575461,470,,8409,18910.3,2501856.12,562367,,457,,3397,2441768.13,,4749,189978.45,,563,58732.02,,229,43731.69,,8480,2646746.91,,1719,549799.76,,6990,2140678.84,,,,,,,,,,,34,320.75,30,*,,,*,,76.685106382979,13,189,185,83,223,247,393,31,,19,,19,65,405,1.4685149014192
1700932761,Livelli,Frank,D,M.D.,I,622 W 168th St,,New York,NY,36,10032,1,"Metropolitan area core: primary flow within an urbanized area of 50,000 and greater",US,Cardiology,S,6813,15959.733333333,543332.61,472385,522,"#",,,,,"#",,,1212,374935.67,,5588,167103.51,,13,1293.43,,175,22115.3,,6638,521217.31,,157,21128.84,,6656,522203.77,12,97.02,276,,0.17613386173492,0,0,0,,0,158,919.18,74,*,,,*,,78.904214559387,,,,,289,233,474,,13,14,,15,,,1.1981034482759
1700970670,Rojas,Henry,,MD,I,1071 Stoneleigh Ave,,Carmel,NY,36,10512,1,"Metropolitan area core: primary flow within an urbanized area of 50,000 and greater",US,Internal Medicine,S,4547,7623.2333333333,433599.98,210099,800,,3565,6428.2333333333,323421.64,175966,,726,"#",,,,3294,133634.45,*,,,,1495,138589.74,,3052,295010.24,,1383,114420.11,,3164,319179.87,265,13565.15,7678,41,5.8280184737189,29,3268.15,870,,10.943396226415,108,1126.1,75,*,,,*,,73.22625,74,386,254,86,427,373,697,,11,54,,30,98,702,1.0773821069569
1700976412,Yamada,Erika,,MD,I,1940 Commerce St,"Caremount Medical, Pc",Yorktown Heights,NY,36,10598,1,"Metropolitan area core: primary flow within an urbanized area of 50,000 and greater",US,Internal Medicine,S,1436,2672.3666666667,66507.57,76530,163,,1210,2422.2666666667,48917.91,69551,,147,"#",,,,1156,24140.45,*,,,,461,20456.47,,975,46051.1,,376,25358.61,,1060,41148.96,16,119.13,180,12,1.1142061281337,0,0,0,0,0,49,511.58,41,,0,0,,0,74.042944785276,16,72,47,28,125,38,141,,,13,0,,26,137,1.3135508236881
1700976982,Salako,Abayomi,O,MD,I,"1650 Grand Concourse ,",2nd Floor,Bronx,NY,36,10457,1,"Metropolitan area core: primary flow within an urbanized area of 50,000 and greater",US,Internal Medicine,S,5582,7970.5666666667,378458.63,235637,227,,4914,7188.1,299193.43,212574,,194,,1006,320165.94,,4341,48874.39,,235,9418.3,,4993,336253.76,,589,42204.87,,4836,343639.08,,746,34819.55,,,,,,,,,,,24,2265.7,17,,0,0,,0,71.462555066079,33,112,68,14,133,94,,99,,106,,,176,51,1.5033306598042
1700986247,Levine,Randy,L,M.D.,I,4 E 76th St,,New York,NY,36,10021,1,"Metropolitan area core: primary flow within an urbanized area of 50,000 and greater",US,Internal Medicine,S,483,677.53333333333,604699.51,19520,62,,483,677.53333333333,604699.51,19520,,62,,197,595376,,286,9323.51,,0,0,,52,180423.28,,431,424276.23,,12,142832.58,,471,461866.93,0,0,0,0,0,0,0,0,0,,,,,,0,0,,0,75,0,29,,,37,25,55,,,,0,,,,1.2098064516129
1700987567,Bushkuhl,Paul,W,MD,I,360 Washington Ave,,Kingston,NY,36,12401,1,"Metropolitan area core: primary flow within an urbanized area of 50,000 and greater",US,Internal Medicine,S,6865,10945.666666667,815151.69,314882,516,,5105,8793.4333333333,518544.28,254237,,415,,1278,675865.89,,5549,137264.52,,38,2021.28,,1949,197244.4,,4916,617907.29,,2507,446412.02,,4358,368739.67,494,41256.7,12810,88,7.1959213401311,111,31110.32,3429,15,22.46963562753,203,2266.04,126,,13,447.47,*,,71.131782945736,101,223,123,69,271,245,469,18,,,,17,124,392,1.403526254384
1710053145,Berger,Aaron,H,MD,I,1203 Avenue J,2nd Floor,Brooklyn,NY,36,11230,1,"Metropolitan area core: primary flow within an urbanized area of 50,000 and greater",US,Cardiology,S,696,1035.8666666667,56598.45,29519,163,,633,923.66666666667,51654.64,26193,,152,"#",,,,523,9605.44,*,,,,309,26870.6,,387,29727.85,,302,22117.3,,394,34481.15,11,240.8,319,,1.5804597701149,0,0,0,,0,11,379.2,11,,0,0,,0,74.546012269939,11,83,40,29,80,83,102,31,,,0,12,47,116,1.580991900831
1710070933,Kostakos,Katherine,,MD,I,Mmg - Riverdale,3510 Johnson Avenue,Bronx,NY,36,10463,1,"Metropolitan area core: primary flow within an urbanized area of 50,000 and greater",US,Internal Medicine,S,8439,16007.333333333,559668.85,472970,565,,7827,15070.5,518769.66,445902,,528,,1351,375135.17,,6965,177900.23,,123,6633.45,,4536,294536.05,,3903,265132.8,,2567,187506.1,,5872,372162.75,174,5108.11,4587,27,2.0618556701031,0,0,0,0,0,72,1119.38,52,,22,1954.31,*,,75.352212389381,37,251,177,100,415,150,397,70,,70,,23,110,455,1.0837479726969
1710078639,Rosenfeld,Sheri,,M.D.,I,1687 Ralph Ave,,Brooklyn,NY,36,11236,1,"Metropolitan area core: primary flow within an urbanized area of 50,000 and greater",US,Internal Medicine,S,1372,2225.5333333333,126274.08,65218,91,,1259,2089.6333333333,114985.71,61207,"#",,,273,100643.98,,1082,24864.85,,17,765.25,,569,36962.5,,803,89311.58,,347,39282.8,,1025,86991.28,,,,,,,,,,,23,549.73,16,*,,,*,,71.78021978022,,,,,77,14,61,23,,,0,,18,73,1.153771875179
1710078993,Lee,Colleen,I,MD,I,1270 Broadway,"Ste #405",New York,NY,36,10001,1,"Metropolitan area core: primary flow within an urbanized area of 50,000 and greater",US,Internal Medicine,S,5486,11794.166666667,602999.72,348841,549,,5400,11619.5,596741.65,343751,,538,,950,480492.53,,4496,121245.44,,40,1261.75,,4126,426351.6,,1360,176648.12,,4070,521048.92,,1416,81950.8,13,142.52,360,,0.23696682464455,0,0,0,,0,93,997.7,68,,0,0,,0,74.253187613843,11,287,208,43,320,229,,,490,,0,43,316,233,0.98526860164472
1710086830,Schiavone,John,F,MD,I,200 Madison Ave,,Elmira,NY,36,14901,1,"Metropolitan area core: primary flow within an urbanized area of 50,000 and greater",US,Internal Medicine,S,11327,19226.766666667,1072550.61,533460,420,,10169,17471.7,875123.33,483193,,369,,2012,763332.52,,9219,303992.74,,96,5225.35,,4421,431103.33,,6906,641447.28,,6236,529591.28,,5091,542959.33,433,85973.96,13546,94,3.8227244636709,89,69111.65,3030,16,20.554272517321,290,74631.98,78,,42,3056.22,,12,75.15,51,157,112,100,265,155,386,16,,,0,11,119,301,1.4133816885387
1710092234,Tang,David,,M.D.,I,1010 N Broadway,,Yonkers,NY,36,10701,1,"Metropolitan area core: primary flow within an urbanized area of 50,000 and greater",US,Internal Medicine,S,9615,18472.033333333,946703.63,534743,573,,7830,16021.066666667,783169.66,464927,,512,,1919,647138.66,,7652,295587.58,,44,3977.39,,3614,376534.73,,6001,570168.9,,2944,430382.13,,6671,516321.5,436,32801.58,11801,71,4.5345813832553,58,10453.64,1740,,13.302752293578,416,6623.7,209,,63,1262.73,,11,75.425828970332,61,221,173,118,363,210,455,38,,41,,23,95,478,1.3439603729373
1710139522,Mooney,Stacey,M,PHARM.D.,I,48 E Market St,,Rhinebeck,NY,36,12572,7,"Small town core: primary flow within an urban cluster of 2,500 to 9,999",US,Pharmacist,T,50,50,7454.61,108,47,"#",,,,,"#",,,50,7454.61,,0,0,,0,0,,23,3471.46,,27,3983.15,*,,,"#",,,0,0,0,0,0,0,0,0,0,,0,0,0,*,,,*,,68.936170212766,,,,,25,22,39,,,,0,,,,1.0334893617021
1710198536,Tumuluri,Srilaxmi,,M.D,I,711 Troy Schenectady Rd,Suite 104,Latham,NY,36,12110,1,"Metropolitan area core: primary flow within an urbanized area of 50,000 and greater",US,Internal Medicine,S,5788,10219.166666667,381985.44,299396,581,,5332,9586.3666666667,359471.42,281204,,528,,871,278498.85,,4871,101725.12,,46,1761.47,,3523,219432.93,,2265,162552.51,,1001,75317.69,,4787,306667.75,92,855.03,2446,32,1.5894955079475,0,0,0,0,0,102,4905.48,76,*,,,*,,72.752151462995,53,306,149,73,346,235,493,26,32,,,19,77,504,1.0386976592065
1710202544,Donovan,Jennifer,L,DO,I,126 Ski Bowl Rd,,North Creek,NY,36,12853,10,"Rural areas: primary flow to a tract outside a urbanized area of 50,000 and greater or UC",US,Family Practice,S,5115,10273.466666667,656965.9,297657,466,,3678,7866.3666666667,508756.38,229066,,367,,997,532541.22,,4098,123324.51,,20,1100.17,,2505,386378.42,,2610,270587.48,,2373,418038.72,,2742,238927.18,311,15612.13,8368,64,6.080156402737,68,9048.58,1918,,21.864951768489,73,2452.29,62,,31,1203.74,*,,71.555793991416,99,180,126,61,267,199,445,,,,0,12,145,321,1.1336932269592
1710264056,Tacci,James,A,M.D.,I,1445 Portland Ave,G03,Rochester,NY,36,14621,1,"Metropolitan area core: primary flow within an urbanized area of 50,000 and greater",US,Preventive Medicine,S,297,304.63333333333,12995.11,2773,162,"#",,,,,"#",,,59,4984.85,,227,5755.26,,11,2255,,229,10259.88,,68,2735.23,,11,261.86,,286,12733.25,0,0,0,0,0,0,0,0,0,,145,1521.99,137,*,,,*,,69.753086419753,,,,,88,74,129,,,0,,16,,,0.6094975032543
1710290515,Niyazov,Linda,,PA,I,1st Avenue 16street,Beth Israel Medical Center,Manhattan,NY,36,10003,1,"Metropolitan area core: primary flow within an urbanized area of 50,000 and greater",US,Physician Assistant,S,156,175.7,23187.33,2601,109,,133,149.1,22332.38,2158,,97,"#",,,,79,2976.4,*,,,,78,6170.54,,78,17016.79,,80,5346.4,,76,17840.93,0,0,0,0,0,0,0,0,0,,22,359.56,20,*,,,*,,73.192660550459,12,50,35,12,66,43,56,,,41,0,,42,67,1.8927052408792
1710911268,Beg,Mirza,M,MD,I,521 East Ave,,Lockport,NY,36,14094,2,"Metropolitan area high commuting: primary flow 30% or more to a urbanized area of 50,000 and greater",US,Family Practice,S,3496,7036.8666666667,324711.48,196423,452,,2954,6185.3,269583.96,174334,,364,,766,244701.84,,2703,78371.67,,27,1637.97,,1027,68259.75,,2469,256451.73,,461,21705.84,,3035,303005.64,96,22841.97,1693,44,2.745995423341,0,0,0,0,0,291,4372.48,200,,11,113.57,*,,70.491150442478,88,197,131,36,264,188,404,24,,,0,12,101,351,1.2251841585869
1710921648,Brammer,Werner,K,M.D.,I,7573 State Route 54,Keuka Family Practice,Bath,NY,36,14810,7,"Small town core: primary flow within an urban cluster of 2,500 to 9,999",US,Family Practice,S,9531,13924.233333333,850597.69,360147,1433,,7388,11183.133333333,670289.01,287464,,1281,,2729,697829.21,,6716,149141.78,,86,3626.7,,4900,456162.03,,4631,394435.66,,4158,417206.74,,5373,433390.95,357,17969.06,9190,59,3.7456720176267,69,9648.94,2188,,19.327731092437,195,2699.64,105,,64,959.06,*,,72.344731332868,152,734,421,126,817,616,1386,,,,,33,284,1149,1.0166670687503
1710921911,Arcuri,Joseph,J,M.D.,I,408 W 14th St,Suite 201,New York,NY,36,10014,1,"Metropolitan area core: primary flow within an urbanized area of 50,000 and greater",US,Internal Medicine,S,1796,2561.5666666667,980691.36,74302,108,,1184,1792.7666666667,660333.82,51935,,89,"#",,,,1152,50522.24,*,,,,523,289789.49,,1273,690901.87,,663,312370.15,,1133,668321.21,47,9858.41,1339,,2.6169265033408,,,,,,14,363.04,,*,,,*,,70.083333333333,19,60,,,12,96,87,,0,,0,,24,84,1.2005643080481
1710925029,Bath,Surinder,S,M.D.,I,911 W Center St,,Medina,NY,36,14103,7,"Small town core: primary flow within an urban cluster of 2,500 to 9,999",US,Internal Medicine,S,10113,15013.933333333,674042.25,434051,312,,8764,13209.833333333,590048.95,381863,,266,,1418,512965.37,,8592,156823.04,,103,4253.84,,6495,421821.94,,3618,252220.31,,3759,272179.61,,6354,401862.64,226,5957.13,6651,43,2.2347473548897,16,2242.06,714,,7.0796460176991,290,8429.55,123,,34,252.18,*,,73.573717948718,46,125,93,48,154,158,271,26,0,,0,,87,225,1.2982738018795
1710933940,Gross,Jeffrey,D,MD,I,90 S Bedford Rd,Care Mount Medical Pc,Mount Kisco,NY,36,10549,1,"Metropolitan area core: primary flow within an urbanized area of 50,000 and greater",US,Internal Medicine,S,7885,14832.533333333,371962,434632,842,,7348,14124.066666667,336957.84,414114,,799,,1032,207092.54,,6837,164268.11,,16,601.35,,1893,75625.5,,5992,296336.5,,817,37613.18,,7068,334348.82,78,1827.1,1524,29,0.98922003804692,,,,,,161,2029.23,133,,32,1096.28,*,,75.204275534442,43,370,293,136,331,511,747,18,20,17,0,40,57,785,1.0248246995405
1710941521,Aquino,Nicholas,J,M.D,I,1835 Maple Rd,,Williamsville,NY,36,14221,1,"Metropolitan area core: primary flow within an urbanized area of 50,000 and greater",US,Internal Medicine,S,6855,12969.966666667,570866.35,376263,540,,6045,11765.633333333,529701.07,343423,,489,,1050,441500.84,,5745,126929.6,,60,2435.91,,4859,383478.72,,1996,187387.63,,828,64675.57,,6027,506190.78,143,3943.7,3388,35,2.0860685630926,20,1589.39,840,,13.986013986014,131,1212.53,105,*,,,*,,73.242592592593,51,263,155,71,273,267,508,,,,0,22,37,503,0.97674606932694
1710952759,Guzzardi,Thomas,J,M.D.,I,60 Merritt Blvd,,Fishkill,NY,36,12524,1,"Metropolitan area core: primary flow within an urbanized area of 50,000 and greater",US,Internal Medicine,S,4632,10065.5,310358.83,296909,382,,4412,9615.5,298921.4,283787,,355,,556,206462.42,,4051,101976.27,,25,1920.14,,1201,62815.26,,3431,247543.57,,354,37917.81,,4278,272441.02,55,1601.28,1215,19,1.1873920552677,,,,,,85,1403.36,55,*,,,*,,74.69109947644,27,149,150,56,208,174,344,11,,13,0,,30,352,1.3117337434916
1710967971,Shifrin,Inna,,MD,I,98 Avenue U,,Brooklyn,NY,36,11223,1,"Metropolitan area core: primary flow within an urbanized area of 50,000 and greater",US,Internal Medicine,S,12235,17434.6,1288464.53,490182,429,,9642,14192.6,1050460.79,400944,,366,,2855,1040392.71,,9199,239440.69,,181,8631.13,,5502,540879.8,,6733,747584.73,,8246,952080.49,,3989,336384.04,305,44482.83,8454,71,2.4928483857785,80,29902.33,2246,13,26.229508196721,510,57006.09,228,,73,773.34,,14,73.027972027972,63,175,128,63,313,116,309,56,,46,,13,186,243,1.5291593447983
1710972013,Parker,Richard,L,MD,I,25 Park Avenue,,Cohocton,NY,36,14826,10,"Rural areas: primary flow to a tract outside a urbanized area of 50,000 and greater or UC",US,Family Practice,S,6428,10923.366666667,391402.05,315883,475,,5030,8981.1,332576.71,260557,,383,,943,273023.1,,5464,117662.42,,21,716.53,,3432,181448.34,,2996,209953.71,,2543,152462.97,,3885,238939.08,247,9052.63,6648,59,3.8425637834474,62,3743.78,1839,,25.101214574899,197,2558.39,123,*,,,*,,71.067368421053,92,204,120,59,230,245,458,,0,,0,,139,336,1.283706319783
1710978812,Greisman,Stewart,,M.D.,I,457 W 57th St,Apt 106,New York,NY,36,10019,1,"Metropolitan area core: primary flow within an urbanized area of 50,000 and greater",US,Rheumatology,S,4374,8124,514433.81,234827,420,,4225,7931,441812.66,229446,,408,,718,412914.07,,3636,100508.13,,20,1011.61,,471,26004.88,,3903,488428.93,,553,107654.14,,3821,406779.67,118,4517.77,3098,33,2.6977594878829,0,0,0,0,0,166,1942.27,115,*,,,*,,76.242857142857,12,177,159,72,270,150,336,27,11,23,0,23,30,390,1.1340189771289
1710989314,De Lara,Francisco,A,MD,I,1525 Pitkin Ave,,Brooklyn,NY,36,11212,1,"Metropolitan area core: primary flow within an urbanized area of 50,000 and greater",US,Internal Medicine,S,12909,23468.066666667,819002.93,692965,449,,11659,21354.633333333,731259.81,630936,,399,,1983,560209.33,,10326,233389.88,,600,25403.72,,9946,648590.14,,2963,170412.79,,11582,771777.26,,1327,47225.67,104,392.4,2735,38,0.80563947633434,0,0,0,0,0,131,694.77,90,,62,2215.77,,15,72.897550111359,50,213,133,53,233,216,11,44,,385,0,,347,102,1.1732283959176
1710991245,Chiu,Chinta,T,MD,I,13360 41st Ave,Second Floor,Flushing,NY,36,11355,1,"Metropolitan area core: primary flow within an urbanized area of 50,000 and greater",US,Internal Medicine,S,4413,7398.2,502572.46,212432,196,,4297,7118.8,481658.33,204317,"#",,,834,382606.74,,3526,117433.37,,53,2532.35,,2993,333571.18,,1420,169001.28,,3247,383496.14,,1166,119076.32,14,419.72,363,,0.31724450487197,0,0,0,,0,175,2956.85,95,,19,954.36,*,,75.178571428571,,,,,110,86,,,171,,0,,111,85,1.0610504773522
1720046576,Dilorenzo,Randolph,P,M.D.,I,99 Cold Spring Rd,,Syosset,NY,36,11791,1,"Metropolitan area core: primary flow within an urbanized area of 50,000 and greater",US,Internal Medicine,S,6217,14688.333333333,557715.47,428152,495,,5908,14218.033333333,537977.57,415035,,478,"#",,,,5213,189849.53,*,,,,969,79616.67,,5248,478098.8,,658,68918.67,,5559,488796.8,112,2512.58,3044,36,1.8015119832717,0,0,0,0,0,202,2982.06,141,*,,,*,,76.10101010101,17,220,168,90,282,213,449,11,14,,,18,25,470,1.0588960718294
1720057599,Berke,Robert,,M.D.,I,95 E Chautauqua St,,Mayville,NY,36,14757,10,"Rural areas: primary flow to a tract outside a urbanized area of 50,000 and greater or UC",US,Family Practice,S,10754,17378.566666667,914409.99,505742,968,,7384,12840.133333333,639062.02,376484,,712,,1985,704658.58,,8632,203114.94,,137,6636.47,,5226,367481.14,,5528,546928.85,,5373,490719.13,,5381,423690.86,400,14048.86,11454,80,3.7195462153617,60,4144.91,1476,17,15,159,2866.95,101,,45,2506.08,*,,68.470041322314,256,427,211,74,531,437,924,,0,14,,19,372,596,1.3650782512127
1720058548,Carter,Lawrence,D,MD,I,865 Northern Blvd,,Great Neck,NY,36,11021,1,"Metropolitan area core: primary flow within an urbanized area of 50,000 and greater",US,Internal Medicine,S,2161,4509.4666666667,169013.07,133052,258,,2001,4273.9666666667,160478.56,126249,,223,,357,115442.28,,1790,52983.11,,14,587.68,,1182,82580.51,,979,86432.56,,808,68368.49,,1353,100644.58,62,1182.39,1782,,2.8690421101342,25,721.82,750,,40.322580645161,15,127.95,13,*,,,*,,72.418604651163,35,126,71,26,127,131,91,89,21,45,0,12,93,165,1.3259014298763
1720065378,Brady,Brian,M,M.D.,I,700 White Plains Rd,Suite 5,Scarsdale,NY,36,10583,1,"Metropolitan area core: primary flow within an urbanized area of 50,000 and greater",US,Internal Medicine,S,1323,2896.1333333333,128918.42,84186,176,,1278,2777.1333333333,121640.72,80782,"#",,"#",,,,1050,39414.16,*,,,,54,2308.89,,1269,126609.53,,111,4961.34,,1212,123957.08,24,4261.47,534,11,1.8140589569161,,,,,,38,901.37,27,,0,0,*,,79.443181818182,,,,,110,66,166,,,,0,,,,1.2517730295063
1720070808,Merecki,Eugene,K,MD,I,6 Medical Park Dr,Suite 208,Malta,NY,36,12020,1.1,"Secondary flow 30% to <50% to a larger urbanized area of 50,000 and greater",US,Family Practice,S,8913,17692.1,542307.8,512142,598,,8480,17033.1,522716.06,493010,,576,,1123,335143.58,,7764,205776.8,,26,1387.42,,5554,298272.51,,3359,244035.29,,894,57487.45,,8019,484820.35,203,4765.8,4399,55,2.2775720857175,11,1570.88,330,,5.4187192118227,228,2701.12,144,*,,,*,,74.847826086957,22,288,214,74,322,276,567,,,,0,23,24,574,1.2042521918125
1720072465,Luvera,Vincent,J,DO,I,600 Mcclellan St,St Claires Hospital Wound Care Center,Schenectady,NY,36,12304,1,"Metropolitan area core: primary flow within an urbanized area of 50,000 and greater",US,Family Practice,S,937,943,120447.57,7156,511,,894,899,113644.4,7025,,484,,756,113800.78,,181,6646.79,,0,0,,600,70569.76,,337,49877.81,,254,21524.46,,683,98923.11,0,0,0,0,0,0,0,0,0,,,,,,0,0,,0,73.843444227006,27,280,152,52,289,222,481,,,12,0,15,57,454,0.90480558808763
1720088081,Scrivani,Stephen,P,MD,I,18 Limestone Dr,Suite 5,Williamsville,NY,36,14221,1,"Metropolitan area core: primary flow within an urbanized area of 50,000 and greater",US,Family Practice,S,11152,19730.7,742119.69,574548,667,,9575,17548.9,656699.72,513252,,590,,1525,541267.93,,9504,195238.58,,123,5613.18,,7913,483006.71,,3239,259112.98,,2322,171626.52,,8830,570493.17,452,20249.18,11862,81,4.0530846484935,46,8730.5,1337,,10.176991150442,188,1655.35,120,,24,1206.38,*,,72.530734632684,77,339,174,77,361,306,604,36,,,0,19,85,582,1.205026810897
1720099856,Vitale,Charlene,,M.D.,I,2561 Lac De Ville Blvd,Ste 100,Rochester,NY,36,14618,1,"Metropolitan area core: primary flow within an urbanized area of 50,000 and greater",US,Internal Medicine,S,10912,17662.6,1070266.16,508279,399,,9809,16317.133333333,935816.71,469663,,378,,2197,779672.72,,8635,287335.49,,80,3257.95,,8953,857638.27,,1959,212627.89,,1208,177647.7,,9704,892618.46,292,47145.1,8305,47,2.6759530791789,53,17926.02,1590,,18.150684931507,411,10523.77,211,,44,10275.93,*,,72.887218045113,21,230,115,33,290,109,355,11,,,0,31,25,374,0.96654210686798
1720139124,Simons,Gerald,T,PA-C,I,200 Pantigo Pl,Suite I,East Hampton,NY,36,11937,4.1,"Secondary flow 30% to <50% to a urbanized area of 50,000 and greater",US,Physician Assistant,S,1833,2737.7,271484.51,71974,227,,1549,2359.4,185263.47,62751,,202,,406,196095.74,,1414,71460.58,,13,3928.19,,302,27578.26,,1531,243906.25,,695,111100.9,,1138,160383.61,64,12749.92,1329,,3.4915439170758,17,880.21,494,,26.5625,215,21786.05,73,,19,970.49,*,,72.599118942731,25,111,68,23,129,98,191,,,20,0,,44,183,1.0371420704846
1720167356,Campanella,Jerry,A,MD,I,1254 Central Pk Avenue,,Yonkers,NY,36,10704,1,"Metropolitan area core: primary flow within an urbanized area of 50,000 and greater",US,Internal Medicine,S,3604,7969.3666666667,261637.46,233015,274,,3481,7773.3666666667,254510.29,227482,"#",,,573,176013.51,,3006,84429.95,,25,1194,,1205,99573.17,,2399,162064.29,,544,45189.01,,3060,216448.45,0,0,0,0,0,0,0,0,0,,117,2135.37,79,,16,247.24,*,,75.459854014599,,,,,144,130,226,15,,16,,12,29,245,1.1875355410483
1720170269,Sipperly,Stephen,F,D.O.,I,100 Great Oaks Blvd,Suite 105,Albany,NY,36,12203,1,"Metropolitan area core: primary flow within an urbanized area of 50,000 and greater",US,Family Practice,S,6219,11231.166666667,751965.72,322312,600,,5162,9721.8,467372.53,278946,,532,,1043,597137.27,,5136,152973,,40,1855.45,,3510,379672.76,,2709,372292.96,,915,163117.82,,5304,588847.9,237,48737.57,7144,36,3.8109020742885,64,43188.58,1917,,27.004219409283,265,2931.06,192,*,,,*,,71.245,68,343,152,37,280,320,548,,,,,32,64,536,0.95372398295006
1720180003,Abate,Charles,J,MD,I,310 N Highland Ave,"Care Mount Medical, P.C",Ossining,NY,36,10562,1,"Metropolitan area core: primary flow within an urbanized area of 50,000 and greater",US,Pulmonary Disease,S,3769,7055,599183.61,203266,406,,3374,6390.5,561462.14,184584,,374,"#",,,,2494,62084.68,*,,,,764,98744.6,,3005,500439.01,,834,96957.29,,2935,502226.32,41,1765.37,1058,13,1.0878217033696,0,0,0,0,0,127,1960.38,82,,0,0,,0,75.125615763547,32,169,141,64,242,164,326,22,,33,,17,56,350,1.4605577182788
1720185358,Mccormick,Kevin,R,MD,I,990 South Ave,Suite 207,Rochester,NY,36,14620,1,"Metropolitan area core: primary flow within an urbanized area of 50,000 and greater",US,Internal Medicine,S,4113,8889.3666666667,280314.31,261672,278,,4113,8889.3666666667,280314.31,261672,,278,,576,185833.25,,3499,92635.51,,38,1845.55,,2915,198489.92,,1198,81824.39,,693,33487.9,,3420,246826.41,148,8713.22,4265,30,3.5983467055677,74,6598.05,2444,11,50,33,400.94,18,,21,687.26,*,,82.992805755396,0,44,120,114,175,103,247,17,,,0,,37,241,1.415589028645
1720240617,Norton,Neal,D,PA,I,110 8th St,,Troy,NY,36,12180,1,"Metropolitan area core: primary flow within an urbanized area of 50,000 and greater",US,Physician Assistant,S,1970,3539.8666666667,129114.22,102933,238,,1619,3094.4666666667,106130.16,90064,,210,"#",,,,1714,38888.36,*,,,,1366,98442.32,,604,30671.9,,350,23651.24,,1620,105462.98,32,989.93,652,,1.6243654822335,,,,,,45,700.34,42,*,,,*,,70.827731092437,28,135,54,21,103,135,212,,,,0,16,24,214,1.1150295470247
1720266992,Khan,Mohammed,N,PHARM.D.,I,1 Westchester Ave,,Port Chester,NY,36,10573,1,"Metropolitan area core: primary flow within an urbanized area of 50,000 and greater",US,Pharmacist,T,38,38,5433.89,38,34,,38,38,5433.89,38,,34,,38,5433.89,,0,0,,0,0,*,,,"#",,,*,,,"#",,,0,0,0,0,0,0,0,0,0,,0,0,0,,0,0,,0,74.617647058824,0,,16,,21,13,27,0,,,0,,,,0.82010784313725
1720521297,Stephens,Mackenzie,,,I,709 Main St,,Poughkeepsie,NY,36,12601,1,"Metropolitan area core: primary flow within an urbanized area of 50,000 and greater",US,Pharmacist,T,12,12,1967.62,12,12,*,,,,,*,,,12,1967.62,,0,0,,0,0,*,,,*,,,*,,,"#",,,0,0,0,0,0,0,0,0,0,,0,0,0,*,,,*,,70,,,,,,,12,0,0,0,0,0,,,0.68879166666667
1730107574,Mullen,Michael,P,MD,I,5 E 98th St,,New York,NY,36,10029,1,"Metropolitan area core: primary flow within an urbanized area of 50,000 and greater",US,Infectious Disease,S,7570,9019.4333333333,5645678.77,262661,187,,4105,5213.3,3230811.37,153062,,124,,3578,5373587.31,,3931,268634.65,,61,3456.81,,1694,1568749.47,,5876,4076929.3,,2950,1942271.6,,4620,3703407.17,35,1025.81,834,,0.46235138705416,,,,,,148,8736.21,42,,19,1787,*,,65.882352941176,63,104,,,26,161,131,26,,21,0,,48,139,1.4706971014672
1730114620,Rothberger,Alan,H,M.D.,I,825 Ocean Pkwy,Apt Bb,Brooklyn,NY,36,11230,1,"Metropolitan area core: primary flow within an urbanized area of 50,000 and greater",US,Internal Medicine,S,7521,12097.7,359152.24,354727,448,,7400,11928.7,355389.48,349848,"#",,,1165,225469.55,,6299,130208.19,,57,3474.5,,846,25302.55,,6675,333849.69,,2311,103546.67,,5210,255605.57,51,2364.13,1452,11,0.67810131631432,,,,,,178,6493.43,105,,51,773.03,*,,76.792410714286,,,,,247,201,416,,,,0,19,67,381,1.147060835742
1730135963,Silcoff,Howard,,M.D.,I,5 Evergreen Street,,Dryden,NY,36,13053,2,"Metropolitan area high commuting: primary flow 30% or more to a urbanized area of 50,000 and greater",US,Family Practice,S,5794,11016.6,622719.15,318282,355,,4562,9421.5333333333,509046.87,273715,,308,,991,421329.62,,4747,198986.6,,56,2402.93,,1947,200634.42,,3847,422084.73,,1990,237452.38,,3804,385266.77,377,77154.55,10153,46,6.5067311011391,169,62960.75,4820,17,44.827586206897,64,707.31,50,,18,6062.96,*,,73.07323943662,47,160,86,62,188,167,332,,,,,,63,292,1.0277855601974
1730145343,Collins,Richard,L,MD,I,295 Essjay Rd,,Williamsville,NY,36,14221,1,"Metropolitan area core: primary flow within an urbanized area of 50,000 and greater",US,Internal Medicine,S,7037,15425.733333333,520538.66,454529,570,,6848,15045.333333333,497872.84,443304,,556,,900,377320.88,,6082,140996.09,,55,2221.69,,5136,371798.98,,1901,148739.68,,475,42314.9,,6562,478223.76,58,1079.22,1655,16,0.82421486428876,,,,,,157,3748.15,116,*,,,*,,76.385964912281,14,235,221,100,276,294,521,23,,,0,19,28,542,1.0801124589299
1730151507,Tallim,Gibran,,M.D.,I,1801 Black River Blvd N,,Rome,NY,36,13440,4,"Micropolitan area core: primary flow within an urban cluster of 10,000 to 49,999",US,Family Practice,S,5378,9955.1666666667,382147.92,292484,388,,4815,9097.3333333333,355896.74,267464,,339,,913,295172.09,,4434,85555.34,,31,1420.49,,2888,180865.1,,2490,201282.82,,1588,141556.55,,3790,240591.37,32,185.18,297,16,0.59501673484567,0,0,0,0,0,38,251.64,34,*,,,*,,72.523195876289,49,184,114,41,206,182,345,11,,,,24,81,307,1.0994824212717
1730165457,Glowacki,Michael,J,MD,I,3922 Fennell St,,Skaneateles,NY,36,13152,7.1,"Secondary flow 30% to <50% to a urbanized area of 50,000 and greater",US,Family Practice,S,5604,11044.233333333,509391.52,315563,413,,5169,10451.866666667,462688.88,299946,,387,,745,322083.94,,4842,186536.29,,17,771.29,,2548,175655.21,,3056,333736.31,,862,75509.57,,4742,433881.95,234,8417.56,5463,51,4.1755888650964,14,636.6,410,,5.982905982906,241,4808.52,131,*,,,*,,73.951573849879,26,189,147,51,180,233,387,0,,,0,22,39,374,0.96451138843541
1730181611,Hecker,Lawrence,P,M.D.,I,241 E 86th St,Suite 2d,New York,NY,36,10028,1,"Metropolitan area core: primary flow within an urbanized area of 50,000 and greater",US,Cardiology,S,5620,10260.766666667,310404.34,304807,568,,5452,10047.566666667,303316.43,298595,,547,"#",,,,4607,103214.12,*,,,,1881,110713.66,,3739,199690.68,,688,60163.85,,4932,250240.49,,,,,,,,,,,52,886.01,43,*,,,*,,75.545774647887,21,252,211,84,297,271,422,68,14,38,0,26,61,507,1.2084108487875
1730187196,Kinkhabwala,Rajiv,V,MD,I,317 E 34th St,,New York,NY,36,10016,1,"Metropolitan area core: primary flow within an urbanized area of 50,000 and greater",US,Internal Medicine,S,1209,2586.0666666667,48912.87,76085,145,,1166,2511.0666666667,47584.65,73864,"#",,,175,23719.37,,1034,25193.5,,0,0,,178,8015.8,,1031,40897.07,,63,5101.37,,1146,43811.5,,,,,,,,,,,16,177.01,12,*,,,*,,74.668965517241,,,,,65,80,108,,15,,0,,,,0.92535632183908
1730190828,Framm,Stuart,R,M.D.,I,5141 Broadway,Rm. 3-005,New York,NY,36,10034,1,"Metropolitan area core: primary flow within an urbanized area of 50,000 and greater",US,Internal Medicine,S,4902,7816.6,407983.7,226918,288,,4420,7053,362730.94,205485,,268,,951,310950.97,,3855,93137.95,,96,3894.78,,1885,174925.1,,3017,233058.6,,3490,318382.59,,1412,89601.11,85,1410.43,2038,19,1.733986128111,0,0,0,0,0,87,722.8,48,,14,149.07,*,,75.493055555556,20,114,105,49,183,105,125,47,,103,,11,146,142,1.4829763940493
1730191297,Lavender,Marc,S,M.D.,I,809 E Ridge Rd,,Rochester,NY,36,14621,1,"Metropolitan area core: primary flow within an urbanized area of 50,000 and greater",US,Internal Medicine,S,4425,6458.4,333947.79,183694,283,,2287,3685.5333333333,165570.97,107206,,181,,627,228919.32,,3703,101723.63,,95,3304.84,,2134,139938.33,,2291,194009.46,,2969,263712.5,,1456,70235.29,305,17199.6,8189,44,6.8926553672316,78,7733.39,2249,11,25.573770491803,53,402.75,25,,14,294.06,*,,65.494699646643,102,114,48,19,174,109,201,45,,26,,,124,159,1.3471689676124
1730204140,Gasparino,Joseph,,M.D.,I,2400 S Clinton Ave,"Building H, Suite 230",Rochester,NY,36,14618,1,"Metropolitan area core: primary flow within an urbanized area of 50,000 and greater",US,Internal Medicine,S,11541,22864.633333333,696674.45,665713,982,,10380,21040.7,645517.65,613226,,907,,1477,433442.53,,9965,258692.57,,99,4539.35,,8798,522733.01,,2743,173941.44,,2022,167802.34,,9519,528872.11,210,15948.59,5677,55,1.8195996880686,41,9145.08,1164,11,19.52380952381,355,29744.5,210,,40,2153.64,*,,74.391038696538,75,443,319,145,539,443,858,61,,19,,39,85,897,1.0389546613153
1730261421,Bhatt,Jimmy,H,MD,I,342 Route 202,Care Mount Medical Pc,Somers,NY,36,10589,1,"Metropolitan area core: primary flow within an urbanized area of 50,000 and greater",US,Internal Medicine,S,6803,14242.833333333,424070.83,417202,582,,6603,13950.833333333,413957.21,408794,,568,,987,273680.56,,5802,149839.65,,14,550.62,,1335,88326.06,,5468,335744.77,,446,27766.78,,6357,396304.05,42,547.77,821,18,0.61737468763781,,,,,,188,3145.13,141,*,,,*,,77.128865979381,14,224,213,131,309,273,530,,12,12,,22,27,555,1.1018606240095
1730280348,Fogel,Joyce,F,MD,I,275 8th Ave,,New York,NY,36,10011,1,"Metropolitan area core: primary flow within an urbanized area of 50,000 and greater",US,Internal Medicine,S,2469,5273.4,157531.12,155033,320,,2469,5273.4,157531.12,155033,,320,,480,100950.66,,1976,55910.02,,13,670.44,,810,54678.07,,1659,102853.05,,750,46910.16,,1719,110620.96,18,705.42,434,12,0.72904009720535,,,,,,37,819.59,28,,24,432.86,*,,81.475,0,76,113,131,236,84,233,29,,44,0,,75,245,1.3726165068947
1730284308,Chan,Chun-Kit,,D.O.,I,2 Mott St Rm 305,,New York,NY,36,10013,1,"Metropolitan area core: primary flow within an urbanized area of 50,000 and greater",US,Internal Medicine,S,8398,12236.433333333,950734.64,360585,380,,8009,11781.433333333,925590.14,347296,,365,,1834,761354.3,,6502,187168.87,,62,2211.47,,6830,795569.88,,1568,155164.76,,7941,907899.66,,457,42834.98,,,,,,,,,,,72,465.51,57,,25,289.02,*,,71.076315789474,15,279,56,30,173,207,,0,366,,0,,339,41,1.0464028323218
1730295155,Dhanoa,Pardeep,P,DO,I,1026 Union Rd,,West Seneca,NY,36,14224,1,"Metropolitan area core: primary flow within an urbanized area of 50,000 and greater",US,Family Practice,S,4837,10382.366666667,334970.9,301755,461,,3860,8665.5333333333,252856.23,252586,,381,,687,233700.99,,4094,98320.18,,56,2949.73,,3733,256074.78,,1104,78896.12,,1669,130882.63,,3168,204088.27,166,4376.17,4655,44,3.4318792640066,20,858.72,520,,12.048192771084,116,928.74,88,*,,,*,,71.592190889371,80,201,130,50,220,241,413,16,,,0,17,103,358,1.2527900810418
1730362195,Sparks,Elizabeth,,,I,18 E Genesee St,,Baldwinsville,NY,36,13027,1,"Metropolitan area core: primary flow within an urbanized area of 50,000 and greater",US,Pharmacist,T,16,16,2493.56,16,15,"#",,,,,"#",,,16,2493.56,,0,0,,0,0,*,,,"#",,,*,,,"#",,,0,0,0,0,0,0,0,0,0,,0,0,0,*,,,*,,70,,,,,,,13,0,0,,0,,,,0.73646666666667
1730442211,Abernathy,Veronica,,M.D.,I,1276 Fulton Ave,,Bronx,NY,36,10456,1,"Metropolitan area core: primary flow within an urbanized area of 50,000 and greater",US,Family Practice,S,4381,10121.866666667,208734.2,291267,853,,3915,9174.4666666667,182310.7,265066,,745,,837,128328.59,,3503,79674.43,,41,731.18,,4300,203073.81,,81,5660.39,,1250,60628.41,,3131,148105.79,369,7545.73,7416,94,8.4227345354942,33,1426.8,948,,8.9430894308943,97,1355.29,87,,0,0,,0,71.866354044549,108,429,245,71,576,277,480,156,21,185,,,206,647,1.2939665382938
1730493305,Lee,Shuk Ying,V,NP,I,13626 37th Ave,,Flushing,NY,36,11354,1,"Metropolitan area core: primary flow within an urbanized area of 50,000 and greater",US,Nurse Practitioner,S,1253,2034.0666666667,68227.22,60031,113,,1183,1895.0666666667,58640.7,55925,"#",,"#",,,,1105,22666.73,*,,,,906,46703.45,,347,21523.77,,1187,65484.37,,66,2742.85,,,,,,,,,,,,,,,0,0,*,,71.610619469027,,,,,59,54,,0,106,,0,,,,1.0588002538879
1740204445,Salik,James,,MD,I,232 E 30th St,,New York,NY,36,10016,1,"Metropolitan area core: primary flow within an urbanized area of 50,000 and greater",US,Gastroenterology,S,3292,6042.0666666667,519496.41,172563,386,,3214,5945.4666666667,460305.91,169938,"#",,"#",,,,2498,95297.5,*,,,,442,53505.48,,2850,465990.93,,273,36352.09,,3019,483144.32,32,660.46,714,,0.97205346294046,0,0,0,,0,106,9499.51,69,,0,0,*,,75.00518134715,,,,,223,163,342,,,,0,21,14,372,0.97343998187181
1740211515,Stevens,Arthur,L,M.D.,I,1201 Nott St,Suite 102,Schenectady,NY,36,12308,1,"Metropolitan area core: primary flow within an urbanized area of 50,000 and greater",US,Internal Medicine,S,19780,30643.733333333,1263418.89,892461,1119,,14844,25166.333333333,963770.87,737075,,871,,2849,886685.82,,16744,364408.94,,187,12324.13,,9115,622921.93,,10665,640496.96,,7998,478526.56,,11782,784892.33,424,22754.26,10603,84,2.1435793731041,85,15181.07,2451,,20.047169811321,263,3316.88,153,,67,1847.73,*,,70.806970509383,248,392,300,179,598,521,1034,30,,15,,34,343,776,1.1100549923203
1740228519,Lee,Hwasun,,MD,I,8615 Queens Blvd,,Elmhurst,NY,36,11373,1,"Metropolitan area core: primary flow within an urbanized area of 50,000 and greater",US,Internal Medicine,S,10704,20940.433333333,922509.33,619047,799,,10073,20026.5,833804.41,592904,,745,,1907,676994.42,,8632,238610.85,,165,6904.06,,7641,589215.47,,3063,333293.86,,3123,310752.23,,7581,611757.1,206,5270.89,5534,46,1.924514200299,,,,,,57,680.69,49,,16,516.98,*,,74.956195244055,54,363,262,120,494,305,270,183,113,185,,,177,622,1.2469703516411
1740234160,Fruchter,Alexander,,MD,I,"450 East Main St #4",,Middletown,NY,36,10940,1,"Metropolitan area core: primary flow within an urbanized area of 50,000 and greater",US,Internal Medicine,S,13202,30550.266666667,1522670.92,893294,697,,11965,28278.966666667,1330373.81,828826,,648,,2299,1057051.71,,10802,460663.57,,101,4955.64,,1320,157334.33,,11882,1365336.59,,2097,270743.58,,11105,1251927.34,219,14163.46,5878,47,1.6588395697622,32,5564.42,960,,14.611872146119,622,35781.03,274,,41,1095.04,,15,75.334289813486,49,284,257,107,384,313,603,25,,34,,27,80,617,1.2889286054322
1538587563,Laporta,Jennifer,A,M.D.,I,90 S Bedford Rd,,Mount Kisco,NY,36,10549,1,"Metropolitan area core: primary flow within an urbanized area of 50,000 and greater",US,Family Practice,S,555,1092.1,35755.87,29871,113,,442,860.96666666667,29613.76,23440,,95,"#",,,,440,9530.17,*,,,,91,4378.88,,464,31376.99,,199,14711.01,,356,21044.86,,,,,,,,,,,37,432.2,33,,0,0,,0,71.628318584071,18,54,,,92,21,86,15,0,,0,,24,89,1.0816203735533
1548218621,Glick,Jeffrey,,MD,I,117 E 65th St,,New York,NY,36,10021,1,"Metropolitan area core: primary flow within an urbanized area of 50,000 and greater",US,Internal Medicine,S,2931,5059.9,626664.54,147457,259,,2727,4839.9,466128.19,140961,"#",,"#",,,,2236,72651.92,*,,,,148,28246.72,,2783,598417.82,,188,78548.95,,2743,548115.59,19,120.92,273,,0.64824292050495,0,0,0,,0,96,2410.48,51,*,,,*,,72.972972972973,,,,,144,115,223,14,,,0,18,,,0.95511481535751
1548219041,Maung,Maung,,MD,I,13620 38th Ave Fl 4,Suite Cfc,Flushing,NY,36,11354,1,"Metropolitan area core: primary flow within an urbanized area of 50,000 and greater",US,Internal Medicine,S,9933,12640.766666667,622460.26,366625,340,,9618,12253.766666667,584932.74,355424,,328,,1787,448910.37,,7922,165340.19,,224,8209.7,,8178,521718.92,,1755,100741.34,,8957,545321.65,,976,77138.61,0,0,0,0,0,0,0,0,0,,179,1530.74,115,,0,0,,0,71.755882352941,12,239,66,23,171,169,,20,283,,0,18,261,79,1.1594001245406
1548220775,Barcomb,Alan,J,MD,I,41 Main St,,Oakfield,NY,36,14125,5,"Micropolitan high commuting: primary flow 30% or more to a urban cluster of 10,000 to 49,999",US,Family Practice,S,12311,25503.133333333,1211581.32,744884,644,,10528,22806.766666667,1061847.24,668354,,580,,2167,943227.25,,10005,261898.58,,139,6455.49,,7921,717794.43,,4390,493786.89,,2602,303317.59,,9709,908263.73,364,45111.59,10461,80,2.9567053854277,69,23783.17,2228,11,18.956043956044,295,3135.42,170,,37,2398.67,*,,73.181677018634,64,286,218,76,338,306,611,,0,,,21,77,567,1.1311369870422
1548226095,Faustino,Francis,L,MD,I,536 Mineola Avenue,,Carle Place,NY,36,11514,1,"Metropolitan area core: primary flow within an urbanized area of 50,000 and greater",US,Family Practice,S,2703,6244.2666666667,213946.63,183354,297,,2455,5686.6666666667,188187.61,166823,,275,,445,147483.88,,2245,65883.56,,13,579.19,,776,47803.13,,1927,166143.5,,277,23180.77,,2426,190765.86,17,254.21,173,,0.62893081761006,0,0,0,,0,74,678.17,54,,22,613.18,*,,73.090909090909,22,162,77,36,147,150,247,16,,16,0,,32,265,1.1234967944575
1548227465,Silverman,Mark,A,MD,I,7010 Austin St,Suite 101,Forest Hills,NY,36,11375,1,"Metropolitan area core: primary flow within an urbanized area of 50,000 and greater",US,Gastroenterology,S,1697,3103,119586.51,89896,193,,1553,2833,94583.69,82102,,179,,311,82162.06,,1374,37150.85,,12,273.6,,438,27283.33,,1259,92303.18,,132,11518.77,,1565,108067.74,0,0,0,0,0,0,0,0,0,,42,990.75,30,,0,0,,0,72.59585492228,14,110,50,19,104,89,137,17,11,17,0,11,17,176,0.96794905008636
1548227937,Walters,Lisa,A,DO,I,3051 Long Beach Rd,Suite 6,Oceanside,NY,36,11572,1,"Metropolitan area core: primary flow within an urbanized area of 50,000 and greater",US,Internal Medicine,S,2424,4859.1333333333,180645.09,141955,256,,2241,4566.4666666667,169515.64,133610,,242,"#",,,,2006,55241.91,*,,,,84,3544.65,,2340,177100.44,,195,15204.1,,2229,165440.99,,,,,,,,,,,73,1620.3,48,*,,,*,,74.71875,14,129,76,37,208,48,230,,,,0,16,11,245,1.0997729874261
1548240278,Legrett,Jeffrey,,M.D.,I,77 Nelson St,Suite 310,Auburn,NY,36,13021,4,"Micropolitan area core: primary flow within an urban cluster of 10,000 to 49,999",US,Internal Medicine,S,16061,27146.466666667,1051245.58,750559,912,,14446,24723.266666667,955168.65,680690,,831,,2221,749971.1,,13765,296985.2,,75,4289.28,,6314,398655.25,,9747,652590.33,,5873,368984.11,,10188,682261.47,578,23731.72,15894,130,3.5987796525746,45,5020.58,1335,,7.7854671280277,379,6906.41,203,,103,2334.67,,16,75.311403508772,81,374,278,179,497,415,876,,,,,25,185,727,1.2257882407759
1548242290,Evans,Robert,L,D.O.,I,3 Irongate Center,,Glens Falls,NY,36,12801,1,"Metropolitan area core: primary flow within an urbanized area of 50,000 and greater",US,Family Practice,S,5438,9381.5333333333,327272.84,267827,521,,4460,8060.1,282565.18,230920,,441,,811,213968.27,,4574,110568.84,,53,2735.73,,3065,189944.48,,2373,137328.36,,1666,95446.4,,3772,231826.44,272,5896.46,6958,68,5.0018389113645,12,1217.96,360,,4.4117647058824,164,1732.76,105,,37,1654.82,*,,72.0556621881,80,239,133,69,302,219,510,,0,,0,,99,422,1.1069271024433
1548247752,Reddy,Lokesh,G,MD,I,688 White Plains Rd Ste 221,,Scarsdale,NY,36,10583,1,"Metropolitan area core: primary flow within an urbanized area of 50,000 and greater",US,Internal Medicine,S,2654,5941.0333333333,239981.41,173881,291,,2616,5861.0333333333,236911.22,171573,"#",,,511,181128.16,,2109,56463.89,,34,2389.36,,592,41375.2,,2062,198606.21,,375,32675.77,,2279,207305.64,60,2311.84,1563,15,2.2607385079126,14,1287.65,420,,23.333333333333,58,441.3,51,,17,775.67,*,,76.604810996564,,,,,161,130,241,19,12,,,11,18,273,0.99369561817544
1548250590,Fried,Steven,M,M.D.,I,8 Barstow Rd,Suite 1a,Great Neck,NY,36,11021,1,"Metropolitan area core: primary flow within an urbanized area of 50,000 and greater",US,Internal Medicine,S,2637,5204.8,243713.27,150670,161,,2432,4878.6666666667,225664.44,141316,"#",,,538,174671.71,,2076,68202.17,,23,839.39,,61,4635.84,,2576,239077.43,,442,50696.96,,2195,193016.31,33,2702.15,585,,1.2514220705347,0,0,0,,0,105,1977.68,51,*,,,*,,76.732919254658,,,,,96,65,128,17,,,0,,20,141,1.2508088559411
1548266695,Press,Rebecca,,M.D.,I,635 Madison Ave,Fl 8,New York,NY,36,10022,1,"Metropolitan area core: primary flow within an urbanized area of 50,000 and greater",US,Internal Medicine,S,3016,5432.1,197157.11,156044,275,,3003,5415.1,197070.35,155534,"#",,,493,130061.91,,2523,67095.2,,0,0,,287,8212.89,,2729,188944.22,,49,1518.66,,2967,195638.45,26,460.29,506,14,0.86206896551724,0,0,0,0,0,171,2652.36,96,,0,0,*,,74.930909090909,,,,,203,72,239,,,,0,20,,,0.82883636363636
1548275910,Yoviene,Joel,,MD,I,100 Memorial Dr,,Gowanda,NY,36,14070,7,"Small town core: primary flow within an urban cluster of 2,500 to 9,999",US,Internal Medicine,S,11005,12550.4,696132.78,360296,397,,4394,5455.3666666667,296789.05,157611,,182,,1458,414359.84,,9420,277948.02,,127,3824.92,,1383,82773.33,,9622,613359.45,,9595,613925.19,,1410,82207.59,84,3179.02,2381,18,0.76328941390277,14,2312.78,420,,16.666666666667,124,1703.62,64,,234,46809.39,,20,62.851385390428,215,101,60,21,166,231,351,21,,11,,,296,101,1.5398506082212
1548286438,Moehs,Charles,J,MD,I,200 Mullin St,"# 201",Watertown,NY,36,13601,1,"Metropolitan area core: primary flow within an urbanized area of 50,000 and greater",US,Family Practice,S,1139,1195.3333333333,121338.59,24185,339,,470,524.33333333333,61636.6,6138,,271,"#",,,,653,24246.81,*,,,,169,27466.01,,970,93872.58,,818,72138.12,,321,49200.47,0,0,0,0,0,0,0,0,0,,12,55.71,,,45,2464.46,*,,70.345132743363,68,145,100,26,197,142,320,,0,,0,12,102,237,0.96253269419862
1548296221,Dibble,Colleen,M,MD,I,624 Mcclellan St,Suite G02,Schenectady,NY,36,12304,1,"Metropolitan area core: primary flow within an urbanized area of 50,000 and greater",US,Internal Medicine,S,2897,5781.7666666667,271918.53,169310,240,,2243,4731.4,192650.76,138738,,195,,504,195081.87,,2368,74958.62,,25,1878.04,,1648,135567.5,,1249,136351.03,,1074,118475.78,,1823,153442.75,66,4864.42,2348,19,2.2782188470832,,,,,,44,457.33,35,*,,,*,,71.625,45,108,56,31,145,95,195,15,15,,,,67,173,1.4696854722022
1548303720,Choi,Shanna,H,M.D.,I,144 E 44th St,3rd Fl,New York,NY,36,10017,1,"Metropolitan area core: primary flow within an urbanized area of 50,000 and greater",US,Internal Medicine,S,5458,14228.3,209578.21,414553,697,,5262,13759.666666667,205542.52,400898,,666,,878,107199.27,,4539,100507.69,,41,1871.25,,5426,208948.64,,32,629.57,,567,31114.18,,4891,178464.03,249,5559.04,4366,73,4.5621106632466,12,1430.72,360,,4.8192771084337,155,1927.6,127,*,,,*,,75.251076040172,31,321,242,103,481,216,513,27,70,62,0,25,74,623,1.1398077151602
1548338510,Riegelhaupt,Elliot,J,M.D..,I,755 Park Ave,,New York,NY,36,10021,1,"Metropolitan area core: primary flow within an urbanized area of 50,000 and greater",US,Internal Medicine,S,1780,3299.9,147696.71,97540,117,,1743,3260.9,147527.62,96370,"#",,,365,112451.89,,1415,35244.82,,0,0,,82,3531.08,,1698,144165.63,,184,10013.57,,1596,137683.14,,,,,,,,,,,13,107.68,11,,0,0,*,,77.615384615385,,,,,69,48,104,,,,0,0,,,1.0700106837607
1548383441,Bluestine,Steven,J,M.D.,I,19 W 34th St,Suite Ph,New York,NY,36,10001,1,"Metropolitan area core: primary flow within an urbanized area of 50,000 and greater",US,Psychiatry & Neurology,T,515,682,34900.86,19584,58,,387,546,24560.7,15533,"#",,,64,22133.08,,451,12767.78,,0,0,,76,5930.7,,439,28970.16,,127,12285.99,,388,22614.87,0,0,0,0,0,0,0,0,0,,0,0,0,,16,2334.94,*,,71.448275862069,,,,,39,19,51,,,0,0,,,,0.91022126436782
1548391683,Teng,Susanna,,MD,I,154 W 71st St,,New York,NY,36,10023,1,"Metropolitan area core: primary flow within an urbanized area of 50,000 and greater",US,Internal Medicine,S,6836,11931.633333333,440154.24,348476,438,,6339,11178.933333333,372990.08,327314,,396,,979,277701.89,,5731,157288.34,,126,5164.01,,5318,324403.83,,1518,115750.41,,1766,155238.31,,5070,284915.93,56,2809.13,1492,12,0.81919251023991,0,0,0,0,0,83,794.34,53,,17,289.03,*,,73.62100456621,42,201,138,57,342,96,108,220,16,83,0,11,92,346,1.1421370222791
1548503873,Schlagman,Megan,M,MD,I,2400 S Clinton Ave,"Bldg H, Ste 210",Rochester,NY,36,14618,1,"Metropolitan area core: primary flow within an urbanized area of 50,000 and greater",US,Internal Medicine,S,1865,4160.1666666667,115820.47,122265,200,,1639,3791.3333333333,100657.09,111663,,171,,282,75023.92,,1570,40136.17,,13,660.38,,1479,93156.6,,386,22663.87,,393,27953.48,,1472,87866.99,76,5823.93,2049,18,4.0750670241287,23,4643.58,663,,30.263157894737,14,191.19,13,*,,,*,,71.88,29,99,54,18,166,34,146,33,,,0,13,37,163,1.0403520706691
1548530181,Rizzo,Mariano,A,M.D.,I,1288 Central Ave,,Far Rockaway,NY,36,11691,1,"Metropolitan area core: primary flow within an urbanized area of 50,000 and greater",US,Internal Medicine,S,1982,3536.6,116845.01,99669,315,,1786,3296.1333333333,112271.65,93072,,286,,332,85752.84,,1612,29511.54,,38,1580.63,,862,53150.66,,1120,63694.35,,918,56936.62,,1064,59908.39,12,167.09,149,,0.60544904137235,,,,,,110,1963.16,77,*,,,*,,74.657142857143,29,133,97,56,170,145,183,57,,62,0,,120,195,1.4170031316022
1548540198,Heywood,Ann,J,NP,I,159 Margaret St,Suite 100,Plattsburgh,NY,36,12901,4,"Micropolitan area core: primary flow within an urban cluster of 10,000 to 49,999",US,Nurse Practitioner,S,5875,10215.6,593415.62,295888,393,,3266,6425.1666666667,342214.51,187417,,209,,1289,496051.94,,4496,93588.39,,90,3775.29,,1839,156894.91,,4036,436520.71,,4099,423119.63,,1776,170295.99,102,1128.66,2187,42,1.736170212766,,,,,,42,325.8,37,,26,1674.17,*,,63.007633587786,184,139,57,13,247,146,373,,0,,,,275,118,1.4261878240979
1548569031,Kremer,Ashley,D,,I,705 Maple Rd,,Williamsville,NY,36,14221,1,"Metropolitan area core: primary flow within an urbanized area of 50,000 and greater",US,Family Practice,S,4478,8430.4,316045.49,246424,382,,3672,7253.5,264184.91,213096,,329,,657,235055.89,,3802,80068.58,,19,921.02,,2930,177508.18,,1548,138537.31,,1341,76520.87,,3137,239524.62,117,3379.81,3320,25,2.6127735596248,0,0,0,0,0,64,578.66,45,*,,,*,,72.811518324607,53,169,107,53,258,124,320,36,,,0,,74,308,1.0634147033159
1548594013,Voigt,Breanna,N,RPA-C,I,3680 Eggert Rd,,Orchard Park,NY,36,14127,1,"Metropolitan area core: primary flow within an urbanized area of 50,000 and greater",US,Physician Assistant,S,1579,3319.3333333333,129755.21,95910,276,,1440,3016.3333333333,124231.81,87218,,247,"#",,,,1332,26779.58,*,,,,1214,96150.08,,365,33605.13,,166,11632.15,,1413,118123.06,55,1309.9,1414,19,3.4832172260925,,,,,,63,640.68,54,*,,,*,,72.391304347826,29,145,72,30,193,83,267,0,0,,0,,30,246,1.062905897946
1548671886,Donnelly,Ryan,M,DO,I,6356 Nys Route 30,,Indian Lake,NY,36,12842,10,"Rural areas: primary flow to a tract outside a urbanized area of 50,000 and greater or UC",US,Family Practice,S,3388,6838.2333333333,295551.2,199217,469,,2520,5525.5,208653.07,162181,,353,,546,212705.2,,2819,81371.9,,23,1474.1,,1476,132755.94,,1912,162795.26,,1287,103334.08,,2101,192217.12,168,5280.91,4517,57,4.9586776859504,25,1958.39,732,,14.880952380952,55,684.95,47,,16,799.15,*,,69.825159914712,116,199,111,43,267,202,440,,,14,0,,138,331,1.0954680102807
1558308627,Barnes,Julie,A,NP,I,5 College Ave,Windsor Family Care Center,Windsor,NY,36,13754,2,"Metropolitan area high commuting: primary flow 30% or more to a urbanized area of 50,000 and greater",US,Nurse Practitioner,S,3336,7344.3666666667,219581.46,214746,489,,2816,6402.9666666667,180924.03,187477,,401,,488,155299.98,,2815,62525.52,,33,1755.96,,1395,90204.69,,1941,129376.77,,1060,92968.74,,2276,126612.72,74,2170.15,1806,26,2.2182254196643,11,765.93,306,,14.864864864865,90,1073.54,73,*,,,*,,71.047034764826,88,230,123,48,303,186,471,,0,,,,136,353,1.0809908439965
1558314831,Sarkissian,Edmond,,MD,I,260 W Sunrise Hwy,Suite 200,Valley Stream,NY,36,11581,1,"Metropolitan area core: primary flow within an urbanized area of 50,000 and greater",US,Internal Medicine,S,11313,26661.6,924709.55,791181,869,,10679,25293.333333333,842469.02,750961,,815,,1667,586128.11,,9483,332387.67,,163,6193.77,,8226,699895.03,,3087,224814.52,,1898,218452.66,,9415,706256.89,37,657.21,751,12,0.32705736763016,,,,,,67,657.88,57,,11,203.38,*,,75.085155350978,54,385,293,137,516,353,231,522,38,43,,,112,757,1.3131702253972
1558346049,Robinson,Donald,W,MD,I,3969 Legion Dr,,Hamburg,NY,36,14075,1,"Metropolitan area core: primary flow within an urbanized area of 50,000 and greater",US,Family Practice,S,9171,19777.633333333,634767.09,579871,695,,8435,18605.633333333,580123.51,546101,,640,,1334,448873.83,,7791,183921.67,,46,1971.59,,7049,463054.09,,2122,171713,,1205,94820.95,,7966,539946.14,268,18383.9,7346,75,2.9222549340312,11,13363.12,727,,4.1044776119403,195,2004.87,124,*,,,*,,74.105035971223,55,315,237,88,348,347,664,,,,0,18,54,641,1.106784814246
1558352740,Faller,Jason,,M.D.,I,333 W 57th St,Suite 104,New York,NY,36,10019,1,"Metropolitan area core: primary flow within an urbanized area of 50,000 and greater",US,Rheumatology,S,2291,3974.8333333333,1320036.93,115681,179,,2032,3624.6333333333,1080202.46,105312,"#",,"#",,,,1691,156838.78,*,,,,397,287096.1,,1894,1032940.83,,351,410362.09,,1940,909674.84,67,69889.9,1997,11,2.9244871235268,,,,,,58,1428.46,35,*,,,*,,74.36312849162,,,,,104,75,134,,,16,0,18,,,1.057010429744
1558354308,Prigollini,Alejandro,,M.D.,I,1090 Amsterdam Ave,4th Floor,New York,NY,36,10025,1,"Metropolitan area core: primary flow within an urbanized area of 50,000 and greater",US,Internal Medicine,S,5127,10323.533333333,506153.05,305132,329,,4630,9536.0666666667,441852.2,282254,,293,,1004,396818.94,,3872,92840.58,,251,16493.53,,4210,395404.82,,917,110748.23,,4367,430552.96,,760,75600.09,52,520.67,1173,21,1.0142383460113,0,0,0,0,0,27,287.56,14,,74,764.52,,20,74.884498480243,36,130,112,51,213,116,29,58,,239,,0,235,94,1.7161815600554
1558355107,Appel,Arthur,E,M.D.,I,119 Franklin Ave,,Pearl River,NY,36,10965,1,"Metropolitan area core: primary flow within an urbanized area of 50,000 and greater",US,Internal Medicine,S,6320,12238.766666667,468584.26,357596,335,,6165,11869.6,455831.07,346690,"#",,,1014,304470.1,,5275,162583.06,,31,1531.1,,527,42321.08,,5793,426263.18,,2366,149734.93,,3954,318849.33,79,1227.73,1196,25,1.25,,,,,,257,21009.3,109,,16,1517.04,*,,78.334328358209,,,,,202,133,306,,,,0,12,61,274,1.2926872157396
1558367409,Berland,Doris,G,M.D.,I,1615 Northern Blvd,,Manhasset,NY,36,11030,1,"Metropolitan area core: primary flow within an urbanized area of 50,000 and greater",US,Internal Medicine,S,5874,13750.7,436090.19,397859,641,,5745,13481.7,424665.78,390073,,624,,941,284127.96,,4918,151434.32,,15,527.91,,490,37734.69,,5384,398355.5,,237,23260.54,,5637,412829.65,32,439.72,450,17,0.54477357848144,,,,,,298,3797.38,210,,22,683.62,*,,75.959438377535,17,284,233,107,506,135,582,,,23,0,18,22,619,1.0982755460192
1558372086,Healey,Gregory,,MD,I,25 Park St,,Canton,NY,36,13617,7,"Small town core: primary flow within an urban cluster of 2,500 to 9,999",US,Family Practice,S,29567,48158.5,3278830.34,1332214,1128,,24805,40655.766666667,2634286.49,1119335,,967,,5815,2530353.24,,23574,740004.65,,178,8472.45,,8153,832724.38,,21414,2446105.96,,14318,1461182.35,,15249,1817647.99,1157,147836.17,30635,188,3.913146413231,187,74910.36,5750,30,16.162489196197,1093,29601.89,432,,265,22692.06,,43,73.744680851064,161,441,321,205,641,487,1091,,,,,23,301,827,1.1678602976133
1558374033,Melamedoff,Gustavo,R,M.D.,I,8708 Justice Ave,Suite C8,Elmhurst,NY,36,11373,1,"Metropolitan area core: primary flow within an urbanized area of 50,000 and greater",US,Internal Medicine,S,7955,15179.866666667,766245.8,435926,548,,7145,13888,677274.64,399764,,500,,1482,562941.01,,6224,190432.14,,249,12872.65,,6682,633356.99,,1273,132888.81,,5604,587211.57,,2351,179034.23,14,210.03,306,,0.1759899434318,,,,,,88,1236.95,57,,25,670.6,*,,74.025547445255,48,247,187,66,300,248,56,,,462,0,,328,220,1.2500246917696
1558397752,Yosha,Assaf,,M.D.,I,55 Barrett Dr,,Webster,NY,36,14580,1,"Metropolitan area core: primary flow within an urbanized area of 50,000 and greater",US,Family Practice,S,1454,3064.8666666667,106530.67,88879,142,,1182,2560.1333333333,74727.76,74746,,114,,248,77331.73,,1188,28479.96,,18,718.98,,1069,75990.15,,385,30540.52,,487,47665.51,,967,58865.16,21,79.35,436,,1.4442916093535,0,0,0,,0,19,314.66,12,*,,,*,,69.640845070423,28,66,36,12,76,66,108,,0,21,0,,30,112,0.9621132629108
1558420471,Pearlstein,Ellen,,M.D.,I,200 W 86th St,Suite 1i,New York,NY,36,10024,1,"Metropolitan area core: primary flow within an urbanized area of 50,000 and greater",US,Internal Medicine,S,1446,3449.8333333333,76269.82,100373,179,"#",,,,,"#",,"#",,,,1200,33125.93,*,,,,544,26521.9,,902,49747.92,,112,3600.75,,1334,72669.07,,,,,,,,,,,63,912.13,40,*,,,*,,73.268156424581,,,,,132,47,150,12,0,,0,,,,0.73642830540037
1558439281,Labarbera,Marianne,,MD,I,1776 Richmond Rd,,Staten Island,NY,36,10306,1,"Metropolitan area core: primary flow within an urbanized area of 50,000 and greater",US,Family Practice,S,2711,6414.5,248147.21,189788,214,,2474,5874.3666666667,213631.04,173716,,186,,473,187334.82,,2216,59399.4,,22,1412.99,,956,62201.33,,1755,185945.88,,969,92954.59,,1742,155192.62,23,842.03,734,,0.84839542604205,,,,,,44,3908.21,21,,0,0,,0,73.168224299065,28,85,71,30,161,53,167,16,,19,0,,56,158,1.3572743456159
1558445395,Kim,David,D,MD,I,67 Irving Place,5th Fl,New York,NY,36,10003,1,"Metropolitan area core: primary flow within an urbanized area of 50,000 and greater",US,Internal Medicine,S,1762,2777.8666666667,809866.06,80997,119,,1333,2272.8666666667,515254.33,66535,,103,"#",,,,1217,80633.1,*,,,,471,166263.01,,1291,643603.05,,672,470179.63,,1090,339686.43,,,,,,,,,,,35,1469.2,13,,0,0,,0,68.420168067227,16,82,,,,,87,11,,,0,,19,100,0.84201680672269
1558451450,Diaz,Maria,C,MD,I,Mmg - University Avenue,105 West 188th Street,Bronx,NY,36,10468,1,"Metropolitan area core: primary flow within an urbanized area of 50,000 and greater",US,Internal Medicine,S,23668,28656.366666667,1430935.75,830620,654,,19182,23490.7,1147814.37,682880,,525,,4143,1170879.4,,18893,224301.08,,632,35755.27,,20347,1226864.87,,3321,204070.88,,22299,1373039.66,,1369,57896.09,567,4813.11,15013,97,2.3956396822714,0,0,0,0,0,177,1679.54,124,,153,4179.7,,21,70.77370030581,129,295,177,53,493,161,20,37,23,570,,,563,91,1.3161551443637
1558455154,Baskin,David,,,I,185 West End Avenue,Suite 1m,New York,NY,36,10023,1,"Metropolitan area core: primary flow within an urbanized area of 50,000 and greater",US,Internal Medicine,S,6078,12859.9,463627.76,370538,744,,6026,12779.9,456090.5,368388,,731,,1151,319112.01,,4910,143581.38,,17,934.37,,1014,73747.47,,5064,389880.29,,526,47037.43,,5552,416590.33,115,5339.92,3029,44,1.8920697597894,27,1651.68,810,,23.478260869565,357,5734.35,217,,25,607.1,*,,77.568548387097,13,277,294,160,413,331,629,31,14,34,0,36,47,697,1.0361933344375
1558463455,Metz,Colleen,K,FNP,I,167 Sullys Trl Ste 100,,Pittsford,NY,36,14534,1,"Metropolitan area core: primary flow within an urbanized area of 50,000 and greater",US,Nurse Practitioner,S,3245,6292,154053.26,178748,612,,2827,5664.5,128692.76,161865,,535,"#",,,,2877,63725.02,*,,,,2538,115800.28,,707,38252.98,,577,31019.31,,2668,123033.95,58,4516.18,1523,26,1.7873651771957,,,,,,175,2342.51,145,,19,872.09,*,,71.524509803922,77,310,158,67,404,208,569,,,12,0,19,92,520,0.90998316206418
1558471334,Thompson,Robin,E,MD,I,200 West Carver St,,Huntington,NY,36,11743,1,"Metropolitan area core: primary flow within an urbanized area of 50,000 and greater",US,Internal Medicine,S,5858,14357.333333333,367019.56,421236,610,,5830,14299.333333333,366313.07,419547,"#",,,843,210665.85,,5001,155608.63,,14,745.08,,319,15844.34,,5539,351175.22,,71,7587.14,,5787,359432.42,42,652.48,1035,25,0.71696824854899,0,0,0,0,0,162,2131.18,116,,12,167.31,*,,77.008196721311,,,,,486,124,555,,,11,0,34,,,0.93757005553358
1558473629,Mirkinson,Susan,E,M.D.,I,1000 Northern Blvd,Suite 230,Great Neck,NY,36,11021,1,"Metropolitan area core: primary flow within an urbanized area of 50,000 and greater",US,Internal Medicine,S,2584,6340.3333333333,268095.02,185009,228,,2544,6230.3333333333,266154.6,181821,"#",,,578,195864.31,,1991,70867.55,,15,1363.16,,913,86933.77,,1671,181161.25,,247,18800.51,,2337,249294.51,31,1854.99,831,,1.1996904024768,,,,,,66,3072.66,48,*,,,*,,74.578947368421,,,,,170,58,163,30,13,11,0,11,12,216,0.99513866959064
1558500611,Liu,Anita,C,PA-C,I,2079 Forest Ave,,Staten Island,NY,36,10303,1,"Metropolitan area core: primary flow within an urbanized area of 50,000 and greater",US,Physician Assistant,S,1652,1931.6,185483.29,56202,245,,1583,1845.9333333333,173357.76,53663,,234,,432,154709.88,,1186,29302.07,,34,1471.34,,1255,131631.72,,397,53851.57,,1466,160258.53,,186,25224.76,0,0,0,0,0,0,0,0,0,,,,,,0,0,,0,75.440816326531,11,117,79,38,131,114,,,231,0,0,,207,38,1.4187431631986
1558522714,Parker,William,M,MD,I,100 Broad St,,Glens Falls,NY,36,12801,1,"Metropolitan area core: primary flow within an urbanized area of 50,000 and greater",US,Family Practice,S,14061,23254.033333333,1847707.39,666814,658,,6119,11383.6,819359.24,329460,,349,,3299,1556568.64,,10569,283439.25,,193,7699.5,,6448,775155.61,,7613,1072551.78,,10220,1444548.91,,3841,403158.48,678,65037.56,17288,124,4.8218476637508,98,31721.03,2723,15,14.454277286136,196,4824.57,141,,55,7964.14,,13,62.741641337386,309,216,100,33,364,294,624,,,,0,14,365,293,1.2005755332773
1558586099,Han,Jung-Ah,,MD,I,107 Northern Blvd Ste 303,,Great Neck,NY,36,11021,1,"Metropolitan area core: primary flow within an urbanized area of 50,000 and greater",US,Internal Medicine,S,4472,9540.0333333333,425829.65,279410,348,,4346,9324.9333333333,414715.82,272995,"#",,,868,324667.54,,3545,99830.09,,59,1332.02,,2745,245222.43,,1727,180607.22,,2806,289932.1,,1666,135897.55,13,258.25,261,,0.2906976744186,0,0,0,,0,41,357.11,30,*,,,*,,73.655172413793,,,,,193,155,,,296,0,0,45,143,205,0.85792911877395
1558650663,Moore,Jillian,G,M.D.,I,10 S Pointe Lndg,Suite 250,Rochester,NY,36,14606,1,"Metropolitan area core: primary flow within an urbanized area of 50,000 and greater",US,Family Practice,S,3485,6217.3,294905.75,176867,260,,2463,4662.4,157618.66,133712,,203,,541,221574,,2921,72558.26,,23,773.49,,2315,153450.71,,1170,141455.04,,1261,158001.5,,2224,136904.25,148,4674.35,3230,43,4.2467718794835,26,2060.6,736,,17.567567567568,101,1111.81,51,*,,,*,,68.676923076923,57,129,60,14,166,94,222,21,,,0,,62,198,1.1529723193768
1558659961,Riccobono,Brianna,,M.D.,I,1825 Eastchester Rd,,Bronx,NY,36,10461,1,"Metropolitan area core: primary flow within an urbanized area of 50,000 and greater",US,Internal Medicine,S,1330,2223.1,61767.32,64186,181,,1138,1962.2666666667,48873.76,56660,,152,"#",,,,1107,20411.11,*,,,,288,9482.71,,1042,52284.61,,370,23027.6,,960,38739.72,12,564.7,155,,0.90225563909774,,,,,,46,1085.78,34,,0,0,,0,72.39226519337,29,75,50,27,113,68,159,,,14,0,,43,138,1.2266938305709
1568406460,Rubel,Lance,,MD,I,1044 Northern Blvd,Ste 102,Roslyn,NY,36,11576,1,"Metropolitan area core: primary flow within an urbanized area of 50,000 and greater",US,Internal Medicine,S,2170,4938.9,235835.99,143722,271,,2026,4698.1666666667,211620.79,136846,,257,,375,167351.32,,1772,66277.64,,23,2207.03,,278,27686.24,,1892,208149.75,,365,74287.91,,1805,161548.08,47,439.95,968,18,2.1658986175115,0,0,0,0,0,51,860.07,39,*,,,*,,77.040590405904,14,94,104,59,134,137,218,21,,13,,14,28,243,2.2639062909369
1568413565,Che,Bi,H,MD,I,210 Canal St,Suiet 203,New York,NY,36,10013,1,"Metropolitan area core: primary flow within an urbanized area of 50,000 and greater",US,Internal Medicine,S,6159,10842.433333333,498854.02,319091,355,,5949,10550.633333333,481809.19,310599,,344,,1315,337131.12,,4793,160614.39,,51,1108.51,,5213,416198.76,,946,82655.26,,5532,452955.45,,627,45898.57,,,,,,,,,,,98,815.29,78,,0,0,,0,71.929577464789,11,251,80,13,246,109,,,337,,0,12,293,62,1.1152765258216
1568414126,Moss,Craig,N,MD,I,360 Washington Ave,,Kingston,NY,36,12401,1,"Metropolitan area core: primary flow within an urbanized area of 50,000 and greater",US,Geriatric Medicine,S,8390,16295.033333333,1048046.74,473335,689,,7743,15289.466666667,887248.15,445057,,588,,1459,836395.49,,6834,206612.65,,97,5038.6,,1931,303777.07,,6459,744269.67,,2116,358414.74,,6274,689632,164,5825.82,3673,71,1.9547079856973,,,,,,220,5872,152,,117,4381.82,,21,73.984034833091,101,237,230,121,407,282,632,22,,11,,14,159,530,1.4362230229886
1568422483,Migden,Hedy,,M.D.,I,407 Albany Shaker Rd Ste 100,,Loudonville,NY,36,12211,1,"Metropolitan area core: primary flow within an urbanized area of 50,000 and greater",US,Internal Medicine,S,5177,11365.333333333,559312.86,330847,511,,4204,9585.1,444374.67,279598,,441,,910,417353.53,,4229,140487.95,,38,1471.38,,2798,295792.62,,2379,263520.24,,1652,215139.68,,3525,344173.18,156,3911.22,4631,40,3.013328182345,,,,,,249,6783.59,132,,25,8309.73,*,,73.068493150685,70,213,148,80,376,135,449,34,,,0,15,91,420,1.1053923288534
1568427243,Chan,Alexander,C,M.D.,I,13-17 Elizabeth Street,Rm 409,New York,NY,36,10013,1,"Metropolitan area core: primary flow within an urbanized area of 50,000 and greater",US,Internal Medicine,S,17289,26989.833333333,1482952.1,778261,677,,16657,26115.7,1446874.26,753872,,647,,3556,1072560.48,,13571,403742.54,,162,6649.08,,11932,1007497.64,,5357,475454.46,,15055,1295523.62,,2234,187428.48,64,1360.27,1427,22,0.37017756955289,0,0,0,0,0,661,4128.26,343,,41,664.97,*,,74.555391432792,30,363,170,114,380,297,14,,628,,0,25,500,177,1.0812813116441
1568429330,Perna,Anthony,F,M.D.,I,1430 Colvin Blvd,,Tonawanda,NY,36,14223,1,"Metropolitan area core: primary flow within an urbanized area of 50,000 and greater",US,Internal Medicine,S,16896,32875.333333333,1546510.01,973431,1043,,16063,31501.333333333,1460830.76,933539,,989,,3160,1265254.97,,13547,272404.61,,189,8850.43,,11246,797923.69,,5650,748586.32,,1321,110002.35,,15575,1436507.66,58,969.56,1354,18,0.34327651515152,0,0,0,0,0,75,778.27,61,,19,375.98,*,,75.312559923298,54,465,345,179,531,512,989,11,,12,,30,64,979,1.1487858239184
1568435261,Marfatia,Ripple,M,M.D.,I,5596 Route 19a,,Castile,NY,36,14427,10,"Rural areas: primary flow to a tract outside a urbanized area of 50,000 and greater or UC",US,Internal Medicine,S,6472,10323.333333333,326057.63,302286,196,,5574,9240.9666666667,272426.49,270625,,175,,855,211038.22,,5584,112969.18,,33,2050.23,,3704,194977.75,,2768,131079.88,,1963,112321.51,,4509,213736.12,62,1486.79,1721,,0.95797280593325,,,,,,124,1136.27,62,,0,0,,0,73.408163265306,21,84,65,26,95,101,190,0,,,0,,38,158,1.1073822278912
1568440485,Edelson,David,G,MD,I,1000 Northern Blvd,Suite 230,Great Neck,NY,36,11021,1,"Metropolitan area core: primary flow within an urbanized area of 50,000 and greater",US,Internal Medicine,S,1966,3709.4,349686.98,107186,139,,1884,3557.4,336336.88,102889,"#",,"#",,,,1336,56931.06,*,,,,27,2157.07,,1939,347529.91,,19,3545.46,,1947,346141.52,36,2187.37,970,12,1.8311291963377,25,1794.88,744,,69.444444444444,70,10981.73,46,,16,203.07,*,,76.510791366906,,,,,92,47,127,,,,0,,,,1.1213741007194
1568441921,Blumenthal,Steven,J,MD,I,98 Woodchuck Hollow Rd,,Cold Spring Harbor,NY,36,11724,1,"Metropolitan area core: primary flow within an urbanized area of 50,000 and greater",US,Internal Medicine,S,13785,15596.766666667,2079689.4799999,110212,9585,,13243,14905.766666667,2013736.1499999,101206,,9253,,12870,2037794.8099999,,915,41894.67,,0,0,,1885,261813.42,,11900,1817876.0599999,,1050,159125.86,,12735,1920563.6199999,28,814.22,765,,0.20311933260791,0,0,0,,0,,,,,0,0,,0,73.884611371935,332,5231,3224,798,5400,4185,8323,,247,329,,483,617,8968,0.9252098788295
1568443521,Rehman,Khaula,,MD,I,161 Riverside Dr,Suite M 09,Binghamton,NY,36,13905,1,"Metropolitan area core: primary flow within an urbanized area of 50,000 and greater",US,Internal Medicine,S,6088,14015.666666667,479403.69,412367,660,,5399,12822.333333333,399528.88,377499,,590,,861,342796.66,,5170,132041.95,,57,4565.08,,2588,228068.35,,3500,251335.34,,1358,167143.74,,4730,312259.95,145,3373.82,4176,44,2.3817345597898,,,,,,126,2874.3,92,,12,190.14,*,,75.104545454545,70,238,215,137,387,273,615,20,,,0,15,120,540,1.1820889905647
1568456713,Inada,Victor,K,M.D.,I,150 Lafayette Street,6th Floor,New York,NY,36,10013,1,"Metropolitan area core: primary flow within an urbanized area of 50,000 and greater",US,Family Practice,S,1505,1853,736860,53556,97,,611,880.93333333333,230651.48,25455,,52,,629,702679.31,,857,33300.09,,19,880.6,,613,290047,,892,446813,,1072,506066.83,,433,230793.17,,,,,,,,,,,29,404.45,16,*,,,*,,62.783505154639,45,36,,,24,73,45,20,16,12,,,62,35,1.3914888650299
1568476158,North,James,,MD,I,100 Broad St,,Glens Falls,NY,36,12801,1,"Metropolitan area core: primary flow within an urbanized area of 50,000 and greater",US,Family Practice,S,10636,17495.033333333,1664083.47,507745,613,,6898,12457.833333333,1065739.48,364008,,367,,2542,1393578.76,,7990,265687.52,,104,4817.19,,5582,872649.08,,5054,791434.39,,6882,1106124.9,,3754,557958.57,378,56071.17,10259,101,3.5539676570139,95,24462.65,3039,16,25.132275132275,199,3948.2,128,,74,5566.66,,11,65.340946166395,246,206,116,45,329,284,571,,,17,0,11,354,259,1.3409058095891
1568491967,Hsu,Ricky,K,MD,I,352 7th Ave,Rm 1205,New York,NY,36,10001,1,"Metropolitan area core: primary flow within an urbanized area of 50,000 and greater",US,Internal Medicine,S,6895,7663.2,5282492.28,222350,141,,2608,3157.5666666667,1807899.54,91920,,75,,2929,4969833.57,,3944,312218.11,,22,440.6,,1916,1280009.5,,4979,4002482.78,,3789,3247751.23,,3106,2034741.05,81,1301.46,2346,12,1.1747643219724,,,,,,81,15860.89,37,*,,,*,,64.404255319149,66,56,,,,,94,17,,15,,11,49,92,1.844451536643
1568494755,Shallish,Neil,F,M.D.,I,209 W State St,,Ithaca,NY,36,14850,1,"Metropolitan area core: primary flow within an urbanized area of 50,000 and greater",US,Family Practice,S,6507,13347.7,493269.94,387747,514,,5745,12008.066666667,405852.07,348889,,461,,815,303461.67,,5641,187380.79,,51,2427.48,,2400,129079.23,,4107,364190.71,,1621,146422.53,,4886,346847.41,231,6767.36,4888,72,3.5500230520977,28,2490.1,826,,12.121212121212,131,2147.18,87,,38,1310.2,*,,72.190661478599,53,275,137,49,254,260,447,23,,,0,30,93,421,0.99530800051389
1568495323,Stepkovitch,Khatuna,,MD,I,1/2 Orange Street,Dr.Stepkovitch'S Ofice,Marcellus,NY,36,13108,1,"Metropolitan area core: primary flow within an urbanized area of 50,000 and greater",US,Internal Medicine,S,11452,19807.266666667,745025.8,558790,592,,10530,18240.433333333,680482.77,513692,,549,,1620,443681.57,,9785,299012.85,,47,2331.38,,4388,258694.06,,7064,486331.74,,3380,210860.42,,8072,534165.38,202,5382.8,5627,46,1.7638840377227,22,2274.71,660,,10.891089108911,482,10761.19,207,,226,12914.43,,46,75.863175675676,43,239,169,141,389,203,573,,,,0,14,110,482,1.1047024079676
1568495380,Rutkowski,Michael,D,MD.,I,104 Union Avenue,Suite 806-807,Syracuse,NY,36,13203,1,"Metropolitan area core: primary flow within an urbanized area of 50,000 and greater",US,Internal Medicine,S,10813,20298.766666667,809235.06,591149,799,,9986,19056.633333333,765768.52,555994,,735,,1604,547652.64,,9104,257649.75,,105,3932.67,,5122,355470.57,,5691,453764.49,,2661,186606.86,,8152,622628.2,290,21351.54,7157,68,2.681956903727,19,1763.12,570,,6.551724137931,319,7004.53,201,,42,880.65,*,,74.541927409262,64,349,271,115,488,311,725,33,,,,25,135,664,1.1328651475056
1568554079,Shahid,Muhammad,,M.D.,I,71 S Route 9w Ste 4,,West Haverstraw,NY,36,10993,1,"Metropolitan area core: primary flow within an urbanized area of 50,000 and greater",US,Internal Medicine,S,4372,6843.7666666667,274910.96,200141,272,,3434,5452.7666666667,220250.26,159686,,203,,711,209213.03,,3638,64599.6,,23,1098.33,,2008,107162.86,,2364,167748.1,,2948,212577.44,,1424,62333.52,0,0,0,0,0,0,0,0,0,,66,912.03,49,*,,,*,,70.878676470588,69,100,74,29,173,99,93,53,11,107,,,149,123,1.3778860004085
1568607919,Jang,Hangjun,,"M.D., PH.D.",I,13656 39th Ave,2nd Fl,Flushing,NY,36,11354,1,"Metropolitan area core: primary flow within an urbanized area of 50,000 and greater",US,Internal Medicine,S,31633,45202.866666667,6811305.37,1325914,750,,30683,43915.433333333,6496322.26,1288551,,722,,10942,5761508.8,,20082,1016695.9,,609,33100.67,,15514,2893673.24,,16119,3917632.13,,29868,6669947.8,,1765,141357.57,173,5167.47,4701,68,0.54689722757879,0,0,0,0,0,559,37438.22,272,,71,995.97,,16,74.814666666667,28,344,297,81,460,290,,,700,,0,38,642,108,1.3716905805827
1568738540,Hodges,Mark,H,M.D.,I,601 Elmwood Ave,Box Med,Rochester,NY,36,14642,1,"Metropolitan area core: primary flow within an urbanized area of 50,000 and greater",US,Internal Medicine,S,5835,11211.366666667,321763.05,325135,480,,5256,10408.6,296767.19,302129,,443,,705,205630.5,,5084,114322.64,,46,1809.91,,4322,206592.63,,1513,115170.42,,849,59154.57,,4986,262608.48,218,7787.17,5713,46,3.7360754070266,38,3730.51,1078,,17.43119266055,136,2106.95,80,*,,,*,,72.966666666667,37,252,143,48,314,166,413,34,,,0,25,34,446,1.0369052012833
1568750057,Coke,Tiffany,S,M.D.,I,234 E 149th St,Medicine,Bronx,NY,36,10451,1,"Metropolitan area core: primary flow within an urbanized area of 50,000 and greater",US,Geriatric Medicine,S,13810,18864.966666667,1033812.74,555449,598,"#",,,,,"#",,,2562,787147.43,,10566,209918.13,,682,36747.18,,11732,838310.21,,2078,195502.53,,12851,986134.43,,959,47678.31,42,142.51,914,27,0.30412744388125,0,0,0,0,0,37,306.03,36,*,,,*,,81.466555183946,,,,,412,186,,70,,510,0,,513,85,1.8971646779195
1568753978,Daly,Ian,T,M.D.,I,5700 W Genesee St,"Family Care Medical Group, Ste. 109n",Camillus,NY,36,13031,1,"Metropolitan area core: primary flow within an urbanized area of 50,000 and greater",US,Family Practice,S,5373,10357.433333333,323678.78,299206,546,,4880,9636.4666666667,298813.68,278893,,503,,811,221869.54,,4528,100759.22,,34,1050.02,,2715,152961.73,,2658,170717.05,,702,56814.46,,4671,266864.32,104,2862.22,2392,34,1.9356039456542,,,,,,159,2360.16,111,*,,,*,,74.434065934066,43,242,183,78,308,238,523,,,,,,37,509,1.1747913882648
1568756260,Delorme,Brian,,PHARM.D.,I,178 Vineyard Dr,,Rochester,NY,36,14616,1,"Metropolitan area core: primary flow within an urbanized area of 50,000 and greater",US,Pharmacist,T,26,26,3586.76,26,23,,26,26,3586.76,26,,23,,26,3586.76,,0,0,,0,0,*,,,"#",,,,0,0,,26,3586.76,0,0,0,0,0,0,0,0,0,,0,0,0,,0,0,,0,74.173913043478,0,12,,,,,22,,0,,0,0,0,23,0.63226086956522
1568875292,Patel,Avni,,,I,308 W Seneca St,,Manlius,NY,36,13104,1,"Metropolitan area core: primary flow within an urbanized area of 50,000 and greater",US,Family Practice,S,3583,5899.1,263959.3,171914,386,,2992,5004.7,203315.02,145857,,343,,563,193150.64,,2973,67658.24,,47,3150.42,,1702,114498.15,,1881,149461.15,,998,83641.28,,2585,180318.02,50,786.66,1132,20,1.3954786491767,0,0,0,0,0,62,1347.44,54,*,,,*,,72.626943005181,43,193,109,41,278,108,342,30,,,0,,60,326,1.1250792417018
1568901007,Tefft,Corissa,,PA,I,1001 W Fayette St,Suite 400,Syracuse,NY,36,13204,1,"Metropolitan area core: primary flow within an urbanized area of 50,000 and greater",US,Physician Assistant,S,2556,4608.6,154718.89,128890,410,,2189,4102.8,143856.32,114819,,381,"#",,,,2217,63121.64,*,,,,1218,61571.92,,1338,93146.97,,428,37144.97,,2128,117573.92,54,1389.94,1370,20,2.112676056338,,,,,,174,2280.95,132,,0,0,,0,74.229268292683,29,198,117,66,264,146,384,,,,0,14,37,373,1.0853822880442
1578507018,Blum,Conrad,B,M.D.,I,16 E 60th St,Suite 320,New York,NY,36,10022,1,"Metropolitan area core: primary flow within an urbanized area of 50,000 and greater",US,Internal Medicine,T,5139,10919,675493.4,322652,308,,5080,10860,668774.05,321017,"#",,,1368,562518.53,,3679,108498.3,,92,4476.57,,313,34648.14,,4826,640845.26,,106,18280.23,,5033,657213.17,,,,,,,,,,,59,751.16,46,,0,0,*,,76.792207792208,,,,,160,148,270,,,,0,15,,,0.95816669729394
1578542189,Gelles,Jeremiah,M,MD,I,263 7th Ave,,Brooklyn,NY,36,11215,1,"Metropolitan area core: primary flow within an urbanized area of 50,000 and greater",US,Cardiology,S,5114,12232.833333333,667632.09,364795,424,,4862,11600.1,634285.71,345888,,406,,960,481809.11,,4119,184775.36,,35,1047.62,,2465,351333.88,,2649,316298.21,,1570,229645.7,,3544,437986.39,33,1921.33,1794,13,0.64528744622605,0,0,0,0,0,16,160.48,15,*,,,*,,77.891509433962,18,126,191,89,251,173,187,166,,57,0,,100,324,1.8003004090153
1578551560,Shen,Tsun,Y,M.D.,I,268 Canal St,,New York,NY,36,10013,1,"Metropolitan area core: primary flow within an urbanized area of 50,000 and greater",US,Internal Medicine,S,9589,13559.9,931340.21,402986,457,,9243,13061.933333333,863907.28,388556,,423,,2058,679158.23,,7263,242813.15,,268,9368.83,,7108,656866.89,,2481,274473.32,,9275,912181.04,,314,19159.17,,,,,,,,,,,29,122.33,26,,0,0,,0,71.993435448578,34,278,110,35,214,243,,,437,,0,12,423,34,1.1254988154954
1578553707,Madrid,Tanya,,MD,I,10 Union Sq E,Ste 3g,New York,NY,36,10003,1,"Metropolitan area core: primary flow within an urbanized area of 50,000 and greater",US,Internal Medicine,S,5958,10232.966666667,395773,301330,678,,5026,8779.8666666667,336774.92,258408,,560,,1120,289936.72,,4719,100287.22,,119,5549.06,,4033,277703.52,,1925,118069.48,,4871,353514.47,,1087,42258.53,38,444.65,820,13,0.63779791876469,0,0,0,0,0,24,191.92,24,*,,,*,,70.744837758112,118,321,195,44,464,214,123,110,19,416,,,495,183,1.4107927468696
1578554051,Sloan,Jerry,,MD,I,1729 Burrstone Rd,,New Hartford,NY,36,13413,1,"Metropolitan area core: primary flow within an urbanized area of 50,000 and greater",US,Internal Medicine,S,10837,25986.266666667,1043483.2,759254,794,,10212,24786.866666667,981779.99,725396,,721,,1484,703352.11,,9318,338256.18,,35,1874.91,,4731,387754.57,,6106,655728.63,,1529,153745.42,,9308,889737.78,96,2380.28,2506,35,0.88585401863985,,,,,,273,3047.06,197,,13,499.52,*,,74.797229219144,73,317,260,144,419,375,721,14,,17,,35,110,684,1.1810907931086
1578571469,Lackey,Roy,S,MD,I,161 Fort Washington Ave,Suite 421,New York,NY,36,10032,1,"Metropolitan area core: primary flow within an urbanized area of 50,000 and greater",US,Internal Medicine,S,1663,3758.5333333333,136824,108667,219,,1650,3725.5333333333,136569.22,107677,"#",,"#",,,,1364,49783.15,*,,,,192,9649.58,,1471,127174.42,,107,10768.44,,1556,126055.56,41,637.58,821,13,2.4654239326518,,,,,,48,793.19,34,*,,,*,,74.305936073059,,,,,107,112,156,26,,14,,18,,,0.88928729071537
1578592978,Schneider,Michael,S,M.D.,I,2400 S Clinton Ave,Bldg H Ste 230,Rochester,NY,36,14618,1,"Metropolitan area core: primary flow within an urbanized area of 50,000 and greater",US,Internal Medicine,S,10606,21010.266666667,593146.42,602162,889,,9982,20001.4,533446.09,573890,,836,,1281,358661.11,,9290,232798.49,,35,1686.82,,9026,470804.5,,1580,122341.92,,1053,81260.87,,9553,511885.55,412,21285.87,10521,81,3.8845936262493,84,10990.17,2520,12,20.388349514563,365,4613.56,197,,58,10284.64,,13,74.488188976378,53,412,280,144,474,415,763,55,,12,,57,55,834,1.0713554099332
1578625737,Ngai,Yi,,M.D.,I,13338 41st Rd,Suite Co-3,Flushing,NY,36,11355,1,"Metropolitan area core: primary flow within an urbanized area of 50,000 and greater",US,Family Practice,S,23487,27624.3,3227200.92,813854,576,,23069,27188.766666667,3186125.54,801022,,562,,7895,2794059,,15135,416419.95,,457,16721.97,,18817,2639722.75,,4670,587478.17,,21814,3066333.12,,1673,160867.8,,,,,,,,,,,287,2512.63,178,*,,,*,,75.836805555556,14,250,218,94,356,220,,,553,,0,,475,101,1.2025295926218
1578638730,Heller,Arthur,D,M.D.,I,215 E 68th St,Suite 8,New York,NY,36,10021,1,"Metropolitan area core: primary flow within an urbanized area of 50,000 and greater",US,Gastroenterology,S,1536,2827.4666666667,194116.89,80971,175,,1513,2794.4666666667,192294.33,80042,"#",,,357,161779.52,,1179,32337.37,,0,0,,188,11727.75,,1348,182389.14,,18,10546.49,,1518,183570.4,,,,,,,,,,,59,1285.15,38,,0,0,*,,77.102857142857,,,,,112,63,156,,,,0,,,,0.97935714285714
1578642229,Bellovin,Barry,,MD,I,2335 Bell Blvd,,Bayside,NY,36,11360,1,"Metropolitan area core: primary flow within an urbanized area of 50,000 and greater",US,Internal Medicine,S,8434,17164.9,603931.31,508077,543,,8045,16591.3,579516.16,491346,,514,,1228,420802.5,,7169,181480.2,,37,1648.61,,2996,200671.04,,5438,403260.27,,1279,81482.24,,7155,522449.07,29,401.08,671,11,0.343846336258,0,0,0,0,0,105,989.81,83,,46,1678.9,*,,75.965009208103,29,222,190,102,314,229,429,32,20,39,0,23,65,478,1.1083656049267
1578666384,Schenone,Roger,,DO,I,200 Madison Ave,,Elmira,NY,36,14901,1,"Metropolitan area core: primary flow within an urbanized area of 50,000 and greater",US,Internal Medicine,S,10234,21161.566666667,933681.21,625271,570,,8829,18791.266666667,702383.6,556370,,486,,1297,629480,,8897,301705.13,,40,2496.08,,5214,432071.84,,5020,501609.37,,2763,387909.18,,7471,545772.03,548,30889.82,15785,125,5.3547000195427,88,16405.69,2552,19,16.058394160584,72,890.65,53,*,,,*,,72.612280701754,84,242,175,69,317,253,532,24,,,0,,115,455,1.1988083103899
1578740981,Yuan,Weijia,,M.D.,I,186 Joralemon St,8th Floor,Brooklyn,NY,36,11201,1,"Metropolitan area core: primary flow within an urbanized area of 50,000 and greater",US,Rheumatology,S,3635,4533.0333333333,3193348.21,131706,379,,2638,3431,1803729.24,99850,,282,,1395,3072161.8,,2227,121012.8,,13,173.61,,1875,1724647.21,,1760,1468701,,2129,2594419.2,,1506,598929.01,54,570.45,1342,29,1.4855570839065,0,0,0,0,0,51,522.33,31,,0,0,,0,69.187335092348,97,153,97,32,317,62,99,145,44,72,0,19,180,199,1.57577541428
1578772943,Kalik,Lisa,J,M.D.,I,211 E 51st St,,New York,NY,36,10022,1,"Metropolitan area core: primary flow within an urbanized area of 50,000 and greater",US,Internal Medicine,S,2102,4287.8666666667,138118.33,125036,207,,1948,3981.6,125287.2,115996,"#",,,436,92843.3,,1642,43758.84,,24,1516.19,,158,20942.38,,1944,117175.95,,202,35817.95,,1900,102300.38,,,,,,,,,,,38,576.72,32,*,,,*,,73.632850241546,,,,,147,60,170,12,,,,15,,,0.98232522916301
1578898623,Blumenthal,Marc,,DDS,I,22024 Hillside Ave,,Queens Village,NY,36,11427,1,"Metropolitan area core: primary flow within an urbanized area of 50,000 and greater",US,Dentist,S,62,64,2472.67,556,48,"#",,,,,"#",,,12,1790.09,,50,682.58,,0,0,,25,519.42,,37,1953.25,*,,,"#",,,0,0,0,0,0,0,0,0,0,,42,631.75,33,*,,,*,,73.729166666667,,,,,26,22,28,15,,,0,,,,1.5753581299216
1588009666,Tang,Amy,S,M.D.,I,268 Canal St,,New York,NY,36,10013,1,"Metropolitan area core: primary flow within an urbanized area of 50,000 and greater",US,Internal Medicine,S,1126,1681.7,96068.16,48885,114,,974,1470.1666666667,75536.51,42884,,98,,272,74831.8,,835,20426,,19,810.36,,844,70870.57,,282,25197.59,,1006,78277.92,,120,17790.24,,,,,,,,,,,14,103.18,,,0,0,,0,70.956140350877,16,59,,,64,50,12,,92,,0,,95,19,1.2123913076073
1588035604,Piser,Deborah,L,NP-C,I,860 Main Rd,,Corfu,NY,36,14036,2,"Metropolitan area high commuting: primary flow 30% or more to a urbanized area of 50,000 and greater",US,Nurse Practitioner,S,2314,4101.2333333333,147301.37,116406,265,,1531,2961.0333333333,82236.68,85364,,182,,359,103154.11,,1937,43599.59,,18,547.67,,1339,90020.21,,975,57281.16,,1008,83311.35,,1306,63990.02,168,5236.47,4141,28,7.2601555747623,15,1051.06,450,,8.9285714285714,79,744.94,61,*,,,*,,66.698113207547,83,111,54,17,194,71,253,,0,,0,,95,170,1.0767800420153
1588623714,Pfalzer,David,F,MD,I,2914 Elmwood Ave,,Kenmore,NY,36,14217,1,"Metropolitan area core: primary flow within an urbanized area of 50,000 and greater",US,Family Practice,S,8184,18599.3,542862.69,540873,568,,7709,17708.166666667,504945.16,515226,,515,,1002,345632.47,,7115,194544.81,,67,2685.41,,5998,369115.59,,2186,173747.1,,697,68553.85,,7487,474308.84,178,3123.83,3372,64,2.1749755620723,,,,,,196,1949.31,133,,16,1368.17,*,,73.413732394366,53,261,171,83,299,269,532,,0,,0,18,51,517,1.0653952933611
1588629216,Charles,Richard,E,M.D.,I,85 High St,,Buffalo,NY,36,14203,1,"Metropolitan area core: primary flow within an urbanized area of 50,000 and greater",US,Internal Medicine,S,8184,17745.4,990420.46,507840,1393,,7518,16419.2,890236.17,470102,,1268,,1713,779863.17,,6360,204479.51,,111,6077.78,,4940,518259.87,,3244,472160.59,,1581,207182.05,,6603,783238.41,99,3109.86,2075,52,1.2096774193548,,,,,,262,5824.04,196,,21,2459.77,*,,74.169418521177,125,583,494,191,825,568,955,373,,15,,42,202,1191,1.4826597149389
1588629422,Stern,Mark,J,MD,I,800 Community Dr,,Manhasset,NY,36,11030,1,"Metropolitan area core: primary flow within an urbanized area of 50,000 and greater",US,Cardiology,S,7018,17249.266666667,650837.47,512820,626,,6645,16557.466666667,615645.07,492267,,603,"#",,,,5771,242038.44,*,,,,1395,97085.29,,5623,553752.18,,469,26828.52,,6549,624008.95,125,23563.06,3385,26,1.7811342262753,14,953.16,420,,11.2,85,979.24,64,,21,297.04,*,,77.517571884984,23,229,219,155,349,277,554,26,,20,,16,47,579,1.227913359779
1588637391,Siegel,Stephen,A,MD FACC,I,245 E 35th St,,New York,NY,36,10016,1,"Metropolitan area core: primary flow within an urbanized area of 50,000 and greater",US,Internal Medicine,S,6838,14545.866666667,544433.02,430206,453,,6584,14205.866666667,526911.75,420540,"#",,,1152,343304.66,,5686,201128.36,,0,0,,1549,117024.25,,5289,427408.77,,1006,70678.86,,5832,473754.16,31,946.1,755,,0.45334893243638,,,,,,89,837.82,62,*,,,*,,76.344370860927,,,,,230,223,376,22,,18,,27,38,415,1.2285403010096
1588652077,Spatz,Allison,,MD,I,425 E 61st St,6th Floor,New York,NY,36,10065,1,"Metropolitan area core: primary flow within an urbanized area of 50,000 and greater",US,Cardiology,S,4955,9851.9333333333,530778.84,289807,675,,4936,9800.9333333333,525902.49,288277,"#",,"#",,,,3878,119180.12,*,,,,186,31168.94,,4769,499609.9,,165,32982.42,,4790,497796.42,73,2063.93,1626,23,1.4732593340061,0,0,0,0,0,130,2084.54,74,,0,0,*,,78.671111111111,,,,,421,254,637,,,,0,27,,,1.2282122373593
1588654172,Contacessa,Frank,J,M.D.,I,16 Orchard Dr,,Armonk,NY,36,10504,1,"Metropolitan area core: primary flow within an urbanized area of 50,000 and greater",US,Internal Medicine,S,2206,4080.5666666667,104991.48,116715,252,,2160,4000.5666666667,103230.19,114428,"#",,"#",,,,1829,40904.46,*,,,,411,17677.95,,1795,87313.53,,97,3000.42,,2109,101991.06,34,2602.51,738,11,1.5412511332729,,,,,,97,1856.63,73,,0,0,*,,74.150793650794,,,,,123,129,229,,,,0,13,11,241,0.88194419042625
1588662092,Bernstein,Donald,H,,I,80 5th Ave,Suite 1605,New York,NY,36,10011,1,"Metropolitan area core: primary flow within an urbanized area of 50,000 and greater",US,Internal Medicine,S,2405,4541.9666666667,109180.35,130898,242,,2314,4404.9666666667,101990.05,127062,"#",,,300,48948.65,,2092,59906.1,,13,325.6,,1133,44876.32,,1272,64304.03,,1109,52025.5,,1296,57154.85,48,410.46,837,12,1.995841995842,0,0,0,0,0,36,584.27,28,,11,260.33,*,,76.495867768595,,,,,121,121,176,22,,23,,11,64,178,1.3114355206896
1588667133,Metzger,Benjamin,L,M.D.,I,1317 3rd Ave,Suite 5,New York,NY,36,10021,1,"Metropolitan area core: primary flow within an urbanized area of 50,000 and greater",US,Internal Medicine,S,8849,15680.566666667,704160.5,450604,808,,8052,14594.733333333,617081.21,420521,,759,,1581,522043.67,,7208,178997.69,,60,3119.14,,4111,329310.43,,4738,374850.07,,2285,278161.19,,6564,425999.31,144,4357.05,2241,46,1.6273025200588,11,865.05,330,,7.6388888888889,187,1707.5,107,,0,0,,0,74.529702970297,49,383,282,94,451,357,575,81,24,86,0,42,118,690,1.1650588463279
1588667893,Maclean,Craig,K,DO,I,3040 Amsdell Rd,,Hamburg,NY,36,14075,1,"Metropolitan area core: primary flow within an urbanized area of 50,000 and greater",US,Family Practice,S,11979,27248.7,1418768.49,800445,872,,10819,24834.966666667,1285876.31,729920,,787,,2086,1128102.4,,9726,281981.26,,167,8684.83,,8065,854300.49,,3914,564468,,2167,346174.39,,9812,1072594.1,167,3874.92,2969,64,1.394106352784,,,,,,250,3031.48,155,,13,478.32,*,,73.783256880734,85,388,279,120,462,410,846,,,,,15,109,763,1.2426277747798
1588690952,Tonneau,Benoit,A,M.D.,I,2546 Balltown Rd,Suite 200,Schenectady,NY,36,12309,1,"Metropolitan area core: primary flow within an urbanized area of 50,000 and greater",US,Internal Medicine,S,9605,20990.033333333,802628.89,614123,822,,9233,20368.733333333,772681,596150,,793,,1535,582035.72,,7977,215743.84,,93,4849.33,,6024,520029.7,,3581,282599.19,,862,78358.18,,8743,724270.71,203,7375.42,4619,50,2.1134825611661,14,2486.85,384,,6.8965517241379,152,1569.04,111,,19,1204.04,*,,77.222627737226,29,306,283,204,439,383,756,19,,,0,29,60,762,1.1380910675449
1588692552,Beira,Richard,J,M.D.,I,3485 E Tremont Ave,,Bronx,NY,36,10465,1,"Metropolitan area core: primary flow within an urbanized area of 50,000 and greater",US,Family Practice,S,13962,17012.766666667,1289337.62,489615,492,,9441,11615.6,817709.33,335873,,320,,2842,1037188.95,,10566,226837.21,,554,25311.46,,10602,984565.19,,3360,304772.43,,11198,1098754.27,,2764,190583.35,80,1126.06,2115,34,0.57298381320728,0,0,0,0,0,345,2703.62,175,,63,1191.2,,12,65.621951219512,172,212,87,21,266,226,38,171,,250,,18,340,152,1.3225721479744
1588751515,Smith,Neal,T,M.D.,I,5973 Walworth Rd,,Ontario,NY,36,14519,1,"Metropolitan area core: primary flow within an urbanized area of 50,000 and greater",US,Family Practice,S,3012,7492,135735.1,219624,329,,2886,7310,133363.69,214356,,314,"#",,,,2681,67588.71,*,,,,2711,126907.44,,301,8827.66,,213,8973.88,,2799,126761.22,75,1770.32,1997,13,2.4900398406375,,,,,,64,472.63,58,,0,0,,0,74.22188449848,15,164,114,36,142,187,310,,,0,0,17,15,314,0.98450344332053
1588751671,Savillo,Robert,,MD,I,"505 E 70th St # Ht-4",,New York,NY,36,10021,1,"Metropolitan area core: primary flow within an urbanized area of 50,000 and greater",US,Internal Medicine,S,11834,18343.533333333,1246270.48,532911,841,,9766,15742.8,953396.21,459250,,715,,2217,987472.76,,9377,247979.13,,240,10818.59,,3977,355042.22,,7857,891228.26,,7165,853492.15,,4669,392778.33,382,75223.41,8593,57,3.2279871556532,29,58626.97,846,,7.5916230366492,140,2230.13,96,,89,3968.55,,13,72.129607609988,126,365,273,77,503,338,364,191,,212,,37,424,417,1.5208653673827
1588774921,Park,Jia,,M.D,I,210-08 35th Avenue,,Bayside,NY,36,11361,1,"Metropolitan area core: primary flow within an urbanized area of 50,000 and greater",US,Family Practice,S,3629,5413.5333333333,266963.12,157219,250,,3391,5070.3666666667,253962.73,147285,,233,,597,200764.58,,2996,65150.39,,36,1048.15,,2690,187403.72,,939,79559.4,,2500,221273.61,,1129,45689.51,20,397.03,570,,0.55111600992009,0,0,0,,0,94,806.75,64,,16,1777.23,*,,71.38,17,166,52,15,138,112,39,,174,20,,14,128,122,0.90867541044794
1588805840,Leven,Seth,,M.D.,I,444 E Boston Post Rd,,Mamaroneck,NY,36,10543,1,"Metropolitan area core: primary flow within an urbanized area of 50,000 and greater",US,Internal Medicine,S,2663,5204.5333333333,228718.45,149479,205,,2524,5025.5333333333,224415.65,144543,,191,,539,170933.2,,2112,57210.57,,12,574.68,,825,65539.92,,1838,163178.53,,626,73599.71,,2037,155118.74,32,209.34,469,,1.2016522718738,0,0,0,,0,174,2470.35,99,*,,,*,,75.336585365854,14,82,75,34,114,91,166,11,,15,0,,32,173,1.3232701785292
1588911325,Singh,Ravjeet,,PA,I,350 South Broadway,,Hicksville,NY,36,11801,1,"Metropolitan area core: primary flow within an urbanized area of 50,000 and greater",US,Physician Assistant,S,4029,8171.9,206911.85,229540,950,,3863,7860.9,199525.09,221178,,897,,531,126989.56,,3468,78900.35,,30,1021.94,,2779,154251.53,,1250,52660.32,,959,65156.87,,3070,141754.98,42,268.52,614,36,1.042442293373,0,0,0,0,0,254,2023.61,218,*,,,*,,76.195789473684,53,372,345,180,559,391,628,83,139,63,,,179,771,1.1879752535336
1598023582,Kwon,Hea,R,,I,8248 135th St Apt 2h,,Jamaica,NY,36,11435,1,"Metropolitan area core: primary flow within an urbanized area of 50,000 and greater",US,Nurse Practitioner,S,4540,4958.8333333333,286081.91,143247,241,,4209,4577.1666666667,273388.25,132032,,216,,882,223961.55,,3564,59884.84,,94,2235.52,,2647,152918.61,,1893,133163.3,,4166,269075.69,,374,17006.22,12,108.41,247,,0.26431718061674,0,0,0,,0,68,342.01,58,,0,0,,0,71.738589211618,25,136,57,23,140,101,11,24,188,,,13,197,44,1.0901986635949
1598038507,Morabito,Joseph,A,PA,I,5100 W Taft Rd,Suite 2y,Liverpool,NY,36,13088,1,"Metropolitan area core: primary flow within an urbanized area of 50,000 and greater",US,Physician Assistant,S,5333,8512.9666666667,406312.9,244429,466,,3337,5798.8,267514.34,167967,,330,,826,288189.15,,4447,115640.39,,60,2483.36,,2957,212164.16,,2376,194148.74,,2951,247166.55,,2382,159146.35,50,3149.5,1214,14,0.93755859741234,0,0,0,0,0,128,3121.66,90,*,,,*,,67.50643776824,136,188,100,42,241,225,401,24,16,15,,,182,284,1.2805652393273
1598710295,Zysman,Jules,,MD,I,23 Ontario Street,,Honeoye Falls,NY,36,14472,2,"Metropolitan area high commuting: primary flow 30% or more to a urbanized area of 50,000 and greater",US,Family Practice,S,6617,13670.566666667,503278.45,400092,538,,5995,12760.333333333,445162.19,373880,,493,,1098,367945.66,,5471,131597.4,,48,3735.39,,5221,356503.98,,1396,146774.47,,952,101631.62,,5665,401646.83,242,5299.13,5320,80,3.6572464863231,15,485.78,450,,6.198347107438,163,2413.47,109,*,,,*,,72.533457249071,45,289,148,56,228,310,498,,,,,30,49,489,1.0072832691716
1598721078,Carroll,James,E,MD,I,16 Danforth St,,Hoosick Falls,NY,36,12090,2,"Metropolitan area high commuting: primary flow 30% or more to a urbanized area of 50,000 and greater",US,Family Practice,S,17842,27936.833333333,1257498,774636,849,,14452,23417.766666667,933437.33,654161,,725,,2570,846413.04,,15075,402121.68,,197,8963.28,,7645,555033.74,,10197,702464.26,,7830,622968.92,,10012,634529.08,1224,45015.64,22673,139,6.8602174644098,244,27340.88,6724,27,19.934640522876,481,15306.9,262,,104,27476.75,,22,72.552414605418,124,362,236,127,482,367,828,,,,0,16,233,616,1.2242860408752
1598721714,Logalbo,Elizabeth,M,DO,I,256 Main St,,Massena,NY,36,13662,4,"Micropolitan area core: primary flow within an urban cluster of 10,000 to 49,999",US,General Practice,S,4338,4730.4,615508.34,31945,3271,,4018,4347.4,575960.56,25799,,3108,,3872,604268.38,"#",,,*,,,,2184,303572.73,,2154,311935.61,,1051,139618.07,,3287,475890.27,49,9334.26,1303,,1.1295527893038,15,7313.75,427,,30.612244897959,29,284.43,19,,0,0,,0,73.701926016509,163,1792,999,317,1934,1337,900,,1826,139,,389,594,2677,0.9899072876084
1598750770,Kelly,Kerry,,MD,I,545 Clawson St,,Staten Island,NY,36,10306,1,"Metropolitan area core: primary flow within an urbanized area of 50,000 and greater",US,Family Practice,S,5533,12136.633333333,330834.88,358148,474,,5110,11389.633333333,302453.14,336235,,434,,903,220744.35,,4603,108873.74,,27,1216.79,,2260,107655.57,,3273,223179.31,,1022,54417.23,,4511,276417.65,34,550.39,1004,13,0.61449484908729,0,0,0,0,0,150,2045.84,107,,12,187.32,*,,73.7805907173,40,226,144,64,344,130,430,,,19,0,17,43,431,1.1281800281294
1598763963,Castrillon,Augusto,A,M.D.,I,546 Eastern Parkway,,Brooklyn,NY,36,11225,1,"Metropolitan area core: primary flow within an urbanized area of 50,000 and greater",US,Family Practice,S,17098,34635.233333333,3198566.66,1015780,1169,,13507,27632.133333333,2487024.42,810506,,925,,3656,2650376.24,,12847,517525.45,,595,30664.97,,14935,2824594.42,,2163,373972.24,,15151,3032472.54,,1947,166094.12,463,7591.47,16723,230,2.7079190548602,,,,,,454,58794.64,298,,33,3118.87,,13,69.521813515825,244,591,254,80,602,567,39,,0,1129,0,,843,326,2.3133878001933
1598764730,Witte,Gilbert,,M.D.,I,535 Main St,,Olean,NY,36,14760,4,"Micropolitan area core: primary flow within an urban cluster of 10,000 to 49,999",US,Pulmonary Disease,S,9338,12441.633333333,2469575.71,347300,922,,7853,10765.066666667,1963514.95,301949,,783,,4979,2384435,"#",,,*,,,,4763,1025953.53,,4575,1443622.18,,3139,865286.14,,6199,1604289.57,17,357.41,263,13,0.18205183122724,0,0,0,0,0,604,7877.47,250,*,,,*,,73.073752711497,139,374,294,115,557,365,903,,,,,,259,663,1.6430528745982
1598768574,Spicer,Nancy,J,ANP,I,53-59 Public Sq,Ste 301,Watertown,NY,36,13601,1,"Metropolitan area core: primary flow within an urbanized area of 50,000 and greater",US,Nurse Practitioner,S,5661,10910.6,963770.39,318721,556,,4703,9391.9666666667,771705.93,275365,,494,,1285,822915.71,,4284,134182.14,,92,6672.54,,2272,417575.34,,3389,546195.05,,2029,391438.83,,3632,572331.56,196,6602.47,5541,54,3.462285815227,19,2523.84,555,,9.6938775510204,92,1635.01,60,,52,1825.42,*,,73.872302158273,62,250,168,76,364,192,534,,,,,14,125,431,1.3805780083184
1598785123,Karmen,Carol,,MD,I,19 Bradhurst Ave,Suite 3090n,Hawthorne,NY,36,10532,1,"Metropolitan area core: primary flow within an urbanized area of 50,000 and greater",US,Internal Medicine,S,2969,6657.1,200842.19,194529,491,,2796,6292.4666666667,191217.96,184021,,451,,502,131935.04,,2454,68061.27,,13,845.88,,609,35988.88,,2360,164853.31,,530,38157.68,,2439,162684.51,49,2158.86,1365,11,1.6503873358033,12,1923.01,360,,24.489795918367,96,3571.22,66,*,,,*,,75.144602851324,40,207,149,95,338,153,333,77,19,34,0,28,72,419,1.3563886755637
1598806267,Reuben,Stephen,,,I,4500 Parsons Blvd,,Flushing,NY,36,11355,1,"Metropolitan area core: primary flow within an urbanized area of 50,000 and greater",US,Internal Medicine,S,7371,17438.933333333,423801.26,512450,619,,7047,16786.8,408251.22,493531,,593,,1122,267796.41,,6204,154190.9,,45,1813.95,,3465,227482.58,,3906,196318.68,,867,83995.13,,6504,339806.13,106,2671.52,2985,31,1.4380681047348,,,,,,323,3070.92,210,,22,244.57,*,,77.91760904685,26,195,241,157,384,235,576,,,20,0,,53,566,1.2020122210371
1598843427,Pizzolla,John,,M.D.,I,4207 Utopia Pkwy,,Flushing,NY,36,11358,1,"Metropolitan area core: primary flow within an urbanized area of 50,000 and greater",US,Internal Medicine,S,10328,22644.566666667,658188.93,666115,752,,10059,22133.5,648869.84,651278,,726,,1418,392030.2,,8862,263959.92,,48,2198.81,,5329,322938.2,,4999,335250.73,,1549,98266.32,,8779,559922.61,20,443.85,805,,0.19364833462432,0,0,0,,0,288,3813.52,212,,12,315.97,*,,78.017287234043,26,237,309,180,450,302,657,,13,57,,15,80,672,1.2014122279884
1598846073,Warshafsky,Stephen,,M.D.,I,1055 Saw Mill River Rd,Suite 206,Ardsley,NY,36,10502,1,"Metropolitan area core: primary flow within an urbanized area of 50,000 and greater",US,Internal Medicine,S,2903,6561.5666666667,323685.6,191625,171,,2454,5834.2666666667,256969.25,171009,,157,"#",,,,2365,92982.96,*,,,,126,9947.48,,2777,313738.12,,346,80798.25,,2557,242887.35,135,31250.43,3489,20,4.6503616947985,37,22952.44,1078,,27.407407407407,92,1048.35,53,*,,,*,,74.228070175439,14,79,52,26,75,96,138,18,,,0,,,,1.4899150100212
1598865081,Gotlieb,David,,MD,I,342 Route 202,Care Mount Medical Pc,Somers,NY,36,10589,1,"Metropolitan area core: primary flow within an urbanized area of 50,000 and greater",US,Internal Medicine,S,5998,12808.8,421049.44,373644,514,,5744,12321.866666667,359579.14,359490,,495,"#",,,,5180,137044.65,*,,,,1004,38944.74,,4994,382104.7,,441,73721.76,,5557,347327.68,125,47993.93,3468,36,2.0840280093364,15,44807.06,870,,12,147,2306.53,94,,29,684.13,*,,78.29766536965,19,160,199,136,269,245,484,,,,0,17,33,481,1.3232899895824
1598872616,Shah,Mayank,P,MD,I,200 Ronald Reagan Blvd,,Warwick,NY,36,10990,2,"Metropolitan area high commuting: primary flow 30% or more to a urbanized area of 50,000 and greater",US,Internal Medicine,S,6888,14164.833333333,688602.93,398442,332,,6755,13861.833333333,679838.7,389797,,320,,1494,510478.54,,5369,176589.69,,25,1534.7,,330,18486.04,,6558,670116.89,,1918,171149.01,,4970,517453.92,109,4794.62,2113,40,1.582462253194,21,3832.34,483,,19.266055045872,296,26435.73,140,,116,2593.8,,17,78.024096385542,12,115,120,85,203,129,300,,12,,,,57,275,1.2975200456936
1598947194,Fakhouri,Zeiad,A,MD,I,1531 Route 82,,Hopewell Junction,NY,36,12533,1,"Metropolitan area core: primary flow within an urbanized area of 50,000 and greater",US,Family Practice,S,1541,1581.1,218061.81,14618,875,,1158,1192,159659.99,6521,,791,,1177,208958.04,,364,9103.77,,0,0,,315,33459.01,,1226,184602.8,,291,46941.43,,1250,171120.38,11,104.87,87,,0.71382219338092,,,,,,52,371.1,41,,0,0,,0,71.908571428571,84,480,265,46,487,388,748,32,,50,,38,117,758,1.0048762551608
1598985418,Perlova,Marina,,MD,I,6317 4th Ave,Park Ridge Family Health Center,Brooklyn,NY,36,11220,1,"Metropolitan area core: primary flow within an urbanized area of 50,000 and greater",US,Internal Medicine,S,9187,13215.6,688590.68,386286,269,,7655,11205.2,566766.18,327398,,215,,1976,544418.14,,6850,130676.42,,361,13496.12,,5545,381781.76,,3642,306808.92,,8181,620047.11,,1006,68543.57,30,818.03,858,,0.3265483835855,0,0,0,,0,102,1113.7,75,,14,86.13,*,,70.524163568773,54,124,66,25,163,106,130,13,,98,,19,209,60,1.339583168851
1609126630,Zhou,Hui Qin,,NP,I,268 Canal St,,New York,NY,36,10013,1,"Metropolitan area core: primary flow within an urbanized area of 50,000 and greater",US,Nurse Practitioner,S,4903,6052.2666666667,300149.67,176568,270,,4587,5720.9333333333,281972.78,166978,,255,,846,182280.26,,4010,116564.96,,47,1304.45,,3563,216911.63,,1340,83238.04,,4813,295640.82,,90,4508.85,,,,,,,,,,,45,200.03,42,,0,0,,0,72.259259259259,15,164,55,36,164,106,,,259,,0,,252,18,1.0716720691904
1609134345,Lynn,Theresa,M,M.D.,I,415 E Main St,,Endicott,NY,36,13760,1,"Metropolitan area core: primary flow within an urbanized area of 50,000 and greater",US,Family Practice,S,2882,5817.5666666667,177257.59,167423,336,,2226,4875.7333333333,134805.36,141125,,285,,421,103900.79,,2445,72371.18,,16,985.62,,1907,132665.37,,975,44592.22,,854,55270.07,,2028,121987.52,228,7272.6,5459,50,7.911172796669,0,0,0,0,0,77,1009.16,56,*,,,*,,71.416666666667,51,166,76,43,243,93,283,11,,27,,11,55,281,1.1813776954851
1609142793,Clar,Mia,K,M.D.,I,865 Northern Blvd,Suite 201,Great Neck,NY,36,11021,1,"Metropolitan area core: primary flow within an urbanized area of 50,000 and greater",US,Geriatric Medicine,S,4619,6131.4333333333,284263.05,176999,360,,4593,6097.4333333333,283624.94,175984,"#",,,672,176993.48,,3931,106605.17,,16,664.4,,533,36372.32,,4086,247890.73,,1541,112042,,3078,172221.05,45,3432.99,1139,20,0.97423684780255,,,,,,68,1371.91,50,,153,3765.49,*,,85.963888888889,,,,,283,77,283,38,,26,,,96,264,1.733132241789
1609184217,Duprey,Jordan,,PHARMD.,I,723 Canton St,,Ogdensburg,NY,36,13669,4,"Micropolitan area core: primary flow within an urban cluster of 10,000 to 49,999",US,Pharmacist,T,27,27,3468,27,24,"#",,,,,"#",,,27,3468,,0,0,,0,0,*,,,"#",,,*,,,"#",,,0,0,0,0,0,0,0,0,0,,0,0,0,*,,,*,,71,,,,,,,21,,0,0,0,,,,0.78754166666667
1609828250,Sheran,Michael,,MD,I,360 Washington Ave,,Kingston,NY,36,12401,1,"Metropolitan area core: primary flow within an urbanized area of 50,000 and greater",US,Internal Medicine,S,14776,20123.533333333,2959554.37,573707,617,,8062,12335.266666667,1115082.84,356304,,437,,2812,2609949.47,,11903,346699.29,,61,2905.61,,3958,682344.07,,10818,2277210.3,,7941,1754966.28,,6835,1204588.09,1300,168914.42,35057,165,8.7980508933406,366,120705.2,10888,39,28.153846153846,221,3765.31,134,,73,2754.83,*,,68.380875202593,180,245,138,54,344,273,548,26,,20,,17,213,404,1.2760542367312
1609829878,Burnette,Thomas,M,MD,I,185 Route 312,,Brewster,NY,36,10509,1,"Metropolitan area core: primary flow within an urbanized area of 50,000 and greater",US,Internal Medicine,S,7309,13827.8,672350.05,400088,473,,6438,12667.566666667,579747.86,367282,,432,,1118,438869.53,,6175,232782.44,,16,698.08,,1874,135397.57,,5435,536952.48,,736,48577.75,,6573,623772.3,337,72477.13,8068,71,4.6107538650978,73,56065.83,2395,,21.661721068249,263,20865.76,138,*,,,*,,73.704016913319,41,221,150,61,249,224,433,,,14,0,18,33,440,1.0292030634871
1609830827,Saksonova,Marina,,M.D.,I,9785 Queens Blvd,,Rego Park,NY,36,11374,1,"Metropolitan area core: primary flow within an urbanized area of 50,000 and greater",US,Internal Medicine,S,13044,20795.7,1543408.86,615244,546,,12326,19553.4,1406420.01,578517,,501,,3263,1221106,,9576,315318.94,,205,6983.92,,4088,472742.29,,8956,1070666.57,,9907,1258824.29,,3137,284584.57,73,1356.22,1626,33,0.55964428089543,0,0,0,0,0,82,2109.5,59,,58,8715.1,*,,75.401098901099,45,217,200,84,345,201,356,47,,64,,48,326,220,1.7396474828206
1609831536,Bodkin,John,J,M.D.,I,1150 Youngs Rd,Suite 104,Williamsville,NY,36,14221,1,"Metropolitan area core: primary flow within an urbanized area of 50,000 and greater",US,Family Practice,S,10212,14814.966666667,607035.61,411873,980,,9496,13890.333333333,554841.6,385799,,892,,1660,435281.64,,8454,166885.93,,98,4868.04,,6551,381387.87,,3661,225647.74,,1280,83969.9,,8932,523065.71,593,19004.7,15914,182,5.8068938503721,30,6571.89,881,,5.0590219224283,225,5748.38,120,,133,9320.3,,24,75.514285714286,88,405,274,213,550,430,897,27,11,,,37,123,857,1.320021662983
1336584820,Maclean,Sean,W,D.O.,I,3040 Amsdell Rd,,Hamburg,NY,36,14075,1,"Metropolitan area core: primary flow within an urbanized area of 50,000 and greater",US,Family Practice,S,3412,7686.1333333333,392931.96,222867,488,,3073,6941.1333333333,364012.75,201523,,428,,624,317165.49,,2750,74567.47,,38,1199,,2228,225890.58,,1184,167041.38,,687,91774.38,,2725,301157.58,87,2092.41,2178,41,2.5498241500586,,,,,,103,960.45,79,,0,0,,0,72.879098360656,60,215,145,68,253,235,468,,,,0,,72,416,1.3050832804547
1346233673,Van Hook Spivack,Lucille,R,MD,I,1120 Morris Park Ave,Suite 4a,Bronx,NY,36,10461,1,"Metropolitan area core: primary flow within an urbanized area of 50,000 and greater",US,Internal Medicine,S,3758,8200.6,342337.42,237685,288,,3542,7695.2333333333,310256.63,223043,,264,,599,244148.02,,3020,92116.95,,139,6072.45,,1899,183569.53,,1859,158767.89,,1651,184887.84,,2107,157449.58,67,743.88,1770,26,1.7828632251197,0,0,0,0,0,143,11051.24,83,,69,11979.56,,11,77.701388888889,24,98,71,95,224,64,135,61,,77,0,,87,201,1.5443327066863
1346277050,Mason,James,M,MD,I,800 Ayrault Rd Ste 200,,Fairport,NY,36,14450,1,"Metropolitan area core: primary flow within an urbanized area of 50,000 and greater",US,Internal Medicine,S,6516,13370.266666667,352332.9,381747,546,,6226,12882.366666667,338128.88,367865,,520,,700,203560.89,,5797,148206.54,,19,565.47,,5566,300967.2,,950,51365.7,,311,12559.15,,6205,339773.75,158,12024.51,3141,46,2.4248004910988,16,8761.8,445,,10.126582278481,379,3581.93,218,,28,2304.46,*,,74.998168498168,26,240,201,79,280,266,501,,,,,28,21,525,0.93388660877284
1346285285,Tarrazona-Yu,Pamela,A,MD,I,120 Gardenville Pkwy W,,West Seneca,NY,36,14224,1,"Metropolitan area core: primary flow within an urbanized area of 50,000 and greater",US,Internal Medicine,S,4902,9958.9333333333,295164.44,289274,338,,4143,8611.5333333333,229448.3,251723,,286,,666,179686.09,,4210,114204.56,,26,1273.79,,3082,192533.37,,1820,102631.07,,2425,171201.57,,2477,123962.87,171,2374.96,3710,48,3.4883720930233,,,,,,67,1961.03,43,,29,2473.98,*,,71.846153846154,52,170,79,37,221,117,228,77,,11,,12,115,223,1.4337554961324
1346289733,Yuen,Hak,K,MD,I,3640 Main St,Suite 501,Flushing,NY,36,11354,1,"Metropolitan area core: primary flow within an urbanized area of 50,000 and greater",US,Internal Medicine,S,9797,12777.1,533468.22,348754,347,,9557,12537.1,520013.72,343989,"#",,,1823,368335.61,,7854,159992.52,,120,5140.09,,6308,334951.36,,3489,198516.86,,7569,388599.63,,2228,144868.59,39,1000.82,673,,0.39808104521792,,,,,,382,9832.7,166,,130,4111.15,*,,77.504322766571,,,,,200,147,,,326,,0,12,221,126,1.5469270778712
1346323862,Uppal,Rajneesh,,,I,691 Old Route 6,,Shoub Oak,NY,36,10588,1,"Metropolitan area core: primary flow within an urbanized area of 50,000 and greater",US,Internal Medicine,S,6805,14828.4,709549.64,428894,478,,6402,14051.4,661727.04,406575,,450,"#",,,,5568,211199.29,*,,,,1162,104923.38,,5643,604626.26,,704,126731.78,,6101,582817.86,150,6026.68,2844,56,2.2042615723733,11,3481.33,320,,7.3333333333333,300,7812.23,171,*,,,*,,74.47489539749,28,241,140,69,337,141,417,17,,25,0,,39,439,1.267840567675
1346365319,Price,Mary,E,M.D.,I,77 Nelson St,Suite 310,Auburn,NY,36,13021,4,"Micropolitan area core: primary flow within an urban cluster of 10,000 to 49,999",US,Internal Medicine,S,10849,19115.1,697206.83,555606,837,,9561,17338.833333333,609867.8,503806,,755,,1642,475421.53,,9178,220079.94,,29,1705.36,,3833,230933.1,,7016,466273.73,,2996,179987.77,,7853,517219.06,552,29017.57,14104,115,5.0880265462255,127,16479.3,3723,21,23.007246376812,178,5567.06,110,,67,4264.93,,18,74.047789725209,82,377,257,121,634,203,796,11,,,0,23,141,696,1.2399533366158
1346426368,Hoffman,Paul,,,I,75 N Middletown Rd,,Pearl River,NY,36,10965,1,"Metropolitan area core: primary flow within an urbanized area of 50,000 and greater",US,Pharmacist,T,71,73,9926.49,479,52,"#",,,,,"#",,,71,9926.49,,0,0,,0,0,*,,,"#",,,*,,,"#",,,0,0,0,0,0,0,0,0,0,,0,0,0,*,,,*,,75.480769230769,,,,,31,21,43,0,,,0,,,,0.81589873850974
1346438157,Gugino,Stacey,S,MD,I,1150 Youngs Rd,,Williamsville,NY,36,14221,1,"Metropolitan area core: primary flow within an urbanized area of 50,000 and greater",US,Family Practice,S,9398,12622.866666667,662602.36,333586,842,,8883,11985.4,592185.54,315447,,774,,2050,467497.61,,7295,192689.61,,53,2415.14,,4886,343357.53,,4512,319244.83,,5321,335372.23,,4077,327230.13,289,30111.08,7788,113,3.0751223664609,31,16114.5,903,,10.726643598616,271,6997.52,154,,137,19214.58,,22,75.824228028504,68,341,238,195,616,226,779,25,16,,,15,226,616,1.3149043951596
1346445194,Price,Marc,D,D.O.,I,2388 Route 9,Suite 200,Mechanicville,NY,36,12118,1,"Metropolitan area core: primary flow within an urbanized area of 50,000 and greater",US,Family Practice,S,2413,4682.5666666667,202861.42,134989,372,,2226,4385.4,188668.21,126983,,342,,409,137133.01,,1993,65166.58,,11,561.83,,1401,107491.35,,1012,95370.07,,276,25271.01,,2137,177590.41,58,359.98,1403,22,2.403646912557,,,,,,65,585.09,52,*,,,*,,72.548387096774,30,201,105,36,180,192,350,,,,0,,49,323,1.0650224374026
1346471851,Rice,Kelly,A,NP,I,535 Main St,,Olean,NY,36,14760,4,"Micropolitan area core: primary flow within an urban cluster of 10,000 to 49,999",US,Nurse Practitioner,S,5344,9142.8666666667,231525.11,263781,410,,5014,8707.8,218861.42,251438,,383,,661,149608.48,,4650,80244.13,,33,1672.5,,2922,106291.22,,2422,125233.89,,942,40307.27,,4402,191217.84,52,1624.57,834,25,0.97305389221557,,,,,,211,2928.24,137,*,,,*,,74.3,27,200,123,60,300,110,403,,0,0,0,,55,355,0.98832423343189
1346508991,Gallucci,Derek,A,D.O.,I,30 N Union Rd Ste 102,,Williamsville,NY,36,14221,1,"Metropolitan area core: primary flow within an urbanized area of 50,000 and greater",US,Family Practice,S,4297,7888.3333333333,269339.18,229125,335,,3177,6173.9,205969.66,179801,,262,,521,175993.65,,3751,91558.34,,25,1787.19,,2823,160877.31,,1474,108461.87,,1356,101155.71,,2941,168183.47,211,5593.48,5619,41,4.9104026064696,15,1240.69,450,,7.1090047393365,74,972.45,54,*,,,*,,69.522388059701,73,157,76,29,170,165,300,21,,,0,,70,265,1.1789073525091
1346515780,Kang,Tae,Y,PA,I,"3834 Parsons Blvd # 1a",,Flushing,NY,36,11354,1,"Metropolitan area core: primary flow within an urbanized area of 50,000 and greater",US,Physician Assistant,S,11715,17350.666666667,1596903.01,507755,750,,11181,16690.766666667,1532521.25,488378,,726,,3467,1352173.48,,7977,236064.91,,271,8664.62,,7070,924188.14,,4645,672714.87,,10972,1543098.41,,743,53804.6,106,1075.21,2063,52,0.90482287665386,0,0,0,0,0,87,966.83,70,,43,5806.54,,13,74.226666666667,24,399,243,84,490,260,,,698,,0,35,642,108,1.1251503080872
1346515939,Ames,Kaitlin,M,DO,I,15 S Main St,Suite 250,Jamestown,NY,36,14701,4,"Micropolitan area core: primary flow within an urban cluster of 10,000 to 49,999",US,Family Practice,S,4520,10932.766666667,376371.46,320970,570,,4088,10018.266666667,328554.43,294289,,517,,725,266284.77,,3755,107916.05,,40,2170.64,,2206,170356.46,,2314,206015,,1248,117688.14,,3272,258683.32,31,480.73,737,12,0.6858407079646,0,0,0,0,0,100,991.1,80,*,,,*,,73.912280701754,53,250,186,81,393,177,535,,0,,0,16,120,450,1.2611050273287
1346520525,Rummel,James,,D.O.,I,20 Main St.,Po Box N,Andover,NY,36,14806,8,"Small town high commuting: primary flow 30% or more to a urban cluster of 2,500 to 9,999",US,Family Practice,S,21073,33737.5,2003752.04,984434,823,,16947,28161.533333333,1591170.3,823185,,686,,4203,1570707.2,,16682,422439.93,,188,10604.91,,8425,780389.65,,12648,1223362.39,,8807,895044.61,,12266,1108707.43,989,62504.01,28947,151,4.6932093199829,184,32029.75,5353,24,18.604651162791,456,37476.22,232,,152,19349.87,,29,72.829890643985,137,326,223,137,445,378,795,,,,0,15,216,607,1.1463937148311
1346584034,Stucker,Sue,A,NP,I,182 Intrepid Ln,,Syracuse,NY,36,13205,1,"Metropolitan area core: primary flow within an urbanized area of 50,000 and greater",US,Nurse Practitioner,S,4234,7771.9666666667,491259.69,224401,260,,2817,5616.3,311415.3,163090,,193,,850,395305.21,,3321,93400.52,,63,2553.96,,2303,265864.41,,1931,225395.28,,2060,313728.24,,2174,177531.45,152,8918.38,3812,30,3.5899858290033,22,6029.93,664,,14.473684210526,105,19602.62,57,*,,,*,,68.7,67,110,58,25,154,106,249,,,,0,,74,186,1.2415711955461
1346655354,Rapasadi,Emily,L,PA-C,I,29 Jones Ave,,Chatham,NY,36,12037,10,"Rural areas: primary flow to a tract outside a urbanized area of 50,000 and greater or UC",US,Physician Assistant,S,4532,8149.6,244889.94,233550,520,,3838,7125.5666666667,205410.73,204513,,457,,689,146725.7,,3829,97343.29,,14,820.95,,3049,174299.38,,1483,70590.56,,958,52335.88,,3574,192554.06,182,8363.04,4507,68,4.0158870255958,17,5585.16,490,,9.3406593406593,158,2103.62,124,*,,,*,,73.021153846154,63,231,161,65,312,208,507,,0,,0,,72,448,1.2023287544037
1346657103,Lum,Tszhoderrick,,"DNP, NP-C",I,1836 Hylan Blvd,,Staten Island,NY,36,10305,1,"Metropolitan area core: primary flow within an urbanized area of 50,000 and greater",US,Nurse Practitioner,S,5289,6076.2666666667,582318.95,175035,443,,4960,5732.2666666667,555857.88,165012,,424,,1156,482508.63,,4056,98447.67,,77,1362.65,,3924,442773.36,,1365,139545.59,,5170,569798.45,,119,12520.5,,,,,,,,,,,101,15821.98,81,,21,239.4,*,,72.553047404063,19,294,85,45,229,214,,0,436,,0,,416,27,1.0999158778512
1356301774,Dibble,William,J,DO,I,4101 Medical Center Dr,,Fayetteville,NY,36,13066,1,"Metropolitan area core: primary flow within an urbanized area of 50,000 and greater",US,Family Practice,S,15655,28410.733333333,1037078.02,828136,915,,12016,22839.1,813254.54,667648,,719,,2169,665297.39,,13389,367258.6,,97,4522.03,,8442,551889.23,,7213,485188.79,,5343,409362.94,,10312,627715.08,324,10840.2,9429,74,2.0696263174705,21,1748.41,630,,6.4814814814815,394,8999.98,239,,43,3740.7,*,,70.373770491803,196,397,226,96,475,440,758,112,,11,,28,231,684,1.074429391763
1356304372,Zhang,Jing,,MD,I,4771 Hylan Blvd,,Staten Island,NY,36,10312,1,"Metropolitan area core: primary flow within an urbanized area of 50,000 and greater",US,Internal Medicine,S,14356,31929.266666667,928858.79,938625,1106,,13192,29906.966666667,849018.17,880275,,1006,,2192,583973.79,,12020,339110.04,,144,5774.96,,9735,632964.95,,4621,295893.84,,3357,296151.64,,10999,632707.15,162,3440.73,3736,51,1.1284480356645,,,,,,299,17596.52,188,,13,1201.81,*,,74.769439421338,100,443,361,202,805,301,811,96,77,98,0,24,203,903,1.1647652271851
1356306617,Heffernan,William,,M.D.,I,514 State Route 299,,Highland,NY,36,12528,1,"Metropolitan area core: primary flow within an urbanized area of 50,000 and greater",US,Family Practice,S,12162,21008,809611.44,605824,705,,10069,18283.9,709796.91,527965,,620,,1624,554641.24,,10467,252021.31,,71,2948.89,,3433,247832.52,,8729,561778.92,,3386,235208.4,,8776,574403.04,356,11669.17,9393,68,2.9271501397796,26,2627.51,780,,7.3033707865169,534,10772.15,256,,62,2051.75,,17,73.198581560284,85,322,202,96,397,308,646,17,,11,,27,103,602,1.2080398186727
1356308845,Schmand,Elizabeth,,F.N.P.,I,11 Summer St,,Buffalo,NY,36,14209,1,"Metropolitan area core: primary flow within an urbanized area of 50,000 and greater",US,Nurse Practitioner,S,7249,15430.7,771928.37,449482,1289,,6415,13926.633333333,679603.77,406295,,1153,,1230,602412.28,,5969,166885.81,,50,2630.28,,4557,404984.46,,2692,366943.91,,1739,205762.75,,5510,566165.62,171,5103.97,3996,70,2.3589460615257,17,1892.33,450,,9.9415204678363,197,2441.32,142,,39,1005.13,,13,73.924747866563,136,534,435,184,798,491,857,370,,15,,39,231,1058,1.5127398540368
1356318703,Desmone,Donna,,MD,I,3 Gates Cir,,Buffalo,NY,36,14209,1,"Metropolitan area core: primary flow within an urbanized area of 50,000 and greater",US,Geriatric Medicine,S,3058,4553.4333333333,142984.37,129010,371,,3058,4553.4333333333,142984.37,129010,,371,,340,91887.66,,2686,49618.43,,32,1478.28,,1949,95981.11,,1109,47003.26,,941,37950.53,,2117,105033.84,34,567.4,926,26,1.1118378024853,,,,,,50,886.24,43,,25,280.66,*,,85.118598382749,0,23,150,198,319,52,329,30,,,0,,81,290,1.6669496029924
1356337000,Ryan,Timothy,J,MD,I,1991 Balsley Rd,,Seneca Falls,NY,36,13148,4,"Micropolitan area core: primary flow within an urban cluster of 10,000 to 49,999",US,Family Practice,S,5985,6012,327874.46,136506,146,,5954,5981,327429.92,135821,"#",,,1268,175508.36,,4717,152366.1,,0,0,,2296,141186.87,,3689,186687.59,,5682,314726.25,,303,13148.21,16,344.13,198,12,0.26733500417711,0,0,0,0,0,251,10008.56,73,,116,7849.19,*,,81.328767123288,,,,,105,41,138,,,,0,,107,39,1.6527173624701
1356339469,Rubenstein,Barney,,MD,I,1134 State Route 29,Greenwich Medical Center,Greenwich,NY,36,12834,7,"Small town core: primary flow within an urban cluster of 2,500 to 9,999",US,Internal Medicine,S,12066,18893.1,726121.62,548998,720,,10204,16687.9,594179.12,486057,,621,,1882,537517.74,,10088,184077.66,,96,4526.22,,6693,364151.26,,5373,361970.36,,4833,328001.72,,7233,398119.9,570,26991.92,13435,97,4.7240179015415,68,14921.86,1970,18,11.929824561404,117,4771.52,83,,35,629.73,*,,73.522222222222,99,274,235,112,385,335,680,,,,0,25,191,529,1.2307647609694
1356340145,Barnes,Edward,S,MD,I,317 E 34th St,,New York,NY,36,10016,1,"Metropolitan area core: primary flow within an urbanized area of 50,000 and greater",US,Internal Medicine,S,4729,9432.5666666667,323880.37,275937,412,,4565,9176.5666666667,316716.95,268585,,397,,827,216961.48,,3883,106501.26,,19,417.63,,671,48257.18,,4058,275623.19,,378,31536.08,,4351,292344.29,40,1259.43,1430,14,0.8458447874815,,,,,,113,2523.58,78,*,,,*,,74.934466019417,15,191,154,52,233,179,323,22,17,24,0,26,21,391,0.95289944589375
1356341622,Masarech,Martin,,MD,I,15 Birdsall St,,Greene,NY,36,13778,2,"Metropolitan area high commuting: primary flow 30% or more to a urbanized area of 50,000 and greater",US,Family Practice,S,9087,14845.5,580292.97,426493,839,,7087,12279.666666667,470691.2,355183,,711,,1447,401321.81,,7610,177184.35,,30,1786.81,,4247,247932.17,,4840,332360.8,,3097,191841.97,,5990,388451,617,23985.16,15645,105,6.7899196654561,91,10157.61,2690,11,14.748784440843,311,5095.82,184,,54,3486.18,,11,71.585220500596,128,396,235,80,466,373,800,,,,0,27,203,636,1.0397120547593
1356343065,Quraishi,Nisar,A,M.D.,I,303 Greenwich St,,New York,NY,36,10013,1,"Metropolitan area core: primary flow within an urbanized area of 50,000 and greater",US,Internal Medicine,S,2565,4752.9333333333,176682.72,140015,191,,2384,4470.9333333333,145790.94,131690,"#",,"#",,,,2103,52047.32,*,,,,743,36910.84,,1822,139771.88,,591,58599.14,,1974,118083.58,0,0,0,0,0,0,0,0,0,,43,4835.29,28,,0,0,*,,73.659685863874,,,,,101,90,109,32,16,20,,,21,170,0.97145934242435
1356343206,Maggiore,Peter,R,MD,I,1401 Massachusetts Ave,,Troy,NY,36,12180,1,"Metropolitan area core: primary flow within an urbanized area of 50,000 and greater",US,Internal Medicine,S,4416,10068.133333333,495011.4,295084,336,,3835,8850.1666666667,410595.13,259812,,291,,749,372470.4,,3634,120007.44,,33,2533.56,,2332,248589.33,,2084,246422.07,,1235,144423.89,,3181,350587.51,61,500.69,1489,14,1.3813405797101,0,0,0,0,0,103,9503.07,68,*,,,*,,71.964285714286,45,160,94,37,141,195,295,15,,11,,12,60,276,1.2831463679712
1356399844,Rush,Jack,D,M.D.,I,909 Strawberry Ln,,Clayton,NY,36,13624,10.1,"Secondary flow 30% to <50% to a urbanized area of 50,000 and greater",US,Family Practice,S,9941,17426,744128.77,507162,703,,8788,15810.066666667,663405.81,460292,,603,,1427,532242.93,,8401,208439.48,,113,3446.36,,3983,275882.18,,5958,468246.59,,3713,258054.69,,6228,486074.08,278,11707.73,7016,71,2.7964993461422,28,971.76,824,,10.071942446043,140,3868.46,105,,37,1564.02,*,,72.836415362731,100,309,196,98,397,306,678,,,0,,20,199,504,1.236997707933
1356434104,Chen,Bo,,M.D,I,98 E Broadway,Lower Level,New York,NY,36,10002,1,"Metropolitan area core: primary flow within an urbanized area of 50,000 and greater",US,Internal Medicine,S,14033,15334.8,1751007.59,446198,298,,13637,14914,1717129.03,434182,,282,,3409,1441533.18,,10437,304854.07,,187,4620.34,,11921,1511312.57,,2112,239695.02,,13769,1691471.57,,264,59536.02,,,,,,,,,,,210,1342.61,120,,13,140.01,*,,72.208053691275,16,182,84,16,148,150,,0,293,,0,0,283,15,1.1728110927838
1356434575,Posner,Joel,I,MD,I,941 Burke Ave,,Bronx,NY,36,10469,1,"Metropolitan area core: primary flow within an urbanized area of 50,000 and greater",US,Internal Medicine,S,7396,16976.8,680732.06,503978,827,,6704,15691.533333333,609671.39,466158,,738,,1312,513991.57,,5894,159866.38,,190,6874.11,,5626,527562.9,,1770,153169.16,,3802,370076.03,,3594,310656.03,17,69.6,139,14,0.22985397512169,0,0,0,0,0,29,286.8,26,*,,,*,,74.460701330109,89,328,290,120,522,305,51,340,,385,,39,354,473,1.4552396660829
1356447064,Merker,Edward,,M.D.,I,325 E 79th St,Suite A1,New York,NY,36,10075,1,"Metropolitan area core: primary flow within an urbanized area of 50,000 and greater",US,Endocrinology,S,7050,11994.166666667,1100195.3,353323,488,,6519,11235.1,1025928.88,330856,,462,,2064,931668.37,,4819,159596.98,,167,8929.95,,2311,439363.38,,4739,660831.92,,1465,265974.12,,5585,834221.18,121,15525.96,3570,23,1.7163120567376,17,11156.29,510,,14.04958677686,68,2192.15,42,*,,,*,,74.25,26,239,169,54,291,197,315,74,20,55,0,24,66,422,1.2211394294079
1356448708,Charap,Mitchell,,M.D.,I,530 First Avenue Suite 7b,Nyu Medical Center,New York,NY,36,10016,1,"Metropolitan area core: primary flow within an urbanized area of 50,000 and greater",US,Internal Medicine,S,2777,5297.6333333333,180580.67,155468,241,,2739,5235.6333333333,180052.81,153608,"#",,"#",,,,2301,56803.92,*,,,,379,21820.66,,2398,158760.01,,143,8650.84,,2634,171929.83,22,333.61,295,,0.79222182211019,0,0,0,,0,42,2056.48,32,,19,1186.26,*,,77.427385892116,,,,,133,108,200,15,,,0,14,13,228,1.1089516089976
1356547129,Natal,Elizabeth,,M.D.,I,81 S Broadway,,Yonkers,NY,36,10701,1,"Metropolitan area core: primary flow within an urbanized area of 50,000 and greater",US,Family Practice,S,2127,2830.9666666667,113990.7,82752,233,,1606,2227.5,81944.74,65119,,177,,351,92354.03,,1711,18782.02,,65,2854.65,,1547,75359.35,,580,38631.35,,2022,112833.3,,105,1157.4,,,,,,,,,,,,,,*,,,*,,69.80686695279,56,96,61,20,146,87,16,59,,150,0,,202,31,1.4697406023256
1356629240,Griffin,Judith,L,MD,I,217 N Aurora St,"#2",Ithaca,NY,36,14850,1,"Metropolitan area core: primary flow within an urbanized area of 50,000 and greater",US,Internal Medicine,S,2834,6224.3333333333,221780.34,179486,254,,2471,5720.1333333333,185468.63,166186,,237,,430,150043.75,,2386,70746.7,,18,989.89,,1102,80557.91,,1732,141222.43,,565,43818.74,,2269,177961.6,115,4927.13,2547,22,4.0578687367678,13,1881.33,365,,11.304347826087,93,3138.97,44,,0,0,,0,73.318897637795,17,139,64,34,112,142,229,,,,0,15,30,224,1.0585992929864
1356663512,Imperato,Daniela,,,I,645 Rossville Ave,,Staten Island,NY,36,10309,1,"Metropolitan area core: primary flow within an urbanized area of 50,000 and greater",US,Pharmacist,T,14,14,2006.25,14,14,"#",,,,,"#",,,14,2006.25,,0,0,,0,0,*,,,"#",,,,0,0,,14,2006.25,0,0,0,0,0,0,0,0,0,,0,0,0,*,,,*,,72.571428571429,,,,,,,,0,,0,0,,0,14,0.94185714285714
1356754287,Revels,Seth,M,MD,I,701 N Broadway,,Sleepy Hollow,NY,36,10591,1,"Metropolitan area core: primary flow within an urbanized area of 50,000 and greater",US,Family Practice,S,3984,9317.7666666666,166584.93,266164,980,,3660,8697.1333333333,155648.95,249041,,914,,887,96685.07,,3058,68333.03,,39,1566.83,,3949,165317.45,,35,1267.48,,692,27903.64,,3292,138681.29,335,8137.38,8000,145,8.4086345381526,28,773.44,774,13,8.3582089552239,163,3529.2,139,*,,,*,,74.026530612245,66,494,282,138,538,442,753,37,,134,,34,99,881,1.2354289020955
1366406365,Myers,Michael,,M.D.,I,2000 Empire Blvd,Suite 150,Webster,NY,36,14580,1,"Metropolitan area core: primary flow within an urbanized area of 50,000 and greater",US,Internal Medicine,S,6386,12963.933333333,514372.08,377027,479,,5847,12150.1,492285.47,353999,,448,,978,359582.85,,5363,152750.61,,45,2038.62,,5441,433273.3,,945,81098.78,,1087,87479.6,,5299,426892.48,230,7028.59,6750,45,3.6016285624804,13,756.66,540,,5.6521739130435,117,2900.05,78,*,,,*,,73.020876826722,31,262,133,53,244,235,426,23,,,0,17,51,428,1.1872096680791
1366418345,Rich,Ellen,,MD,I,3980 Sheridan Dr,6th Floor,Amherst,NY,36,14226,1,"Metropolitan area core: primary flow within an urbanized area of 50,000 and greater",US,Internal Medicine,S,3865,7232.9,322044.45,208881,522,,3229,6307.9,278865.42,182443,,446,,663,239534.4,,3187,81856.26,,15,653.79,,2207,144182.51,,1658,177861.94,,1095,90562,,2770,231482.45,199,7488.01,5721,55,5.1487710219922,33,4670.04,970,12,16.582914572864,107,3349.4,74,*,,,*,,72.57662835249,76,234,145,67,384,138,402,83,17,,,12,108,414,1.3119208262303
1366422883,Nordlicht,Kenneth,A,MD,I,410 Lakeville Rd,,New Hyde Park,NY,36,11042,1,"Metropolitan area core: primary flow within an urbanized area of 50,000 and greater",US,Internal Medicine,S,5209,10544.066666667,502216.14,311398,395,,4847,9932.9333333333,439134.29,293547,,374,,855,373703.4,,4316,126917.73,,38,1595.01,,1995,176370.34,,3214,325845.8,,1059,131008.6,,4150,371207.54,75,4151.26,2022,17,1.4398157035899,0,0,0,0,0,90,1048.23,73,,12,161.07,*,,73.767088607595,21,217,108,49,179,216,280,54,,26,,22,48,347,0.99345080381079
1366423295,Milos,Jovan,,M.D.,I,6638 Forest Avenue,,Ridgewood,NY,36,11385,1,"Metropolitan area core: primary flow within an urbanized area of 50,000 and greater",US,Internal Medicine,S,4862,8655.1,411432.51,252056,312,,4129,7507.8666666667,335154.96,218885,,267,,827,325920,,3962,82189.35,,73,3323.16,,2580,224689.15,,2282,186743.36,,3168,283252.08,,1694,128180.43,37,311.15,655,21,0.76100370218017,0,0,0,0,0,83,888.48,58,*,,,*,,71.996794871795,45,144,95,28,159,153,233,,,36,0,28,160,152,1.1377616307304
1366438228,Rosenberg,Peter,M,MD,I,2619 212th St,,Bayside,NY,36,11360,1,"Metropolitan area core: primary flow within an urbanized area of 50,000 and greater",US,Internal Medicine,S,9724,21817.633333333,621394.51,640396,907,,9338,21179.733333333,606290.74,622076,,878,,1285,398819.64,,8417,221407.02,,22,1167.85,,3879,242487.03,,5845,378907.48,,1148,86168.69,,8576,535225.82,75,15051.32,2058,22,0.77128753599342,20,13968.03,580,,26.666666666667,243,2348.45,163,,22,2831.35,*,,77.582138919515,29,348,296,234,581,326,784,24,26,35,0,38,76,831,1.0924486225437
1366444259,Mellow,Ellen,,MD,I,115 E 57th St,Ste 510,New York,NY,36,10022,1,"Metropolitan area core: primary flow within an urbanized area of 50,000 and greater",US,Cardiology,S,2583,4728.2666666667,169309.87,139645,200,,2486,4585.2666666667,162445.26,135487,"#",,,444,110779.42,,2139,58530.45,,0,0,,245,14892.17,,2338,154417.7,,239,13679.71,,2344,155630.16,,,,,,,,,,,28,287.09,24,*,,,*,,75.385,,,,,133,67,169,,,12,0,,15,185,1.0521132579773
1366447716,Daly,Erik,S,MD,I,739 Irving Ave,Ste 200,Syracuse,NY,36,13210,1,"Metropolitan area core: primary flow within an urbanized area of 50,000 and greater",US,Internal Medicine,S,6123,11899.733333333,511159.4,334069,1053,,5664,11060.533333333,467793.1,309819,,1005,,1793,408273.34,,4273,99668.45,,57,3217.61,,2389,180367.28,,3734,330792.12,,923,72457.05,,5200,438702.35,63,1971.04,1603,19,1.0289073983341,,,,,,60,467.72,48,,13,217.22,*,,73.946818613485,48,549,342,114,549,504,924,51,12,,,58,71,982,0.95793592329616
1366447831,Algase,Leslie,F,MD,I,625 Panorama Trail,"Bldg 3, Ste 100",Rochester,NY,36,14625,1,"Metropolitan area core: primary flow within an urbanized area of 50,000 and greater",US,Internal Medicine,S,5169,11644.366666667,381377.35,341467,393,,5026,11404,379085.82,334440,,375,,721,265851.85,,4373,112844.67,,75,2680.83,,4428,305896.59,,741,75480.76,,726,53648.36,,4443,327728.99,88,1089.69,1570,30,1.7024569549236,,,,,,86,1223.64,69,,11,173.38,*,,75.562340966921,18,177,131,67,294,99,349,22,,,0,15,35,358,1.0152822418026
1366455248,Okere,Henry,C,MD,I,2244 Palisades Center Dr,,West Nyack,NY,36,10994,1,"Metropolitan area core: primary flow within an urbanized area of 50,000 and greater",US,Internal Medicine,S,6416,14587.933333333,868355.21,424470,666,,5965,13750.1,818387.58,400630,,605,,1219,669356.51,,5117,193005.23,,80,5993.47,,1382,185950.74,,5034,682404.47,,2003,280603.35,,4413,587751.86,119,3701.54,3613,46,1.8547381546135,,,,,,363,10408.82,229,,28,758.84,*,,73.792792792793,61,315,209,81,421,245,242,240,63,86,,,153,513,1.1696590195362
1366458895,Braverman-Panza,Jill,,MD,I,1375 Washington Ave,Suite 202,Albany,NY,36,12206,1,"Metropolitan area core: primary flow within an urbanized area of 50,000 and greater",US,Internal Medicine,S,6682,13070.166666667,769083.45,382032,482,,6416,12673.6,739922.15,370775,,462,,1116,560316.06,,5506,206994.63,,60,1772.76,,3946,382310,,2736,386773.45,,558,72000.11,,6124,697083.34,238,10628.19,6279,51,3.5618078419635,11,3571.48,510,,4.6218487394958,154,2968.18,96,*,,,*,,72.877593360996,20,300,118,44,410,72,437,13,,,0,21,25,457,0.99508362270695
1366507261,Urena,Andres,F,MD,I,10419 Lefferts Blvd,,Richmond Hill,NY,36,11419,1,"Metropolitan area core: primary flow within an urbanized area of 50,000 and greater",US,Internal Medicine,S,3347,7717.2333333333,362241.89,227096,295,,2868,6722.3666666667,285939.76,197922,,255,,690,315609.78,,2577,41843.11,,80,4789,,3015,326788.66,,332,35453.23,,2577,292428.78,,770,69813.11,0,0,0,0,0,0,0,0,0,,42,239.1,37,*,,,*,,72.037288135593,40,146,81,28,163,132,,14,17,229,,17,174,121,1.0562315680203
1366529687,Morton,Tatyana,Z,M.D.,I,622 W 168th St,,New York,NY,36,10032,1,"Metropolitan area core: primary flow within an urbanized area of 50,000 and greater",US,Internal Medicine,S,3604,6419.0333333333,233697.74,186561,341,,3437,6130.0333333333,220341.28,178363,,317,,706,175418.51,,2872,57119.54,,26,1159.69,,1088,65140.86,,2516,168556.88,,984,72613.18,,2620,161084.56,69,1597.95,1994,16,1.9145394006659,,,,,,84,636.45,67,*,,,*,,75.445747800587,24,141,119,57,267,74,249,42,,23,,19,50,291,1.0698710695551
1366550162,Minnella,Bernedette,P,MD PLLC,I,300 White Spruce Blvd,Suite 100,Rochester,NY,36,14623,1,"Metropolitan area core: primary flow within an urbanized area of 50,000 and greater",US,Internal Medicine,S,6333,12667,412853.56,361614,396,,5464,11426.333333333,366309.09,327067,,361,,802,267940.24,,5494,142673.97,,37,2239.35,,4986,304247.87,,1347,108605.69,,1381,114567.55,,4952,298286.01,187,4926.42,4985,40,2.9527869887889,13,957.14,390,,6.951871657754,256,8673.67,131,,28,234.75,*,,73.219696969697,35,190,122,49,268,128,324,51,,,0,12,45,351,1.1448588138291
1366598021,Gozun,Benjamin,,MD,I,5923 16th Ave,,Brooklyn,NY,36,11204,1,"Metropolitan area core: primary flow within an urbanized area of 50,000 and greater",US,Family Practice,S,3182,5753.7666666667,221941.12,169902,235,,2638,5036.4333333333,173408.48,148865,,194,,551,176596.43,,2590,43412.21,,41,1932.48,,2060,146364.55,,1122,75576.57,,1791,157847.35,,1391,64093.77,0,0,0,0,0,0,0,0,0,,53,2519.15,39,*,,,*,,71.221276595745,41,103,66,25,140,95,49,130,,33,,17,94,141,1.0546028368794
1366636623,Mihaleva,Velitchka,V,MD,I,107 W 4th St,,Mount Vernon,NY,36,10550,1,"Metropolitan area core: primary flow within an urbanized area of 50,000 and greater",US,Internal Medicine,S,2327,2944.9666666667,77656.19,85809,132,,2021,2598.9666666667,71790.05,75787,,109,,316,57637.51,,1919,16150.18,,92,3868.5,,1632,51634.98,,695,26021.21,,2001,74993.17,,326,2663.02,,,,,,,,,,,33,431.24,25,,0,0,,0,69.840909090909,23,70,26,13,96,36,,94,,17,0,14,102,30,1.0760669191919
1366642142,Karoff,Thomas,M,DO,I,110 S. Bedford Rd,"Caremount Medical, Pc",Mt Kisco,NY,36,10549,1,"Metropolitan area core: primary flow within an urbanized area of 50,000 and greater",US,Internal Medicine,S,4180,8431.5,173635.02,243754,460,,4042,8203.1666666667,168129.82,237283,,442,,569,80637.1,,3597,92577.17,,14,420.75,,1220,44599.27,,2960,129035.75,,542,18695.34,,3638,154939.68,26,827.04,550,12,0.62200956937799,,,,,,169,3020.87,112,,0,0,,0,75.321739130435,18,205,165,72,192,268,406,,11,19,,17,44,416,1.0328671349936
1366688152,Lei,Jun,,M.D.,I,13329 41st Rd Ste 1b,,Flushing,NY,36,11355,1,"Metropolitan area core: primary flow within an urbanized area of 50,000 and greater",US,Internal Medicine,S,3385,3610.0333333333,267576.24,100353,78,,3221,3446.0333333333,253459.61,95746,"#",,,535,214867.95,,2746,48695.31,,104,4012.98,,2973,235187.3,,412,32388.94,,3290,266705.96,,95,870.28,53,242.12,408,27,1.5657311669129,0,0,0,0,0,102,1362.58,37,,16,89.37,*,,72.294871794872,,,,,44,34,,0,77,,0,0,,,1.1411717927593
1366731572,Ryan,Anne,B,MD,I,167 Sullys Trl,Ste 100,Pittsford,NY,36,14534,1,"Metropolitan area core: primary flow within an urbanized area of 50,000 and greater",US,Internal Medicine,S,2489,4834.9666666667,103292.06,139476,247,,2283,4562.8333333333,91617.72,131854,,220,"#",,,,2240,52847.14,*,,,,1932,76775.37,,557,26516.69,,264,8073.63,,2225,95218.43,67,2231.24,1699,18,2.691844114102,,,,,,81,825.61,43,*,,,*,,72.534412955466,27,121,72,27,170,77,227,,,,0,11,26,221,0.90727530364372
1366769796,Fasanello,Joseph,F,M.D.,I,3950 E Robinson Rd,Suite 207,West Amherst,NY,36,14228,1,"Metropolitan area core: primary flow within an urbanized area of 50,000 and greater",US,Family Practice,S,7271,12113.9,536807.64,342651,767,,5944,9912.3666666667,423226.49,279617,,625,,1163,393771.21,,6045,140334.36,,63,2702.07,,4532,325057.43,,2739,211750.21,,3098,231060.65,,4173,305746.99,177,12485.82,4883,59,2.4343281529363,17,5722.78,510,,9.6045197740113,148,2852.2,104,,37,478.16,,11,71.749674054759,142,338,180,107,435,332,705,25,,17,,16,206,561,1.3877318726158
1376500132,Schwarzmueller,Sarah,J,FNP,I,3 Gates Cir,,Buffalo,NY,36,14209,1,"Metropolitan area core: primary flow within an urbanized area of 50,000 and greater",US,Nurse Practitioner,S,74,74,11325.15,74,60,"#",,,,,"#",,,74,11325.15,,0,0,,0,0,,50,7632.15,,24,3693,*,,,"#",,,0,0,0,0,0,0,0,0,0,,0,0,0,*,,,*,,75.033333333333,,,,,35,25,56,,0,0,0,,,,1.09625
1376500157,Halsdorfer,Andrew,W,DO,I,325 Essjay Rd,Suite110,Williamsville,NY,36,14221,1,"Metropolitan area core: primary flow within an urbanized area of 50,000 and greater",US,Family Practice,S,6466,13678.633333333,321353.69,402691,422,,6333,13393.633333333,318084.9,394300,,410,,805,213747.64,,5639,105925.62,,22,1680.43,,4664,216797.61,,1802,104556.08,,298,10111.08,,6168,311242.61,89,1092.66,1642,15,1.3764305598515,0,0,0,0,0,85,1364.45,67,,12,74.6,*,,75.336492890995,12,209,135,66,202,220,396,,0,,,12,18,404,1.1853917929836
1376509240,Zito,Gene,M,MD,I,61 Monroe Ave,Suite A,Pittsford,NY,36,14534,1,"Metropolitan area core: primary flow within an urbanized area of 50,000 and greater",US,Internal Medicine,S,4762,8223,348250.96,237422,184,,4444,7791,301223.18,225358,,172,,706,234074.17,,4023,112577,,33,1599.79,,3040,176897.19,,1722,171353.77,,719,78714.29,,4043,269536.67,195,13796.25,5561,37,4.094918101638,41,9725.86,1204,,21.025641025641,196,2700.39,79,,62,4154.21,*,,77.423913043478,12,64,55,53,99,85,165,,,0,0,,17,167,1.189758423913
1376523688,Dercola,Kelly,S,MD,I,368 Broadway,,Kingston,NY,36,12401,1,"Metropolitan area core: primary flow within an urbanized area of 50,000 and greater",US,Internal Medicine,S,9153,17985.366666667,620143.88,527439,558,,8730,17311.6,592159.51,508698,,505,,1351,442206.43,,7740,175522.92,,62,2414.53,,2927,149130.3,,6226,471013.58,,1187,108384.64,,7966,511759.24,188,18728.4,4737,41,2.0539713755053,15,7612.72,381,,7.9787234042553,185,4162.84,130,,40,1124.36,*,,76.23476702509,53,176,200,129,379,179,522,14,,,0,14,70,488,1.1632748037908
1376531780,Goldberg,Harvey,,MD,I,425 E 61st St,6th Floor,New York,NY,36,10065,1,"Metropolitan area core: primary flow within an urbanized area of 50,000 and greater",US,Cardiology,S,6992,13600.133333333,757296.76,401753,685,,6911,13447.133333333,743657.88,397255,"#",,"#",,,,5426,180835.59,*,,,,172,16185.3,,6820,741111.46,,206,16248.89,,6786,741047.87,34,1031.12,859,16,0.4862700228833,0,0,0,0,0,111,2234.14,77,*,,,*,,79.929927007299,,,,,365,320,642,,,,0,22,14,671,1.3243396572207
1376546077,Holobinko,Carol,L,DO,I,7603 Route 54,,Bath,NY,36,14810,7,"Small town core: primary flow within an urban cluster of 2,500 to 9,999",US,Internal Medicine,S,11005,20950.433333333,898251,611227,624,,9327,18605.1,775746.6,543542,,552,,1777,652537.41,,9124,241088.63,,104,4624.96,,5759,463617.82,,5246,434633.18,,3761,302223.34,,7244,596027.66,258,9797,6993,52,2.3443889141299,,,,,,270,3661.5,157,,30,4654.33,*,,73.147435897436,72,288,181,83,455,169,608,,0,,0,,133,491,1.1453771018406
1376548032,Patelli,Annamaria,,M.D.,I,1046 Esther St,"Jemtel Med, P.C.",Franklin Square,NY,36,11010,1,"Metropolitan area core: primary flow within an urbanized area of 50,000 and greater",US,Internal Medicine,S,4225,9639.5333333333,328874.93,282379,358,,3903,9133.5333333333,302343.23,267484,,331,,663,222073.21,,3531,105234.05,,31,1567.67,,1375,76050.99,,2850,252823.94,,1074,111334.36,,3151,217540.57,,,,,,,,,,,67,845.52,53,,42,3172.14,*,,75.740223463687,27,139,120,72,264,94,315,17,,14,0,,68,290,1.0682788640596
1376551333,Wagley,Bhupendra,P,MD,I,8502 Fort Hamilton Pkwy,Suite 1e,Brooklyn,NY,36,11209,1,"Metropolitan area core: primary flow within an urbanized area of 50,000 and greater",US,Internal Medicine,S,14436,18595,893178.62,546219,493,,13172,17145.866666667,810161.22,503853,,440,,2340,685298.61,,11558,185952.74,,538,21927.27,,8888,525047.39,,5548,368131.23,,11708,739676.72,,2728,153501.9,54,951.26,1111,15,0.37406483790524,0,0,0,0,0,78,1724.69,45,,33,1999.78,*,,73.943204868154,53,221,149,70,316,177,122,,30,313,,14,316,177,1.3537988006892
1376555417,Erlebacher,Mark,S,M.D.,I,739 Irving Ave,Suite 200,Syracuse,NY,36,13210,1,"Metropolitan area core: primary flow within an urbanized area of 50,000 and greater",US,Internal Medicine,S,6727,14556.066666667,596301.61,418984,553,,6633,14344.566666667,592674.74,412766,"#",,,1155,404684.16,,5474,186880.87,,98,4736.58,,3261,269137.18,,3466,327164.43,,1173,67368.09,,5554,528933.52,37,314.83,262,21,0.55002229820128,,,,,,91,1356.63,49,,38,486.34,*,,77.830018083183,,,,,286,267,501,14,,,,33,102,451,1.1041485671436
1376561910,Long,Jeffrey,C,M.D.,I,35 Lyon St,,Naples,NY,36,14512,10.1,"Secondary flow 30% to <50% to a urbanized area of 50,000 and greater",US,Family Practice,S,10539,16191.533333333,640115.75,468059,543,,8223,13311.766666667,459619.85,385176,,461,,1620,448585.9,,8874,189066.76,,45,2463.09,,6551,381378.84,,3988,258736.91,,3850,278968.74,,6689,361147.01,455,17190.85,11713,81,4.3172976563241,83,6261.74,2472,,18.241758241758,268,8071.26,136,,47,3221.84,*,,72.02394106814,82,244,167,50,305,238,516,,,,,21,128,415,1.125423619357
1376563452,Fusella,Joseph,P,D.O.,I,2125 River Rd,Suite 202,Schenectady,NY,36,12309,1,"Metropolitan area core: primary flow within an urbanized area of 50,000 and greater",US,Family Practice,S,10441,17511.3,702375.82,509736,645,,9240,15823.966666667,582983.25,461510,,583,,1637,478203.41,,8762,221228.63,,42,2943.78,,7921,503707.26,,2520,198668.56,,1913,189221.74,,8528,513154.08,310,31668.25,8529,58,2.9690642658749,56,23793.56,1655,,18.064516129032,220,7801.34,132,,53,976.98,*,,73.989147286822,62,303,178,102,406,239,585,30,,,,16,85,560,1.1939892681346
1376569269,Scardina,Eric,C,M.D.,I,161 Madison Ave,Suite 9ne,New York,NY,36,10016,1,"Metropolitan area core: primary flow within an urbanized area of 50,000 and greater",US,Internal Medicine,S,992,1549.0333333333,358031.57,42568,52,,934,1473.5333333333,323562.62,40580,"#",,"#",,,,661,21642.96,*,,,,51,21516.27,,941,336515.3,,153,28608.81,,839,329422.76,13,490.01,313,,1.3104838709677,0,0,0,,0,52,594.05,21,,0,0,*,,73.673076923077,,,,,18,34,45,,,0,0,,,,1.0286538461538
1376572842,Gupta,Mala,R,M.D.,I,2400 S Clinton Ave,Bldg G-2,Rochester,NY,36,14618,1,"Metropolitan area core: primary flow within an urbanized area of 50,000 and greater",US,Internal Medicine,S,5826,10941.133333333,405815.98,320260,379,,5119,9959.1,357278.15,291770,,350,,858,256828.83,,4939,147803.49,,29,1183.66,,4609,315442.15,,1217,90373.83,,947,97641.09,,4879,308174.89,130,2707.01,3810,48,2.2313765877103,,,,,,82,1399.97,61,*,,,*,,73.419525065963,29,198,115,37,283,96,313,35,,,0,22,31,348,1.0948161454093
1376573998,Courtsal,Charles,F,M.D.,I,2400 S Clinton Ave,Bldg H Suite 230,Rochester,NY,36,14618,1,"Metropolitan area core: primary flow within an urbanized area of 50,000 and greater",US,Internal Medicine,S,10182,18409.466666667,678705.84,528504,748,,8626,16363.833333333,549317.32,472918,,682,,1375,463138.01,,8733,212355.97,,74,3211.86,,8047,496326.39,,2135,182379.45,,2415,243875.54,,7767,434830.3,556,59708.97,14640,103,5.4606167747005,140,47356.83,4291,20,25.179856115108,298,21613.03,156,,57,4739.4,,13,74.005347593583,66,330,247,105,397,351,642,48,,11,,42,80,668,1.0088509940166
1376574293,Litt,Anne Beth,,M.D.,I,20 Hospital Oval West,,Valhalla,NY,36,10595,1,"Metropolitan area core: primary flow within an urbanized area of 50,000 and greater",US,Internal Medicine,S,4701,4848.8666666667,362992.27,101736,1351,,2074,2126.4666666667,239884.13,26327,,1107,"#",,,,2923,59411.19,*,,,,373,45482.31,,4328,317509.96,,3433,168882.33,,1268,194109.94,20,663.26,583,,0.42544139544778,0,0,0,,0,32,680.9,23,*,,,*,,70.00222057735,244,623,402,82,752,599,1015,122,48,87,0,79,363,988,1.0089749471287
1376575662,Norwood-Galloway,Dellis,A,MD,I,77 Pondfield Rd,,Bronxville,NY,36,10708,1,"Metropolitan area core: primary flow within an urbanized area of 50,000 and greater",US,Internal Medicine,S,4104,7194.3,342183.84,207452,314,,3955,7013.5,331649.7,202413,"#",,"#",,,,3195,101880,*,,,,960,78941.82,,3144,263242.02,,759,66910.53,,3345,275273.31,64,7147.37,1726,,1.5594541910331,20,4938.11,600,,31.25,129,13432.08,79,,31,6440.72,*,,76.09872611465,,,,,246,68,286,,,11,,,23,291,1.0788955591771
1376578419,Carthy,John,J,M.D.,I,1014 Oswegatchie Trail Rd,,Star Lake,NY,36,13690,10,"Rural areas: primary flow to a tract outside a urbanized area of 50,000 and greater or UC",US,Family Practice,S,6680,11392.6,488358.17,332687,290,,4974,8913.6,319596.37,260263,,218,,1056,360694.79,,5549,124832.03,,75,2831.35,,1873,185240.21,,4807,303117.96,,3761,316316.08,,2919,172042.09,295,11270.63,8170,56,4.4161676646707,74,5079.41,2180,,25.084745762712,94,2050.63,51,,101,2917.37,,13,71.258620689655,72,93,84,41,121,169,284,,0,,0,,107,183,1.3270390799067
1376602201,Gorski,Lydia,E,M.D.,I,820 Jericho Tpke,,New Hyde Park,NY,36,11040,1,"Metropolitan area core: primary flow within an urbanized area of 50,000 and greater",US,Internal Medicine,S,5749,13861.833333333,488810.5,406527,565,,5602,13613.633333333,474471.22,399576,,540,,1140,330170.17,,4560,156511.68,,49,2128.65,,1596,144874.63,,4153,343935.87,,1184,124405.72,,4565,364404.78,,,,,,,,,,,190,2104.94,139,*,,,*,,76.575221238938,25,228,189,123,426,139,490,17,17,19,0,22,74,491,1.1921916694532
1376612242,Schrem,Stanley,S,M.D.,I,635 Madison Ave,3rd Floor,New York,NY,36,10022,1,"Metropolitan area core: primary flow within an urbanized area of 50,000 and greater",US,Cardiology,S,5426,9354.6666666667,417196.46,275063,356,"#",,,,,"#",,"#",,,,4048,122846.03,*,,,,65,5169.41,,5361,412027.05,,325,18773.68,,5101,398422.78,,,,,,,,,,,119,3376.58,76,*,,,*,,79.151685393258,,,,,193,163,333,0,,,0,15,11,345,1.1243623290673
1376623314,Elias,Rahel,,M.D.,I,6910 108th St,Suite 1h,Forest Hills,NY,36,11375,1,"Metropolitan area core: primary flow within an urbanized area of 50,000 and greater",US,Internal Medicine,S,2016,3579.2666666667,101704.13,104777,202,,1844,3352.2666666667,82430.59,98074,,187,,268,64401.35,,1736,37060.48,,12,242.3,,1194,61297.05,,822,40407.08,,566,35596.34,,1450,66107.79,37,1307.96,1048,,1.8353174603175,0,0,0,,0,46,713.29,35,*,,,*,,75.762376237624,15,80,72,35,157,45,138,22,18,17,,,44,158,1.0577581874174
1376702035,Mehta,Kinner,A,M.D.,I,1020 Vestal Pkwy E,,Vestal,NY,36,13850,1,"Metropolitan area core: primary flow within an urbanized area of 50,000 and greater",US,Internal Medicine,S,7881,17911.9,380126.79,528547,722,,7219,16845.766666667,333817.8,497567,,657,,874,230707.61,,6986,148759.06,,21,660.12,,3412,153333.26,,4469,226793.53,,1251,79458.95,,6630,300667.84,139,5511.09,3839,44,1.7637355665525,22,2680.33,660,,15.827338129496,175,5889.37,141,*,,,*,,75.556786703601,65,249,264,144,367,355,688,,,,,11,95,627,1.1703459441454
1376776054,Patel,Sonal,,M.D.,I,11 Park Ave,Suite 1k,Mount Vernon,NY,36,10550,1,"Metropolitan area core: primary flow within an urbanized area of 50,000 and greater",US,Internal Medicine,S,2885,5942.1,263394.15,173391,198,,2016,4519.9,165143.56,132239,,163,,534,198365.51,,2289,62156.5,,62,2872.14,,1483,128908.3,,1402,134485.85,,2198,222599.76,,687,40794.39,107,1893.87,3195,23,3.7088388214905,0,0,0,0,0,86,515.42,65,*,,,*,,71.560606060606,35,91,50,22,139,59,16,119,,43,,12,111,87,1.1989215583397
1376854646,Vachon,Cary,,DO,I,3757 Carman Rd,Suite 100,Schenectady,NY,36,12303,1,"Metropolitan area core: primary flow within an urbanized area of 50,000 and greater",US,Family Practice,S,4918,11731.9,353848.89,347894,486,,4707,11328.9,346713.55,336322,,463,,661,234089.75,,4241,119003.48,,16,755.66,,3129,241724.68,,1789,112124.21,,621,42405.59,,4297,311443.3,45,1133.45,1070,12,0.91500610004067,0,0,0,0,0,29,370.29,23,,15,77.79,*,,74.997942386831,23,224,162,77,260,226,458,,,,0,13,44,442,1.0646937524483
1386081545,Dunn,Geoffrey,S,M.D.,I,68 E 161st St Fl 13,,Bronx,NY,36,10451,1,"Metropolitan area core: primary flow within an urbanized area of 50,000 and greater",US,Family Practice,S,4705,9309.1,194391.36,260157,360,,3872,7944.4,165776.44,225307,,318,,793,103459.02,,3855,89745.21,,57,1187.13,"#",,,*,,,,694,28829.32,,4011,165562.04,791,19227.95,13986,107,16.811902231668,124,4350.2,2788,15,15.676359039191,77,1165.95,51,,22,784.84,*,,71.563888888889,42,197,94,27,150,210,330,,,,0,,34,326,1.212589025967
1386601557,He,Fufu,,M.D,I,1508 Avenue U,,Brooklyn,NY,36,11229,1,"Metropolitan area core: primary flow within an urbanized area of 50,000 and greater",US,Family Practice,S,19399,28647.533333333,2508426.08,826964,984,,19128,28145.533333333,2466585.82,812777,,954,,5024,1962401.75,,14194,542057.72,,181,3966.61,,13227,1583854.44,,6172,924571.64,,18855,2464368.4,,544,44057.68,38,255.07,401,25,0.19588638589618,0,0,0,0,0,359,6403.73,262,,26,268.32,*,,74.225609756098,30,533,297,124,550,434,,,950,,0,16,916,68,1.0911663807622
1386604858,Brown,Jennie,L,MD,I,5100 W Taft Rd,Suite 1d,Liverpool,NY,36,13088,1,"Metropolitan area core: primary flow within an urbanized area of 50,000 and greater",US,Family Practice,S,14766,24015.266666667,1023135.3,696460,790,,12291,20726.833333333,810086.2,603823,,662,,2349,733944.57,,12193,279910.76,,224,9279.97,,8280,577388.68,,6486,445746.62,,5205,439942.4,,9561,583192.9,212,8894.64,5373,60,1.4357307327645,,,,,,307,4211.91,192,,51,1284.43,*,,71.805063291139,128,346,230,86,599,191,725,29,,,,19,190,600,1.11169520369
1386623809,Rayner,Carol,A,MD,I,65 Chapel Rd,,Waccabuc,NY,36,10597,1,"Metropolitan area core: primary flow within an urbanized area of 50,000 and greater",US,Internal Medicine,S,1738,3087.7,83070.64,88855,194,,1617,2946.7,74866.73,85135,,180,,320,55046.46,,1418,28024.18,,0,0,,517,31164.89,,1221,51905.75,,235,11109.99,,1503,71960.65,18,245.28,439,,1.0356731875719,,,,,,50,569.13,41,,20,397.96,*,,75.659793814433,14,78,60,42,156,38,168,,,,0,12,30,164,1.1028566493955
1386625275,Rackoff,Paula,,MD,I,10 Union Sq E,Suite 3d,New York,NY,36,10003,1,"Metropolitan area core: primary flow within an urbanized area of 50,000 and greater",US,Rheumatology,S,3174,4662.6,1775624.09,135103,450,,2774,4085.8,1336445.24,118338,,411,,719,1647480.22,,2416,126634.71,,39,1509.16,,684,554965.23,,2490,1220658.86,,447,410669.94,,2727,1364954.15,119,5284.57,2687,38,3.7492123503466,12,1056.01,340,,10.084033613445,52,828.74,30,*,,,*,,72.695555555556,39,237,134,40,371,79,339,35,11,37,0,28,55,395,1.3024567119252
1386644540,Steinwachs,Donna,M,NP,I,18 Limestone Dr,Suite 5,Williamsville,NY,36,14221,1,"Metropolitan area core: primary flow within an urbanized area of 50,000 and greater",US,Nurse Practitioner,S,2407,4584.1666666667,103331.5,130567,315,,2200,4156.6666666667,91892.95,118382,,284,"#",,,,2140,58674.21,*,,,,1916,74617.58,,491,28713.92,,596,25501.44,,1811,77830.06,47,1160.49,1262,18,1.9526381387619,0,0,0,0,0,145,1106.58,99,*,,,*,,72.552380952381,31,170,80,34,224,91,294,13,0,,0,,45,270,1.1466039351056
1386663003,Martin,Kristen,H,M.D.,I,286 Stage Rd,,Charlton,NY,36,12019,1,"Metropolitan area core: primary flow within an urbanized area of 50,000 and greater",US,Family Practice,S,4124,7803.2,213617.17,223207,437,,3904,7482.2,206614.89,214152,,415,,563,133973.82,,3549,79056.71,,12,586.64,,2850,123533.48,,1274,90083.69,,394,11704.4,,3730,201912.77,85,1137.86,1508,28,2.0611057225994,,,,,,178,1757.65,122,*,,,*,,73.800915331808,22,222,142,51,327,110,420,,,,0,11,29,408,0.95437886481764
1386663235,Suozzi,William,G,MD,I,234 Central Park W,,New York,NY,36,10024,1,"Metropolitan area core: primary flow within an urbanized area of 50,000 and greater",US,Internal Medicine,S,6030,12074.633333333,395551.05,352610,531,,5931,11919.633333333,393085.3,348121,"#",,,955,246020.63,,5056,148851.32,,19,679.1,,1564,71563.43,,4466,323987.62,,551,34592.25,,5479,360958.8,43,9777.89,952,13,0.71310116086235,15,8947.78,421,,34.883720930233,250,4284.25,135,,43,772.71,*,,76.581920903955,,,,,296,235,450,27,,19,,25,22,509,1.0036857525798
1386672368,Donnelly,Paul,T,M.D.,I,104 S Porter St,,Watkins Glen,NY,36,14891,7,"Small town core: primary flow within an urban cluster of 2,500 to 9,999",US,Family Practice,S,6924,10953,434406.28,312299,393,,5358,8760.6,322821.95,251384,,311,,1173,335987.27,,5692,96124.29,,59,2294.72,,3091,189028.01,,3833,245378.27,,2798,194541.52,,4126,239864.76,103,997.55,1593,36,1.4875794338533,0,0,0,0,0,206,2338.27,106,*,,,*,,70.562340966921,82,153,124,34,184,209,376,,,0,0,15,127,266,1.1752938496791
1386713055,Sacolick,Daniel,D,MD,I,1436 Broadway,,Hewlett,NY,36,11557,1,"Metropolitan area core: primary flow within an urbanized area of 50,000 and greater",US,Internal Medicine,S,6675,12475.933333333,349223.42,364745,563,,6454,12091.733333333,311666.66,353508,,545,"#",,,,5655,150681.18,*,,,,702,40809,,5973,308414.42,,843,60184.97,,5832,289038.45,19,188.82,426,,0.28464419475655,0,0,0,,0,166,2507.28,131,,54,922.83,*,,78.408525754885,18,168,222,155,354,209,499,20,,13,,21,48,515,1.1741765505322
1386719599,Liu,Zoe,Z,M.D.,I,98 E Broadway,4th Floor,New York,NY,36,10002,1,"Metropolitan area core: primary flow within an urbanized area of 50,000 and greater",US,Internal Medicine,S,21804,24177.833333333,1591553.92,700066,566,,20716,23019.466666667,1500412.78,666114,,540,,3847,1227169.8,,17651,354369.47,,306,10014.65,,21285,1554942.32,,519,36611.6,,21224,1562335.96,,580,29217.96,,,,,,,,,,,268,3579.25,169,,25,263.94,*,,71.514134275618,26,386,117,37,290,276,,,558,,,,538,28,1.0188922517665
1386728210,Musto,Ronald,,,I,101 Jordan Rd,Suite 100,Troy,NY,36,12180,1,"Metropolitan area core: primary flow within an urbanized area of 50,000 and greater",US,Internal Medicine,S,5076,9726.6666666667,381320.91,283802,412,,4340,8760.1666666667,306009.19,256028,,368,,752,279739.53,,4302,100425.4,,22,1155.98,,2739,197107.89,,2337,184213.02,,1294,130029.2,,3782,251291.71,204,9986.16,5862,46,4.0189125295508,29,5445.91,852,,14.21568627451,135,1970.57,102,*,,,*,,74.961165048544,44,153,138,77,234,178,380,18,,,0,,76,336,1.2940706752568
1386729374,Haroon,Muneeb,U,M.D.,I,822 Davison Rd,,Lockport,NY,36,14094,2,"Metropolitan area high commuting: primary flow 30% or more to a urbanized area of 50,000 and greater",US,Internal Medicine,S,12855,25308.866666667,893712.53,743074,676,,11960,24072.666666667,809337.3,707135,,641,,2087,653484.24,,10635,233580.99,,133,6647.3,,7724,482504.78,,5131,411207.75,,1982,149206.87,,10873,744505.66,150,3915.99,4226,56,1.1668611435239,11,1197.82,330,,7.3333333333333,332,7740.83,214,,15,250.27,*,,75.158284023669,35,302,227,112,396,280,636,,,,0,26,49,627,1.0659353202689
1386733442,Platzer,William,,MD,I,200 North St,Suite 101,Geneva,NY,36,14456,4,"Micropolitan area core: primary flow within an urban cluster of 10,000 to 49,999",US,Internal Medicine,S,7534,12497.833333333,565079.45,362706,813,,6820,11591,515522.45,336836,,746,,1086,408855.23,,6379,153383.44,,69,2840.78,,4562,337030.28,,2972,228049.17,,1666,140220.93,,5868,424858.52,346,12973.89,9458,70,4.5925139368198,35,2736.23,1050,,10.115606936416,110,1243.34,73,,47,1862.92,,12,74.432964329643,67,359,243,144,442,371,752,23,,,0,27,124,689,0.99722145784361
1386733715,Equinozzi,Arthur,,M.D.,I,200 North St,Suite 101,Geneva,NY,36,14456,4,"Micropolitan area core: primary flow within an urban cluster of 10,000 to 49,999",US,Internal Medicine,S,14529,24388.7,1230817.55,698209,890,,11323,19765.5,847509.42,565881,,724,,2651,947004.29,,11703,276332.92,,175,7480.34,,6820,468842.28,,7709,761975.27,,7296,694354.56,,7233,536462.99,401,10718.45,10075,97,2.7599972468855,36,3584.16,1140,,8.9775561097257,290,20902.6,158,,60,3155.34,,16,72.155056179775,166,338,224,162,536,354,789,34,,39,,27,343,547,1.1896076230837
1386733764,Dorsey,Susan,,,I,1 West Ave,Suite 330,Saratoga Springs,NY,36,12866,1.1,"Secondary flow 30% to <50% to a larger urbanized area of 50,000 and greater",US,Internal Medicine,S,13604,23427.7,968704.33,672879,1154,,11452,20640.066666667,818440.85,594187,,1033,,1898,621165.39,,11625,343696.88,,81,3842.06,,7344,543091.5,,6260,425612.83,,3563,275655.56,,10041,693048.77,743,30460.42,19361,133,5.4616289326669,57,8276.28,2172,11,7.671601615074,395,6050.78,235,,103,12613.75,,25,73.590987868284,121,531,330,172,885,269,1089,14,,21,,26,185,969,1.0461906439336
1386734390,Chorny,Shameela,A,M.D.,I,1250 57th St,,Brooklyn,NY,36,11219,1,"Metropolitan area core: primary flow within an urbanized area of 50,000 and greater",US,Internal Medicine,S,2976,6263.2,252995.68,184186,321,,2759,5849.2,228191.73,172211,,298,,502,187395.32,,2452,64124.81,,22,1475.55,,727,65776.38,,2249,187219.3,,339,45998.81,,2637,206996.87,34,1884.15,1020,,1.1424731182796,,,,,,80,1053.89,56,*,,,*,,75.236760124611,23,136,104,58,202,119,239,22,13,31,0,16,38,283,1.0850162367102
1386739092,Dean,Gary,D,M.D.,I,105 Ridgehaven Dr,,Vestal,NY,36,13850,1,"Metropolitan area core: primary flow within an urbanized area of 50,000 and greater",US,Family Practice,S,14454,27262.133333333,1253662.93,798686,812,,12018,23552.5,993655.75,690688,,713,,2439,950623.85,,11962,301012.22,,53,2026.86,,5492,456095.37,,8962,797567.56,,3674,388198.44,,10780,865464.49,423,15446.74,11910,87,2.9265255292653,,,,,,193,3703.85,115,,48,4502.47,,16,73.464285714286,99,332,268,113,450,362,775,,,,,20,134,678,1.1412173402127
1386910487,Kimble,Sarah,D,,I,121a West 20th Street,,New York,NY,36,10011,1,"Metropolitan area core: primary flow within an urbanized area of 50,000 and greater",US,Internal Medicine,S,1466,3207.0333333333,161189.39,92822,156,,1372,2993.8333333333,153288.96,86731,,140,"#",,,,1147,40209.03,*,,,,464,44400.24,,1002,116789.15,,418,41766.71,,1048,119422.68,17,93.06,399,,1.1596180081855,0,0,0,,0,37,703.41,22,,0,0,,0,71.467948717949,16,86,,,114,42,93,21,,26,0,,35,121,1.1131796898249
1386960557,Hasan,Samreen,,MD,I,110 E 60th St Fl 8,,New York,NY,36,10022,1,"Metropolitan area core: primary flow within an urbanized area of 50,000 and greater",US,Internal Medicine,S,1826,3447.5,151133.3,98058,236,,1787,3354.0333333333,147805.94,95268,"#",,,305,109310.91,,1506,41140.34,,15,682.05,,181,7679.28,,1645,143454.02,,76,1455.74,,1750,149677.56,27,461.57,472,17,1.4786418400876,,,,,,106,1234.67,78,,29,345.15,*,,75.326271186441,,,,,164,72,200,13,,,0,12,,,0.93023728813559
1386968006,King,Daniel,B,MD,I,990 South Ave,Suite 207,Rochester,NY,36,14620,1,"Metropolitan area core: primary flow within an urbanized area of 50,000 and greater",US,Geriatric Medicine,S,5699,10199.3,376459.57,297483,398,,5587,10023.133333333,348780.64,292478,"#",,,750,262080.88,,4921,113231.84,,28,1146.85,,4101,244387.79,,1598,132071.78,,1242,144641.35,,4457,231818.22,137,3486.34,3483,35,2.4039305141253,16,1825.4,480,,11.678832116788,68,1002.24,42,,90,1828.24,*,,82.324120603015,,,,,265,133,361,19,,,,,59,339,1.486967617082
1396072591,Land,Malgorzata,,M.D.,I,123 W 86th St,,New York,NY,36,10024,1,"Metropolitan area core: primary flow within an urbanized area of 50,000 and greater",US,Internal Medicine,S,2479,4098.9666666667,124437.87,117759,331,,2267,3841.3,118208.54,110516,,306,"#",,,,2033,44833.21,*,,,,1238,55153.02,,1241,69284.85,,593,36398.17,,1886,88039.7,20,68.02,312,,0.80677692617991,0,0,0,,0,98,1447.38,79,,0,0,,0,72.583081570997,25,176,96,34,249,82,231,38,13,29,0,20,56,275,0.87553191641918
1396078127,Chen,Helen,H,D.O.,I,136-36 39th Ave.,5th Floor,Flushing,NY,36,11354,1,"Metropolitan area core: primary flow within an urbanized area of 50,000 and greater",US,Family Practice,S,4167,5673.1333333333,472164.61,164574,149,,3867,5265.2,437191.8,153063,,135,,1006,391576.94,,3035,75229.39,,126,5358.28,,3022,301333.38,,1145,170831.23,,3627,427720.9,,540,44443.71,,,,,,,,,,,62,571.75,36,*,,,*,,73.436241610738,14,70,43,22,98,51,,,126,12,0,,108,41,1.1008277404922
1396090411,Giterman,Igor,,M.D.,I,4771 Hylan Blvd,,Staten Island,NY,36,10312,1,"Metropolitan area core: primary flow within an urbanized area of 50,000 and greater",US,Family Practice,S,10195,23768.166666667,991784.82,699103,741,,8938,21303.733333333,873495.86,627537,,662,,1722,703381.21,,8330,281905.36,,143,6498.25,,6597,675918.95,,3598,315865.87,,1983,189074.14,,8212,802710.68,139,3588.95,2774,48,1.3634134379598,19,1726.36,555,,13.669064748201,182,2842.58,117,,27,649.87,*,,74.607287449393,79,290,239,133,423,318,600,46,31,40,0,24,109,632,1.2834006554816
1396718383,Hubicki,Walter,W,M.D.,I,77 County Route 26a,,Greenville,NY,36,12083,2,"Metropolitan area high commuting: primary flow 30% or more to a urbanized area of 50,000 and greater",US,Family Practice,S,7627,14780,843619.01,423902,463,,6657,13295.566666667,700323.5,382531,,421,,1488,649774.78,,6087,191413.53,,52,2430.7,,4370,492012.04,,3257,351606.97,,1720,266342.81,,5907,577276.2,489,90229.52,11653,48,6.4114330667366,99,77175.91,3163,11,20.245398773006,247,6523.94,144,,62,6521.06,*,,73.946004319654,42,192,175,54,245,218,447,,0,,0,13,48,415,1.07050449964
1396745931,Rogova,Elena,A,M.D.,I,2600 Netherland Ave,Ste. 110,Bronx,NY,36,10463,1,"Metropolitan area core: primary flow within an urbanized area of 50,000 and greater",US,Internal Medicine,S,3908,8531.1,363365.76,240612,280,,3723,8135.1,350622.61,229622,,266,,737,249232.6,,3141,112348.34,,30,1784.82,,944,75475.39,,2964,287890.37,,697,104735.36,,3211,258630.4,22,467.49,538,16,0.56294779938588,,,,,,221,3454.09,115,*,,,*,,76.828571428571,14,111,86,69,210,70,219,29,,21,0,,38,242,1.2072049862577
1396746087,Asante,Baah,,MD,I,30 South Broadway,,Yonkers,NY,36,10701,1,"Metropolitan area core: primary flow within an urbanized area of 50,000 and greater",US,Pediatric Medicine,S,28,31.133333333333,2309.1,797,15,,17,18.8,1938.61,506,"#",,,11,1806.24,,17,502.86,,0,0,"#",,,*,,,"#",,,*,,,0,0,0,0,0,0,0,0,0,,,,,,0,0,*,,72.333333333333,,,,,,,,,0,,0,,,,1.0714666666667
1396777199,Fingergut,Judy,,M.D.,I,181 Belle Mead Rd,Suite 2,East Setauket,NY,36,11733,1,"Metropolitan area core: primary flow within an urbanized area of 50,000 and greater",US,Family Practice,S,3128,5404.6666666667,269063.61,154359,331,,2524,4463.7333333333,197229.45,128232,,259,,536,191009.06,,2564,76391.17,,28,1663.38,,244,18079.27,,2884,250984.34,,1478,138202.38,,1650,130861.23,60,1974.47,1491,15,1.9181585677749,,,,,,67,932.74,47,,11,274.7,*,,70.555891238671,72,144,79,36,236,95,316,,,,,,120,211,1.2439406730603
1396784500,Bansal,Anuj,,M.D.,I,2212 Penfield Rd,Suite 200,Penfield,NY,36,14526,1,"Metropolitan area core: primary flow within an urbanized area of 50,000 and greater",US,Internal Medicine,S,7604,15536.4,479808.54,443292,933,,6731,14212.833333333,380378.07,406668,,825,,901,326180.06,,6667,151824.78,,36,1803.7,,4954,297267.45,,2650,182541.09,,2409,180972.85,,5195,298835.69,274,19237.83,6829,121,3.603366649132,16,12082.85,540,,5.8394160583942,206,1900.09,179,,18,974.18,*,,73.301178992497,108,408,289,128,543,390,566,11,61,264,0,31,332,601,1.1885723463258
1396820759,Hassam,Akber,,MD,I,2 Fon Clair Ter,,Johnstown,NY,36,12095,4,"Micropolitan area core: primary flow within an urban cluster of 10,000 to 49,999",US,Internal Medicine,S,18846,32035.5,1555160.81,921036,735,,17436,30083.233333333,1472178.58,865510,,685,,3066,1159085.39,,15567,385454.48,,213,10620.94,,8328,748811.69,,10518,806349.12,,7746,545204.66,,11100,1009956.15,448,16830.87,12350,83,2.3771622625491,25,5302.2,750,,5.5803571428571,787,22287.17,333,,229,3289.04,,30,76.629931972789,50,276,223,186,429,306,708,,,,0,11,182,553,1.2941273257212
1396849071,Kurtz,Arthur,S,MD,I,16 Roosevelt Ave,,Port Jefferson Station,NY,36,11776,1,"Metropolitan area core: primary flow within an urbanized area of 50,000 and greater",US,Internal Medicine,S,2902,2911.8666666667,181572.16,71680,156,,1299,1304.8666666667,83062.94,33253,,72,,427,73930.1,,2458,106461.9,,17,1180.16,,0,0,,2902,181572.16,,2827,169759.56,,75,11812.6,,,,,,,,,,,77,2948.22,29,*,,,*,,60.852564102564,84,27,29,16,83,73,132,,,,0,,110,46,1.4244586332758
1396931085,Shao,Xiyun,,M.D.,I,13633 37th Ave,Suite 6a,Flushing,NY,36,11354,1,"Metropolitan area core: primary flow within an urbanized area of 50,000 and greater",US,Internal Medicine,S,7367,7744.1,511893.14,222883,221,,7306,7653.1,498846.86,220257,"#",,,1321,371763.16,,5957,138302.47,,89,1827.51,,5948,429724.25,,1419,82168.89,,7109,496035.67,,258,15857.47,12,402.97,198,,0.16288855707887,0,0,0,,0,138,871.45,85,*,,,*,,74.809954751131,,,,,129,92,,0,211,,0,,204,17,1.3256608112657
1396959987,Mcnamara,Kristen,A,MD.,I,4104 Medical Center Dr,Suite 104,Fayetteville,NY,36,13066,1,"Metropolitan area core: primary flow within an urbanized area of 50,000 and greater",US,Family Practice,S,1975,3288.5,149202.6,94513,199,,1456,2615.3333333333,113926.77,75826,,158,,310,104318.46,,1653,44385.06,,12,499.08,,832,60922.31,,1143,88280.29,,894,62412.28,,1081,86790.32,28,354.57,603,12,1.4177215189873,0,0,0,0,0,27,413.68,21,,20,927.72,*,,70.86432160804,41,88,49,21,129,70,173,17,0,,,,48,151,1.0656909547739
1396989059,Halloran,Mary,K,MD,I,66 Park Street,,Elizabethtown,NY,36,12932,10,"Rural areas: primary flow to a tract outside a urbanized area of 50,000 and greater or UC",US,Family Practice,S,9264,14668.666666667,696717.11,422205,577,,6573,11067.666666667,509861.78,319167,,436,,1441,510632.25,,7717,179431.34,,106,6653.52,,2382,143045.95,,6882,553671.16,,4341,328696.95,,4923,368020.16,445,29011.95,11751,80,4.8035405872193,126,16628.82,3712,15,28.314606741573,215,7955.72,135,,85,1538.98,,17,70.485268630849,141,208,150,78,354,223,540,12,,13,,11,218,359,1.0838384347998
1407055734,Portuese,Thomas,G,MD,I,100 Broad St,,Glens Falls,NY,36,12801,1,"Metropolitan area core: primary flow within an urbanized area of 50,000 and greater",US,Family Practice,S,4747,8005.6,606294.08,217638,679,,2226,4026.8333333333,177950.55,110553,,372,,904,520723.03,,3785,82481.53,,58,3089.52,,2164,214452.66,,2583,391841.42,,3438,528237.87,,1309,78056.21,368,8609.39,8664,99,7.7522645881609,26,3210.33,670,15,7.0652173913043,257,29170.03,217,*,,,*,,62.770250368189,307,231,110,31,349,330,637,12,,,,14,376,303,1.2479931663882
1407088586,Potts,Rebecca,A,PHARMD,I,307 6th Ave,,New York,NY,36,10014,1,"Metropolitan area core: primary flow within an urbanized area of 50,000 and greater",US,Pharmacist,T,51,51,7612.97,51,49,,51,51,7612.97,51,,49,,51,7612.97,,0,0,,0,0,,11,1696.27,,40,5916.7,*,,,"#",,,0,0,0,0,0,0,0,0,0,,0,0,0,,0,0,,0,74.122448979592,0,30,,,27,22,46,0,,0,0,,,,0.90339115646258
1407131253,Snyder,Jaclyn,K,R-PAC,I,9677 Brewerton Rd,,Brewerton,NY,36,13029,1,"Metropolitan area core: primary flow within an urbanized area of 50,000 and greater",US,Physician Assistant,S,2982,5157.9,223686.77,148091,271,,2112,3902.2333333333,144880.72,112442,,214,,558,173363.76,,2403,49502.54,,21,820.47,,1611,102070.15,,1371,121616.62,,1033,106474.61,,1949,117212.16,,,,,,,,,,,112,1726.73,76,,26,202.47,*,,70.365313653137,57,121,73,20,168,103,254,,,,0,,62,209,1.2326552251732
1407142052,Kong,Steven,,,I,210 E 2nd St,,Brooklyn,NY,36,11218,1,"Metropolitan area core: primary flow within an urbanized area of 50,000 and greater",US,Physician Assistant,S,16350,17560.466666667,3810654.81,508933,590,,15732,16880.833333333,3727738.12,489096,,564,,4500,3311637.45,,11371,483363.87,,479,15653.49,,13537,3168753.16,,2813,641901.65,,16112,3797757.09,,238,12897.72,,,,,,,,,,,270,14772.18,177,,11,591.52,*,,71.801694915254,26,402,115,47,280,310,,0,580,,0,,565,25,1.0736885217726
1407186414,Lu,Thuy,P,M.D.,I,8701 Shore Rd,Apartment 413,Brooklyn,NY,36,11209,1,"Metropolitan area core: primary flow within an urbanized area of 50,000 and greater",US,Internal Medicine,S,3035,7764.4666666666,106982.28,225093,1098,,2894,7437.0333333333,100192.06,215822,,1043,,735,56589.55,,2244,49303.55,,56,1089.18,,3008,106775.84,,27,206.44,,431,15013.5,,2604,91968.78,118,1515.31,2291,86,3.8879736408567,21,289.82,545,11,17.796610169492,68,688.47,62,*,,,*,,74.964480874317,55,513,369,161,718,380,424,310,163,151,,,134,964,1.2171808049565
1407243843,An,Hyewon,,,I,6111 Queens Blvd,,Woodside,NY,36,11377,1,"Metropolitan area core: primary flow within an urbanized area of 50,000 and greater",US,Nurse Practitioner,S,62,82,9158.65,1405,46,,62,82,9158.65,1405,,46,,60,9136.33,*,,,"#",,,,22,3139.26,,40,6019.39,,39,5854.5,,23,3304.15,,,,,,,,,,,,,,,0,0,,0,74.369565217391,0,25,,,22,24,,0,45,,0,0,24,22,1.1125048737702
1407296262,Lang,Kimberly,D,FNP,I,42 W Main St,,Owego,NY,36,13827,7.1,"Secondary flow 30% to <50% to a urbanized area of 50,000 and greater",US,Nurse Practitioner,S,4118,9543.9333333333,309495.84,279120,494,,3369,8222.7666666667,255704.61,240993,,411,,588,191602.85,,3498,114990,,32,2902.99,,1697,110205.81,,2421,199290.03,,1259,96070.29,,2859,213425.55,173,11079.21,4622,54,4.2010684798446,13,7142.66,490,,7.514450867052,95,1527.69,69,*,,,*,,71.263157894737,83,216,158,37,334,160,474,,,,0,13,125,369,1.0495483841955
1801986500,Chen,Yuping,,MD,I,13621 Roosevelt Ave,Suite 205,Flushing,NY,36,11354,1,"Metropolitan area core: primary flow within an urbanized area of 50,000 and greater",US,Internal Medicine,S,10857,15633.333333333,735884.93,456359,531,,10602,15239.733333333,723973.62,445042,,514,,1659,511708.2,,9018,217721.8,,180,6454.93,,8271,557083.76,,2586,178801.17,,9620,587959.63,,1237,147925.3,0,0,0,0,0,0,0,0,0,,219,1122.75,164,,17,141.13,*,,73.510357815443,17,297,155,62,307,224,,,508,,0,,426,105,1.0818659341389
1811060353,Martin,Thomas,R,D.O.,I,1130 Upper Front St,,Binghamton,NY,36,13905,1,"Metropolitan area core: primary flow within an urbanized area of 50,000 and greater",US,Family Practice,S,7950,15641.1,725973.56,458497,543,,6485,13423.9,564980.06,393563,,479,,1250,515474.45,,6633,207782.6,,67,2716.51,,2967,246287.6,,4983,479685.96,,1822,194646.67,,6128,531326.89,307,16644.61,8966,71,3.8616352201258,47,4715.22,1872,,15.309446254072,184,2577.18,106,,38,4289.54,*,,72.974217311234,64,244,167,68,278,265,526,,0,,0,11,82,461,1.1321550406229
1811061104,Mathur,Anil,K,M.D.,I,5285 Main St,,Williamsville,NY,36,14221,1,"Metropolitan area core: primary flow within an urbanized area of 50,000 and greater",US,Internal Medicine,S,5999,12095.666666667,533040.43,353909,297,,5441,11034.6,484330.96,322936,,272,,868,401316.19,,5055,127602.5,,76,4121.74,,3660,236398.78,,2339,296641.65,,780,65074.89,,5219,467965.54,162,3430.23,3915,34,2.7004500750125,0,0,0,0,0,122,1249.28,79,*,,,*,,75.670033670034,25,114,97,61,186,111,227,44,17,,0,,27,270,1.3549215522359
1811069925,Riegel,Norman,,"M.D., F.A.C.C.",I,14916 80th St,,Howard Beach,NY,36,11414,1,"Metropolitan area core: primary flow within an urbanized area of 50,000 and greater",US,Cardiology,S,15557,35055.366666667,1140063.2,1031576,1179,,14362,32873,1034721.67,967525,,1092,,2673,737773.33,,12858,401403.93,,26,885.94,,4781,369780.32,,10776,770282.88,,2144,169610.71,,13413,970452.49,319,12632.21,9496,66,2.0505238799254,16,2175.85,480,,5.0156739811912,531,7566.17,332,*,,,*,,75.874469889737,87,457,407,228,633,546,1045,28,,65,,22,119,1060,1.3473931382094
1811073935,Dorschug,Sarita,K,,I,652 Suffolk Ave,Suite 208,Brentwood,NY,36,11717,1,"Metropolitan area core: primary flow within an urbanized area of 50,000 and greater",US,Family Practice,S,11025,23308.233333333,1429748.41,680515,621,,9796,21041.1,1267849.47,615296,,539,,2136,1155870,,8701,260547.85,,188,13330.56,,4628,522739.13,,6397,907009.28,,5205,701173.07,,5820,728575.34,113,2234.06,3078,36,1.0249433106576,,,,,,343,3428.08,196,*,,,*,,72.552334943639,82,279,189,71,405,216,223,98,,276,,16,219,402,1.2158546604528
1811077886,Murray,James,J,M.D.,I,8 Circular St.,James J. Murray M.D.,Saratoga Springs,NY,36,12886,10,"Rural areas: primary flow to a tract outside a urbanized area of 50,000 and greater or UC",US,Family Practice,S,9929,15161.2,1061948.4,352716,2761,,8973,13703.466666667,984499.98000001,312325,,2654,,4438,936596.25000001,,5400,122548.17,,91,2803.98,,5819,624465.69,,4110,437482.71,,1810,139344.52,,8119,922603.88000001,179,4638.29,4960,45,1.8027998791419,,,,,,210,2484.46,115,,15,596.05,*,,73.450199203187,107,1545,892,217,1599,1162,2570,,29,24,,117,205,2556,0.92095045433573
